idx,Question,Reference,Answer,Max Score,true_raw,true_label,true_score,pred_score,pred_label,pred_raw,abs_error,raw_abs_error
0,តើឧស្សាហកម្មមានតួនាទីដូចម្ដេចខ្លះចំពោះសេដ្ឋកិច្ចជាតិ?,ឧស្សាហកម្មមាន​តួនាទីចំពោះសេដ្ឋកិច្ចជាតិដូចជា ៖ ​ _ ជួយបង្កើតថវិការជាតិ ​ _ ជួយបង្កើតទិន្នផលជាតិ ​​ _ ជួយឲ្យសេដ្ឋកិច្ចជាតិរីកចម្រើន  _ ប្រជាជនសំបូរធូរធារ  _អភិវឌ្ឍគ្រប់វិស័យ  _ មានទំនាក់ទំនងល្អជាមួយអ្នកជិតខាង  _ មានភាពរុងរឿងនៅក្នុងប្រទេសជាតិ។,ឧស្សាហកម្មមានតួនាទីចំពោះសេដ្ឋកិច្ចជាតិដូចជា ជួយបង្កើនប្រាក់ចំណូលម្ភៃបីក្បៀសប្រាំបីភាគរយឆ្នាំពីរពាន់ប្រាំបីជួយផ្ដល់ការងារដល់ប្រជាជន កាត់បន្ថយភាពក្រីក្រដល់ប្រជាជនត្ជួយរក្សាលំនឹងជញ្ជីងពាណិជ្ជកម្មផ្តល់ផលសម្រាប់ការនាំចេញ សម្រាប់ការប្រើប្រាស់។,15,2,1,0.1333333333333333,0.3275912315549241,1,5,0,3
1,ហេតុអ្វីបានជាផ្នែកឯកជនជាកម្លាំងដ៏សំខាន់សម្រាប់វិនិយោគនិងធ្វើឲ្យមានកំណើនសេដ្ឋកិច្ចក្នុងប្រទេស?,បានជាផ្នែកឯកជនជាកម្លាំងដ៏សំខាន់សម្រាប់វិនិយោគនិងធ្វើឲ្យមានកំណើនសេដ្ឋកិច្ចក្នុងប្រទេស ព្រោះប្រទេសកម្ពុជាជាប្រទេសអភិវឌ្ឍន៍ សេដ្ឋកិច្ចទីផ្សារដោយបានធ្វើកំណែទម្រង់សហគ្រាសឧស្សាហកម្មឲ្យក្លាយទៅជាកម្មសិទ្ធិឯកជន ។ សេដ្ឋកិច្ចទីផ្សារសេរីនេះនាំឲ្យអ្នករកស៊ីបរទេសចូលចិត្តមកវិនិយោគ ហើយកាលណាផ្នែកឯកជនរឹងមាំមកវិនិយោគ ហើយកាលណាផ្នែកឯកជនមិនរឹងមាំអាចបំពេញបន្ថែមវិនិយោគនិងវិស័យសង្គមកិច្ចមានន័យថាវិស័យឯកជនស្រូបយកកម្លាំងការងារកាន់តែកើនឡើង។,បានជាផ្លែឯកជនជាកម្លាំងដ៏សំខាន់សម្រាប់វិនិយោគនិងធ្វើឲ្យមានកំណើនសេដ្ឋកិច្ចក្នុងប្រទេសព្រោះ កម្ពុជាពឹងផ្អែកលើការអនុវត្តសេដ្ឋកិច្ចទីផ្សារសេរីចាប់តាំងពីឆ្នាំមួយពាន់ប្រាំបួនរយកៅសិបបីនិងផ្តល់សហគ្រាសឲ្យឯកជនធ្វើជាកម្មសិទ្ធិឯកជន ឯកជនជាកម្លាំងរឹងមាំធ្វើឲ្យសេដ្ឋកិច្ចបន្ថែមវិនិយោគសាធារណៈ  វិស័យសេដ្ឋកិច្ចមាន មានន័យវិស័យឯកជនជួយដល់ប្រជាជនដែលមានការងារធ្វើបានរីកចំរើនសេដ្ឋកិច្ចទីផ្សារសេរីធ្វើឲ្យប្រទេសចូលចិត្តវិនិយោគ។,15,6,2,0.4,0.3935685805079915,1,6,1,0
2,ចូរនិយាយពីកំណកាម៉ែតញី។,ការស្ថិតនៅក្រោមសារពាង្គកាយនៃពងស្វាសមានសារៈសំខាន់ដូចជាដើម្បីរក្សាសីតុណ្ហភាពឲ្យ ទាបជាងសីតុណ្ហភាពក្នុងខ្លួន ប្រហែលពី(2-3)សីតុណ្ហភាពក្នុងខ្លួន37 ។,កំណកាម៉ែនញី ដំបូងកោសិកាពូជមួយរកចម្ងាយពីរដងទម្លាប់គ្នាបានកោសិកាអូវ៉ូកូនី4 ។ អូវុលរីកមាឌក្លាយជាអូវូស៊ីត1 ។អូវ៉ូស៊ីតមួយរងចំណែកមួយនៃមេយ៉ូសហើយត្រូវបានជាប់គាំងនៅចុង វគ្គមួយ ។,10,5,2,0.5,0.406035770848476,1,4,1,1
3,តើគេចែកយុគសម័យបុរេប្រវត្តិសាស្ត្រកម្ពុជាជាប៉ុន្មានយុគសម័យ?អ្វីខ្លះ?,គេចែកយុគសម័យបុរេប្រវត្តិសាស្ត្រកម្ពុជាជាបីយុគសម័យគឺ -យុគថ្មបំបែក (600000 - 12000 ឆ្នាំមុនគ.ស) -យុគថ្មរលីងឬសំលៀង (8000 - 2000 ឆ្នាំមុនគ.ស) -យុគលោហៈ(2000-100 ឆ្នាំមុនគ.ស)។,គេចែកយុគសម័យបុរេប្រវត្តិសាស្ត្រកម្ពុជាជាបីយុគសម័យគឺ -យុគថ្មបំបែក (600000 - 12000 ឆ្នាំមុនគ.ស) -យុគថ្មរលីងឬសំលៀង (8000 - 2000 ឆ្នាំមុនគ.ស) -យុគលោហៈ(2000-100 ឆ្នាំមុនគ.ស)។,5,5,4,1.0,0.9891445407849986,4,5,0,0
4,តើឧស្សាហកម្មមានតួនាទីដូចម្ដេចខ្លះចំពោះសេដ្ឋកិច្ចជាតិ?,ឧស្សាហកម្មមាន​តួនាទីចំពោះសេដ្ឋកិច្ចជាតិដូចជា ៖ ​ _ ជួយបង្កើតថវិការជាតិ ​ _ ជួយបង្កើតទិន្នផលជាតិ ​​ _ ជួយឲ្យសេដ្ឋកិច្ចជាតិរីកចម្រើន  _ ប្រជាជនសំបូរធូរធារ  _អភិវឌ្ឍគ្រប់វិស័យ  _ មានទំនាក់ទំនងល្អជាមួយអ្នកជិតខាង  _ មានភាពរុងរឿងនៅក្នុងប្រទេសជាតិ។,ឧស្សាហកម្មមានតួនាទីចំពោះសេដ្ឋកិច្ចដូចជា៖-ផ្តល់កាងារឲ្យប្រជាជនធ្វើ -ផ្ដល់ចំណូលដល់សេដ្ឋកិច្ចជាតិមាន២៣.៨%ឆ្នាំ២០០៨ ផ្ដល់ផលិតផលសម្រាប់នាំចេញ ផ្ដល់ផលិតផលសម្រាប់ប្រើប្រាស់ ជួយរក្សាលំនឹងជញ្ជីងពាណិជ្ជកម្ម និងផ្ដល់ប្រាក់ចំណូលដល់គ្រួសារ។,15,15,4,1.0,0.9823221845494822,4,15,0,0
5,សេដ្ឋកិច្ចកម្ពុជាពឹងផ្អែកលើវិស័យកសិកម្មជាសំខាន់៖ ​ក.​ ហេតុអ្វីបានជាគេនិយាយថាកម្ពុជាជាប្រទេសកសិកម្ម? ខ. តើគេចែកកសិករទាំងនោះជាប៉ុន្មានប្រភេទ?,សេដ្ឋកិច្ចកម្ពុជាបានផ្អែកលើវិស័យកសិកម្មជាសំខាន់៖ ក​. បានជាគេនិយាយថាប្រទេសកម្ពុជាជាប្រទេសកសិកម្មដោយសារ -ផ្ទៃដីនៅប្រទេសកម្ពុជាប្រហែល៩០ភាគរយសិតតែដំណាំស្រូវ -ប្រជាជនកកម្ពុជា ៧០.៣ភាគរយធ្វើកសិកម្ម -កសិកម្មជួយឲ្យប្រជាជនកម្ពុជាមានការងារធ្វើ -ប្រជាជននិយមធ្វើកសិកម្ម -ដីនៅកម្ពុជាប្រកបជាមួយកាធ្វើកសិកម្ម -កម្ពុជាមានអាកាសធាតុសមស្របសម្រាប់ធ្វើកសិកម្ម ខ. គេចែកកសិកម្មទាំងនោះជាពីរប្រភេទ៖ +កសិករខ្នាតតូច -ធ្វើកសិកម្មដើម្បីជីវិត -ធ្វើលក្ខណៈតិចតួច ទុកតែបរិភោគសម្រាប់គ្រួសារ -មិនលក់ឲ្យអ្នកណា +កសិករខ្នាតធំ -ធ្វើកសិកម្មច្រើនហើយទុកសម្រាប់លក់ឬនាំចេញទៅក្រៅប្រទេស -ធ្វើមួយឆ្នាំអាចទៅពីរលើក -ធ្វើលក្ខណៈច្រើន ដើម្បីលក់និងនាំចេញ។,សេដ្ឋកិច្ចកម្ពុជាបានផ្អែកលើវិស័យកសិកម្មជាសំខាន់៖ ក​. បានជាគេនិយាយថាប្រទេសកម្ពុជាជាប្រទេសកសិកម្មដោយសារ -ផ្ទៃដីនៅប្រទេសកម្ពុជាប្រហែល៩០ភាគរយសិតតែដំណាំស្រូវ -ប្រជាជនកកម្ពុជា ៧០.៣ភាគរយធ្វើកសិកម្ម -កសិកម្មជួយឲ្យប្រជាជនកម្ពុជាមានការងារធ្វើ -ប្រជាជននិយមធ្វើកសិកម្ម -ដីនៅកម្ពុជាប្រកបជាមួយកាធ្វើកសិកម្ម -កម្ពុជាមានអាកាសធាតុសមស្របសម្រាប់ធ្វើកសិកម្ម ខ. គេចែកកសិកម្មទាំងនោះជាពីរប្រភេទ៖ +កសិករខ្នាតតូច -ធ្វើកសិកម្មដើម្បីជីវិត -ធ្វើលក្ខណៈតិចតួច ទុកតែបរិភោគសម្រាប់គ្រួសារ -មិនលក់ឲ្យអ្នកណា +កសិករខ្នាតធំ -ធ្វើកសិកម្មច្រើនហើយទុកសម្រាប់លក់ឬនាំចេញទៅក្រៅប្រទេស -ធ្វើមួយឆ្នាំអាចទៅពីរលើក -ធ្វើលក្ខណៈច្រើន ដើម្បីលក់និងនាំចេញ។,15,15,4,1.0,0.8877099354778466,4,13,0,2
6,តើកត្តាអ្វីខ្លះដែលធ្វើអោយសម័យអង្គររីកចម្រើនដល់កំពូល?​ ចូលរៀបរាប់។,កត្តាដែលធ្វើអោយសម័យអង្គររីកចម្រើនគឺ: កត្តាព្រះរាជា:ព្រះរាជាចាប់ពីព្រះបាទជ័យវរ្ម័នទី 2 រហូតដល់ព្រះបាទជ័យវរ្ម័នទី 7 សុទ្ធតែជាស្ដេចខ្លាំងពូកែ កត្តានយោបាយ: នយោបាយក្នុងប្រទេសបង្រួបបង្រួមជាតិកសាងនិងការពារទឹកដី នយោបាយក្រៅប្រទេស:ចងសម្ព័ន្ធមិត្តជាមួយប្រទេសធំៗវាយយករដ្ឋតូចដាក់ជាចំណុះ កត្តាសេដ្ឋកិច្ច:រីកចម្រើនលើវិស័យកសិកម្មសិប្បកម្មគណនាគម កត្តាសាសនា:ការឯកភាពគ្នារវាងសាសនាព្រាហ្មនិងព្រះពុទ្ធ កត្តាធនធានមនុស្សបន្សល់ទុកតាំងពីសម័យនគរភ្នំនិងចេនឡាមក។,កត្តាដែលធ្វើអោយសម័យអង្គររីកចម្រើនគឺ: .កត្តាព្រះរាជា .កត្តានយោបាយ .កត្តាសេដ្ឋកិច្ច .កត្តាសាសនា .កត្តាធនធានមនុស្ស,10,6,2,0.6,0.46665489605107313,2,5,0,1
7,តើកម្ពុជាមានបេតិកភណ្ឌអ្វីខ្លះ ដែលបានចុះបញ្ជីបេតិកភណ្ឌរូបី និង អរូបីពិភពលោករបស់អង្គការយូ ណេស្កូ? ចូររៀបរាប់ឲ្យបានប្រាំ។,បេតិកភណ្ឌរូបិយនិងអរូបិយមានដូចជា -ប្រាសាទព្រះវិហារ -ប្រាសាទអង្គវត្ត -ប្រាសាតសម្បូរព្រៃគុក -ប្រាសាទកោះកេរ្ត៍ -របាំព្រះរាជទ្រព្យ -ល្ខោនខោល -ល្បែងប្រជាប្រិយ។,បេតិកភណ្ឌរូបិយនិងអរូបិយមានដូចជា -ប្រាសាទព្រះវិហារ -ប្រាសាទអង្គវត្ត -ប្រាសាតសម្បូរព្រៃគុក -ប្រាសាទកោះកេរ្ត៍ -របាំព្រះរាជទ្រព្យ -ល្ខោនខោល -ល្បែងប្រជាប្រិយ។,5,5,4,1.0,0.9810969384027609,4,5,0,0
8,តើគេចែកយុគសម័យបុរេប្រវត្តិសាស្ត្រកម្ពុជាជាប៉ុន្មានយុគសម័យ?អ្វីខ្លះ?,គេចែកយុគសម័យបុរេប្រវត្តិសាស្ត្រកម្ពុជាជាបីយុគសម័យគឺ -យុគថ្មបំបែក (600000 - 12000 ឆ្នាំមុនគ.ស) -យុគថ្មរលីងឬសំលៀង (8000 - 2000 ឆ្នាំមុនគ.ស) -យុគលោហៈ(2000-100 ឆ្នាំមុនគ.ស)។,គេចែកយុគសម័យបុរេប្រវត្តិសាស្ត្រកម្ពុជាជាបីយុគសម័យគឺ -យុគថ្មបំបែក (600000 - 12000 ឆ្នាំមុនគ.ស) -យុគថ្មរលីងឬសំលៀង (8000 - 2000 ឆ្នាំមុនគ.ស) -យុគលោហៈ(2000-100 ឆ្នាំមុនគ.ស)។,5,5,4,1.0,0.9891445407849986,4,5,0,0
9,ចូរនិយាយពីកំណកាម៉ែតញី។,ការស្ថិតនៅក្រោមសារពាង្គកាយនៃពងស្វាសមានសារៈសំខាន់ដូចជាដើម្បីរក្សាសីតុណ្ហភាពឲ្យ ទាបជាងសីតុណ្ហភាពក្នុងខ្លួន ប្រហែលពី(2-3)សីតុណ្ហភាពក្នុងខ្លួន37 ។,កំណកាម៉ែតញីដំបូងកោសិកាពូជមួយរួមចំណែកពីរដងបន្តបន្ទាប់គ្នា បានកោសិកាអូវ៉ូកូរី4 ។ អូវ៉ូកូរីនីមួយៗរីកមាឌអាចជាអូវ៉ូស៊ីត1 ។អូវ៉ូស៊ីតមួយរងចំណែកមួយនៃមេយោធាហើយត្រូវបាន ឈប់គាំងនៅវគ្គប្រផ្ដាស1 ។ក្រោយមកពេលគ្រប់អូវ៉ូស៊ីតមួយបន្តធ្វើចំណែកហើយត្រូវបានបញ្ចប់ នៅរយៈពេល6ម៉ោងមុនដំណើរអូវ៉ុលនិងធ្លាក់មកក្រៅជាអូវ៉ូស៊ីត2 ។ប្រសិនបើជួបស្ពែម៉ាតូសូអុីត បង្កើតបានជាអូវុល ។,10,10,4,1.0,0.8463191870338105,3,8,1,2
10,តើអាណាចក្រភ្នំមានព្រំប្រទល់ជាប់ប្រទេសណាខ្លះ?,អាណាចក្រភ្នំមានព្រំប្រទល់ជាប់ប្រទេសដូចជា -ខាងជើងជាប់ចិន -ខាងត្បូងជាឈូងសមុទ្រខ្មែរ -ខាងកើតជាប់រដ្ឋចម្ប៉ា -ខាងលិចជាប់រដ្ធមនឬភូមា។,អាណាចក្រភ្នំមានព្រំប្រទល់ជាប់ប្រទេសដូចជា -ខាងជើងជាប់ចិន(រដ្ឋណាមឈាវ) -ខាងត្បូងជាឈូងសមុទ្រខ្មែរ -ខាងកើតជាប់រដ្ឋចម្ប៉ា -ខាងលិចជាប់រដ្ឋមនឬភូមា។,6,6,4,1.0,0.9913913880896534,4,6,0,0
11,តើអ្វីជាសង្គ្រាមត្រជាក់? តើសង្គ្រាមត្រជាក់ផ្ដល់ផលវិបាកអ្វីខ្លះដល់កម្ពុជា?,សង្គ្រាមត្រជាក់ជាការប្រឈមមុខដាក់គ្នាដោយប្រយោលរវាងសហរដ្ឋអាមេរិចនិងសហភាពសូវៀត ដោយធ្វើការប្រណាំងប្រជែងគ្នាលើផ្នែក  សេដ្ឋកិច សព្វាវុធ យោធា និងបច្ចេកទេស។ សង្រ្គាមត្រជាក់បានផ្ដល់ផលវិបាកកម្ពុជាដូចជា៖ -គ្រាប់បែករបស់សហរដ្ឋអាមេរិក 1669 ដល់ 1973  -សង្គ្រាមស៊ីវិលក្នុងប្រទេសពីឆ្នាំ 1970 ដល់ 1975 និងកើតមានម្តងទៀតពីឆ្នាំ 1979 ដល់ឆ្នាំ 1991 ដែលកើតចេញពីការប្រឆាំងគ្នារវាងក្រុមកុម្មុយនិស្តនិងសេរីនិយម -ការសម្លាប់ប្រជាជនឯងក្រោមរបស់ប្រល័យពូជសាសន៍ឆ្នាំ 1975 និងឆ្នាំ 1979  -ការផ្លាស់ប្ដូរនយោបាយជាញឹកញាប់រហូតមានការមានកិច្ចព្រមព្រៀងសន្តិភាពក្រុងប៉ារីសថ្ងៃទី 23 តុលាឆ្នាំ 1991។,ដែលហៅថាសង្គ្រាមត្រជាក់ គឺជាសង្គ្រាមដែលកើតឡើងរវាងប្រទេសមហាអំណាច និងប្រទេសដទៃទៀត។ សង្រ្គាមត្រជាក់បានផ្ដល់ផលវិបាកកម្ពុជាដូចជា៖ -ធ្វើឱ្យមនុស្សស្លាប់ជាច្រើននាក់ -ធ្វើឱ្យមនុស្សពិកា ស្ត្រីមេម៉ាយ ក្មេងកំព្រា -បំផ្លាញហេដារចនាសម្ព័ន្ធ -ខាតបង់ប្រាក់ចំណូលរបស់ប្រទេស -សំណង់អគារសាធារណៈត្រូវបានបំផ្លាញ -ប្រទេសជាតិទាំងមូលក្លាយជាទីរហោស្ថាន អំពើចោរកម្ម ហឹង្សា អាណាធិបតេយ្យ។,10,5,2,0.5,0.42373249916585753,1,4,1,1
12,តើការស្ថិតនៅក្រៅសារពាង្គកាយនៃពងស្វាសមានសារៈសំខាន់ដូចម្តេច?,ការស្ថិតនៅក្រោមសារពាង្គកាយនៃពងស្វាសមានសារៈសំខាន់ដូចជាដើម្បីរក្សាសីតុណ្ហភាពឲ្យ ទាបជាងសីតុណ្ហភាពក្នុងខ្លួន ប្រហែលពី(2-3)សីតុណ្ហភាពក្នុងខ្លួន37 ។,ការស្ថិតនៅក្រោមសារពាង្គកាយនៃពងស្វាសមានសារៈសំខាន់ដូចជាដើម្បីរក្សាសីតុណ្ហភាពឲ្យ ទាបជាងសីតុណ្ហភាពក្នុងខ្លួន ប្រហែលពី(2-3)ដែលជាលក្ខខណ្ឌចាំបាច់សម្រាប់ការផលិត មេជីវិតឈ្មោល ។,10,8,3,0.8,0.8694164038302925,3,9,0,1
13,តើគេចែកយុគសម័យបុរេប្រវត្តិសាស្ត្រកម្ពុជាជាប៉ុន្មានយុគសម័យ?អ្វីខ្លះ?,គេចែកយុគសម័យបុរេប្រវត្តិសាស្ត្រកម្ពុជាជាបីយុគសម័យគឺ -យុគថ្មបំបែក (600000 - 12000 ឆ្នាំមុនគ.ស) -យុគថ្មរលីងឬសំលៀង (8000 - 2000 ឆ្នាំមុនគ.ស) -យុគលោហៈ(2000-100 ឆ្នាំមុនគ.ស)។,គេចែកយុគសម័យបុរេប្រវត្តិសាស្ត្រកម្ពុជាជាបីយុគសម័យគឺ -យុគថ្មបំបែក -យុគថ្មរលីង -យុគលោហៈ។,5,3,2,0.6,0.5681599159641452,2,3,0,0
14,តើគេចែកយុគសម័យបុរេប្រវត្តិសាស្ត្រកម្ពុជាជាប៉ុន្មានយុគសម័យ?អ្វីខ្លះ?,គេចែកយុគសម័យបុរេប្រវត្តិសាស្ត្រកម្ពុជាជាបីយុគសម័យគឺ -យុគថ្មបំបែក (600000 - 12000 ឆ្នាំមុនគ.ស) -យុគថ្មរលីងឬសំលៀង (8000 - 2000 ឆ្នាំមុនគ.ស) -យុគលោហៈ(2000-100 ឆ្នាំមុនគ.ស)។,គេចែកយុគសម័យបុរេប្រវត្តិសាស្ត្រកម្ពុជាជាបីយុគសម័យគឺ -យុគថ្មបំបែក (600000 - 12000 ឆ្នាំមុនគ.ស) -យុគថ្មរលីងឬសំលៀង (8000 - 2000 ឆ្នាំមុនគ.ស) -យុគលោហៈ(2000-100 ឆ្នាំមុនគ.ស)។,5,5,4,1.0,0.9891445407849986,4,5,0,0
15,ហេតុអ្វីបានជាប្រទេសកម្ពុជាពឹងផ្អែកទៅលើវិស័យកសិកម្ម?,បានជាផ្នែកឯកជនជាកម្លាំងដ៏សំខាន់សម្រាប់កំណើនសេដ្ឋកិច្ចកម្ពុជាព្រោះ -កម្ពុជាបានអនុវត្តសេដ្ឋកិច្ចទីផ្សារសេរីដោយបានធ្វើកំណែទម្រង់ពីសហគ្រាសរដ្ឋឲ្យក្លាយទៅជាកម្មសិទ្ធិឯកជន -សេដ្ឋកិច្ចទីផ្សារសេរីនាំឲ្យអ្នករកស៊ីចូលចិត្តមករកស៊ីនិងដាក់វិនិយោគទុន -កាលណាភ្នែកឯកជនរឹងមាំអាចជួយបំពេញបន្ថែមលើវិនិយោគសាធារណៈក្នុងវិស័យសេដ្ឋកិច្ចគឺផ្នែកឯកជនអាចស្រូបយកកម្លាំងពលកម្មកើនឡើង។,បានជាផ្នែកឯកជនជាកម្លាំងដ៏សំខាន់សម្រាប់ការវិនិយោគមានកំណើនសេដ្ឋកិច្ចក្នុងមានហេតុផលមួយចំនួនដូចខាងក្រោម។ផ្នែកឯកជនមានការគាំទ្រដោយរដ្ឋាភិបាលធ្វើឲ្យប្រជាជនធ្វើការទាំងអស់ឲ្យអស់ពីកម្លាំងកាយចិត្តនិងអ្វីដែលបានចេះមានការតាំងចិត្តរឹងមាំធ្វើការងារដោយចិត្តប្រយ័ត្នប្រយែងគោរពពេលវេលាបានច្បាស់លាស់។,15,5,1,0.3333333333333333,0.305363692147351,1,5,0,0
16,ចូរពណ៏នាពីការអភិវឌ្ឍសេដ្ឋកិច្ច សង្គម នៅកម្ពុជាពីឆ្នាំ១៩៩៣ មកទល់សព្វថ្ងៃ?,ការអភិវឌ្ឈនៅកម្ពុជា +វិស័យសេដ្ឋកិច្ច -ជួយជំរុញវិស័យកសិកម្ម ឧស្សាហកម្ម ពាណិជ្ជកម្ម ទេសចរណ៌ មានការអភិវឌ្ឈ -មានកំណើនការវិនិយោគពីឯកជនបង្កើតទុនបរទេស -មានទំនាក់ទំនងពាណិជ្ជកម្មអន្តរជាតិជាមួយអាស៊ាននិងមហាអំណាចធំៗ -មានកំណើនភ្ញៀវទេសចរណ៌ជាតិនិងអន្តរជាតិ ផ្ដល់ចំណូលដល់ប្រជាជន -កសាងហេដ្ឋារចនាសម្ព័ន្ធ មានផ្លូវថ្នល់ ស្ពានដែក កំពង់ផែ អាកាសយាន្តដ្ឋាន ដោយបំពាក់ប្រព័ន្ធទឹកភ្លើងពីទីក្រុងទៅជនបទ +វិស័យសង្គម -មានការទប់ស្កាត់សង្គ្រាម -លើកស្ទួយការគោរពសិទ្ធិមនុស្ស -ទប់ស្កាត់អំពើពុករលួយ -ធ្វើឱ្យរដ្ឋាភិបាលមានលទ្ធភាពសម្រេចផែនការនានាតាមការកំណត់ -ជួយឱ្យមានរក្សាសន្តិភាព សុខសុវត្ថិភាព -មានការអភិវឌ្ឈសាលារៀន មន្ទីរពេទ្យ -មានសមភាពយែនឌ័រក្នុងសង្គម -កម្ពុជារៀបចំកម្មវិធីធំៗថ្នាក់ជាតិ។,ពណ៌នាអំពីការអភិវឌ្ឍសេដ្ឋកិច្ច សង្គម នៅកម្ពុជាឆ្នាំ ១៩៩៣ មកទល់សព្វថ្ងៃ៖ + សេដ្ឋកិច្ច៖ -ស្ដាវិស័យកសិកម្ម ឧស្សាហកម្ម ពាណិជ្ជកម្ម -បង្កើតប្រព័ន្ធសេដ្ឋកិច្ចទីផ្សារសេរី និងផ្តល់កម្មសិទ្ធិឯកជន -កំណេទម្រង់ប្រព័ន្ធហេដ្ឋារចនាសម្ព័ន្ធទំនើប។ - កំណើនរោងចក្រឧស្សាហកម្ម -ប្រជាជនមានការងារធ្វើ -មានទីផ្សារសម្រាប់លក់ផលិផល និងប្រាក់ចំណូល + សង្គម -ការអប់រំ: សាងសង់សាលារៀនគ្រប់កម្រិតសិក្សា ជម្រុញឱ្យនិស្សិតទៅសិក្សានៅក្រៅប្រទេស និងអញ្ជើញគ្រូបរទេសមកបង្រៀនក្នុងប្រទេស  ហើយបណ្តុះបណ្តាលធនធានមនុស្ស។ -វប្បធម៌: លើកកម្ពស់វិស័យវប្បធម៌ និងផ្សព្វផ្សាយវប្បធម៌ សាសនា ប្រពៃណី ទំនៀមទម្លាប់។ -សណ្តាប់ធ្នាប់: រៀបចំសណ្តាប់ធ្នាប់ក្នុងប្រទេស បង្កើតច្បាប់ លុបបំបាត់ការជួញដូរគ្រឿងញៀន មនុស្ស អាវុធ...។ -សុខាភិបាល: សាងសង់មន្ទីរពេទ្យ មណ្ឌលសុខភាព។,10,9,4,0.9,0.9424312290075139,4,9,0,0
17,តើអាណាចក្រភ្នំមានព្រំប្រទល់ជាប់ប្រទេសណាខ្លះ?,អាណាចក្រភ្នំមានព្រំប្រទល់ជាប់ប្រទេសដូចជា -ខាងជើងជាប់ចិន -ខាងត្បូងជាឈូងសមុទ្រខ្មែរ -ខាងកើតជាប់រដ្ឋចម្ប៉ា -ខាងលិចជាប់រដ្ធមនឬភូមា។,អាណាចក្រភ្នំមានព្រំប្រទល់ខាងជើងជាប់នឹងប្រទេសចិន(រដ្ឋណានឆាវនិងតុងតឹង)ខាងកើតជាប់រដ្ឋចម្ប៉ា(ឈូងសមុទ្រចិន)និងខាងត្បូងជាប់និងឈូងសមុទ្រខ្មែរ(នគរភ្នំ)និងខាងលិចជាប់រដ្ឋមនឬភូមា។,6,6,4,1.0,0.9923679505896534,4,6,0,0
18,តើឧស្សាហកម្មមានតួនាទីដូចម្ដេចខ្លះចំពោះសេដ្ឋកិច្ចជាតិ?,ឧស្សាហកម្មមាន​តួនាទីចំពោះសេដ្ឋកិច្ចជាតិដូចជា ៖ ​ _ ជួយបង្កើតថវិការជាតិ ​ _ ជួយបង្កើតទិន្នផលជាតិ ​​ _ ជួយឲ្យសេដ្ឋកិច្ចជាតិរីកចម្រើន  _ ប្រជាជនសំបូរធូរធារ  _អភិវឌ្ឍគ្រប់វិស័យ  _ មានទំនាក់ទំនងល្អជាមួយអ្នកជិតខាង  _ មានភាពរុងរឿងនៅក្នុងប្រទេសជាតិ។,ឧស្សាហកម្មមានតួនាទីចំពោះសេដ្ឋកិច្ចដូចជា៖ -កម្ពុជា សំបូរ ទៅដោយដីដែលមានជីវជាតិល្អចំណេញ -ការដំណាំគ្រប់ប្រភេទប្រទេសកម្ពុជាមានអាកាសធាតុត្រូពិកក្តៅហើយ វាជាភាពងាយស្រួលក្នុងការដំណាំផ្លែឈើលូតលាស់បានល្អ -ប្រទេសកម្ពុជាយើងភាគច្រើនរកបរបរ កសិកម្ម -ការដាំដុះស្រូវនាំចេញទៅក្រៅប្រទេសរាងជារៀងរាល់ឆ្នាំ -ប្រជាកសិករស្ទើរតែទាំងស្រុងទៅហើយ ដែលភាគច្រើនជ្រើសរើសយកការធ្វើស្រែចម្ការ នៅព្រឹក -នៅកម្ពុជាមានចំនួនអ្នកធ្វើស្រែកសិកម្មដាំដុះរហូតទៅដល់ចិតសិបពីរចិតសិបបីភាគរ -យកម្ពុជាមានដំណាំដាំដះុ ជារាប់រយប្រភេទ។,15,10,3,0.6666666666666666,0.7835436276622019,3,12,0,2
19,តើកត្តាអ្វីខ្លះដែលបណ្ដាលឲ្យសៀមវាយបែកបន្ទាយលង្វែក?,កត្តាដែលបណ្ដាលឲ្យសៀមវាយបន្ទាយលង្វែកព្រះរាជាព្រះសត្ថាទីមួយឆោតល្ងង់ទៅជួយរំដោះក្រុងឰយុធ្យារបស់សៀមមកពីការត្រួតត្រាភូមាសៀមរមិលគុណប្រើល្បិចបញ្ជូនសល់ពីរអង្គ យកការវិបត្តិផ្ទៃក្នុងជាជួរជលសារលោករវល់ នាដើមម៉ឺនមន្ត្រីប្រជារាស្ត្រមិនពេញចិត្តដែលតែងទៅកូនអាយុដប់មួយវស្សា ឲ្យកូនរៀននៅ ក្នុងនាម មហាឧបរាជ ធ្វើឲ្យប្រជារាស្ត្របាត់បង់ស្មារតីប្រយុទ្ធប្រជារាស្ត្រខ្មែរក្រីក្រឆោតល្ងង់ចង់បានប្រាក់ដួលក៏នាំគ្នាកាប់ឆ្ការគុម្ពឫស្សីដែលជារបងការពារបន្ទាយលង្វែកដ៏រឹងមាំ រីប្រទេសខ្មែរហាក់បីដូចជាបាត់បង់សាមគ្គីដូចជាស្ថានីយមួយនាំកូនទាំងពីររត់ភៀសខ្លួនទៅប្រទេសឡាវមិនគិតពីប្រជារាស្ត្រនាំឲ្យប្រជាជន អស់ជំនឿ,កត្តាដែលបណ្តាលឲ្យសៀមវាយបែកបន្ទាយលង្វែក កត្តាចម្បងចម្បងរួមមាន ល្បិចកលសៀមបាញ់ប្រាក់ដួលចូលក្នុងរបងឫស្សីដើម្បីឲ្យប្រជាជនខ្មែរកាប់ឆ្ការរបងការពារខ្លួនឯង ភាពទន់ខ្សោយផ្ទៃក្នុងការបែកបាក់សាមគ្គីភាពរវាងមន្ត្រីនិងការធ្វេសប្រហែសរបស់ស្ដេចខ្មែរ អាវុធសៀមមានកម្លាំងកងទ័ពនិង គ្រឿងសព្វាវុធខ្លាំងខ្លានៅពេលនោះ។,10,6,2,0.6,0.5546712849150612,2,6,0,0
20,តើឧស្សាហកម្មមានតួនាទីចំពោះសេដ្ឋកិច្ចជាតិយ៉ាងដូចម្ដេច?,ឧស្សាហកម្មមានតួនាទីសម្រាប់សេដ្ឋកិច្ចជាតិដូចជា -ជួយបង្កើតប្រាក់ចំណូលចូលជាតិ -បង្កើតការងារដល់ប្រជាជន -បង្កើតប្រាក់ចំណូលចូលក្នុងគ្រួសារ -ប្រជាជនមានជីវភាពធូរធារ -ជួយរក្សាជញ្ជីងពាណិជ្ជកម្ម -ជួយបង្កើតទិន្នផលសម្រាប់ការនាំចេញនាំចូល -បង្កើននូវសង្ឃភារៈសម្រាប់ប្រើប្រាស់។,ឧស្សាហកម្មមានតួនាទីចំពោះសេដ្ឋកិច្ចជាតិដូចជា៖ -ជួយបង្កើនប្រាក់ចំណូលចូលជាំតិ២៣.៨%ឆ្នាំ២០០៨ -បង្កើតការងារជួយដល់ប្រជាជន -ផ្ដល់ប្រាក់ចំណូលក្នុងគ្រួសារ -ប្រជាជនមានជីវភាពធូរធារ -ផ្ដល់ផលិតផលសម្រាប់នាំចេញ -ផ្ដល់ផលិតផលសម្រាប់ប្រើប្រាស់។,15,15,4,1.0,0.9689140011002566,4,15,0,0
21,តើគេចែកយុគសម័យបុរេប្រវត្តិសាស្ត្រកម្ពុជាជាប៉ុន្មានយុគសម័យ?អ្វីខ្លះ?,គេចែកយុគសម័យបុរេប្រវត្តិសាស្ត្រកម្ពុជាជាបីយុគសម័យគឺ -យុគថ្មបំបែក (600000 - 12000 ឆ្នាំមុនគ.ស) -យុគថ្មរលីងឬសំលៀង (8000 - 2000 ឆ្នាំមុនគ.ស) -យុគលោហៈ(2000-100 ឆ្នាំមុនគ.ស)។,គេចែកយុគសម័យបុរេប្រវត្តិសាស្ត្រកម្ពុជាជាបីយុគសម័យគឺ -យុគថ្មបំបែក (600000 - 12000 ឆ្នាំមុនគ.ស) -យុគថ្មរលីងឬសំលៀង (8000 - 2000 ឆ្នាំមុនគ.ស) -យុគលោហៈ(2000-100 ឆ្នាំមុនគ.ស)។,5,5,4,1.0,0.9891445407849986,4,5,0,0
22,តើគេចែកយុគសម័យបុរេប្រវត្តិសាស្ត្រកម្ពុជាជាប៉ុន្មានយុគសម័យ?អ្វីខ្លះ?,គេចែកយុគសម័យបុរេប្រវត្តិសាស្ត្រកម្ពុជាជាបីយុគសម័យគឺ -យុគថ្មបំបែក (600000 - 12000 ឆ្នាំមុនគ.ស) -យុគថ្មរលីងឬសំលៀង (8000 - 2000 ឆ្នាំមុនគ.ស) -យុគលោហៈ(2000-100 ឆ្នាំមុនគ.ស)។,គេចែកយុគសម័យបុរេប្រវត្តិសាស្ត្រកម្ពុជាជាបីយុគសម័យគឺ -យុគថ្មបំបែក (600000 - 12000 ឆ្នាំមុនគ.ស) -យុគថ្មរលីងឬសំលៀង (8000 - 2000 ឆ្នាំមុនគ.ស) -យុគលោហៈ(2000-100 ឆ្នាំមុនគ.ស)។,5,5,4,1.0,0.9891445407849986,4,5,0,0
23,ចូររៀបរាប់អំពីទំនាក់ទំនងរវាងការដាំដុះអាជីវកម្មព្រៃឈើនិងនេសាទ។,ទំនាក់ទំនងរវាង ការដាំដុះអាជីវកម្មព្រៃឈើ និងការនេសាទ៖  _ ការដាំដុះអាជីវកម្មព្រៃឈើ និងការនេសាទ ជាភោគទ្រព្យយ៉ាងសំខាន់សម្រាប់ប្រជាជនក្នុងការទ្រទ្រង់ក្នុងជីវភាពរស់នៅនិងការអភិវឌ្ឍន៍ប្រទេសជាតិ   _ ដើម្បីបំពេញតម្រូវការក្នុងកសិកម្មផលិតកម្មនិងត្រូវការផ្សេងៗ មនុស្សនាំគ្នាកាប់ព្រៃឈើដើម្បីធ្វើអាជីវកម្មព្រៃឈើជាមូលហេតុធ្វើឲ្យអាកាសធាតុប្រែប្រួលប៉ះពាល់ដល់ជីវិតមនុស្ស សត្វ និងរុក្ខជាតិ  ​ _ អតិផលនៃប្រព័ន្ធកសិកម្ម នាំឲ្យមានកំណើននៃការប្រើប្រាស់គីមីនិងថ្នាំសម្លាប់សត្វល្អិត។ ជីគីមី និងថ្នាំសម្លាប់សត្វល្អិត ទាំងនោះហូរទៅផ្ដុំគ្នានៅតាមផ្លូវទឹកនានា បំផ្លាញជីវិតសត្វនិងពូជធម្មជាតិ។,ទំនាក់ទំនងរវាងការដាំដុះអាជីវកម្មព្រៃឈើនិងការនេសាទ ការដាំដុះ ការដាំដំណាំផ្លែឈើពោតសណ្ដែកដំឡូងស្រូវ -ដីមានជីវជាតិល្អនិងដីមានសុំស្នើគ្រប់គ្រាន់  -ការនាំចេញផលិតផលគ្រប់ប្រភេទយកទៅក្រៅប្រទេស +អាជីវកម្មព្រៃឈើការកាប់ព្រៃឈើយកទៅលក់ -ការយកឈើធ្វើលំនៅឋានរស់នៅ ការកាប់ព្រៃឈើធ្វើឲ្យមានកម្ដៅឡើងខ្លាំង គ្មានជម្រក ដល់សត្វព្រៃ ការលក់ព្រៃឈើយកទៅស្រុសផ្កាក្រៅការដុះ +នេសាទ  -កុំកាប់ព្រៃលិចទឹក -កុំឆាប់រហ័សនៃ -ការបាត់បង់ធម្មជាតិ។,15,10,3,0.6666666666666666,0.48548145248977914,2,7,1,3
24,តើអាណាចក្រភ្នំមានព្រំប្រទល់ជាប់ប្រទេសណាខ្លះ?,អាណាចក្រភ្នំមានព្រំប្រទល់ជាប់ប្រទេសដូចជា -ខាងជើងជាប់ចិន -ខាងត្បូងជាឈូងសមុទ្រខ្មែរ -ខាងកើតជាប់រដ្ឋចម្ប៉ា -ខាងលិចជាប់រដ្ធមនឬភូមា។,អាណាចក្រភ្នំមានព្រំប្រទល់ជាប់ប្រទេសដូចជា -ខាងជើងជាប់ចិន(រដ្ឋណានឆាវតុងកឹង) -ខាងត្បូងជាឈូងសមុទ្រខ្មែរ(ឈូងសមុទ្រនគរភ្នំ) -ខាងកើតជាប់រដ្ឋចម្ប៉ា -ខាងលិចជាប់រដ្ឋមនឬភូមា។,6,6,4,1.0,0.9922313298414637,4,6,0,0
25,តើអាណាចក្រភ្នំមានព្រំប្រទល់ជាប់ប្រទេសណាខ្លះ?,អាណាចក្រភ្នំមានព្រំប្រទល់ជាប់ប្រទេសដូចជា -ខាងជើងជាប់ចិន -ខាងត្បូងជាឈូងសមុទ្រខ្មែរ -ខាងកើតជាប់រដ្ឋចម្ប៉ា -ខាងលិចជាប់រដ្ធមនឬភូមា។,អាណាចក្រភ្នំមានព្រំប្រទល់ជាប់ប្រទេសដូចជា -ខាងជើងជាប់ចិន(រដ្ឋណានឆាវតុងកឹង) -ខាងត្បូងជាឈូងសមុទ្រខ្មែរ -ខាងកើតជាប់រដ្ឋចម្ប៉ា -ខាងលិចជាប់រដ្ឋមនឬភូមា។,6,6,4,1.0,0.9918796693396534,4,6,0,0
26,ហេតុអ្វីបានជាផ្នែកឯកជនជាកម្លាំងដ៏សំខាន់សម្រាប់វិនិយោគនិងធ្វើឲ្យមានកំណើនសេដ្ឋកិច្ចក្នុងប្រទេស?,បានជាផ្នែកឯកជនជាកម្លាំងដ៏សំខាន់សម្រាប់វិនិយោគនិងធ្វើឲ្យមានកំណើនសេដ្ឋកិច្ចក្នុងប្រទេស ព្រោះប្រទេសកម្ពុជាជាប្រទេសអភិវឌ្ឍន៍ សេដ្ឋកិច្ចទីផ្សារដោយបានធ្វើកំណែទម្រង់សហគ្រាសឧស្សាហកម្មឲ្យក្លាយទៅជាកម្មសិទ្ធិឯកជន ។ សេដ្ឋកិច្ចទីផ្សារសេរីនេះនាំឲ្យអ្នករកស៊ីបរទេសចូលចិត្តមកវិនិយោគ ហើយកាលណាផ្នែកឯកជនរឹងមាំមកវិនិយោគ ហើយកាលណាផ្នែកឯកជនមិនរឹងមាំអាចបំពេញបន្ថែមវិនិយោគនិងវិស័យសង្គមកិច្ចមានន័យថាវិស័យឯកជនស្រូបយកកម្លាំងការងារកាន់តែកើនឡើង។,ព្រោះវិស័យឯកជនជាក្បាលម៉ាស៊ីនសំខាន់សម្រាប់វិនិយោគនិងធ្វើឱ្យមានកំណើនសេដ្ឋកិច្ចក្នុងប្រទេសព្រោះ៖ -ប្រទេសកម្ពុជាបានអនុវត្តសេដ្ឋកិច្ចទីផ្សារសេរីតាំងពីឆ្នាំ១៩៩៣សេដ្ឋកិច្ចទីផ្សារសេរី -នេះធ្វើឲ្យអ្នកវិនិយោគទុនតាមបរទេសចូលចិត្តមកវាយកអ្នកវិនិយោគ  -ជនភាគច្រើនចូលចិត្តវិនិយោគផ្នែកឯកជន -មនុស្សភាគច្រើនចូលចិត្តធ្វើការក្នុងវិស័យរបស់ឯកជនផ្នែកឯកជនធ្វើឲ្យប្រជាជនមានការងារធ្វើកម្មករភាគច្រើនជាជនធ្វើការជាមួយផ្នែកឯកជន។,15,15,4,1.0,0.9358541286902831,4,14,0,1
27,តើអាណាចក្រភ្នំមានព្រំប្រទល់ជាប់ប្រទេសណាខ្លះ?,អាណាចក្រភ្នំមានព្រំប្រទល់ជាប់ប្រទេសដូចជា -ខាងជើងជាប់ចិន -ខាងត្បូងជាឈូងសមុទ្រខ្មែរ -ខាងកើតជាប់រដ្ឋចម្ប៉ា -ខាងលិចជាប់រដ្ធមនឬភូមា។,អាណាចក្រភ្នំមានព្រំប្រទល់ខាងជើងជាប់នឹងប្រទេសចិន(រដ្ឋណានឆាវនិងតុងតឹង)ខាងកើតជាប់រដ្ឋចម្ប៉ា(ឈូងសមុទ្រចិន)និងខាងត្បូងជាប់និងឈូងសមុទ្រខ្មែរ(នគរភ្នំ)និងខាងលិចជាប់រដ្ឋមនឬភូមា។,6,6,4,1.0,0.9923679505896534,4,6,0,0
28,ចូររៀបរាប់អំពីទំនាក់ទំនងរវាងការដាំដុះអាជីវកម្មព្រៃឈើនិងនេសាទ។,ទំនាក់ទំនងរវាង ការដាំដុះអាជីវកម្មព្រៃឈើ និងការនេសាទ៖  _ ការដាំដុះអាជីវកម្មព្រៃឈើ និងការនេសាទ ជាភោគទ្រព្យយ៉ាងសំខាន់សម្រាប់ប្រជាជនក្នុងការទ្រទ្រង់ក្នុងជីវភាពរស់នៅនិងការអភិវឌ្ឍន៍ប្រទេសជាតិ   _ ដើម្បីបំពេញតម្រូវការក្នុងកសិកម្មផលិតកម្មនិងត្រូវការផ្សេងៗ មនុស្សនាំគ្នាកាប់ព្រៃឈើដើម្បីធ្វើអាជីវកម្មព្រៃឈើជាមូលហេតុធ្វើឲ្យអាកាសធាតុប្រែប្រួលប៉ះពាល់ដល់ជីវិតមនុស្ស សត្វ និងរុក្ខជាតិ  ​ _ អតិផលនៃប្រព័ន្ធកសិកម្ម នាំឲ្យមានកំណើននៃការប្រើប្រាស់គីមីនិងថ្នាំសម្លាប់សត្វល្អិត។ ជីគីមី និងថ្នាំសម្លាប់សត្វល្អិត ទាំងនោះហូរទៅផ្ដុំគ្នានៅតាមផ្លូវទឹកនានា បំផ្លាញជីវិតសត្វនិងពូជធម្មជាតិ។,ទំនាក់ទំនងរវាងការដាំដុះអាជីវកម្មព្រៃឈើ និងការនេសាទព្រោះ៖  _ ផ្ដល់ជាប្រព័ន្ធជីវៈចម្រុះ  _ ផ្ដល់ចំណីដល់សត្វព្រៃ  _ សម្បូរដីដាំដុះ  _ ផ្ដល់ជាជម្រកដល់កសិដ្ឋាន កសិករ  _ ផ្ដល់ជាគម្របព្រៃឈើ  _ ប្រជាជនមានការងារធ្វើ  _ មានជីវភាពសមរម្យ។,15,5,1,0.3333333333333333,0.3595002401787286,1,5,0,0
29,តើការស្ថិតនៅក្រៅសារពាង្គកាយនៃពងស្វាសមានសារៈសំខាន់ដូចម្តេច?,ការស្ថិតនៅក្រោមសារពាង្គកាយនៃពងស្វាសមានសារៈសំខាន់ដូចជាដើម្បីរក្សាសីតុណ្ហភាពឲ្យ ទាបជាងសីតុណ្ហភាពក្នុងខ្លួន ប្រហែលពី(2-3)សីតុណ្ហភាពក្នុងខ្លួន37 ។,ការស្ថិតនៅក្រោមសារពាង្គកាយនៃពងស្វាសមានសារៈសំខាន់ក្នុងការផលិតអរម៉ូនភេទឈ្មោលនិង បង្កើតស្ពែម៉ាតូសូអ៊ីត ។,10,3,1,0.3,0.23129128515202507,1,2,0,1
30,តើព្រះបាទពញាយ៉ាតមានបុត្រប៉ុន្មានអង្គព្រះនាមអ្វីខ្លះ?ជាមួយអ្នកម្នាងណាខ្លះ?,ព្រះបាទពញាយ៉ាតមានបុត្របីអង្គគឺ នារាយណ៍រាជា ជាបុត្រជាមួយម្នាងទេវី ស្រីរាជាជាបុត្រជាមួយបុទុមកេសរ និងធម្មរាជាជាបុត្រជាមួយសុីសង៉ាម(បុត្រីស្ដេចសៀម)។,ព្រះបាទពញាយ៉ាតមានបុត្របីអង្គគឺ នារាយណ៍រាជា ជាបុត្រជាមួយម្នាងទេវី ស្រីរាជាជាបុត្រជាមួយបុទុមកេសរ និងធម្មរាជាជាបុត្រជាមួយសុីសង៉ាម(បុត្រីស្ដេចសៀម)។,5,5,4,1.0,0.9798475525860395,4,5,0,0
31,តើមូលហេតុអ្វីបានជាព្រះបាទពញាយ៉ាត ជ្រើសរើសយកចតុមុខធ្វើជារាជធានី?,បានជាព្រះបាទពញាយ៉ាតជ្រើសរើសក្រុងចតុមុខជារាជធានីព្រោះ មានទីតាំងភូមិសាស្ត្រល្អ គេចពីសត្រូវឈ្លានពានសៀម ដីមានជីវជាតិងាយស្រួលក្នុងការធ្វើកសិកម្ម ជាទីប្រសព្វនៃជំនួសទាំងផ្លូវគោកនិងផ្លូវទឹក សម្បូរផ្លូវក្នុងការធ្វើកសិកម្មនិងជំនួញ ភាពខាងត្បូងដីមានប្រជាជនច្រើននិងធនធានដើម្បីកសាងសេដ្ឋកិច្ចជាតិ។,បានជាព្រះបាទពញាយ៉ាតជ្រើសរើសក្រុងចតុមុខជារាជធានីព្រោះ មានទីតាំងភូមិសាស្ត្រល្អ គេចពីសត្រូវឈ្លានពានសៀម ដីមានជីវជាតិងាយស្រួលក្នុងការធ្វើកសិកម្ម ជាទីប្រសព្វនៃជំនួសទាំងផ្លូវគោកនិងផ្លូវទឹក សម្បូរផ្លូវក្នុងការធ្វើកសិកម្មនិងជំនួញ ភាពខាងត្បូងដីមានប្រជាជនច្រើននិងធនធានដើម្បីកសាងសេដ្ឋកិច្ចជាតិ។,10,10,4,1.0,0.9827668995036225,4,10,0,0
32,តើប្រទេសកម្ពុជាចូលជាសមាជិក សហគមន៍អាសុីអាគ្នេយ៍ទទួលបានផលវិជ្ជមាននិងផលអវិជ្ជមានដូចម្ដេចខ្លះ?,ប្រទេសកម្ពុជាចូលជាសមាជិកសាមាសហគមន៍អាស៊ីអាគ្នេយ៍ទទួលផលវិជ្ជមាននឹងអវិជ្ជមានដូចជា៖ +ផលវិជ្ជមាន៖ -កម្ពុជាលែងឯកោទៅទៀត -បានចូលរួមនៅរាល់ការសម្រេចចិត្តនានាក្នុងតំបន់ -កម្ពុជាបានឈរស្មើមុខមាត់ជាមួយបណ្ដាប្រទេសជាសមាជិកអាស៊ាន -កម្ពុជាមានដៃគូច្រើនទាំងក្នុងតំបន់និងពិភព -កម្ពុជាអាចពង្រីកអនុភាពនិងបង្កើតតួនាទីរបស់ខ្លួនកាន់តែសកម្មភាពដែលក្នុងតំបន់នៃអន្តរជាតិ -កម្ពុជាមានសិទ្ធពេញលេញក្រោមការរៀបចំកិច្ចប្រជុំធំៗក្នុងប្រទេសខ្លួនលក្ខណៈតំបន់និងពិភពលោក -ការលើកលែងទិដ្ឋការ -កម្ពុជាក្លាយជាកន្លែងវិនិយោគដ៏មានសក្តានុពលពាណិជ្ជកម្មរវាងពាណិជ្ជកម្មនិងស្រួលជាងមុនចំពោះទីផ្សារ -សេដ្ឋកិច្ចកម្ពុជាមានកំណើនរៀងរាល់ឆ្នាំ -ប្រជាជនអាចរកការងារធ្វើទាំងក្នុងប្រទេសក្នុងតំបន់និងក្រៅតំបន់ -កំណើនភ្ញៀវទេសចរជាច្រើន +ផលអវិជ្ជមាន៖ -ពាណិជ្ជកម្មសេដ្ឋកិច្ចដំណើរការមិនល្អ -កម្ពុជាបាត់បង់ជំនឿសាសនាប្រពៃណីទំនៀមទម្លាប់,ប្រទេសកម្ពុជាបានចូលជាសមាជិកអាស៊ានសហគមន៍អាស៊ីអាគ្នេយ៍ទទួលបានផលវិជ្ជមាននិងអវិជ្ជមានដូចជា៖ ផលវិជ្ជមាន៖ -កម្ពុជាលែងឯកោទៅទៀត -បានចូលរួមនូវរាល់ការសម្រេចចិត្តនានានៅក្នុងតំបន់កម្ពុជាមានដៃគូច្រើនទាំងក្នុងតំបន់និងពិភពលោក -កម្ពុជាបានឈរស្មើមុខស្មើមាត់ជាមួយបណ្ដាប្រទេសជាសមាជិកអាស៊ាន -កម្ពុជាបានពង្រីកអនុភាពនិងបង្កើតតួនាទីរបស់ខ្លួនកាន់តែសកម្មភាពនៅក្នុងតំបន់និងអន្តរជាតិ -កម្ពុជាមានឱកាសពេញលេញក្នុងការរៀបចំកិច្ចប្រជុំធំៗក្នុងប្រទេសខ្លួនលក្ខណៈតំបន់និងពិភពលោក -ការលើកលែងទិដ្ឋាការ -កម្ពុជាក្លាយជាកន្លែងវិនិយោគដ៏មានសក្តានុពល -ពានិជកម្មនាយស្រួលជាងមុនព្រោះសំបូរទីផ្សារ -សេដ្ឋកិច្ចកម្ពុជាមានកំណើនរករៀងរាល់ឆ្នាំ -ប្រជាជនអាចរកការងារធ្វើ -កំណើនភ្ញៀវទេសចរច្រើន ផលវិជ្ជមាន៖ -ពាណិជ្ជកម្មសេដ្ឋកិច្ចមិនដំណើរការ -កម្ពុជាបាត់បង់ជំនឿសាសនាប្រពៃណីទំនៀមទម្លាប់ -សេដ្ឋកិច្ចធ្លាក់ចុះ។,10,10,4,1.0,0.9542203204294133,4,10,0,0
33,តើឧស្សាហកម្មមានតួនាទីដូចម្ដេចខ្លះចំពោះសេដ្ឋកិច្ចជាតិ?,ឧស្សាហកម្មមាន​តួនាទីចំពោះសេដ្ឋកិច្ចជាតិដូចជា ៖ ​ _ ជួយបង្កើតថវិការជាតិ ​ _ ជួយបង្កើតទិន្នផលជាតិ ​​ _ ជួយឲ្យសេដ្ឋកិច្ចជាតិរីកចម្រើន  _ ប្រជាជនសំបូរធូរធារ  _អភិវឌ្ឍគ្រប់វិស័យ  _ មានទំនាក់ទំនងល្អជាមួយអ្នកជិតខាង  _ មានភាពរុងរឿងនៅក្នុងប្រទេសជាតិ។,ឧស្សាហកម្មមានតួនាទីចំពោះសេដ្ឋកិច្ចជាតិដូចជា៖  _ រកចំណូលចូលជាតិប្រមាណ 34.4%  _ ប្រជាជនមានការងារធ្វើ  _ កាត់បន្ថយភាពក្រីក្ររបស់ប្រជាជន  _ ធ្វើឲ្យប្រទេសជាតិមានការរីកចម្រើន  _ ប្រជាជនមានចំណូលចូលក្នុងគ្រួសារ  _ ធ្វើឲ្យប្រទេសជាតិមានការរីកចម្រើន និងឱ្យប្រទេសជាតិមានមុខមាត់លើឆាកអន្តរជាតិ។,15,15,4,1.0,0.9790004020223293,4,15,0,0
34,ដូចម្តេចដែលហៅថាមេយ៉ូស? ចូរនិយាយពីវគ្គផ្សេងៗនៃមេយ៉ូស។,មេយ៉ូសជាសំណុំនៃចំណែកកោសិកាពីរដងបន្តបន្ទាប់គ្នាដែលបង្កើតបានជាកោសិកាអាលូអុីតបួន ហៅថាមេយ៉ូស ។ _តេឡូផាស1 ស៊ីតូប្លាសចែកខ្លួនបានជាកោសិកាកូនពីរ ។កោសិកាកូននីមួយៗទទួលបានក្រូម៉ូសូម តែមួយពីរគូអូម៉ូឡូក ។ _ប្រផាស1 មានរយៈពេលវែង ។ _អាណាផាស1 ក្រូម៉ូសូមដំរៀបលើផ្លាស់ភ្ជាប់នឹងក្រយ៉ូងក្រូម៉ាទិចដោយសង់ក្រូងទ័ររបស់វា ។ _តេឡូផាស2 ក្រូម៉ូមនីមួយៗបានមកដល់ប៉ូលភ្នាស _មេតាផាស2 ក្រូម៉ូសូមប្រេះតាមបណ្ដោយភ្ជាប់ខ្លួនទៅនិងក្រយ៉ងក្រូម៉ាទិចដោយសង់ _ប្រូដាស2 ត្តយ៉ងអាក្រូម៉ាទិតកើតមានក្នុងកោសិកាគូនីមួយៗ _អាណាផាស2 សង់ក្រូម៉ែធ្វើចំណែកដែលនាំអោយក្រូម៉ាទិចបងប្អូនដាច់ចេញពីគ្នា ។បន្ទាប់មក ក្រូម៉ូសូមកូនទាំង2ធ្វើដំណើរឆ្ពោះទៅប៉ូលផ្ទុយគ្នារបស់ត្រយ៉ូងអាក្រូម៉ាទិច ។,មេយ៉ូសជាសំណុំនៃចំណែកកោសិកាពីរដងបន្តបន្ទាប់គ្នាដែលបង្កើតបានជាកោសិកាអាលូអុីតបួន ហៅថាមេយ៉ូស ។ _តេឡូផាស1 _ប្រផាស1  _អាណាផាស1 _មេតាផាស2  _ប្រូដាស2,10,5,2,0.5,0.45356327057924106,2,5,0,0
35,តើគេចែកយុគសម័យបុរេប្រវត្តិសាស្ត្រកម្ពុជាជាប៉ុន្មានយុគសម័យ?អ្វីខ្លះ?,គេចែកយុគសម័យបុរេប្រវត្តិសាស្ត្រកម្ពុជាជាបីយុគសម័យគឺ -យុគថ្មបំបែក (600000 - 12000 ឆ្នាំមុនគ.ស) -យុគថ្មរលីងឬសំលៀង (8000 - 2000 ឆ្នាំមុនគ.ស) -យុគលោហៈ(2000-100 ឆ្នាំមុនគ.ស)។,គេចែកយុគសម័យបុរេប្រវត្តិសាស្ត្រកម្ពុជាជាបីយុគសម័យគឺ -យុគថ្មបំបែក (600000 - 12000 ឆ្នាំមុនគ.ស) -យុគថ្មរលីងឬសំលៀង (8000 - 2000 ឆ្នាំមុនគ.ស) -យុគលោហៈ(2000-100 ឆ្នាំមុនគ.ស)។,5,5,4,1.0,0.9891445407849986,4,5,0,0
36,ហេតុអ្វីបានជាផ្នែកឯកជនជាកម្លាំងដ៏សំខាន់សម្រាប់វិនិយោគនិងធ្វើឲ្យមានកំណើនសេដ្ឋកិច្ចក្នុងប្រទេស?,បានជាផ្នែកឯកជនជាកម្លាំងដ៏សំខាន់សម្រាប់វិនិយោគនិងធ្វើឲ្យមានកំណើនសេដ្ឋកិច្ចក្នុងប្រទេស ព្រោះប្រទេសកម្ពុជាជាប្រទេសអភិវឌ្ឍន៍ សេដ្ឋកិច្ចទីផ្សារដោយបានធ្វើកំណែទម្រង់សហគ្រាសឧស្សាហកម្មឲ្យក្លាយទៅជាកម្មសិទ្ធិឯកជន ។ សេដ្ឋកិច្ចទីផ្សារសេរីនេះនាំឲ្យអ្នករកស៊ីបរទេសចូលចិត្តមកវិនិយោគ ហើយកាលណាផ្នែកឯកជនរឹងមាំមកវិនិយោគ ហើយកាលណាផ្នែកឯកជនមិនរឹងមាំអាចបំពេញបន្ថែមវិនិយោគនិងវិស័យសង្គមកិច្ចមានន័យថាវិស័យឯកជនស្រូបយកកម្លាំងការងារកាន់តែកើនឡើង។,ព្រោះវិស័យឯកជនជាក្បាលម៉ាស៊ីនសំខាន់សម្រាប់វិនិយោគនិងធ្វើឱ្យមានកំណើនសេដ្ឋកិច្ចក្នុងប្រទេសព្រោះ៖ -ប្រទេសកម្ពុជាត្រូវការការវិនិយោគទុនពីក្រៅប្រទេសដូចជារោងចក្រសហគ្រាសតូចធំនិងជាពិសេសទៅទៀត  ប្រទេសកម្ពុជាអនុវត្តទីផ្សារសេរីតាំងពីឆ្នាំមួយពាន់ប្រាំបួនរយកៅសិបបី មកម្ល៉េះ ដែលប្រែប្រួល ក្លាយជាសហគ្រាសទៅជាកម្មសិទ្ធិឯកជន ជាមូលហេតុនាំឲ្យមានអ្នកវិនិយោគទុននិងអន្តរជាតិចូលវិនិយោគទុនបានជួយសេដ្ឋកិច្ចក្នុងប្រទេសជាតិ លំដាប់លំដាប់ មិនតែ ប៉ុណ្ណោះវិស័យឯកជនបានចូលរួមចំណែកដល់ សេដ្ឋកិច្ចក្នុងប្រទេសពីការវិនិយោគនៅនិងនៅក្រៅតែធ្វើឲ្យសេដ្ឋកិច្ចជាតិមានកំណើនជារៀងរាល់ឆ្នាំក៏បានចូលរួមចំណែកអភិវឌ្ឍប្រទេសឲ្យមាន ការរីកចម្រើនដូចជាផ្ដល់ការងារដល់ជន បង្កើនប្រាក់ចំណូល ក្នុងគ្រួសារកាត់បន្ថយភាពក្រីក្រអភិវឌ្ឍកម្រិតជីវភាពជីឌីភី  ការផ្ដល់ប្រាក់ចំណូលចូលជាតិសេដ្ឋកិច្ចកម្ពុជាពឹងផ្អែកទាំងស្រុងលើសការវិនិយោគទុននៅក្រៅប្រទេសការបង្កើតរោងចក្រសហគ្រាសនិងឯកជន។,15,15,4,1.0,0.9112202235830975,4,14,0,1
37,តើកត្តាអ្វីខ្លះដែលធ្វើអោយសម័យអង្គររីកចម្រើនដល់កំពូល?​ ចូលរៀបរាប់។,កត្តាដែលធ្វើអោយសម័យអង្គររីកចម្រើនគឺ: កត្តាព្រះរាជា:ព្រះរាជាចាប់ពីព្រះបាទជ័យវរ្ម័នទី 2 រហូតដល់ព្រះបាទជ័យវរ្ម័នទី 7 សុទ្ធតែជាស្ដេចខ្លាំងពូកែ កត្តានយោបាយ: នយោបាយក្នុងប្រទេសបង្រួបបង្រួមជាតិកសាងនិងការពារទឹកដី នយោបាយក្រៅប្រទេស:ចងសម្ព័ន្ធមិត្តជាមួយប្រទេសធំៗវាយយករដ្ឋតូចដាក់ជាចំណុះ កត្តាសេដ្ឋកិច្ច:រីកចម្រើនលើវិស័យកសិកម្មសិប្បកម្មគណនាគម កត្តាសាសនា:ការឯកភាពគ្នារវាងសាសនាព្រាហ្មនិងព្រះពុទ្ធ កត្តាធនធានមនុស្សបន្សល់ទុកតាំងពីសម័យនគរភ្នំនិងចេនឡាមក។,កត្តាដែលធ្វើអោយសម័យអង្គររីកចម្រើនគឺ: កត្តាព្រះរាជា:ព្រះរាជាចាប់ពីព្រះបាទជ័យវរ្ម័នទី 2 រហូតដល់ព្រះបាទជ័យវរ្ម័នទី 7 សុទ្ធសឹងតែជាស្ដេចខ្លាំងពូកែ កត្តានយោបាយ: នយោបាយក្នុងប្រទេសបង្រួបបង្រួមជាតិកសាងនិងការពារទឹកដី នយោបាយក្រៅប្រទេស:ចងសម្ព័ន្ធមិត្តជាមួយប្រទេសធំៗវាយយករដ្ឋតូចដាក់ជាចំណុះ កត្តាសេដ្ឋកិច្ច:រីកចម្រើនលើវិស័យកសិកម្មសិប្បកម្មគណនាគមន៍ កត្តាសាសនា:ការឯកភាពគ្នារវាងសាសនាព្រាហ្មនិងព្រះពុទ្ធ កត្តាធនធាន:មនុស្សបន្សល់ទុកតាំងពីសម័យនគរភ្នំនិងចេនឡាមក។,10,10,4,1.0,0.971431158487333,4,10,0,0
38,ហេតុអ្វីបានជាផ្នែកឯកជនជាកម្លាំងដ៏សំខាន់សម្រាប់ការវិនិយោគសេដ្ឋកិច្ច?,សេដ្ឋកិច្ចកម្ពុជាពឹងផ្អែកលើវិស័យកសិកម្មជាសំខាន់ៗ 5 គឺឧស្សាហកម្មកសិកម្មពាណិជ្ជកម្មគមនាគមន៍និងទេសចរណ៍ ក៏បានជាគេនិយាយថាកម្ពុជាប្រទេសកសិកម្មនៅប្រទេសកម្ពុជាមនុស្សមួយចំនួនធំគឺធ្វើកសិកម្ម។ច្រើនសុទ្ធតែជាកសិករកម្ពុជាសម្បូរជីកសិកម្មមានជីវជាតិសម្រាប់ឲ្យយើងធ្វើកសិកម្មចិញ្ចឹមសត្វនិងការដណ្ដប់ជួយបង្កើនចំណូលជូនជាងការងារចេញនៅក្រៅប្រទេសស្ករស្រូវដំឡូងកៅស៊ូ ខ. គេចែកកសិករទាំងនេះជាបួនប្រភេទកសិករតំបន់វាលខ្ពស់កសិករធ្វើស្រែឬមិនធ្វើស្រែកសិករភូមិភាគឥសានកសិករធ្វើតែស្រែ,សេដ្ឋកិច្ចកម្ពុជាព្រមផ្អែកលើវិស័យកសិកម្មជាសំខាន់ ក.បានជាគេនិយាយថាកម្ពុជាជាប្រទេសកសិកម្មមានដូចជា -សណ្ឋានដីមានលក្ខណៈអនុគ្រោះដល់វិស័យនេះពោលគឺសំពោងទៅដោយវាលទំនាបនិងខ្ពង់រាបទាបៗ ប្រកបដោយជីជាតិល្អសម្រាប់ការដាំដុះការចិញ្ចឹមសត្វនិងព្រៃឈើ -កម្ពុជាស្ថិតនៅក្បែរតំបន់ត្រូពិចដែលមានអាកាសធាតុក្តៅហើយសើមដោយទទួលនៅរបបខ្យល់មួយសង់មានភ្លៀងធ្លាក់ច្រើននិងមានកម្ដៅគ្រប់គ្រាន់សម្រាប់ដាំដុះចិញ្ចឹមសត្វនិងនេសាទ -វិស័យនេះបានផ្តល់ការងារដល់ប្រជាជនច្រើនជាងគេ  -ជាប្រភពនៃស្បៀងអាហារសម្រាប់ប្រជាជនគ្រប់រូប  -កាត់បន្ថយអត្រាអត់ការងារធ្វើរបស់ប្រជាជន -កាត់បន្ថយភាពក្រីក្រ។ ខ.គេចែកកសិករទាំងនោះជា,15,10,3,0.6666666666666666,0.7557549581951519,3,11,0,1
39,តើកត្តាអ្វីខ្លះដែលធ្វើអោយសម័យអង្គររីកចម្រើនដល់កំពូល?​ ចូលរៀបរាប់។,កត្តាដែលធ្វើអោយសម័យអង្គររីកចម្រើនគឺ: កត្តាព្រះរាជា:ព្រះរាជាចាប់ពីព្រះបាទជ័យវរ្ម័នទី 2 រហូតដល់ព្រះបាទជ័យវរ្ម័នទី 7 សុទ្ធតែជាស្ដេចខ្លាំងពូកែ កត្តានយោបាយ: នយោបាយក្នុងប្រទេសបង្រួបបង្រួមជាតិកសាងនិងការពារទឹកដី នយោបាយក្រៅប្រទេស:ចងសម្ព័ន្ធមិត្តជាមួយប្រទេសធំៗវាយយករដ្ឋតូចដាក់ជាចំណុះ កត្តាសេដ្ឋកិច្ច:រីកចម្រើនលើវិស័យកសិកម្មសិប្បកម្មគណនាគម កត្តាសាសនា:ការឯកភាពគ្នារវាងសាសនាព្រាហ្មនិងព្រះពុទ្ធ កត្តាធនធានមនុស្សបន្សល់ទុកតាំងពីសម័យនគរភ្នំនិងចេនឡាមក។,កត្តាដែលធ្វើអោយសម័យអង្គររីកចម្រើនគឺ: កត្តាព្រះរាជា:ព្រះរាជាចាប់ពីព្រះបាទជ័យវរ្ម័នទី 2 រហូតដល់ព្រះបាទជ័យវរ្ម័នទី 7 សុទ្ធសឹងតែជាស្ដេចខ្លាំងពូកែ កត្តានយោបាយ: នយោបាយក្នុងប្រទេសបង្រួបបង្រួមជាតិកសាងនិងការពារទឹកដី នយោបាយក្រៅប្រទេស:ចងសម្ព័ន្ធមិត្តជាមួយប្រទេសធំៗវាយយករដ្ឋតូចដាក់ជាចំណុះ កត្តាសេដ្ឋកិច្ច:រីកចម្រើនលើវិស័យកសិកម្មសិប្បកម្មគណនាគមន៍ កត្តាសាសនា:ការឯកភាពគ្នារវាងសាសនាព្រាហ្មនិងព្រះពុទ្ធ កត្តាធនធាន:មនុស្សបន្សល់ទុកតាំងពីសម័យនគរភ្នំនិងចេនឡាមក។,10,10,4,1.0,0.971431158487333,4,10,0,0
40,តើឧស្សាហកម្មមានតួនាទីដូចម្ដេចខ្លះចំពោះសេដ្ឋកិច្ចជាតិ?,ឧស្សាហកម្មមាន​តួនាទីចំពោះសេដ្ឋកិច្ចជាតិដូចជា ៖ ​ _ ជួយបង្កើតថវិការជាតិ ​ _ ជួយបង្កើតទិន្នផលជាតិ ​​ _ ជួយឲ្យសេដ្ឋកិច្ចជាតិរីកចម្រើន  _ ប្រជាជនសំបូរធូរធារ  _អភិវឌ្ឍគ្រប់វិស័យ  _ មានទំនាក់ទំនងល្អជាមួយអ្នកជិតខាង  _ មានភាពរុងរឿងនៅក្នុងប្រទេសជាតិ។,ឧស្សាហកម្មមានតួនាទីចំពោះសេដ្ឋកិច្ចជាតិដូចជា ៖ _ ជួយបង្កើនប្រាក់ចំណូលជូនជាតិ23.8%ឆ្នាំ2008 _ បង្កើតការងារជូនប្រជាជន  _ បង្កើតប្រាក់ចំណូលជូនគ្រួសារ  _ ប្រជាជនមានជីវភាពធូរធារ _ ជួយរក្សាលំនឹងជញ្ជីងពាណិជ្ជកម្ម  _ ផ្ដល់ផលិតផលសម្រាប់នាំចេញ  _ ផ្ដល់ផលិតផលសម្រាប់ប្រើប្រាស់។,15,10,3,0.6666666666666666,0.9102974358353935,4,14,1,4
41,តើការស្ថិតនៅក្រៅសារពាង្គកាយនៃពងស្វាសមានសារៈសំខាន់ដូចម្តេច?,ការស្ថិតនៅក្រោមសារពាង្គកាយនៃពងស្វាសមានសារៈសំខាន់ដូចជាដើម្បីរក្សាសីតុណ្ហភាពឲ្យ ទាបជាងសីតុណ្ហភាពក្នុងខ្លួន ប្រហែលពី(2-3)សីតុណ្ហភាពក្នុងខ្លួន37 ។,ការស្ថិតនៅក្រោមសារពាង្គកាយនៃពងស្វាសមានសារៈសំខាន់ក្នុងការផលិតអរម៉ូនភេទឈ្មោលនិង បង្កើតស្ពែម៉ាតូសូអ៊ីត ។រក្សាសីតុណ្ហភាពឲ្យទាបជាងសីតុណ្ហភាពក្នុងខ្លួន ប្រហែលពី(2-3)សីតុណ្ហភាព ក្នុងខ្លួន37 ។,10,10,4,1.0,0.9379963721437208,4,9,0,1
42,ដូចម្តេចដែលហៅថាមេយ៉ូស? ចូរនិយាយពីវគ្គផ្សេងៗនៃមេយ៉ូស។,មេយ៉ូសជាសំណុំនៃចំណែកកោសិកាពីរដងបន្តបន្ទាប់គ្នាដែលបង្កើតបានជាកោសិកាអាលូអុីតបួន ហៅថាមេយ៉ូស ។ _តេឡូផាស1 ស៊ីតូប្លាសចែកខ្លួនបានជាកោសិកាកូនពីរ ។កោសិកាកូននីមួយៗទទួលបានក្រូម៉ូសូម តែមួយពីរគូអូម៉ូឡូក ។ _ប្រផាស1 មានរយៈពេលវែង ។ _អាណាផាស1 ក្រូម៉ូសូមដំរៀបលើផ្លាស់ភ្ជាប់នឹងក្រយ៉ូងក្រូម៉ាទិចដោយសង់ក្រូងទ័ររបស់វា ។ _តេឡូផាស2 ក្រូម៉ូមនីមួយៗបានមកដល់ប៉ូលភ្នាស _មេតាផាស2 ក្រូម៉ូសូមប្រេះតាមបណ្ដោយភ្ជាប់ខ្លួនទៅនិងក្រយ៉ងក្រូម៉ាទិចដោយសង់ _ប្រូដាស2 ត្តយ៉ងអាក្រូម៉ាទិតកើតមានក្នុងកោសិកាគូនីមួយៗ _អាណាផាស2 សង់ក្រូម៉ែធ្វើចំណែកដែលនាំអោយក្រូម៉ាទិចបងប្អូនដាច់ចេញពីគ្នា ។បន្ទាប់មក ក្រូម៉ូសូមកូនទាំង2ធ្វើដំណើរឆ្ពោះទៅប៉ូលផ្ទុយគ្នារបស់ត្រយ៉ូងអាក្រូម៉ាទិច ។,ដែលហៅថាមេយ៉ូសគឺជាសំណុំនៃចំណែកកោសិកាពីដងបន្តបន្ទាប់គ្នាបង្កើតបានជាកោសិកា អាប្លូអុីត4 ។វគ្គផ្សេងនៃមេយ៉ូសមានដូចជា  _ប្រផាស1 មានរយៈពេលវែង ។ _អាណាផាស1 ក្រូម៉ូសូមដំរៀបលើផ្លាស់ភ្ជាប់នឹងក្រយ៉ូងក្រូម៉ាទិចដោយសង់ក្រូងទ័ររបស់វា ។ _តេឡូផាស1 ស៊ីតូប្លាសចែកខ្លួនបានជាកោសិកាកូនពីរ ។កោសិកាកូននីមួយៗទទួលបានក្រូម៉ូសូម តែមួយពីរគូអូម៉ូឡូក ។,10,6,2,0.6,0.6073809441601797,2,6,0,0
43,តើអាណាចក្រភ្នំមានព្រំប្រទល់ជាប់ប្រទេសណាខ្លះ?,អាណាចក្រភ្នំមានព្រំប្រទល់ជាប់ប្រទេសដូចជា -ខាងជើងជាប់ចិន -ខាងត្បូងជាឈូងសមុទ្រខ្មែរ -ខាងកើតជាប់រដ្ឋចម្ប៉ា -ខាងលិចជាប់រដ្ធមនឬភូមា។,អាណាចក្រភ្នំមានព្រំប្រទល់ជាប់ប្រទេសដូចជា -ខាងជើងជាប់ចិន -ខាងត្បូងជាឈូងសមុទ្រខ្មែរ -ខាងកើតជាប់រដ្ឋចម្ប៉ា -ខាងលិចជាប់រដ្ធមនឬភូមា។,6,6,4,1.0,0.9905309655295679,4,6,0,0
44,ដូចម្តេចដែលហៅថាមេយ៉ូស? ចូរនិយាយពីវគ្គផ្សេងៗនៃមេយ៉ូស។,មេយ៉ូសជាសំណុំនៃចំណែកកោសិកាពីរដងបន្តបន្ទាប់គ្នាដែលបង្កើតបានជាកោសិកាអាលូអុីតបួន ហៅថាមេយ៉ូស ។ _តេឡូផាស1 ស៊ីតូប្លាសចែកខ្លួនបានជាកោសិកាកូនពីរ ។កោសិកាកូននីមួយៗទទួលបានក្រូម៉ូសូម តែមួយពីរគូអូម៉ូឡូក ។ _ប្រផាស1 មានរយៈពេលវែង ។ _អាណាផាស1 ក្រូម៉ូសូមដំរៀបលើផ្លាស់ភ្ជាប់នឹងក្រយ៉ូងក្រូម៉ាទិចដោយសង់ក្រូងទ័ររបស់វា ។ _តេឡូផាស2 ក្រូម៉ូមនីមួយៗបានមកដល់ប៉ូលភ្នាស _មេតាផាស2 ក្រូម៉ូសូមប្រេះតាមបណ្ដោយភ្ជាប់ខ្លួនទៅនិងក្រយ៉ងក្រូម៉ាទិចដោយសង់ _ប្រូដាស2 ត្តយ៉ងអាក្រូម៉ាទិតកើតមានក្នុងកោសិកាគូនីមួយៗ _អាណាផាស2 សង់ក្រូម៉ែធ្វើចំណែកដែលនាំអោយក្រូម៉ាទិចបងប្អូនដាច់ចេញពីគ្នា ។បន្ទាប់មក ក្រូម៉ូសូមកូនទាំង2ធ្វើដំណើរឆ្ពោះទៅប៉ូលផ្ទុយគ្នារបស់ត្រយ៉ូងអាក្រូម៉ាទិច ។,ដែលហៅថាមេយ៉ូសគឺជាសំណុំនៃចំណែកកោសិកាពីដងបន្តបន្ទាប់គ្នាបង្កើតបានជាកោសិកា អាប្លូអុីត4 ។វគ្គផ្សេងនៃមេយ៉ូសមានដូចជា  _ប្រផាស1 មានរយៈពេលវែង ។ _អាណាផាស1 ក្រូម៉ូសូមដំរៀបលើផ្លាស់ភ្ជាប់នឹងក្រយ៉ូងក្រូម៉ាទិចដោយសង់ក្រូងទ័ររបស់វា ។ _តេឡូផាស1 ស៊ីតូប្លាសចែកខ្លួនបានជាកោសិកាកូនពីរ ។កោសិកាកូននីមួយៗទទួលបានក្រូម៉ូសូម តែមួយពីរគូអូម៉ូឡូក ។,10,6,2,0.6,0.6073809441601797,2,6,0,0
45,តើឧស្សាហកម្មមានតួនាទីចំពោះសេដ្ឋកិច្ចជាតិយ៉ាងដូចម្ដេច?,ឧស្សាហកម្មមានតួនាទីសម្រាប់សេដ្ឋកិច្ចជាតិដូចជា -ជួយបង្កើតប្រាក់ចំណូលចូលជាតិ -បង្កើតការងារដល់ប្រជាជន -បង្កើតប្រាក់ចំណូលចូលក្នុងគ្រួសារ -ប្រជាជនមានជីវភាពធូរធារ -ជួយរក្សាជញ្ជីងពាណិជ្ជកម្ម -ជួយបង្កើតទិន្នផលសម្រាប់ការនាំចេញនាំចូល -បង្កើននូវសង្ឃភារៈសម្រាប់ប្រើប្រាស់។,ឧស្សាហកម្មមានតួនាទីចំពោះសេដ្ឋកិច្ចជាតិដូចជា៖ -នាំចេញនូវវត្ថុធាតុដើមដែលជាផលិតផលពាក់កណ្ដាលសម្រេច -បថ្កើនការងារដល់ប្រជាពលរដ្ឋ -ប្រជាជនមានការងារធ្វើ -សម្បូរអ្នកមកវិវនិយោគនៅក្នុងស្រុក -ផ្ដល់ប្រាក់ចំណូលចូលរដ្ឋតាមរយៈពន្ធ -កាត់បន្ថយអត្រាប្រជាជនដែលអត់ការងារធ្វើ។,15,6,2,0.4,0.4796549022434808,2,7,0,1
46,តើប្រព័ន្ធផលិតកម្មកសិកម្មនៅប្រទេសកម្ពុជាមានអ្វីខ្លះ?,ប្រព័ន្ធផលិតកម្មកសិកម្មនៅកម្ពុជាមានដូចជាដំណាំដំណាំស្រូវនិងកៅស៊ូដឹកនាំផ្សេងៗទៀតការចិញ្ចឹមសត្វបានចិញ្ចឹមសត្វលើគោកការចិញ្ចឹមសត្វក្នុងទឹកការនេសាទការនេសាទទឹកសាបការនេសាទទឹកប្រៃ  ព្រៃឈើអនុផលព្រៃឈើរកឃ្មុំជ័រទឹកក្តៅសត្វព្រៃ,ប្រព័ន្ធផលិតកម្មកសិកម្មនៅប្រទេសកម្ពុជាមាន​ដូចជា៖ -ការធ្វើកសិកម្មចម្រោះ -ការនាំចេញទៅក្រៅប្រទេសដូចជាអង្ករ អំបោះជ័រកៅស៊ូ -ការចែកចាយទៅតាមទីផ្សារនីមួយៗ -ផលិតកម្មធ្វើសញ្ញាតាមទីផ្សារត្រូវឲ្យច្រើន -មានសញ្ញាដែលបានត្រូវនូវដែលបានចែកចេញពីប្រទេសទៅតាម -ធ្វើឲ្យមានកំណើនកើតឡើងនៅតាមណាមួយម្ដងដែលក្នុងប្រទេសដែលបានតាមមកពីរហូតនិយោគ -ការធ្វើឱ្យមានកម្លាំងកំណើនឡើងបានឃើញពីសម្ងាត់ប្រមូលដើម្បីដែលដើរតាម -ក្រសួងដែលបានសំខាន់ណាស់ធ្វើឲ្យមានធ្វើតាមនិងត្រូវការប្រឡងពិន្ទុសូន្យ -មិនភ្លេចដែលបានធ្វើឲ្យដើម្បីវិស័យកសិកម្មដែលមានផលិតផលដែលបានហូរចូលក្នុងដែរ -រដ្ឋត្រូវបានធ្វើដែរមណ្ឌលប្រលង -បេក្ខជនមិនអាចសរសេរនៅលើក្រដាសបានទេ។,15,2,1,0.1333333333333333,0.14463633873506856,1,2,0,0
47,តើសង្គមខ្មែរនៅសម័យអង្គរមានប៉ុន្មានវណ្ណៈ? វណ្ណៈអ្វីខ្លះ? ចូលរៀបរាប់។,សង្គមខ្មែរនៅសម័យអង្គរមានប្រាំវណ្ណៈគឺ -វណ្ណៈក្សត្រឬរាជវង្សនុវង្ស (ជាស្ដេចគ្រប់គ្រងប្រទេស -វណ្ណៈមន្ត្រី (អ្នករស់នៅក្នុងរាជវាំងបម្រើស្ដេច) -វណ្ណៈព្រាហ្ម៍ឬបុព្វជិត​(គឺជាអ្នកបួស) -វណ្ណៈអ្នកជាឬកសិករ (អ្នករស់នៅនឹងធ្វើស្រែចម្ការ) -វណ្ណៈអ្នកងារឬទាសករ(ទាសករបម្រើគេតកូនតចៅ)។,សង្គមខ្មែរនៅសម័យអង្គរមានប្រាំវណ្ណៈគឺ -វណ្ណៈក្សត្រឬរាជវង្សានុវង្ស:វណ្ណៈនេះមានបុព្វសិទ្ធ -វណ្ណៈមន្ត្រី -វណ្ណៈអ្នកបួសឬបុព្វជិត -វណ្ណៈអ្នកជា -វណ្ណៈទាសករ។,10,6,2,0.6,0.5410002487951441,2,5,0,1
48,ដូចម្តេចដែលហៅថាមេយ៉ូស? ចូរនិយាយពីវគ្គផ្សេងៗនៃមេយ៉ូស។,មេយ៉ូសជាសំណុំនៃចំណែកកោសិកាពីរដងបន្តបន្ទាប់គ្នាដែលបង្កើតបានជាកោសិកាអាលូអុីតបួន ហៅថាមេយ៉ូស ។ _តេឡូផាស1 ស៊ីតូប្លាសចែកខ្លួនបានជាកោសិកាកូនពីរ ។កោសិកាកូននីមួយៗទទួលបានក្រូម៉ូសូម តែមួយពីរគូអូម៉ូឡូក ។ _ប្រផាស1 មានរយៈពេលវែង ។ _អាណាផាស1 ក្រូម៉ូសូមដំរៀបលើផ្លាស់ភ្ជាប់នឹងក្រយ៉ូងក្រូម៉ាទិចដោយសង់ក្រូងទ័ររបស់វា ។ _តេឡូផាស2 ក្រូម៉ូមនីមួយៗបានមកដល់ប៉ូលភ្នាស _មេតាផាស2 ក្រូម៉ូសូមប្រេះតាមបណ្ដោយភ្ជាប់ខ្លួនទៅនិងក្រយ៉ងក្រូម៉ាទិចដោយសង់ _ប្រូដាស2 ត្តយ៉ងអាក្រូម៉ាទិតកើតមានក្នុងកោសិកាគូនីមួយៗ _អាណាផាស2 សង់ក្រូម៉ែធ្វើចំណែកដែលនាំអោយក្រូម៉ាទិចបងប្អូនដាច់ចេញពីគ្នា ។បន្ទាប់មក ក្រូម៉ូសូមកូនទាំង2ធ្វើដំណើរឆ្ពោះទៅប៉ូលផ្ទុយគ្នារបស់ត្រយ៉ូងអាក្រូម៉ាទិច ។,មេយ៉ូសជាសំណុំនៃចំណែកកោសិកាពីរដងបន្តបន្ទាប់គ្នាដែលបង្កើតបានជាកោសិកាអាលូអុីតបួន ហៅថាមេយ៉ូស ។ _តេឡូផាស1 _ប្រផាស1  _អាណាផាស1 _មេតាផាស1 _ប្រូដាស2  _អាណាផាស2 _មេតាផាស2 _តេឡូផាស2,10,5,2,0.5,0.4633219665191024,2,5,0,0
49,ហេតុអ្វីបានជាមនុស្សស្រូបយកខ្យល់ដែលមានកាបូនម៉ណូអុកស៊ីតអាចបង្កគ្រោះថ្នាក់ដល់ស្លាប់បាន?,បានជាមនុស្សស្រូបយកខ្យល់ដែលមានកាបូនម៉ូណូអុកស៊ីដអាចបង្កឲ្យមានគ្រោះថ្នាក់ដល់ស្លាប់ បានព្រោះកាបូនម៉ូណូអុកស៊ីដមានសមត្ថភាពចាប់យក ក្នុងឈាមបានខ្លាំងជាងអុកស៊ីសែន វារារាំងឈាមមិនឲ្យដឹកនាំអុកស៊ីសែនទៅចិញ្ចឹមសរីរាង្គជាពិសេសខួរក្បាលដែលបណ្តាលឲ្យ ស្លាប់និង សន្លប់ ។,បានជាមនុស្សស្រូបយកខ្យល់ដែលមានកាបូនម៉ូណូអុកស៊ីដអាចបង្កឲ្យមានគ្រោះថ្នាក់ដល់ស្លាប់បាន ព្រោះ _កាបូនម៉ូណូអុកស៊ីដមានសមត្ថភាពចាប់យក ក្នុងឈាមបានខ្លាំងជាងអុកស៊ីសែន _រារាំងឈាមមិនឲ្យដឹកនាំអុកស៊ីសែនទៅចិញ្ចឹមសរីរាង្គជាពិសេសខួរក្បាលដែលបណ្តាលឲ្យស្លាប់និង សន្លប់ ។,5,4,3,0.8,0.8199853357943875,3,4,0,0
50,តើថ្ងៃរំដោះ៧មករា១៩៧៩ មានអត្ថន័យយ៉ាងណាខ្លះចំពោះប្រវត្តិសាស្ត្រកម្ពុជា?,ជាថ្ងៃដែលប្រជាជនខ្មែររួចផុតពីសង្គ្រាមនិងការសម្លាប់ -ជាថ្ងៃដែលប្រជាជនខ្មែរស្គាល់ច្បាប់ពីតម្លៃនៃសន្តិភាព -ជាថ្ងៃដែលប្រជាជនខ្មែរស្គាល់ច្បាប់ពីតម្លៃនៃសន្តិភាព -ប្រទេសកម្ពុជាទទួលបានអធិបតេយ្យភាពនិងបូរណាភាពទឹកដី -ប្រទេសកម្ពុជាទទួលបានឯករាជ្យ -ប្រទេសកម្ពុជាអាចអភិវឌ្ឍន៍ប្រទេសជាតិរបស់ខ្លួន -ប្រទេសកម្ពុជាអាចឈរស្មើមុខមាត់លើឆាកអន្តរជាតិ -ប្រទេសកម្ពុជាកសាងនិងស្ដាយប្រទេសជាតិខ្លួនឯងឡើងវិញ -ប្រទេសកម្ពុជាអាចធ្វើទំនាក់ទំនងជាមួយបណ្ដាប្រទេសនានា.,-ជាថ្ងៃដែលប្រជាជនកម្ពុជាលួចផុតពីការសម្លាប់រង្គានៃរបបខ្មែរក្រហម -ជាថ្ងៃដែលប្រជាជនកម្ពុជាមានសិទ្ធិសេរីភាពពេញលេញរួចផុតពីការគៀបសង្កត់ -ជាថ្ងៃដែលប្រជាជនអាចសម្រេចជោគវាសនាលើប្រទេសខ្លួនឯងដោយផ្ទាល់ -វិជ្ជាជនបានរំដោះវប្បធម៌ជំនឿសាសនាប្រពៃណីទំនៀមទម្លាប់ -ជាថ្ងៃដែលប្រជាជនកម្ពុជាទៅកាន់របបសេរីវិញ -ជាថ្ងៃដែលប្រជាជនកម្ពុជារក្សានៅឯករាជ្យអធិបតេយ្យភាពនិងបូរណៈភាពទឹកដី -ជាថ្ងៃដែលប្រជាជនកម្ពុជារួចផុតពីរបបប្រល័យពូជសាសន៍ខ្មែរក្រហម។,8,8,4,1.0,0.9257992766066694,4,7,0,1
51,ចូរនិយាយពីកំណកាម៉ែតញី។,ការស្ថិតនៅក្រោមសារពាង្គកាយនៃពងស្វាសមានសារៈសំខាន់ដូចជាដើម្បីរក្សាសីតុណ្ហភាពឲ្យ ទាបជាងសីតុណ្ហភាពក្នុងខ្លួន ប្រហែលពី(2-3)សីតុណ្ហភាពក្នុងខ្លួន37 ។,កំណកាម៉ែតញីដំបូងកោសិកាពូជមួយរួមចំណែកពីរដងបន្តបន្ទាប់គ្នា បានកោសិកាអូវ៉ូកូរី4 ។ អូវ៉ូកូរីនីមួយៗរីកមាឌអាចជាអូវ៉ូស៊ីត1 ។,10,2,1,0.2,0.33365808502812,1,3,0,1
52,តើកត្តាអ្វីខ្លះដែលធ្វើអោយសម័យអង្គររីកចម្រើនដល់កំពូល?​ ចូលរៀបរាប់។,កត្តាដែលធ្វើអោយសម័យអង្គររីកចម្រើនគឺ: កត្តាព្រះរាជា:ព្រះរាជាចាប់ពីព្រះបាទជ័យវរ្ម័នទី 2 រហូតដល់ព្រះបាទជ័យវរ្ម័នទី 7 សុទ្ធតែជាស្ដេចខ្លាំងពូកែ កត្តានយោបាយ: នយោបាយក្នុងប្រទេសបង្រួបបង្រួមជាតិកសាងនិងការពារទឹកដី នយោបាយក្រៅប្រទេស:ចងសម្ព័ន្ធមិត្តជាមួយប្រទេសធំៗវាយយករដ្ឋតូចដាក់ជាចំណុះ កត្តាសេដ្ឋកិច្ច:រីកចម្រើនលើវិស័យកសិកម្មសិប្បកម្មគណនាគម កត្តាសាសនា:ការឯកភាពគ្នារវាងសាសនាព្រាហ្មនិងព្រះពុទ្ធ កត្តាធនធានមនុស្សបន្សល់ទុកតាំងពីសម័យនគរភ្នំនិងចេនឡាមក។,កត្តាដែលធ្វើអោយសម័យអង្គររីកចម្រើនគឺ: .កត្តាព្រះរាជា:ព្រះរាជាចាប់ពីព្រះបាទជ័យវរ្ម័នទី 2 រហូតដល់ព្រះបាទជ័យវរ្ម័នទី 7 សុទ្ធសឹងតែជាស្ដេចខ្លាំងពូកែ .កត្តានយោបាយ: +នយោបាយក្នុងប្រទេស:បង្រួបបង្រួម​ កសាង និងការពារ។ +នយោបាយក្រៅប្រទេស:ចងសម្ព័ន្ធមិត្តជាមួយប្រទេសធំៗដូចជាចិននិងឥណ្ឌា និងវាយយករដ្ឋតូចដាក់ជាចំណុះ .កត្តាសេដ្ឋកិច្ច:ការរីកចម្រើនលើវិស័យកសិកម្ម សិប្បកម្ម គណនាគមន៍ .កត្តាសាសនា:មានការឯកភាពគ្នារវាងសាសនាព្រាហ្មនិងព្រះពុទ្ធ .កត្តាធនធានមនុស្សបន្សល់ទុកតាំងពីសម័យនគរភ្នំនិងចេនឡាមក។,10,10,4,1.0,0.9710717620824149,4,10,0,0
53,ចូររៀបរាប់អំពីទំនាក់ទំនងរវាងការដាំដុះអាជីវកម្មព្រៃឈើនិងនេសាទ។,ទំនាក់ទំនងរវាង ការដាំដុះអាជីវកម្មព្រៃឈើ និងការនេសាទ៖  _ ការដាំដុះអាជីវកម្មព្រៃឈើ និងការនេសាទ ជាភោគទ្រព្យយ៉ាងសំខាន់សម្រាប់ប្រជាជនក្នុងការទ្រទ្រង់ក្នុងជីវភាពរស់នៅនិងការអភិវឌ្ឍន៍ប្រទេសជាតិ   _ ដើម្បីបំពេញតម្រូវការក្នុងកសិកម្មផលិតកម្មនិងត្រូវការផ្សេងៗ មនុស្សនាំគ្នាកាប់ព្រៃឈើដើម្បីធ្វើអាជីវកម្មព្រៃឈើជាមូលហេតុធ្វើឲ្យអាកាសធាតុប្រែប្រួលប៉ះពាល់ដល់ជីវិតមនុស្ស សត្វ និងរុក្ខជាតិ  ​ _ អតិផលនៃប្រព័ន្ធកសិកម្ម នាំឲ្យមានកំណើននៃការប្រើប្រាស់គីមីនិងថ្នាំសម្លាប់សត្វល្អិត។ ជីគីមី និងថ្នាំសម្លាប់សត្វល្អិត ទាំងនោះហូរទៅផ្ដុំគ្នានៅតាមផ្លូវទឹកនានា បំផ្លាញជីវិតសត្វនិងពូជធម្មជាតិ។,រៀបរាប់ពីទំនាក់ទំនងរវាងការដាំដុះ ការចិញ្ចឹមសត្វ និងការនេសាទ៖ +ការដាំដុះ -ការដាំដុះស្រូវដាំពោតសណ្ដែកល្ង ការងារជូនដល់ប្រជាជនជីវិតប្រចាំថ្ងៃការដាំដុះបានជាមធ្យមក្នុងមួយរយហិកតាប្រមូលផលបានពីរចុចហាសិបបួនមានក្នុងមួយឆ្នាំ គិតពីឆ្នាំពីរពាន់2008 -ការដាំដុះអាចប្រមូលផលបាន ជួយសម្រួលបន្ទុកក្នុងគ្រួសារប្រទេសជាតិដោយដាំស្រូវពោតសណ្ដែកល្ង ទោះគ្រងក្នុងស្រុកនិងក្រៅប្រទេស ក្រៅពីដំណាំស្រូវកសិករបានដាំបន្លែការដូចជា បីត្រកួនជាដើម។,15,5,1,0.3333333333333333,0.31005816186292834,1,5,0,0
54,តើការស្ថិតនៅក្រៅសារពាង្គកាយនៃពងស្វាសមានសារៈសំខាន់ដូចម្តេច?,ការស្ថិតនៅក្រោមសារពាង្គកាយនៃពងស្វាសមានសារៈសំខាន់ដូចជាដើម្បីរក្សាសីតុណ្ហភាពឲ្យ ទាបជាងសីតុណ្ហភាពក្នុងខ្លួន ប្រហែលពី(2-3)សីតុណ្ហភាពក្នុងខ្លួន37 ។,ការស្ថិតនៅក្រោមសារពាង្គកាយនៃពងស្វាសមានសារៈសំខាន់ក្នុងការផលិតអរម៉ូនភេទឈ្មោលនិង បង្កើតស្ពែម៉ាតូសូអ៊ីត ។,10,3,1,0.3,0.23129128515202507,1,2,0,1
55,ហេតុអ្វីបានជាមនុស្សស្រូបយកខ្យល់ដែលមានកាបូនម៉ណូអុកស៊ីតអាចបង្កគ្រោះថ្នាក់ដល់ស្លាប់បាន?,បានជាមនុស្សស្រូបយកខ្យល់ដែលមានកាបូនម៉ូណូអុកស៊ីដអាចបង្កឲ្យមានគ្រោះថ្នាក់ដល់ស្លាប់ បានព្រោះកាបូនម៉ូណូអុកស៊ីដមានសមត្ថភាពចាប់យក ក្នុងឈាមបានខ្លាំងជាងអុកស៊ីសែន វារារាំងឈាមមិនឲ្យដឹកនាំអុកស៊ីសែនទៅចិញ្ចឹមសរីរាង្គជាពិសេសខួរក្បាលដែលបណ្តាលឲ្យ ស្លាប់និង សន្លប់ ។,បានជាមនុស្សស្រូបយកខ្យល់ដែលមានកាបូនម៉ូណូអុកស៊ីតអាចបង្កគ្រោះថ្នាក់ដល់ស្លាប់បានគឺ ឧស្ម័នកាបូនម៉ូណូអុកស៊ីតជាឧស្ម័នពុល ។,5,2,2,0.4,0.5689683653894242,2,3,0,1
56,ចូរនិយាយពីកំណកាម៉ែតញី។,ការស្ថិតនៅក្រោមសារពាង្គកាយនៃពងស្វាសមានសារៈសំខាន់ដូចជាដើម្បីរក្សាសីតុណ្ហភាពឲ្យ ទាបជាងសីតុណ្ហភាពក្នុងខ្លួន ប្រហែលពី(2-3)សីតុណ្ហភាពក្នុងខ្លួន37 ។,កំណកាម៉ែតញីដំបូងកោសិកាពូជមួយរួមចំណែកពីរដងបន្តបន្ទាប់គ្នា បានកោសិកាអូវ៉ូកូរី4 ។ អូវ៉ូកូរីនីមួយៗរីកមាឌអាចជាអូវ៉ូស៊ីត1 ។អូវ៉ូស៊ីតមួយរងចំណែកមួយនៃមេយោធាហើយត្រូវបាន ឈប់គាំងនៅវគ្គប្រផ្ដាស1 ។ក្រោយមកពេលគ្រប់អូវ៉ូស៊ីតមួយបន្តធ្វើចំណែកហើយត្រូវបានបញ្ចប់ នៅរយៈពេល6ម៉ោងមុនដំណើរអូវ៉ុលនិងធ្លាក់មកក្រៅជាអូវ៉ូស៊ីត2 ។ប្រសិនបើជួបស្ពែម៉ាតូសូអុីត បង្កើតបានជាអូវុល ។,10,8,3,0.8,0.8463191870338105,3,8,0,0
57,តើកម្ពុជាមានបេតិកភណ្ឌអ្វីខ្លះ ដែលបានចុះបញ្ជីបេតិកភណ្ឌរូបី និង អរូបីពិភពលោករបស់អង្គការយូ ណេស្កូ? ចូររៀបរាប់ឲ្យបានប្រាំ។,បេតិកភណ្ឌរូបិយនិងអរូបិយមានដូចជា -ប្រាសាទព្រះវិហារ -ប្រាសាទអង្គវត្ត -ប្រាសាតសម្បូរព្រៃគុក -ប្រាសាទកោះកេរ្ត៍ -របាំព្រះរាជទ្រព្យ -ល្ខោនខោល -ល្បែងប្រជាប្រិយ។,ប្រាសាទព្រះវិហារ -ប្រាសាទអង្គវត្ត -ប្រាសាទកោះកេរ -ល្ខោនខោល -ល្ខោនស្បែកធំ,5,5,4,1.0,0.9351830839728885,4,5,0,0
58,តើការស្ថិតនៅក្រៅសារពាង្គកាយនៃពងស្វាសមានសារៈសំខាន់ដូចម្តេច?,ការស្ថិតនៅក្រោមសារពាង្គកាយនៃពងស្វាសមានសារៈសំខាន់ដូចជាដើម្បីរក្សាសីតុណ្ហភាពឲ្យ ទាបជាងសីតុណ្ហភាពក្នុងខ្លួន ប្រហែលពី(2-3)សីតុណ្ហភាពក្នុងខ្លួន37 ។,ការស្ថិតនៅក្រោមសារពាង្គកាយនៃពងស្វាសមានសារៈសំខាន់ក្នុងការផលិតអរម៉ូនភេទឈ្មោលនិង បង្កើតស្ពែម៉ាតូសូអ៊ីត ។,10,3,1,0.3,0.23129128515202507,1,2,0,1
59,ហេតុអ្វីបានជាមនុស្សស្រូបយកខ្យល់ដែលមានកាបូនម៉ណូអុកស៊ីតអាចបង្កគ្រោះថ្នាក់ដល់ស្លាប់បាន?,បានជាមនុស្សស្រូបយកខ្យល់ដែលមានកាបូនម៉ូណូអុកស៊ីដអាចបង្កឲ្យមានគ្រោះថ្នាក់ដល់ស្លាប់ បានព្រោះកាបូនម៉ូណូអុកស៊ីដមានសមត្ថភាពចាប់យក ក្នុងឈាមបានខ្លាំងជាងអុកស៊ីសែន វារារាំងឈាមមិនឲ្យដឹកនាំអុកស៊ីសែនទៅចិញ្ចឹមសរីរាង្គជាពិសេសខួរក្បាលដែលបណ្តាលឲ្យ ស្លាប់និង សន្លប់ ។,បានជាមនុស្សស្រូបយកខ្យល់ដែលមានកាបូនម៉ូណូអុកស៊ីដអាចបង្កឲ្យមានគ្រោះថ្នាក់ដល់ស្លាប់បាន ព្រោះកាបូនម៉ូណូអុកស៊ីដមានសមត្ថភាពចាប់យក ក្នុងឈាមបានខ្លាំងជាងអុកស៊ីសែនវារារាំង ឈាមមិនឲ្យដឹកនាំអុកស៊ីសែនទៅចិញ្ចឹមសរីរាង្គជាពិសេសខួរក្បាលដែលបណ្តាលឲ្យស្លាប់និង សន្លប់ ។,5,4,3,0.8,0.8183961980217068,3,4,0,0
60,តើប្រព័ន្ធផលិតកម្មកសិកម្មនៅប្រទេសកម្ពុជាមានអ្វីខ្លះ?,ប្រព័ន្ធផលិតកម្មកសិកម្មនៅកម្ពុជាមានដូចជាដំណាំដំណាំស្រូវនិងកៅស៊ូដឹកនាំផ្សេងៗទៀតការចិញ្ចឹមសត្វបានចិញ្ចឹមសត្វលើគោកការចិញ្ចឹមសត្វក្នុងទឹកការនេសាទការនេសាទទឹកសាបការនេសាទទឹកប្រៃ  ព្រៃឈើអនុផលព្រៃឈើរកឃ្មុំជ័រទឹកក្តៅសត្វព្រៃ,ប្រព័ន្ធផលិតកម្មកសិកម្មនៅប្រទេសកម្ពុជាមានច្រើនដូចជាប្រព័ន្ធប្រតិកម្មការផលិតទំនិញចេញពីរោងចក្រការផលិតឬមួយចំនុំចំណែកអាហារចេញក្រៅការផលិតឧបករណ៍ប្រើប្រាស់ផ្សេងៗការអ្វីខ្ចប់ស្បៀងដែលចេញពីរោងចក្រការនាំចេញដំណេញក្នុងប្រទេសខាងក្រៅប្រទេសប្រព័ន្ធទីផ្សារនៃការនាំចេញដូចជាស្រូវដំឡូងពោតអំពៅសណ្ដែកនិងបន្លែផ្សេងៗទៀត,15,2,1,0.1333333333333333,0.15896260797631612,1,2,0,0
61,ហេតុអ្វីបានជាមនុស្សស្រូបយកខ្យល់ដែលមានកាបូនម៉ណូអុកស៊ីតអាចបង្កគ្រោះថ្នាក់ដល់ស្លាប់បាន?,បានជាមនុស្សស្រូបយកខ្យល់ដែលមានកាបូនម៉ូណូអុកស៊ីដអាចបង្កឲ្យមានគ្រោះថ្នាក់ដល់ស្លាប់ បានព្រោះកាបូនម៉ូណូអុកស៊ីដមានសមត្ថភាពចាប់យក ក្នុងឈាមបានខ្លាំងជាងអុកស៊ីសែន វារារាំងឈាមមិនឲ្យដឹកនាំអុកស៊ីសែនទៅចិញ្ចឹមសរីរាង្គជាពិសេសខួរក្បាលដែលបណ្តាលឲ្យ ស្លាប់និង សន្លប់ ។,បានជាមនុស្សស្រូបយកខ្យល់ដែលមានកាបូនម៉ូណូអុកស៊ីដអាចបង្កឲ្យមានគ្រោះថ្នាក់ដល់ស្លាប់ បានព្រោះកាបូនម៉ូណូអុកស៊ីដមានសមត្ថភាពចាប់យក ក្នុងឈាមបានខ្លាំងជាងអុកស៊ីសែន វារារាំងឈាមមិនឲ្យដឹកនាំអុកស៊ីសែនទៅចិញ្ចឹមសរីរាង្គជាពិសេសខួរក្បាលដែលបណ្តាលឲ្យ ស្លាប់និង សន្លប់ ។,5,4,3,0.8,0.8233145449565399,3,4,0,0
62,ហេតុអ្វីបានជាមនុស្សស្រូបយកខ្យល់ដែលមានកាបូនម៉ណូអុកស៊ីតអាចបង្កគ្រោះថ្នាក់ដល់ស្លាប់បាន?,បានជាមនុស្សស្រូបយកខ្យល់ដែលមានកាបូនម៉ូណូអុកស៊ីដអាចបង្កឲ្យមានគ្រោះថ្នាក់ដល់ស្លាប់ បានព្រោះកាបូនម៉ូណូអុកស៊ីដមានសមត្ថភាពចាប់យក ក្នុងឈាមបានខ្លាំងជាងអុកស៊ីសែន វារារាំងឈាមមិនឲ្យដឹកនាំអុកស៊ីសែនទៅចិញ្ចឹមសរីរាង្គជាពិសេសខួរក្បាលដែលបណ្តាលឲ្យ ស្លាប់និង សន្លប់ ។,បានជាមនុស្សស្រូបយកខ្យល់ដែលមានកាបូនម៉ូណូអុកស៊ីដអាចបង្កឲ្យមានគ្រោះថ្នាក់ដល់ស្លាប់ បានព្រោះកាបូនម៉ូណូអុកស៊ីដមានសមត្ថភាពចាប់យក ក្នុងឈាមបានខ្លាំងជាងអុកស៊ីសែន វារារាំងឈាមមិនឲ្យដឹកនាំអុកស៊ីសែនទៅចិញ្ចឹមសរីរាង្គជាពិសេសខួរក្បាលដែលបណ្តាលឲ្យ ស្លាប់និង សន្លប់ ។,5,5,4,1.0,0.8233145449565399,3,4,1,1
63,តើឧស្សាហកម្មមានតួនាទីចំពោះសេដ្ឋកិច្ចជាតិយ៉ាងដូចម្ដេច?,ឧស្សាហកម្មមានតួនាទីសម្រាប់សេដ្ឋកិច្ចជាតិដូចជា -ជួយបង្កើតប្រាក់ចំណូលចូលជាតិ -បង្កើតការងារដល់ប្រជាជន -បង្កើតប្រាក់ចំណូលចូលក្នុងគ្រួសារ -ប្រជាជនមានជីវភាពធូរធារ -ជួយរក្សាជញ្ជីងពាណិជ្ជកម្ម -ជួយបង្កើតទិន្នផលសម្រាប់ការនាំចេញនាំចូល -បង្កើននូវសង្ឃភារៈសម្រាប់ប្រើប្រាស់។,ឧស្សាហកម្មមានតួនាទីចំពោះសេដ្ឋកិច្ចជាតិដូចជា៖ -ជួយបង្កើនការងារដល់ប្រជាជន -ជួយបង្កើនថវិកាជាតិ ផ្ដល់ចំណូលជាតិ -ជួយឲ្យសេដ្ឋកិច្ចដើរទៅមុខ -ឧស្សាហកម្មកាត់ដេរ ឧស្សាហកម្មនេះមិនទៀងទាត់ និងមិនរឹងមាំ ព្រោះតម្រូវការទីផ្សាមុខទំនិញនេះថយចុះ រួមផ្សំទាំងការ ប្រកួតប្រជែង -ទីផ្សារដូចគ្នានៃបណ្ដាលប្រទេសផ្សេងៗ និងតម្លៃដឹកជញ្ចូន។,15,8,2,0.5333333333333333,0.5287384418718915,2,8,0,0
64,តើថ្ងៃរំដោះ៧មករា១៩៧៩ មានអត្ថន័យយ៉ាងណាខ្លះចំពោះប្រវត្តិសាស្ត្រកម្ពុជា?,ជាថ្ងៃដែលប្រជាជនខ្មែររួចផុតពីសង្គ្រាមនិងការសម្លាប់ -ជាថ្ងៃដែលប្រជាជនខ្មែរស្គាល់ច្បាប់ពីតម្លៃនៃសន្តិភាព -ជាថ្ងៃដែលប្រជាជនខ្មែរស្គាល់ច្បាប់ពីតម្លៃនៃសន្តិភាព -ប្រទេសកម្ពុជាទទួលបានអធិបតេយ្យភាពនិងបូរណាភាពទឹកដី -ប្រទេសកម្ពុជាទទួលបានឯករាជ្យ -ប្រទេសកម្ពុជាអាចអភិវឌ្ឍន៍ប្រទេសជាតិរបស់ខ្លួន -ប្រទេសកម្ពុជាអាចឈរស្មើមុខមាត់លើឆាកអន្តរជាតិ -ប្រទេសកម្ពុជាកសាងនិងស្ដាយប្រទេសជាតិខ្លួនឯងឡើងវិញ -ប្រទេសកម្ពុជាអាចធ្វើទំនាក់ទំនងជាមួយបណ្ដាប្រទេសនានា.,ជាថ្ងៃដែលប្រជាជនរួចផុតពីការសម្លាប់រង្គាលរបបខ្មែរក្រហម -ជាថ្ងៃដែលប្រជាជនកម្ពុជាមានសិទ្ធិពេញលេញរួចផុតពីការគាបសង្កត់ -ជាថ្ងៃដែលប្រជាជនអាចសម្ដេចលើតូបវាសនានៃប្រទេសជាតិរបស់ខ្លួន -ប្រជាជនកម្ពុជាមានសិទ្ធិសេរីភាពលើជំនឿសាសនារំលៀមទម្លាប់ -ជាថ្ងៃដែលរបបខ្មែរក្រហមដួលរលំហើយកើតឡើងនៅរបបប្រជាធិបតេយ្យកម្ពុជានិងរដ្ឋកម្ពុជា -ថ្ងៃដែលអន្តរជាតិដាក់ទណ្ឌកម្មទៅលើមេដឹកនាំខ្មែរក្រហម,8,6,3,0.75,0.8539249368948854,3,7,0,1
65,តើប្រព័ន្ធផលិតកម្មកសិកម្មនៅក្នុងប្រទេសកម្ពុជាមានអ្វីខ្លះ?ចូររៀបរាប់​ ។,ប្រព័ន្ធផលិតកម្មកសិកម្មនៅប្រទេសកម្ពុជាមាន៖    _ ដំណាំ : ដំណាំស្រូវ ដំណាំកៅស៊ូ ដំណាំផ្សេងៗទៀត    _ ការចិញ្ចឹមសត្វ : ការចិញ្ចឹមសត្វលើគោក ការចិញ្ចឹមសត្វក្នុងទឹក    _ ការនេសាទ : ការនេសាទទឹកសាប ការនេសាទទឹកប្រៃ  _ ព្រៃឈើ : ផលិតផលឈើ អនុផលព្រៃឈើ(រកឃ្មុំ ជ័រទឹក វល្លិ៍ ផ្តៅ) សត្វព្រៃ ។,ប្រព័ន្ធផលិតកម្មកសិកម្មនៅប្រទេសកម្ពុជាមាន3ប្រភេទគឺ៖  _ រដូវវស្សា (ឧសភា-តុលា)  _ រដូវប្រាំង (វិច្ឆិកា-មេសា)  _ ស្រូវឡើងទឹកឬស្រូវប្រដេញទឹក។,10,2,1,0.2,0.21837275925925012,1,2,0,0
66,ហេតុអ្វីបានជាផ្នែកឯកជនជាកម្លាំងដ៏សំខាន់សម្រាប់ការវិនិយោគសេដ្ឋកិច្ច?,សេដ្ឋកិច្ចកម្ពុជាពឹងផ្អែកលើវិស័យកសិកម្មជាសំខាន់ៗ 5 គឺឧស្សាហកម្មកសិកម្មពាណិជ្ជកម្មគមនាគមន៍និងទេសចរណ៍ ក៏បានជាគេនិយាយថាកម្ពុជាប្រទេសកសិកម្មនៅប្រទេសកម្ពុជាមនុស្សមួយចំនួនធំគឺធ្វើកសិកម្ម។ច្រើនសុទ្ធតែជាកសិករកម្ពុជាសម្បូរជីកសិកម្មមានជីវជាតិសម្រាប់ឲ្យយើងធ្វើកសិកម្មចិញ្ចឹមសត្វនិងការដណ្ដប់ជួយបង្កើនចំណូលជូនជាងការងារចេញនៅក្រៅប្រទេសស្ករស្រូវដំឡូងកៅស៊ូ ខ. គេចែកកសិករទាំងនេះជាបួនប្រភេទកសិករតំបន់វាលខ្ពស់កសិករធ្វើស្រែឬមិនធ្វើស្រែកសិករភូមិភាគឥសានកសិករធ្វើតែស្រែ,សេដ្ឋកិច្ចកម្ពុជាពឹងផ្អែកលើវិស័យកសិកម្មជាសំខាន់ៗ 5 គឺឧស្សាហកម្មកសិកម្មពាណិជ្ជកម្មគមនាគមន៍និងទេសចរណ៍ ក៏បានជាគេនិយាយថាកម្ពុជាប្រទេសកសិកម្មនៅប្រទេសកម្ពុជាមនុស្សមួយចំនួនធំគឺធ្វើកសិកម្ម។ច្រើនសុទ្ធតែជាកសិករកម្ពុជាសម្បូរជីកសិកម្មមានជីវជាតិសម្រាប់ឲ្យយើងធ្វើកសិកម្មចិញ្ចឹមសត្វនិងការដណ្ដប់ជួយបង្កើនចំណូលជូនជាងការងារចេញនៅក្រៅប្រទេសស្ករស្រូវដំឡូងកៅស៊ូ ខ. គេចែកកសិករទាំងនេះជាបួនប្រភេទកសិករតំបន់វាលខ្ពស់កសិករធ្វើស្រែឬមិនធ្វើស្រែកសិករភូមិភាគឥសានកសិករធ្វើតែស្រែ,15,15,4,1.0,0.8985358319974813,4,13,0,2
67,តើគេចែកយុគសម័យបុរេប្រវត្តិសាស្ត្រកម្ពុជាជាប៉ុន្មានយុគសម័យ?អ្វីខ្លះ?,គេចែកយុគសម័យបុរេប្រវត្តិសាស្ត្រកម្ពុជាជាបីយុគសម័យគឺ -យុគថ្មបំបែក (600000 - 12000 ឆ្នាំមុនគ.ស) -យុគថ្មរលីងឬសំលៀង (8000 - 2000 ឆ្នាំមុនគ.ស) -យុគលោហៈ(2000-100 ឆ្នាំមុនគ.ស)។,គេចែកយុគសម័យបុរេប្រវត្តិសាស្ត្រកម្ពុជាជាបីយុគសម័យគឺ -យុគថ្មបំបែក (600000 - 12000 ឆ្នាំមុនគ.ស) -យុគថ្មរលីងឬសំលៀង (8000 - 2000 ឆ្នាំមុនគ.ស) -យុគលោហៈ(2000-100 ឆ្នាំមុនគ.ស)។,5,5,4,1.0,0.9891445407849986,4,5,0,0
68,តើថ្ងៃរំដោះ៧មករា១៩៧៩ មានអត្ថន័យយ៉ាងណាខ្លះចំពោះប្រវត្តិសាស្ត្រកម្ពុជា?,ថ្ងៃរំដោះ 7 មករា 1979 មានអត្ថន័យជាប្រវត្តិសាស្រ្តដូចជា÷ -ជាថ្ងៃដែលប្រជាជនរួចផុតពីរបបប្រល័យពូជសាសន៍ -ជាថ្ងៃដែលរបបកម្ពុជាប្រជាធិបតេយ្យដួលរលំ -ជាថ្ងៃកំណើតទី 2 របស់ប្រជាជនខ្មែរ -ជាថ្ងៃដែលកងទ័ពរណសិរ្យសាមគ្គីនិងកងទ័ពរំដោះប្រជាជន បានរំដោះប្រជាជនចេញពីរបបប្រល័យពូជសាស្ត្រកម្ពុជា។,ថ្ងៃរំដោះ 7 មករា 1979 បានផ្ដល់អត្ថន័យជាប្រវត្តិសាស្រ្តចំពោះកម្ពុជាដូចជា÷ -ជាថ្ងៃដែលប្រជាជនកម្ពុជារួចផុតពីការសម្លាប់យ៉ាងរង្គាលនៃរបបប្រល័យពូជសាសន៍កម្ពុជាប្រជាធិបតេយ្យ -ជាថ្ងៃដួលរលំនៃរបបកម្ពុជាប្រជាធិបតេយ្យ ជាថ្ងៃចាប់បដិសន្ធិរបបសាធារណរដ្ឋប្រជាមានិតកម្ពុជា -ជាថ្ងៃដែលប្រជាជនកម្ពុជាទទួលបាននូវសិទ្ធិសេរីភាព សិទ្ធិនៃការសម្រេចចិត្តលើជោគវាសនាខ្លួន -ជាការរស់រានឡើងវិញនូវវប្បធម៌ជាតិ -ជាថ្ងៃស្ដារនិងកសាងប្រទេសឡើងវិញគ្រប់វិស័យតាមឆន្ទះនិងគោលបំណងប្រជាជន -ថ្ងៃដែលកម្ពុជាឈានទៅរកឯករាជ្យ សន្តិភាព សេរីភាព និងសុភមង្គល -ជាថ្ងៃស្ដារនិងកសាងប្រទេសឡើងវិញលើឆាកតំបន់និងអន្តរជាតិ -ជាថ្ងៃដែលបណ្ដាលឱ្យមានវត្តមានកងទ័ពវៀតណាមជាថ្មីម្ដងទៀតលើទឹកដីកម្ពុជា។,8,8,4,1.0,0.9634974962351692,4,8,0,0
69,តើសម័យឧដុង្គចាប់ពីឆ្នាំណាដល់ឆ្នាំណា?ហេតុអ្វីបានជាប្រទេសកម្ពុជាធ្លាក់ចុះខ្សោយកាន់តែខ្លាំងនៅសម័យឧដុង្គ។ចូរពន្យល់,សម័យឧដុង្គចាប់ពីឆ្នាំ បានជាប្រទេសកម្ពុជាធ្លាក់ចុះខ្សោយកាន់តែខ្លាំងនៅសម័យឧដុង្គព្រោះ សង្គ្រាមផ្ទៃក្នុងញឹកញាប់និងការជាវជ្រៀតជ្រែកពីសៀមនិងយួន ការប្រកួតប្រជែងដណ្ដើមរាជ្យបានឡើងក្នុងចំណោមព្រះរាជវង្សានុវង្ស បែកបាក់សាមគ្គីផ្ទៃក្នុងគ្មានការសាមគ្គីរួបរួមនៅក្នុងប្រទេសជិតខាង កម្ពុជាត្រូវបែកជាពីរផ្នែកដោយសារសៀមត្រួតត្រាផ្នែកខាងលិចបាត់ដំបងសៀមរាបត្រួតត្រាខាងត្បូង បាត់បង់ទឹកដីដោយសារខេត្តជាច្រើននៅភាគខាងលិចបាត់ដំបងសៀមរាបមង្គលបុរី ត្រូវបានធ្លាក់ក្នុងកណ្ដាប់ដៃសៀមនៅឆ្នាំនិងមុនបាត់បង់ដីភាគខាងកើតនៅវៀតណាម សេដ្ឋកិច្ចពឹងផ្អែកលើវិស័យកសិកម្មបុរាណដែល សួយសារអាករឲ្យគេ ចំណែកវប្បធម៌វិញវត្តអារាមត្រូវបានបំផ្លិចបំផ្លាញ ប្រទេសជាតិខ្សោយគ្មានកម្លាំងទប់ទល់នឹងការវាយលុកពីខាងក្រៅមន្ត្រីក្បត់ជាតិច្រើន ដោយសារ រាជវង្សផ្ទៃក្នុងការដណ្ដើមអំណាចគ្នា។,សម័យឧដុង្គចាប់ពីឆ្នាំ១៦២០ដល់ឆ្នាំ១៨៦៣។ប្រទេសកម្ពុជាធ្លាក់ចុះខ្សោយកាន់តែខ្លាំងក្នុងសម័យឧដុង្គដោយសារទំនាស់ផ្ទៃក្នុងរាជវង្ស ការឈ្លានពានជាបន្តបន្ទាប់ពីសៀមនិងយួន និងការបាត់បង់ទឹកដី។,15,8,2,0.5333333333333333,0.48779571888750206,2,7,0,1
70,តើកត្តាអ្វីខ្លះដែលធ្វើអោយសម័យអង្គររីកចម្រើនដល់កំពូល?​ ចូលរៀបរាប់។,កត្តាដែលធ្វើអោយសម័យអង្គររីកចម្រើនគឺ: កត្តាព្រះរាជា:ព្រះរាជាចាប់ពីព្រះបាទជ័យវរ្ម័នទី 2 រហូតដល់ព្រះបាទជ័យវរ្ម័នទី 7 សុទ្ធតែជាស្ដេចខ្លាំងពូកែ កត្តានយោបាយ: នយោបាយក្នុងប្រទេសបង្រួបបង្រួមជាតិកសាងនិងការពារទឹកដី នយោបាយក្រៅប្រទេស:ចងសម្ព័ន្ធមិត្តជាមួយប្រទេសធំៗវាយយករដ្ឋតូចដាក់ជាចំណុះ កត្តាសេដ្ឋកិច្ច:រីកចម្រើនលើវិស័យកសិកម្មសិប្បកម្មគណនាគម កត្តាសាសនា:ការឯកភាពគ្នារវាងសាសនាព្រាហ្មនិងព្រះពុទ្ធ កត្តាធនធានមនុស្សបន្សល់ទុកតាំងពីសម័យនគរភ្នំនិងចេនឡាមក។,កត្តាដែលធ្វើអោយសម័យអង្គររីកចម្រើនគឺ: កត្តាព្រះរាជា:ព្រះរាជាចាប់ពីព្រះបាទជ័យវរ្ម័នទី 2 រហូតដល់ព្រះបាទជ័យវរ្ម័នទី 7 សុទ្ធសឹងតែជាស្ដេចខ្លាំងពូកែ កត្តានយោបាយ: នយោបាយក្នុងប្រទេសបង្រួបបង្រួមជាតិកសាងនិងការពារទឹកដី នយោបាយក្រៅប្រទេស:ចងសម្ព័ន្ធមិត្តជាមួយប្រទេសធំៗវាយយករដ្ឋតូចដាក់ជាចំណុះ កត្តាសេដ្ឋកិច្ច:រីកចម្រើនលើវិស័យកសិកម្មសិប្បកម្មគណនាគមន៍ កត្តាសាសនា:ការឯកភាពគ្នារវាងសាសនាព្រាហ្មនិងព្រះពុទ្ធ កត្តាធនធាន:មនុស្សបន្សល់ទុកតាំងពីសម័យនគរភ្នំនិងចេនឡាមក។,10,10,4,1.0,0.971431158487333,4,10,0,0
71,ហេតុអ្វីបានជាមនុស្សស្រូបយកខ្យល់ដែលមានកាបូនម៉ណូអុកស៊ីតអាចបង្កគ្រោះថ្នាក់ដល់ស្លាប់បាន?,បានជាមនុស្សស្រូបយកខ្យល់ដែលមានកាបូនម៉ូណូអុកស៊ីដអាចបង្កឲ្យមានគ្រោះថ្នាក់ដល់ស្លាប់ បានព្រោះកាបូនម៉ូណូអុកស៊ីដមានសមត្ថភាពចាប់យក ក្នុងឈាមបានខ្លាំងជាងអុកស៊ីសែន វារារាំងឈាមមិនឲ្យដឹកនាំអុកស៊ីសែនទៅចិញ្ចឹមសរីរាង្គជាពិសេសខួរក្បាលដែលបណ្តាលឲ្យ ស្លាប់និង សន្លប់ ។,បានជាមនុស្សស្រូបយកខ្យល់ដែលមានកាបូនម៉ូណូអុកស៊ីដអាចបង្កឲ្យមានគ្រោះថ្នាក់ដល់ស្លាប់ បានព្រោះកាបូនម៉ូណូអុកស៊ីដមានសមត្ថភាពចាប់យក ក្នុងឈាមបានខ្លាំងជាងអុកស៊ីសែន វារារាំងឈាមមិនឲ្យដឹកនាំអុកស៊ីសែនទៅចិញ្ចឹមសរីរាង្គជាពិសេសខួរក្បាលដែលបណ្តាលឲ្យ ស្លាប់និង សន្លប់ ។,5,4,3,0.8,0.8233145449565399,3,4,0,0
72,ហេតុអ្វីបានជាមនុស្សស្រូបយកខ្យល់ដែលមានកាបូនម៉ណូអុកស៊ីតអាចបង្កគ្រោះថ្នាក់ដល់ស្លាប់បាន?,បានជាមនុស្សស្រូបយកខ្យល់ដែលមានកាបូនម៉ូណូអុកស៊ីដអាចបង្កឲ្យមានគ្រោះថ្នាក់ដល់ស្លាប់ បានព្រោះកាបូនម៉ូណូអុកស៊ីដមានសមត្ថភាពចាប់យក ក្នុងឈាមបានខ្លាំងជាងអុកស៊ីសែន វារារាំងឈាមមិនឲ្យដឹកនាំអុកស៊ីសែនទៅចិញ្ចឹមសរីរាង្គជាពិសេសខួរក្បាលដែលបណ្តាលឲ្យ ស្លាប់និង សន្លប់ ។,បានជាមនុស្សស្រូបយកខ្យល់ដែលមាន កាបូនម៉ូណូអុកស៊ីដអាចបង្កគ្រោះថ្នាក់ដល់ស្លាប់បានព្រោះ វាជាខ្យល់ពុលដែលមានពោរពេញដោយបរិយាកាសជុំវិញខ្លួន ។,5,4,3,0.8,0.5412022260627868,2,3,1,1
73,តើសម័យឧដុង្គចាប់ពីឆ្នាំណាដល់ឆ្នាំណា?ហេតុអ្វីបានជាប្រទេសកម្ពុជាធ្លាក់ចុះខ្សោយកាន់តែខ្លាំងនៅសម័យឧដុង្គ។ចូរពន្យល់,សម័យឧដុង្គចាប់ពីឆ្នាំ បានជាប្រទេសកម្ពុជាធ្លាក់ចុះខ្សោយកាន់តែខ្លាំងនៅសម័យឧដុង្គព្រោះ សង្គ្រាមផ្ទៃក្នុងញឹកញាប់និងការជាវជ្រៀតជ្រែកពីសៀមនិងយួន ការប្រកួតប្រជែងដណ្ដើមរាជ្យបានឡើងក្នុងចំណោមព្រះរាជវង្សានុវង្ស បែកបាក់សាមគ្គីផ្ទៃក្នុងគ្មានការសាមគ្គីរួបរួមនៅក្នុងប្រទេសជិតខាង កម្ពុជាត្រូវបែកជាពីរផ្នែកដោយសារសៀមត្រួតត្រាផ្នែកខាងលិចបាត់ដំបងសៀមរាបត្រួតត្រាខាងត្បូង បាត់បង់ទឹកដីដោយសារខេត្តជាច្រើននៅភាគខាងលិចបាត់ដំបងសៀមរាបមង្គលបុរី ត្រូវបានធ្លាក់ក្នុងកណ្ដាប់ដៃសៀមនៅឆ្នាំនិងមុនបាត់បង់ដីភាគខាងកើតនៅវៀតណាម សេដ្ឋកិច្ចពឹងផ្អែកលើវិស័យកសិកម្មបុរាណដែល សួយសារអាករឲ្យគេ ចំណែកវប្បធម៌វិញវត្តអារាមត្រូវបានបំផ្លិចបំផ្លាញ ប្រទេសជាតិខ្សោយគ្មានកម្លាំងទប់ទល់នឹងការវាយលុកពីខាងក្រៅមន្ត្រីក្បត់ជាតិច្រើន ដោយសារ រាជវង្សផ្ទៃក្នុងការដណ្ដើមអំណាចគ្នា។,សម័យឧដុង្គចាប់ពីឆ្នាំ មូលហេតុដែលចុះខ្សោយផ្លូវ សង្គ្រាមក្នុងស្រុក ការដណ្ដើមរាជ្យសម្បត្តិគ្នាក្នុងរាជវង្សានុវង្ស ការលូកដៃពីបរទេសស្ដេចខ្មែរខ្លះពឹងសៀមខ្លះពន្លឿនធ្វើឲ្យបរទេសទាំងពីរមានឱកាសត្រួតត្រានិងលេបយកទឹកដីខ្មែរ សេដ្ឋកិច្ចធ្លាក់ចុះដោយសារសង្គ្រាម ចាប់រហូតធ្វើឲ្យប្រជាជនគ្មានពេល បង្កបង្កើនផល។,15,13,3,0.8666666666666667,0.8056948639033853,3,12,0,1
74,តើសង្គមខ្មែរនៅសម័យអង្គរមានប៉ុន្មានវណ្ណៈ? វណ្ណៈអ្វីខ្លះ? ចូលរៀបរាប់។,សង្គមខ្មែរនៅសម័យអង្គរមានប្រាំវណ្ណៈគឺ -វណ្ណៈក្សត្រឬរាជវង្សនុវង្ស (ជាស្ដេចគ្រប់គ្រងប្រទេស -វណ្ណៈមន្ត្រី (អ្នករស់នៅក្នុងរាជវាំងបម្រើស្ដេច) -វណ្ណៈព្រាហ្ម៍ឬបុព្វជិត​(គឺជាអ្នកបួស) -វណ្ណៈអ្នកជាឬកសិករ (អ្នករស់នៅនឹងធ្វើស្រែចម្ការ) -វណ្ណៈអ្នកងារឬទាសករ(ទាសករបម្រើគេតកូនតចៅ)។,សង្គមខ្មែរនៅសម័យអង្គរមានប្រាំវណ្ណៈគឺ -វណ្ណៈក្សត្ររាជវង្សានុវង្ស -វណ្ណៈមន្ត្រី -វណ្ណៈបុព្វជិត -វណ្ណៈអ្នកជា -វណ្ណៈទាសករនិងអ្នកងារ។,10,6,2,0.6,0.5332558405283474,2,5,0,1
75,ចូរនិយាយពីកំណកាម៉ែតញី។,ការស្ថិតនៅក្រោមសារពាង្គកាយនៃពងស្វាសមានសារៈសំខាន់ដូចជាដើម្បីរក្សាសីតុណ្ហភាពឲ្យ ទាបជាងសីតុណ្ហភាពក្នុងខ្លួន ប្រហែលពី(2-3)សីតុណ្ហភាពក្នុងខ្លួន37 ។,កំណកាម៉ែនញី ដំបូងកោសិកាពូជមួយរកចម្ងាយពីរដងទម្លាប់គ្នាបានកោសិកាអូវ៉ូកូនី4 ។អូវុលរីក មាឌក្លាយជាអូវូស៊ីត1 ។អូវ៉ូស៊ីតមួយរងចំណែកមួយនៃមេយ៉ូសហើយត្រូវបានជាប់គាំងនៅចុង វគ្គមួយ ។,10,5,2,0.5,0.4071970472080893,1,4,1,1
76,ហេតុអ្វីបានជាផ្នែកឯកជនជាកម្លាំងដ៏សំខាន់សម្រាប់វិនិយោគនិងធ្វើឲ្យមានកំណើនសេដ្ឋកិច្ចក្នុងប្រទេស?,បានជាផ្នែកឯកជនជាកម្លាំងដ៏សំខាន់សម្រាប់វិនិយោគនិងធ្វើឲ្យមានកំណើនសេដ្ឋកិច្ចក្នុងប្រទេស ព្រោះប្រទេសកម្ពុជាជាប្រទេសអភិវឌ្ឍន៍ សេដ្ឋកិច្ចទីផ្សារដោយបានធ្វើកំណែទម្រង់សហគ្រាសឧស្សាហកម្មឲ្យក្លាយទៅជាកម្មសិទ្ធិឯកជន ។ សេដ្ឋកិច្ចទីផ្សារសេរីនេះនាំឲ្យអ្នករកស៊ីបរទេសចូលចិត្តមកវិនិយោគ ហើយកាលណាផ្នែកឯកជនរឹងមាំមកវិនិយោគ ហើយកាលណាផ្នែកឯកជនមិនរឹងមាំអាចបំពេញបន្ថែមវិនិយោគនិងវិស័យសង្គមកិច្ចមានន័យថាវិស័យឯកជនស្រូបយកកម្លាំងការងារកាន់តែកើនឡើង។,កម្ពុជាជាប្រទេសដែលអនុបានជាផ្នែកឯកជនជាកម្លាំងដ៏សំខាន់សម្រាប់វិនិយោគធ្វើឲ្យមានការកំណើនសេដ្ឋកិច្ចក្នុងប្រទេសព្រោះ៖ សេដ្ឋកិច្ចទីផ្សារសេរីចាប់ពីឆ្នាំ 1993 ដោយកំណែទម្រង់សហគ្រាសសេរីទៅកាន់សហគ្រាសសេរីទើបជាកម្មសិទ្ធិឯកជននេះធ្វើឲ្យ អ្នករកស៊ីបរទេសចូលចិត្តមកពីប្រយោគកាលណាផ្នែកឯកជនរឹងមាំអាចបន្ថែមវិនិយោគសាធារណៈក្នុងវិស័យសង្គមកិច្ចមានន័យថាវិស័យឯកជនត្រូវស្រូបយកកម្លាំងការងារកាន់តែច្រើនឡើង។,15,15,4,1.0,0.9315311343684629,4,14,0,1
77,តើសង្គមខ្មែរនៅសម័យអង្គរមានប៉ុន្មានវណ្ណៈ? វណ្ណៈអ្វីខ្លះ? ចូលរៀបរាប់។,សង្គមខ្មែរនៅសម័យអង្គរមានប្រាំវណ្ណៈគឺ -វណ្ណៈក្សត្រឬរាជវង្សនុវង្ស (ជាស្ដេចគ្រប់គ្រងប្រទេស -វណ្ណៈមន្ត្រី (អ្នករស់នៅក្នុងរាជវាំងបម្រើស្ដេច) -វណ្ណៈព្រាហ្ម៍ឬបុព្វជិត​(គឺជាអ្នកបួស) -វណ្ណៈអ្នកជាឬកសិករ (អ្នករស់នៅនឹងធ្វើស្រែចម្ការ) -វណ្ណៈអ្នកងារឬទាសករ(ទាសករបម្រើគេតកូនតចៅ)។,សង្គមខ្មែរនៅសម័យអង្គរមានប្រាំវណ្ណៈគឺ -វណ្ណៈក្សត្រ -វណ្ណៈមន្ត្រី -វណ្ណៈបុព្វជិត -វណ្ណៈអ្នកជា -វណ្ណៈទាសករ។,10,6,2,0.6,0.5052297142351649,2,5,0,1
78,តើគេចែកយុគសម័យបុរេប្រវត្តិសាស្ត្រកម្ពុជាជាប៉ុន្មានយុគសម័យ?អ្វីខ្លះ?,គេចែកយុគសម័យបុរេប្រវត្តិសាស្ត្រកម្ពុជាជាបីយុគសម័យគឺ -យុគថ្មបំបែក (600000 - 12000 ឆ្នាំមុនគ.ស) -យុគថ្មរលីងឬសំលៀង (8000 - 2000 ឆ្នាំមុនគ.ស) -យុគលោហៈ(2000-100 ឆ្នាំមុនគ.ស)។,គេចែកយុគសម័យបុរេប្រវត្តិសាស្ត្រកម្ពុជាជាបីយុគសម័យគឺ -យុគថ្មបំបែក (600000 - 12000 ឆ្នាំមុនគ.ស) -យុគថ្មរលីងឬសំលៀង (8000 - 2000 ឆ្នាំមុនគ.ស) -យុគលោហៈ(2000-100 ឆ្នាំមុនគ.ស)។,5,5,4,1.0,0.9891445407849986,4,5,0,0
79,តើប្រព័ន្ធផលិតកម្មកសិកម្មនៅក្នុងប្រទេសកម្ពុជាមានអ្វីខ្លះ?ចូររៀបរាប់​ ។,ប្រព័ន្ធផលិតកម្មកសិកម្មនៅប្រទេសកម្ពុជាមាន៖    _ ដំណាំ : ដំណាំស្រូវ ដំណាំកៅស៊ូ ដំណាំផ្សេងៗទៀត    _ ការចិញ្ចឹមសត្វ : ការចិញ្ចឹមសត្វលើគោក ការចិញ្ចឹមសត្វក្នុងទឹក    _ ការនេសាទ : ការនេសាទទឹកសាប ការនេសាទទឹកប្រៃ  _ ព្រៃឈើ : ផលិតផលឈើ អនុផលព្រៃឈើ(រកឃ្មុំ ជ័រទឹក វល្លិ៍ ផ្តៅ) សត្វព្រៃ ។,ប្រព័ន្ធផលិតកម្មនៅប្រទេសកម្ពុជារួមមាន៖  • ដំណាំ  • ដំណាំស្រូវ  • ដំណាំកៅស៊ូ  • ដំណាំផ្សេងៗទៀត  • ការចិញ្ចឹមសត្វ  • ការចិញ្ចឹមសត្វបែបគ្រួសារ  • ការចិញ្ចឹមសត្វក្នុងទឹក  • ការនេសាទ  • ការនេសាទក្នុងទឹកសាប  • ការនេសាទទឹកប្រៃ  • វារីវប្បកម្ម  • ផលិតផលឈើ  • របរផលិតផលឈើ (រទេះរុញ ជ័រទឹក ជ័រ...)  • សត្វព្រៃ ។,10,10,4,1.0,0.9361585815010494,4,9,0,1
80,រៀបរាប់ពីទំនាក់ទំនងរវាងការដាំដុះអាជីវកម្មព្រៃឈើនិងនេសាទ។,ទំនាក់ទំនងរវាងការដាំដុះ អាជីវកម្មព្រៃឈើ និងការនេសាទមានដូចជា៖ -ការដាំដុះដោយប្រើជីធម្មជាតិ -ការប្រើប្រាស់ជីគីមី -ដាំដុះនិងធ្វើតាមរដូវ -អាជីវកម្មព្រៃឈើ -ការកាប់បំផ្លាញព្រៃឈើ -ការដុតព្រៃឈើ -ការកាប់ឈើយកទៅធ្វើអាជីវកម្ម +ការនេសាទ -ការនេសាទត្រីពេលត្រីពក -ការនេសាទដោយប្រើអគ្គិសនី -ការនេសាទហួសកម្រិត -ការនេសាទគឺជាមុខរបរប្រចាំថ្ងៃាបស់ប្រជាជន -នឹងជាអាហារប្រចាំថ្ងៃរបស់ប្រជាជន -ការនេសាទធ្វើប្រជាជនមានមុខរបររកស៊ីត្រឹមត្រូវ -ការនេសាទប្រើប្រាស់ឧបករណ៍នេសាទខុសច្បាប់ -ការបំផ្លាញជំរកត្រី -ការបកហូរទឹកចេញពី,រៀបរាប់អំពីទំនាក់ទំនងរវាងការដាំដុះអាជីវកម្មព្រៃឈើនិងការនេសាទការដាំដុះអាជីវកម្មព្រៃឈើការឈើដើមឈើធំៗដើម្បីធ្វើផ្ទះធ្វើឧបករណ៍ប្រើប្រាស់ការនាំដើមឈើធំៗដែលកំពុងអភិរក្សបណ្ដាលអាខុសច្បាប់ការដាំដើមឈើឲ្យមានធំមានចន្លោះពី 5 ឆ្នាំទៅ 8 ឆ្នាំការ ចាប់គាស់ព្រៃឈើយកធ្វើលំនៅឋានការដុតព្រៃឈើបណ្ដាលឲ្យប៉ះពាល់ដល់ចម្រកផ្សិតព្រៃការជួញដូរឈើល្អៗដោយខុសច្បាប់ ការនេសាទការធ្វើសកម្មភាពឆក់ត្រូវធំៗដែលបណ្ដាលឲ្យត្រីដែលតូចៗងាប់អស់បាត់បង់ពូជត្រី។ការបង់សំណាញ់ត្រីដោយប្រើនាវាធំៗផ្កានេសាទបែបគ្រួសារការរាយពងយកត្រីឬទូចត្រូវជាដើមការនេសាទខ្នាតតូចយកមកលក់នៅទីផ្សារ,15,3,1,0.2,0.2209244661353757,1,3,0,0
81,សេដ្ឋកិច្ចកម្ពុជាពឹងផ្អែកលើវិស័យកសិកម្មជាសំខាន់៖ ​ក.​ ហេតុអ្វីបានជាគេនិយាយថាកម្ពុជាជាប្រទេសកសិកម្ម? ខ. តើគេចែកកសិករទាំងនោះជាប៉ុន្មានប្រភេទ?,សេដ្ឋកិច្ចកម្ពុជាបានផ្អែកលើវិស័យកសិកម្មជាសំខាន់៖ ក​. បានជាគេនិយាយថាប្រទេសកម្ពុជាជាប្រទេសកសិកម្មដោយសារ -ផ្ទៃដីនៅប្រទេសកម្ពុជាប្រហែល៩០ភាគរយសិតតែដំណាំស្រូវ -ប្រជាជនកកម្ពុជា ៧០.៣ភាគរយធ្វើកសិកម្ម -កសិកម្មជួយឲ្យប្រជាជនកម្ពុជាមានការងារធ្វើ -ប្រជាជននិយមធ្វើកសិកម្ម -ដីនៅកម្ពុជាប្រកបជាមួយកាធ្វើកសិកម្ម -កម្ពុជាមានអាកាសធាតុសមស្របសម្រាប់ធ្វើកសិកម្ម ខ. គេចែកកសិកម្មទាំងនោះជាពីរប្រភេទ៖ +កសិករខ្នាតតូច -ធ្វើកសិកម្មដើម្បីជីវិត -ធ្វើលក្ខណៈតិចតួច ទុកតែបរិភោគសម្រាប់គ្រួសារ -មិនលក់ឲ្យអ្នកណា +កសិករខ្នាតធំ -ធ្វើកសិកម្មច្រើនហើយទុកសម្រាប់លក់ឬនាំចេញទៅក្រៅប្រទេស -ធ្វើមួយឆ្នាំអាចទៅពីរលើក -ធ្វើលក្ខណៈច្រើន ដើម្បីលក់និងនាំចេញ។,សេដ្ឋកិច្ចកម្ពុជាបានផ្អែកលើវិស័យកសិកម្មជាសំខាន់។ ក. បានជាគេនិយាយថាកម្ពុជាជាប្រទេសកសិកម្មព្រោះ៖ -ប្រជាជន៨៥%ទៅ៩០%ជាអ្នកធ្វើស្រែ -កសិកម្ម៧២.៣%ជាដំណាំស្រូវ -ប្រទេសកម្ពុជាស្ថិតនៅតំបន់ត្រូពិចក្ដៅហើយសើមដែលទទួលរងណីខ្យល់ព្យុះមូសុងដែលអនុគ្រោះដល់ដំណាំស្រូវកៅស៊ូនិងបន្លែ ផ្លែឈើ -កម្ពុជាពឹងផ្អែកលើវិស័យកសិកម្មធំជាងគេ -ជួយកាត់បន្ថយប្រជាជនចំណាត់ស្រុក -ជាដំណាំចិញ្ចឹមពោះ។ ខ. គេចែកកសិករជាពីរប្រភេទ៖ -កសិករធ្វើស្រែដើម្បីចិញ្ចឹមពោះនិងសម្រាប់លក់ នាំចេញទៅក្រៅប្រទេស -កសិករចិញ្ចឹមសត្វ គោរ ក្របី មាន់ទា និងត្រីសម្រាប់ជីវភានឲពរស់នៅលក់ទៅកាន់ផ្សារ។,15,12,3,0.8,0.8078810095411705,3,12,0,0
82,ចូររៀបរាប់អំពីទំនាក់ទំនងរវាងការដាំដុះអាជីវកម្មព្រៃឈើនិងនេសាទ។,ទំនាក់ទំនងរវាង ការដាំដុះអាជីវកម្មព្រៃឈើ និងការនេសាទ៖  _ ការដាំដុះអាជីវកម្មព្រៃឈើ និងការនេសាទ ជាភោគទ្រព្យយ៉ាងសំខាន់សម្រាប់ប្រជាជនក្នុងការទ្រទ្រង់ក្នុងជីវភាពរស់នៅនិងការអភិវឌ្ឍន៍ប្រទេសជាតិ   _ ដើម្បីបំពេញតម្រូវការក្នុងកសិកម្មផលិតកម្មនិងត្រូវការផ្សេងៗ មនុស្សនាំគ្នាកាប់ព្រៃឈើដើម្បីធ្វើអាជីវកម្មព្រៃឈើជាមូលហេតុធ្វើឲ្យអាកាសធាតុប្រែប្រួលប៉ះពាល់ដល់ជីវិតមនុស្ស សត្វ និងរុក្ខជាតិ  ​ _ អតិផលនៃប្រព័ន្ធកសិកម្ម នាំឲ្យមានកំណើននៃការប្រើប្រាស់គីមីនិងថ្នាំសម្លាប់សត្វល្អិត។ ជីគីមី និងថ្នាំសម្លាប់សត្វល្អិត ទាំងនោះហូរទៅផ្ដុំគ្នានៅតាមផ្លូវទឹកនានា បំផ្លាញជីវិតសត្វនិងពូជធម្មជាតិ។,រៀបរាប់ពីទំនាក់ទំនងរវាងការដាំដុះ ការចិញ្ចឹមសត្វ និងការនេសាទ៖ -អាជីវកម្មព្រៃឈើ -ការកាត់បន្ថយ កាប់ព្រៃឈើ  -ដាំដើមឈើឲ្យបានច្រើន -ព្រៃឈើការពារទឹកជំនន់ - ដើមឈើជាជម្រកដល់សត្វ -ការនេសាទ មុនទៅនេសាទត្រីនៅរដូវខែពងទេ  -នេសាទត្រីផង និងលក់ - នេសាទត្រីទឹកប្រៃនិងនេសាទទឹកសាប  -អ្នកមាននេសាទច្រើនធ្វើឲ្យមានការបោះបង់ច្រើន។,15,5,1,0.3333333333333333,0.26585778203160915,1,4,0,1
83,ដូចម្តេចដែលហៅថាវដ្តទឹក? ចូរពន្យល់ពីដំណាក់កាលនីមួយៗ អោយបានត្រឹមត្រូវ។,ដែលហៅថាវត្តទឹកគឺការហ្វឹកហ្វុលឥតឈប់ឈរមុននឹងបង្កើតជាទឹកភ្លៀងទឹករោងនៅកម្ដៅព្រះអាទិត្យបង្កើតបានជាចំហាយទឹកខ្យល់ស្រុកយកចំហែលទឹកទៅអាកាសធ្វើឲ្យចំហាយទឹកកំណក បង្កើតបានជាពពកធ្លាក់មកជាភ្លៀងក្នុងប្រជាទឹក,ដែលហៅថាវត្តទឹកគឺការហ្វឹកហ្វុលឥតឈប់ឈរមុននឹងបង្កើតជាទឹកភ្លៀងទឹករោងនៅកម្ដៅព្រះអាទិត្យបង្កើតបានជាចំហាយទឹកខ្យល់ស្រុកយកចំហែលទឹកទៅអាកាសធ្វើឲ្យចំហាយទឹកកំណក បង្កើតបានជាពពកធ្លាក់មកជាភ្លៀងក្នុងប្រជាទឹក,12,12,4,1.0,0.8915774494503792,4,11,0,1
84,តើការស្ថិតនៅក្រៅសារពាង្គកាយនៃពងស្វាសមានសារៈសំខាន់ដូចម្តេច?,ការស្ថិតនៅក្រោមសារពាង្គកាយនៃពងស្វាសមានសារៈសំខាន់ដូចជាដើម្បីរក្សាសីតុណ្ហភាពឲ្យ ទាបជាងសីតុណ្ហភាពក្នុងខ្លួន ប្រហែលពី(2-3)សីតុណ្ហភាពក្នុងខ្លួន37 ។,ការស្ថិតនៅក្រោមសារពាង្គកាយនៃពងស្វាសមានសារៈសំខាន់ដូចជា  _ ដើម្បីរក្សាសីតុណ្ហភាពឲ្យទាបជាងសីតុណ្ហភាពក្នុងខ្លួន ប្រហែលពី(2-3)ដែលជាលក្ខខណ្ឌ ចាំបាច់សម្រាប់ការផលិតមេជីវិតឈ្មោល ។,10,8,3,0.8,0.8699628868230518,3,9,0,1
85,តើសង្គមខ្មែរនៅសម័យអង្គរមានប៉ុន្មានវណ្ណៈ? វណ្ណៈអ្វីខ្លះ? ចូលរៀបរាប់។,សង្គមខ្មែរនៅសម័យអង្គរមានប្រាំវណ្ណៈគឺ -វណ្ណៈក្សត្រឬរាជវង្សនុវង្ស (ជាស្ដេចគ្រប់គ្រងប្រទេស -វណ្ណៈមន្ត្រី (អ្នករស់នៅក្នុងរាជវាំងបម្រើស្ដេច) -វណ្ណៈព្រាហ្ម៍ឬបុព្វជិត​(គឺជាអ្នកបួស) -វណ្ណៈអ្នកជាឬកសិករ (អ្នករស់នៅនឹងធ្វើស្រែចម្ការ) -វណ្ណៈអ្នកងារឬទាសករ(ទាសករបម្រើគេតកូនតចៅ)។,សង្គមខ្មែរនៅសម័យអង្គរមានប្រាំវណ្ណៈគឺ -វណ្ណៈក្សត្រឬរាជវង្សនុវង្ស ជាអ្នកដឹកនាំប្រទេសនានា -វណ្ណៈមន្ត្រី អ្នកកាត់ទោសឬច្បាប់ផ្សេងៗ -វណ្ណៈ​​ព្រះសង្ឃ និងព្រះព្រារណ៍  អ្នកកាន់ធម៍ -វណ្ណៈអ្នកជាឬកសិករ អ្នកដែលគ្មានឬអ្នកសាមញ្ញ -វណ្ណៈអ្នកងារឬទាសករអ្នកដែលបម្រើរាជា។,10,10,4,1.0,0.945045567767159,4,9,0,1
86,ចូររៀបរាប់អំពីទំនាក់ទំនងរវាងការដាំដុះអាជីវកម្មព្រៃឈើនិងនេសាទ។,ទំនាក់ទំនងរវាង ការដាំដុះអាជីវកម្មព្រៃឈើ និងការនេសាទ៖  _ ការដាំដុះអាជីវកម្មព្រៃឈើ និងការនេសាទ ជាភោគទ្រព្យយ៉ាងសំខាន់សម្រាប់ប្រជាជនក្នុងការទ្រទ្រង់ក្នុងជីវភាពរស់នៅនិងការអភិវឌ្ឍន៍ប្រទេសជាតិ   _ ដើម្បីបំពេញតម្រូវការក្នុងកសិកម្មផលិតកម្មនិងត្រូវការផ្សេងៗ មនុស្សនាំគ្នាកាប់ព្រៃឈើដើម្បីធ្វើអាជីវកម្មព្រៃឈើជាមូលហេតុធ្វើឲ្យអាកាសធាតុប្រែប្រួលប៉ះពាល់ដល់ជីវិតមនុស្ស សត្វ និងរុក្ខជាតិ  ​ _ អតិផលនៃប្រព័ន្ធកសិកម្ម នាំឲ្យមានកំណើននៃការប្រើប្រាស់គីមីនិងថ្នាំសម្លាប់សត្វល្អិត។ ជីគីមី និងថ្នាំសម្លាប់សត្វល្អិត ទាំងនោះហូរទៅផ្ដុំគ្នានៅតាមផ្លូវទឹកនានា បំផ្លាញជីវិតសត្វនិងពូជធម្មជាតិ។,រៀបរាប់ពីទំនាក់ទំនងរវាងការដាំដុះអាជីវកម្មព្រៃឈើនិងការនេសាទ៖  _ ការដាំដុះ : ការធ្វើកសិកម្មដាំដំណាំ ការធ្វើអាជីវកម្ម ការដាំដុះស្រូវ ម្រេចនិងរបស់ដែលមានប្រយោជន៍ឲ្យប្រជាជនទិញយកទៅបរិភោគដោយមិនប្រើប្រាស់ថ្នាំគីមី  _ អាជីវកម្មព្រៃឈើ : ការកាប់ព្រៃឈើដើម្បីលក់យកទៅលក់ដោយខុសច្បាប់មិនគោរពគោលការណ៍ កាប់ព្រៃឈើដើម្បីធ្វើជាគ្រឿងសង្ហារឹមនានា ការដុតព្រៃឈើដើម្បីធ្វើកសិកម្ម ការប្រើប្រាស់ឈើដើម្បីសាងសង់ផ្ទះស្នាក់នៅ  _ ការនេសាទ : ការនេសាទត្រីនៅតាមដងទន្លេ នេសាទនៅពេលដែលត្រីពងរួចឬមួយខែទៅពីរខែមិនត្រូវនេសាទពេលត្រូវពងទេ នេសាទនៅមាត់សមុទ្រធំមានរលកធំៗធ្វើឲ្យមានគ្រោះថ្នាក់ខ្លាំងចំពោះអ្នកនេសាទ ការនេសាទត្រីដើម្បីឲ្យប្រជាជនខ្មែរយកទៅធ្វើប្រហុកបរិភោគឬក៏យកទៅលក់តគ្នា។,15,5,1,0.3333333333333333,0.2766448165552431,1,4,0,1
87,តើឧស្សាហកម្មមានអ្នកតួនាទីចំពោះសេដ្ឋកិច្ចយ៉ាងដូចម្ដេច?,ឧស្សាហកម្មមានតួនាទីសម្រាប់សេដ្ឋកិច្ចជាតិដូចជា -ជួយបង្កើតប្រាក់ចំណូលចូលជាតិ -បង្កើតការងារដល់ប្រជាជន -បង្កើតប្រាក់ចំណូលចូលក្នុងគ្រួសារ -ប្រជាជនមានជីវភាពធូរធារ -ជួយរក្សាជញ្ជីងពាណិជ្ជកម្ម -ជួយបង្កើតទិន្នផលសម្រាប់ការនាំចេញនាំចូល -បង្កើននូវសង្ឃភារៈសម្រាប់ប្រើប្រាស់។,ឧស្សាហកម្មមាននាទីចំពោះសេដ្ឋកិច្ចជាតិដូចជាជួយឲ្យសេដ្ឋកិច្ចមានការរីកចម្រើនធ្វើឲ្យប្រទេសយើងមានទីផ្សារធំទូលាយជាងធ្វើឲប្រទេសជិតខាងនិងប្រទេសនៅតំបន់អឺរ៉ុបមើលឃើញអំពីគុណសម្បត្តិប្រទេសយើងនាំឲ្យពួកឈ្មួញនិងក្រៅប្រទេសកន្លែកមកវិនិយោគនៅក្នុងប្រទេសងាយស្រួលក្នុងការដឹកទំនិញនាំចេញតាមផ្លូវគមនាគមន៍និងធ្វើឲ្យប្រទេសជាតិ អភិវឌ្ឍន៍ និងរីកចម្រើន ធ្វើឱ្យប្រទេសយើងនាំចេញមានលំហូរនាំចេញនិងនាំចូលតាមផ្លូវគណនាគមន៍ច្រកព្រំដែន។,15,6,2,0.4,0.48998653518416,2,7,0,1
88,តើគេចែកយុគសម័យបុរេប្រវត្តិសាស្ត្រកម្ពុជាជាប៉ុន្មានយុគសម័យ?អ្វីខ្លះ?,គេចែកយុគសម័យបុរេប្រវត្តិសាស្ត្រកម្ពុជាជាបីយុគសម័យគឺ -យុគថ្មបំបែក (600000 - 12000 ឆ្នាំមុនគ.ស) -យុគថ្មរលីងឬសំលៀង (8000 - 2000 ឆ្នាំមុនគ.ស) -យុគលោហៈ(2000-100 ឆ្នាំមុនគ.ស)។,គេចែកយុគសម័យបុរេប្រវត្តិសាស្ត្រកម្ពុជាជាបីយុគសម័យគឺ -យុគថ្មបំបែក (600000 - 12000 ឆ្នាំមុនគ.ស) -យុគថ្មរលីងឬសំលៀង (8000 - 2000 ឆ្នាំមុនគ.ស) -យុគលោហៈ(2000-100 ឆ្នាំមុនគ.ស)។,5,5,4,1.0,0.9891445407849986,4,5,0,0
89,តើសេដ្ឋកិច្ចកម្ពុជាពឹងផ្អែកលើវិស័យអ្វីជាសំខាន់?     ក/ ហេតុអ្វីបានជាគេនិយាយថាកម្ពុជាជាប្រទេសកសិកម្ម?     ខ/ តើគេចែកកសិករជាប៉ុន្មានប្រភេទ?អ្វីខ្លះ?,សេដ្ឋកិច្ចកម្ពុជាពឹងផ្អែកលើវិស័យកសិកម្មជាសំខាន់។   ក/ បានជាគេនិយាយថាកម្ពុជាជាប្រទេសឧស្សាហកម្មព្រោះ៖  _  សណ្ឋានដី : ដីមានជីវជាតិល្អនិងសម្បូរទំនាបល្បាប់   _ ផ្លូវទឹក : ផ្លូវទឹកខ្វាត់ខ្វែងងាយស្រួលដល់ការដាំដុះ  _ ប្រជាជន : ប្រជាជនខ្មែរភាគច្រើនចូលចិត្តធ្វើកសិកម្ម  _ អាកាសធាតុ : ទទួលអាកាសធាតុក្តៅសើម  _ កសិកម្មផ្តល់ផល50%នៃផលិតផលជាតិសរុប។  ខ/ គេចែកកសិករទាំងនោះជា4ប្រភេទគឺ៖  _ កសិករធ្វើស្រែឬអ្នកស្រែ : និយមធ្វើស្រែ ស្រូវប្រាំង ស្រូវវស្សា ស្រូវឡើងទឹក  _ កសិករតំបន់ដីខ្ពស់ : គេដាំដំណាំជាអចិន្ត្រៃយ៍(ពោត ដំឡូង ចេក កៅស៊ូសណ្តែក)  _ កសិករធ្វើចម្ការដំណាំស្រូវ : គេដាំដំណាំតាមមាត់ទន្លេ ចិញ្ចឹមសត្វនិងនេសាទ  _ កសិករភូមិភាគឦសាន: គេធ្វើដំណាំព្រៃដុតមានដូចជាពោត ដំឡូង ស្រូវរុក្ខជាតិយកមើមដទៃទៀត និងបរបាញ់សត្វផងដែរ។,.៥.សេដ្ឋកិច្ចនៅលើប្រទេសកម្ពុជាពឹងផ្អែកទៅលើវិស័យកសិកម្មជាសំខាន់៖ កបានជាគេនិយាយថាបងកម្ពុជាជាប្រទេសកសិកម្មដោយផ្អែកទៅលើវិស័យកសិកម្មជាប្រភពចំណូលជាតែធ្វើឲ្យ ប្រទេសជាតិអនុវត្តអភិវឌ្ឍន៍បានច្រើនជាងគេនិងការដោយសារតែប្រជាជនភាគច្រើនជាកសិករដែលរស់នៅដូចជារបបហើយម្យ៉ាងទៀតប្រទេសកម្ពុជាមានសណ្ឋានដីតំបន់វាតម្រាបនិងខ្ពស់ទាប ដែលសម្បូរទៅដោយដីមានជីវជាតិនិងប្រព័ន្ធធារាសាស្ត្រសម្បូរទៅដោយប្រភពទឹកខ្វាក់ខ្វែងនិងអាកាសធាតុត្រូពិចក្តៅហើយសើមដែលសម្បូរទៅដោយទឹកភ្លៀងយ៉ាងៗក្នុងមួយឆ្នាំមួយឆ្នាំដែលជាប្រភពចម្បងក្នុងការស្រេាចស្រព។ +បែងចែកកសិករទាំងនោះជាបីប្រភេទដូចជាអ្នកបង្ករអ្នកបង្កើតផលនិងអ្នកថែទាំនិងអ្នកប្រមូលផល៖ -អ្នកបង្ករបង្កើតផលមានតួនាទីបង្កើតនិងដាំដុះនាំគ្រាប់ពូជនិងពន្លកឲ្យបានលួចលាស់ -ឧទាហរណ៍កសិករចាប់ផ្ដើមព្រួសគ្រាប់ស្រូវពេលជួលដីរួចរាល់។ អ្នកថែទាំគឺជាអ្នកថែរក្សាកសិកម្មឲ្យមានទិន្នផលល្អប្រសើរជាផុតពីការយាយីរៗពីសត្វល្អិតផ្សេងៗ។និងការលិចទឹកឬការបាត់បង់ទឹកជាដើម។ ឧទាហរណ៍កសិកម្មករកាប់ពីភ្លឺស្រែម្ហូរទឹកចេញខ្លះដើម្បីកុំឲ្យស្រូវលិច អ្នកប្រមូលផលគឺជាអ្នកដែលចាប់ផ្ដើមប្រមូលទិន្នផលកសិកម្មដល់ពេលរដូវប្រមូលផលបាន។ -ឧទាហរណ៍កសិករចាប់ផ្ដើមជីកដកដំឡូងនៅពេលដែលវាលូតលាស់ល្អ។,20,10,2,0.5,0.6038117824041356,2,12,0,2
90,តើសង្គមខ្មែរនៅសម័យអង្គរមានប៉ុន្មានវណ្ណៈ? វណ្ណៈអ្វីខ្លះ? ចូលរៀបរាប់។,សង្គមខ្មែរនៅសម័យអង្គរមានប្រាំវណ្ណៈគឺ -វណ្ណៈក្សត្រឬរាជវង្សនុវង្ស (ជាស្ដេចគ្រប់គ្រងប្រទេស -វណ្ណៈមន្ត្រី (អ្នករស់នៅក្នុងរាជវាំងបម្រើស្ដេច) -វណ្ណៈព្រាហ្ម៍ឬបុព្វជិត​(គឺជាអ្នកបួស) -វណ្ណៈអ្នកជាឬកសិករ (អ្នករស់នៅនឹងធ្វើស្រែចម្ការ) -វណ្ណៈអ្នកងារឬទាសករ(ទាសករបម្រើគេតកូនតចៅ)។,សង្គមខ្មែរនៅសម័យអង្គរមានប្រាំវណ្ណៈគឺ -វណ្ណៈក្សត្រឬរាជវង្សានុវង្ស -វណ្ណៈមន្ត្រី -វណ្ណៈបុព្វជិត -វណ្ណៈអ្នកជា -វណ្ណៈទាសករឬអ្នកងារ។,10,5,2,0.5,0.521304329279815,2,5,0,0
91,តើឧស្សាហកម្មមានតួនាទីដូចម្ដេចខ្លះចំពោះសេដ្ឋកិច្ចជាតិ?,ឧស្សាហកម្មមាន​តួនាទីចំពោះសេដ្ឋកិច្ចជាតិដូចជា ៖ ​ _ ជួយបង្កើតថវិការជាតិ ​ _ ជួយបង្កើតទិន្នផលជាតិ ​​ _ ជួយឲ្យសេដ្ឋកិច្ចជាតិរីកចម្រើន  _ ប្រជាជនសំបូរធូរធារ  _អភិវឌ្ឍគ្រប់វិស័យ  _ មានទំនាក់ទំនងល្អជាមួយអ្នកជិតខាង  _ មានភាពរុងរឿងនៅក្នុងប្រទេសជាតិ។,កសិករចែកចេញជា ៤ ប្រភេទ៖  • កសិករមិនទាន់ជឿនលឿន៖ ជាកសិករដែលមិនធ្វើដំណាំស្រូវតែធ្វើដំណាំផ្សេងៗទៀត  • កសិករធ្វើដំណាំស្រូវ៖ ជាកសិករដែលធ្វើដំណាំស្រូវតែមួយមុខគត់  • កសិករចិញ្ចឹមសត្វ៖ ជាកសិករដែលចិញ្ចឹមសត្វសម្រាប់បម្រើជីវភាពប្រចាំថ្ងៃ  • កសិករធ្វើចម្រុះមុខ៖ ជាកសិករដែលដាំដំណាំស្រូវផង ដាំដំណាំផ្សេងៗ និងចិញ្ចឹមសត្វផងដែរ។,15,15,4,1.0,0.9576019641077684,4,14,0,1
92,តើអាណាចក្រភ្នំមានព្រំប្រទល់ជាប់ប្រទេសណាខ្លះ?,អាណាចក្រភ្នំមានព្រំប្រទល់ជាប់ប្រទេសដូចជា -ខាងជើងជាប់ចិន -ខាងត្បូងជាឈូងសមុទ្រខ្មែរ -ខាងកើតជាប់រដ្ឋចម្ប៉ា -ខាងលិចជាប់រដ្ធមនឬភូមា។,អាណាចក្រភ្នំមានព្រំប្រទល់ខាងជើងជាប់នឹងប្រទេសចិន(រដ្ឋណានឆាវនិងតុងតឹង)ខាងកើតជាប់រដ្ឋចម្ប៉ា(ឈូងសមុទ្រចិន)និងខាងត្បូងជាប់និងឈូងសមុទ្រខ្មែរ(នគរភ្នំ)និងខាងលិចជាប់រដ្ឋមនឬភូមា។,6,6,4,1.0,0.9923679505896534,4,6,0,0
93,តើសង្គមខ្មែរនៅសម័យអង្គរមានប៉ុន្មានវណ្ណៈ? វណ្ណៈអ្វីខ្លះ? ចូលរៀបរាប់។,សង្គមខ្មែរនៅសម័យអង្គរមានប្រាំវណ្ណៈគឺ -វណ្ណៈក្សត្រឬរាជវង្សនុវង្ស (ជាស្ដេចគ្រប់គ្រងប្រទេស -វណ្ណៈមន្ត្រី (អ្នករស់នៅក្នុងរាជវាំងបម្រើស្ដេច) -វណ្ណៈព្រាហ្ម៍ឬបុព្វជិត​(គឺជាអ្នកបួស) -វណ្ណៈអ្នកជាឬកសិករ (អ្នករស់នៅនឹងធ្វើស្រែចម្ការ) -វណ្ណៈអ្នកងារឬទាសករ(ទាសករបម្រើគេតកូនតចៅ)។,សង្គមខ្មែរនៅសម័យអង្គរមានប្រាំវណ្ណៈគឺ -វណ្ណៈក្សត្រ -វណ្ណៈមន្ត្រី -វណ្ណៈបុព្វជិត -វណ្ណៈអ្នកជា -វណ្ណៈទាសករ។,10,5,2,0.5,0.5052297142351649,2,5,0,0
94,តើសេដ្ឋកិច្ចកម្ពុជាពឹងផ្អែកលើវិស័យអ្វីជាសំខាន់?     ក/ ហេតុអ្វីបានជាគេនិយាយថាកម្ពុជាជាប្រទេសកសិកម្ម?     ខ/ តើគេចែកកសិករជាប៉ុន្មានប្រភេទ?អ្វីខ្លះ?,សេដ្ឋកិច្ចកម្ពុជាពឹងផ្អែកលើវិស័យកសិកម្មជាសំខាន់។   ក/ បានជាគេនិយាយថាកម្ពុជាជាប្រទេសឧស្សាហកម្មព្រោះ៖  _  សណ្ឋានដី : ដីមានជីវជាតិល្អនិងសម្បូរទំនាបល្បាប់   _ ផ្លូវទឹក : ផ្លូវទឹកខ្វាត់ខ្វែងងាយស្រួលដល់ការដាំដុះ  _ ប្រជាជន : ប្រជាជនខ្មែរភាគច្រើនចូលចិត្តធ្វើកសិកម្ម  _ អាកាសធាតុ : ទទួលអាកាសធាតុក្តៅសើម  _ កសិកម្មផ្តល់ផល50%នៃផលិតផលជាតិសរុប។  ខ/ គេចែកកសិករទាំងនោះជា4ប្រភេទគឺ៖  _ កសិករធ្វើស្រែឬអ្នកស្រែ : និយមធ្វើស្រែ ស្រូវប្រាំង ស្រូវវស្សា ស្រូវឡើងទឹក  _ កសិករតំបន់ដីខ្ពស់ : គេដាំដំណាំជាអចិន្ត្រៃយ៍(ពោត ដំឡូង ចេក កៅស៊ូសណ្តែក)  _ កសិករធ្វើចម្ការដំណាំស្រូវ : គេដាំដំណាំតាមមាត់ទន្លេ ចិញ្ចឹមសត្វនិងនេសាទ  _ កសិករភូមិភាគឦសាន: គេធ្វើដំណាំព្រៃដុតមានដូចជាពោត ដំឡូង ស្រូវរុក្ខជាតិយកមើមដទៃទៀត និងបរបាញ់សត្វផងដែរ។,សេដ្ឋកិច្ចជាតិផ្អែកលើវិស័យកសិកម្មជាសំខាន់ព្រោះវិស័យនេះសំខាន់ដល់ជាតិដូចជា៖ -មានលក្ខណៈអនុគ្រោះដល់អ្នកវិភាគវិស័យនេះពោលគឺសម្បូរទៅដោយឡែក រាបនិងខ្ពស់រាបស្មើប្រកបដោយក្តីជីវជាតិល្អសម្រាប់ការដាំដុះការចិញ្ចឹមសត្វនិងព្រៃឈើ -កម្ពុជាឋិតនៅក្នុង តំបន់ត្រូពិកដែលអាកាសធាតុ នឹងខ្យល់ហើយទទួលបានពីខ្យល់មូសុងមានភ្លៀងធ្លាក់ច្រើននិងមានកម្ដៅគ្រប់គ្រាន់ សម្រាប់ដាំដុះចិញ្ចឹមសត្វនិងនេសាទ -វិស័យនេះផ្ដល់ជូនការងារប្រជាជនជាច្រើន ជាប្រភពស្បៀងអាហារជាប្រភពនៃវត្ថុធាតុដើមសម្រាប់ឧស្សាហកម្មក្នុងស្រុកនិងដើមចេញ ច្រើនជាងគេ -ការកាត់បន្ថយអត់ការងារធ្វើរបស់ប្រជាជន -ការកាត់បន្ថយភាពក្រក្រី ប្រជាជន  -គេបែកចែកកសិករ ទាំងនោះជាបួនប្រភេទកសិករ។  ដំណាំស្រូវកសិករស្រែចម្ការការ ដំណាំពោតសណ្តែក ក.កសិករប៉ែតសិបភាគរយជាកសិករ -គេបែងចែកកសិកម្មទាំងនោះជាបួនគឺ -កសិករដាំស្រូវ -កសិករមិនដាំស្រូវ  -កសិករដីខ្ពស់ -កសិករភូមិភាគឦសាន,20,10,2,0.5,0.7451336344686302,3,15,1,5
95,តើព្រះបាទពញាយ៉ាតមានបុត្រប៉ុន្មានអង្គព្រះនាមអ្វីខ្លះ?ជាមួយអ្នកម្នាងណាខ្លះ?,ព្រះបាទពញាយ៉ាតមានបុត្របីអង្គគឺ នារាយណ៍រាជា ជាបុត្រជាមួយម្នាងទេវី ស្រីរាជាជាបុត្រជាមួយបុទុមកេសរ និងធម្មរាជាជាបុត្រជាមួយសុីសង៉ាម(បុត្រីស្ដេចសៀម)។,ព្រះបាទពញាយ៉ាតមានបុត្របីអង្គគឺ នារាយណ៍រាជា ជាបុត្រជាមួយម្នាងទេវី ស្រីរាជាជាបុត្រជាមួយបុទុមកេសរ និងធម្មរាជាជាបុត្រជាមួយសុីសង៉ាម(បុត្រីស្ដេចសៀម)។,5,5,4,1.0,0.9798475525860395,4,5,0,0
96,ហេតុអ្វីបានជាផ្នែកឯកជនជាកម្លាំងដ៏សំខាន់សម្រាប់វិនិយោគនិងធ្វើឲ្យមានកំណើនសេដ្ឋកិច្ចក្នុងប្រទេស?,បានជាផ្នែកឯកជនជាកម្លាំងដ៏សំខាន់សម្រាប់វិនិយោគនិងធ្វើឲ្យមានកំណើនសេដ្ឋកិច្ចក្នុងប្រទេស ព្រោះប្រទេសកម្ពុជាជាប្រទេសអភិវឌ្ឍន៍ សេដ្ឋកិច្ចទីផ្សារដោយបានធ្វើកំណែទម្រង់សហគ្រាសឧស្សាហកម្មឲ្យក្លាយទៅជាកម្មសិទ្ធិឯកជន ។ សេដ្ឋកិច្ចទីផ្សារសេរីនេះនាំឲ្យអ្នករកស៊ីបរទេសចូលចិត្តមកវិនិយោគ ហើយកាលណាផ្នែកឯកជនរឹងមាំមកវិនិយោគ ហើយកាលណាផ្នែកឯកជនមិនរឹងមាំអាចបំពេញបន្ថែមវិនិយោគនិងវិស័យសង្គមកិច្ចមានន័យថាវិស័យឯកជនស្រូបយកកម្លាំងការងារកាន់តែកើនឡើង។,បានជាផ្នែកឯកជនជាកម្លាំងដ៏សំខាន់សម្រាប់វិនិយោគនិងធ្វើការបង្កើនសេដ្ឋកិច្ចក្នុងប្រទេសព្រោះ -កម្ពុជាពឹងផ្អែកអនុវត្តសេដ្ឋកិច្ចទីផ្សារសេរីពីឆ្នាំ 1993 និងផ្ដល់សហគ្រាសឲ្យឯកជនវើជាកម្មសិទ្ធិ -សេដ្ឋកិច្ចទីផ្សារសេរីនេះធ្វើឲ្យបរទេសចូលចិត្តវិនិយោគ -វិស័យឯកជនមានភាពរឹងមាំធ្វើឲ្យសេដ្ឋកិច្ចបន្ថែមវាយោគសាធារណៈក្នុងវិស័យសេដ្ឋកិច្ចមានន័យថាវិស័យឯកជនជួយដល់ប្រជាជនមានការងារធ្វើច្រើន។,15,15,4,1.0,0.9396878682352736,4,14,0,1
97,តើព្រះអង្គឌួងមានស្នាព្រហស្ថអ្វីខ្លះចំពោះប្រទេសជាតិនិងប្រជារាស្ត្រខ្មែរ?,ព្រះបាទអង្គឌួងមានស្នាព្រហស្តដូចជាផ្នែករដ្ឋបាលរៀបចំប្រព័ន្ធរដ្ឋបាលនិងច្បាប់ទម្លាប់ស្ដារឡើងវិញមានរបៀបផ្នែកសេដ្ឋកិច្ចលើកស្ទួយវិស័យកសិកម្មជួសជុលប្រព័ន្ធ សេះនិងពាណិជ្ជកម្ម ភ្នែកបរទេសស្វែងរកជំនួយពីបារាំងដើម្បីទប់ទល់នឹងការត្រួតត្រាយួននិងសៀម ផ្នែកវប្បធម៌លើកស្ទួយវប្បធម៌អក្សរសាស្ត្រខ្មែរនិង សាសនា កត្តាផ្ទៃក្នុង ការបែកបាក់រាជវង្សានុវង្សបែកបាក់សាមគ្គី។,ព្រះបាទអង្គឌួងមានស្នាព្រះហស្ថចំពោះប្រទេសជាតិនិងប្រជារាស្ត្រខ្មែរដូចជា ផ្នែកអក្សរសាស្ត្រ កំណែទម្រង់ផ្នែករដ្ឋបាលបង្កើតបក្សថ្មីនិងកសាងហេដ្ឋារចនាសម្ព័ន្ធមានផ្លូវពីររហូតដល់ទៅកំពតដែលជាកំពង់ផែសមុទ្រថ្មី ការកសាងកំពង់ផែនេះដើម្បីជំនួសកំពង់ផែចាស់ក្នុងខេត្តពាមដែលប្រទេសអាណ្ណាមលេបយកទៅស្ដារមុខមាត់ប្រទេសកម្ពុជាក្នុងវិស័យពាណិជ្ជពាណិជ្ជកម្ម ជាតិតាមផ្លូវសមុទ្រឡើងវិញ។,15,12,3,0.8,0.8454352649628334,3,13,0,1
98,ដូចម្តេចដែលហៅថាមេយ៉ូស? ចូរនិយាយពីវគ្គផ្សេងៗនៃមេយ៉ូស។,មេយ៉ូសជាសំណុំនៃចំណែកកោសិកាពីរដងបន្តបន្ទាប់គ្នាដែលបង្កើតបានជាកោសិកាអាលូអុីតបួន ហៅថាមេយ៉ូស ។ _តេឡូផាស1 ស៊ីតូប្លាសចែកខ្លួនបានជាកោសិកាកូនពីរ ។កោសិកាកូននីមួយៗទទួលបានក្រូម៉ូសូម តែមួយពីរគូអូម៉ូឡូក ។ _ប្រផាស1 មានរយៈពេលវែង ។ _អាណាផាស1 ក្រូម៉ូសូមដំរៀបលើផ្លាស់ភ្ជាប់នឹងក្រយ៉ូងក្រូម៉ាទិចដោយសង់ក្រូងទ័ររបស់វា ។ _តេឡូផាស2 ក្រូម៉ូមនីមួយៗបានមកដល់ប៉ូលភ្នាស _មេតាផាស2 ក្រូម៉ូសូមប្រេះតាមបណ្ដោយភ្ជាប់ខ្លួនទៅនិងក្រយ៉ងក្រូម៉ាទិចដោយសង់ _ប្រូដាស2 ត្តយ៉ងអាក្រូម៉ាទិតកើតមានក្នុងកោសិកាគូនីមួយៗ _អាណាផាស2 សង់ក្រូម៉ែធ្វើចំណែកដែលនាំអោយក្រូម៉ាទិចបងប្អូនដាច់ចេញពីគ្នា ។បន្ទាប់មក ក្រូម៉ូសូមកូនទាំង2ធ្វើដំណើរឆ្ពោះទៅប៉ូលផ្ទុយគ្នារបស់ត្រយ៉ូងអាក្រូម៉ាទិច ។,មេយ៉ូសជាសំណុំនៃចំណែកកោសិកាពីរដងបន្តបន្ទាប់គ្នាដែលបង្កើតបានជាកោសិកាអាលូអុីតបួន ហៅថាមេយ៉ូស ។ _តេឡូផាស1 _ប្រផាស1  _អាណាផាស1 _មេតាផាស2  _ប្រូដាស2,10,5,2,0.5,0.45356327057924106,2,5,0,0
99,តើសង្គមខ្មែរនៅសម័យអង្គរមានប៉ុន្មានវណ្ណៈ? វណ្ណៈអ្វីខ្លះ? ចូលរៀបរាប់។,សង្គមខ្មែរនៅសម័យអង្គរមានប្រាំវណ្ណៈគឺ -វណ្ណៈក្សត្រឬរាជវង្សនុវង្ស (ជាស្ដេចគ្រប់គ្រងប្រទេស -វណ្ណៈមន្ត្រី (អ្នករស់នៅក្នុងរាជវាំងបម្រើស្ដេច) -វណ្ណៈព្រាហ្ម៍ឬបុព្វជិត​(គឺជាអ្នកបួស) -វណ្ណៈអ្នកជាឬកសិករ (អ្នករស់នៅនឹងធ្វើស្រែចម្ការ) -វណ្ណៈអ្នកងារឬទាសករ(ទាសករបម្រើគេតកូនតចៅ)។,សង្គមខ្មែរនៅសម័យអង្គរមានប្រាំវណ្ណៈគឺ -វណ្ណៈក្សត្រ:វណ្ណៈនេះមានបុព្វសិទ្ធណាស់ដូចជាគ្មានការបង់ពន្ធ មិនជាប់កំណែននិងមិនត្រូវធ្វើការងារធ្ងន់ជាដើម។ -វណ្ណៈមន្ត្រី:ជាអ្នកដែលធ្វើការក្នុងវាំងនិងបម្រើព្រះរាជា -វណ្ណៈអ្នកបួស:ពួកប៉ាន់ឃាបគឺពួកព្រាហ្មណ៍​ ពួកនេះស្លៀកពាក់ដូចគេទៀតដែរ ខុសត្រង់មានពាក់ខ្សែរអំបោះដវេញមួយខ្សែរនៅក ជាសញ្ញាថាអ្នកចេះ។ -វណ្ណៈអ្នកជា:ពួកគេជាវណ្ណៈកណ្ដាលក្នុងសង្គម​ ដែលមានឋានន្ដរមានប្រហាក់ប្រហែលនិងពួកឈ្មួញសិប្បកម្ម សិប្បករនិងប្រជារាស្ត្រសាមញ្ញ -វណ្ណៈទាសករ:ពួកគេជាវណ្ណៈទាបបំផុតនៅក្នុងសង្គមដែលជាអ្នកបម្រើគេអស់មួយជីវិត។,10,10,4,1.0,0.9723895355902583,4,10,0,0
100,តើឧស្សាហកម្មមានតួនាទីដូចម្ដេចខ្លះចំពោះសេដ្ឋកិច្ចជាតិ?,ឧស្សាហកម្មមាន​តួនាទីចំពោះសេដ្ឋកិច្ចជាតិដូចជា ៖ ​ _ ជួយបង្កើតថវិការជាតិ ​ _ ជួយបង្កើតទិន្នផលជាតិ ​​ _ ជួយឲ្យសេដ្ឋកិច្ចជាតិរីកចម្រើន  _ ប្រជាជនសំបូរធូរធារ  _អភិវឌ្ឍគ្រប់វិស័យ  _ មានទំនាក់ទំនងល្អជាមួយអ្នកជិតខាង  _ មានភាពរុងរឿងនៅក្នុងប្រទេសជាតិ។,ឧស្សាហកម្មមានតួនាទីចំពោះសេដ្ឋកិច្ចដូចជា៖ -ក្រុមហ៊ុនផ្តល់ការងារដល់ប្រជាជនក្នុងប្រាក់ចំណូល -ជួយបង្កើនប្រាក់ចំណូលជាតិដើរទៅមុខ -កាត់បន្ថយភាពក្រីក្ -របង្កើតធនធាន  -ការជួយប្រធានបច្ចេកទេសកសិកម្ម  -ប្រជាជនធូរធារ  -ការអភិវឌ្ឍទៅមុខ ជំរុញឲ្យសេដ្ឋកិច្ចដើរទៅមុខ។,15,15,4,1.0,0.9781330341959478,4,15,0,0
101,ហេតុអ្វីបានជាផ្នែកឯកជនជាកម្លាំងដ៏សំខាន់សម្រាប់ការវិនិយោគសេដ្ឋកិច្ច?,សេដ្ឋកិច្ចកម្ពុជាពឹងផ្អែកលើវិស័យកសិកម្មជាសំខាន់ៗ 5 គឺឧស្សាហកម្មកសិកម្មពាណិជ្ជកម្មគមនាគមន៍និងទេសចរណ៍ ក៏បានជាគេនិយាយថាកម្ពុជាប្រទេសកសិកម្មនៅប្រទេសកម្ពុជាមនុស្សមួយចំនួនធំគឺធ្វើកសិកម្ម។ច្រើនសុទ្ធតែជាកសិករកម្ពុជាសម្បូរជីកសិកម្មមានជីវជាតិសម្រាប់ឲ្យយើងធ្វើកសិកម្មចិញ្ចឹមសត្វនិងការដណ្ដប់ជួយបង្កើនចំណូលជូនជាងការងារចេញនៅក្រៅប្រទេសស្ករស្រូវដំឡូងកៅស៊ូ ខ. គេចែកកសិករទាំងនេះជាបួនប្រភេទកសិករតំបន់វាលខ្ពស់កសិករធ្វើស្រែឬមិនធ្វើស្រែកសិករភូមិភាគឥសានកសិករធ្វើតែស្រែ,សេដ្ឋកិច្ចកម្ពុជាប្រុងប្រែងលើវិស័យកសិកម្មវិធីសំខាន់ក៏បានជាគេនិយាយថាកម្ពុជាជាប្រទេសកសិកម្មព្រោះប្រជាជនកម្ពុជាភាគច្រើននិយមធ្វើស្រែចម្ការ។ហើយប្រទេសកម្ពុជាមានផ្ទៃដីធំទូលាយសម្បូរដីសម្បូរដីមានជីជាតិអាកាសធាតុអំណោយផលដល់ដំណាំស្រូវនិងប្រជាជនច្រើននៅតាមជនបទដំណាំមានទីផ្សារនាំចេញនិងអាចដាំដំណាំឬធ្វើស្រែចំការសម្រាប់ចិញ្ចឹមប្រមូលផលបានច្រើនសំបូរដីសម្រាប់ដាំដុះ។ ខគេចែកកសិធម៌ទាំងនោះជាពីប្រភេទកាស៊ូឧស្សាហកម្មណាកសិកម្មកសិករឧស្សាហកម្មសម្រាប់ដំណាំដែលមានអាចយកចូលទៅធ្វើឲ្យរោងចក្របានដូចជាដំណាំកៅស៊ូអាចយកទៅធ្វើជាកង់ឡានកង់ម៉ូតូដំណាំកប្បាលសម្រាប់យកទៅធ្វើខោអាវដំណាំផ្លែឈើយកទៅធ្វើជាផ្លែឈើកំប៉ុងដំណាំឈើយកធ្វើជាគ្រូសង្ហារឹមតុទូកៅអីកសិកម្មនេសាទត្រី យកធ្វើត្រីខកំប៉ុង ធ្វើជីកំប៉ុងកសិករកសិកម្មដាំបន្លែរកត្រីនេសាទដាំដើមកៅស៊ូដាំស្រូវធ្វើចំការធ្វើអាជីវកម្មដំណាំផ្លែឈើ។,15,14,4,0.9333333333333332,0.8610359124672218,3,13,1,1
102,ចូរនិយាយពីកំណកាម៉ែតញី។,ការស្ថិតនៅក្រោមសារពាង្គកាយនៃពងស្វាសមានសារៈសំខាន់ដូចជាដើម្បីរក្សាសីតុណ្ហភាពឲ្យ ទាបជាងសីតុណ្ហភាពក្នុងខ្លួន ប្រហែលពី(2-3)សីតុណ្ហភាពក្នុងខ្លួន37 ។,កំណកាម៉ែតញីដំបូងកោសិកាពូជមួយរួមចំណែកពីរដងបន្តបន្ទាប់គ្នា បានកោសិកាអូវ៉ូកូរី4 ។ អូវ៉ូកូរីនីមួយៗរីកមាឌអាចជាអូវ៉ូស៊ីត1 ។អូវ៉ូស៊ីតមួយរងចំណែកមួយនៃមេយោធាហើយត្រូវបាន ឈប់គាំង ។,10,2,1,0.2,0.33920278427975675,1,3,0,1
103,តើសេដ្ឋកិច្ចកម្ពុជាពឹងផ្អែកលើវិស័យអ្វីជាសំខាន់?     ក/ ហេតុអ្វីបានជាគេនិយាយថាកម្ពុជាជាប្រទេសកសិកម្ម?     ខ/ តើគេចែកកសិករជាប៉ុន្មានប្រភេទ?អ្វីខ្លះ?,សេដ្ឋកិច្ចកម្ពុជាពឹងផ្អែកលើវិស័យកសិកម្មជាសំខាន់។   ក/ បានជាគេនិយាយថាកម្ពុជាជាប្រទេសឧស្សាហកម្មព្រោះ៖  _  សណ្ឋានដី : ដីមានជីវជាតិល្អនិងសម្បូរទំនាបល្បាប់   _ ផ្លូវទឹក : ផ្លូវទឹកខ្វាត់ខ្វែងងាយស្រួលដល់ការដាំដុះ  _ ប្រជាជន : ប្រជាជនខ្មែរភាគច្រើនចូលចិត្តធ្វើកសិកម្ម  _ អាកាសធាតុ : ទទួលអាកាសធាតុក្តៅសើម  _ កសិកម្មផ្តល់ផល50%នៃផលិតផលជាតិសរុប។  ខ/ គេចែកកសិករទាំងនោះជា4ប្រភេទគឺ៖  _ កសិករធ្វើស្រែឬអ្នកស្រែ : និយមធ្វើស្រែ ស្រូវប្រាំង ស្រូវវស្សា ស្រូវឡើងទឹក  _ កសិករតំបន់ដីខ្ពស់ : គេដាំដំណាំជាអចិន្ត្រៃយ៍(ពោត ដំឡូង ចេក កៅស៊ូសណ្តែក)  _ កសិករធ្វើចម្ការដំណាំស្រូវ : គេដាំដំណាំតាមមាត់ទន្លេ ចិញ្ចឹមសត្វនិងនេសាទ  _ កសិករភូមិភាគឦសាន: គេធ្វើដំណាំព្រៃដុតមានដូចជាពោត ដំឡូង ស្រូវរុក្ខជាតិយកមើមដទៃទៀត និងបរបាញ់សត្វផងដែរ។,បានជាសេដ្ឋកិច្ចពឹងផ្អែកលើវិស័យកសិកម្មជាសំខាន់លើវិស័យនេះអំណោយផលជាងគេ ក.បានជាគេនិយាយថាកម្ពុជាជាប្រទេសកសិកម្មរួច +សណ្ឋានដីប្រទេសកម្ពុជាស្ថិតនៅលើទំនាបដែលអំណោយផលដល់កសិកម្ម -ប្រទេសកម្ពុជាមានកសិករ ចិតសិបចាញ់សាមសិបបីភាគរយជាដំណាំ -ប្រទេសកម្ពុជាស្ថិតនៅតំបន់ម៉ូស៊ុលក្ដៅសល់តែអនុគ្រោះដល់កសិករដែលធ្វើឲ្យមានរដូវពីរគឺប្រើអំពើហិង្សា -ជាប្រទេសហូបសម្រាប់មនុស្សគ្រប់គ្នា  +កាត់បន្ថយអត្រាអត់ការងារ -កាត់បន្ថយភាពក្រីក្ររបស់ប្រជាជន -ជាវត្ថុធាតុដើមសម្រាប់ប្រើក្នុងឧស្សាហកម្ឯ -ជាអាហារចម្បងសម្រាប់មនុស្ស។ +កម្ពុជាមានប្រព័ន្ធផ្លូវទឹកខ្វាត់ខ្វែងដូចសរសៃឈាម ងាយស្រួលក្នុងការធ្វើអាជីវកម្ម មានទឹកគ្រប់គ្រាន់គមនាគមន៍ ងាយស្រួលដឹកជញ្ជូនមានផ្លូវសម្រាប់ដឹកជញ្ជូន ដោយស្រួល ក្នុងការនាំចេញទៅលក់បន្តថា +ការចែកកសិករជាបួនប្រភេទគឺ -កសិករធ្វើដំណើរជាកសិករដែលធ្វើដំណាំស្រូវ=តែមួយមុខគត់មិនដំណាំផ្សេងផ្សេងទៀតឡើយ -កសិករមិនដាំស្រូវ:ជាកសិករដែលមិនធ្វើដំណាំស្រូវតែធ្វើដំណាំផ្សេងផ្សេង ស្រែចម្ការគឺជា -កសិករដែលធ្វើស្រែដាំស្រូវតាមរដូវនិងដាំដំណាំផ្សេងផ្សេងផងដែរ -កសិករចិញ្ចឹមសត្វគឺជាកសិករដែលចិញ្ចឹមតែសត្វមួយសម្រាប់ទ្រទ្រង់ជីវភាពរស់នៅប្រចាំថ្ងៃ។។,20,16,3,0.8,0.7063140758735901,3,14,0,2
104,តើប្រព័ន្ធផលិតកម្មកសិកម្មនៅក្នុងប្រទេសកម្ពុជាមានអ្វីខ្លះ?ចូររៀបរាប់​ ។,ប្រព័ន្ធផលិតកម្មកសិកម្មនៅប្រទេសកម្ពុជាមាន៖    _ ដំណាំ : ដំណាំស្រូវ ដំណាំកៅស៊ូ ដំណាំផ្សេងៗទៀត    _ ការចិញ្ចឹមសត្វ : ការចិញ្ចឹមសត្វលើគោក ការចិញ្ចឹមសត្វក្នុងទឹក    _ ការនេសាទ : ការនេសាទទឹកសាប ការនេសាទទឹកប្រៃ  _ ព្រៃឈើ : ផលិតផលឈើ អនុផលព្រៃឈើ(រកឃ្មុំ ជ័រទឹក វល្លិ៍ ផ្តៅ) សត្វព្រៃ ។,ប្រព័ន្ធផលិតកម្មកសិកម្មនៅប្រទេសកម្ពុជាមានដូចជា៖   _ ប្រព័ន្ធឧស្សាហកម្ម   _ ប្រព័ន្ធកសិកម្ម   _ វិនិយោគ   _ ប្រព័ន្ធពន្ធដារ   _ ប្រព័ន្ធគមនាគមន៍។,10,2,1,0.2,0.18325192937681054,1,2,0,0
105,តើប្រព័ន្ធផលិតកម្មកសិកម្មនៅក្នុងប្រទេសកម្ពុជាមានអ្វីខ្លះ?ចូររៀបរាប់​ ។,ប្រព័ន្ធផលិតកម្មកសិកម្មនៅប្រទេសកម្ពុជាមាន៖    _ ដំណាំ : ដំណាំស្រូវ ដំណាំកៅស៊ូ ដំណាំផ្សេងៗទៀត    _ ការចិញ្ចឹមសត្វ : ការចិញ្ចឹមសត្វលើគោក ការចិញ្ចឹមសត្វក្នុងទឹក    _ ការនេសាទ : ការនេសាទទឹកសាប ការនេសាទទឹកប្រៃ  _ ព្រៃឈើ : ផលិតផលឈើ អនុផលព្រៃឈើ(រកឃ្មុំ ជ័រទឹក វល្លិ៍ ផ្តៅ) សត្វព្រៃ ។,ប្រព័ន្ធផលិតកម្មនៅប្រទេសកម្ពុជារួមមាន៖ +ដំណាំ  - ដំណាំស្រូវ  -កៅស៊ូ -ដំណាំផ្សេងផ្សេងទៀត +ការចិញ្ចឹមសត្វ -ការចិញ្ចឹមសត្វនៅលើគោក  -ការចិញ្ចឹមសត្វនេសាទ +ព្រៃឈើ -ផលិតកម្មព្រៃឈើអនុផលព្រៃឈើសត្វព្រៃ។,10,10,4,1.0,0.9285128419146694,4,9,0,1
106,តើសេដ្ឋកិច្ចកម្ពុជាពឹងផ្អែកលើវិស័យអ្វីជាសំខាន់?     ក/ ហេតុអ្វីបានជាគេនិយាយថាកម្ពុជាជាប្រទេសកសិកម្ម?     ខ/ តើគេចែកកសិករជាប៉ុន្មានប្រភេទ?អ្វីខ្លះ?,សេដ្ឋកិច្ចកម្ពុជាពឹងផ្អែកលើវិស័យកសិកម្មជាសំខាន់។   ក/ បានជាគេនិយាយថាកម្ពុជាជាប្រទេសឧស្សាហកម្មព្រោះ៖  _  សណ្ឋានដី : ដីមានជីវជាតិល្អនិងសម្បូរទំនាបល្បាប់   _ ផ្លូវទឹក : ផ្លូវទឹកខ្វាត់ខ្វែងងាយស្រួលដល់ការដាំដុះ  _ ប្រជាជន : ប្រជាជនខ្មែរភាគច្រើនចូលចិត្តធ្វើកសិកម្ម  _ អាកាសធាតុ : ទទួលអាកាសធាតុក្តៅសើម  _ កសិកម្មផ្តល់ផល50%នៃផលិតផលជាតិសរុប។  ខ/ គេចែកកសិករទាំងនោះជា4ប្រភេទគឺ៖  _ កសិករធ្វើស្រែឬអ្នកស្រែ : និយមធ្វើស្រែ ស្រូវប្រាំង ស្រូវវស្សា ស្រូវឡើងទឹក  _ កសិករតំបន់ដីខ្ពស់ : គេដាំដំណាំជាអចិន្ត្រៃយ៍(ពោត ដំឡូង ចេក កៅស៊ូសណ្តែក)  _ កសិករធ្វើចម្ការដំណាំស្រូវ : គេដាំដំណាំតាមមាត់ទន្លេ ចិញ្ចឹមសត្វនិងនេសាទ  _ កសិករភូមិភាគឦសាន: គេធ្វើដំណាំព្រៃដុតមានដូចជាពោត ដំឡូង ស្រូវរុក្ខជាតិយកមើមដទៃទៀត និងបរបាញ់សត្វផងដែរ។,សេដ្ឋកិច្ចកម្ពុជាពឹងផ្អែកលើវិស័យកសិកម្មសំខាន់សំខាន់ -បានជានិយាយថាកម្ពុជាជាប្រទេសកម្មកសិកម្មព្រោះកម្ពុជាស្ថិតនៅក្នុងតំបន់ត្រូពិកដែលមានអាកាសធាតុក្តៅហើយសើមទទួលនូវរបបខ្យល់មូសុងមានភ្លៀងធ្លាក់ច្រើននោះមានកម្ដៅគ្រប់គ្រាន់សម្រាប់ដាំដុះចិញ្ចឹមសត្វព្រៃឈើ  -គេចែកកសិករ3ទាំងនោះជាដីប្រភេទ -កសិករគ្រប់ផលិតផលស្រូវអ្នកស្រែមានចំនួនច្រើនជាងគេ ធ្វើស្រូវ -កសិករនៅតំបន់ខ្ពស់:ពួកគេនេះយកមកដាំដំណាំអចិន្ត្រៃយ៍នៅតាមរដូវដូចជាសណ្តែកពោតសត្វខ្លះទៀតចេញ សត្វ។,20,5,1,0.25,0.47921157013265825,2,10,1,5
107,តើការស្ថិតនៅក្រៅសារពាង្គកាយនៃពងស្វាសមានសារៈសំខាន់ដូចម្តេច?,ការស្ថិតនៅក្រោមសារពាង្គកាយនៃពងស្វាសមានសារៈសំខាន់ដូចជាដើម្បីរក្សាសីតុណ្ហភាពឲ្យ ទាបជាងសីតុណ្ហភាពក្នុងខ្លួន ប្រហែលពី(2-3)សីតុណ្ហភាពក្នុងខ្លួន37 ។,ការស្ថិតនៅក្រោមសារពាង្គកាយនៃពងស្វាសមានសារៈសំខាន់ក្នុងការផលិតអរម៉ូនភេទឈ្មោលនិង បង្កើតស្ពែម៉ាតូសូអ៊ីត ។,10,3,1,0.3,0.23129128515202507,1,2,0,1
108,តើសេដ្ឋកិច្ចកម្ពុជាពឹងផ្អែកលើវិស័យអ្វីជាសំខាន់?     ក/ ហេតុអ្វីបានជាគេនិយាយថាកម្ពុជាជាប្រទេសកសិកម្ម?     ខ/ តើគេចែកកសិករជាប៉ុន្មានប្រភេទ?អ្វីខ្លះ?,សេដ្ឋកិច្ចកម្ពុជាពឹងផ្អែកលើវិស័យកសិកម្មជាសំខាន់។   ក/ បានជាគេនិយាយថាកម្ពុជាជាប្រទេសឧស្សាហកម្មព្រោះ៖  _  សណ្ឋានដី : ដីមានជីវជាតិល្អនិងសម្បូរទំនាបល្បាប់   _ ផ្លូវទឹក : ផ្លូវទឹកខ្វាត់ខ្វែងងាយស្រួលដល់ការដាំដុះ  _ ប្រជាជន : ប្រជាជនខ្មែរភាគច្រើនចូលចិត្តធ្វើកសិកម្ម  _ អាកាសធាតុ : ទទួលអាកាសធាតុក្តៅសើម  _ កសិកម្មផ្តល់ផល50%នៃផលិតផលជាតិសរុប។  ខ/ គេចែកកសិករទាំងនោះជា4ប្រភេទគឺ៖  _ កសិករធ្វើស្រែឬអ្នកស្រែ : និយមធ្វើស្រែ ស្រូវប្រាំង ស្រូវវស្សា ស្រូវឡើងទឹក  _ កសិករតំបន់ដីខ្ពស់ : គេដាំដំណាំជាអចិន្ត្រៃយ៍(ពោត ដំឡូង ចេក កៅស៊ូសណ្តែក)  _ កសិករធ្វើចម្ការដំណាំស្រូវ : គេដាំដំណាំតាមមាត់ទន្លេ ចិញ្ចឹមសត្វនិងនេសាទ  _ កសិករភូមិភាគឦសាន: គេធ្វើដំណាំព្រៃដុតមានដូចជាពោត ដំឡូង ស្រូវរុក្ខជាតិយកមើមដទៃទៀត និងបរបាញ់សត្វផងដែរ។,សេដ្ឋកិច្ចជាតិផ្អែកលើវិស័យកសិកម្មជាសំខាន់ព្រោះវិស័យនេះសំខាន់ដល់ជាតិដូចជា៖ -ប្រទេសកម្ពុជាមានអាកាសធាតុ-អំណោយផលដល់វិស័យកសិកម្ម -ប្រទេសកម្ពុជាមានប្រព័ន្ធផ្លូវទឹកឲ្យគ្រប់គ្រង -ប្រទេសកម្ពុជាមានដីទំនេរច្រើនសម្រាប់ធ្វើ -កសិកម្មប្រជាជនភាគច្រើន ជាកសិករ -ប្រទេសកម្ពុជាមានដីសម្បូរជីវជាតិ -មានប្រព័ន្ធធារាសាស្ត្រ -ច្រើនមានអាកាសធាតុអំណោយផលសម្រាប់ការដាំដុះលូតលាស់នារដូវច្បាស់លាស់មានទឹកភ្លៀងគ្រប់គ្រាន់  -ប្រជាជនចូលចិត្តការងារដាំដុះ។,20,14,3,0.7,0.7177912595937599,3,14,0,0
109,តើសេដ្ឋកិច្ចកម្ពុជាពឹងផ្អែកលើវិស័យអ្វីជាសំខាន់?     ក/ ហេតុអ្វីបានជាគេនិយាយថាកម្ពុជាជាប្រទេសកសិកម្ម?     ខ/ តើគេចែកកសិករជាប៉ុន្មានប្រភេទ?អ្វីខ្លះ?,សេដ្ឋកិច្ចកម្ពុជាពឹងផ្អែកលើវិស័យកសិកម្មជាសំខាន់។   ក/ បានជាគេនិយាយថាកម្ពុជាជាប្រទេសឧស្សាហកម្មព្រោះ៖  _  សណ្ឋានដី : ដីមានជីវជាតិល្អនិងសម្បូរទំនាបល្បាប់   _ ផ្លូវទឹក : ផ្លូវទឹកខ្វាត់ខ្វែងងាយស្រួលដល់ការដាំដុះ  _ ប្រជាជន : ប្រជាជនខ្មែរភាគច្រើនចូលចិត្តធ្វើកសិកម្ម  _ អាកាសធាតុ : ទទួលអាកាសធាតុក្តៅសើម  _ កសិកម្មផ្តល់ផល50%នៃផលិតផលជាតិសរុប។  ខ/ គេចែកកសិករទាំងនោះជា4ប្រភេទគឺ៖  _ កសិករធ្វើស្រែឬអ្នកស្រែ : និយមធ្វើស្រែ ស្រូវប្រាំង ស្រូវវស្សា ស្រូវឡើងទឹក  _ កសិករតំបន់ដីខ្ពស់ : គេដាំដំណាំជាអចិន្ត្រៃយ៍(ពោត ដំឡូង ចេក កៅស៊ូសណ្តែក)  _ កសិករធ្វើចម្ការដំណាំស្រូវ : គេដាំដំណាំតាមមាត់ទន្លេ ចិញ្ចឹមសត្វនិងនេសាទ  _ កសិករភូមិភាគឦសាន: គេធ្វើដំណាំព្រៃដុតមានដូចជាពោត ដំឡូង ស្រូវរុក្ខជាតិយកមើមដទៃទៀត និងបរបាញ់សត្វផងដែរ។,សេដ្ឋកិច្ចជាតិផ្អែកលើវិស័យកសិកម្មជាសំខាន់ព្រោះវិស័យនេះសំខាន់ដល់ជាតិដូចជា៖ -និយាយថាកម្ពុជាជាប្រទេសកសិកម្មព្រោះសម្បូរទៅដោយដីមានជីវជាតិល្អ -អនុផលការដាំដុះក្នុងព្រៃឈើដំណាំស្រូវអង្ករជាងគេនៅក្នុងប្រទេសជុំវិញអាស៊ី -កសិកម្មព្រៃដុតគឺដុតព្រៃឈើកសិកម្ម -អាកាសធាតុអំណោយផលដល់ការដាំដុះ -ការចិញ្ចឹមត្រី -កសិកម្មនេសាទត្រីមាសទីបីកក្កដា តាមព្រៃ  ដាំដុះស្រូវក៏គោលបំណងនៃការចិញ្ចឹមសត្វមាន់ទា  +គេបែងចែក៤នោះមួយគឺ -កសិករមិនដាំស្រូវគឺ -ជាកសិករតែធ្វើការដាំដំណាំផ្សេងផ្សេង តែចាំសួរនៅឡើយ  -កសិករធ្វើស្រែចម្ការគឺជាកសិករធ្វើស្រែដាំស្រូវតាមរដូវនិងដាំដំណាំផ្សេងៗផងដែរ,20,14,3,0.7,0.7026936268643524,3,14,0,0
110,តើការស្ថិតនៅក្រៅសារពាង្គកាយនៃពងស្វាសមានសារៈសំខាន់ដូចម្តេច?,ការស្ថិតនៅក្រោមសារពាង្គកាយនៃពងស្វាសមានសារៈសំខាន់ដូចជាដើម្បីរក្សាសីតុណ្ហភាពឲ្យ ទាបជាងសីតុណ្ហភាពក្នុងខ្លួន ប្រហែលពី(2-3)សីតុណ្ហភាពក្នុងខ្លួន37 ។,ការស្ថិតនៅក្រោមសារពាង្គកាយនៃពងស្វាសមានសារៈសំខាន់ក្នុងការផលិតអរម៉ូនភេទឈ្មោលនិង បង្កើតស្ពែម៉ាតូសូអ៊ីត ។,10,3,1,0.3,0.23129128515202507,1,2,0,1
111,តើអាណាចក្រភ្នំមានព្រំប្រទល់ជាប់ប្រទេសណាខ្លះ?,អាណាចក្រភ្នំមានព្រំប្រទល់ជាប់ប្រទេសដូចជា -ខាងជើងជាប់ចិន -ខាងត្បូងជាឈូងសមុទ្រខ្មែរ -ខាងកើតជាប់រដ្ឋចម្ប៉ា -ខាងលិចជាប់រដ្ធមនឬភូមា។,អាណាចក្រភ្នំមានព្រំប្រទល់ជាប់ប្រទេសដូចជា -ខាងជើងជាប់ចិន(រដ្ឋណានឆាវតុងកឹង) -ខាងត្បូងជាឈូងសមុទ្រខ្មែរ(ឈូងសមុទ្រនគរភ្នំ) -ខាងកើតជាប់រដ្ឋចម្ប៉ា -ខាងលិចជាប់រដ្ឋមនឬភូមា។,6,6,4,1.0,0.9922313298414637,4,6,0,0
112,តើអាណាចក្រភ្នំមានព្រំប្រទល់ជាប់ប្រទេសណាខ្លះ?,អាណាចក្រភ្នំមានព្រំប្រទល់ជាប់ប្រទេសដូចជា -ខាងជើងជាប់ចិន -ខាងត្បូងជាឈូងសមុទ្រខ្មែរ -ខាងកើតជាប់រដ្ឋចម្ប៉ា -ខាងលិចជាប់រដ្ធមនឬភូមា។,អាណាចក្រភ្នំមានព្រំប្រទល់ជាប់ប្រទេសដូចជា -ខាងជើងជាប់ចិន -ខាងត្បូងជាឈូងសមុទ្រខ្មែរ -ខាងកើតជាប់រដ្ឋចម្ប៉ា -ខាងលិចជាប់រដ្ឋមនឬភូមា។,6,6,4,1.0,0.9900460795956889,4,6,0,0
113,តើសង្គមខ្មែរនៅសម័យអង្គរមានប៉ុន្មានវណ្ណៈ? វណ្ណៈអ្វីខ្លះ? ចូលរៀបរាប់។,សង្គមខ្មែរនៅសម័យអង្គរមានប្រាំវណ្ណៈគឺ -វណ្ណៈក្សត្រឬរាជវង្សនុវង្ស (ជាស្ដេចគ្រប់គ្រងប្រទេស -វណ្ណៈមន្ត្រី (អ្នករស់នៅក្នុងរាជវាំងបម្រើស្ដេច) -វណ្ណៈព្រាហ្ម៍ឬបុព្វជិត​(គឺជាអ្នកបួស) -វណ្ណៈអ្នកជាឬកសិករ (អ្នករស់នៅនឹងធ្វើស្រែចម្ការ) -វណ្ណៈអ្នកងារឬទាសករ(ទាសករបម្រើគេតកូនតចៅ)។,សង្គមខ្មែរនៅសម័យអង្គរមានប្រាំវណ្ណៈគឺ -វណ្ណៈក្សត្រ -វណ្ណៈមន្ត្រី -វណ្ណៈបុព្វជិត -វណ្ណៈអ្នកជា -វណ្ណៈទាសករ។,10,6,2,0.6,0.5052297142351649,2,5,0,1
114,ដូចម្តេចដែលហៅថាវដ្តទឹក? ចូរពន្យល់ពីដំណាក់កាលនីមួយៗ អោយបានត្រឹមត្រូវ។,ដែលហៅថាវត្តទឹកគឺការហ្វឹកហ្វុលឥតឈប់ឈរមុននឹងបង្កើតជាទឹកភ្លៀងទឹករោងនៅកម្ដៅព្រះអាទិត្យបង្កើតបានជាចំហាយទឹកខ្យល់ស្រុកយកចំហែលទឹកទៅអាកាសធ្វើឲ្យចំហាយទឹកកំណក បង្កើតបានជាពពកធ្លាក់មកជាភ្លៀងក្នុងប្រជាទឹក,ដែលហៅថាវដ្តទឹកគឺជាទឹកដែលហូរទៅលើលំហរអាកាសនៅពេលត្រូវកំដៅថ្ងៃ។ដំណាក់កាលនីមួយៗនៅវដ្តទឹកមាន,12,6,2,0.5,0.46164232407503497,2,6,0,0
115,តើអ្វីជាសង្គ្រាមត្រជាក់? តើសង្គ្រាមត្រជាក់ផ្ដល់ផលវិបាកអ្វីខ្លះដល់កម្ពុជា?,សង្គ្រាមត្រជាក់គឺជាការប្រកួតប្រជែងផ្នែកមនោគមវិទ្យារវាងសេដ្ឋកិច្ចនយោធានិងបច្ចេកវិទ្យា។សង្គ្រាមមជ្ឈមណ្ឌលផលវិបាកដល់កម្ពុជាដូចជា -ការអនុវត្តនយោបាយវិទ្យាក្រឹត្យរបស់សម្ដេចនរោត្តមសីហនុមិនចោទទិសដៅ -ប្រទេសកម្ពុជាធ្លាក់ក្នុងសង្គ្រាមស៊ីវល -ខ្មែរក្រហមឡើងកាន់អំណាច -ប្រទេសកម្ពុជាមានភាពអាណាធិបតេយ្យ -សេដ្ឋកិច្ចកម្ពុជាធ្លាក់ចុះ -ប្រទេសកម្ពុជារស់នៅដែលភាពភ័យខ្លាច -រោងចក្រឧស្សាហកម្មបិទទ្វារ -បែកបាក់សាមគ្គីផ្ទៃក្នុង,សង្គ្រាមត្រជាក់គឺជាការប្រកួតប្រជែងផ្នែកមនោគមវិទ្យារវាងសេដ្ឋកិច្ចនយោធានិងបច្ចេកវិទ្យា។សង្គ្រាមមជ្ឈមណ្ឌលផលវិបាកដល់កម្ពុជាដូចជា -ការអនុវត្តនយោបាយវិទ្យាក្រឹត្យរបស់សម្ដេចនរោត្តមសីហនុមិនចោទទិសដៅ -ប្រទេសកម្ពុជាធ្លាក់ក្នុងសង្គ្រាមស៊ីវល -ខ្មែរក្រហមឡើងកាន់អំណាច -ប្រទេសកម្ពុជាមានភាពអាណាធិបតេយ្យ -សេដ្ឋកិច្ចកម្ពុជាធ្លាក់ចុះ -ប្រទេសកម្ពុជារស់នៅដែលភាពភ័យខ្លាច -រោងចក្រឧស្សាហកម្មបិទទ្វារ -បែកបាក់សាមគ្គីផ្ទៃក្នុង,10,10,4,1.0,0.8791110763904306,4,9,0,1
116,តើកត្តាអ្វីខ្លះដែលធ្វើអោយសម័យអង្គររីកចម្រើនដល់កំពូល?​ ចូលរៀបរាប់។,កត្តាដែលធ្វើអោយសម័យអង្គររីកចម្រើនគឺ: កត្តាព្រះរាជា:ព្រះរាជាចាប់ពីព្រះបាទជ័យវរ្ម័នទី 2 រហូតដល់ព្រះបាទជ័យវរ្ម័នទី 7 សុទ្ធតែជាស្ដេចខ្លាំងពូកែ កត្តានយោបាយ: នយោបាយក្នុងប្រទេសបង្រួបបង្រួមជាតិកសាងនិងការពារទឹកដី នយោបាយក្រៅប្រទេស:ចងសម្ព័ន្ធមិត្តជាមួយប្រទេសធំៗវាយយករដ្ឋតូចដាក់ជាចំណុះ កត្តាសេដ្ឋកិច្ច:រីកចម្រើនលើវិស័យកសិកម្មសិប្បកម្មគណនាគម កត្តាសាសនា:ការឯកភាពគ្នារវាងសាសនាព្រាហ្មនិងព្រះពុទ្ធ កត្តាធនធានមនុស្សបន្សល់ទុកតាំងពីសម័យនគរភ្នំនិងចេនឡាមក។,កត្តាដែលធ្វើអោយសម័យអង្គររីកចម្រើនគឺ: .កត្តាព្រះរាជា:ព្រះរាជាចាប់ពីព្រះបាទជ័យវរ្ម័នទី 2 រហូតដល់ព្រះបាទជ័យវរ្ម័នទី 7 សុទ្ធសឹងតែជាស្ដេចខ្លាំងពូកែ .កត្តានយោបាយ: +នយោបាយក្នុងប្រទេស:បង្រួបបង្រួម​ កសាង និងការពារ។ +នយោបាយក្រៅប្រទេស:ចងសម្ព័ន្ធមិត្តជាមួយប្រទេសធំៗដូចជាចិននិងឥណ្ឌា និងវាយយករដ្ឋតូចដាក់ជាចំណុះ .កត្តាសេដ្ឋកិច្ច:ការរីកចម្រើនលើវិស័យកសិកម្ម សិប្បកម្ម គណនាគមន៍ .កត្តាសាសនា:មានការឯកភាពគ្នារវាងសាសនាព្រាហ្មនិងព្រះពុទ្ធ .កត្តាធនធានមនុស្សបន្សល់ទុកតាំងពីសម័យនគរភ្នំនិងចេនឡាមក។,10,10,4,1.0,0.9710717620824149,4,10,0,0
117,បុព្វហេតុអ្វីខ្លះដែលនាំឲ្យអាណាចក្រចេនឡាបែកបាក់ជាពីរគឺអាណាចក្រចេនឡាដីគោកនិងចេនឡាទឹកលិច?,បុព្វហេតុដែលនាំហើយអាណាចក្រចេនឡាបែកជាពីរគឺ -វិសាលភាពទឹកដីធំទូលាយ -ចម្បាំងអត់ឈប់ឈរ -សមន្ដរដ្ឋបះបោរចង់ផ្ដាច់ខ្លួន -វិបត្តិផ្ទៃក្នុង -ព្រះនាងជ័យទេវីគ្មានសមត្ថភាពគ្រប់គ្រង។,បុព្វហេតុដែលនាំហើយអាណាចក្រចេនឡាបែកជាពីរគឺ -វិសាលភាពទឹកដីធំទូលាយ -ចម្បាំងអត់ឈប់ឈរ -សមន្ដរដ្ឋបះបោរចង់ផ្ដាច់ខ្លួន -វិបត្តិផ្ទៃក្នុង -ព្រះនាងជ័យទេវីគ្មានសមត្ថភាពគ្រប់គ្រង។,7,7,4,1.0,0.9774278816832895,4,7,0,0
118,ហេតុអ្វីបានជាមនុស្សស្រូបយកខ្យល់ដែលមានកាបូនម៉ណូអុកស៊ីតអាចបង្កគ្រោះថ្នាក់ដល់ស្លាប់បាន?,បានជាមនុស្សស្រូបយកខ្យល់ដែលមានកាបូនម៉ូណូអុកស៊ីដអាចបង្កឲ្យមានគ្រោះថ្នាក់ដល់ស្លាប់ បានព្រោះកាបូនម៉ូណូអុកស៊ីដមានសមត្ថភាពចាប់យក ក្នុងឈាមបានខ្លាំងជាងអុកស៊ីសែន វារារាំងឈាមមិនឲ្យដឹកនាំអុកស៊ីសែនទៅចិញ្ចឹមសរីរាង្គជាពិសេសខួរក្បាលដែលបណ្តាលឲ្យ ស្លាប់និង សន្លប់ ។,បានជាមនុស្សស្រូបយកខ្យល់ដែលមានកាបូនម៉ូណូអុកស៊ីដអាចបង្កឲ្យមានគ្រោះថ្នាក់ដល់ស្លាប់ បានព្រោះកាបូនម៉ូណូអុកស៊ីដមានសមត្ថភាពចាប់យក ក្នុងឈាមបានខ្លាំងជាងអុកស៊ីសែន វារារាំងឈាមមិនឲ្យដឹកនាំអុកស៊ីសែនទៅចិញ្ចឹមសរីរាង្គជាពិសេសខួរក្បាលដែលបណ្តាលឲ្យ ស្លាប់និង សន្លប់ ។,5,2,2,0.4,0.8233145449565399,3,4,1,2
119,តើគេចែកយុគសម័យបុរេប្រវត្តិសាស្ត្រកម្ពុជាជាប៉ុន្មានយុគសម័យ?អ្វីខ្លះ?,គេចែកយុគសម័យបុរេប្រវត្តិសាស្ត្រកម្ពុជាជាបីយុគសម័យគឺ -យុគថ្មបំបែក (600000 - 12000 ឆ្នាំមុនគ.ស) -យុគថ្មរលីងឬសំលៀង (8000 - 2000 ឆ្នាំមុនគ.ស) -យុគលោហៈ(2000-100 ឆ្នាំមុនគ.ស)។,គេចែកយុគសម័យបុរេប្រវត្តិសាស្ត្រកម្ពុជាជាបីយុគសម័យគឺ -យុគថ្មបំបែក (600000 - 12000 ) -យុគថ្មរលីងឬសំលៀង (8000 - 2000 ) -យុគលោហៈ(2000-1000)។,5,5,4,1.0,0.9756440935202546,4,5,0,0
120,តើសេដ្ឋកិច្ចកម្ពុជាពឹងផ្អែកលើវិស័យអ្វីជាសំខាន់?     ក/ ហេតុអ្វីបានជាគេនិយាយថាកម្ពុជាជាប្រទេសកសិកម្ម?     ខ/ តើគេចែកកសិករជាប៉ុន្មានប្រភេទ?អ្វីខ្លះ?,សេដ្ឋកិច្ចកម្ពុជាពឹងផ្អែកលើវិស័យកសិកម្មជាសំខាន់។   ក/ បានជាគេនិយាយថាកម្ពុជាជាប្រទេសឧស្សាហកម្មព្រោះ៖  _  សណ្ឋានដី : ដីមានជីវជាតិល្អនិងសម្បូរទំនាបល្បាប់   _ ផ្លូវទឹក : ផ្លូវទឹកខ្វាត់ខ្វែងងាយស្រួលដល់ការដាំដុះ  _ ប្រជាជន : ប្រជាជនខ្មែរភាគច្រើនចូលចិត្តធ្វើកសិកម្ម  _ អាកាសធាតុ : ទទួលអាកាសធាតុក្តៅសើម  _ កសិកម្មផ្តល់ផល50%នៃផលិតផលជាតិសរុប។  ខ/ គេចែកកសិករទាំងនោះជា4ប្រភេទគឺ៖  _ កសិករធ្វើស្រែឬអ្នកស្រែ : និយមធ្វើស្រែ ស្រូវប្រាំង ស្រូវវស្សា ស្រូវឡើងទឹក  _ កសិករតំបន់ដីខ្ពស់ : គេដាំដំណាំជាអចិន្ត្រៃយ៍(ពោត ដំឡូង ចេក កៅស៊ូសណ្តែក)  _ កសិករធ្វើចម្ការដំណាំស្រូវ : គេដាំដំណាំតាមមាត់ទន្លេ ចិញ្ចឹមសត្វនិងនេសាទ  _ កសិករភូមិភាគឦសាន: គេធ្វើដំណាំព្រៃដុតមានដូចជាពោត ដំឡូង ស្រូវរុក្ខជាតិយកមើមដទៃទៀត និងបរបាញ់សត្វផងដែរ។,ក/ សេដ្ឋកិច្ចពឹងផ្អែកលើវិស័យកសិកម្មជាសំខាន់ ព្រោះគេនិយាយថាប្រទេសកម្ពុជាជាប្រទេសកសិកម្ម ព្រោះកម្ពុជាស្ថិតនៅតំបន់ត្រូពិចក្តៅហើយសើម ជាតំបន់ទំនាបកណ្ដាល និងតំបន់ខ្ពង់រាបមានភ្លៀងធ្លាក់ច្រើនសណ្ឋានដីសើម និងក្តៅមានសារធាតុសម្បូរទៅដោយប្រើធារាសាស្រ្ត  និងមានផ្ទៃដីដាំដុះប្រហែល 90% នៃផ្ទៃដីអនុគ្រោះដល់កសិករក្នុងការកសិកម្ម ។ ខ/ គេចែកកសិករទាំងនោះជា ២ ប្រភេទគឺ៖   _សកម្ម   _និងអសកម្ម ។,20,12,2,0.6,0.5296395675237562,2,11,0,1
121,តើសម័យឧដុង្គចាប់ពីឆ្នាំណាដល់ឆ្នាំណា?ហេតុអ្វីបានជាប្រទេសកម្ពុជាធ្លាក់ចុះខ្សោយកាន់តែខ្លាំងនៅសម័យឧដុង្គ។ចូរពន្យល់,សម័យឧដុង្គចាប់ពីឆ្នាំ បានជាប្រទេសកម្ពុជាធ្លាក់ចុះខ្សោយកាន់តែខ្លាំងនៅសម័យឧដុង្គព្រោះ សង្គ្រាមផ្ទៃក្នុងញឹកញាប់និងការជាវជ្រៀតជ្រែកពីសៀមនិងយួន ការប្រកួតប្រជែងដណ្ដើមរាជ្យបានឡើងក្នុងចំណោមព្រះរាជវង្សានុវង្ស បែកបាក់សាមគ្គីផ្ទៃក្នុងគ្មានការសាមគ្គីរួបរួមនៅក្នុងប្រទេសជិតខាង កម្ពុជាត្រូវបែកជាពីរផ្នែកដោយសារសៀមត្រួតត្រាផ្នែកខាងលិចបាត់ដំបងសៀមរាបត្រួតត្រាខាងត្បូង បាត់បង់ទឹកដីដោយសារខេត្តជាច្រើននៅភាគខាងលិចបាត់ដំបងសៀមរាបមង្គលបុរី ត្រូវបានធ្លាក់ក្នុងកណ្ដាប់ដៃសៀមនៅឆ្នាំនិងមុនបាត់បង់ដីភាគខាងកើតនៅវៀតណាម សេដ្ឋកិច្ចពឹងផ្អែកលើវិស័យកសិកម្មបុរាណដែល សួយសារអាករឲ្យគេ ចំណែកវប្បធម៌វិញវត្តអារាមត្រូវបានបំផ្លិចបំផ្លាញ ប្រទេសជាតិខ្សោយគ្មានកម្លាំងទប់ទល់នឹងការវាយលុកពីខាងក្រៅមន្ត្រីក្បត់ជាតិច្រើន ដោយសារ រាជវង្សផ្ទៃក្នុងការដណ្ដើមអំណាចគ្នា។,សម័យឧដុង្គចាប់ពីឆ្នាំ ១៦២០-១៨៦៣។ បានជាប្រទេសកម្ពុជាធ្លាក់ចុះខ្សោយកាន់តែខ្លាំងនៅសម័យឧដុង្គព្រោះមានសង្គ្រាមជាបន្តបន្ទាប់ជាមួយនឹងសៀមដែលធ្វើឲ្យប្រទេសបាត់បង់ធនធានមនុស្សនិងទ្រព្យសម្បត្តិយ៉ាង ធ្ងន់ធ្ងរជាមួយនឹងសៀម។,15,8,2,0.5333333333333333,0.4950581718165856,2,7,0,1
122,តើគេចែកយុគសម័យបុរេប្រវត្តិសាស្ត្រកម្ពុជាជាប៉ុន្មានយុគសម័យ?អ្វីខ្លះ?,គេចែកយុគសម័យបុរេប្រវត្តិសាស្ត្រកម្ពុជាជាបីយុគសម័យគឺ -យុគថ្មបំបែក (600000 - 12000 ឆ្នាំមុនគ.ស) -យុគថ្មរលីងឬសំលៀង (8000 - 2000 ឆ្នាំមុនគ.ស) -យុគលោហៈ(2000-100 ឆ្នាំមុនគ.ស)។,គេចែកយុគសម័យបុរេប្រវត្តិសាស្ត្រកម្ពុជាជាបីយុគសម័យគឺ -យុគថ្មបំបែក (600000 - 12000 ឆ្នាំមុនគ.ស) -យុគថ្មរលីងឬសំលៀង (8000 - 2000 ឆ្នាំមុនគ.ស) -យុគលោហៈ(2000-100 ឆ្នាំមុនគ.ស)។,5,5,4,1.0,0.9891445407849986,4,5,0,0
123,ដូចម្តេចដែលហៅថាមេយ៉ូស? ចូរនិយាយពីវគ្គផ្សេងៗនៃមេយ៉ូស។,មេយ៉ូសជាសំណុំនៃចំណែកកោសិកាពីរដងបន្តបន្ទាប់គ្នាដែលបង្កើតបានជាកោសិកាអាលូអុីតបួន ហៅថាមេយ៉ូស ។ _តេឡូផាស1 ស៊ីតូប្លាសចែកខ្លួនបានជាកោសិកាកូនពីរ ។កោសិកាកូននីមួយៗទទួលបានក្រូម៉ូសូម តែមួយពីរគូអូម៉ូឡូក ។ _ប្រផាស1 មានរយៈពេលវែង ។ _អាណាផាស1 ក្រូម៉ូសូមដំរៀបលើផ្លាស់ភ្ជាប់នឹងក្រយ៉ូងក្រូម៉ាទិចដោយសង់ក្រូងទ័ររបស់វា ។ _តេឡូផាស2 ក្រូម៉ូមនីមួយៗបានមកដល់ប៉ូលភ្នាស _មេតាផាស2 ក្រូម៉ូសូមប្រេះតាមបណ្ដោយភ្ជាប់ខ្លួនទៅនិងក្រយ៉ងក្រូម៉ាទិចដោយសង់ _ប្រូដាស2 ត្តយ៉ងអាក្រូម៉ាទិតកើតមានក្នុងកោសិកាគូនីមួយៗ _អាណាផាស2 សង់ក្រូម៉ែធ្វើចំណែកដែលនាំអោយក្រូម៉ាទិចបងប្អូនដាច់ចេញពីគ្នា ។បន្ទាប់មក ក្រូម៉ូសូមកូនទាំង2ធ្វើដំណើរឆ្ពោះទៅប៉ូលផ្ទុយគ្នារបស់ត្រយ៉ូងអាក្រូម៉ាទិច ។,ដែលហៅថាមេយ៉ូសគឺជាសំណុំនៃចំណែកកោសិកាពីដងបន្តបន្ទាប់គ្នាបង្កើតបានជាកោសិកា អាប្លូអុីត4 ។វគ្គផ្សេងនៃមេយ៉ូសមានដូចជា  _ប្រផាស1 មានរយៈពេលវែង ។ _អាណាផាស1 ក្រូម៉ូសូមដំរៀបលើផ្លាស់ភ្ជាប់នឹងក្រយ៉ូងក្រូម៉ាទិចដោយសង់ក្រូងទ័ររបស់វា ។ _តេឡូផាស1 ស៊ីតូប្លាសចែកខ្លួនបានជាកោសិកាកូនពីរ ។កោសិកាកូននីមួយៗទទួលបានក្រូម៉ូសូម តែមួយពីរគូអូម៉ូឡូក ។ _មេតាផាស ក្រូម៉ូសូមប្រេះតាមបណ្ដោយភ្ជាប់ខ្លួនទៅនិងក្រយ៉ងក្រូម៉ាទិចដោយសង់,10,8,3,0.8,0.6387167590238794,3,6,0,2
124,សេដ្ឋកិច្ចកម្ពុជាពឹងផ្អែកលើវិស័យកសិកម្មជាសំខាន់៖ ​ក.​ ហេតុអ្វីបានជាគេនិយាយថាកម្ពុជាជាប្រទេសកសិកម្ម? ខ. តើគេចែកកសិករទាំងនោះជាប៉ុន្មានប្រភេទ?,សេដ្ឋកិច្ចកម្ពុជាបានផ្អែកលើវិស័យកសិកម្មជាសំខាន់៖ ក​. បានជាគេនិយាយថាប្រទេសកម្ពុជាជាប្រទេសកសិកម្មដោយសារ -ផ្ទៃដីនៅប្រទេសកម្ពុជាប្រហែល៩០ភាគរយសិតតែដំណាំស្រូវ -ប្រជាជនកកម្ពុជា ៧០.៣ភាគរយធ្វើកសិកម្ម -កសិកម្មជួយឲ្យប្រជាជនកម្ពុជាមានការងារធ្វើ -ប្រជាជននិយមធ្វើកសិកម្ម -ដីនៅកម្ពុជាប្រកបជាមួយកាធ្វើកសិកម្ម -កម្ពុជាមានអាកាសធាតុសមស្របសម្រាប់ធ្វើកសិកម្ម ខ. គេចែកកសិកម្មទាំងនោះជាពីរប្រភេទ៖ +កសិករខ្នាតតូច -ធ្វើកសិកម្មដើម្បីជីវិត -ធ្វើលក្ខណៈតិចតួច ទុកតែបរិភោគសម្រាប់គ្រួសារ -មិនលក់ឲ្យអ្នកណា +កសិករខ្នាតធំ -ធ្វើកសិកម្មច្រើនហើយទុកសម្រាប់លក់ឬនាំចេញទៅក្រៅប្រទេស -ធ្វើមួយឆ្នាំអាចទៅពីរលើក -ធ្វើលក្ខណៈច្រើន ដើម្បីលក់និងនាំចេញ។,ក. បានជាគេនិយាយថា កម្ពុជាជាប្រទេសកសិកម្ម ព្រោះស្ថិតនៅក្នុងជាប្រទេសកំពុងអភិវឌ្ឍនៅឡើយ ហើយប្រទេសកម្ពុជា យើងនិងគឺពឹងលើវិស័យកសិកម្មនៅក្នុងប្រទេសដោយប្រទេសយើងនឹង នៅមានកម្រិតនៅឡើង ផ្ទុយពីប្រទេសដោយពឹងផ្អែក វិស័យឧស្សាហកម្មដូចជាប្រទេសអាមេរិកដែលប្រទេសគេនឹងពឹងផ្អែកលើវិស័យឧស្សាហកម្មដោយសេដ្ឋកិច្ចដើរលឿនខ្លាំង។ ខ. គេចែកកសិករជា២ប្រភេទ៖ +កសិករខ្នាតធំ៖ -កសិករខ្នាតធំមានកម្មករច្រើន -ប្រើដោយគ្រឿងចក្រខ្នាតធំមានកម្មករច្រើន -មានដីចំដែលធ្វើឲ្យមានទិន្នផល -មានរោងចក្រដែកគេនិងប្រមូលផលបានគេយកទៅរោងចក្ររបស់គេ។ +កសិករខ្នាតតូច៖ -ការធ្វើបែបគ្រួសារ -មិនប្រើប្រាស់គ្រឿងចក្រធំៗ -មានកម្លាំងតិច -មិនមានដីធំចូលលាយសម្រាប់ -ទិន្នផលតិចវផ្សេងៗទៀត...។,15,2,1,0.1333333333333333,0.28439916866008963,1,4,0,2
125,តើគេចែកយុគសម័យបុរេប្រវត្តិសាស្ត្រកម្ពុជាជាប៉ុន្មានយុគសម័យ?អ្វីខ្លះ?,គេចែកយុគសម័យបុរេប្រវត្តិសាស្ត្រកម្ពុជាជាបីយុគសម័យគឺ -យុគថ្មបំបែក (600000 - 12000 ឆ្នាំមុនគ.ស) -យុគថ្មរលីងឬសំលៀង (8000 - 2000 ឆ្នាំមុនគ.ស) -យុគលោហៈ(2000-100 ឆ្នាំមុនគ.ស)។,គេចែកយុគសម័យបុរេប្រវត្តិសាស្ត្រកម្ពុជាជាបីយុគសម័យគឺ -យុគថ្មបំបែក (600000 - 12000 ឆ្នាំមុនគ.ស) -យុគថ្មរលីងឬសំលៀង (8000 - 2000 ឆ្នាំមុនគ.ស) -យុគលោហៈ(2000-100 ឆ្នាំមុនគ.ស)។,5,5,4,1.0,0.9891445407849986,4,5,0,0
126,តើឧស្សាហកម្មមានតួនាទីដូចម្ដេចខ្លះចំពោះសេដ្ឋកិច្ចជាតិ?,ឧស្សាហកម្មមាន​តួនាទីចំពោះសេដ្ឋកិច្ចជាតិដូចជា ៖ ​ _ ជួយបង្កើតថវិការជាតិ ​ _ ជួយបង្កើតទិន្នផលជាតិ ​​ _ ជួយឲ្យសេដ្ឋកិច្ចជាតិរីកចម្រើន  _ ប្រជាជនសំបូរធូរធារ  _អភិវឌ្ឍគ្រប់វិស័យ  _ មានទំនាក់ទំនងល្អជាមួយអ្នកជិតខាង  _ មានភាពរុងរឿងនៅក្នុងប្រទេសជាតិ។,ឧស្សាហកម្មមានតួនាទីចំពោះសេដ្ឋកិច្ចដូចជា៖ -ឧស្សាហកម្មជួយឲ្យប្រទេសមានការរីកចម្រើន -សេដ្ឋកិច្ចអភិវឌ្ឍន៍ប្រទេសក្រីក្រថាប្រទេស  -មានទំនាក់ទំនងជាមួយប្រទេសជិតខាងថាប្រទេសមានការរីកចម្រើនធ្វើឲ្យប្រទេស -នាំចូលឧស្សាហកម្មកាន់តែច្រើនឡើង មានការនាំចូលនាំចេញទៅក្រៅប្រទេសបង្កើតការងារឲ្យប្រជាជនថាប្រជាជនគ្មានការងារធ្វើ ច្រើនធ្វើឲ្យប្រទេសជាតិ ខាងវិស័យ មានតួនាទីសំខាន់ចំពោះប្រទេស,15,15,4,1.0,0.9752375176802566,4,15,0,0
127,បុព្វហេតុអ្វីខ្លះដែលនាំឲ្យអាណាចក្រចេនឡាបែកបាក់ជាពីរគឺអាណាចក្រចេនឡាដីគោកនិងចេនឡាទឹកលិច?,បុព្វហេតុដែលនាំហើយអាណាចក្រចេនឡាបែកជាពីរគឺ -វិសាលភាពទឹកដីធំទូលាយ -ចម្បាំងអត់ឈប់ឈរ -សមន្ដរដ្ឋបះបោរចង់ផ្ដាច់ខ្លួន -វិបត្តិផ្ទៃក្នុង -ព្រះនាងជ័យទេវីគ្មានសមត្ថភាពគ្រប់គ្រង។,បុព្វហេតុដែលនាំហើយអាណាចក្រចេនឡាបែកជាពីរគឺ -វិសាលភាពទឹកដីធំទូលាយ -ចម្បាំងអត់ឈប់ឈរ -សមន្ដរដ្ឋបះបោរចង់ផ្ដាច់ខ្លួន -ព្រះនាងជ័យទេវីគ្មានសមត្ថភាពគ្រប់គ្រង។,7,7,4,1.0,0.9698555521002805,4,7,0,0
128,ហេតុអ្វីបានជាផ្នែកឯកជនជាកម្លាំងដ៏សំខាន់សម្រាប់វិនិយោគ និងធ្វើឲ្យមានកំណើនសេដ្ឋកិច្ចក្នុងប្រទេស?,បានជាផ្នែកឯកជនជាកម្លាំងដ៏សំខាន់សម្រាប់កំណើនសេដ្ឋកិច្ចកម្ពុជាព្រោះ -កម្ពុជាបានអនុវត្តសេដ្ឋកិច្ចទីផ្សារសេរីដោយបានធ្វើកំណែទម្រង់ពីសហគ្រាសរដ្ឋឲ្យក្លាយទៅជាកម្មសិទ្ធិឯកជន -សេដ្ឋកិច្ចទីផ្សារសេរីនាំឲ្យអ្នករកស៊ីចូលចិត្តមករកស៊ីនិងដាក់វិនិយោគទុន -កាលណាភ្នែកឯកជនរឹងមាំអាចជួយបំពេញបន្ថែមលើវិនិយោគសាធារណៈក្នុងវិស័យសេដ្ឋកិច្ចគឺផ្នែកឯកជនអាចស្រូបយកកម្លាំងពលកម្មកើនឡើង។,បានជាផ្នែកឯកជនជាកម្លាំងដ៏សំខាន់សម្រាប់វិនិយោគនិងធ្វើឲ្យមានកំណើនសេដ្ឋកិច្ចព្រោះ៖ -ឲ្យតម្លៃទៅលើផ្នែកឯកជន -ការនាំទំនិញទៅអន្ដរជាតិ -មានការយកចិត្តទុកដាក់លើការងារ -គោរពពេលវេលាបានទៀងទាត់ -ជាកម្លាំងយ៉ាងសំខាន់ក្នុងការអភិវឌ្ឍជាតិ -ផ្នែកឯកជនផ្ដល់តម្លៃឲ្យប្រជាជនទាំងអ្នកមាននិងអ្នកក្រ -ទាក់ទាញអ្នកវិនិយោគទាំងក្នុងនិងក្រៅប្រទេស។,15,5,1,0.3333333333333333,0.2622482699209561,1,4,0,1
129,តើសម័យឧដុង្គចាប់ពីឆ្នាំណាដល់ឆ្នាំណា?ហេតុអ្វីបានជាប្រទេសកម្ពុជាធ្លាក់ចុះខ្សោយកាន់តែខ្លាំងនៅសម័យឧដុង្គ។ចូរពន្យល់,សម័យឧដុង្គចាប់ពីឆ្នាំ បានជាប្រទេសកម្ពុជាធ្លាក់ចុះខ្សោយកាន់តែខ្លាំងនៅសម័យឧដុង្គព្រោះ សង្គ្រាមផ្ទៃក្នុងញឹកញាប់និងការជាវជ្រៀតជ្រែកពីសៀមនិងយួន ការប្រកួតប្រជែងដណ្ដើមរាជ្យបានឡើងក្នុងចំណោមព្រះរាជវង្សានុវង្ស បែកបាក់សាមគ្គីផ្ទៃក្នុងគ្មានការសាមគ្គីរួបរួមនៅក្នុងប្រទេសជិតខាង កម្ពុជាត្រូវបែកជាពីរផ្នែកដោយសារសៀមត្រួតត្រាផ្នែកខាងលិចបាត់ដំបងសៀមរាបត្រួតត្រាខាងត្បូង បាត់បង់ទឹកដីដោយសារខេត្តជាច្រើននៅភាគខាងលិចបាត់ដំបងសៀមរាបមង្គលបុរី ត្រូវបានធ្លាក់ក្នុងកណ្ដាប់ដៃសៀមនៅឆ្នាំនិងមុនបាត់បង់ដីភាគខាងកើតនៅវៀតណាម សេដ្ឋកិច្ចពឹងផ្អែកលើវិស័យកសិកម្មបុរាណដែល សួយសារអាករឲ្យគេ ចំណែកវប្បធម៌វិញវត្តអារាមត្រូវបានបំផ្លិចបំផ្លាញ ប្រទេសជាតិខ្សោយគ្មានកម្លាំងទប់ទល់នឹងការវាយលុកពីខាងក្រៅមន្ត្រីក្បត់ជាតិច្រើន ដោយសារ រាជវង្សផ្ទៃក្នុងការដណ្ដើមអំណាចគ្នា។,សម័យឧដុង្គឆ្នាំ១៦២០ដល់១៨៦៣ ប្រទេសធ្លាក់ចុះខ្សោយកាន់តែខ្លាំងក្នុងសម័យឧដុង្គដោយទំនាក់ទំនងផ្ទៃរាជវង្សការឈ្លានពានជាបន្តបន្ទាប់ពីសៀមនិងអ្នកនឹងការបាត់បង់ទឹកដី។,15,8,2,0.5333333333333333,0.48607360094402363,2,7,0,1
130,តើអាណាចក្រភ្នំមានព្រំប្រទល់ជាប់ប្រទេសណាខ្លះ?,អាណាចក្រភ្នំមានព្រំប្រទល់ជាប់ប្រទេសដូចជា -ខាងជើងជាប់ចិន -ខាងត្បូងជាឈូងសមុទ្រខ្មែរ -ខាងកើតជាប់រដ្ឋចម្ប៉ា -ខាងលិចជាប់រដ្ធមនឬភូមា។,អាណាចក្រភ្នំមានព្រំប្រទល់ជាប់ប្រទេសដូចជា -ខាងជើងជាប់ចិន(រដ្ឋណានឆាវតុងកឹង) -ខាងត្បូងជាឈូងសមុទ្រខ្មែរ(ឈូងសមុទ្រនគរភ្នំ) -ខាងកើតជាប់រដ្ឋចម្ប៉ា -ខាងលិចជាប់រដ្ឋមនឬភូមា។,6,6,4,1.0,0.9922313298414637,4,6,0,0
131,ចូរនិយាយពីកំណកាម៉ែតញី។,ការស្ថិតនៅក្រោមសារពាង្គកាយនៃពងស្វាសមានសារៈសំខាន់ដូចជាដើម្បីរក្សាសីតុណ្ហភាពឲ្យ ទាបជាងសីតុណ្ហភាពក្នុងខ្លួន ប្រហែលពី(2-3)សីតុណ្ហភាពក្នុងខ្លួន37 ។,កំណកាម៉ែតញីដំបូងកោសិកាពូជមួយរួមចំណែកពីរដងបន្តបន្ទាប់គ្នា បានកោសិកាអូវ៉ូកូរី4 ។ អូវ៉ូកូរីនីមួយៗរីកមាឌអាចជាអូវ៉ូស៊ីត1 ។អូវ៉ូស៊ីតមួយរងចំណែកមួយនៃមេយោធាហើយត្រូវបាន ឈប់គាំងនៅវគ្គប្រផ្ដាស1 ។ក្រោយមកពេលគ្រប់អូវ៉ូស៊ីតមួយបន្តធ្វើចំណែកហើយត្រូវបានបញ្ចប់ នៅរយៈពេល6ម៉ោងមុនដំណើរអូវ៉ុលនិងធ្លាក់មកក្រៅជាអូវ៉ូស៊ីត2 ។ប្រសិនបើជួបស្ពែម៉ាតូសូអុីត បង្កើតបានជាអូវុល ។,10,8,3,0.8,0.8463191870338105,3,8,0,0
132,ចូររៀបរាប់អំពីទំនាក់ទំនងរវាងការដាំដុះអាជីវកម្មព្រៃឈើនិងនេសាទ។,ទំនាក់ទំនងរវាង ការដាំដុះអាជីវកម្មព្រៃឈើ និងការនេសាទ៖  _ ការដាំដុះអាជីវកម្មព្រៃឈើ និងការនេសាទ ជាភោគទ្រព្យយ៉ាងសំខាន់សម្រាប់ប្រជាជនក្នុងការទ្រទ្រង់ក្នុងជីវភាពរស់នៅនិងការអភិវឌ្ឍន៍ប្រទេសជាតិ   _ ដើម្បីបំពេញតម្រូវការក្នុងកសិកម្មផលិតកម្មនិងត្រូវការផ្សេងៗ មនុស្សនាំគ្នាកាប់ព្រៃឈើដើម្បីធ្វើអាជីវកម្មព្រៃឈើជាមូលហេតុធ្វើឲ្យអាកាសធាតុប្រែប្រួលប៉ះពាល់ដល់ជីវិតមនុស្ស សត្វ និងរុក្ខជាតិ  ​ _ អតិផលនៃប្រព័ន្ធកសិកម្ម នាំឲ្យមានកំណើននៃការប្រើប្រាស់គីមីនិងថ្នាំសម្លាប់សត្វល្អិត។ ជីគីមី និងថ្នាំសម្លាប់សត្វល្អិត ទាំងនោះហូរទៅផ្ដុំគ្នានៅតាមផ្លូវទឹកនានា បំផ្លាញជីវិតសត្វនិងពូជធម្មជាតិ។,រៀបរាប់ពីទំនាក់ទំនងរវាងការដាំដុះអាជីវកម្មព្រៃឈើនិងការនេសាទការដាំដុះអាជីវកម្មព្រៃឈើមានទំនាក់ទំនងការកាប់ឈើធ្វើ អាជីវកម្មលើឈើធ្វើតុទូកៅអីណានាំចេញទៅលួចកាប់ព្រៃឈើដើម្បីសាងអគារការដាំដុះនិង ការនេសាទមានទំនាក់ទំនង ឈើជាជម្រកត្រីពងព្រៃឈើជាកន្លែងដែលត្រីរស់នៅបង្កើតជាមនុស្សកុំទឹកក្ដៅពេកអាជីវកម្មព្រៃឈើនិង ការនេសាទបាត់បង់ជម្រកសម្រាប់ស្ត្រីពរបាត់បងប្អូនក្រអ្នកនេសាទងាយស្រួលដោយសារ,15,5,1,0.3333333333333333,0.25807996388995713,1,4,0,1
133,តើគេចែកយុគសម័យបុរេប្រវត្តិសាស្ត្រកម្ពុជាជាប៉ុន្មានយុគសម័យ?អ្វីខ្លះ?,គេចែកយុគសម័យបុរេប្រវត្តិសាស្ត្រកម្ពុជាជាបីយុគសម័យគឺ -យុគថ្មបំបែក (600000 - 12000 ឆ្នាំមុនគ.ស) -យុគថ្មរលីងឬសំលៀង (8000 - 2000 ឆ្នាំមុនគ.ស) -យុគលោហៈ(2000-100 ឆ្នាំមុនគ.ស)។,គេចែកយុគសម័យបុរេប្រវត្តិសាស្ត្រកម្ពុជាជាបីយុគសម័យគឺ -យុគថ្មបំបែក (600000 - 12000 ឆ្នាំមុនគ.ស) -យុគថ្មរលីងឬសំលៀង (8000 - 2000 ឆ្នាំមុនគ.ស) -យុគលោហៈ(2000-100 ឆ្នាំមុនគ.ស)។,5,5,4,1.0,0.9891445407849986,4,5,0,0
134,តើប្រព័ន្ធផលិតកម្មកសិកម្មនៅក្នុងប្រទេសកម្ពុជាមានអ្វីខ្លះ?ចូររៀបរាប់​ ។,ប្រព័ន្ធផលិតកម្មកសិកម្មនៅប្រទេសកម្ពុជាមាន៖    _ ដំណាំ : ដំណាំស្រូវ ដំណាំកៅស៊ូ ដំណាំផ្សេងៗទៀត    _ ការចិញ្ចឹមសត្វ : ការចិញ្ចឹមសត្វលើគោក ការចិញ្ចឹមសត្វក្នុងទឹក    _ ការនេសាទ : ការនេសាទទឹកសាប ការនេសាទទឹកប្រៃ  _ ព្រៃឈើ : ផលិតផលឈើ អនុផលព្រៃឈើ(រកឃ្មុំ ជ័រទឹក វល្លិ៍ ផ្តៅ) សត្វព្រៃ ។,ប្រព័ន្ធផលិតកម្មកសិកម្មនៅប្រទេសកម្ពុជាមានដូចជា ដំណាំដំណាំកៅស៊ូការចិញ្ចឹមសត្វដំណាំស្រូវ ការចិញ្ចឹមសត្វលើកូនគោក្របីមាន់ទាជ្រូកដែលចិញ្ចឹមសត្វក្នុងទឹកត្រី ការចិញ្ចឹមត្រីការនេសាទ ការនេសាទសិក្សា ការនេសាទ ព្រៃឈើអនុផលព្រៃឈើ ការរូបមកហូបផ្លែឈើជាដើម សត្វព្រៃ។,10,5,2,0.5,0.8725247511359248,3,9,1,4
135,តើឧស្សាហកម្មមានតួនាទីដូចម្ដេចខ្លះចំពោះសេដ្ឋកិច្ចជាតិ?,ឧស្សាហកម្មមាន​តួនាទីចំពោះសេដ្ឋកិច្ចជាតិដូចជា ៖ ​ _ ជួយបង្កើតថវិការជាតិ ​ _ ជួយបង្កើតទិន្នផលជាតិ ​​ _ ជួយឲ្យសេដ្ឋកិច្ចជាតិរីកចម្រើន  _ ប្រជាជនសំបូរធូរធារ  _អភិវឌ្ឍគ្រប់វិស័យ  _ មានទំនាក់ទំនងល្អជាមួយអ្នកជិតខាង  _ មានភាពរុងរឿងនៅក្នុងប្រទេសជាតិ។,ឧស្សាហកម្មមានតួនាទីចំពោះសេដ្ឋកិច្ចដូចជា៖ -ផ្តល់កាងារឲ្យប្រជាជនធ្វើ -ផ្ដល់ចំណូលដល់សេដ្ឋកិច្ចជាតិមាន២៣.៨%ឆ្នាំ២០០៨ -ផ្ដល់ផលិតផលសម្រាប់នាំចេញ -ផ្ដល់ផលិតផលសម្រាប់ប្រើប្រាស់ -ជួយរក្សាលំនឹងជញ្ជីងពាណិជ្ជកម្ម -និងផ្ដល់ប្រាក់ចំណូលដល់គ្រួសារ។,15,15,4,1.0,0.9823221845494822,4,15,0,0
136,តើប្រព័ន្ធផលិតកម្មកសិកម្មនៅក្នុងប្រទេសកម្ពុជាមានអ្វីខ្លះ?ចូររៀបរាប់​ ។,ប្រព័ន្ធផលិតកម្មកសិកម្មនៅប្រទេសកម្ពុជាមាន៖    _ ដំណាំ : ដំណាំស្រូវ ដំណាំកៅស៊ូ ដំណាំផ្សេងៗទៀត    _ ការចិញ្ចឹមសត្វ : ការចិញ្ចឹមសត្វលើគោក ការចិញ្ចឹមសត្វក្នុងទឹក    _ ការនេសាទ : ការនេសាទទឹកសាប ការនេសាទទឹកប្រៃ  _ ព្រៃឈើ : ផលិតផលឈើ អនុផលព្រៃឈើ(រកឃ្មុំ ជ័រទឹក វល្លិ៍ ផ្តៅ) សត្វព្រៃ ។,ប្រព័ន្ធផលិតផលកសិកម្មនៅប្រទេសកម្ពុជាមានចំនួនបីដូចជា៖  +កសិកម្មផ្នែកដាំដុះ -ដំណាំស្រូវ លោក ដំឡូងពោត   -ដំណាំកៅស៊ូ -ដំណាំហូងផ្លែ +កសិកម្មនេសាទ -ការនេសាទត្រី -ការចិញ្ចឹមត្រី +កសិកម្មអនុផលព្រៃឈើ -ការកាប់យកព្រៃឈើមានតម្លៃ -ការអាស្រ័យយកផល្លាក្នុងព្រៃល។,10,2,1,0.2,0.5157467803444674,2,5,1,3
137,តើសង្គមខ្មែរនៅសម័យអង្គរមានប៉ុន្មានវណ្ណៈ? វណ្ណៈអ្វីខ្លះ? ចូលរៀបរាប់។,សង្គមខ្មែរនៅសម័យអង្គរមានប្រាំវណ្ណៈគឺ -វណ្ណៈក្សត្រឬរាជវង្សនុវង្ស (ជាស្ដេចគ្រប់គ្រងប្រទេស -វណ្ណៈមន្ត្រី (អ្នករស់នៅក្នុងរាជវាំងបម្រើស្ដេច) -វណ្ណៈព្រាហ្ម៍ឬបុព្វជិត​(គឺជាអ្នកបួស) -វណ្ណៈអ្នកជាឬកសិករ (អ្នករស់នៅនឹងធ្វើស្រែចម្ការ) -វណ្ណៈអ្នកងារឬទាសករ(ទាសករបម្រើគេតកូនតចៅ)។,សង្គមខ្មែរនៅសម័យអង្គរមានប្រាំវណ្ណៈគឺ -វណ្ណៈក្សត្រ:ជាអ្នកដឹកនាំប្រទេសនិងជាអ្នកបង្រួបបង្រួមនិងការពារជាតិ -វណ្ណៈមន្ត្រី:ជាអ្នកត្រួតត្រាបន្ទាប់ពីព្រះមហាក្សត្រ -វណ្ណៈព្រាហ្ម៍និងព្រះសង្ឃ:ជាអ្នកត្រាស់ដឹង -វណ្ណៈអ្នកជា:ជាប្រជាពលរដ្ឋទូទៅ -វណ្ណៈទាសករ:ជាអ្នកបម្រើ,10,10,4,1.0,0.9236429073309995,4,9,0,1
138,តើថ្ងៃរំដោះ៧មករា១៩៧៩ មានអត្ថន័យយ៉ាងណាខ្លះចំពោះប្រវត្តិសាស្ត្រកម្ពុជា?,ថ្ងៃរំដោះ 7 មករា 1979 មានអត្ថន័យជាប្រវត្តិសាស្រ្តដូចជា÷ -ជាថ្ងៃដែលប្រជាជនរួចផុតពីរបបប្រល័យពូជសាសន៍ -ជាថ្ងៃដែលរបបកម្ពុជាប្រជាធិបតេយ្យដួលរលំ -ជាថ្ងៃកំណើតទី 2 របស់ប្រជាជនខ្មែរ -ជាថ្ងៃដែលកងទ័ពរណសិរ្យសាមគ្គីនិងកងទ័ពរំដោះប្រជាជន បានរំដោះប្រជាជនចេញពីរបបប្រល័យពូជសាស្ត្រកម្ពុជា។,ថ្ងៃរំដោះ 7 មករា 1979 បានផ្ដល់អត្ថន័យជាប្រវត្តិសាស្រ្តចំពោះកម្ពុជាដូចជា÷ -ជាថ្ងៃដែលប្រជាជនកម្ពុជារួចផុតពីការសម្លាប់យ៉ាងរង្គាលនៃរបបកម្ពុជាប្រជាធិបតេយ្យ -ជាថ្ងៃកំណើតទី 2 របស់ពលរដ្ឋកម្ពុជាដែលបានរួចផុតពីរបបកម្ពុជាប្រជាធិបតេយ្យ -បាននាំជូនប្រជាជនកម្ពុជានូវសិទ្ធិសេរីភាពទាំងអស់ក្រោយការដួលរលំកម្ពុជាប្រជាធិបតេយ្យ -ការរស់រានឡើងវិញនូវវប្បធម៌ជាតិមានដូចជាជំនឿ សាសនា ប្រពៃណី សិល្បៈ  -ស្ដារនិងកសាងប្រទេសឡើងវិញតាមឆន្ទះនិងគោលបំណងប្រជាជន -ជាថ្ងៃនៃការស្ដាមុខមាត់ប្រទេសកម្ពុជាឡើងវិញលើឆាកតំបន់និងអន្តរជាតិ -បង្ហាញពីសាមគ្គីភាពរវាងប្រទេសកម្ពុជា-វៀតណាម -ជាកម្លាំងស្នូលនៃការបង្រួបបង្រួមជាតិ -អាចកំណត់វាសនាប្រទេសជាតិដោយខ្លួនឯង -ចាប់ផ្ដើមបង្កើតសមត្ថភាពធនធានមនុស្សបញ្ជូននិស្សិតទៅបណ្ដុះបណ្ដាលនៅក្រៅប្រទេស -កម្ពុជាអាចមានឯករាជ្យសន្តិភាពសេរីភាពសុភមង្គលស្ថិរភាពដើម្បីដំណើរជាតិបន្តទៅមុខដោយសុខដុមភាព -អាចមានផ្លូវដើរដោយមិនមានអតីតកាល។,8,8,4,1.0,0.9575782924962819,4,8,0,0
139,តើឧស្សាហកម្មមានអ្នកតួនាទីចំពោះសេដ្ឋកិច្ចយ៉ាងដូចម្ដេច?,ឧស្សាហកម្មមានតួនាទីសម្រាប់សេដ្ឋកិច្ចជាតិដូចជា -ជួយបង្កើតប្រាក់ចំណូលចូលជាតិ -បង្កើតការងារដល់ប្រជាជន -បង្កើតប្រាក់ចំណូលចូលក្នុងគ្រួសារ -ប្រជាជនមានជីវភាពធូរធារ -ជួយរក្សាជញ្ជីងពាណិជ្ជកម្ម -ជួយបង្កើតទិន្នផលសម្រាប់ការនាំចេញនាំចូល -បង្កើននូវសង្ឃភារៈសម្រាប់ប្រើប្រាស់។,ឧស្សាហកម្មមានតួនាទីចំពោះសេដ្ឋកិច្ចដូចជា -ជួយបង្កើនប្រាក់ចំណូលចូលជាតិ -បង្កើនការងារជូនផលប្រជាជន -ផ្ដល់ប្រាក់ចំណូលក្នុងគ្រួសារ -ប្រជាជនមានជីវភាពធូរធារ  -ជួយរក្សាលំនឹងជញ្ជីងពាណិជ្ជកម្ម  -ផ្ដល់ផលិតផលសម្រាប់នាំចេញ -ផ្តល់ផលិតផលសម្រាប់ប្រើប្រាស់។,15,15,4,1.0,0.9640253889613853,4,14,0,1
140,ហេតុអ្វីបានជាមនុស្សស្រូបយកខ្យល់ដែលមានកាបូនម៉ណូអុកស៊ីតអាចបង្កគ្រោះថ្នាក់ដល់ស្លាប់បាន?,បានជាមនុស្សស្រូបយកខ្យល់ដែលមានកាបូនម៉ូណូអុកស៊ីដអាចបង្កឲ្យមានគ្រោះថ្នាក់ដល់ស្លាប់ បានព្រោះកាបូនម៉ូណូអុកស៊ីដមានសមត្ថភាពចាប់យក ក្នុងឈាមបានខ្លាំងជាងអុកស៊ីសែន វារារាំងឈាមមិនឲ្យដឹកនាំអុកស៊ីសែនទៅចិញ្ចឹមសរីរាង្គជាពិសេសខួរក្បាលដែលបណ្តាលឲ្យ ស្លាប់និង សន្លប់ ។,បានជាមនុស្សស្រូបយកខ្យល់ដែលមានកាបូនម៉ូណូអុកស៊ីដអាចបង្កគ្រោះថ្នាក់ដល់ស្លាប់បានព្រោះ អុកស៊ីតដែលមនុស្សត្រូវការ ឧស្ម័នកាបូនិចនិងទឹក ទើបអាចរស់បាន ។,5,2,2,0.4,0.554404473268375,2,3,0,1
141,ហេតុអ្វីបានជាមនុស្សស្រូបយកខ្យល់ដែលមានកាបូនម៉ណូអុកស៊ីតអាចបង្កគ្រោះថ្នាក់ដល់ស្លាប់បាន?,បានជាមនុស្សស្រូបយកខ្យល់ដែលមានកាបូនម៉ូណូអុកស៊ីដអាចបង្កឲ្យមានគ្រោះថ្នាក់ដល់ស្លាប់ បានព្រោះកាបូនម៉ូណូអុកស៊ីដមានសមត្ថភាពចាប់យក ក្នុងឈាមបានខ្លាំងជាងអុកស៊ីសែន វារារាំងឈាមមិនឲ្យដឹកនាំអុកស៊ីសែនទៅចិញ្ចឹមសរីរាង្គជាពិសេសខួរក្បាលដែលបណ្តាលឲ្យ ស្លាប់និង សន្លប់ ។,បានជាមនុស្សស្រូបយកខ្យល់ដែលមានកាបូនម៉ូណូអុកស៊ីដអាចបង្កឲ្យមានគ្រោះថ្នាក់ដល់ស្លាប់ បានព្រោះកាបូនម៉ូណូអុកស៊ីដមានសមត្ថភាពចាប់យក ក្នុងឈាមបានខ្លាំងជាងអុកស៊ីសែន វារារាំងឈាមមិនឲ្យដឹកនាំអុកស៊ីសែនទៅចិញ្ចឹមសរីរាង្គជាពិសេសខួរក្បាលដែលបណ្តាលឲ្យ ស្លាប់និង សន្លប់ ។,5,4,3,0.8,0.8233145449565399,3,4,0,0
142,តើអាណាចក្រភ្នំមានព្រំប្រទល់ជាប់ប្រទេសណាខ្លះ?,អាណាចក្រភ្នំមានព្រំប្រទល់ជាប់ប្រទេសដូចជា -ខាងជើងជាប់ចិន -ខាងត្បូងជាឈូងសមុទ្រខ្មែរ -ខាងកើតជាប់រដ្ឋចម្ប៉ា -ខាងលិចជាប់រដ្ធមនឬភូមា។,អាណាចក្រភ្នំមានព្រំប្រទល់ជាប់ប្រទេសដូចជា -ខាងជើងជាប់ចិន -ខាងត្បូងជាឈូងសមុទ្រខ្មែរ -ខាងកើតជាប់រដ្ឋចម្ប៉ា -ខាងលិចជាប់រដ្ឋមនឬភូមា។,6,5,3,0.8333333333333334,0.9900460795956889,4,6,1,1
143,តើថ្ងៃរំដោះ៧មករា១៩៧៩ មានអត្ថន័យយ៉ាងណាខ្លះចំពោះប្រវត្តិសាស្ត្រកម្ពុជា?,ថ្ងៃរំដោះ 7 មករា 1979 មានអត្ថន័យជាប្រវត្តិសាស្រ្តដូចជា÷ -ជាថ្ងៃដែលប្រជាជនរួចផុតពីរបបប្រល័យពូជសាសន៍ -ជាថ្ងៃដែលរបបកម្ពុជាប្រជាធិបតេយ្យដួលរលំ -ជាថ្ងៃកំណើតទី 2 របស់ប្រជាជនខ្មែរ -ជាថ្ងៃដែលកងទ័ពរណសិរ្យសាមគ្គីនិងកងទ័ពរំដោះប្រជាជន បានរំដោះប្រជាជនចេញពីរបបប្រល័យពូជសាស្ត្រកម្ពុជា។,ថ្ងៃរំដោះ 7 មករា 1979 បានផ្ដល់អត្ថន័យជាប្រវត្តិសាស្រ្តចំពោះកម្ពុជាដូចជា÷ -ជាថ្ងៃដែលប្រជាជនកម្ពុជារួចផុតពីការសម្លាប់យ៉ាងរង្គាលនៃរបបកម្ពុជាប្រជាធិបតេយ្យ -ជាថ្ងៃកំណើតទី 2 របស់ពលរដ្ឋកម្ពុជាដែលបានរួចផុតពីរបបកម្ពុជាប្រជាធិបតេយ្យ -បាននាំជូនប្រជាជនកម្ពុជានូវសិទ្ធិសេរីភាពទាំងអស់ក្រោយការដួលរលំកម្ពុជាប្រជាធិបតេយ្យ -ស្ដារនិងកសាងប្រទេសឡើងវិញស្របតាមឆន្ទះនិងគោលបំណងប្រជាជន -កម្ពុជាអាចកំណត់វាសនាប្រទេសជាតិដោយខ្លួនឯង -កម្ពុជាអាចមានឯករាជ្យ សន្តិភាព សេរីភាព សុភមង្គល ស្ថេរភាព -អាចមានផ្លូវដើរដោយច្បាស់លាស់មិនជាន់ដានអតីតកាល។ -ចាប់ផ្ដើមបង្កើតសមត្ថភាពធនធានមនុស្សបញ្ជូននិស្សិតទៅបណ្ដុះបណ្ដាលនៅក្រៅប្រទេស,8,8,4,1.0,0.9508948524201559,4,8,0,0
144,តើកត្តាអ្វីខ្លះដែលបណ្ដាលឲ្យសៀមវាយបែកបន្ទាយលង្វែក?,កត្តាដែលបណ្ដាលឲ្យសៀមវាយបន្ទាយលង្វែកព្រះរាជាព្រះសត្ថាទីមួយឆោតល្ងង់ទៅជួយរំដោះក្រុងឰយុធ្យារបស់សៀមមកពីការត្រួតត្រាភូមាសៀមរមិលគុណប្រើល្បិចបញ្ជូនសល់ពីរអង្គ យកការវិបត្តិផ្ទៃក្នុងជាជួរជលសារលោករវល់ នាដើមម៉ឺនមន្ត្រីប្រជារាស្ត្រមិនពេញចិត្តដែលតែងទៅកូនអាយុដប់មួយវស្សា ឲ្យកូនរៀននៅ ក្នុងនាម មហាឧបរាជ ធ្វើឲ្យប្រជារាស្ត្របាត់បង់ស្មារតីប្រយុទ្ធប្រជារាស្ត្រខ្មែរក្រីក្រឆោតល្ងង់ចង់បានប្រាក់ដួលក៏នាំគ្នាកាប់ឆ្ការគុម្ពឫស្សីដែលជារបងការពារបន្ទាយលង្វែកដ៏រឹងមាំ រីប្រទេសខ្មែរហាក់បីដូចជាបាត់បង់សាមគ្គីដូចជាស្ថានីយមួយនាំកូនទាំងពីររត់ភៀសខ្លួនទៅប្រទេសឡាវមិនគិតពីប្រជារាស្ត្រនាំឲ្យប្រជាជន អស់ជំនឿ,កត្តាដែលបណ្តាលឲ្យសៀមវាយបែកបន្ទាយលង្វែកគឺបណ្ដាលមកពី សៀមរមិលគុណប្រើល្បិច ប្រជារាស្ត្រខ្មែរក្រីក្រឆោតល្ងង់ កត្តាប្រជាជនខ្មែរបាត់ស្មារតី កត្តាគ្មានទឹកធ្វើកសិកម្ម។,10,6,2,0.6,0.5221688164342533,2,5,0,1
145,តើព្រះអង្គឌួងមានស្នាព្រហស្ថអ្វីខ្លះចំពោះប្រទេសជាតិនិងប្រជារាស្ត្រខ្មែរ?,ព្រះបាទអង្គឌួងមានស្នាព្រហស្តដូចជាផ្នែករដ្ឋបាលរៀបចំប្រព័ន្ធរដ្ឋបាលនិងច្បាប់ទម្លាប់ស្ដារឡើងវិញមានរបៀបផ្នែកសេដ្ឋកិច្ចលើកស្ទួយវិស័យកសិកម្មជួសជុលប្រព័ន្ធ សេះនិងពាណិជ្ជកម្ម ភ្នែកបរទេសស្វែងរកជំនួយពីបារាំងដើម្បីទប់ទល់នឹងការត្រួតត្រាយួននិងសៀម ផ្នែកវប្បធម៌លើកស្ទួយវប្បធម៌អក្សរសាស្ត្រខ្មែរនិង សាសនា កត្តាផ្ទៃក្នុង ការបែកបាក់រាជវង្សានុវង្សបែកបាក់សាមគ្គី។,ព្រះបាទអង្គឌួងមានស្នាព្រហស្តចំពោះប្រទេសជាតិនិងប្រជាជនខ្មែរ ព្រះបាទអង្គការពារដីពីពួកចោរសៀមនិងយួន កសាងក្រុងឧដុង្គកំពង់ផែកំពតកំពង់ផែថៃកំពង់ផែហ្វូងនិងកសាងផ្លូវគមនាគមន៍ កសាងវប្បធម៌ខ្មែរវត្តអារាមសាលារៀនសាកលវិទ្យាល័យអក្សរសាស្ត្រខ្មែរកុំតាមច្បាប់ស្រីរៀបចំរដ្ឋាភិបាលស្រុកទេសច្បាប់ទម្លាប់ហាមនេសាទត្រីល្មើសច្បាប់ដាក់ទណ្ឌកម្មដល់អ្នកមាន ញៀនអាភៀន។,15,15,4,1.0,0.9654946057106872,4,14,0,1
146,តើឧស្សាហកម្មមានអ្នកតួនាទីចំពោះសេដ្ឋកិច្ចយ៉ាងដូចម្ដេច?,ឧស្សាហកម្មមានតួនាទីសម្រាប់សេដ្ឋកិច្ចជាតិដូចជា -ជួយបង្កើតប្រាក់ចំណូលចូលជាតិ -បង្កើតការងារដល់ប្រជាជន -បង្កើតប្រាក់ចំណូលចូលក្នុងគ្រួសារ -ប្រជាជនមានជីវភាពធូរធារ -ជួយរក្សាជញ្ជីងពាណិជ្ជកម្ម -ជួយបង្កើតទិន្នផលសម្រាប់ការនាំចេញនាំចូល -បង្កើននូវសង្ឃភារៈសម្រាប់ប្រើប្រាស់។,ឧស្សាហកម្មមានតួនាទីចំពោះសេដ្ឋកិច្ចជាតិដូចជាដល់ការងារជនប្រជាជនជួយបង្កើនប្រាក់ចំណូលជាជនសិទ្ធិដំបូលដល់ការរស់នៅរបស់ប្រជាជនជួយរក្សាលំនឹងជញ្ជីញពាណិជ្ជកម្ម ប្រជាជនមានជីវភាពធូរធាផ្ដល់ផងសម្រាប់នាំចេញផ្ដល់ផងសម្រាប់ប្រើប្រាស់,15,15,4,1.0,0.9672107685634479,4,15,0,0
147,ហេតុអ្វីបានជាមនុស្សស្រូបយកខ្យល់ដែលមានកាបូនម៉ណូអុកស៊ីតអាចបង្កគ្រោះថ្នាក់ដល់ស្លាប់បាន?,បានជាមនុស្សស្រូបយកខ្យល់ដែលមានកាបូនម៉ូណូអុកស៊ីដអាចបង្កឲ្យមានគ្រោះថ្នាក់ដល់ស្លាប់ បានព្រោះកាបូនម៉ូណូអុកស៊ីដមានសមត្ថភាពចាប់យក ក្នុងឈាមបានខ្លាំងជាងអុកស៊ីសែន វារារាំងឈាមមិនឲ្យដឹកនាំអុកស៊ីសែនទៅចិញ្ចឹមសរីរាង្គជាពិសេសខួរក្បាលដែលបណ្តាលឲ្យ ស្លាប់និង សន្លប់ ។,បានជាមនុស្សស្រូបយកខ្យល់ដែលមានកាបូនម៉ូណូអុកស៊ីដអាចបង្កឲ្យមានគ្រោះថ្នាក់ដល់ស្លាប់ បានព្រោះកាបូនម៉ូណូអុកស៊ីដមានសមត្ថភាពចាប់យក ក្នុងឈាមបានខ្លាំងជាងអុកស៊ីសែន វារារាំងឈាមមិនឲ្យដឹកនាំអុកស៊ីសែនទៅចិញ្ចឹមសរីរាង្គជាពិសេសខួរក្បាលដែលបណ្តាលឲ្យ ស្លាប់និង សន្លប់ ។,5,5,4,1.0,0.8233145449565399,3,4,1,1
148,តើថ្ងៃរំដោះ៧មករា១៩៧៩ មានអត្ថន័យយ៉ាងណាខ្លះចំពោះប្រវត្តិសាស្ត្រកម្ពុជា?,ថ្ងៃរំដោះ 7 មករា 1979 មានអត្ថន័យជាប្រវត្តិសាស្រ្តដូចជា÷ -ជាថ្ងៃដែលប្រជាជនរួចផុតពីរបបប្រល័យពូជសាសន៍ -ជាថ្ងៃដែលរបបកម្ពុជាប្រជាធិបតេយ្យដួលរលំ -ជាថ្ងៃកំណើតទី 2 របស់ប្រជាជនខ្មែរ -ជាថ្ងៃដែលកងទ័ពរណសិរ្យសាមគ្គីនិងកងទ័ពរំដោះប្រជាជន បានរំដោះប្រជាជនចេញពីរបបប្រល័យពូជសាស្ត្រកម្ពុជា។,ថ្ងៃរំដោះ 7 មករា 1979 មានអត្ថន័យជាប្រវត្តិសាស្រ្តដូចជា÷ -ជាថ្ងៃដែលកងទ័ពរណសិរ្យសាមគ្គីនិងកងទ័ពរំដោះប្រជាជន បានរំដោះប្រជាជនចេញពីរបបប្រល័យពូជសាស្ត្រកម្ពុជា -ជាថ្ងៃកំណើតទី 2 របស់ប្រជាជនខ្មែរ -ជាថ្ងៃដែលរបបកម្ពុជាប្រជាធិបតេយ្យដួលរលំ -ប្រជាជនរួចផុតពីរបបប្រល័យពូជសាសន៍សម្លាប់រង្គាល។,8,5,2,0.625,0.7629875041602892,3,6,1,1
149,តើប្រព័ន្ធផលិតកម្មកសិកម្មនៅក្នុងប្រទេសកម្ពុជាមានអ្វីខ្លះ?ចូររៀបរាប់​ ។,ប្រព័ន្ធផលិតកម្មកសិកម្មនៅប្រទេសកម្ពុជាមាន៖    _ ដំណាំ : ដំណាំស្រូវ ដំណាំកៅស៊ូ ដំណាំផ្សេងៗទៀត    _ ការចិញ្ចឹមសត្វ : ការចិញ្ចឹមសត្វលើគោក ការចិញ្ចឹមសត្វក្នុងទឹក    _ ការនេសាទ : ការនេសាទទឹកសាប ការនេសាទទឹកប្រៃ  _ ព្រៃឈើ : ផលិតផលឈើ អនុផលព្រៃឈើ(រកឃ្មុំ ជ័រទឹក វល្លិ៍ ផ្តៅ) សត្វព្រៃ ។,ប្រព័ន្ធផលិតកម្មនៅប្រទេសកម្ពុជារួមមាន៖ +ការដាំដុះ  -ប្រជាកសិករដាំដុះ នូវដំណាំហូបផ្លែ(ពោតដំឡូងស្វាយ) - -ធ្វើស្រែចម្ការការដាំដុះស្រូវ នូវ ស្ពៃ +ការចិញ្ចឹមសត្វ -ការចិញ្ចឹមសត្វបែបប្រពលវប្បកម្ម ការចិញ្ចឹម(សត្វគោ ក្របី មាន់) +-ព្រៃឈើ -ការដាំដុះ ដើមឈើជ័រកៅស៊ូការដាំដុះនាំព្រៃឈើទុកជា ជម្រករបស់សត្វព្រៃ,10,8,3,0.8,0.9017672819758649,4,9,1,1
150,តើឧស្សាហកម្មមានតួនាទីដូចម្ដេចខ្លះចំពោះសេដ្ឋកិច្ចជាតិ?,ឧស្សាហកម្មមាន​តួនាទីចំពោះសេដ្ឋកិច្ចជាតិដូចជា ៖ ​ _ ជួយបង្កើតថវិការជាតិ ​ _ ជួយបង្កើតទិន្នផលជាតិ ​​ _ ជួយឲ្យសេដ្ឋកិច្ចជាតិរីកចម្រើន  _ ប្រជាជនសំបូរធូរធារ  _អភិវឌ្ឍគ្រប់វិស័យ  _ មានទំនាក់ទំនងល្អជាមួយអ្នកជិតខាង  _ មានភាពរុងរឿងនៅក្នុងប្រទេសជាតិ។,ឧស្សាហកម្មមានតួនាទីចំពោះសេដ្ឋកិច្ចជាតិដូចជា៖  _ ផ្តល់ការងារដល់ប្រជាជនក្នុងស្រុក  _ មានចេញចូលទំនិញទៅខាងក្រៅប្រទេស  _ មានចំណូលចូលរដ្ឋ  _ ប្រជាជនមានជីវភាពធូធារ _ ជួយបង្កើនប្រាក់ចំណូលចូលជាតិ20.8% ឆ្នាំ2008 _ ជួយរក្សាលំនឹងសេដ្ឋកិច្ច។,15,14,4,0.9333333333333332,0.9695445938257681,4,15,0,1
151,ចូររៀបរាប់ពីទំនាក់ទំនងរវាងការដាំដុះ​ អាជីវកម្មព្រៃឈើ និងការនេសាទ។,ទំនាក់ទំនងរវាងការដាំដុះ អាជីវកម្មព្រៃឈើ និងការនេសាទមានដូចជា៖ -ការដាំដុះដោយប្រើជីធម្មជាតិ -ការប្រើប្រាស់ជីគីមី -ដាំដុះនិងធ្វើតាមរដូវ -អាជីវកម្មព្រៃឈើ -ការកាប់បំផ្លាញព្រៃឈើ -ការដុតព្រៃឈើ -ការកាប់ឈើយកទៅធ្វើអាជីវកម្ម +ការនេសាទ -ការនេសាទត្រីពេលត្រីពក -ការនេសាទដោយប្រើអគ្គិសនី -ការនេសាទហួសកម្រិត -ការនេសាទគឺជាមុខរបរប្រចាំថ្ងៃាបស់ប្រជាជន -នឹងជាអាហារប្រចាំថ្ងៃរបស់ប្រជាជន -ការនេសាទធ្វើប្រជាជនមានមុខរបររកស៊ីត្រឹមត្រូវ -ការនេសាទប្រើប្រាស់ឧបករណ៍នេសាទខុសច្បាប់ -ការបំផ្លាញជំរកត្រី -ការបកហូរទឹកចេញពី,ទំនាក់ទំនងរវាងការដាំដុះ អាជីវកម្មព្រៃឈើ និងការនេសាទ៖ +អាជីវកម្មព្រៃឈើ និងកានេសាទ គឺត្រូវការគ្នានៅពេលដែលគេធ្វើការកាប់ឈឺក្នុងទឹក (ព្រៃកោងកាង ព្រៃលិចទឹកច្រើន) ​ដើម្បីប្រមូល ផលត្រីដែលនៅក្រោមឈឺក្នុងទឹក។ -ការកាប់ព្រៃឈើ -ការជួញដូរឈើ -ការដឹកជញ្ចូនឈើលក់នៅក្រៅស្រុក +ការនេសាទ -ការបំផ្លាញទីជម្រកត្រី -ការឆក់ត្រីដោយឧបករណ៍ខុសច្បាប់ -ការសម្លាប់ត្រីកម្រៗ -ការចិញ្ចឹមត្រីខុសច្បាប់ដើម្បីលក់ -ការនេសាទពេលត្រីពង (រដូវត្រីពង) -ការចាប់កូនត្រីតូចៗ។,15,3,1,0.2,0.214443237344477,1,3,0,0
152,ហេតុអ្វីបានជាផ្នែកឯកជនជាកម្លាំងដ៏សំខាន់សម្រាប់វិនិយោគ និងធ្វើឲ្យមានកំណើនសេដ្ឋកិច្ចក្នុងប្រទេស?,បានជាផ្នែកឯកជនជាកម្លាំងដ៏សំខាន់សម្រាប់កំណើនសេដ្ឋកិច្ចកម្ពុជាព្រោះ -កម្ពុជាបានអនុវត្តសេដ្ឋកិច្ចទីផ្សារសេរីដោយបានធ្វើកំណែទម្រង់ពីសហគ្រាសរដ្ឋឲ្យក្លាយទៅជាកម្មសិទ្ធិឯកជន -សេដ្ឋកិច្ចទីផ្សារសេរីនាំឲ្យអ្នករកស៊ីចូលចិត្តមករកស៊ីនិងដាក់វិនិយោគទុន -កាលណាភ្នែកឯកជនរឹងមាំអាចជួយបំពេញបន្ថែមលើវិនិយោគសាធារណៈក្នុងវិស័យសេដ្ឋកិច្ចគឺផ្នែកឯកជនអាចស្រូបយកកម្លាំងពលកម្មកើនឡើង។,បានជាផ្នែកឯកជនជាកម្លាំងដ៏សំខាន់សម្រាប់វិនិយោគនិងធ្វើឲ្យមានកំណើនសេដ្ឋកិច្ចព្រោះ៖ -ឯកជនភាគច្រើនតឹងរឹងជាងរដ្ឋធ្វើឲ្យអ្នកដែលធ្វើការឯកជនយលចិត្តដាក់ក្នុងការងារនោះ -ឯកជនភាគច្រើននាំមកនូវការវិនិយោគពីប្រទេសក្រៅ -កាrចូលមកដល់នូវសេដ្ឋកិច្ចសេរី ទើបមានការវិនិយោគពីផ្នែកឯកជនសម្រាប់កសាងសេដ្ឋកិច្ចជាតិ -ឯកជនធ្វើការច្បាស់លាស់។,15,5,1,0.3333333333333333,0.2963961988514652,1,4,0,1
153,ចូររៀបរាប់ពីទំនាក់ទំនងរវាងការដាំដុះ​ អាជីវកម្មព្រៃឈើ និងការនេសាទ។,ទំនាក់ទំនងរវាងការដាំដុះ អាជីវកម្មព្រៃឈើ និងការនេសាទមានដូចជា៖ -ការដាំដុះដោយប្រើជីធម្មជាតិ -ការប្រើប្រាស់ជីគីមី -ដាំដុះនិងធ្វើតាមរដូវ -អាជីវកម្មព្រៃឈើ -ការកាប់បំផ្លាញព្រៃឈើ -ការដុតព្រៃឈើ -ការកាប់ឈើយកទៅធ្វើអាជីវកម្ម +ការនេសាទ -ការនេសាទត្រីពេលត្រីពក -ការនេសាទដោយប្រើអគ្គិសនី -ការនេសាទហួសកម្រិត -ការនេសាទគឺជាមុខរបរប្រចាំថ្ងៃាបស់ប្រជាជន -នឹងជាអាហារប្រចាំថ្ងៃរបស់ប្រជាជន -ការនេសាទធ្វើប្រជាជនមានមុខរបររកស៊ីត្រឹមត្រូវ -ការនេសាទប្រើប្រាស់ឧបករណ៍នេសាទខុសច្បាប់ -ការបំផ្លាញជំរកត្រី -ការបកហូរទឹកចេញពី,រៀបរាប់ពីទំនាក់ទំនងនៃការដាំដុះ អាជីវកម្មព្រៃឈើ និងការនេសាទ៖ +ការដាំដុះ អាជីវកម្មព្រៃឈើ -ការដាំដើមធ្វើឲ្យមានកម្លែងម្លប់ -ការដាំដើមឈើធ្វើឲ្យសត្វមានជម្រក -ដើមឈើអាចយលធ្វើផ្ទះបាន -អាចតកទៅធ្វើធ្យូងឬអុស -និងមានសារៈសំខាន់ផ្សេងៗទៀត។ +ការនេសាទ -ការនេសាទត្រីសម្រាប់ចិញ្ចឹមជីវិត -ការនេសាទធ្វើជាអាជីវកម្មទីផ្សារ -សម្រាប់ផ្គត់ផ្គង់ទីផ្សារ -ធ្វើឲ្យមានមុខរបរ -ការនេសាទដើម្បីចិញ្ចឹមជីវភាពនិងគ្រួសារ។,15,3,1,0.2,0.2200391132794894,1,3,0,0
154,ហេតុអ្វីបានជាមនុស្សស្រូបយកខ្យល់ដែលមានកាបូនម៉ណូអុកស៊ីតអាចបង្កគ្រោះថ្នាក់ដល់ស្លាប់បាន?,បានជាមនុស្សស្រូបយកខ្យល់ដែលមានកាបូនម៉ូណូអុកស៊ីដអាចបង្កឲ្យមានគ្រោះថ្នាក់ដល់ស្លាប់ បានព្រោះកាបូនម៉ូណូអុកស៊ីដមានសមត្ថភាពចាប់យក ក្នុងឈាមបានខ្លាំងជាងអុកស៊ីសែន វារារាំងឈាមមិនឲ្យដឹកនាំអុកស៊ីសែនទៅចិញ្ចឹមសរីរាង្គជាពិសេសខួរក្បាលដែលបណ្តាលឲ្យ ស្លាប់និង សន្លប់ ។,បានជាមនុស្សស្រូបយកខ្យល់ដែលមានកាបូនម៉ូណូអុកស៊ីដអាចបង្កឲ្យមានគ្រោះថ្នាក់ដល់ស្លាប់ បានព្រោះកាបូនម៉ូណូអុកស៊ីដមានសមត្ថភាពចាប់យក ក្នុងឈាមបានខ្លាំងជាងអុកស៊ីសែន វារារាំងឈាមមិនឲ្យដឹកនាំអុកស៊ីសែនទៅចិញ្ចឹមសរីរាង្គជាពិសេសខួរក្បាលដែលបណ្តាលឲ្យ ស្លាប់និង សន្លប់ ។,5,4,3,0.8,0.8233145449565399,3,4,0,0
155,តើសង្គមខ្មែរនៅសម័យអង្គរមានប៉ុន្មានវណ្ណៈ? វណ្ណៈអ្វីខ្លះ? ចូលរៀបរាប់។,សង្គមខ្មែរនៅសម័យអង្គរមានប្រាំវណ្ណៈគឺ -វណ្ណៈក្សត្រឬរាជវង្សនុវង្ស (ជាស្ដេចគ្រប់គ្រងប្រទេស -វណ្ណៈមន្ត្រី (អ្នករស់នៅក្នុងរាជវាំងបម្រើស្ដេច) -វណ្ណៈព្រាហ្ម៍ឬបុព្វជិត​(គឺជាអ្នកបួស) -វណ្ណៈអ្នកជាឬកសិករ (អ្នករស់នៅនឹងធ្វើស្រែចម្ការ) -វណ្ណៈអ្នកងារឬទាសករ(ទាសករបម្រើគេតកូនតចៅ)។,សង្គមខ្មែរនៅសម័យអង្គរមានប្រាំវណ្ណៈគឺ -វណ្ណៈក្សត្រឬរាជវង្សនុវង្ស (ជាអ្នកធំជាងគេដែលមាននាទីគ្រប់គ្រងរដ្ឋឬបញ្ជាកងទ័ព ) -វណ្ណៈមន្ត្រី (មានសិទ្ធិក្នុងការកាត់ទោសឬកាត់ច្បាប់នីមួយៗ) -វណ្ណៈព្រាហ្ម៍ឬបុព្វជិត​(អ្នកកាន់ធម៍ឬអ្នកយល់ដឹង) -វណ្ណៈអ្នកជាឬកសិករ (ជាមនុស្សដែលគ្មានឋានអ្វីឡើយឬហៅជាប្រជាជន) -វណ្ណៈអ្នកងារឬទាសករ(ទាសករបម្រើព្រះរាជាឬមន្រ្ដីរាជការ)។,10,10,4,1.0,0.975813613247238,4,10,0,0
156,ដូចម្តេចដែលហៅថាមេយ៉ូស? ចូរនិយាយពីវគ្គផ្សេងៗនៃមេយ៉ូស។,មេយ៉ូសជាសំណុំនៃចំណែកកោសិកាពីរដងបន្តបន្ទាប់គ្នាដែលបង្កើតបានជាកោសិកាអាលូអុីតបួន ហៅថាមេយ៉ូស ។ _តេឡូផាស1 ស៊ីតូប្លាសចែកខ្លួនបានជាកោសិកាកូនពីរ ។កោសិកាកូននីមួយៗទទួលបានក្រូម៉ូសូម តែមួយពីរគូអូម៉ូឡូក ។ _ប្រផាស1 មានរយៈពេលវែង ។ _អាណាផាស1 ក្រូម៉ូសូមដំរៀបលើផ្លាស់ភ្ជាប់នឹងក្រយ៉ូងក្រូម៉ាទិចដោយសង់ក្រូងទ័ររបស់វា ។ _តេឡូផាស2 ក្រូម៉ូមនីមួយៗបានមកដល់ប៉ូលភ្នាស _មេតាផាស2 ក្រូម៉ូសូមប្រេះតាមបណ្ដោយភ្ជាប់ខ្លួនទៅនិងក្រយ៉ងក្រូម៉ាទិចដោយសង់ _ប្រូដាស2 ត្តយ៉ងអាក្រូម៉ាទិតកើតមានក្នុងកោសិកាគូនីមួយៗ _អាណាផាស2 សង់ក្រូម៉ែធ្វើចំណែកដែលនាំអោយក្រូម៉ាទិចបងប្អូនដាច់ចេញពីគ្នា ។បន្ទាប់មក ក្រូម៉ូសូមកូនទាំង2ធ្វើដំណើរឆ្ពោះទៅប៉ូលផ្ទុយគ្នារបស់ត្រយ៉ូងអាក្រូម៉ាទិច ។,មេយ៉ូសជាសំណុំនៃចំណែកកោសិកាពីរដងបន្តបន្ទាប់គ្នាដែលបង្កើតបានជាកោសិកាអាលូអុីតបួន ហៅថាមេយ៉ូស ។មានបួនវគ្គគឺ ប្រូផាស អាណាផាស មេតាផាស និង តេឡូផាស ។,10,5,2,0.5,0.422988575228037,1,4,1,1
157,តើប្រទេសកម្ពុជាចូលជាសមាជិក សហគមន៍អាស៊ីអាគ្នេយ៍ទទួលផលវិជ្ជមាននិងអវិជ្ជមានដូចម្តេចខ្លះ?,ពណ៌នាពីពីការអភិវឌ្ឍសេដ្ឋកិច្ច សង្គម នៅកម្ពុជាពីឆ្នាំ១៩៩៣ មកទល់សព្វថ្ងៃ .វិស័យសេដ្ឋកិច្ច:  +សេដ្ឋកិច្ចកម្ពុជាមានការរីកចម្រើនឡើងជាបន្តបន្ទាប់ដែលធ្វើឲ្យប្រទេសកម្ពុជាមានជីវភាពល្អប្រសើរ។ +កសិកម្មរីកចម្រើនខាងដាំដំណាំស្រូវទទួលបានទិន្នផលខ្ពស់ជាបន្តបន្ទាប់ +ឧស្សាហកម្មមានតំណាងរោងចក្រច្រើនកន្លែងនិងលើកឡើងនៅសហគ្រឿងធំៗដែលបានផ្ដល់ចំណូលដល់ប្រជាពលរដ្ឋ +ពាណិជ្ជកម្មកាលនាំចូលមកក្នុងប្រទេសនិងមានវិនិយោគក្នុងប្រទេស +គមនាគមន៍កសាងស្ពានផ្លូវថ្នល់អាកាសយានដ្ឋានផ្គត់ផ្គង់ប្រព័ន្ធទឹកពីទីក្រុងដល់ជនបទ កំពុងផែ +ហិរញ្ញវត្ថុមានស្ថេរភាពក្នុងអត្រាប្ដូរប្រាក់ +ធនាគារលើកឡើងនៅធនាគារជាតិហ្នឹងឯកជនជាច្រើន .វិស័យសង្គម +ការអប់រំសិក្សា បង្កើតសាលារៀនគ្រប់កម្រិតពីមត្តីរហូតដល់ឧត្តមសិក្សាបណ្ដុះបណ្ដាលធនធានមនុស្សនិងបញ្ជូននិស្សិតឲ្យទៅរៀននៅក្រៅប្រទេស។ +វប្បធម៌អរិយធម៌ ស្ដារវប្បធម៌ឡើងវិញនិងដាក់បញ្ចូលជាសម្បត្តិបេតិកភណ្ឌពិភពលោកចាប់ផ្ដើមប្រជាជនមានសិទ្ធិជឿលើសាសនា។ +សុខាភិបាលបង្កើតឲ្យមានមន្ទីរពេទ្យលោកសុខភាពនិងឱសថសាស្ត្រ +សិល្បៈបង្កើតឲ្យមានសាលាសាកលវិទ្យាល័យសិល្បៈ.,ផលវិជ្ជមាន -នយោបាយ -កម្ពុជាលេងឯកាតទៅទៀត -កម្ពុជាមានមុខមាត់ជាមួយសមាជិកអាស៊ាន -កម្ពុជាចូលរួមរាល់ការសម្រេចចិត្តនានាក្នុងតំបន់ -សេដ្ឋកិច្ច -ពាណិជ្ជកម្មខាងធារាសាស្ត្រ -កម្ពុជាបានក្លាយជាទីកន្លែងសម្រាប់ភ្ញៀវទេសចរ -កម្ពុជាបានអភិវឌ្ឍន៍ទីកន្លែងយ៉ាងច្រើន +ផលអវិជ្ជមាន -ការប្រកួតប្រជែងផលិតផលក្នុងស្រុកនិងក្រៅប្រទេស -ការកាត់បន្ថយផលិតផលនាំចេញនៅក្នុងស្រុក -កត្តាសម្ពាធមានសម្ពាធក្នុងការដឹកនាំ -ការនាំចូលទាបជាងការនាំចេញ,10,8,3,0.8,0.8062966887266925,3,8,0,0
158,តើការស្ថិតនៅក្រៅសារពាង្គកាយនៃពងស្វាសមានសារៈសំខាន់ដូចម្តេច?,ការស្ថិតនៅក្រោមសារពាង្គកាយនៃពងស្វាសមានសារៈសំខាន់ដូចជាដើម្បីរក្សាសីតុណ្ហភាពឲ្យ ទាបជាងសីតុណ្ហភាពក្នុងខ្លួន ប្រហែលពី(2-3)សីតុណ្ហភាពក្នុងខ្លួន37 ។,ការស្ថិតនៅក្រោមសារពាង្គកាយនៃពងស្វាសមានសារៈសំខាន់ក្នុងការផលិតអរម៉ូនភេទឈ្មោលនិង បង្កើតស្ពែម៉ាតូសូអ៊ីត ។,10,3,1,0.3,0.23129128515202507,1,2,0,1
159,បុព្វហេតុអ្វីខ្លះដែលនាំឲ្យអាណាចក្រចេនឡាបែកបាក់ជាពីរគឺអាណាចក្រចេនឡាដីគោកនិងចេនឡាទឹកលិច?,បុព្វហេតុដែលនាំហើយអាណាចក្រចេនឡាបែកជាពីរគឺ -វិសាលភាពទឹកដីធំទូលាយ -ចម្បាំងអត់ឈប់ឈរ -សមន្ដរដ្ឋបះបោរចង់ផ្ដាច់ខ្លួន -វិបត្តិផ្ទៃក្នុង -ព្រះនាងជ័យទេវីគ្មានសមត្ថភាពគ្រប់គ្រង។,បុព្វហេតុដែលនាំហើយអាណាចក្រចេនឡាបែកជាពីរគឺ -វិសាលភាពទឹកដីធំទូលាយ -ចម្បាំងអត់ឈប់ឈរ -សមន្ដរដ្ឋបះបោរចង់ផ្ដាច់ខ្លួន -វិបត្តិផ្ទៃក្នុង -ព្រះនាងជ័យទេវីគ្មានសមត្ថភាពគ្រប់គ្រង។,7,7,4,1.0,0.9774278816832895,4,7,0,0
160,តើគេចែកយុគសម័យបុរេប្រវត្តិសាស្ត្រកម្ពុជាជាប៉ុន្មានយុគសម័យ?អ្វីខ្លះ?,គេចែកយុគសម័យបុរេប្រវត្តិសាស្ត្រកម្ពុជាជាបីយុគសម័យគឺ -យុគថ្មបំបែក (600000 - 12000 ឆ្នាំមុនគ.ស) -យុគថ្មរលីងឬសំលៀង (8000 - 2000 ឆ្នាំមុនគ.ស) -យុគលោហៈ(2000-100 ឆ្នាំមុនគ.ស)។,គេចែកយុគសម័យបុរេប្រវត្តិសាស្ត្រកម្ពុជាជាបីយុគសម័យគឺ -យុគថ្មបំបែក (600000 - 12000) -យុគថ្មរលីងឬសំលៀង (8000 - 2000) -យុគលោហៈ(2000-1000)។,5,5,4,1.0,0.9756440935202546,4,5,0,0
161,ចូររៀបរាប់អំពីទំនាក់ទំនងរវាងការដាំដុះអាជីវកម្មព្រៃឈើនិងនេសាទ។,ទំនាក់ទំនងរវាង ការដាំដុះអាជីវកម្មព្រៃឈើ និងការនេសាទ៖  _ ការដាំដុះអាជីវកម្មព្រៃឈើ និងការនេសាទ ជាភោគទ្រព្យយ៉ាងសំខាន់សម្រាប់ប្រជាជនក្នុងការទ្រទ្រង់ក្នុងជីវភាពរស់នៅនិងការអភិវឌ្ឍន៍ប្រទេសជាតិ   _ ដើម្បីបំពេញតម្រូវការក្នុងកសិកម្មផលិតកម្មនិងត្រូវការផ្សេងៗ មនុស្សនាំគ្នាកាប់ព្រៃឈើដើម្បីធ្វើអាជីវកម្មព្រៃឈើជាមូលហេតុធ្វើឲ្យអាកាសធាតុប្រែប្រួលប៉ះពាល់ដល់ជីវិតមនុស្ស សត្វ និងរុក្ខជាតិ  ​ _ អតិផលនៃប្រព័ន្ធកសិកម្ម នាំឲ្យមានកំណើននៃការប្រើប្រាស់គីមីនិងថ្នាំសម្លាប់សត្វល្អិត។ ជីគីមី និងថ្នាំសម្លាប់សត្វល្អិត ទាំងនោះហូរទៅផ្ដុំគ្នានៅតាមផ្លូវទឹកនានា បំផ្លាញជីវិតសត្វនិងពូជធម្មជាតិ។,ទំនាក់ទំនងរវាងការដាំដុះ អាជីវកម្មព្រៃឈើ និងការនេសាទ៖ + ការដាំដុះ៖    _ ដាំដុះដំណាំ រកចំណូលតិចតួច    _ លក់បម្រើទៅទូប្រទេសទាំងក្នុង និងក្រៅប្រទេស    _ ដាំដុះសម្រាប់ប្រើប្រាស់ផ្ទាល់ខ្លួន + អាជីវកម្មព្រៃឈើ៖    _ ការបំផ្លាញព្រៃឈើ    _ ការដុតព្រៃឈើ    _ ការកាប់ព្រៃឧស្សាហកម្ម  + ការនេសាទ៖    _ ចាប់ត្រីដោយប្រើគ្រឿងផ្ទុះ    _ ការឆក់ត្រី    _ ការនេសាទនៅរដូវត្រីពង។,15,5,1,0.3333333333333333,0.2530644484721767,1,4,0,1
162,តើអាណាចក្រភ្នំមានព្រំប្រទល់ជាប់ប្រទេសណាខ្លះ?,អាណាចក្រភ្នំមានព្រំប្រទល់ជាប់ប្រទេសដូចជា -ខាងជើងជាប់ចិន -ខាងត្បូងជាឈូងសមុទ្រខ្មែរ -ខាងកើតជាប់រដ្ឋចម្ប៉ា -ខាងលិចជាប់រដ្ធមនឬភូមា។,អាណាចក្រភ្នំមានព្រំប្រទល់ខាងជើងជាប់នឹងប្រទេសចិន(រដ្ឋណានឆាវនិងតុងតឹង)ខាងកើតជាប់រដ្ឋចម្ប៉ា(ឈូងសមុទ្រចិន)និងខាងត្បូងជាប់និងឈូងសមុទ្រខ្មែរ(នគរភ្នំ)និងខាងលិចជាប់រដ្ឋមនឬភូមា។,6,6,4,1.0,0.9923679505896534,4,6,0,0
163,ហេតុអ្វីបានជាផ្នែកឯកជនជាកម្លាំងដ៏សំខាន់សម្រាប់វិនិយោគនិងធ្វើឲ្យមានកំណើនសេដ្ឋកិច្ចក្នុងប្រទេស?,បានជាផ្នែកឯកជនជាកម្លាំងដ៏សំខាន់សម្រាប់វិនិយោគនិងធ្វើឲ្យមានកំណើនសេដ្ឋកិច្ចក្នុងប្រទេស ព្រោះប្រទេសកម្ពុជាជាប្រទេសអភិវឌ្ឍន៍ សេដ្ឋកិច្ចទីផ្សារដោយបានធ្វើកំណែទម្រង់សហគ្រាសឧស្សាហកម្មឲ្យក្លាយទៅជាកម្មសិទ្ធិឯកជន ។ សេដ្ឋកិច្ចទីផ្សារសេរីនេះនាំឲ្យអ្នករកស៊ីបរទេសចូលចិត្តមកវិនិយោគ ហើយកាលណាផ្នែកឯកជនរឹងមាំមកវិនិយោគ ហើយកាលណាផ្នែកឯកជនមិនរឹងមាំអាចបំពេញបន្ថែមវិនិយោគនិងវិស័យសង្គមកិច្ចមានន័យថាវិស័យឯកជនស្រូបយកកម្លាំងការងារកាន់តែកើនឡើង។,បានជាផ្នែកឯកជនជាកម្លាំងដ៏សំខាន់សម្រាប់វិនិយោគ និងធ្វើឲមានកំណើនសេដ្ឋកិច្ចក្នុងប្រទេសព្រោះ៖  _ កម្ពុជាជាប្រទេសអនុវត្តសេដ្ឋកិច្ចទីផ្សាសេរីចាប់តាំងពីឆ្នាំ1993ដោយបានធ្វើកំណែទម្រង់សហគ្រាសឲក្លាយទៅជាកម្មសិទ្ធិឯកជន  _ សេដ្ឋកិច្ចទីផ្សារសេរីនេះទាក់ទាញអ្នកវិនិយោគបរទេស  _ កាលណាផ្នែកឯកជនរឹងមាំអាចបំពេញបន្ថែមវិនិយោគសាធារណៈ មានន័យថាកម្លាំងឯកជនអាចស្រូបយកការងារកាន់តែច្រើនឡើង។,15,15,4,1.0,0.9393703155287269,4,14,0,1
164,តើកត្តាអ្វីខ្លះដែលធ្វើអោយសម័យអង្គររីកចម្រើនដល់កំពូល?​ ចូលរៀបរាប់។,កត្តាដែលធ្វើអោយសម័យអង្គររីកចម្រើនគឺ: កត្តាព្រះរាជា:ព្រះរាជាចាប់ពីព្រះបាទជ័យវរ្ម័នទី 2 រហូតដល់ព្រះបាទជ័យវរ្ម័នទី 7 សុទ្ធតែជាស្ដេចខ្លាំងពូកែ កត្តានយោបាយ: នយោបាយក្នុងប្រទេសបង្រួបបង្រួមជាតិកសាងនិងការពារទឹកដី នយោបាយក្រៅប្រទេស:ចងសម្ព័ន្ធមិត្តជាមួយប្រទេសធំៗវាយយករដ្ឋតូចដាក់ជាចំណុះ កត្តាសេដ្ឋកិច្ច:រីកចម្រើនលើវិស័យកសិកម្មសិប្បកម្មគណនាគម កត្តាសាសនា:ការឯកភាពគ្នារវាងសាសនាព្រាហ្មនិងព្រះពុទ្ធ កត្តាធនធានមនុស្សបន្សល់ទុកតាំងពីសម័យនគរភ្នំនិងចេនឡាមក។,កត្តាដែលធ្វើអោយសម័យអង្គររីកចម្រើនគឺ: កត្តាព្រះរាជា:ព្រះរាជាចាប់ពីព្រះបាទជ័យវរ្ម័នទី 2 រហូតដល់ព្រះបាទជ័យវរ្ម័នទី 7 សុទ្ធសឹងតែជាស្ដេចខ្លាំងពូកែ កត្តានយោបាយ: នយោបាយក្នុងប្រទេសបង្រួបបង្រួមជាតិកសាងនិងការពារទឹកដី នយោបាយក្រៅប្រទេស:ចងសម្ព័ន្ធមិត្តជាមួយប្រទេសធំៗវាយយករដ្ឋតូចដាក់ជាចំណុះ កត្តាសេដ្ឋកិច្ច:រីកចម្រើនលើវិស័យកសិកម្មសិប្បកម្មគណនាគមន៍ កត្តាសាសនា:ការឯកភាពគ្នារវាងសាសនាព្រាហ្មនិងព្រះពុទ្ធ កត្តាធនធានមនុស្សបន្សល់ទុកតាំងពីសម័យនគរភ្នំនិងចេនឡាមក។,10,10,4,1.0,0.971431158487333,4,10,0,0
165,តើកម្ពុជាមានបេតិកភណ្ឌអ្វីខ្លះ ដែលបានចុះបញ្ជីបេតិកភណ្ឌរូបី និង អរូបីពិភពលោករបស់អង្គការយូណេស្កូ? ចូររៀបរាប់ឱ្យបានប្រាំ។,កម្ពុជាមានបេតិកភណ្ឌដែលបានចុះបញ្ជីបេតិកភណ្ឌរូបី និង អរូបីពិភពលោករបស់អង្គការយូណេស្កូដូចជា     +ល្ខោនខោល     +រមណីយដ្ឋានអង្គរ     +ចាប៉ីដងវែង     +ប្រាសាទព្រះវិហហារ     +ល្ខោនស្រមោលស្បែកធំ     +របាំព្រះរាជទ្រព្យ     +ក្រមាខ្មែរ     +គុនល្បុកតោ     +រមណីយដ្ឋានសម្បូរព្រៃគុក,កម្ពុជាមានបេតិកភណ្ឌដែលបានចុះបញ្ជីបេតិ កភណ្ឌរូបិយនិងអរូបិយពិភពលោករបស់ អង្គការយូណេស្កូមានដូចជា÷ -ប្រាសាទអង្គរវត្ត  -ប្រាសាទកោះកេរ្ត៌ិ -ចាប៉ីដងវែង -ក្រមាខ្មែរ -ល្ខោនស្រមោលស្បែកតូច។,5,5,4,1.0,0.9098759651151979,4,5,0,0
166,ដូចម្តេចដែលហៅថាមេយ៉ូស? ចូរនិយាយពីវគ្គផ្សេងៗនៃមេយ៉ូស។,មេយ៉ូសជាសំណុំនៃចំណែកកោសិកាពីរដងបន្តបន្ទាប់គ្នាដែលបង្កើតបានជាកោសិកាអាលូអុីតបួន ហៅថាមេយ៉ូស ។ _តេឡូផាស1 ស៊ីតូប្លាសចែកខ្លួនបានជាកោសិកាកូនពីរ ។កោសិកាកូននីមួយៗទទួលបានក្រូម៉ូសូម តែមួយពីរគូអូម៉ូឡូក ។ _ប្រផាស1 មានរយៈពេលវែង ។ _អាណាផាស1 ក្រូម៉ូសូមដំរៀបលើផ្លាស់ភ្ជាប់នឹងក្រយ៉ូងក្រូម៉ាទិចដោយសង់ក្រូងទ័ររបស់វា ។ _តេឡូផាស2 ក្រូម៉ូមនីមួយៗបានមកដល់ប៉ូលភ្នាស _មេតាផាស2 ក្រូម៉ូសូមប្រេះតាមបណ្ដោយភ្ជាប់ខ្លួនទៅនិងក្រយ៉ងក្រូម៉ាទិចដោយសង់ _ប្រូដាស2 ត្តយ៉ងអាក្រូម៉ាទិតកើតមានក្នុងកោសិកាគូនីមួយៗ _អាណាផាស2 សង់ក្រូម៉ែធ្វើចំណែកដែលនាំអោយក្រូម៉ាទិចបងប្អូនដាច់ចេញពីគ្នា ។បន្ទាប់មក ក្រូម៉ូសូមកូនទាំង2ធ្វើដំណើរឆ្ពោះទៅប៉ូលផ្ទុយគ្នារបស់ត្រយ៉ូងអាក្រូម៉ាទិច ។,មេយ៉ូសជាសំណុំនៃចំណែកកោសិកាពីរដងបន្តបន្ទាប់គ្នាដែលបង្កើតបានជាកោសិកាអាលូអុីតបួន ហៅថាមេយ៉ូស ។ _តេឡូផាស1 _ប្រផាស1  _អាណាផាស1 _មេតាផាស1 _ប្រូដាស2  _អាណាផាស2 _មេតាផាស2 _តេឡូផាស2,10,5,2,0.5,0.4633219665191024,2,5,0,0
167,ចូររៀបរាប់អំពីទំនាក់ទំនងរវាងការដាំដុះអាជីវកម្មព្រៃឈើនិងនេសាទ។,ទំនាក់ទំនងរវាង ការដាំដុះអាជីវកម្មព្រៃឈើ និងការនេសាទ៖  _ ការដាំដុះអាជីវកម្មព្រៃឈើ និងការនេសាទ ជាភោគទ្រព្យយ៉ាងសំខាន់សម្រាប់ប្រជាជនក្នុងការទ្រទ្រង់ក្នុងជីវភាពរស់នៅនិងការអភិវឌ្ឍន៍ប្រទេសជាតិ   _ ដើម្បីបំពេញតម្រូវការក្នុងកសិកម្មផលិតកម្មនិងត្រូវការផ្សេងៗ មនុស្សនាំគ្នាកាប់ព្រៃឈើដើម្បីធ្វើអាជីវកម្មព្រៃឈើជាមូលហេតុធ្វើឲ្យអាកាសធាតុប្រែប្រួលប៉ះពាល់ដល់ជីវិតមនុស្ស សត្វ និងរុក្ខជាតិ  ​ _ អតិផលនៃប្រព័ន្ធកសិកម្ម នាំឲ្យមានកំណើននៃការប្រើប្រាស់គីមីនិងថ្នាំសម្លាប់សត្វល្អិត។ ជីគីមី និងថ្នាំសម្លាប់សត្វល្អិត ទាំងនោះហូរទៅផ្ដុំគ្នានៅតាមផ្លូវទឹកនានា បំផ្លាញជីវិតសត្វនិងពូជធម្មជាតិ។,ទំនាក់ទំនងរវាងការដាំដុះអាជីវកម្មព្រៃឈើនិងការនេសាទ -ការដាំដុះអាជីវកម្មព្រៃឈើនិងការនេសាទជាភោគទ្រព្យដ៏សំខាន់សម្រាប់ទ្រទ្រង់ជីវភាពរស់ នៅប្រចាំថ្ងៃកម្រិតផ្នែកកសិកម្មនិងវិស័យផ្សេងផ្សេងទៀតនឹងតម្រូវការរបស់មនុស្សសម្រាប់អារ៉ាប់រួមនៅក្នុងការ  -ការធ្វើអាជីវកម្មដែលបណ្តាលឲ្យមានការប្រើប្រាស់ថ្នាំសម្លាប់សត្វល្អិតនិងគីមីថ្នាំសម្លាប់សត្វល្អិតនិងជីគីមីបានហូបនាំមកផ្គុំគ្នាតាមទឹកមីនាសម្លាប់ជីវិតសត្វព្រៃ -តម្រូវការមនុស្សពីព្រៃឈើមានដូចជា(តុ ទូ កៅអី /គ្រឿងសង្ហារិម)។,15,6,2,0.4,0.4663551954646141,2,7,0,1
168,បុព្វហេតុអ្វីខ្លះដែលនាំឲ្យអាណាចក្រចេនឡាបែកបាក់ជាពីរគឺអាណាចក្រចេនឡាដីគោកនិងចេនឡាទឹកលិច?,បុព្វហេតុដែលនាំហើយអាណាចក្រចេនឡាបែកជាពីរគឺ -វិសាលភាពទឹកដីធំទូលាយ -ចម្បាំងអត់ឈប់ឈរ -សមន្ដរដ្ឋបះបោរចង់ផ្ដាច់ខ្លួន -វិបត្តិផ្ទៃក្នុង -ព្រះនាងជ័យទេវីគ្មានសមត្ថភាពគ្រប់គ្រង។,បុព្វហេតុដែលនាំហើយអាណាចក្រចេនឡាបែកជាពីរគឺ -វិសាលភាពទឹកដីធំទូលាយ -ចម្បាំងអត់ឈប់ឈរ -សមន្ដរដ្ឋបះបោរចង់ផ្ដាច់ខ្លួន -វិបត្តិផ្ទៃក្នុង -ព្រះនាងជ័យទេវីគ្មានសមត្ថភាពគ្រប់គ្រង។,7,7,4,1.0,0.9774278816832895,4,7,0,0
169,ចូររៀបរាប់អំពីទំនាក់ទំនងរវាងការដាំដុះអាជីវកម្មព្រៃឈើនិងនេសាទ។,ទំនាក់ទំនងរវាង ការដាំដុះអាជីវកម្មព្រៃឈើ និងការនេសាទ៖  _ ការដាំដុះអាជីវកម្មព្រៃឈើ និងការនេសាទ ជាភោគទ្រព្យយ៉ាងសំខាន់សម្រាប់ប្រជាជនក្នុងការទ្រទ្រង់ក្នុងជីវភាពរស់នៅនិងការអភិវឌ្ឍន៍ប្រទេសជាតិ   _ ដើម្បីបំពេញតម្រូវការក្នុងកសិកម្មផលិតកម្មនិងត្រូវការផ្សេងៗ មនុស្សនាំគ្នាកាប់ព្រៃឈើដើម្បីធ្វើអាជីវកម្មព្រៃឈើជាមូលហេតុធ្វើឲ្យអាកាសធាតុប្រែប្រួលប៉ះពាល់ដល់ជីវិតមនុស្ស សត្វ និងរុក្ខជាតិ  ​ _ អតិផលនៃប្រព័ន្ធកសិកម្ម នាំឲ្យមានកំណើននៃការប្រើប្រាស់គីមីនិងថ្នាំសម្លាប់សត្វល្អិត។ ជីគីមី និងថ្នាំសម្លាប់សត្វល្អិត ទាំងនោះហូរទៅផ្ដុំគ្នានៅតាមផ្លូវទឹកនានា បំផ្លាញជីវិតសត្វនិងពូជធម្មជាតិ។,រៀបរាប់ពីទំនាក់ទំនងរវាងការដាំដុះ ការចិញ្ចឹមសត្វ និងការនេសាទ៖ -ការដាំដុះគឺជាការដាំដុះនូវដំណាំផ្សេងផ្សេងដូចជាស្រូវបន្លែជាច្រើនការដាំដុះនេះ ភាគច្រើនគេដាំវានៅតាមជនបទដើម្បីយកទៅលក់នៅទីផ្សារដើម្បីយកប្រាក់មកដោះដូរជីវភាព ប្រជាជនខ្លះដាំដុះនេះដើម្បីទុកបរិភោគខ្លួនឯងដោយកាត់បន្ថយទៅលើការចំណាយហើយការដាំដុះនេះ សារៈសំខាន់ចំពោះជាតិផងដែរការដាំដុះនេះអាចនាំចេញទៅក្រៅស្រុកបាន ផងដែរ អ្នកខ្លះទៀតយកការដាំដុះនេះជាមុខរបរនាំយកទៅទីក្រុងដើម្បីលក់ដូរ។ -អាជីវកម្មព្រៃឈើប្រជាជនមួយបានយកការកាប់ព្រៃឈើធ្វើជាអាជីវកម្មដើម្បីចិញ្ចឹមជីវិតហើយអាជីវកម្ម នេះមួយចំនួនអាចយកធ្វើជាអុសធ្យូងផ្ទះគ្រែកៅអីជាដើមគឺទាំងអស់នេះ ក៏ជាការសំខាន់ដែរដើម្បីយកទៅលក់ដូរដើម្បីដោះដូរជីវភាពបានប៉ុន្តែការធ្វើអាជីវកម្មព្រៃឈើនេះក៏អាចបង្កដល់អំពើខុសច្បាប់ដែរហើយអាចមានសំឡេងរំខានដល់អ្នកដទៃផងដែរ។ -ការនេសាទក៏អាចដោះដូរជីវភាពបានតែប្រជាជនមួយចំនួនបានយកការនេសាទនេះ ចិញ្ចឹមជីវិតនិងគ្រួសារការនេសាទឬមានច្រើនបែបណាដូចជាការនេសាទត្រីការនេសាទសត្វ ការនេសាទនៅសមុទ្រជាដើម។,15,5,1,0.3333333333333333,0.3654226338356453,1,5,0,0
170,តើឧស្សាហកម្មមានតួនាទីចំពោះសេដ្ឋកិច្ចជាតិយ៉ាងដូចម្ដេច?,ឧស្សាហកម្មមានតួនាទីសម្រាប់សេដ្ឋកិច្ចជាតិដូចជា -ជួយបង្កើតប្រាក់ចំណូលចូលជាតិ -បង្កើតការងារដល់ប្រជាជន -បង្កើតប្រាក់ចំណូលចូលក្នុងគ្រួសារ -ប្រជាជនមានជីវភាពធូរធារ -ជួយរក្សាជញ្ជីងពាណិជ្ជកម្ម -ជួយបង្កើតទិន្នផលសម្រាប់ការនាំចេញនាំចូល -បង្កើននូវសង្ឃភារៈសម្រាប់ប្រើប្រាស់។,ឧស្សាហកម្មមានតួនាទីចំពោះសេដ្ឋកិច្ចជាតិដូចជា៖ -ជួយរក្សាលំនឹងជញ្ជឹងសេដ្ឋកិច្ចជាតិ -ជួយផ្ដល់ការងារដល់ប្រជាជន -មានការងារច្រើនសម្រាប់ប្រជាជន -កាត់បន្ថយការនាំចូលពីបរទេស -ជួយឲ្យសេដ្ឋកិច្ចរីកចម្រើន។,15,15,4,1.0,0.970084750088448,4,15,0,0
171,តើគេចែកយុគសម័យបុរេប្រវត្តិសាស្ត្រកម្ពុជាជាប៉ុន្មានយុគសម័យ?អ្វីខ្លះ?,គេចែកយុគសម័យបុរេប្រវត្តិសាស្ត្រកម្ពុជាជាបីយុគសម័យគឺ -យុគថ្មបំបែក (600000 - 12000 ឆ្នាំមុនគ.ស) -យុគថ្មរលីងឬសំលៀង (8000 - 2000 ឆ្នាំមុនគ.ស) -យុគលោហៈ(2000-100 ឆ្នាំមុនគ.ស)។,គេចែកយុគសម័យបុរេប្រវត្តិសាស្ត្រកម្ពុជាជាបីយុគសម័យគឺ -យុគថ្មបំបែក (600000 - 12000 ឆ្នាំមុនគ.ស) -យុគថ្មរលីងឬសំលៀង (8000 - 2000 ឆ្នាំមុនគ.ស) -យុគលោហៈ(2000-100 ឆ្នាំមុនគ.ស)។,5,5,4,1.0,0.9891445407849986,4,5,0,0
172,តើឧស្សាហកម្មមានតួនាទីដូចម្ដេចខ្លះចំពោះសេដ្ឋកិច្ចជាតិ?,ឧស្សាហកម្មមាន​តួនាទីចំពោះសេដ្ឋកិច្ចជាតិដូចជា ៖ ​ _ ជួយបង្កើតថវិការជាតិ ​ _ ជួយបង្កើតទិន្នផលជាតិ ​​ _ ជួយឲ្យសេដ្ឋកិច្ចជាតិរីកចម្រើន  _ ប្រជាជនសំបូរធូរធារ  _អភិវឌ្ឍគ្រប់វិស័យ  _ មានទំនាក់ទំនងល្អជាមួយអ្នកជិតខាង  _ មានភាពរុងរឿងនៅក្នុងប្រទេសជាតិ។,ឧស្សាហកម្មមានតួនាទីចំពោះសេដ្ឋកិច្ចជាតិដូចជា ៖ _ ជួយបង្កើនប្រាក់ចំណូលជូនជាតិ23.8% ឆ្នាំ2008 _ បង្កើតការងារជូនប្រជាជន  _ បង្កើតប្រាក់ចំណូលក្នុងគ្រួសារ  _ ប្រជាជនមានជីវភាពធូរធារ _ ជួយរក្សាលំនឹងជញ្ជីងពាណិជ្ជកម្ម  _ ផ្ដល់ផលិតផលសម្រាប់នាំចេញ  _ ផ្ដល់ផលិតផលសម្រាប់ប្រើប្រាស់ _ កាត់បន្ថយការនាំចូល។,15,15,4,1.0,0.9173099472402227,4,14,0,1
173,ចូរពណ៏នាពីការអភិវឌ្ឍសេដ្ឋកិច្ច សង្គម នៅកម្ពុជាពីឆ្នាំ១៩៩៣ មកទល់សព្វថ្ងៃ?,ការអភិវឌ្ឈនៅកម្ពុជា +វិស័យសេដ្ឋកិច្ច -ជួយជំរុញវិស័យកសិកម្ម ឧស្សាហកម្ម ពាណិជ្ជកម្ម ទេសចរណ៌ មានការអភិវឌ្ឈ -មានកំណើនការវិនិយោគពីឯកជនបង្កើតទុនបរទេស -មានទំនាក់ទំនងពាណិជ្ជកម្មអន្តរជាតិជាមួយអាស៊ាននិងមហាអំណាចធំៗ -មានកំណើនភ្ញៀវទេសចរណ៌ជាតិនិងអន្តរជាតិ ផ្ដល់ចំណូលដល់ប្រជាជន -កសាងហេដ្ឋារចនាសម្ព័ន្ធ មានផ្លូវថ្នល់ ស្ពានដែក កំពង់ផែ អាកាសយាន្តដ្ឋាន ដោយបំពាក់ប្រព័ន្ធទឹកភ្លើងពីទីក្រុងទៅជនបទ +វិស័យសង្គម -មានការទប់ស្កាត់សង្គ្រាម -លើកស្ទួយការគោរពសិទ្ធិមនុស្ស -ទប់ស្កាត់អំពើពុករលួយ -ធ្វើឱ្យរដ្ឋាភិបាលមានលទ្ធភាពសម្រេចផែនការនានាតាមការកំណត់ -ជួយឱ្យមានរក្សាសន្តិភាព សុខសុវត្ថិភាព -មានការអភិវឌ្ឈសាលារៀន មន្ទីរពេទ្យ -មានសមភាពយែនឌ័រក្នុងសង្គម -កម្ពុជារៀបចំកម្មវិធីធំៗថ្នាក់ជាតិ។,ពណ៌នាពីការអភិវឌ្ឍសេដ្ឋកិច្ចសង្គមនៅកម្ពុជាពីឆ្នាំ 1993 មកទល់សព្វថ្ងៃ +នយោបាយឈ្នះ -នយោបាយឈ្នះបានធ្វើឲ្យរាជរដ្ឋាភិបាលបានដាក់ចេញនូវយុទ្ធសាស្ត្រត្រីកោណនិងយុទ្ធសាស្ត្រចតុកោណក្នុងការអភិវឌ្ឍសង្គមតាមរយៈកំណែទម្រង់សាធារណៈ វិមជ្ឈការកំណែទម្រង់ច្បាប់និងប្រព័ន្ធតុលាការសន្តិភាពនយោបាយហិរញ្ញវត្ថុលុបបំបាត់អំពើពុករលួយការគ្រប់គ្រងធនធានធម្មជាតិប្រកបដោយចីរភាព។ +សេដ្ឋកិច្ច -បង្កើតទំនាក់ទំនងពាណិជ្ជកម្មអន្តរជាតិអាស៊ាននិងមហាអំណាចធំៗលើពិភពលោក -អនុវត្តសេដ្ឋកិច្ចទីផ្សារសេរីកម្ពុជាក្លាយជាកន្លែងវិនិយោគទុនដ៏ទាក់ទាញ -ជំរុញនិងលើកទឹកចិត្តការវិនិយោគពីឯកជនបង្កើតទន់បរទេស -ធ្វើអោយអត្រាប្ដូរប្រាក់មានស្ថិរភាព +វិស័យសង្គម -ធ្វើឱ្យមានសមត្ថផលជាច្រើនកើតឡើងដូចជា -កសាងសាលារៀនពីមតេយ្យសិក្សាដល់សាកលវិទ្យាល័យ -កសាងមន្ទីរពេទ្យផ្លូវថ្នល់ស្ពានប្រព័ន្ធធារាសាស្រ្តជាពិសេសសេដ្ឋកិច្ចមានការរីកចម្រើន -ប្រជាជនមានជីវភាពកាន់តែប្រសើរ +ការអនុវត្តច្បាប់,10,9,4,0.9,0.9656971641047443,4,10,0,1
174,តើឧស្សាហកម្មមានតួនាទីដូចម្ដេចខ្លះចំពោះសេដ្ឋកិច្ចជាតិ?,ឧស្សាហកម្មមាន​តួនាទីចំពោះសេដ្ឋកិច្ចជាតិដូចជា ៖ ​ _ ជួយបង្កើតថវិការជាតិ ​ _ ជួយបង្កើតទិន្នផលជាតិ ​​ _ ជួយឲ្យសេដ្ឋកិច្ចជាតិរីកចម្រើន  _ ប្រជាជនសំបូរធូរធារ  _អភិវឌ្ឍគ្រប់វិស័យ  _ មានទំនាក់ទំនងល្អជាមួយអ្នកជិតខាង  _ មានភាពរុងរឿងនៅក្នុងប្រទេសជាតិ។,ឧស្សាហកម្មមានតួនាទីចំពោះសេដ្ឋកិច្ចជាតិដូចជា -បានផ្តល់ចំណូលក្នុងសេដ្ឋកិច្ចជាតិ -ជួយផ្តល់ការងារសម្រាប់ប្រជាជន -ផ្គត់ផ្គង់ការនាំចេញទៅក្រៅប្រទេស -ផ្គត់ផ្គង់ក្នុងស្រុកបានគ្រប់គ្រាន់ -ជួយកាត់បន្ថយការនាំចូលពីបរទេស -ទាក់ទាញអ្នកវិនិយោគក្នុង និងក្រៅប្រទេស -ជួយដល់ជីវភាពគ្រួសារ -ជួយដោយផ្ទាល់ (ឧស្សាហកម្មកាត់ដេរ វាយនភណ្ឌ សហគ្រាសផលិតស្ករស ជលផល... ជាដើម) -ជួយដោយប្រយោល (ជួយកសិករដែលធ្វើកសិកម្មដូចជា ដាំកៅស៊ូ ដំឡូងមី ស្រូវ ផ្លែឈើ... ជាដើម)។,15,15,4,1.0,0.9821962768408631,4,15,0,0
175,ហេតុអ្វីបានជាផ្នែកឯកជនជាកម្លាំងដ៏សំខាន់សម្រាប់វិនិយោគនិងធ្វើឲ្យមានកំណើនសេដ្ឋកិច្ចក្នុងប្រទេស?,បានជាផ្នែកឯកជនជាកម្លាំងដ៏សំខាន់សម្រាប់វិនិយោគនិងធ្វើឲ្យមានកំណើនសេដ្ឋកិច្ចក្នុងប្រទេស ព្រោះប្រទេសកម្ពុជាជាប្រទេសអភិវឌ្ឍន៍ សេដ្ឋកិច្ចទីផ្សារដោយបានធ្វើកំណែទម្រង់សហគ្រាសឧស្សាហកម្មឲ្យក្លាយទៅជាកម្មសិទ្ធិឯកជន ។ សេដ្ឋកិច្ចទីផ្សារសេរីនេះនាំឲ្យអ្នករកស៊ីបរទេសចូលចិត្តមកវិនិយោគ ហើយកាលណាផ្នែកឯកជនរឹងមាំមកវិនិយោគ ហើយកាលណាផ្នែកឯកជនមិនរឹងមាំអាចបំពេញបន្ថែមវិនិយោគនិងវិស័យសង្គមកិច្ចមានន័យថាវិស័យឯកជនស្រូបយកកម្លាំងការងារកាន់តែកើនឡើង។,បានជាផ្នែកឯកជនជាកម្លាំងដ៏សំខាន់សម្រាប់វិនិយោគលើធ្វើឲ្យមានកំណើនសេដ្ឋកិច្ចក្នុងប្រទេសព្រោះ -កម្ពុជាជាប្រទេសអភិវឌ្ឍន៍សេដ្ឋកិច្ចទីផ្សារសេរីការ -ឯកជនរឹងមាំវិស័យសង្គមអំពី វិស័យសង្គមសេដ្ឋកិច្ចកាន់តែស្រូបយក។,15,2,1,0.1333333333333333,0.2807260033047124,1,4,0,2
176,ចូរនិយាយពីកំណកាម៉ែតញី។,ការស្ថិតនៅក្រោមសារពាង្គកាយនៃពងស្វាសមានសារៈសំខាន់ដូចជាដើម្បីរក្សាសីតុណ្ហភាពឲ្យ ទាបជាងសីតុណ្ហភាពក្នុងខ្លួន ប្រហែលពី(2-3)សីតុណ្ហភាពក្នុងខ្លួន37 ។,កំណកាម៉ែនញី ដំបូងកោសិកាពូជមួយរកចម្ងាយពីរដងទម្លាប់គ្នាបានកោសិកាអូវ៉ូកូនី4 ។អូវុលរីក មាឌក្លាយជាអូវូស៊ីត1 ។អូវ៉ូស៊ីតមួយរងចំណែកមួយនៃមេយ៉ូសហើយត្រូវបានជាប់គាំងនៅចុង វគ្គមួយ ។,10,5,2,0.5,0.4071970472080893,1,4,1,1
177,ហេតុអ្វីបានជាមនុស្សស្រូបយកខ្យល់ដែលមានកាបូនម៉ណូអុកស៊ីតអាចបង្កគ្រោះថ្នាក់ដល់ស្លាប់បាន?,បានជាមនុស្សស្រូបយកខ្យល់ដែលមានកាបូនម៉ូណូអុកស៊ីដអាចបង្កឲ្យមានគ្រោះថ្នាក់ដល់ស្លាប់ បានព្រោះកាបូនម៉ូណូអុកស៊ីដមានសមត្ថភាពចាប់យក ក្នុងឈាមបានខ្លាំងជាងអុកស៊ីសែន វារារាំងឈាមមិនឲ្យដឹកនាំអុកស៊ីសែនទៅចិញ្ចឹមសរីរាង្គជាពិសេសខួរក្បាលដែលបណ្តាលឲ្យ ស្លាប់និង សន្លប់ ។,បានជាមនុស្សស្រូបយកខ្យល់ដែលមានកាបូនម៉ូណូអុកស៊ីដអាចបង្កឲ្យមានគ្រោះថ្នាក់ដល់ស្លាប់បាន ព្រោះកាបូនម៉ូណូអុកស៊ីដមានសមត្ថភាពចាប់យក ក្នុងឈាមបានខ្លាំងជាងអុកស៊ីសែនវារារាំង ឈាមមិនឲ្យដឹកនាំអុកស៊ីសែនទៅចិញ្ចឹមសរីរាង្គជាពិសេសខួរក្បាលដែលបណ្តាលឲ្យស្លាប់និង សន្លប់ ។,5,4,3,0.8,0.8183961980217068,3,4,0,0
178,តើកត្តាអ្វីខ្លះដែលបណ្ដាលឲ្យសៀមវាយបែកបន្ទាយលង្វែក?,កត្តាដែលបណ្ដាលឲ្យសៀមវាយបន្ទាយលង្វែកព្រះរាជាព្រះសត្ថាទីមួយឆោតល្ងង់ទៅជួយរំដោះក្រុងឰយុធ្យារបស់សៀមមកពីការត្រួតត្រាភូមាសៀមរមិលគុណប្រើល្បិចបញ្ជូនសល់ពីរអង្គ យកការវិបត្តិផ្ទៃក្នុងជាជួរជលសារលោករវល់ នាដើមម៉ឺនមន្ត្រីប្រជារាស្ត្រមិនពេញចិត្តដែលតែងទៅកូនអាយុដប់មួយវស្សា ឲ្យកូនរៀននៅ ក្នុងនាម មហាឧបរាជ ធ្វើឲ្យប្រជារាស្ត្របាត់បង់ស្មារតីប្រយុទ្ធប្រជារាស្ត្រខ្មែរក្រីក្រឆោតល្ងង់ចង់បានប្រាក់ដួលក៏នាំគ្នាកាប់ឆ្ការគុម្ពឫស្សីដែលជារបងការពារបន្ទាយលង្វែកដ៏រឹងមាំ រីប្រទេសខ្មែរហាក់បីដូចជាបាត់បង់សាមគ្គីដូចជាស្ថានីយមួយនាំកូនទាំងពីររត់ភៀសខ្លួនទៅប្រទេសឡាវមិនគិតពីប្រជារាស្ត្រនាំឲ្យប្រជាជន អស់ជំនឿ,កត្តាដែលបណ្ដាលឲ្យសៀមវាយបន្ទាយលង្វែកព្រះរាជាព្រះសត្ថាទីមួយឆោតល្ងង់ទៅជួយរំដោះក្រុងឰយុធ្យារបស់សៀមមកពីការត្រួតត្រាភូមាសៀមរមិលគុណប្រើល្បិចបញ្ជូនសល់ពីរអង្គ យកការវិបត្តិផ្ទៃក្នុងជាជួរជលសារលោករវល់ នាដើមម៉ឺនមន្ត្រីប្រជារាស្ត្រមិនពេញចិត្តដែលតែងទៅកូនអាយុដប់មួយវស្សា ឲ្យកូនរៀននៅ ក្នុងនាម មហាឧបរាជ ធ្វើឲ្យប្រជារាស្ត្របាត់បង់ស្មារតីប្រយុទ្ធប្រជារាស្ត្រខ្មែរក្រីក្រឆោតល្ងង់ចង់បានប្រាក់ដួលក៏នាំគ្នាកាប់ឆ្ការគុម្ពឫស្សីដែលជារបងការពារបន្ទាយលង្វែកដ៏រឹងមាំ រីប្រទេសខ្មែរហាក់បីដូចជាបាត់បង់សាមគ្គីដូចជាសត្ថាទីមួយនាំកូនទាំងពីររត់ភៀសខ្លួនទៅប្រទេសឡាវមិនគិតពីប្រជារាស្ត្រនាំឲ្យប្រជាជន អស់ជំនឿ។,10,10,4,1.0,0.9709812798970789,4,10,0,0
179,តើការស្ថិតនៅក្រៅសារពាង្គកាយនៃពងស្វាសមានសារៈសំខាន់ដូចម្តេច?,ការស្ថិតនៅក្រោមសារពាង្គកាយនៃពងស្វាសមានសារៈសំខាន់ដូចជាដើម្បីរក្សាសីតុណ្ហភាពឲ្យ ទាបជាងសីតុណ្ហភាពក្នុងខ្លួន ប្រហែលពី(2-3)សីតុណ្ហភាពក្នុងខ្លួន37 ។,ការស្ថិតនៅក្រោមសារពាង្គកាយនៃពងស្វាសមានសារៈសំខាន់ក្នុងការផលិតអរម៉ូនភេទឈ្មោលនិង បង្កើតស្ពែម៉ាតូសូអ៊ីត ។,10,3,1,0.3,0.23129128515202507,1,2,0,1
180,តើថ្ងៃរំដោះ៧មករា១៩៧៩ មានអត្ថន័យយ៉ាងណាខ្លះចំពោះប្រវត្តិសាស្ត្រកម្ពុជា?,ថ្ងៃរំដោះ 7 មករា 1979 មានអត្ថន័យជាប្រវត្តិសាស្រ្តដូចជា÷ -ជាថ្ងៃដែលប្រជាជនរួចផុតពីរបបប្រល័យពូជសាសន៍ -ជាថ្ងៃដែលរបបកម្ពុជាប្រជាធិបតេយ្យដួលរលំ -ជាថ្ងៃកំណើតទី 2 របស់ប្រជាជនខ្មែរ -ជាថ្ងៃដែលកងទ័ពរណសិរ្យសាមគ្គីនិងកងទ័ពរំដោះប្រជាជន បានរំដោះប្រជាជនចេញពីរបបប្រល័យពូជសាស្ត្រកម្ពុជា។,ថ្ងៃរំដោះ៧មករា១៩៧៩ មានអត្ថន័យយ៉ាងណាខ្លះចំពោះប្រវត្តិសាស្ត្រកម្ពុជាដូចជា៖     +ជាថ្ងៃដែលកម្ពុជារួចផុតពិការកាប់សម្លាប់រង្គាលនៃរបបកម្ណុជាប្រជាធិបតេយ្យ     +ជាថ្ងៃកំណើតទី២របស់ប្រជាជនកម្ពុជា ដែលបានរួចផុតពីរបបកម្ពុជាប្រជាធិបតេយ្យ     +បាននាំមកឱ្យប្រជាជនវិញនូវសិទ្ធសេរីភាពទាំងអស់ក្រោយការដួលរលំរបបកម្ពុជាប្រជាធិបតេយ្យ     +ការរស់រានឡើងវិញនូវវប្បធម៍ជាតិមានដូចជា ជំនឿ សាសនា ប្រពៃណី សិល្បៈ ជាដើម     +ស្ដានិងកសាងប្រទេសឡើងវិញស្របតាមឆន្ទៈ និងគោលបំណងប្រជាជន     +កម្ពុជាអាចកំណត់វាសនាប្រទេសជាតិដោយខ្លួនឯង     +កម្ពុជាអាចមានឯករាជ សន្តិភាព សេរីភាព សុភកគមង្គល ស្ថិរភាព ដើម្បីដំណើរនៅក្រៅប្រទេស     +អាចមាននៅផ្លូវដើរដោយច្បាស់លាស់ ដោយមិនជាប់នៅអតីតកាល     +ចាប់ផ្ដើមបង្កើតសមត្ថភាពធនធានមនុស្សដោយបញ្ជូននិសិត្សទៅបណ្ដុះបណ្ដាលនៅក្រៅប្រទេស។,8,8,4,1.0,0.9622520328257768,4,8,0,0
181,តើប្រព័ន្ធផលិតកម្មកសិកម្មនៅក្នុងប្រទេសកម្ពុជាមានអ្វីខ្លះ?ចូររៀបរាប់​ ។,ប្រព័ន្ធផលិតកម្មកសិកម្មនៅប្រទេសកម្ពុជាមាន៖    _ ដំណាំ : ដំណាំស្រូវ ដំណាំកៅស៊ូ ដំណាំផ្សេងៗទៀត    _ ការចិញ្ចឹមសត្វ : ការចិញ្ចឹមសត្វលើគោក ការចិញ្ចឹមសត្វក្នុងទឹក    _ ការនេសាទ : ការនេសាទទឹកសាប ការនេសាទទឹកប្រៃ  _ ព្រៃឈើ : ផលិតផលឈើ អនុផលព្រៃឈើ(រកឃ្មុំ ជ័រទឹក វល្លិ៍ ផ្តៅ) សត្វព្រៃ ។,ប្រព័ន្ធផលិតកម្មនៅប្រទេសកម្ពុជារួមមាន៖  +កសិកម្មផ្នែកដាំដុះ -ដំណាំស្រូវ លោក ដំឡូងពោត   -ដំណាំកៅស៊ូ -ដំណាំហូងផ្លែ +កសិកម្មនេសាទ -ការនេសាទត្រី -ការចិញ្ចឹមត្រី +កសិកម្មអនុផលព្រៃឈើ -ការកាប់យកព្រៃឈើមានតម្លៃ -ការអាស្រ័យយកផល្លាក្នុងព្រៃល។,10,7,3,0.7,0.6553794513186935,3,7,0,0
182,តើការស្ថិតនៅក្រៅសារពាង្គកាយនៃពងស្វាសមានសារៈសំខាន់ដូចម្តេច?,ការស្ថិតនៅក្រោមសារពាង្គកាយនៃពងស្វាសមានសារៈសំខាន់ដូចជាដើម្បីរក្សាសីតុណ្ហភាពឲ្យ ទាបជាងសីតុណ្ហភាពក្នុងខ្លួន ប្រហែលពី(2-3)សីតុណ្ហភាពក្នុងខ្លួន37 ។,ការស្ថិតនៅក្រោមសារពាង្គកាយនៃពងស្វាសមានសារៈសំខាន់ដូចជាដើម្បីរក្សាសីតុណ្ហភាពឲ្យ ទាបជាងសីតុណ្ហភាពក្នុងខ្លួន ប្រហែលពី(2-3)សីតុណ្ហភាពក្នុងខ្លួន37 ។,10,10,4,1.0,0.9354107181539728,4,9,0,1
183,តើព្រះបាទពញាយ៉ាតមានបុត្រប៉ុន្មានអង្គព្រះនាមអ្វីខ្លះ?ជាមួយអ្នកម្នាងណាខ្លះ?,ព្រះបាទពញាយ៉ាតមានបុត្របីអង្គគឺ នារាយណ៍រាជា ជាបុត្រជាមួយម្នាងទេវី ស្រីរាជាជាបុត្រជាមួយបុទុមកេសរ និងធម្មរាជាជាបុត្រជាមួយសុីសង៉ាម(បុត្រីស្ដេចសៀម)។,ព្រះបាទពញាយ៉ាតមានបុត្របីអង្គគឺ នារាយណ៍រាជា ជាបុត្រជាមួយម្នាងទេវី ស្រីរាជាជាបុត្រជាមួយបុទុមកេសរ និងធម្មរាជាជាបុត្រជាមួយសុីសង៉ាម(បុត្រីស្ដេចសៀម)។,5,5,4,1.0,0.9798475525860395,4,5,0,0
184,តើសង្គមខ្មែរនៅសម័យអង្គរមានប៉ុន្មានវណ្ណៈ? វណ្ណៈអ្វីខ្លះ? ចូលរៀបរាប់។,សង្គមខ្មែរនៅសម័យអង្គរមានប្រាំវណ្ណៈគឺ -វណ្ណៈក្សត្រឬរាជវង្សនុវង្ស (ជាស្ដេចគ្រប់គ្រងប្រទេស -វណ្ណៈមន្ត្រី (អ្នករស់នៅក្នុងរាជវាំងបម្រើស្ដេច) -វណ្ណៈព្រាហ្ម៍ឬបុព្វជិត​(គឺជាអ្នកបួស) -វណ្ណៈអ្នកជាឬកសិករ (អ្នករស់នៅនឹងធ្វើស្រែចម្ការ) -វណ្ណៈអ្នកងារឬទាសករ(ទាសករបម្រើគេតកូនតចៅ)។,សង្គមខ្មែរនៅសម័យអង្គរមានប្រាំវណ្ណៈគឺ -វណ្ណៈក្សត្រឬរាជវង្សានុវង្ស:វណ្ណៈនេះមានបុព្វសិទ្ធ -វណ្ណៈមន្ត្រី -វណ្ណៈបុព្វជិត -វណ្ណៈអ្នកជា -វណ្ណៈទាសករនិងអ្នកងារ។,10,6,2,0.6,0.5462310305229146,2,5,0,1
185,តើការស្ថិតនៅក្រៅសារពាង្គកាយនៃពងស្វាសមានសារៈសំខាន់ដូចម្តេច?,ការស្ថិតនៅក្រោមសារពាង្គកាយនៃពងស្វាសមានសារៈសំខាន់ដូចជាដើម្បីរក្សាសីតុណ្ហភាពឲ្យ ទាបជាងសីតុណ្ហភាពក្នុងខ្លួន ប្រហែលពី(2-3)សីតុណ្ហភាពក្នុងខ្លួន37 ។,ការស្ថិតនៅក្រោមសារពាង្គកាយនៃពងស្វាសមានសារៈសំខាន់ក្នុងការផលិតអរម៉ូនភេទឈ្មោលនិង បង្កើតស្ពែម៉ាតូសូអ៊ីត ។,10,3,1,0.3,0.23129128515202507,1,2,0,1
186,តើឧស្សាហកម្មមានតួនាទីចំពោះសេដ្ឋកិច្ចជាតិយ៉ាងដូចម្ដេច?,ឧស្សាហកម្មមានតួនាទីសម្រាប់សេដ្ឋកិច្ចជាតិដូចជា -ជួយបង្កើតប្រាក់ចំណូលចូលជាតិ -បង្កើតការងារដល់ប្រជាជន -បង្កើតប្រាក់ចំណូលចូលក្នុងគ្រួសារ -ប្រជាជនមានជីវភាពធូរធារ -ជួយរក្សាជញ្ជីងពាណិជ្ជកម្ម -ជួយបង្កើតទិន្នផលសម្រាប់ការនាំចេញនាំចូល -បង្កើននូវសង្ឃភារៈសម្រាប់ប្រើប្រាស់។,ឧស្សាហកម្មមានតួនាទីចំពោះសេដ្ឋកិច្ចជាតិដូចជា៖ -ការនាំចេញទៅក្រៅប្រទេស -ចំណូលបានពីការលក់បញ្ជូនទៅសេដ្ឋកិច្ចជាអ្នកទុកដាក់ -ផលិតផលដែលផលិតបានត្រូវយកទៅលក់នៅក្រៅប្រទេស -ប្រព័ន្ធការធ្វើឲ្យមានដែលមិនអាចរស់នៅបាន -ដែលមានសញ្ញាដែលបានធ្វើឲ្យគ្មានភាពពេកលន់ភ្លេច -នៅលើការលក់ដូរនៅតាមទីផ្សារនីមួយៗទ្រាំងណាបានភ្លេច -ជាតិបានធ្វើការឲ្យការទិញសន្លឹកក្រដាសប្រឡងកិត្តិយស -ដែលបានធ្វើឲ្យណាដែលមានសញ្ញាសម្គាល់ដែលបាន -ផ្នែកកក្នុងមិនបានធ្វើឲ្យបានជាច្រើនទេបានតែមិនលែង -កុំស៊ីនដែលបានដែលនៅតែបន្ទាត់ដែនដីមិនត្រូវ -ប្រព័ន្ធដែលធ្វើឲ្យមានការវិនិច្ឆ័យការមានដីខ្វែង -ជាតិយ៉ាងណាមិញម្យ៉ាងទៀតបាននាំឱ្យសម្គាល់ -យើងមិនបានធ្វើឱ្យមានដែលបានគ្មានឃើញ -បេក្ខជនដែលធ្វើឲ្យមានការចែកចេញពីប្រទេសបើកឡើយមានបានទេ។,15,3,1,0.2,0.25593195467996926,1,4,0,1
187,តើអាណាចក្រភ្នំមានព្រំប្រទល់ជាប់ប្រទេសណាខ្លះ?,អាណាចក្រភ្នំមានព្រំប្រទល់ជាប់ប្រទេសដូចជា -ខាងជើងជាប់ចិន -ខាងត្បូងជាឈូងសមុទ្រខ្មែរ -ខាងកើតជាប់រដ្ឋចម្ប៉ា -ខាងលិចជាប់រដ្ធមនឬភូមា។,អាណាចក្រភ្នំមានព្រំប្រទល់ជាប់ប្រទេសដូចជា -ខាងជើងជាប់ចិន -ខាងត្បូងជាឈូងសមុទ្រខ្មែរ -ខាងកើតជាប់រដ្ឋចម្ប៉ា -ខាងលិចជាប់រដ្ឋមនឬភូមា។,6,6,4,1.0,0.9900460795956889,4,6,0,0
188,តើសង្គមខ្មែរនៅសម័យអង្គរមានប៉ុន្មានវណ្ណៈ? វណ្ណៈអ្វីខ្លះ? ចូលរៀបរាប់។,សង្គមខ្មែរនៅសម័យអង្គរមានប្រាំវណ្ណៈគឺ -វណ្ណៈក្សត្រឬរាជវង្សនុវង្ស (ជាស្ដេចគ្រប់គ្រងប្រទេស -វណ្ណៈមន្ត្រី (អ្នករស់នៅក្នុងរាជវាំងបម្រើស្ដេច) -វណ្ណៈព្រាហ្ម៍ឬបុព្វជិត​(គឺជាអ្នកបួស) -វណ្ណៈអ្នកជាឬកសិករ (អ្នករស់នៅនឹងធ្វើស្រែចម្ការ) -វណ្ណៈអ្នកងារឬទាសករ(ទាសករបម្រើគេតកូនតចៅ)។,សង្គមខ្មែរនៅសម័យអង្គរមានប្រាំវណ្ណៈគឺ -វណ្ណៈក្សត្រឬរាជវង្សនុវង្ស ជាអ្នកគ្រប់គ្រងប្រទេសទាំងមូល  -វណ្ណៈមន្ត្រី ជាអ្នកធ្វើការអោយព្រះមហាក្សត្រ -វណ្ណៈព្រាហ្ម៍ឬបុព្វជិត​គឺជាអ្នកត្រាស់ដឹងអ្នកគោរពសាសនា -វណ្ណៈប្រជាពលរដ្ធទូទៅជាប្រជាជនទូទៅ -វណ្ណៈអ្នកងារឬទាសករជាអ្នកបម្រើព្រះរាជាឬមន្រ្តីរាជការ។,10,10,4,1.0,0.9722205121777523,4,10,0,0
189,តើឧស្សាហកម្មមានអ្នកតួនាទីចំពោះសេដ្ឋកិច្ចយ៉ាងដូចម្ដេច?,ឧស្សាហកម្មមានតួនាទីសម្រាប់សេដ្ឋកិច្ចជាតិដូចជា -ជួយបង្កើតប្រាក់ចំណូលចូលជាតិ -បង្កើតការងារដល់ប្រជាជន -បង្កើតប្រាក់ចំណូលចូលក្នុងគ្រួសារ -ប្រជាជនមានជីវភាពធូរធារ -ជួយរក្សាជញ្ជីងពាណិជ្ជកម្ម -ជួយបង្កើតទិន្នផលសម្រាប់ការនាំចេញនាំចូល -បង្កើននូវសង្ឃភារៈសម្រាប់ប្រើប្រាស់។,ឧស្សាហកម្មមានតួនាទីចំពោះសេដ្ឋកិច្ចដូចជា -ជួយធ្វើឲ្យប្រជាជនមានការងារធ្វើច្រើន -ជួយធ្វើឲ្យប្រទេសមកវិនិយោគក្នុងប្រទេស -ជួយប្រទេសអភិវឌ្ឍន៍បានយ៉ាងឆាប់រហ័ស -ជួយធ្វើឲ្យផលដែលប្រមូលពីកសិកម្មមានទីផ្សារ -ជួយធ្វើឱ្យប្រជាជនងើបពីភាពក្រីក្រ -ជួយធ្វើឲ្យសេដ្ឋកិច្ចជាតិមានភាពរីកចម្រើន។,15,15,4,1.0,0.9715163224025009,4,15,0,0
190,តើប្រព័ន្ធផលិតកម្មកសិកម្មនៅក្នុងប្រទេសកម្ពុជាមានអ្វីខ្លះ?ចូររៀបរាប់​ ។,ប្រព័ន្ធផលិតកម្មកសិកម្មនៅប្រទេសកម្ពុជាមាន៖    _ ដំណាំ : ដំណាំស្រូវ ដំណាំកៅស៊ូ ដំណាំផ្សេងៗទៀត    _ ការចិញ្ចឹមសត្វ : ការចិញ្ចឹមសត្វលើគោក ការចិញ្ចឹមសត្វក្នុងទឹក    _ ការនេសាទ : ការនេសាទទឹកសាប ការនេសាទទឹកប្រៃ  _ ព្រៃឈើ : ផលិតផលឈើ អនុផលព្រៃឈើ(រកឃ្មុំ ជ័រទឹក វល្លិ៍ ផ្តៅ) សត្វព្រៃ ។,ប្រព័ន្ធផលិតកម្មកសិកម្មនៅប្រទេសកម្ពុជាមាន៖    _ ដំណាំ : ដំណាំស្រូវ ដំណាំកៅស៊ូ ដំណាំផ្សេងៗទៀត    _ ការចិញ្ចឹមសត្វ : ការចិញ្ចឹមសត្វលើគោក ការចិញ្ចឹមសត្វក្នុងទឹក    _ ការនេសាទ : ការនេសាទទឹកសាប ការនេសាទទឹកប្រៃ  _ ព្រៃឈើ : ផលិតផលឈើ អនុផលព្រៃឈើ(រកឃ្មុំ ជ័រទឹក វល្លិ៍ ផ្តៅ) សត្វព្រៃ ។,10,10,4,1.0,0.9376539373736332,4,9,0,1
191,តើអាណាចក្រភ្នំមានព្រំប្រទល់ជាប់ប្រទេសណាខ្លះ?,អាណាចក្រភ្នំមានព្រំប្រទល់ជាប់ប្រទេសដូចជា -ខាងជើងជាប់ចិន -ខាងត្បូងជាឈូងសមុទ្រខ្មែរ -ខាងកើតជាប់រដ្ឋចម្ប៉ា -ខាងលិចជាប់រដ្ធមនឬភូមា។,អាណាចក្រភ្នំមានព្រំប្រទល់ជាប់ប្រទេសដូចជា -ខាងជើងជាប់ចិន -ខាងត្បូងជាឈូងសមុទ្រខ្មែរ -ខាងកើតជាប់រដ្ឋចម្ប៉ា -ខាងលិចជាប់រដ្ឋមនឬភូមា។,6,6,4,1.0,0.9900460795956889,4,6,0,0
192,បុព្វហេតុអ្វីខ្លះដែលនាំឲ្យអាណាចក្រចេនឡាបែកបាក់ជាពីរគឺអាណាចក្រចេនឡាដីគោកនិងចេនឡាទឹកលិច?,បុព្វហេតុដែលនាំហើយអាណាចក្រចេនឡាបែកជាពីរគឺ -វិសាលភាពទឹកដីធំទូលាយ -ចម្បាំងអត់ឈប់ឈរ -សមន្ដរដ្ឋបះបោរចង់ផ្ដាច់ខ្លួន -វិបត្តិផ្ទៃក្នុង -ព្រះនាងជ័យទេវីគ្មានសមត្ថភាពគ្រប់គ្រង។,បុព្វហេតុដែលនាំហើយអាណាចក្រចេនឡាបែកជាពីរគឺ -វិសាលភាពទឹកដីធំទូលាយ -ចម្បាំងអត់ឈប់ឈរ -សមន្ដរដ្ឋបះបោរចង់ផ្ដាច់ខ្លួន -វិបត្តិផ្ទៃក្នុង -ព្រះនាងជ័យទេវីគ្មានសមត្ថភាពគ្រប់គ្រង។,7,7,4,1.0,0.9774278816832895,4,7,0,0
193,ចូររៀបរាប់អំពីទំនាក់ទំនងរវាងការដាំដុះអាជីវកម្មព្រៃឈើនិងនេសាទ។,ទំនាក់ទំនងរវាង ការដាំដុះអាជីវកម្មព្រៃឈើ និងការនេសាទ៖  _ ការដាំដុះអាជីវកម្មព្រៃឈើ និងការនេសាទ ជាភោគទ្រព្យយ៉ាងសំខាន់សម្រាប់ប្រជាជនក្នុងការទ្រទ្រង់ក្នុងជីវភាពរស់នៅនិងការអភិវឌ្ឍន៍ប្រទេសជាតិ   _ ដើម្បីបំពេញតម្រូវការក្នុងកសិកម្មផលិតកម្មនិងត្រូវការផ្សេងៗ មនុស្សនាំគ្នាកាប់ព្រៃឈើដើម្បីធ្វើអាជីវកម្មព្រៃឈើជាមូលហេតុធ្វើឲ្យអាកាសធាតុប្រែប្រួលប៉ះពាល់ដល់ជីវិតមនុស្ស សត្វ និងរុក្ខជាតិ  ​ _ អតិផលនៃប្រព័ន្ធកសិកម្ម នាំឲ្យមានកំណើននៃការប្រើប្រាស់គីមីនិងថ្នាំសម្លាប់សត្វល្អិត។ ជីគីមី និងថ្នាំសម្លាប់សត្វល្អិត ទាំងនោះហូរទៅផ្ដុំគ្នានៅតាមផ្លូវទឹកនានា បំផ្លាញជីវិតសត្វនិងពូជធម្មជាតិ។,ទំនាក់ទំនងរវាងការដាំដុះ អាជីវកម្មព្រៃឈើនិងការនេសាទ -ការដាំដុះគឺជាការដាំដុះនូវដំណាំផ្សេងផ្សេងដូចជាស្រូវបន្លែជាច្រើនការដាំដុះនេះភាគច្រើនគេដាំវានៅតាមជនបទដើម្បីយកទៅលក់នៅទីផ្សារដើម្បីយកប្រាក់មកដោះដូរជីវភាព ប្រជាជនខ្លះដាំដុះនេះដើម្បីទុកបរិភោគខ្លួនឯងដោយកាត់បន្ថយទៅលើការចំណាយហើយការដាំដុះនេះ សារៈសំខាន់ចំពោះជាតិផងដែរការដាំដុះនេះអាចនាំចេញទៅក្រៅស្រុកបាន ផងដែរ អ្នកខ្លះទៀតយកការដាំដុះនេះជាមុខរបរនាំយកទៅទីក្រុងដើម្បីលក់ដូរ។ -អាជីវកម្មព្រៃឈើប្រជាជនមួយបានយកការកាប់ព្រៃឈើធ្វើជាអាជីវកម្មដើម្បីចិញ្ចឹមជីវិតហើយអាជីវកម្ម នេះមួយចំនួនអាចយកធ្វើជាអុសធ្យូងផ្ទះគ្រែកៅអីជាដើមគឺទាំងអស់នេះ ក៏ជាការសំខាន់ដែរដើម្បីយកទៅលក់ដូរដើម្បីដោះដូរជីវភាពបានប៉ុន្តែការធ្វើអាជីវកម្មព្រៃឈើនេះក៏អាចបង្កដល់អំពើខុសច្បាប់ដែរហើយអាចមានសំឡេងរំខានដល់អ្នកដទៃផងដែរ។ -ការនេសាទក៏អាចដោះដូរជីវភាពបានតែប្រជាជនមួយចំនួនបានយកការនេសាទនេះ ចិញ្ចឹមជីវិតនិងគ្រួសារការនេសាទឬមានច្រើនបែបណាដូចជាការនេសាទត្រីការនេសាទសត្វ ការនេសាទនៅសមុទ្រជាដើម។,15,15,4,1.0,0.38569703413858114,1,6,3,9
194,តើកត្តាអ្វីខ្លះដែលធ្វើអោយសម័យអង្គររីកចម្រើនដល់កំពូល?​ ចូលរៀបរាប់។,កត្តាដែលធ្វើអោយសម័យអង្គររីកចម្រើនគឺ: កត្តាព្រះរាជា:ព្រះរាជាចាប់ពីព្រះបាទជ័យវរ្ម័នទី 2 រហូតដល់ព្រះបាទជ័យវរ្ម័នទី 7 សុទ្ធតែជាស្ដេចខ្លាំងពូកែ កត្តានយោបាយ: នយោបាយក្នុងប្រទេសបង្រួបបង្រួមជាតិកសាងនិងការពារទឹកដី នយោបាយក្រៅប្រទេស:ចងសម្ព័ន្ធមិត្តជាមួយប្រទេសធំៗវាយយករដ្ឋតូចដាក់ជាចំណុះ កត្តាសេដ្ឋកិច្ច:រីកចម្រើនលើវិស័យកសិកម្មសិប្បកម្មគណនាគម កត្តាសាសនា:ការឯកភាពគ្នារវាងសាសនាព្រាហ្មនិងព្រះពុទ្ធ កត្តាធនធានមនុស្សបន្សល់ទុកតាំងពីសម័យនគរភ្នំនិងចេនឡាមក។,កត្តាដែលធ្វើអោយសម័យអង្គររីកចម្រើនគឺ: កត្តាព្រះរាជា:ព្រះរាជាចាប់ពីព្រះបាទជ័យវរ្ម័នទី 2 រហូតដល់ព្រះបាទជ័យវរ្ម័នទី 7 សុទ្ធសឹងតែជាស្ដេចខ្លាំងពូកែ កត្តានយោបាយ: នយោបាយក្នុងប្រទេសបង្រួបបង្រួមជាតិកសាងនិងការពារទឹកដី នយោបាយក្រៅប្រទេស:ចងសម្ព័ន្ធមិត្តជាមួយប្រទេសធំៗវាយយករដ្ឋតូចដាក់ជាចំណុះ កត្តាសេដ្ឋកិច្ច:រីកចម្រើនលើវិស័យកសិកម្មសិប្បកម្មគណនាគមន៍ កត្តាសាសនា:ការឯកភាពគ្នារវាងសាសនាព្រាហ្មនិងព្រះពុទ្ធ កត្តាធនធានមនុស្ស:មនុស្សបន្សល់ទុកតាំងពីសម័យនគរភ្នំនិងចេនឡាមក។,10,10,4,1.0,0.973121073305262,4,10,0,0
195,តើកត្តាអ្វីខ្លះដែលបណ្ដាលឲ្យសៀមវាយបែកបន្ទាយលង្វែក?,កត្តាដែលបណ្ដាលឲ្យសៀមវាយបន្ទាយលង្វែកព្រះរាជាព្រះសត្ថាទីមួយឆោតល្ងង់ទៅជួយរំដោះក្រុងឰយុធ្យារបស់សៀមមកពីការត្រួតត្រាភូមាសៀមរមិលគុណប្រើល្បិចបញ្ជូនសល់ពីរអង្គ យកការវិបត្តិផ្ទៃក្នុងជាជួរជលសារលោករវល់ នាដើមម៉ឺនមន្ត្រីប្រជារាស្ត្រមិនពេញចិត្តដែលតែងទៅកូនអាយុដប់មួយវស្សា ឲ្យកូនរៀននៅ ក្នុងនាម មហាឧបរាជ ធ្វើឲ្យប្រជារាស្ត្របាត់បង់ស្មារតីប្រយុទ្ធប្រជារាស្ត្រខ្មែរក្រីក្រឆោតល្ងង់ចង់បានប្រាក់ដួលក៏នាំគ្នាកាប់ឆ្ការគុម្ពឫស្សីដែលជារបងការពារបន្ទាយលង្វែកដ៏រឹងមាំ រីប្រទេសខ្មែរហាក់បីដូចជាបាត់បង់សាមគ្គីដូចជាស្ថានីយមួយនាំកូនទាំងពីររត់ភៀសខ្លួនទៅប្រទេសឡាវមិនគិតពីប្រជារាស្ត្រនាំឲ្យប្រជាជន អស់ជំនឿ,កត្តាដែលបណ្ដាលឲ្យសៀមវាយបែកបន្ទាយលង្វែក កត្តាចម្បងរួមមាន ល្បិចកលសៀមបែបប្រាក់ដួងចូលក្នុងរបងឫស្សីដើម្បីឲ្យប្រជាជនខ្មែរកាប់ឆ្ការរបងការពារខ្លួនឯង ភាពទន់ខ្សោយផ្ទៃក្នុងការបែកបាក់សាមគ្គីភាពរវាងមន្ត្រីនិងការធ្វេសប្រហែសរបស់ស្ដេចខ្មែរ អាវុធសៀមមានកម្លាំងទ័ពនិងគ្រឿងសព្វាវុធខ្លាំង ខ្លានៅពេលនោះ។,10,6,2,0.6,0.5441483680263268,2,5,0,1
196,តើសង្គមខ្មែរនៅសម័យអង្គរមានប៉ុន្មានវណ្ណៈ? វណ្ណៈអ្វីខ្លះ? ចូលរៀបរាប់។,សង្គមខ្មែរនៅសម័យអង្គរមានប្រាំវណ្ណៈគឺ -វណ្ណៈក្សត្រឬរាជវង្សនុវង្ស (ជាស្ដេចគ្រប់គ្រងប្រទេស -វណ្ណៈមន្ត្រី (អ្នករស់នៅក្នុងរាជវាំងបម្រើស្ដេច) -វណ្ណៈព្រាហ្ម៍ឬបុព្វជិត​(គឺជាអ្នកបួស) -វណ្ណៈអ្នកជាឬកសិករ (អ្នករស់នៅនឹងធ្វើស្រែចម្ការ) -វណ្ណៈអ្នកងារឬទាសករ(ទាសករបម្រើគេតកូនតចៅ)។,សង្គមខ្មែរនៅសម័យអង្គរមានប្រាំវណ្ណៈគឺ -វណ្ណៈក្សត្រឬរាជវង្សនុវង្ស:​មិនត្រូវការបង់ពន្ធ ព្រមទាំងមិនចាំបាច់ធ្វើការងារធ្ងន់។ -វណ្ណៈមន្ត្រី: ជាអ្នកដែលធ្វើការក្នុងវាំងនិងបម្រើព្រះរាជា។ -វណ្ណៈអ្នកបួសឬបុព្វជិត​: មានបួនគឺពួកប៉ាន់ឃាប ពួកព្រាហ្ម៍បុរោហិត ពួកជូគូនិងពួកប៉ាវីស៊ី។ -វណ្ណៈអ្នកជា:គឺជាប្រជាជនធម្មតាត្រូវរកស៊ីធ្វើការបង់ពន្ធដល់ព្រះរាជា។ -វណ្ណៈអ្នកងារឬទាសករ:ជាវណ្ណៈដែលបម្រើគេព្រោះដោយសារជំពាក់បំណុលគេឬជាទាសករបម្រើគេតទៅកូនតចៅដោយមិនបានប្រាក់កម្រៃ។,10,10,4,1.0,0.9802638961947423,4,10,0,0
197,ដូចម្តេចដែលហៅថាមេយ៉ូស? ចូរនិយាយពីវគ្គផ្សេងៗនៃមេយ៉ូស។,មេយ៉ូសជាសំណុំនៃចំណែកកោសិកាពីរដងបន្តបន្ទាប់គ្នាដែលបង្កើតបានជាកោសិកាអាលូអុីតបួន ហៅថាមេយ៉ូស ។ _តេឡូផាស1 ស៊ីតូប្លាសចែកខ្លួនបានជាកោសិកាកូនពីរ ។កោសិកាកូននីមួយៗទទួលបានក្រូម៉ូសូម តែមួយពីរគូអូម៉ូឡូក ។ _ប្រផាស1 មានរយៈពេលវែង ។ _អាណាផាស1 ក្រូម៉ូសូមដំរៀបលើផ្លាស់ភ្ជាប់នឹងក្រយ៉ូងក្រូម៉ាទិចដោយសង់ក្រូងទ័ររបស់វា ។ _តេឡូផាស2 ក្រូម៉ូមនីមួយៗបានមកដល់ប៉ូលភ្នាស _មេតាផាស2 ក្រូម៉ូសូមប្រេះតាមបណ្ដោយភ្ជាប់ខ្លួនទៅនិងក្រយ៉ងក្រូម៉ាទិចដោយសង់ _ប្រូដាស2 ត្តយ៉ងអាក្រូម៉ាទិតកើតមានក្នុងកោសិកាគូនីមួយៗ _អាណាផាស2 សង់ក្រូម៉ែធ្វើចំណែកដែលនាំអោយក្រូម៉ាទិចបងប្អូនដាច់ចេញពីគ្នា ។បន្ទាប់មក ក្រូម៉ូសូមកូនទាំង2ធ្វើដំណើរឆ្ពោះទៅប៉ូលផ្ទុយគ្នារបស់ត្រយ៉ូងអាក្រូម៉ាទិច ។,មេយ៉ូសជាសំណុំនៃចំណែកកោសិកាពីរដងបន្តបន្ទាប់គ្នាដែលបង្កើតបានជាកោសិកាអាលូអុីតបួន ហៅថាមេយ៉ូស ។មានបួនវគ្គគឺ ប្រូផាស អាណាផាស មេតាផាស និង តេឡូផាស ។,10,5,2,0.5,0.422988575228037,1,4,1,1
198,ចូរនិយាយពីកំណកាម៉ែតញី។,ការស្ថិតនៅក្រោមសារពាង្គកាយនៃពងស្វាសមានសារៈសំខាន់ដូចជាដើម្បីរក្សាសីតុណ្ហភាពឲ្យ ទាបជាងសីតុណ្ហភាពក្នុងខ្លួន ប្រហែលពី(2-3)សីតុណ្ហភាពក្នុងខ្លួន37 ។,កំណកាម៉ែតញីដំបូងកោសិកាពូជមួយរួមចំណែកពីរដងបន្តបន្ទាប់គ្នា បានកោសិកាអូវ៉ូកូរី4 ។ អូវ៉ូកូរីនីមួយៗរីកមាឌអាចជាអូវ៉ូស៊ីត1 ។អូវ៉ូស៊ីតមួយរងចំណែកមួយនៃមេយោធាហើយត្រូវបាន ឈប់គាំងនៅវគ្គប្រផ្ដាស1 ។ក្រោយមកពេលគ្រប់អូវ៉ូស៊ីតមួយបន្តធ្វើចំណែកហើយត្រូវបានបញ្ចប់ នៅរយៈពេល6ម៉ោងមុនដំណើរអូវ៉ុលនិងធ្លាក់មកក្រៅជាអូវ៉ូស៊ីត2 ។ប្រសិនបើជួបស្ពែម៉ាតូសូអុីត បង្កើតបានជាអូវុល ។,10,8,3,0.8,0.8463191870338105,3,8,0,0
199,ហេតុអ្វីបានជាផ្នែកឯកជនជាកម្លាំងដ៏សំខាន់សម្រាប់ការវិនិយោគសេដ្ឋកិច្ច?,សេដ្ឋកិច្ចកម្ពុជាពឹងផ្អែកលើវិស័យកសិកម្មជាសំខាន់ៗ 5 គឺឧស្សាហកម្មកសិកម្មពាណិជ្ជកម្មគមនាគមន៍និងទេសចរណ៍ ក៏បានជាគេនិយាយថាកម្ពុជាប្រទេសកសិកម្មនៅប្រទេសកម្ពុជាមនុស្សមួយចំនួនធំគឺធ្វើកសិកម្ម។ច្រើនសុទ្ធតែជាកសិករកម្ពុជាសម្បូរជីកសិកម្មមានជីវជាតិសម្រាប់ឲ្យយើងធ្វើកសិកម្មចិញ្ចឹមសត្វនិងការដណ្ដប់ជួយបង្កើនចំណូលជូនជាងការងារចេញនៅក្រៅប្រទេសស្ករស្រូវដំឡូងកៅស៊ូ ខ. គេចែកកសិករទាំងនេះជាបួនប្រភេទកសិករតំបន់វាលខ្ពស់កសិករធ្វើស្រែឬមិនធ្វើស្រែកសិករភូមិភាគឥសានកសិករធ្វើតែស្រែ,សេដ្ឋកិច្ចកម្ពុជាពឹងផ្អែកលើវិស័យកសិកម្មជាសំខាន់ពីព្រោះ  ក.គេថាកម្ពុជាជាប្រទេសកសិកម្មដោយសារ -ប្រទេសកម្ពុជាជាប្រទេសដែលមានដែលអំណោយផលសម្រាប់ការធ្វើកសិកម្ម -ប្រទេសកម្ពុជាមានផ្លូវទឹកច្រើនសម្រាប់ការធ្វើកសិកម្ម -ប្រទេសកម្ពុជាជាប្រទេសដែលមានដីមានជាច្រើន -ប្រទេសកម្ពុជាមានរដូវចំនួនពីរដែលទាងទាត់គឺ រដូវប្រាំងនិងរដូវវស្សា -ប្រទេសកម្ពុជាជាប្រទេសដែលធ្វើកសិកម្មប្រមូលផលបានច្រើន -ប្រជាជននៅប្រទេសកម្ពុជាភាគច្រើនជាកសិករ។ ខ.គេចែកកសិករទាំងនោះដូចជាកសិករចំណាកស្រុកនិងកសិករស្រុកស្រែ -កសិករចំណាកស្រុកគឺជាកសិករដែលធ្វើស្រែចម្ការនៅពេលដែលផលចាប់ផ្ដើមដុះគេនិងចំណាកស្រុកទៅរកការងារធ្វើផ្សេងដូចជាកាត់ដេរឬកសិករជាដើម -កសិករស្រុកស្រែនៅពេលដែលធ្វើស្រែចម្ការគេនឹងនៅផ្ទះហើយធ្វើការងារផ្ទះហ្នឹងមើលស្រែចម្ការរបស់ខ្លួនរហូតប្រមូលផល។,15,10,3,0.6666666666666666,0.6882246747398778,3,10,0,0
200,តើអាណាចក្រភ្នំមានព្រំប្រទល់ជាប់ប្រទេសណាខ្លះ?,អាណាចក្រភ្នំមានព្រំប្រទល់ជាប់ប្រទេសដូចជា -ខាងជើងជាប់ចិន -ខាងត្បូងជាឈូងសមុទ្រខ្មែរ -ខាងកើតជាប់រដ្ឋចម្ប៉ា -ខាងលិចជាប់រដ្ធមនឬភូមា។,អាណាចក្រភ្នំមានព្រំប្រទល់ជាប់ប្រទេសដូចជា -ខាងជើងជាប់ចិន -ខាងត្បូងជាឈូងសមុទ្រខ្មែរ -ខាងកើតជាប់រដ្ឋចម្ប៉ា -ខាងលិចជាប់រដ្ឋមនឬភូមា។,6,6,4,1.0,0.9900460795956889,4,6,0,0
201,តើសង្គមខ្មែរនៅសម័យអង្គរមានប៉ុន្មានវណ្ណៈ? វណ្ណៈអ្វីខ្លះ? ចូលរៀបរាប់។,សង្គមខ្មែរនៅសម័យអង្គរមានប្រាំវណ្ណៈគឺ -វណ្ណៈក្សត្រឬរាជវង្សនុវង្ស (ជាស្ដេចគ្រប់គ្រងប្រទេស -វណ្ណៈមន្ត្រី (អ្នករស់នៅក្នុងរាជវាំងបម្រើស្ដេច) -វណ្ណៈព្រាហ្ម៍ឬបុព្វជិត​(គឺជាអ្នកបួស) -វណ្ណៈអ្នកជាឬកសិករ (អ្នករស់នៅនឹងធ្វើស្រែចម្ការ) -វណ្ណៈអ្នកងារឬទាសករ(ទាសករបម្រើគេតកូនតចៅ)។,សង្គមខ្មែរនៅសម័យអង្គរមានប្រាំវណ្ណៈគឺ -វណ្ណៈក្សត្រឬរាជវង្សនុវង្សជាអ្នកធំជាងគេដែលមាននាទីគ្រប់គ្រងរដ្ឋឬបញ្ជាកងទ័ព  -វណ្ណៈមន្ត្រីមានសិទ្ធិក្នុងការកាត់ទោសឬកាត់ច្បាប់នីមួយៗ -វណ្ណៈព្រាហ្ម៍ឬបុព្វជិត​អ្នកកាន់ធម៍ឬអ្នកយល់ដឹង -វណ្ណៈអ្នកជាឬកសិករ ជាមនុស្សដែលគ្មានឋានអ្វីឡើយឬហៅជាប្រជាជន -វណ្ណៈអ្នកងារឬទាសករទាសករបម្រើព្រះរាជាឬមន្រ្ដីរាជការ។,10,10,4,1.0,0.9756769924990483,4,10,0,0
202,តើកត្តាអ្វីខ្លះដែលធ្វើអោយសម័យអង្គររីកចម្រើនដល់កំពូល?​ ចូលរៀបរាប់។,កត្តាដែលធ្វើអោយសម័យអង្គររីកចម្រើនគឺ: កត្តាព្រះរាជា:ព្រះរាជាចាប់ពីព្រះបាទជ័យវរ្ម័នទី 2 រហូតដល់ព្រះបាទជ័យវរ្ម័នទី 7 សុទ្ធតែជាស្ដេចខ្លាំងពូកែ កត្តានយោបាយ: នយោបាយក្នុងប្រទេសបង្រួបបង្រួមជាតិកសាងនិងការពារទឹកដី នយោបាយក្រៅប្រទេស:ចងសម្ព័ន្ធមិត្តជាមួយប្រទេសធំៗវាយយករដ្ឋតូចដាក់ជាចំណុះ កត្តាសេដ្ឋកិច្ច:រីកចម្រើនលើវិស័យកសិកម្មសិប្បកម្មគណនាគម កត្តាសាសនា:ការឯកភាពគ្នារវាងសាសនាព្រាហ្មនិងព្រះពុទ្ធ កត្តាធនធានមនុស្សបន្សល់ទុកតាំងពីសម័យនគរភ្នំនិងចេនឡាមក។,កត្តាដែលធ្វើអោយសម័យអង្គររីកចម្រើនគឺ: .កត្តាព្រះរាជា:ព្រះរាជាចាប់ពីព្រះបាទជ័យវរ្ម័នទី 2 រហូតដល់ព្រះបាទជ័យវរ្ម័នទី 7 សុទ្ធសឹងតែជាស្ដេចខ្លាំងពូកែ .កត្តានយោបាយ: +នយោបាយក្នុងប្រទេស:បង្រួបបង្រួម​ កសាង និងការពារ។ +នយោបាយក្រៅប្រទេស:ចងសម្ព័ន្ធមិត្តជាមួយប្រទេសធំៗដូចជាចិននិងឥណ្ឌា និងវាយយករដ្ឋតូចដាក់ជាចំណុះ .កត្តាសេដ្ឋកិច្ច:ការរីកចម្រើនលើវិស័យកសិកម្ម សិប្បកម្ម គណនាគមន៍ .កត្តាសាសនា:មានការឯកភាពគ្នារវាងសាសនាព្រាហ្មនិងព្រះពុទ្ធ .កត្តាធនធានមនុស្សបន្សល់ទុកតាំងពីសម័យនគរភ្នំនិងចេនឡាមក។,10,10,4,1.0,0.9710717620824149,4,10,0,0
203,តើកត្តាអ្វីខ្លះដែលបណ្ដាលឲ្យសៀមវាយបែកបន្ទាយលង្វែក?,កត្តាដែលបណ្ដាលឲ្យសៀមវាយបន្ទាយលង្វែកព្រះរាជាព្រះសត្ថាទីមួយឆោតល្ងង់ទៅជួយរំដោះក្រុងឰយុធ្យារបស់សៀមមកពីការត្រួតត្រាភូមាសៀមរមិលគុណប្រើល្បិចបញ្ជូនសល់ពីរអង្គ យកការវិបត្តិផ្ទៃក្នុងជាជួរជលសារលោករវល់ នាដើមម៉ឺនមន្ត្រីប្រជារាស្ត្រមិនពេញចិត្តដែលតែងទៅកូនអាយុដប់មួយវស្សា ឲ្យកូនរៀននៅ ក្នុងនាម មហាឧបរាជ ធ្វើឲ្យប្រជារាស្ត្របាត់បង់ស្មារតីប្រយុទ្ធប្រជារាស្ត្រខ្មែរក្រីក្រឆោតល្ងង់ចង់បានប្រាក់ដួលក៏នាំគ្នាកាប់ឆ្ការគុម្ពឫស្សីដែលជារបងការពារបន្ទាយលង្វែកដ៏រឹងមាំ រីប្រទេសខ្មែរហាក់បីដូចជាបាត់បង់សាមគ្គីដូចជាស្ថានីយមួយនាំកូនទាំងពីររត់ភៀសខ្លួនទៅប្រទេសឡាវមិនគិតពីប្រជារាស្ត្រនាំឲ្យប្រជាជន អស់ជំនឿ,កត្តាដែលបណ្ដាលឲ្យសៀមវាយបន្ទាយលង្វែកព្រះរាជាព្រះសត្ថាទីមួយឆោតល្ងង់ទៅជួយរំដោះក្រុងឰយុធ្យារបស់សៀមមកពីការត្រួតត្រាភូមាសៀមរមិលគុណប្រើល្បិចបញ្ជូនសល់ពីរអង្គ យកការវិបត្តិផ្ទៃក្នុងជាជួរជលសារលោករវល់ នាដើមម៉ឺនមន្ត្រីប្រជារាស្ត្រមិនពេញចិត្តដែលតែងទៅកូនអាយុដប់មួយវស្សា ឲ្យកូនរៀននៅ ក្នុងនាម មហាឧបរាជ ធ្វើឲ្យប្រជារាស្ត្របាត់បង់ស្មារតីប្រយុទ្ធប្រជារាស្ត្រខ្មែរក្រីក្រឆោតល្ងង់ចង់បានប្រាក់ដួលក៏នាំគ្នាកាប់ឆ្ការគុម្ពឫស្សីដែលជារបងការពារបន្ទាយលង្វែកដ៏រឹងមាំ រីប្រទេសខ្មែរហាក់បីដូចជាបាត់បង់សាមគ្គីដូចជាសត្ថាទីមួយនាំកូនទាំងពីររត់ភៀសខ្លួនទៅប្រទេសឡាវមិនគិតពីប្រជារាស្ត្រនាំឲ្យប្រជាជន អស់ជំនឿ។,10,10,4,1.0,0.9709812798970789,4,10,0,0
204,តើព្រះអង្គឌួងមានស្នាព្រហស្ថអ្វីខ្លះចំពោះប្រទេសជាតិនិងប្រជារាស្ត្រខ្មែរ?,ព្រះបាទអង្គឌួងមានស្នាព្រហស្តដូចជាផ្នែករដ្ឋបាលរៀបចំប្រព័ន្ធរដ្ឋបាលនិងច្បាប់ទម្លាប់ស្ដារឡើងវិញមានរបៀបផ្នែកសេដ្ឋកិច្ចលើកស្ទួយវិស័យកសិកម្មជួសជុលប្រព័ន្ធ សេះនិងពាណិជ្ជកម្ម ភ្នែកបរទេសស្វែងរកជំនួយពីបារាំងដើម្បីទប់ទល់នឹងការត្រួតត្រាយួននិងសៀម ផ្នែកវប្បធម៌លើកស្ទួយវប្បធម៌អក្សរសាស្ត្រខ្មែរនិង សាសនា កត្តាផ្ទៃក្នុង ការបែកបាក់រាជវង្សានុវង្សបែកបាក់សាមគ្គី។,ព្រះអង្គឌួងមានស្នាព្រហស្តចំពោះប្រទេសជាតិនិងប្រទេសខ្មែរដូចជា ផ្នែកអក្សរសាស្ត្រកំណែទម្រង់ផ្នែករដ្ឋបាលកសាងហេដ្ឋារចនាសម្ព័ន្ធមានផ្លូវពីរដងទៅកំពតដែលជាកំពង់ផែសមុទ្រថ្មីការកសាងកំពង់ផែដើម្បីជំនួសកំពង់ផែចាស់ក្នុងខេត្តពាមដែលប្រទេស  លមយកនិងស្ដារមុខមាត់។,15,12,3,0.8,0.7179069696794108,3,11,0,1
205,តើសេដ្ឋកិច្ចកម្ពុជាពឹងផ្អែកលើវិស័យអ្វីជាសំខាន់?     ក/ ហេតុអ្វីបានជាគេនិយាយថាកម្ពុជាជាប្រទេសកសិកម្ម?     ខ/ តើគេចែកកសិករជាប៉ុន្មានប្រភេទ?អ្វីខ្លះ?,សេដ្ឋកិច្ចកម្ពុជាពឹងផ្អែកលើវិស័យកសិកម្មជាសំខាន់។   ក/ បានជាគេនិយាយថាកម្ពុជាជាប្រទេសឧស្សាហកម្មព្រោះ៖  _  សណ្ឋានដី : ដីមានជីវជាតិល្អនិងសម្បូរទំនាបល្បាប់   _ ផ្លូវទឹក : ផ្លូវទឹកខ្វាត់ខ្វែងងាយស្រួលដល់ការដាំដុះ  _ ប្រជាជន : ប្រជាជនខ្មែរភាគច្រើនចូលចិត្តធ្វើកសិកម្ម  _ អាកាសធាតុ : ទទួលអាកាសធាតុក្តៅសើម  _ កសិកម្មផ្តល់ផល50%នៃផលិតផលជាតិសរុប។  ខ/ គេចែកកសិករទាំងនោះជា4ប្រភេទគឺ៖  _ កសិករធ្វើស្រែឬអ្នកស្រែ : និយមធ្វើស្រែ ស្រូវប្រាំង ស្រូវវស្សា ស្រូវឡើងទឹក  _ កសិករតំបន់ដីខ្ពស់ : គេដាំដំណាំជាអចិន្ត្រៃយ៍(ពោត ដំឡូង ចេក កៅស៊ូសណ្តែក)  _ កសិករធ្វើចម្ការដំណាំស្រូវ : គេដាំដំណាំតាមមាត់ទន្លេ ចិញ្ចឹមសត្វនិងនេសាទ  _ កសិករភូមិភាគឦសាន: គេធ្វើដំណាំព្រៃដុតមានដូចជាពោត ដំឡូង ស្រូវរុក្ខជាតិយកមើមដទៃទៀត និងបរបាញ់សត្វផងដែរ។,សេដ្ឋកិច្ចជាតិផ្អែកលើវិស័យកសិកម្មជាសំខាន់ព្រោះវិស័យនេះសំខាន់ដល់ជាតិដូចជា៖  -មានលក្ខណៈអនុគ្រោះដល់អ្នកវិភាគវិស័យនេះពោលគឺសម្បូរទៅដោយឡែក រាបនិងខ្ពស់រាបស្មើប្រកបដោយក្តីជីវជាតិល្អសម្រាប់ការដាំដុះការចិញ្ចឹមសត្វនិងព្រៃឈើ -កម្ពុជាឋិតនៅក្នុង តំបន់ត្រូពិកដែលអាកាសធាតុ នឹងខ្យល់ហើយទទួលបានពីខ្យល់មូសុងមានភ្លៀងធ្លាក់ច្រើននិងមានកម្ដៅគ្រប់គ្រាន់ សម្រាប់ដាំដុះចិញ្ចឹមសត្វនិងនេសាទ -វិស័យនេះផ្ដល់ជូនការងារប្រជាជនជាច្រើន ជាប្រភពស្បៀងអាហារជាប្រភពនៃវត្ថុធាតុដើមសម្រាប់ឧស្សាហកម្មក្នុងស្រុកនិងដើមចេញ ច្រើនជាងគេ -ការកាត់បន្ថយអត់ការងារធ្វើរបស់ប្រជាជន -ការកាត់បន្ថយភាពក្រក្រី ប្រជាជន  -គេបែកចែកកសិករ ទាំងនោះជាបួនប្រភេទកសិករ។  ដំណាំស្រូវកសិករស្រែចម្ការការ ដំណាំពោតសណ្តែក -ដំណាំចេញផលទៅលក់នៅទីផ្សារ -ការដាំដំណាំដោយធម្មជាតិគ្មានប្រើប្រាស់ជីគីមី -កសិករធ្វើស្រែចម្ការនេះមិនសំដៅទៅលើកសិករដែលធ្វើដំណាំស្រូវទេនោះគឺសំដៅទៅលើការដាំដំណាំហូបផ្លែ នាំចេញផលិតផលទៅក្រៅស្រុក +កសិករដំណាំស្រូវ -ការដាំដំណាំស្រូបយកអង្ករ -គ្រួសារខ្លះធ្វើស្រូវដាំសម្រាប់ផ្គត់ផ្គង់គ្រួសារតែគ្រួសារខ្លះទៀតធ្វើស្រូវសម្រាប់លក់ខ្លះនិងទុកហូបខ្លះ -ការដាំស្រូវជាតម្រូវការរបស់ប្រជាជនខ្មែរទាំងអស់។,20,20,4,1.0,0.7451336344686302,3,15,1,5
206,តើប្រព័ន្ធផលិតកម្មកសិកម្មនៅប្រទេសកម្ពុជាមានអ្វីខ្លះ?,ប្រព័ន្ធផលិតកម្មកសិកម្មនៅកម្ពុជាមានដូចជាដំណាំដំណាំស្រូវនិងកៅស៊ូដឹកនាំផ្សេងៗទៀតការចិញ្ចឹមសត្វបានចិញ្ចឹមសត្វលើគោកការចិញ្ចឹមសត្វក្នុងទឹកការនេសាទការនេសាទទឹកសាបការនេសាទទឹកប្រៃ  ព្រៃឈើអនុផលព្រៃឈើរកឃ្មុំជ័រទឹកក្តៅសត្វព្រៃ,ប្រព័ន្ធផលិតកម្មកសិកម្មនៅប្រទេសកម្ពុជាមាន +ដំណាំ -ដំណាំស្រូវ -ដំណឹងកៅស៊ូ -ដំណាំផ្សេងៗទៀត។ +ការចិញ្ចឹមសត្វ -ការចិញ្ចឹមសត្វលើគោក -ការចិញ្ចឹមសត្វក្នុងទឹក +ការនេសាទ -ការនេសាទទឹកសាប -ការនេសាទទឹកប្រៃ។,15,7,2,0.4666666666666667,0.41443271917383073,1,6,1,1
207,ហេតុអ្វីបានជាមនុស្សស្រូបយកខ្យល់ដែលមានកាបូនម៉ណូអុកស៊ីតអាចបង្កគ្រោះថ្នាក់ដល់ស្លាប់បាន?,បានជាមនុស្សស្រូបយកខ្យល់ដែលមានកាបូនម៉ូណូអុកស៊ីដអាចបង្កឲ្យមានគ្រោះថ្នាក់ដល់ស្លាប់ បានព្រោះកាបូនម៉ូណូអុកស៊ីដមានសមត្ថភាពចាប់យក ក្នុងឈាមបានខ្លាំងជាងអុកស៊ីសែន វារារាំងឈាមមិនឲ្យដឹកនាំអុកស៊ីសែនទៅចិញ្ចឹមសរីរាង្គជាពិសេសខួរក្បាលដែលបណ្តាលឲ្យ ស្លាប់និង សន្លប់ ។,បានជាមនុស្សស្រូបយកខ្យល់ដែលមានកាបូនម៉ូណូអុកស៊ីដអាចបង្កឲ្យមានគ្រោះថ្នាក់ដល់ស្លាប់ បានព្រោះកាបូនម៉ូណូអុកស៊ីដមានសមត្ថភាពចាប់យក ក្នុងឈាមបានខ្លាំងជាងអុកស៊ីសែន វារារាំងឈាមមិនឲ្យដឹកនាំអុកស៊ីសែនទៅចិញ្ចឹមសរីរាង្គជាពិសេសខួរក្បាលដែលបណ្តាលឲ្យ ស្លាប់និង សន្លប់ ។,5,4,3,0.8,0.8233145449565399,3,4,0,0
208,តើអ្វីជាសង្គ្រាមត្រជាក់? តើសង្គ្រាមត្រជាក់ផ្ដល់ផលវិបាកអ្វីខ្លះដល់កម្ពុជា?,សង្គ្រាមត្រជាក់ជាការប្រឈមមុខដាក់គ្នាដោយប្រយោលរវាងសហរដ្ឋអាមេរិចនិងសហភាពសូវៀត ដោយធ្វើការប្រណាំងប្រជែងគ្នាលើផ្នែក  សេដ្ឋកិច សព្វាវុធ យោធា និងបច្ចេកទេស។ សង្រ្គាមត្រជាក់បានផ្ដល់ផលវិបាកកម្ពុជាដូចជា៖ -គ្រាប់បែករបស់សហរដ្ឋអាមេរិក 1669 ដល់ 1973  -សង្គ្រាមស៊ីវិលក្នុងប្រទេសពីឆ្នាំ 1970 ដល់ 1975 និងកើតមានម្តងទៀតពីឆ្នាំ 1979 ដល់ឆ្នាំ 1991 ដែលកើតចេញពីការប្រឆាំងគ្នារវាងក្រុមកុម្មុយនិស្តនិងសេរីនិយម -ការសម្លាប់ប្រជាជនឯងក្រោមរបស់ប្រល័យពូជសាសន៍ឆ្នាំ 1975 និងឆ្នាំ 1979  -ការផ្លាស់ប្ដូរនយោបាយជាញឹកញាប់រហូតមានការមានកិច្ចព្រមព្រៀងសន្តិភាពក្រុងប៉ារីសថ្ងៃទី 23 តុលាឆ្នាំ 1991។,ដែលហៅថាសង្គ្រាមត្រជាក់ គឺជាសង្គ្រាមដែលកើតឡើងរវាងប្រទេសមហាអំណាច និងប្រទេសដទៃទៀត។ សង្រ្គាមត្រជាក់បានផ្ដល់ផលវិបាកកម្ពុជាដូចជា៖ -ប៉ះពាល់ដល់វិស័យពាណិជ្ជកម្មក្នុងប្រទេសកម្ពុជា -ធ្វើឱ្យនយោបាយអព្យាក្រឹតដើរមិនចំទិស -ធ្វើឱ្យកម្ពុជាមានចលាចលបាត់បង់ការគ្រប់គ្រង់ក្នុងប្រទេស -បក្សពួកនិយមធ្វើការប្រឆាំងនឹងព្រះមហាក្សត្រ -អាចបិទផ្លូវគមនាគមន៌ -ប៉ះពាល់ដល់ប្រព័ន្ធអប់រំ -កម្ពុជាធ្លាក់ក្នុងភ្នក់ភ្លើងសង្គ្រាម -កង្វះខាតស្បៀងអាហារ -តម្លៃទំនិញឡើងថ្លៃ។,10,5,2,0.5,0.5132572244944608,2,5,0,0
209,ដូចម្តេចដែលហៅថាមេយ៉ូស? ចូរនិយាយពីវគ្គផ្សេងៗនៃមេយ៉ូស។,មេយ៉ូសជាសំណុំនៃចំណែកកោសិកាពីរដងបន្តបន្ទាប់គ្នាដែលបង្កើតបានជាកោសិកាអាលូអុីតបួន ហៅថាមេយ៉ូស ។ _តេឡូផាស1 ស៊ីតូប្លាសចែកខ្លួនបានជាកោសិកាកូនពីរ ។កោសិកាកូននីមួយៗទទួលបានក្រូម៉ូសូម តែមួយពីរគូអូម៉ូឡូក ។ _ប្រផាស1 មានរយៈពេលវែង ។ _អាណាផាស1 ក្រូម៉ូសូមដំរៀបលើផ្លាស់ភ្ជាប់នឹងក្រយ៉ូងក្រូម៉ាទិចដោយសង់ក្រូងទ័ររបស់វា ។ _តេឡូផាស2 ក្រូម៉ូមនីមួយៗបានមកដល់ប៉ូលភ្នាស _មេតាផាស2 ក្រូម៉ូសូមប្រេះតាមបណ្ដោយភ្ជាប់ខ្លួនទៅនិងក្រយ៉ងក្រូម៉ាទិចដោយសង់ _ប្រូដាស2 ត្តយ៉ងអាក្រូម៉ាទិតកើតមានក្នុងកោសិកាគូនីមួយៗ _អាណាផាស2 សង់ក្រូម៉ែធ្វើចំណែកដែលនាំអោយក្រូម៉ាទិចបងប្អូនដាច់ចេញពីគ្នា ។បន្ទាប់មក ក្រូម៉ូសូមកូនទាំង2ធ្វើដំណើរឆ្ពោះទៅប៉ូលផ្ទុយគ្នារបស់ត្រយ៉ូងអាក្រូម៉ាទិច ។,មេយ៉ូសជាសំណុំនៃចំណែកកោសិកាពីរដងបន្តបន្ទាប់គ្នាដែលបង្កើតបានជាកោសិកាអាលូអុីតបួន ហៅថាមេយ៉ូស ។មានបួនវគ្គគឺ ប្រូផាស អាណាផាស មេតាផាស និង តេឡូផាស ។,10,5,2,0.5,0.422988575228037,1,4,1,1
210,តើព្រះបាទពញាយ៉ាតមានបុត្រប៉ុន្មានអង្គព្រះនាមអ្វីខ្លះ?ជាមួយអ្នកម្នាងណាខ្លះ?,ព្រះបាទពញាយ៉ាតមានបុត្របីអង្គគឺ នារាយណ៍រាជា ជាបុត្រជាមួយម្នាងទេវី ស្រីរាជាជាបុត្រជាមួយបុទុមកេសរ និងធម្មរាជាជាបុត្រជាមួយសុីសង៉ាម(បុត្រីស្ដេចសៀម)។,ព្រះបាទពញាយ៉ាតមានបុត្របីអង្គគឺ នារាយណ៍រាជា ជាបុត្រជាមួយម្នាងទេវី ស្រីរាជាជាបុត្រជាមួយបុទុមកេសរ និងធម្មរាជាជាបុត្រជាមួយសុីសង៉ាម(បុត្រីស្ដេចសៀម)។,5,5,4,1.0,0.9798475525860395,4,5,0,0
211,បុព្វហេតុអ្វីខ្លះដែលនាំឲ្យអាណាចក្រចេនឡាបែកបាក់ជាពីរគឺអាណាចក្រចេនឡាដីគោកនិងចេនឡាទឹកលិច?,បុព្វហេតុដែលនាំហើយអាណាចក្រចេនឡាបែកជាពីរគឺ -វិសាលភាពទឹកដីធំទូលាយ -ចម្បាំងអត់ឈប់ឈរ -សមន្ដរដ្ឋបះបោរចង់ផ្ដាច់ខ្លួន -វិបត្តិផ្ទៃក្នុង -ព្រះនាងជ័យទេវីគ្មានសមត្ថភាពគ្រប់គ្រង។,បុព្វហេតុដែលនាំហើយអាណាចក្រចេនឡាបែកជាពីរគឺ -វិសាលភាពទឹកដីធំទូលាយ -ចម្បាំងអត់ឈប់ឈរ -សមន្ដរដ្ឋបះបោរចង់ផ្ដាច់ខ្លួន -វិបត្តិផ្ទៃក្នុង -ព្រះនាងជ័យទេវីគ្មានសមត្ថភាពគ្រប់គ្រង។,7,7,4,1.0,0.9774278816832895,4,7,0,0
212,ចូររៀបរាប់អំពីទំនាក់ទំនងរវាងការដាំដុះអាជីវកម្មព្រៃឈើនិងនេសាទ។,ទំនាក់ទំនងរវាង ការដាំដុះអាជីវកម្មព្រៃឈើ និងការនេសាទ៖  _ ការដាំដុះអាជីវកម្មព្រៃឈើ និងការនេសាទ ជាភោគទ្រព្យយ៉ាងសំខាន់សម្រាប់ប្រជាជនក្នុងការទ្រទ្រង់ក្នុងជីវភាពរស់នៅនិងការអភិវឌ្ឍន៍ប្រទេសជាតិ   _ ដើម្បីបំពេញតម្រូវការក្នុងកសិកម្មផលិតកម្មនិងត្រូវការផ្សេងៗ មនុស្សនាំគ្នាកាប់ព្រៃឈើដើម្បីធ្វើអាជីវកម្មព្រៃឈើជាមូលហេតុធ្វើឲ្យអាកាសធាតុប្រែប្រួលប៉ះពាល់ដល់ជីវិតមនុស្ស សត្វ និងរុក្ខជាតិ  ​ _ អតិផលនៃប្រព័ន្ធកសិកម្ម នាំឲ្យមានកំណើននៃការប្រើប្រាស់គីមីនិងថ្នាំសម្លាប់សត្វល្អិត។ ជីគីមី និងថ្នាំសម្លាប់សត្វល្អិត ទាំងនោះហូរទៅផ្ដុំគ្នានៅតាមផ្លូវទឹកនានា បំផ្លាញជីវិតសត្វនិងពូជធម្មជាតិ។,រាបរាប់ពីទំនាក់ទំនងរវាង៖ +ការដាំដុះ   _ កាលណាមនុស្សនាំគ្នាកាប់ព្រៃឈើដែលជាហេតុនាំឲមានការប្រែប្រួលអាកាសធាតុ   _ អតិផលនៃប្រព័ន្ធផលិតកម្មនាំឲមានកំណើនការប្រែប្រួលថ្នាំសម្លាប់សត្វល្អិតនិងជីគីមី   _ ការដាំដុះមានធាតុពុលច្រើនបណ្តាលឲមានការប៉ះពាល់សុខភាពដូចជាហិត ការយកបន្លែមានជាតិគីមីមកបរិភោគ  +អាជីវកម្ម    _ ការកាប់ព្រៃឈើយកទៅធ្វើជំនួញ    _ គេកាប់ព្រៃឈើយកទៅធ្វើតុ ទូ កៅអីជាដើម    _ ការកាប់ព្រៃឈើប៉ះពាល់ដល់ជម្រកសត្វព្រៃ    _ បណ្ដាលឲគ្មានបរិយាកាសបរិសុទ្ធ  +ការនេសាទ    _ មានការនេសាទដោយស្របច្បាប់និងខុសច្បាប់    _ ការនេសាទត្រីចេញលក់នៅក្រៅប្រទេស    _ ផ្ដល់ប្រាក់ចំណូលដល់អ្នកនេសាទ    _ នេសាទត្រីដោយប្រើអគ្គីសនីឆក់ធ្វើឲត្រីស្លាប់ពេញផ្ទៃទឹក    _ ប៉ះពាល់ក្នុងការបំពុលទឹក។,15,5,1,0.3333333333333333,0.36480988898313627,1,5,0,0
213,ហេតុអ្វីបានជាផ្នែកឯកជនជាកម្លាំងដ៏សំខាន់សម្រាប់វិនិយោគ និងធ្វើឲ្យមានកំណើនសេដ្ឋកិច្ចក្នុងប្រទេស?,បានជាផ្នែកឯកជនជាកម្លាំងដ៏សំខាន់សម្រាប់កំណើនសេដ្ឋកិច្ចកម្ពុជាព្រោះ -កម្ពុជាបានអនុវត្តសេដ្ឋកិច្ចទីផ្សារសេរីដោយបានធ្វើកំណែទម្រង់ពីសហគ្រាសរដ្ឋឲ្យក្លាយទៅជាកម្មសិទ្ធិឯកជន -សេដ្ឋកិច្ចទីផ្សារសេរីនាំឲ្យអ្នករកស៊ីចូលចិត្តមករកស៊ីនិងដាក់វិនិយោគទុន -កាលណាភ្នែកឯកជនរឹងមាំអាចជួយបំពេញបន្ថែមលើវិនិយោគសាធារណៈក្នុងវិស័យសេដ្ឋកិច្ចគឺផ្នែកឯកជនអាចស្រូបយកកម្លាំងពលកម្មកើនឡើង។,បានជាផ្នែកឯកជនជាកម្លាំងដ៏សំខាន់សម្រាប់វិនិយោគនិងធ្វើឲ្យមានកំណើនសេដ្ឋកិច្ចក្នុងប្រទេសព្រោះបានជាផ្នែក ឯកជនជាកម្លាំងដ៏សំខាន់សម្រាប់វិនិយោគនិងធ្វើឲ្យមានកំណើនសេដ្ឋកិច្ចក្នុងប្រទេសព្រោះដោយសារតែគេមិនដែលឲ្យ មានការវិនិច្ឆ័យខ្វែងនេះឡើយធ្វើងារមិនគ្មានដែលមិនបានចូលរៀបរាប់ពីការធ្វើតាមធ្វើតាមដើររបស់លើកលែងដែល ធ្វើឲ្យការធ្វើកិត្តិយសក្មេងឡើយដែលនៅក្នុងពិភពផែនដីតែមួយហើយបានជាគេឡើងក្រោយបានតែគ្មានខ្វៃនេះឡើយ ធ្វើឲ្យការកំណើតដោយសារតែមានការសរសេរព្រៃឈើដើម្បីមានចំណាត់លែងមានមិនអាចចាប់យកកាប់បានទេរាប់នៅ តាមបន្ទាត់តាមនាំប្រទេសមានការទិញនិងលក់ដែលបានត្រូវធ្វើមានការត្រូវបានប្រមូលគ្មានតែមួយទេ។,15,3,1,0.2,0.19034191331219946,1,3,0,0
214,តើការស្ថិតនៅក្រៅសារពាង្គកាយនៃពងស្វាសមានសារៈសំខាន់ដូចម្តេច?,ការស្ថិតនៅក្រោមសារពាង្គកាយនៃពងស្វាសមានសារៈសំខាន់ដូចជាដើម្បីរក្សាសីតុណ្ហភាពឲ្យ ទាបជាងសីតុណ្ហភាពក្នុងខ្លួន ប្រហែលពី(2-3)សីតុណ្ហភាពក្នុងខ្លួន37 ។,ការស្ថិតនៅក្រោមសារពាង្គកាយនៃពងស្វាសមានសារៈសំខាន់ក្នុងការផលិតអរម៉ូនភេទឈ្មោលនិង បង្កើតស្ពែម៉ាតូសូអ៊ីតរក្សាសីតុណ្ហភាពឲ្យទាបជាងសីតុណ្ហភាពក្នុងខ្លួន ប្រហែលពី(2-3) ។,10,8,3,0.8,0.6797863425073305,3,7,0,1
215,ដូចម្តេចដែលហៅថាមេយ៉ូស? ចូរនិយាយពីវគ្គផ្សេងៗនៃមេយ៉ូស។,មេយ៉ូសជាសំណុំនៃចំណែកកោសិកាពីរដងបន្តបន្ទាប់គ្នាដែលបង្កើតបានជាកោសិកាអាលូអុីតបួន ហៅថាមេយ៉ូស ។ _តេឡូផាស1 ស៊ីតូប្លាសចែកខ្លួនបានជាកោសិកាកូនពីរ ។កោសិកាកូននីមួយៗទទួលបានក្រូម៉ូសូម តែមួយពីរគូអូម៉ូឡូក ។ _ប្រផាស1 មានរយៈពេលវែង ។ _អាណាផាស1 ក្រូម៉ូសូមដំរៀបលើផ្លាស់ភ្ជាប់នឹងក្រយ៉ូងក្រូម៉ាទិចដោយសង់ក្រូងទ័ររបស់វា ។ _តេឡូផាស2 ក្រូម៉ូមនីមួយៗបានមកដល់ប៉ូលភ្នាស _មេតាផាស2 ក្រូម៉ូសូមប្រេះតាមបណ្ដោយភ្ជាប់ខ្លួនទៅនិងក្រយ៉ងក្រូម៉ាទិចដោយសង់ _ប្រូដាស2 ត្តយ៉ងអាក្រូម៉ាទិតកើតមានក្នុងកោសិកាគូនីមួយៗ _អាណាផាស2 សង់ក្រូម៉ែធ្វើចំណែកដែលនាំអោយក្រូម៉ាទិចបងប្អូនដាច់ចេញពីគ្នា ។បន្ទាប់មក ក្រូម៉ូសូមកូនទាំង2ធ្វើដំណើរឆ្ពោះទៅប៉ូលផ្ទុយគ្នារបស់ត្រយ៉ូងអាក្រូម៉ាទិច ។,ដែលហៅថាមេយ៉ូសគឺជាសំណុំនៃចំណែកកោសិកាពីដងបន្តបន្ទាប់គ្នាបង្កើតបានជាកោសិកា អាប្លូអុីត4 ។វគ្គផ្សេងនៃមេយ៉ូសមានដូចជា  _ប្រផាស1 មានរយៈពេលវែង ។ _អាណាផាស1 ក្រូម៉ូសូមដំរៀបលើផ្លាស់ភ្ជាប់នឹងក្រយ៉ូងក្រូម៉ាទិចដោយសង់ក្រូងទ័ររបស់វា ។ _តេឡូផាស1 ស៊ីតូប្លាសចែកខ្លួនបានជាកោសិកាកូនពីរ ។កោសិកាកូននីមួយៗទទួលបានក្រូម៉ូសូម តែមួយពីរគូអូម៉ូឡូក ។,10,6,2,0.6,0.6073809441601797,2,6,0,0
216,ហេតុអ្វីបានជាផ្នែកឯកជនជាកម្លាំងដ៏សំខាន់សម្រាប់ការវិនិយោគសេដ្ឋកិច្ច?,សេដ្ឋកិច្ចកម្ពុជាពឹងផ្អែកលើវិស័យកសិកម្មជាសំខាន់ៗ 5 គឺឧស្សាហកម្មកសិកម្មពាណិជ្ជកម្មគមនាគមន៍និងទេសចរណ៍ ក៏បានជាគេនិយាយថាកម្ពុជាប្រទេសកសិកម្មនៅប្រទេសកម្ពុជាមនុស្សមួយចំនួនធំគឺធ្វើកសិកម្ម។ច្រើនសុទ្ធតែជាកសិករកម្ពុជាសម្បូរជីកសិកម្មមានជីវជាតិសម្រាប់ឲ្យយើងធ្វើកសិកម្មចិញ្ចឹមសត្វនិងការដណ្ដប់ជួយបង្កើនចំណូលជូនជាងការងារចេញនៅក្រៅប្រទេសស្ករស្រូវដំឡូងកៅស៊ូ ខ. គេចែកកសិករទាំងនេះជាបួនប្រភេទកសិករតំបន់វាលខ្ពស់កសិករធ្វើស្រែឬមិនធ្វើស្រែកសិករភូមិភាគឥសានកសិករធ្វើតែស្រែ,សេដ្ឋកិច្ចកម្ពុជាពឹងផ្អែកលើវិស័យកសិកម្មជាសំខាន់ក៏បានជាគេនិយាយថាកម្ពុជាជាប្រទេសកសិកម្មព្រោះប្រទេសកម្ពុជាសម្បូរព្រៃឈើការដាំដំណាំប៉ំណាចផ្លែឈើសម្បូរទៅដោយសត្វរុក្ខជាតិនិងទេសភាពដ៏ស្រស់ត្រកាលនិងការធ្វើស្រែចំការជាតិដើម ខ.គេចែកកសិករទាំងនោះជា 5 កសិកររស់នៅព្រៃភ្នំកសិករធ្វើស្រូវចំការកសិករចិញ្ចឹមសត្វកសិករនេសាទកសិកររស់នៅតំបន់ខ្ពស់។,15,8,2,0.5333333333333333,0.5368642978594267,2,8,0,0
217,ហេតុអ្វីបានជាផ្នែកឯកជនជាកម្លាំងដ៏សំខាន់សម្រាប់វិនិយោគនិងធ្វើឲ្យមានកំណើនសេដ្ឋកិច្ចក្នុងប្រទេស?,បានជាផ្នែកឯកជនជាកម្លាំងដ៏សំខាន់សម្រាប់វិនិយោគនិងធ្វើឲ្យមានកំណើនសេដ្ឋកិច្ចក្នុងប្រទេស ព្រោះប្រទេសកម្ពុជាជាប្រទេសអភិវឌ្ឍន៍ សេដ្ឋកិច្ចទីផ្សារដោយបានធ្វើកំណែទម្រង់សហគ្រាសឧស្សាហកម្មឲ្យក្លាយទៅជាកម្មសិទ្ធិឯកជន ។ សេដ្ឋកិច្ចទីផ្សារសេរីនេះនាំឲ្យអ្នករកស៊ីបរទេសចូលចិត្តមកវិនិយោគ ហើយកាលណាផ្នែកឯកជនរឹងមាំមកវិនិយោគ ហើយកាលណាផ្នែកឯកជនមិនរឹងមាំអាចបំពេញបន្ថែមវិនិយោគនិងវិស័យសង្គមកិច្ចមានន័យថាវិស័យឯកជនស្រូបយកកម្លាំងការងារកាន់តែកើនឡើង។,ព្រោះវិស័យឯកជនជាក្បាលម៉ាស៊ីនសំខាន់សម្រាប់វិនិយោគនិងធ្វើឱ្យមានកំណើនសេដ្ឋកិច្ចក្នុងប្រទេសព្រោះ៖ -ផ្នែកឯកជនជាកម្លាំងដ៏សំខាន់ណាស់សម្រាប់ប្រទេសជាតិព្រោះបើមកក៏ធនធានមនុស្សផ្នែកបច្ចេកវិទ្យានិងបច្ចេកទេស -ផ្នែកឯកជនបានផ្តល់ដូរដូចជាឱកាសការងារ -នាំចេញឈើមានការអភិវឌ្ឍគ្រប់វិស័យ -ប្រជាជនមានជីវភាពធូរធារជាងមុន -រក្សាចែកចេញជាកម្មសេវាកម្មមានតម្លៃថោក -មានទំនិញនាំចេញនាំចូលទៅក្រៅស្រុក  -សេដ្ឋកិច្ចទីផ្សារសេរីដែលនាំឲ្យអ្នករកស៊ីមកពីបរទេស។,15,12,3,0.8,0.8509732845499309,3,13,0,1
218,តើមូលហេតុអ្វីបានជាព្រះបាទពញាយ៉ាត ជ្រើសរើសយកចតុមុខធ្វើជារាជធានី?,បានជាព្រះបាទពញាយ៉ាតជ្រើសរើសក្រុងចតុមុខជារាជធានីព្រោះ មានទីតាំងភូមិសាស្ត្រល្អ គេចពីសត្រូវឈ្លានពានសៀម ដីមានជីវជាតិងាយស្រួលក្នុងការធ្វើកសិកម្ម ជាទីប្រសព្វនៃជំនួសទាំងផ្លូវគោកនិងផ្លូវទឹក សម្បូរផ្លូវក្នុងការធ្វើកសិកម្មនិងជំនួញ ភាពខាងត្បូងដីមានប្រជាជនច្រើននិងធនធានដើម្បីកសាងសេដ្ឋកិច្ចជាតិ។,បានជាព្រះបាទពញាយ៉ាតជ្រើសរើសក្រុងចតុមុខជារាជធានីព្រោះ មានទីតាំងភូមិសាស្ត្រល្អ គេចពីសត្រូវឈ្លានពានសៀម ដីមានជីវជាតិងាយស្រួលក្នុងការធ្វើកសិកម្ម ជាទីប្រសព្វនៃជំនួសទាំងផ្លូវគោកនិងផ្លូវទឹក សម្បូរផ្លូវក្នុងការធ្វើកសិកម្មនិងជំនួញ ភាពខាងត្បូងដីមានប្រជាជនច្រើននិងធនធានដើម្បីកសាងសេដ្ឋកិច្ចជាតិ។,10,10,4,1.0,0.9827668995036225,4,10,0,0
219,តើអាណាចក្រភ្នំមានព្រំប្រទល់ជាប់ប្រទេសណាខ្លះ?,អាណាចក្រភ្នំមានព្រំប្រទល់ជាប់ប្រទេសដូចជា -ខាងជើងជាប់ចិន -ខាងត្បូងជាឈូងសមុទ្រខ្មែរ -ខាងកើតជាប់រដ្ឋចម្ប៉ា -ខាងលិចជាប់រដ្ធមនឬភូមា។,អាណាចក្រភ្នំមានព្រំប្រទល់ខាងជើងជាប់នឹងប្រទេសចិន(រដ្ឋណានឆាវនិងតុងតឹង)ខាងកើតជាប់រដ្ឋចម្ប៉ា(ឈូងសមុទ្រចិន)និងខាងត្បូងជាប់និងឈូងសមុទ្រខ្មែរ(នគរភ្នំ)និងខាងលិចជាប់រដ្ឋមនឬភូមា។,6,6,4,1.0,0.9923679505896534,4,6,0,0
220,ដូចម្តេចដែលហៅថាមេយ៉ូស? ចូរនិយាយពីវគ្គផ្សេងៗនៃមេយ៉ូស។,មេយ៉ូសជាសំណុំនៃចំណែកកោសិកាពីរដងបន្តបន្ទាប់គ្នាដែលបង្កើតបានជាកោសិកាអាលូអុីតបួន ហៅថាមេយ៉ូស ។ _តេឡូផាស1 ស៊ីតូប្លាសចែកខ្លួនបានជាកោសិកាកូនពីរ ។កោសិកាកូននីមួយៗទទួលបានក្រូម៉ូសូម តែមួយពីរគូអូម៉ូឡូក ។ _ប្រផាស1 មានរយៈពេលវែង ។ _អាណាផាស1 ក្រូម៉ូសូមដំរៀបលើផ្លាស់ភ្ជាប់នឹងក្រយ៉ូងក្រូម៉ាទិចដោយសង់ក្រូងទ័ររបស់វា ។ _តេឡូផាស2 ក្រូម៉ូមនីមួយៗបានមកដល់ប៉ូលភ្នាស _មេតាផាស2 ក្រូម៉ូសូមប្រេះតាមបណ្ដោយភ្ជាប់ខ្លួនទៅនិងក្រយ៉ងក្រូម៉ាទិចដោយសង់ _ប្រូដាស2 ត្តយ៉ងអាក្រូម៉ាទិតកើតមានក្នុងកោសិកាគូនីមួយៗ _អាណាផាស2 សង់ក្រូម៉ែធ្វើចំណែកដែលនាំអោយក្រូម៉ាទិចបងប្អូនដាច់ចេញពីគ្នា ។បន្ទាប់មក ក្រូម៉ូសូមកូនទាំង2ធ្វើដំណើរឆ្ពោះទៅប៉ូលផ្ទុយគ្នារបស់ត្រយ៉ូងអាក្រូម៉ាទិច ។,មេយ៉ូសជាសំណុំនៃចំណែកកោសិកាពីរដងបន្តបន្ទាប់គ្នាដែលបង្កើតបានជាកោសិកាអាលូអុីតបួន ហៅថាមេយ៉ូស ។ _តេឡូផាស1 ស៊ីតូប្លាសចែកខ្លួនបានជាកោសិកាកូនពីរ ។កោសិកាកូននីមួយៗទទួលបានក្រូម៉ូសូម តែមួយពីរគូអូម៉ូឡូក ។ _អាណាផាស1 ក្រូម៉ូសូមដំរៀបលើផ្លាស់ភ្ជាប់នឹងក្រយ៉ូងក្រូម៉ាទិចដោយសង់ក្រូងទ័ររបស់វា ។ _តេឡូផាស2 ក្រូម៉ូមនីមួយៗបានមកដល់ប៉ូលភ្នាស _មេតាផាស2 ក្រូម៉ូសូមប្រេះតាមបណ្ដោយភ្ជាប់ខ្លួនទៅនិងក្រយ៉ងក្រូម៉ាទិចដោយសង់ _ប្រូដាស2 ត្តយ៉ងអាក្រូម៉ាទិតកើតមានក្នុងកោសិកាគូនីមួយៗ,10,6,2,0.6,0.6524355956358601,3,7,1,1
221,តើសេដ្ឋកិច្ចកម្ពុជាពឹងផ្អែកលើវិស័យអ្វីជាសំខាន់?     ក/ ហេតុអ្វីបានជាគេនិយាយថាកម្ពុជាជាប្រទេសកសិកម្ម?     ខ/ តើគេចែកកសិករជាប៉ុន្មានប្រភេទ?អ្វីខ្លះ?,សេដ្ឋកិច្ចកម្ពុជាពឹងផ្អែកលើវិស័យកសិកម្មជាសំខាន់។   ក/ បានជាគេនិយាយថាកម្ពុជាជាប្រទេសឧស្សាហកម្មព្រោះ៖  _  សណ្ឋានដី : ដីមានជីវជាតិល្អនិងសម្បូរទំនាបល្បាប់   _ ផ្លូវទឹក : ផ្លូវទឹកខ្វាត់ខ្វែងងាយស្រួលដល់ការដាំដុះ  _ ប្រជាជន : ប្រជាជនខ្មែរភាគច្រើនចូលចិត្តធ្វើកសិកម្ម  _ អាកាសធាតុ : ទទួលអាកាសធាតុក្តៅសើម  _ កសិកម្មផ្តល់ផល50%នៃផលិតផលជាតិសរុប។  ខ/ គេចែកកសិករទាំងនោះជា4ប្រភេទគឺ៖  _ កសិករធ្វើស្រែឬអ្នកស្រែ : និយមធ្វើស្រែ ស្រូវប្រាំង ស្រូវវស្សា ស្រូវឡើងទឹក  _ កសិករតំបន់ដីខ្ពស់ : គេដាំដំណាំជាអចិន្ត្រៃយ៍(ពោត ដំឡូង ចេក កៅស៊ូសណ្តែក)  _ កសិករធ្វើចម្ការដំណាំស្រូវ : គេដាំដំណាំតាមមាត់ទន្លេ ចិញ្ចឹមសត្វនិងនេសាទ  _ កសិករភូមិភាគឦសាន: គេធ្វើដំណាំព្រៃដុតមានដូចជាពោត ដំឡូង ស្រូវរុក្ខជាតិយកមើមដទៃទៀត និងបរបាញ់សត្វផងដែរ។,សេដ្ឋកិច្ចកម្ពុជាពឹងផ្អែកលើវិស័យកសិកម្មជាសំខាន់។  ក/ បានជាគេនិយាយថាកម្ពុជាជាប្រទេសកសិកម្មព្រោះអនុគ្រោះដល់វិស័យកសិកម្មជាច្រើនដូចជា៖   _ សណ្ឋានដី : មានលក្ខណៈអនុគ្រោះដល់វិស័យនេះពោលគឺសម្បូរវាលទំនាបនិងតំបន់ខ្ពង់រាបទាបៗប្រកបដោយដីមានជីវជាតិល្អសម្រាប់ដាំដុះ ចិញ្ចឹមសត្វ និងព្រៃឈើ។   _ កម្ពុជាស្ថិតនៅតំបន់ត្រូពិចដែលមានអាកាសធាតុក្តៅហើយសើមដោយទទួលរបបខ្យល់មូសុងមានភ្លៀងធ្លាក់ច្រើននិងមានកម្ដៅគ្រប់គ្រាន់ សម្រាប់ដាំដុះ ចិញ្ចឹមសត្វនិងព្រៃឈើ។   _ ប្រទេសកម្ពុជាសម្បូរផ្លូវទឹកអនុគ្រោះដល់ការដាំដុះ ការចិញ្ចឹមសត្វ និងការនេសាទ។   _ ផ្ដល់ការងារសម្រាប់ប្រជាជន 30.72%    _ កាត់បន្ថយភាពក្រីក្រប្រជាជន   _ កាត់បន្ថយអត្រាអត់ការងារដល់ប្រជាជន   _ ជាស្បៀងអាហារសម្រាប់ប្រជាជន   _ជាវត្ថុធាតុដើមសម្រាប់ឧស្សាហកម្មក្នុងប្រទេស និងនាំចេញជាច្រើន។  ខ/ គេចែកកសិករទាំងនោះជា3ប្រភេទ៖   _ កសិករកសិកម្ម   _ កសិករចិញ្ចឹមសត្វ និងដាំដុះ   _ កសិករភូមិភាគឥឦន។,20,12,2,0.6,0.6704645619635208,3,13,1,1
222,ហេតុអ្វីបានជាផ្នែកឯកជនជាកម្លាំងដ៏សំខាន់សម្រាប់វិនិយោគនិងធ្វើឲ្យមានកំណើនសេដ្ឋកិច្ចក្នុងប្រទេស?,បានជាផ្នែកឯកជនជាកម្លាំងដ៏សំខាន់សម្រាប់វិនិយោគនិងធ្វើឲ្យមានកំណើនសេដ្ឋកិច្ចក្នុងប្រទេស ព្រោះប្រទេសកម្ពុជាជាប្រទេសអភិវឌ្ឍន៍ សេដ្ឋកិច្ចទីផ្សារដោយបានធ្វើកំណែទម្រង់សហគ្រាសឧស្សាហកម្មឲ្យក្លាយទៅជាកម្មសិទ្ធិឯកជន ។ សេដ្ឋកិច្ចទីផ្សារសេរីនេះនាំឲ្យអ្នករកស៊ីបរទេសចូលចិត្តមកវិនិយោគ ហើយកាលណាផ្នែកឯកជនរឹងមាំមកវិនិយោគ ហើយកាលណាផ្នែកឯកជនមិនរឹងមាំអាចបំពេញបន្ថែមវិនិយោគនិងវិស័យសង្គមកិច្ចមានន័យថាវិស័យឯកជនស្រូបយកកម្លាំងការងារកាន់តែកើនឡើង។,ព្រោះវិស័យឯកជនជាក្បាលម៉ាស៊ីនសំខាន់សម្រាប់វិនិយោគនិងធ្វើឱ្យមានកំណើនសេដ្ឋកិច្ចក្នុងប្រទេសព្រោះ៖ -ផ្នែកឯកជនជាកម្លាំងដ៏សំខាន់ណាស់សម្រាប់ប្រទេសជាតិព្រោះបើមកក៏ធនធានមនុស្សផ្នែកបច្ចេកវិទ្យានិងបច្ចេកទេស -ផ្នែកឯកជនបានផ្តល់ដូរដូចជាឱកាសការងារ -នាំចេញឈើមានការអភិវឌ្ឍគ្រប់វិស័យ -ប្រជាជនមានជីវភាពធូរធារជាងមុន -រក្សាចែកចេញជាកម្មសេវាកម្មមានតម្លៃថោក -មានទំនិញនាំចេញនាំចូលទៅក្រៅស្រុក  -សេដ្ឋកិច្ចទីផ្សារសេរីដែលនាំឲ្យអ្នករកស៊ីមកពីបរទេស។,15,12,3,0.8,0.8509732845499309,3,13,0,1
223,ដូចម្តេចដែលហៅថាវដ្តទឹក? ចូរពន្យល់ពីដំណាក់កាលនីមួយៗ អោយបានត្រឹមត្រូវ។,ដែលហៅថាវត្តទឹកគឺការហ្វឹកហ្វុលឥតឈប់ឈរមុននឹងបង្កើតជាទឹកភ្លៀងទឹករោងនៅកម្ដៅព្រះអាទិត្យបង្កើតបានជាចំហាយទឹកខ្យល់ស្រុកយកចំហែលទឹកទៅអាកាសធ្វើឲ្យចំហាយទឹកកំណក បង្កើតបានជាពពកធ្លាក់មកជាភ្លៀងក្នុងប្រជាទឹក,ដែលហៅថាវត្តទឹកគឺជាទឹកដែលមានប្រភពមកពីទន្លេបឹងស្ទឹងព្រែកស្រះ។ដំណាក់កាលនីមួយៗនៃវត្តទឹកមានដូចជា,12,3,1,0.25,0.26542654608549776,1,3,0,0
224,តើឧស្សាហកម្មមានតួនាទីដូចម្ដេចខ្លះចំពោះសេដ្ឋកិច្ចជាតិ?,ឧស្សាហកម្មមាន​តួនាទីចំពោះសេដ្ឋកិច្ចជាតិដូចជា ៖ ​ _ ជួយបង្កើតថវិការជាតិ ​ _ ជួយបង្កើតទិន្នផលជាតិ ​​ _ ជួយឲ្យសេដ្ឋកិច្ចជាតិរីកចម្រើន  _ ប្រជាជនសំបូរធូរធារ  _អភិវឌ្ឍគ្រប់វិស័យ  _ មានទំនាក់ទំនងល្អជាមួយអ្នកជិតខាង  _ មានភាពរុងរឿងនៅក្នុងប្រទេសជាតិ។,ឧស្សាហកម្មមានតួនាទីចំពោះសេដ្ឋកិច្ចដូចជា៖ • ផ្តល់ការងារដល់ប្រជាជន • ជួយបង្កើនប្រាក់ចំណូលដល់ប្រជាជននិងជាតិ  • សម្រួលដល់ជីវភាពរស់នៅរបស់ប្រជាជន  • ប្រជាជនមានជីវភាពធូរធារ  • ជួយរកលំនឹងទំនិញនៅលើទីផ្សារ  • ផ្តល់ផលសម្រាប់នាំចេញ  • ផ្តល់ផលសម្រាប់ប្រើប្រាស់ ។,15,15,4,1.0,0.9769687033828445,4,15,0,0
225,តើប្រព័ន្ធផលិតកម្មកសិកម្មនៅក្នុងប្រទេសកម្ពុជាមានអ្វីខ្លះ?ចូររៀបរាប់​ ។,ប្រព័ន្ធផលិតកម្មកសិកម្មនៅប្រទេសកម្ពុជាមាន៖    _ ដំណាំ : ដំណាំស្រូវ ដំណាំកៅស៊ូ ដំណាំផ្សេងៗទៀត    _ ការចិញ្ចឹមសត្វ : ការចិញ្ចឹមសត្វលើគោក ការចិញ្ចឹមសត្វក្នុងទឹក    _ ការនេសាទ : ការនេសាទទឹកសាប ការនេសាទទឹកប្រៃ  _ ព្រៃឈើ : ផលិតផលឈើ អនុផលព្រៃឈើ(រកឃ្មុំ ជ័រទឹក វល្លិ៍ ផ្តៅ) សត្វព្រៃ ។,ប្រព័ន្ធផលិតកម្មនៅប្រទេសកម្ពុជារួមមាន៖  • ដំណាំ  • ដំណាំស្រូវ  • ដំណាំកៅស៊ូ  • ដំណាំផ្សេងៗទៀត  • ការចិញ្ចឹមសត្វ  • ការចិញ្ចឹមសត្វបែបគ្រួសារ  • ការចិញ្ចឹមសត្វក្នុងទឹក  • ការនេសាទ  • ការនេសាទក្នុងទឹកសាប  • ការនេសាទទឹកប្រៃ  • វារីវប្បកម្ម  • ផលិតផលឈើ  • របរផលិតផលឈើ (រទេះរុញ ជ័រទឹក ជ័រ...)  • សត្វព្រៃ ។,10,10,4,1.0,0.9361585815010494,4,9,0,1
226,ហេតុអ្វីបានជាមនុស្សស្រូបយកខ្យល់ដែលមានកាបូនម៉ណូអុកស៊ីតអាចបង្កគ្រោះថ្នាក់ដល់ស្លាប់បាន?,បានជាមនុស្សស្រូបយកខ្យល់ដែលមានកាបូនម៉ូណូអុកស៊ីដអាចបង្កឲ្យមានគ្រោះថ្នាក់ដល់ស្លាប់ បានព្រោះកាបូនម៉ូណូអុកស៊ីដមានសមត្ថភាពចាប់យក ក្នុងឈាមបានខ្លាំងជាងអុកស៊ីសែន វារារាំងឈាមមិនឲ្យដឹកនាំអុកស៊ីសែនទៅចិញ្ចឹមសរីរាង្គជាពិសេសខួរក្បាលដែលបណ្តាលឲ្យ ស្លាប់និង សន្លប់ ។,បានជាមនុស្សស្រូបយកខ្យល់ដែលមាន កាបូនម៉ូណូអុកស៊ីដអាចបង្កគ្រោះថ្នាក់ដល់ស្លាប់បានព្រោះ វាជាខ្យល់ពុលដែលមានពោរពេញដោយបរិយាកាសជុំវិញខ្លួន ។,5,2,2,0.4,0.5412022260627868,2,3,0,1
227,តើសង្គមខ្មែរនៅសម័យអង្គរមានប៉ុន្មានវណ្ណៈ? វណ្ណៈអ្វីខ្លះ? ចូលរៀបរាប់។,សង្គមខ្មែរនៅសម័យអង្គរមានប្រាំវណ្ណៈគឺ -វណ្ណៈក្សត្រឬរាជវង្សនុវង្ស (ជាស្ដេចគ្រប់គ្រងប្រទេស -វណ្ណៈមន្ត្រី (អ្នករស់នៅក្នុងរាជវាំងបម្រើស្ដេច) -វណ្ណៈព្រាហ្ម៍ឬបុព្វជិត​(គឺជាអ្នកបួស) -វណ្ណៈអ្នកជាឬកសិករ (អ្នករស់នៅនឹងធ្វើស្រែចម្ការ) -វណ្ណៈអ្នកងារឬទាសករ(ទាសករបម្រើគេតកូនតចៅ)។,5.សង្គមខ្មែរនៅសម័យអង្គរមានប្រាំវណ្ណៈគឺ -វណ្ណៈក្សត្រឬរាជវង្សនុវង្ស:​មិនត្រូវការបង់ពន្ធ ព្រមទាំងមិនចាំបាច់ធ្វើការងារធ្ងន់។ -វណ្ណៈមន្ត្រី: ជាអ្នកដែលធ្វើការក្នុងវាំងនិងបម្រើព្រះរាជា។ -វណ្ណៈអ្នកបួសឬបុព្វជិត​: មានបួនគឺពួកប៉ាន់ឃាប ពួកព្រាហ្ម៍បុរោហិត ពួកជូគូនិងពួកប៉ាវីស៊ី។ -វណ្ណៈអ្នកជា:គឺជាប្រជាជនធម្មតាត្រូវរកស៊ីធ្វើការបង់ពន្ធដល់ព្រះរាជា។ -វណ្ណៈអ្នកងារឬទាសករ:ជាវណ្ណៈដែលបម្រើគេព្រោះដោយសារជំពាក់បំណុលគេឬជាទាសករបម្រើគេតទៅកូនតចៅដោយមិនបានប្រាក់កម្រៃ។,10,10,4,1.0,0.9810899931364648,4,10,0,0
228,ចូររៀបរាប់អំពីទំនាក់ទំនងរវាងការដាំដុះអាជីវកម្មព្រៃឈើនិងនេសាទ។,ទំនាក់ទំនងរវាង ការដាំដុះអាជីវកម្មព្រៃឈើ និងការនេសាទ៖  _ ការដាំដុះអាជីវកម្មព្រៃឈើ និងការនេសាទ ជាភោគទ្រព្យយ៉ាងសំខាន់សម្រាប់ប្រជាជនក្នុងការទ្រទ្រង់ក្នុងជីវភាពរស់នៅនិងការអភិវឌ្ឍន៍ប្រទេសជាតិ   _ ដើម្បីបំពេញតម្រូវការក្នុងកសិកម្មផលិតកម្មនិងត្រូវការផ្សេងៗ មនុស្សនាំគ្នាកាប់ព្រៃឈើដើម្បីធ្វើអាជីវកម្មព្រៃឈើជាមូលហេតុធ្វើឲ្យអាកាសធាតុប្រែប្រួលប៉ះពាល់ដល់ជីវិតមនុស្ស សត្វ និងរុក្ខជាតិ  ​ _ អតិផលនៃប្រព័ន្ធកសិកម្ម នាំឲ្យមានកំណើននៃការប្រើប្រាស់គីមីនិងថ្នាំសម្លាប់សត្វល្អិត។ ជីគីមី និងថ្នាំសម្លាប់សត្វល្អិត ទាំងនោះហូរទៅផ្ដុំគ្នានៅតាមផ្លូវទឹកនានា បំផ្លាញជីវិតសត្វនិងពូជធម្មជាតិ។,រៀបរាប់ពីទំនាក់ទំនងរវាងការដាំដុះ ការចិញ្ចឹមសត្វ និងការនេសាទ៖ -ការដាំដុះគឺជាការដាំដុះនូវដំណាំផ្សេងផ្សេងដូចជាស្រូវបន្លែជាច្រើនការដាំដុះនេះ ភាគច្រើនគេដាំវានៅតាមជនបទដើម្បីយកទៅលក់នៅទីផ្សារដើម្បីយកប្រាក់មកដោះដូរជីវភាព ប្រជាជនខ្លះដាំដុះនេះដើម្បីទុកបរិភោគខ្លួនឯងដោយកាត់បន្ថយទៅលើការចំណាយហើយការដាំដុះនេះ សារៈសំខាន់ចំពោះជាតិផងដែរការដាំដុះនេះអាចនាំចេញទៅក្រៅស្រុកបាន ផងដែរ អ្នកខ្លះទៀតយកការដាំដុះនេះជាមុខរបរនាំយកទៅទីក្រុងដើម្បីលក់ដូរ។ -អាជីវកម្មព្រៃឈើប្រជាជនមួយបានយកការកាប់ព្រៃឈើធ្វើជាអាជីវកម្មដើម្បីចិញ្ចឹមជីវិតហើយអាជីវកម្ម នេះមួយចំនួនអាចយកធ្វើជាអុសធ្យូងផ្ទះគ្រែកៅអីជាដើមគឺទាំងអស់នេះ ក៏ជាការសំខាន់ដែរដើម្បីយកទៅលក់ដូរដើម្បីដោះដូរជីវភាពបានប៉ុន្តែការធ្វើអាជីវកម្មព្រៃឈើនេះក៏អាចបង្កដល់អំពើខុសច្បាប់ដែរហើយអាចមានសំឡេងរំខានដល់អ្នកដទៃផងដែរ។ -ការនេសាទក៏អាចដោះដូរជីវភាពបានតែប្រជាជនមួយចំនួនបានយកការនេសាទនេះ ចិញ្ចឹមជីវិតនិងគ្រួសារការនេសាទឬមានច្រើនបែបណាដូចជាការនេសាទត្រីការនេសាទសត្វ ការនេសាទនៅសមុទ្រជាដើម។,15,5,1,0.3333333333333333,0.3654226338356453,1,5,0,0
229,តើប្រព័ន្ធផលិតកម្មកសិកម្មនៅប្រទេសកម្ពុជាមានអ្វីខ្លះ?,ប្រព័ន្ធផលិតកម្មកសិកម្មនៅកម្ពុជាមានដូចជាដំណាំដំណាំស្រូវនិងកៅស៊ូដឹកនាំផ្សេងៗទៀតការចិញ្ចឹមសត្វបានចិញ្ចឹមសត្វលើគោកការចិញ្ចឹមសត្វក្នុងទឹកការនេសាទការនេសាទទឹកសាបការនេសាទទឹកប្រៃ  ព្រៃឈើអនុផលព្រៃឈើរកឃ្មុំជ័រទឹកក្តៅសត្វព្រៃ,ផលិតកម្មនៅកម្ពុជារួមមាន -កសិកម្ម ការនិស្សិតដំណាំព្រៃឈើចិញ្ចឹមសត្វ -ពាណិជ្ជកម្មការនាំចេញ -ឧស្សាហកម្មកាត់ដេរសិប្បកម្ម -ទេសចរណ៍ទេសប្រវត្តិសាស្រ្តការច្នៃ -គមនាគមន៍ផ្លូវទឹកផ្លូវគោកផ្លូវអាកាស។,15,2,1,0.1333333333333333,0.17845491700502028,1,3,0,1
230,ចូរនិយាយពីកំណកាម៉ែតញី។,ការស្ថិតនៅក្រោមសារពាង្គកាយនៃពងស្វាសមានសារៈសំខាន់ដូចជាដើម្បីរក្សាសីតុណ្ហភាពឲ្យ ទាបជាងសីតុណ្ហភាពក្នុងខ្លួន ប្រហែលពី(2-3)សីតុណ្ហភាពក្នុងខ្លួន37 ។,កំណកាម៉ែតញីដំបូងកោសិកាពូជមួយរួមចំណែកពីរដងបន្តបន្ទាប់គ្នា បានកោសិកាអូវ៉ូកូរី4 ។ អូវ៉ូកូរីនីមួយៗរីកមាឌអាចជាអូវ៉ូស៊ីត1 ។អូវ៉ូស៊ីតមួយរងចំណែកមួយនៃមេយោធាហើយត្រូវបាន ឈប់គាំងនៅវគ្គប្រផ្ដាស1 ។ក្រោយមកពេលគ្រប់អូវ៉ូស៊ីតមួយបន្តធ្វើចំណែក ។,10,3,1,0.3,0.375423340434806,1,4,0,1
231,តើព្រះបាទពញាយ៉ាតមានបុត្រប៉ុន្មានអង្គព្រះនាមអ្វីខ្លះ?ជាមួយអ្នកម្នាងណាខ្លះ?,ព្រះបាទពញាយ៉ាតមានបុត្របីអង្គគឺ នារាយណ៍រាជា ជាបុត្រជាមួយម្នាងទេវី ស្រីរាជាជាបុត្រជាមួយបុទុមកេសរ និងធម្មរាជាជាបុត្រជាមួយសុីសង៉ាម(បុត្រីស្ដេចសៀម)។,ព្រះបាទពញាយ៉ាតមានបុត្រជាច្រើនអង្គប៉ុន្តែឯកសារប្រវត្តិសាស្ត្រផ្ដោតសំខាន់លើព្រះរាជបុត្រដែលបានបន្តរាជដូចជាព្រះបាទនរាយណ៍រាជានិងព្រះបាទស្រីរាជា។,5,3,2,0.6,0.4976278859636267,2,2,0,1
232,តើកត្តាអ្វីខ្លះដែលធ្វើអោយសម័យអង្គររីកចម្រើនដល់កំពូល?​ ចូលរៀបរាប់។,កត្តាដែលធ្វើអោយសម័យអង្គររីកចម្រើនគឺ: កត្តាព្រះរាជា:ព្រះរាជាចាប់ពីព្រះបាទជ័យវរ្ម័នទី 2 រហូតដល់ព្រះបាទជ័យវរ្ម័នទី 7 សុទ្ធតែជាស្ដេចខ្លាំងពូកែ កត្តានយោបាយ: នយោបាយក្នុងប្រទេសបង្រួបបង្រួមជាតិកសាងនិងការពារទឹកដី នយោបាយក្រៅប្រទេស:ចងសម្ព័ន្ធមិត្តជាមួយប្រទេសធំៗវាយយករដ្ឋតូចដាក់ជាចំណុះ កត្តាសេដ្ឋកិច្ច:រីកចម្រើនលើវិស័យកសិកម្មសិប្បកម្មគណនាគម កត្តាសាសនា:ការឯកភាពគ្នារវាងសាសនាព្រាហ្មនិងព្រះពុទ្ធ កត្តាធនធានមនុស្សបន្សល់ទុកតាំងពីសម័យនគរភ្នំនិងចេនឡាមក។,កត្តាដែលធ្វើអោយសម័យអង្គររីកចម្រើនគឺ: .កត្តាព្រះរាជា:ព្រះរាជាចាប់ពីព្រះបាទជ័យវរ្ម័នទី 2 រហូតដល់ព្រះបាទជ័យវរ្ម័នទី 7 សុទ្ធសឹងតែជាស្ដេចខ្លាំងពូកែ .កត្តានយោបាយ: +នយោបាយក្នុងប្រទេស:បង្រួបបង្រួម​ កសាង និងការពារ។ +នយោបាយក្រៅប្រទេស:ចងសម្ព័ន្ធមិត្តជាមួយប្រទេសធំៗដូចជាចិននិងឥណ្ឌា និងវាយយករដ្ឋតូចដាក់ជាចំណុះ .កត្តាសេដ្ឋកិច្ច:ការរីកចម្រើនលើវិស័យកសិកម្ម សិប្បកម្ម គណនាគមន៍ .កត្តាសាសនា:មានការឯកភាពគ្នារវាងសាសនាព្រាហ្មនិងព្រះពុទ្ធ .កត្តាធនធានមនុស្សបន្សល់ទុកតាំងពីសម័យនគរភ្នំនិងចេនឡាមក។,10,10,4,1.0,0.9710717620824149,4,10,0,0
233,តើកត្តាអ្វីខ្លះដែលធ្វើអោយសម័យអង្គររីកចម្រើនដល់កំពូល?​ ចូលរៀបរាប់។,កត្តាដែលធ្វើអោយសម័យអង្គររីកចម្រើនគឺ: កត្តាព្រះរាជា:ព្រះរាជាចាប់ពីព្រះបាទជ័យវរ្ម័នទី 2 រហូតដល់ព្រះបាទជ័យវរ្ម័នទី 7 សុទ្ធតែជាស្ដេចខ្លាំងពូកែ កត្តានយោបាយ: នយោបាយក្នុងប្រទេសបង្រួបបង្រួមជាតិកសាងនិងការពារទឹកដី នយោបាយក្រៅប្រទេស:ចងសម្ព័ន្ធមិត្តជាមួយប្រទេសធំៗវាយយករដ្ឋតូចដាក់ជាចំណុះ កត្តាសេដ្ឋកិច្ច:រីកចម្រើនលើវិស័យកសិកម្មសិប្បកម្មគណនាគម កត្តាសាសនា:ការឯកភាពគ្នារវាងសាសនាព្រាហ្មនិងព្រះពុទ្ធ កត្តាធនធានមនុស្សបន្សល់ទុកតាំងពីសម័យនគរភ្នំនិងចេនឡាមក។,កត្តាដែលធ្វើអោយសម័យអង្គររីកចម្រើនគឺ: .កត្តាព្រះរាជា:ព្រះរាជាចាប់ពីព្រះបាទជ័យវរ្ម័នទី 2 រហូតដល់ព្រះបាទជ័យវរ្ម័នទី 7 សុទ្ធសឹងតែជាស្ដេចខ្លាំងពូកែ .កត្តាសេដ្ឋកិច្ច: +នយោបាយក្នុងប្រទេស:បង្រួបបង្រួម​ កសាង និងការពារ។ +នយោបាយក្រៅប្រទេស:ចងសម្ព័ន្ធមិត្តជាមួយប្រទេសធំៗដូចជាចិននិងឥណ្ឌា និងវាយយករដ្ឋតូចដាក់ជាចំណុះ .កត្តាប្រទេសជាតិ:មានការរីកចម្រើនខ្លាំងខ្លា .កត្តាធនធានមនុស្សបន្សល់ទុកតាំងពីសម័យនគរភ្នំនិងចេនឡាមក។,10,9,4,0.9,0.899707400672896,4,9,0,0
234,តើសង្គមខ្មែរនៅសម័យអង្គរមានប៉ុន្មានវណ្ណៈ? វណ្ណៈអ្វីខ្លះ? ចូលរៀបរាប់។,សង្គមខ្មែរនៅសម័យអង្គរមានប្រាំវណ្ណៈគឺ -វណ្ណៈក្សត្រឬរាជវង្សនុវង្ស (ជាស្ដេចគ្រប់គ្រងប្រទេស -វណ្ណៈមន្ត្រី (អ្នករស់នៅក្នុងរាជវាំងបម្រើស្ដេច) -វណ្ណៈព្រាហ្ម៍ឬបុព្វជិត​(គឺជាអ្នកបួស) -វណ្ណៈអ្នកជាឬកសិករ (អ្នករស់នៅនឹងធ្វើស្រែចម្ការ) -វណ្ណៈអ្នកងារឬទាសករ(ទាសករបម្រើគេតកូនតចៅ)។,សង្គមខ្មែរនៅសម័យអង្គរមានបួនវណ្ណៈគឺ -វណ្ណៈព្រាហ្មណ៍ឬបុព្វចិត្តមាន .ពួកប៉ាងឃៀបឬពួកព្រាហ្មណ៍គឺជាពួកដែលមានចំណេះដឹងខ្ពស់ .ពួកជូគូឬចៅគូគឺពួកព្រះសង្ឃដែលគោរពព្រះពុទ្ធនិងបង់ជីពពណ៌លឿង .ពួកតាបសគឺអ្នករស់នៅក្នុងព្រៃឬលើភ្នំសាននិងកំណាច់ក្រហមលើក្បាល -វណ្ណៈក្សត្រ រាជវង្សានុវង្សគឺជាអ្នកដែលរស់នៅស្រណុកមិនបង់ពន្ធនិងរស់នៅក្នុងនគរ -វណ្ណៈអ្នកជាឬមន្ត្រីគឺជាប្រជារាស្ត្ររស់នៅដោយសេរីបង់ពន្ធ -វណ្ណៈទាសករឬអ្នកងារគឺជាពួកអ្នកបម្រើគេអស់មួយជីវិតហើយតបកូនតចៅពួកគេភាគច្រើនជាជនជាតិភាគតិចដែលត្រូវគេទិញមក,10,9,4,0.9,0.9786993162717201,4,10,0,1
235,តើអាណាចក្រភ្នំមានព្រំប្រទល់ជាប់ប្រទេសណាខ្លះ?,អាណាចក្រភ្នំមានព្រំប្រទល់ជាប់ប្រទេសដូចជា -ខាងជើងជាប់ចិន -ខាងត្បូងជាឈូងសមុទ្រខ្មែរ -ខាងកើតជាប់រដ្ឋចម្ប៉ា -ខាងលិចជាប់រដ្ធមនឬភូមា។,អាណាចក្រភ្នំមានព្រំប្រទល់ជាប់ប្រទេសដូចជា -ខាងជើងជាប់ចិន -ខាងត្បូងជាឈូងសមុទ្រខ្មែរ -ខាងកើតជាប់រដ្ឋចម្ប៉ា -ខាងលិចជាប់រដ្ឋមនឬភូមា។,6,6,4,1.0,0.9900460795956889,4,6,0,0
236,តើការស្ថិតនៅក្រៅសារពាង្គកាយនៃពងស្វាសមានសារៈសំខាន់ដូចម្តេច?,ការស្ថិតនៅក្រោមសារពាង្គកាយនៃពងស្វាសមានសារៈសំខាន់ដូចជាដើម្បីរក្សាសីតុណ្ហភាពឲ្យ ទាបជាងសីតុណ្ហភាពក្នុងខ្លួន ប្រហែលពី(2-3)សីតុណ្ហភាពក្នុងខ្លួន37 ។,ការស្ថិតនៅក្រោមសារពាង្គកាយនៃពងស្វាសមានសារៈសំខាន់ដូចជា  _សំខាន់ក្នុងការផលិតអរម៉ូនភេទឈ្មោលនិងបង្កើតស្ពែម៉ាតូសូអ៊ីត ។,10,3,1,0.3,0.25454369634818647,1,3,0,0
237,តើប្រទេសកម្ពុជាចូលជាសមាជិក សហគមន៍អាស៊ីអាគ្នេយ៍ទទួលផលវិជ្ជមាននិងអវិជ្ជមានដូចម្តេចខ្លះ?,ពណ៌នាពីពីការអភិវឌ្ឍសេដ្ឋកិច្ច សង្គម នៅកម្ពុជាពីឆ្នាំ១៩៩៣ មកទល់សព្វថ្ងៃ .វិស័យសេដ្ឋកិច្ច:  +សេដ្ឋកិច្ចកម្ពុជាមានការរីកចម្រើនឡើងជាបន្តបន្ទាប់ដែលធ្វើឲ្យប្រទេសកម្ពុជាមានជីវភាពល្អប្រសើរ។ +កសិកម្មរីកចម្រើនខាងដាំដំណាំស្រូវទទួលបានទិន្នផលខ្ពស់ជាបន្តបន្ទាប់ +ឧស្សាហកម្មមានតំណាងរោងចក្រច្រើនកន្លែងនិងលើកឡើងនៅសហគ្រឿងធំៗដែលបានផ្ដល់ចំណូលដល់ប្រជាពលរដ្ឋ +ពាណិជ្ជកម្មកាលនាំចូលមកក្នុងប្រទេសនិងមានវិនិយោគក្នុងប្រទេស +គមនាគមន៍កសាងស្ពានផ្លូវថ្នល់អាកាសយានដ្ឋានផ្គត់ផ្គង់ប្រព័ន្ធទឹកពីទីក្រុងដល់ជនបទ កំពុងផែ +ហិរញ្ញវត្ថុមានស្ថេរភាពក្នុងអត្រាប្ដូរប្រាក់ +ធនាគារលើកឡើងនៅធនាគារជាតិហ្នឹងឯកជនជាច្រើន .វិស័យសង្គម +ការអប់រំសិក្សា បង្កើតសាលារៀនគ្រប់កម្រិតពីមត្តីរហូតដល់ឧត្តមសិក្សាបណ្ដុះបណ្ដាលធនធានមនុស្សនិងបញ្ជូននិស្សិតឲ្យទៅរៀននៅក្រៅប្រទេស។ +វប្បធម៌អរិយធម៌ ស្ដារវប្បធម៌ឡើងវិញនិងដាក់បញ្ចូលជាសម្បត្តិបេតិកភណ្ឌពិភពលោកចាប់ផ្ដើមប្រជាជនមានសិទ្ធិជឿលើសាសនា។ +សុខាភិបាលបង្កើតឲ្យមានមន្ទីរពេទ្យលោកសុខភាពនិងឱសថសាស្ត្រ +សិល្បៈបង្កើតឲ្យមានសាលាសាកលវិទ្យាល័យសិល្បៈ.,ប្រទេសកម្ពុជាចូលជាសមាជិក សហគមន៍អាស៊ីអាគ្នេយ៍ទទួលផលវិជ្ជមាននិងអវិជ្ជមានដូចជា +ផលវិជ្ជមាន ក/ខាងវិស័យនយោបាយ -កម្ពុជាលែងជាប្រទេសឯកោ -កម្ពុជាមានមុខមាត់ឈរបណ្ដាប្រទេសជាមួយសមាជិកអាស៊ាន -កម្ពុជាមានទំនាក់ទំនងជាមួយប្រទេសនៅបណ្ដាលតំបន់និងពិភលោក ខ/ខាងសេដ្ឋកិច្ច -កម្ពុជាជាប្រទេសទាក់ទាញភ្ញៀវទេសចរណ៍ -កម្ពុជាអាចមានការរីកចម្រើន -រីកចម្រើនខាងវិស័យសេដ្ឋកិច្ច -មានផលិតផលនាំចេញ -រីកចម្រើនខាងភ្ញៀវទេសចរបង្កើនប្រាក់ចំណូលដល់ប្រជាជន គ/ខាងសង្គម,10,5,2,0.5,0.6660524746861313,3,7,1,2
238,ចូរពណ៌នាពីពីការអភិវឌ្ឍសេដ្ឋកិច្ច សង្គម នៅកម្ពុជាពីឆ្នាំ១៩៩៣ មកទល់សព្វថ្ងៃ?,ពណ៌នាពីពីការអភិវឌ្ឍសេដ្ឋកិច្ច សង្គម នៅកម្ពុជាពីឆ្នាំ១៩៩៣ មកទល់សព្វថ្ងៃ .វិស័យសេដ្ឋកិច្ច:  +សេដ្ឋកិច្ចកម្ពុជាមានការរីកចម្រើនឡើងជាបន្តបន្ទាប់ដែលធ្វើឲ្យប្រទេសកម្ពុជាមានជីវភាពល្អប្រសើរ។ +កសិកម្មរីកចម្រើនខាងដាំដំណាំស្រូវទទួលបានទិន្នផលខ្ពស់ជាបន្តបន្ទាប់ +ឧស្សាហកម្មមានតំណាងរោងចក្រច្រើនកន្លែងនិងលើកឡើងនៅសហគ្រឿងធំៗដែលបានផ្ដល់ចំណូលដល់ប្រជាពលរដ្ឋ +ពាណិជ្ជកម្មកាលនាំចូលមកក្នុងប្រទេសនិងមានវិនិយោគក្នុងប្រទេស +គមនាគមន៍កសាងស្ពានផ្លូវថ្នល់អាកាសយានដ្ឋានផ្គត់ផ្គង់ប្រព័ន្ធទឹកពីទីក្រុងដល់ជនបទ កំពុងផែ +ហិរញ្ញវត្ថុមានស្ថេរភាពក្នុងអត្រាប្ដូរប្រាក់ +ធនាគារលើកឡើងនៅធនាគារជាតិហ្នឹងឯកជនជាច្រើន .វិស័យសង្គម +ការអប់រំសិក្សា បង្កើតសាលារៀនគ្រប់កម្រិតពីមត្តីរហូតដល់ឧត្តមសិក្សាបណ្ដុះបណ្ដាលធនធានមនុស្សនិងបញ្ជូននិស្សិតឲ្យទៅរៀននៅក្រៅប្រទេស។ +វប្បធម៌អរិយធម៌ ស្ដារវប្បធម៌ឡើងវិញនិងដាក់បញ្ចូលជាសម្បត្តិបេតិកភណ្ឌពិភពលោកចាប់ផ្ដើមប្រជាជនមានសិទ្ធិជឿលើសាសនា។ +សុខាភិបាលបង្កើតឲ្យមានមន្ទីរពេទ្យលោកសុខភាពនិងឱសថសាស្ត្រ +សិល្បៈបង្កើតឲ្យមានសាលាសាកលវិទ្យាល័យសិល្បៈ.,ពណ៌នាពីពីការអភិវឌ្ឍសេដ្ឋកិច្ច សង្គម នៅកម្ពុជាពីឆ្នាំ១៩៩៣ មកទល់សព្វថ្ងៃ +វិស័យពាណិជ្ជកម្ម -កម្ពុជាមានការរីកចំឡើងកើនឡើងនៅផលិតផលនិងការនាំចេញក្រៅប្រទេសជាមួយប្រទេសធំៗលើពិភពលោកប្រទេសមហាអំណាចធំៗ -មានការរីកចម្រើនផ្នែកឧស្សាហកម្មសំបូរដោយរោងចក្រកាត់ដេរធ្វើអោយប្រជាជនមានការងារធ្វើ +វិស័យ -វិស័យហិរញ្ញវត្ថុមានអថេរភាព -វិស័យទេសចរណ៍ការកើនឡើងនៅភ្ញៀវទេសចរណ៍បង្កើតការងារប្រាក់ចំណូលដល់ប្រជាពលរដ្ឋដោយបំពាក់ប្រព័ន្ធទឹកភ្លើងពីទីក្រុងនៅជនបទ +វិស័យសង្គមវប្បធម៌ -អប់រំសិក្សាបង្កើតសាលារៀនគប់កម្រិតគ្រប់កន្លែងនិងបង្កើតធនធានមនុស្ស -សុខាភិបាលសាងសង់មន្ទីរពេទ្យ,10,6,2,0.6,0.6243594865513593,2,6,0,0
239,តើប្រទេសកម្ពុជាចូលជាសមាជិក សហគមន៍អាសុីអាគ្នេយ៍ទទួលបានផលវិជ្ជមាននិងផលអវិជ្ជមានដូចម្ដេចខ្លះ?,ប្រទេសកម្ពុជាចូលជាសមាជិកសាមាសហគមន៍អាស៊ីអាគ្នេយ៍ទទួលផលវិជ្ជមាននឹងអវិជ្ជមានដូចជា៖ +ផលវិជ្ជមាន៖ -កម្ពុជាលែងឯកោទៅទៀត -បានចូលរួមនៅរាល់ការសម្រេចចិត្តនានាក្នុងតំបន់ -កម្ពុជាបានឈរស្មើមុខមាត់ជាមួយបណ្ដាប្រទេសជាសមាជិកអាស៊ាន -កម្ពុជាមានដៃគូច្រើនទាំងក្នុងតំបន់និងពិភព -កម្ពុជាអាចពង្រីកអនុភាពនិងបង្កើតតួនាទីរបស់ខ្លួនកាន់តែសកម្មភាពដែលក្នុងតំបន់នៃអន្តរជាតិ -កម្ពុជាមានសិទ្ធពេញលេញក្រោមការរៀបចំកិច្ចប្រជុំធំៗក្នុងប្រទេសខ្លួនលក្ខណៈតំបន់និងពិភពលោក -ការលើកលែងទិដ្ឋការ -កម្ពុជាក្លាយជាកន្លែងវិនិយោគដ៏មានសក្តានុពលពាណិជ្ជកម្មរវាងពាណិជ្ជកម្មនិងស្រួលជាងមុនចំពោះទីផ្សារ -សេដ្ឋកិច្ចកម្ពុជាមានកំណើនរៀងរាល់ឆ្នាំ -ប្រជាជនអាចរកការងារធ្វើទាំងក្នុងប្រទេសក្នុងតំបន់និងក្រៅតំបន់ -កំណើនភ្ញៀវទេសចរជាច្រើន +ផលអវិជ្ជមាន៖ -ពាណិជ្ជកម្មសេដ្ឋកិច្ចដំណើរការមិនល្អ -កម្ពុជាបាត់បង់ជំនឿសាសនាប្រពៃណីទំនៀមទម្លាប់,ប្រទេសកម្ពុជាចូលជាសមាជិកសាមាសហគមន៍អាស៑ននៅថ្ងៃទី 30 មេសា 1999 ទទួលផលវិជ្ជមាននឹងអវិជ្ជមានដូចជា៖ +ផលវិជ្ជមាន៖ -កម្ពុជាលែងឯកោតទៅទៀត -បានចូលរួមអភិវឌ្ឈ -បានចូលរួមនៅរាល់ការសម្រេចចិត្តនានាក្នុងតំបន់ -មានទំនាក់ទំនងល្អជាមួយប្រតេសក្នុងតំបន់អាស៑ាន -កម្ពុជាឈរស្មផមុខស្មើមាត់ជាមួយបណ្ដាប្រទេសនានា -កម្ពុជាមានដៃគូច្រើនទាំងក្នុងតំបន់និងពិភព -កម្ពុជាមានឱកាសពេញលេញក្នុងការរៀបចំកិច្ចប្រជុំធំៗ -កម្ពុជាក្លាយជាកន្លែងវិនិយោគដ៏មានសក្តានុពល -ពាណិជ្ជកម្មងាយស្រួលជាងមុនព្រោះសម្បូរទីផ្សារ -កម្ពុជាអាចពង្រីកអានុភាព និងបង្កើតតួនាទីរបស់ខ្លួន។,10,6,2,0.6,0.839186330678054,3,8,1,2
240,តើកត្តាអ្វីខ្លះដែលធ្វើអោយសម័យអង្គររីកចម្រើនដល់កំពូល?​ ចូលរៀបរាប់។,កត្តាដែលធ្វើអោយសម័យអង្គររីកចម្រើនគឺ: កត្តាព្រះរាជា:ព្រះរាជាចាប់ពីព្រះបាទជ័យវរ្ម័នទី 2 រហូតដល់ព្រះបាទជ័យវរ្ម័នទី 7 សុទ្ធតែជាស្ដេចខ្លាំងពូកែ កត្តានយោបាយ: នយោបាយក្នុងប្រទេសបង្រួបបង្រួមជាតិកសាងនិងការពារទឹកដី នយោបាយក្រៅប្រទេស:ចងសម្ព័ន្ធមិត្តជាមួយប្រទេសធំៗវាយយករដ្ឋតូចដាក់ជាចំណុះ កត្តាសេដ្ឋកិច្ច:រីកចម្រើនលើវិស័យកសិកម្មសិប្បកម្មគណនាគម កត្តាសាសនា:ការឯកភាពគ្នារវាងសាសនាព្រាហ្មនិងព្រះពុទ្ធ កត្តាធនធានមនុស្សបន្សល់ទុកតាំងពីសម័យនគរភ្នំនិងចេនឡាមក។,កត្តាដែលធ្វើអោយសម័យអង្គររីកចម្រើនគឺ: .កត្តាព្រះរាជា:ព្រះរាជាចាប់ពីព្រះបាទជ័យវរ្ម័នទី 2 រហូតដល់ព្រះបាទជ័យវរ្ម័នទី 7 សុទ្ធសឹងតែជាស្ដេចខ្លាំងពូកែ .កត្តានយោបាយ: +នយោបាយក្នុងប្រទេស:បង្រួបបង្រួម​ កសាង និងការពារ។ +នយោបាយក្រៅប្រទេស:ចងសម្ព័ន្ធមិត្តជាមួយប្រទេសធំៗដូចជាចិននិងឥណ្ឌា និងវាយយករដ្ឋតូចដាក់ជាចំណុះ .កត្តាសេដ្ឋកិច្ច:ការរីកចម្រើនលើវិស័យកសិកម្ម សិប្បកម្ម គណនាគមន៍ .កត្តាសាសនា:មានការឯកភាពគ្នារវាងសាសនាព្រាហ្មនិងព្រះពុទ្ធ .កត្តាធនធានមនុស្សបន្សល់ទុកតាំងពីសម័យនគរភ្នំនិងចេនឡាមក។,10,10,4,1.0,0.9710717620824149,4,10,0,0
241,តើអាណាចក្រភ្នំមានព្រំប្រទល់ជាប់ប្រទេសណាខ្លះ?,អាណាចក្រភ្នំមានព្រំប្រទល់ជាប់ប្រទេសដូចជា -ខាងជើងជាប់ចិន -ខាងត្បូងជាឈូងសមុទ្រខ្មែរ -ខាងកើតជាប់រដ្ឋចម្ប៉ា -ខាងលិចជាប់រដ្ធមនឬភូមា។,អាណាចក្រភ្នំមានព្រំប្រទល់ជាប់ប្រទេសដូចជា -ខាងជើងជាប់ចិន(រដ្ឋណានឆាវតុងកឹង) -ខាងត្បូងជាឈូងសមុទ្រខ្មែរ -ខាងកើតជាប់រដ្ឋចម្ប៉ា -ខាងលិចជាប់រដ្ឋមនឬភូមា។,6,6,4,1.0,0.9918796693396534,4,6,0,0
242,បុព្វហេតុអ្វីខ្លះដែលនាំឲ្យអាណាចក្រចេនឡាបែកបាក់ជាពីរគឺអាណាចក្រចេនឡាដីគោកនិងចេនឡាទឹកលិច?,បុព្វហេតុដែលនាំហើយអាណាចក្រចេនឡាបែកជាពីរគឺ -វិសាលភាពទឹកដីធំទូលាយ -ចម្បាំងអត់ឈប់ឈរ -សមន្ដរដ្ឋបះបោរចង់ផ្ដាច់ខ្លួន -វិបត្តិផ្ទៃក្នុង -ព្រះនាងជ័យទេវីគ្មានសមត្ថភាពគ្រប់គ្រង។,បុព្វហេតុដែលនាំហើយអាណាចក្រចេនឡាបែកជាពីរគឺ -វិសាលភាពទឹកដីធំទូលាយ -ចម្បាំងអត់ឈប់ឈរ -សមន្ដរដ្ឋបះបោរចង់ផ្ដាច់ខ្លួន -វិបត្តិផ្ទៃក្នុង -ព្រះនាងជ័យទេវីគ្មានសមត្ថភាពគ្រប់គ្រង។,7,7,4,1.0,0.9774278816832895,4,7,0,0
243,តើសង្គមខ្មែរនៅសម័យអង្គរមានប៉ុន្មានវណ្ណៈ? វណ្ណៈអ្វីខ្លះ? ចូលរៀបរាប់។,សង្គមខ្មែរនៅសម័យអង្គរមានប្រាំវណ្ណៈគឺ -វណ្ណៈក្សត្រឬរាជវង្សនុវង្ស (ជាស្ដេចគ្រប់គ្រងប្រទេស -វណ្ណៈមន្ត្រី (អ្នករស់នៅក្នុងរាជវាំងបម្រើស្ដេច) -វណ្ណៈព្រាហ្ម៍ឬបុព្វជិត​(គឺជាអ្នកបួស) -វណ្ណៈអ្នកជាឬកសិករ (អ្នករស់នៅនឹងធ្វើស្រែចម្ការ) -វណ្ណៈអ្នកងារឬទាសករ(ទាសករបម្រើគេតកូនតចៅ)។,សង្គមខ្មែរនៅសម័យអង្គរមានប្រាំវណ្ណៈគឺ -វណ្ណៈក្សត្រឬរាជវង្សនុវង្ស (ជាស្ដេចគ្រប់គ្រងប្រទេស -វណ្ណៈមន្ត្រី (អ្នករស់នៅក្នុងរាជវាំងបម្រើស្ដេច) -វណ្ណៈព្រាហ្ម៍ឬបុព្វជិត​(គឺជាអ្នកបួស) -វណ្ណៈអ្នកជាឬកសិករ (អ្នករស់នៅនឹងធ្វើស្រែចម្ការ) -វណ្ណៈអ្នកងារឬទាសករ(ទាសករបម្រើគេតកូនតចៅ)។,10,9,4,0.9,0.9312186879009201,4,9,0,0
244,សេដ្ឋកិច្ចកម្ពុជាពឹងផ្អែកលើវិស័យកសិកម្មជាសំខាន់៖ ​ក.​ ហេតុអ្វីបានជាគេនិយាយថាកម្ពុជាជាប្រទេសកសិកម្ម? ខ. តើគេចែកកសិករទាំងនោះជាប៉ុន្មានប្រភេទ?,សេដ្ឋកិច្ចកម្ពុជាបានផ្អែកលើវិស័យកសិកម្មជាសំខាន់៖ ក​. បានជាគេនិយាយថាប្រទេសកម្ពុជាជាប្រទេសកសិកម្មដោយសារ -ផ្ទៃដីនៅប្រទេសកម្ពុជាប្រហែល៩០ភាគរយសិតតែដំណាំស្រូវ -ប្រជាជនកកម្ពុជា ៧០.៣ភាគរយធ្វើកសិកម្ម -កសិកម្មជួយឲ្យប្រជាជនកម្ពុជាមានការងារធ្វើ -ប្រជាជននិយមធ្វើកសិកម្ម -ដីនៅកម្ពុជាប្រកបជាមួយកាធ្វើកសិកម្ម -កម្ពុជាមានអាកាសធាតុសមស្របសម្រាប់ធ្វើកសិកម្ម ខ. គេចែកកសិកម្មទាំងនោះជាពីរប្រភេទ៖ +កសិករខ្នាតតូច -ធ្វើកសិកម្មដើម្បីជីវិត -ធ្វើលក្ខណៈតិចតួច ទុកតែបរិភោគសម្រាប់គ្រួសារ -មិនលក់ឲ្យអ្នកណា +កសិករខ្នាតធំ -ធ្វើកសិកម្មច្រើនហើយទុកសម្រាប់លក់ឬនាំចេញទៅក្រៅប្រទេស -ធ្វើមួយឆ្នាំអាចទៅពីរលើក -ធ្វើលក្ខណៈច្រើន ដើម្បីលក់និងនាំចេញ។,សេដ្ឋកិច្ចកម្ពុជាបានផ្អែកលើវិស័យកសិកម្មជាសំខាន់៖ +បានជាគេនិយាយថាកម្ពុជាជាប្រទេសកសិកម្មព្រោះ៖ -កសិករ (២៣.៣០%) ជាអ្នកធ្វើស្រែចម្ការ -ស្រូវជាអាហារចាំបាច់របស់មនុស្ស -អ្នកធ្វើស្រូវភាគច្រើន -ស្រូវតំណាងឲ្យប្រទេសជាតិ និងនាំចេញទៅបរទេស -មានមូលដ្ឋាននៅជនបទ -ស្រូវជារបស់ចាំបាច់សម្រាប់លក់ +គេចែកកសិករទាំងនោះជា២ប្រភេទគឺ៖ -ធន់ធ្ងន់ៈ ការធ្វើស្រែចម្ការ ការលីសែង -ធន់ស្រាលៈ ការចិញ្ចឹមសត្វ ការលក់ដូរ ការទិញទំនិញ...។,15,5,1,0.3333333333333333,0.40701632621780304,1,6,0,1
245,ចូរនិយាយពីកំណកាម៉ែតញី។,ការស្ថិតនៅក្រោមសារពាង្គកាយនៃពងស្វាសមានសារៈសំខាន់ដូចជាដើម្បីរក្សាសីតុណ្ហភាពឲ្យ ទាបជាងសីតុណ្ហភាពក្នុងខ្លួន ប្រហែលពី(2-3)សីតុណ្ហភាពក្នុងខ្លួន37 ។,កំណកាម៉ែនញី ដំបូងកោសិកាពូជមួយរកចម្ងាយពីរដងទម្លាប់គ្នាបានកោសិកាអូវ៉ូកូនី4 ។ អូវុលរីកមាឌក្លាយជាអូវូស៊ីត1 ។អូវ៉ូស៊ីតមួយរងចំណែកមួយនៃមេយ៉ូសហើយត្រូវបានជាប់គាំងនៅចុង វគ្គមួយ ។,10,5,2,0.5,0.406035770848476,1,4,1,1
246,ចូររៀបរាប់ពីទំនាក់ទំនងរវាងការដាំដុះ​ អាជីវកម្មព្រៃឈើ និងការនេសាទ។,ទំនាក់ទំនងរវាងការដាំដុះ អាជីវកម្មព្រៃឈើ និងការនេសាទមានដូចជា៖ -ការដាំដុះដោយប្រើជីធម្មជាតិ -ការប្រើប្រាស់ជីគីមី -ដាំដុះនិងធ្វើតាមរដូវ -អាជីវកម្មព្រៃឈើ -ការកាប់បំផ្លាញព្រៃឈើ -ការដុតព្រៃឈើ -ការកាប់ឈើយកទៅធ្វើអាជីវកម្ម +ការនេសាទ -ការនេសាទត្រីពេលត្រីពក -ការនេសាទដោយប្រើអគ្គិសនី -ការនេសាទហួសកម្រិត -ការនេសាទគឺជាមុខរបរប្រចាំថ្ងៃាបស់ប្រជាជន -នឹងជាអាហារប្រចាំថ្ងៃរបស់ប្រជាជន -ការនេសាទធ្វើប្រជាជនមានមុខរបររកស៊ីត្រឹមត្រូវ -ការនេសាទប្រើប្រាស់ឧបករណ៍នេសាទខុសច្បាប់ -ការបំផ្លាញជំរកត្រី -ការបកហូរទឹកចេញពី,ទំនាក់ទំនងរវាងការដាំដុះ អាជីវកម្មព្រៃឈើ និងការនេសាទ៖ -ការដាំដុះ អាជីវកម្មព្រៃឈើ និងការនេសាទ ជាភាពទ្រពយ៉ាងសំខាន់សម្រាប់ប្រជាជនកម្ពុជាក្នុងការទ្រទ្រង់ជីវភាព រស់នៅ និងការអភិវឌ្ឍន៍ប្រទេសជាតិ -ដើម្បីបំពេញតម្រូវការក្នុងកសិកម្ម មិនត្រូវការផ្សេងៗនាំគ្នាកាប់ព្រៃឈើធ្វើអាជីវកម្មព្រៃឈើ​ដែលជាហេតុធ្វើឲ្យ អាកាសធាតុប្រែប្រួលប៉ះពាល់ដល់ជីវិតមនុស្សសត្វរុក្ខជាតិ។ -អតិផលនៃប្រព័ន្ធផលិតកម្ម កសិកម្មនាំឲ្យមានកំណើននៃការប្រើប្រាស់នូវជីគីមីនិងថ្នាំសម្លាប់សត្វ។ -ជីគីមីនិងថ្នាំសម្លាប់សត្វល្អិតបានផ្គុំចូលគ្នាទៅតាមទឹកបង្កឲ្យបំផ្លាញជីវិតសត្វនិងមនុស្ស មច្ឆាជាតិ។,15,15,4,1.0,0.8159994330784264,3,12,1,3
247,តើប្រទេសកម្ពុជាចូលជាសមាជិក សហគមន៍អាស៊ីអាគ្នេយ៍ទទួលផលវិជ្ជមាននិងអវិជ្ជមានដូចម្តេចខ្លះ?,ពណ៌នាពីពីការអភិវឌ្ឍសេដ្ឋកិច្ច សង្គម នៅកម្ពុជាពីឆ្នាំ១៩៩៣ មកទល់សព្វថ្ងៃ .វិស័យសេដ្ឋកិច្ច:  +សេដ្ឋកិច្ចកម្ពុជាមានការរីកចម្រើនឡើងជាបន្តបន្ទាប់ដែលធ្វើឲ្យប្រទេសកម្ពុជាមានជីវភាពល្អប្រសើរ។ +កសិកម្មរីកចម្រើនខាងដាំដំណាំស្រូវទទួលបានទិន្នផលខ្ពស់ជាបន្តបន្ទាប់ +ឧស្សាហកម្មមានតំណាងរោងចក្រច្រើនកន្លែងនិងលើកឡើងនៅសហគ្រឿងធំៗដែលបានផ្ដល់ចំណូលដល់ប្រជាពលរដ្ឋ +ពាណិជ្ជកម្មកាលនាំចូលមកក្នុងប្រទេសនិងមានវិនិយោគក្នុងប្រទេស +គមនាគមន៍កសាងស្ពានផ្លូវថ្នល់អាកាសយានដ្ឋានផ្គត់ផ្គង់ប្រព័ន្ធទឹកពីទីក្រុងដល់ជនបទ កំពុងផែ +ហិរញ្ញវត្ថុមានស្ថេរភាពក្នុងអត្រាប្ដូរប្រាក់ +ធនាគារលើកឡើងនៅធនាគារជាតិហ្នឹងឯកជនជាច្រើន .វិស័យសង្គម +ការអប់រំសិក្សា បង្កើតសាលារៀនគ្រប់កម្រិតពីមត្តីរហូតដល់ឧត្តមសិក្សាបណ្ដុះបណ្ដាលធនធានមនុស្សនិងបញ្ជូននិស្សិតឲ្យទៅរៀននៅក្រៅប្រទេស។ +វប្បធម៌អរិយធម៌ ស្ដារវប្បធម៌ឡើងវិញនិងដាក់បញ្ចូលជាសម្បត្តិបេតិកភណ្ឌពិភពលោកចាប់ផ្ដើមប្រជាជនមានសិទ្ធិជឿលើសាសនា។ +សុខាភិបាលបង្កើតឲ្យមានមន្ទីរពេទ្យលោកសុខភាពនិងឱសថសាស្ត្រ +សិល្បៈបង្កើតឲ្យមានសាលាសាកលវិទ្យាល័យសិល្បៈ.,+ផលវិជ្ជមាន -ប្រទេសកម្ពុជាមានទំនាក់ទំនងពាណិជ្ជកម្មជាមួយប្រទេសក្នុងតំបន់ -កម្ពុជាអាចមានឱកាសប្រកួតប្រជែងសេដ្ឋកិច្ច ជាមួយប្រទេសដែលជាសមាជិកអាស៊ាន -កម្ពុជាទទួលបាននូវកំណើនភ្ញៀវទេសចរណ៍ -កម្ពុជាអាចចូលរួមដោះស្រាយបញ្ហាផ្សេងៗជាមួយប្រទេសដែលជាសមាជិកអាស៊ាន​ -ការផ្លាស់ប្តូរផ្នែកវិស័យអប់រំ វិទ្យាសាស្ត្រ បច្ចេកវិទ្យា និង​ព័ត៍មានថ្មីបន្ថែមទៀត -ការប្តូរចំណះដឹង វិស័យអប់រំ វប្បធម៍ កីឡាសង្គមជាមួយសមាជិកអាស៊ាន -ការកើនឡើងផ្នែកសេដ្ឋកិច្ច ដោយកំណើនភ្ញៀវទេសចរណ៍ +ផលអវិជ្ជមាន -កម្ពុជាមានធនធានមនុស្សនិងសម្ភារបចេ្ចកទេសនូវមានកម្រិតទាប -ការនាំចេញផលិតផលនិងនាំចូលនូវទាប -កម្ពុជាមិនអាចប្រកួតប្រជែងសេដ្ឋកិច្ចជាមួយប្រទេសដែលជាសមាជិកអាស៊ានបានទេ -កម្ពុជាក្លាយជាទីផ្សាររបស់គេ -កម្ពុជាត្រូវការជំនួយពីបរទេស -កម្ពុជាគួរតែិកវិនិយោគទន់បរទេសដោយផ្ទាល់ដែលជាបុព្ធហេតុផ្ដល់ការងារដល់ប្រជាពលរដ្ឋ។,10,9,4,0.9,0.9088736118494565,4,9,0,0
248,ហេតុអ្វីបានជាមនុស្សស្រូបយកខ្យល់ដែលមានកាបូនម៉ណូអុកស៊ីតអាចបង្កគ្រោះថ្នាក់ដល់ស្លាប់បាន?,បានជាមនុស្សស្រូបយកខ្យល់ដែលមានកាបូនម៉ូណូអុកស៊ីដអាចបង្កឲ្យមានគ្រោះថ្នាក់ដល់ស្លាប់ បានព្រោះកាបូនម៉ូណូអុកស៊ីដមានសមត្ថភាពចាប់យក ក្នុងឈាមបានខ្លាំងជាងអុកស៊ីសែន វារារាំងឈាមមិនឲ្យដឹកនាំអុកស៊ីសែនទៅចិញ្ចឹមសរីរាង្គជាពិសេសខួរក្បាលដែលបណ្តាលឲ្យ ស្លាប់និង សន្លប់ ។,បានជាមនុស្សស្រូបយកខ្យល់ដែលមានកាបូនម៉ូណូអុកស៊ីដអាចបង្កឲ្យមានគ្រោះថ្នាក់ដល់ស្លាប់ បានព្រោះកាបូនម៉ូណូអុកស៊ីដមានសមត្ថភាពចាប់យក ក្នុងឈាមបានខ្លាំងជាងអុកស៊ីសែន វារារាំងឈាមមិនឲ្យដឹកនាំអុកស៊ីសែនទៅចិញ្ចឹមសរីរាង្គជាពិសេសខួរក្បាលដែលបណ្តាលឲ្យ ស្លាប់និង សន្លប់ ។,5,4,3,0.8,0.8233145449565399,3,4,0,0
249,ហេតុអ្វីបានជាផ្នែកឯកជនជាកម្លាំងដ៏សំខាន់សម្រាប់ការវិនិយោគសេដ្ឋកិច្ច?,សេដ្ឋកិច្ចកម្ពុជាពឹងផ្អែកលើវិស័យកសិកម្មជាសំខាន់ៗ 5 គឺឧស្សាហកម្មកសិកម្មពាណិជ្ជកម្មគមនាគមន៍និងទេសចរណ៍ ក៏បានជាគេនិយាយថាកម្ពុជាប្រទេសកសិកម្មនៅប្រទេសកម្ពុជាមនុស្សមួយចំនួនធំគឺធ្វើកសិកម្ម។ច្រើនសុទ្ធតែជាកសិករកម្ពុជាសម្បូរជីកសិកម្មមានជីវជាតិសម្រាប់ឲ្យយើងធ្វើកសិកម្មចិញ្ចឹមសត្វនិងការដណ្ដប់ជួយបង្កើនចំណូលជូនជាងការងារចេញនៅក្រៅប្រទេសស្ករស្រូវដំឡូងកៅស៊ូ ខ. គេចែកកសិករទាំងនេះជាបួនប្រភេទកសិករតំបន់វាលខ្ពស់កសិករធ្វើស្រែឬមិនធ្វើស្រែកសិករភូមិភាគឥសានកសិករធ្វើតែស្រែ,សេដ្ឋកិច្ចកម្ពុជាពឹងផ្អៃលើវិស័យកសិកម្មជាសំខាន់ក៏បានជាគេនិយាយថាកម្ពុជាជាប្រទេសកសិកម្មពីព្រោះប្រទេសកម្ពុជាគឺជាប្រទេសមួយដែលមានរាងជាបាតផ្ទះដូច្នេះហើយទើបវាមានអាកាសធាតុសមស្របដែលងាយក្នុងការធ្វើកសិកម្មដែលរដូវនៅប្រទេសកម្ពុជាមានពីរដូវគឺរដូវប្រាំងនិងរដូវវស្សា។ហេតុដូចនេះហើយទើបធ្វើឲ្យយើងមានទឹកគ្រប់គ្រាន់និងដីដែលមានជីវជាតិផងដែរដែលដំណាំនៃកម្ពុជាមានដូចជាស្រូវពោតដំឡូងកប្បៈសំដែងអំពៅត្នោតចេកនិងបន្លែធម្មជាតិជាច្រើនទៀតហេតុដូចនេះហើយប្រទេសកម្ពុជាគឺជាតំបន់មួយដែលសមស្របក្នុងការដាំដុះផ្នែកកសិកម្ម។ខកគេចែកកសិករជាពីរប្រភេទគឺកសិករប្រមូលផលនិងកសិករទីផ្សារកសិករប្រមូលផលគឺជាកសិករដែលធ្វើដំណាំស្រាចំការដោយមើលថែដំណាំស៊ីឈ្នួលឬធ្វើដោយខ្លួនឯង។កសិករទីផ្សារគឺជាកសិករដែលនាំចេញទំនិញនៅទីផ្សារដើម្បីចែកចាយទៅតាមទីកន្លែងនេះហើយដែរតាមផ្ទះកសិកររួចប្រមូលផ្ដុំដើម្បីនាំចេញទៅទីផ្សារសេរី,15,8,2,0.5333333333333333,0.6377284991680554,3,10,1,2
250,តើប្រព័ន្ធផលិតកម្មកសិកម្មនៅប្រទេសកម្ពុជាមានអ្វីខ្លះ?,ប្រព័ន្ធផលិតកម្មកសិកម្មនៅកម្ពុជាមានដូចជាដំណាំដំណាំស្រូវនិងកៅស៊ូដឹកនាំផ្សេងៗទៀតការចិញ្ចឹមសត្វបានចិញ្ចឹមសត្វលើគោកការចិញ្ចឹមសត្វក្នុងទឹកការនេសាទការនេសាទទឹកសាបការនេសាទទឹកប្រៃ  ព្រៃឈើអនុផលព្រៃឈើរកឃ្មុំជ័រទឹកក្តៅសត្វព្រៃ,ប្រព័ន្ធផលិតកម្មកសិកម្មនៅប្រទេសកម្ពុជាមានដូចជាហើយបានក្លាយជាកសិកម្មសិទ្ធិឯកជនជាបន្តបន្ទាប់ -ដើម្បីឲ្យវិស័យឯកជនមានភាពការជឿជាក់និងភាពកក់ក្តៅរដ្ឋាភិបាលបានតម្រូវ -ធានាឲ្យមានសន្តិភាពស្ថេរភាពនយោបាយ -ច្បាប់និងសម្រាប់ធ្នាប់ -កំណើនម៉ាក្រូសេដ្ឋកិច្ច -គោលនយោបាយរូបិយវត្ថុ -ការកាត់បន្ថយអំពើពុករលួយ,15,2,1,0.1333333333333333,0.156432280429412,1,2,0,0
251,បុព្វហេតុអ្វីខ្លះដែលនាំឲ្យអាណាចក្រចេនឡាបែកបាក់ជាពីរគឺអាណាចក្រចេនឡាដីគោកនិងចេនឡាទឹកលិច?,បុព្វហេតុដែលនាំហើយអាណាចក្រចេនឡាបែកជាពីរគឺ -វិសាលភាពទឹកដីធំទូលាយ -ចម្បាំងអត់ឈប់ឈរ -សមន្ដរដ្ឋបះបោរចង់ផ្ដាច់ខ្លួន -វិបត្តិផ្ទៃក្នុង -ព្រះនាងជ័យទេវីគ្មានសមត្ថភាពគ្រប់គ្រង។,បុព្វហេតុដែលនាំហើយអាណាចក្រចេនឡាបែកជាពីរគឺ -វិសាលភាពទឹកដីធំទូលាយ -ចម្បាំងអត់ឈប់ឈរ -សមន្ដរដ្ឋបះបោរចង់ផ្ដាច់ខ្លួន -វិបត្តិផ្ទៃក្នុង -ព្រះនាងជ័យទេវីគ្មានសមត្ថភាពគ្រប់គ្រង។,7,7,4,1.0,0.9774278816832895,4,7,0,0
252,ហេតុអ្វីបានជាប្រទេសកម្ពុជាពឹងផ្អែកទៅលើវិស័យកសិកម្ម?,បានជាផ្នែកឯកជនជាកម្លាំងដ៏សំខាន់សម្រាប់កំណើនសេដ្ឋកិច្ចកម្ពុជាព្រោះ -កម្ពុជាបានអនុវត្តសេដ្ឋកិច្ចទីផ្សារសេរីដោយបានធ្វើកំណែទម្រង់ពីសហគ្រាសរដ្ឋឲ្យក្លាយទៅជាកម្មសិទ្ធិឯកជន -សេដ្ឋកិច្ចទីផ្សារសេរីនាំឲ្យអ្នករកស៊ីចូលចិត្តមករកស៊ីនិងដាក់វិនិយោគទុន -កាលណាភ្នែកឯកជនរឹងមាំអាចជួយបំពេញបន្ថែមលើវិនិយោគសាធារណៈក្នុងវិស័យសេដ្ឋកិច្ចគឺផ្នែកឯកជនអាចស្រូបយកកម្លាំងពលកម្មកើនឡើង។,បានជាផ្នែកឯកជនកម្លាំងដ៏សំខាន់សម្រាប់វិនិយោគនិងធ្វើឲ្យមានកំណើនសេដ្ឋកិច្ចក្នុងប្រទេសព្រោះកម្លាំងឯកជនអាចធ្វើការគ្រប់មុខមិនថាធ្ងន់ស្រាលដើម្បីធ្វើការរកលុយដើម្បីចិញ្ចឹមជីវិតគ្រួសារនិងសង្គមជាតិពេលដែលយើងមានការងារមានកម្លាំងដ៏អាចជួយដល់កំណើនសេដ្ឋកិច្ចក្នុងប្រទេសបានដែរ។,15,5,1,0.3333333333333333,0.31815443056752557,1,5,0,0
253,ហេតុអ្វីបានជាមនុស្សស្រូបយកខ្យល់ដែលមានកាបូនម៉ណូអុកស៊ីតអាចបង្កគ្រោះថ្នាក់ដល់ស្លាប់បាន?,បានជាមនុស្សស្រូបយកខ្យល់ដែលមានកាបូនម៉ូណូអុកស៊ីដអាចបង្កឲ្យមានគ្រោះថ្នាក់ដល់ស្លាប់ បានព្រោះកាបូនម៉ូណូអុកស៊ីដមានសមត្ថភាពចាប់យក ក្នុងឈាមបានខ្លាំងជាងអុកស៊ីសែន វារារាំងឈាមមិនឲ្យដឹកនាំអុកស៊ីសែនទៅចិញ្ចឹមសរីរាង្គជាពិសេសខួរក្បាលដែលបណ្តាលឲ្យ ស្លាប់និង សន្លប់ ។,បានជាមនុស្សស្រូបយកខ្យល់ដែលមានកាបូនម៉ូណូអុកស៊ីដអាចបង្កឲ្យមានគ្រោះថ្នាក់ដល់ស្លាប់ បានព្រោះកាបូនម៉ូណូអុកស៊ីដមានសមត្ថភាពចាប់យក ក្នុងឈាមបានខ្លាំងជាងអុកស៊ីសែន វារារាំងឈាមមិនឲ្យដឹកនាំអុកស៊ីសែនទៅចិញ្ចឹមសរីរាង្គជាពិសេសខួរក្បាលដែលបណ្តាលឲ្យ ស្លាប់និង សន្លប់ ។,5,4,3,0.8,0.8233145449565399,3,4,0,0
254,តើគេចែកយុគសម័យបុរេប្រវត្តិសាស្ត្រកម្ពុជាជាប៉ុន្មានយុគសម័យ?អ្វីខ្លះ?,គេចែកយុគសម័យបុរេប្រវត្តិសាស្ត្រកម្ពុជាជាបីយុគសម័យគឺ -យុគថ្មបំបែក (600000 - 12000 ឆ្នាំមុនគ.ស) -យុគថ្មរលីងឬសំលៀង (8000 - 2000 ឆ្នាំមុនគ.ស) -យុគលោហៈ(2000-100 ឆ្នាំមុនគ.ស)។,គេចែកយុគសម័យបុរេប្រវត្តិសាស្ត្រកម្ពុជាជាបីយុគសម័យគឺ -យុគថ្មបំបែក -យុគថ្មរលីងឬសំលៀង -យុគលោហៈ។,5,3,2,0.6,0.5679649521493316,2,3,0,0
255,ហេតុអ្វីបានជាប្រទេសកម្ពុជាពឹងផ្អែកទៅលើវិស័យកសិកម្ម?,បានជាផ្នែកឯកជនជាកម្លាំងដ៏សំខាន់សម្រាប់កំណើនសេដ្ឋកិច្ចកម្ពុជាព្រោះ -កម្ពុជាបានអនុវត្តសេដ្ឋកិច្ចទីផ្សារសេរីដោយបានធ្វើកំណែទម្រង់ពីសហគ្រាសរដ្ឋឲ្យក្លាយទៅជាកម្មសិទ្ធិឯកជន -សេដ្ឋកិច្ចទីផ្សារសេរីនាំឲ្យអ្នករកស៊ីចូលចិត្តមករកស៊ីនិងដាក់វិនិយោគទុន -កាលណាភ្នែកឯកជនរឹងមាំអាចជួយបំពេញបន្ថែមលើវិនិយោគសាធារណៈក្នុងវិស័យសេដ្ឋកិច្ចគឺផ្នែកឯកជនអាចស្រូបយកកម្លាំងពលកម្មកើនឡើង។,បានជាផ្នែកឯកជនជាកម្លាំងដ៏សំខាន់សម្រាប់ការវិនិយោគសេដ្ឋកិច្ចព្រោះ -អ្នកវិនិយោគអាចវិនិយោគប្រាក់ចំណូលដោយខ្លួនឯងបានដោយមិនមានការហាមឃាត់ពីរដ្ឋ -អ្នកវិនិយោគមានសិទ្ធិជាម្ចាស់ដោយខ្លួនឯងជាហេតុនេះធ្វើឲ្យអ្នកវិនិយោគហ៊ានដាក់ទុនច្រើន -អ្នកវិនិយោគបានជួយឲ្យប្រជាជនមានប្រាក់ចំណូលតាមរយៈជួលដីជាដើម -អ្នកវិនិយោគមានសិទ្ធិសម្រេចចិត្តក្នុងការដាក់ទុននិងដកទន់ដោយខ្លួនឯង -អ្នកវិនិយោគអាចជួយផ្សព្វផ្សាយពីសេដ្ឋកិច្ចក្នុងប្រទេស -អ្នកវិនិយោគងាកមកមើលប្រទេសដែលមានភាពឯកជនកត្តាហេតុនេះទើបធ្វើឲ្យសេដ្ឋកិច្ចមានភាពរីកចម្រើនច្រើននៅពេលដែលអ្នកវិនិយោគបានដាក់ទុនមកប្រទេស,15,8,2,0.5333333333333333,0.5643920158962061,2,8,0,0
256,បុព្វហេតុអ្វីខ្លះដែលនាំឲ្យអាណាចក្រចេនឡាបែកបាក់ជាពីរគឺអាណាចក្រចេនឡាដីគោកនិងចេនឡាទឹកលិច?,បុព្វហេតុដែលនាំហើយអាណាចក្រចេនឡាបែកជាពីរគឺ -វិសាលភាពទឹកដីធំទូលាយ -ចម្បាំងអត់ឈប់ឈរ -សមន្ដរដ្ឋបះបោរចង់ផ្ដាច់ខ្លួន -វិបត្តិផ្ទៃក្នុង -ព្រះនាងជ័យទេវីគ្មានសមត្ថភាពគ្រប់គ្រង។,បុព្វហេតុដែលនាំហើយអាណាចក្រចេនឡាបែកជាពីរគឺ -វិសាលភាពទឹកដីធំទូលាយ -ចម្បាំងអត់ឈប់ឈរ -សមន្ដរដ្ឋបះបោរចង់ផ្ដាច់ខ្លួន -វិបត្តិផ្ទៃក្នុង -ព្រះនាងជ័យទេវីគ្មានសមត្ថភាពគ្រប់គ្រង។,7,7,4,1.0,0.9774278816832895,4,7,0,0
257,តើព្រះបាទពញាយ៉ាតមានបុត្រប៉ុន្មានអង្គព្រះនាមអ្វីខ្លះ?ជាមួយអ្នកម្នាងណាខ្លះ?,ព្រះបាទពញាយ៉ាតមានបុត្របីអង្គគឺ នារាយណ៍រាជា ជាបុត្រជាមួយម្នាងទេវី ស្រីរាជាជាបុត្រជាមួយបុទុមកេសរ និងធម្មរាជាជាបុត្រជាមួយសុីសង៉ាម(បុត្រីស្ដេចសៀម)។,ព្រះបាទពញាយ៉ាតមានបុត្របីអង្គគឺ នារាយណ៍រាជា ជាបុត្រជាមួយម្នាងទេវី ស្រីរាជាជាបុត្រជាមួយបុទុមកេសរ និងធម្មរាជាជាបុត្រជាមួយសុីសង៉ាម(បុត្រីស្ដេចសៀម)។,5,5,4,1.0,0.9798475525860395,4,5,0,0
258,តើឧស្សាហកម្មមានតួនាទីដូចម្ដេចខ្លះចំពោះសេដ្ឋកិច្ចជាតិ?,ឧស្សាហកម្មមាន​តួនាទីចំពោះសេដ្ឋកិច្ចជាតិដូចជា ៖ ​ _ ជួយបង្កើតថវិការជាតិ ​ _ ជួយបង្កើតទិន្នផលជាតិ ​​ _ ជួយឲ្យសេដ្ឋកិច្ចជាតិរីកចម្រើន  _ ប្រជាជនសំបូរធូរធារ  _អភិវឌ្ឍគ្រប់វិស័យ  _ មានទំនាក់ទំនងល្អជាមួយអ្នកជិតខាង  _ មានភាពរុងរឿងនៅក្នុងប្រទេសជាតិ។,"ឧស្សាហកម្មមានតួនាទីចំពោះសេដ្ឋកិច្ចជាតិដូចជា -បានផ្តល់ចំណូលក្នុងសេដ្ឋកិច្ចជាតិ -ជួយផ្តល់ការងារសម្រាប់ប្រជាជន -ផ្គត់ផ្គង់ការនាំចេញទៅក្រៅប្រទេស -ផ្គត់ផ្គង់ក្នុងស្រុកបានគ្រប់គ្រាន់ -ជួយកាត់បន្ថយការនាំចូលពីបរទេស -ទាក់ទាញអ្នកវិនិយោគក្នុង និងក្រៅប្រទេស -ជួយដល់ជីវភាពគ្រួសារ -ជួយដោយផ្ទាល់ (ឧស្សាហកម្មកាត់ដេរ វាយនភណ្ឌ សហគ្រាសផលិតស្ករស ជលផល... ជាដើម) -ជួយដោយប្រយោល (ជួយកសិករដែលធ្វើកសិកម្មដូចជា ដាំកៅស៊ូ ដំឡូងមី ស្រូវ ផ្លែឈើ... ជាដើម)។""",15,15,4,1.0,0.9821962768408631,4,15,0,0
259,ហេតុអ្វីបានជាផ្នែកឯកជនជាកម្លាំងដ៏សំខាន់សម្រាប់វិនិយោគនិងធ្វើឲ្យមានកំណើនសេដ្ឋកិច្ចក្នុងប្រទេស?,បានជាផ្នែកឯកជនជាកម្លាំងដ៏សំខាន់សម្រាប់វិនិយោគនិងធ្វើឲ្យមានកំណើនសេដ្ឋកិច្ចក្នុងប្រទេស ព្រោះប្រទេសកម្ពុជាជាប្រទេសអភិវឌ្ឍន៍ សេដ្ឋកិច្ចទីផ្សារដោយបានធ្វើកំណែទម្រង់សហគ្រាសឧស្សាហកម្មឲ្យក្លាយទៅជាកម្មសិទ្ធិឯកជន ។ សេដ្ឋកិច្ចទីផ្សារសេរីនេះនាំឲ្យអ្នករកស៊ីបរទេសចូលចិត្តមកវិនិយោគ ហើយកាលណាផ្នែកឯកជនរឹងមាំមកវិនិយោគ ហើយកាលណាផ្នែកឯកជនមិនរឹងមាំអាចបំពេញបន្ថែមវិនិយោគនិងវិស័យសង្គមកិច្ចមានន័យថាវិស័យឯកជនស្រូបយកកម្លាំងការងារកាន់តែកើនឡើង។,បានជាផ្នែកឯកជនជាកម្លាំងដ៏សំខាន់សម្រាប់វិស័យវិនិយោគនិងធ្វើឲ្យមានកំណើនសេដ្ឋកិច្ចក្នុងប្រទេស៖  _ ប្រជាជនមានការខ្វះខាត  _ ទើបមានជនបរទេសមកជួយជ្រុំជ្រែង   _ មកជួយលើវិស័យវិនិយោគដល់សង្គម  _ មានការជំរុញដល់ផ្នែកសេដ្ឋកិច្ច  _ មានរដ្ឋជួយពីក្រោយ  _ មានការអភិវឌ្ឍគ្រប់វិស័យ។,15,6,2,0.4,0.33025960151610534,1,5,1,1
260,តើសេដ្ឋកិច្ចកម្ពុជាពឹងផ្អែកលើវិស័យអ្វីជាសំខាន់?     ក/ ហេតុអ្វីបានជាគេនិយាយថាកម្ពុជាជាប្រទេសកសិកម្ម?     ខ/ តើគេចែកកសិករជាប៉ុន្មានប្រភេទ?អ្វីខ្លះ?,សេដ្ឋកិច្ចកម្ពុជាពឹងផ្អែកលើវិស័យកសិកម្មជាសំខាន់។   ក/ បានជាគេនិយាយថាកម្ពុជាជាប្រទេសឧស្សាហកម្មព្រោះ៖  _  សណ្ឋានដី : ដីមានជីវជាតិល្អនិងសម្បូរទំនាបល្បាប់   _ ផ្លូវទឹក : ផ្លូវទឹកខ្វាត់ខ្វែងងាយស្រួលដល់ការដាំដុះ  _ ប្រជាជន : ប្រជាជនខ្មែរភាគច្រើនចូលចិត្តធ្វើកសិកម្ម  _ អាកាសធាតុ : ទទួលអាកាសធាតុក្តៅសើម  _ កសិកម្មផ្តល់ផល50%នៃផលិតផលជាតិសរុប។  ខ/ គេចែកកសិករទាំងនោះជា4ប្រភេទគឺ៖  _ កសិករធ្វើស្រែឬអ្នកស្រែ : និយមធ្វើស្រែ ស្រូវប្រាំង ស្រូវវស្សា ស្រូវឡើងទឹក  _ កសិករតំបន់ដីខ្ពស់ : គេដាំដំណាំជាអចិន្ត្រៃយ៍(ពោត ដំឡូង ចេក កៅស៊ូសណ្តែក)  _ កសិករធ្វើចម្ការដំណាំស្រូវ : គេដាំដំណាំតាមមាត់ទន្លេ ចិញ្ចឹមសត្វនិងនេសាទ  _ កសិករភូមិភាគឦសាន: គេធ្វើដំណាំព្រៃដុតមានដូចជាពោត ដំឡូង ស្រូវរុក្ខជាតិយកមើមដទៃទៀត និងបរបាញ់សត្វផងដែរ។,សេដ្ឋកិច្ចជាតិផ្អែកលើវិស័យកសិកម្មជាសំខាន់ព្រោះវិស័យនេះសំខាន់ដល់ជាតិដូចជា៖-ប្រទេសកម្ពុជាមានអាកាសធាតុ-អំណោយផលដល់វិស័យកសិកម្ម-ប្រទេសកម្ពុជាមានប្រព័ន្ធផ្លូវទឹកឲ្យគ្រប់គ្រង -ប្រទេសកម្ពុជាមានដីទំនេរច្រើនសម្រាប់ធ្វើ -កសិកម្មប្រជាជនភាគច្រើន ជាកសិករ -ប្រទេសកម្ពុជាមានដីសម្បូរជីវជាតិ -មានប្រព័ន្ធធារាសាស្ត្រ -ច្រើនមានអាកាសធាតុអំណោយផលសម្រាប់ការដាំដុះលូតលាស់នារដូវច្បាស់លាស់មានទឹកភ្លៀងគ្រប់គ្រាន់  -ប្រជាជនចូលចិត្តការងារដាំដុះ។,20,13,3,0.65,0.7177912595937599,3,14,0,1
261,តើការស្ថិតនៅក្រៅសារពាង្គកាយនៃពងស្វាសមានសារៈសំខាន់ដូចម្តេច?,ការស្ថិតនៅក្រោមសារពាង្គកាយនៃពងស្វាសមានសារៈសំខាន់ដូចជាដើម្បីរក្សាសីតុណ្ហភាពឲ្យ ទាបជាងសីតុណ្ហភាពក្នុងខ្លួន ប្រហែលពី(2-3)សីតុណ្ហភាពក្នុងខ្លួន37 ។,ការស្ថិតនៅក្រោមសារពាង្គកាយនៃពងស្វាសមានសារៈសំខាន់ក្នុងការផលិតអរម៉ូនភេទឈ្មោលនិង បង្កើតស្ពែម៉ាតូសូអ៊ីតរក្សាសីតុណ្ហភាពឲ្យទាបជាងសីតុណ្ហភាពក្នុងខ្លួន ប្រហែលពី(2-3) ។,10,6,2,0.6,0.6797863425073305,3,7,1,1
262,តើប្រព័ន្ធផលិតកម្មកសិកម្មនៅក្នុងប្រទេសកម្ពុជាមានអ្វីខ្លះ?ចូររៀបរាប់​ ។,ប្រព័ន្ធផលិតកម្មកសិកម្មនៅប្រទេសកម្ពុជាមាន៖    _ ដំណាំ : ដំណាំស្រូវ ដំណាំកៅស៊ូ ដំណាំផ្សេងៗទៀត    _ ការចិញ្ចឹមសត្វ : ការចិញ្ចឹមសត្វលើគោក ការចិញ្ចឹមសត្វក្នុងទឹក    _ ការនេសាទ : ការនេសាទទឹកសាប ការនេសាទទឹកប្រៃ  _ ព្រៃឈើ : ផលិតផលឈើ អនុផលព្រៃឈើ(រកឃ្មុំ ជ័រទឹក វល្លិ៍ ផ្តៅ) សត្វព្រៃ ។,ក្រុមហ៊ុនផលិតកម្មកសិកម្មនិងប្រទេសកម្ពុជាមាន ការនាំចេញនាំចូលផលិតផល ការធ្វើស្រែចម្ការដាំដំណាំស្រូវការដាំដុះបន្លែបង្គា ការនាំចេញផលិតផលទៅក្រៅប្រទេស ការធ្វើអាជីវកម្មក្នុងស្រុកនិងក្រៅស្រុក ការធ្វើអាជីវកម្មការធ្វើសេដ្ឋកិច្ចទីផ្សារដើម្បីឲ្យមាន បៀវត្សរ៍ខ្ពស់។,10,8,3,0.8,0.7133313991950888,3,7,0,1
263,តើកត្តាអ្វីខ្លះដែលធ្វើអោយសម័យអង្គររីកចម្រើនដល់កំពូល?​ ចូលរៀបរាប់។,កត្តាដែលធ្វើអោយសម័យអង្គររីកចម្រើនគឺ: កត្តាព្រះរាជា:ព្រះរាជាចាប់ពីព្រះបាទជ័យវរ្ម័នទី 2 រហូតដល់ព្រះបាទជ័យវរ្ម័នទី 7 សុទ្ធតែជាស្ដេចខ្លាំងពូកែ កត្តានយោបាយ: នយោបាយក្នុងប្រទេសបង្រួបបង្រួមជាតិកសាងនិងការពារទឹកដី នយោបាយក្រៅប្រទេស:ចងសម្ព័ន្ធមិត្តជាមួយប្រទេសធំៗវាយយករដ្ឋតូចដាក់ជាចំណុះ កត្តាសេដ្ឋកិច្ច:រីកចម្រើនលើវិស័យកសិកម្មសិប្បកម្មគណនាគម កត្តាសាសនា:ការឯកភាពគ្នារវាងសាសនាព្រាហ្មនិងព្រះពុទ្ធ កត្តាធនធានមនុស្សបន្សល់ទុកតាំងពីសម័យនគរភ្នំនិងចេនឡាមក។,កត្តាដែលធ្វើអោយសម័យអង្គររីកចម្រើនគឺ: កត្តាព្រះរាជា:ព្រះរាជាចាប់ពីព្រះបាទជ័យវរ្ម័នទី 2 រហូតដល់ព្រះបាទជ័យវរ្ម័នទី 7 សុទ្ធសឹងតែជាស្ដេចខ្លាំងពូកែ កត្តានយោបាយ: នយោបាយក្នុងប្រទេសបង្រួបបង្រួមជាតិកសាងនិងការពារទឹកដី នយោបាយក្រៅប្រទេស:ចងសម្ព័ន្ធមិត្តជាមួយប្រទេសធំៗវាយយករដ្ឋតូចដាក់ជាចំណុះ កត្តាសេដ្ឋកិច្ច:រីកចម្រើនលើវិស័យកសិកម្មសិប្បកម្មគណនាគមន៍ កត្តាសាសនា:ការឯកភាពគ្នារវាងសាសនាព្រាហ្មនិងព្រះពុទ្ធ កត្តាធនធាន:មនុស្សបន្សល់ទុកតាំងពីសម័យនគរភ្នំនិងចេនឡាមក។,10,10,4,1.0,0.971431158487333,4,10,0,0
264,តើប្រព័ន្ធផលិតកម្មកសិកម្មនៅក្នុងប្រទេសកម្ពុជាមានអ្វីខ្លះ?ចូររៀបរាប់​ ។,ប្រព័ន្ធផលិតកម្មកសិកម្មនៅប្រទេសកម្ពុជាមាន៖    _ ដំណាំ : ដំណាំស្រូវ ដំណាំកៅស៊ូ ដំណាំផ្សេងៗទៀត    _ ការចិញ្ចឹមសត្វ : ការចិញ្ចឹមសត្វលើគោក ការចិញ្ចឹមសត្វក្នុងទឹក    _ ការនេសាទ : ការនេសាទទឹកសាប ការនេសាទទឹកប្រៃ  _ ព្រៃឈើ : ផលិតផលឈើ អនុផលព្រៃឈើ(រកឃ្មុំ ជ័រទឹក វល្លិ៍ ផ្តៅ) សត្វព្រៃ ។,ប្រព័ន្ធផលិតកម្មកសិកម្មនៅប្រទេសកម្ពុជាមានដូចជា៖  _ វិស័យឧស្សាហកម្ម  _ វិស័យកសិកម្ម  _ វិស័យពាណិជ្ជកម្ម  _ វិស័យទេសចរណ៍  _ វិស័យគមនាគម៏។,10,2,1,0.2,0.18601389872261057,1,2,0,0
265,សេដ្ឋកិច្ចកម្ពុជាពឹងផ្អែកលើវិស័យកសិកម្មជាសំខាន់៖ ​ក.​ ហេតុអ្វីបានជាគេនិយាយថាកម្ពុជាជាប្រទេសកសិកម្ម? ខ. តើគេចែកកសិករទាំងនោះជាប៉ុន្មានប្រភេទ?,សេដ្ឋកិច្ចកម្ពុជាបានផ្អែកលើវិស័យកសិកម្មជាសំខាន់៖ ក​. បានជាគេនិយាយថាប្រទេសកម្ពុជាជាប្រទេសកសិកម្មដោយសារ -ផ្ទៃដីនៅប្រទេសកម្ពុជាប្រហែល៩០ភាគរយសិតតែដំណាំស្រូវ -ប្រជាជនកកម្ពុជា ៧០.៣ភាគរយធ្វើកសិកម្ម -កសិកម្មជួយឲ្យប្រជាជនកម្ពុជាមានការងារធ្វើ -ប្រជាជននិយមធ្វើកសិកម្ម -ដីនៅកម្ពុជាប្រកបជាមួយកាធ្វើកសិកម្ម -កម្ពុជាមានអាកាសធាតុសមស្របសម្រាប់ធ្វើកសិកម្ម ខ. គេចែកកសិកម្មទាំងនោះជាពីរប្រភេទ៖ +កសិករខ្នាតតូច -ធ្វើកសិកម្មដើម្បីជីវិត -ធ្វើលក្ខណៈតិចតួច ទុកតែបរិភោគសម្រាប់គ្រួសារ -មិនលក់ឲ្យអ្នកណា +កសិករខ្នាតធំ -ធ្វើកសិកម្មច្រើនហើយទុកសម្រាប់លក់ឬនាំចេញទៅក្រៅប្រទេស -ធ្វើមួយឆ្នាំអាចទៅពីរលើក -ធ្វើលក្ខណៈច្រើន ដើម្បីលក់និងនាំចេញ។,សេដ្ឋកិច្ចកម្ពុជាបានផ្អែកលើវិស័យកសិកម្មជាសំខាន់ដូចជា៖ -វិស័យកសិកម្ម -ការនេសាទ -ការដាំដុះ -ការធ្វើស្រែ -ការធ្វើជីធម្មជាតិ។ ក. បានជាគេនិយាយថាកម្ពុជាជាប្រទេសកសិកម្មព្រោះ ខ. គេចែកកសិកម្មទាំងនោះជា២ប្រភេទគឺ៖ -កសិកម្ម -ការនេសាទ។,15,2,1,0.1333333333333333,0.295743220471375,1,4,0,2
266,តើសេដ្ឋកិច្ចកម្ពុជាពឹងផ្អែកលើវិស័យអ្វីជាសំខាន់?     ក/ ហេតុអ្វីបានជាគេនិយាយថាកម្ពុជាជាប្រទេសកសិកម្ម?     ខ/ តើគេចែកកសិករជាប៉ុន្មានប្រភេទ?អ្វីខ្លះ?,សេដ្ឋកិច្ចកម្ពុជាពឹងផ្អែកលើវិស័យកសិកម្មជាសំខាន់។   ក/ បានជាគេនិយាយថាកម្ពុជាជាប្រទេសឧស្សាហកម្មព្រោះ៖  _  សណ្ឋានដី : ដីមានជីវជាតិល្អនិងសម្បូរទំនាបល្បាប់   _ ផ្លូវទឹក : ផ្លូវទឹកខ្វាត់ខ្វែងងាយស្រួលដល់ការដាំដុះ  _ ប្រជាជន : ប្រជាជនខ្មែរភាគច្រើនចូលចិត្តធ្វើកសិកម្ម  _ អាកាសធាតុ : ទទួលអាកាសធាតុក្តៅសើម  _ កសិកម្មផ្តល់ផល50%នៃផលិតផលជាតិសរុប។  ខ/ គេចែកកសិករទាំងនោះជា4ប្រភេទគឺ៖  _ កសិករធ្វើស្រែឬអ្នកស្រែ : និយមធ្វើស្រែ ស្រូវប្រាំង ស្រូវវស្សា ស្រូវឡើងទឹក  _ កសិករតំបន់ដីខ្ពស់ : គេដាំដំណាំជាអចិន្ត្រៃយ៍(ពោត ដំឡូង ចេក កៅស៊ូសណ្តែក)  _ កសិករធ្វើចម្ការដំណាំស្រូវ : គេដាំដំណាំតាមមាត់ទន្លេ ចិញ្ចឹមសត្វនិងនេសាទ  _ កសិករភូមិភាគឦសាន: គេធ្វើដំណាំព្រៃដុតមានដូចជាពោត ដំឡូង ស្រូវរុក្ខជាតិយកមើមដទៃទៀត និងបរបាញ់សត្វផងដែរ។,សេដ្ឋកិច្ចកម្ពុជាពឹងផ្អែកលើវិស័យកសិកម្មសំខាន់ៗចំនួន ៥ រួមមាន៖  • វិស័យឧស្សាហកម្ម  • វិស័យកសិកម្ម  • វិស័យពាណិជ្ជកម្ម  • វិស័យទេសចរណ៍  • វិស័យអប់រំរដ្ឋបាល ។ ក. បានជាគេនិយាយថា កម្ពុជាជាប្រទេសកសិកម្មព្រោះ៖  • ប្រទេសកម្ពុជាមានផ្ទៃដីដាំដុះធ្វើកសិកម្ម  • ប្រជាជនភាគច្រើនជាកសិករ  • ប្រទេសកម្ពុជាសំបូរដីមានជីជាតិសម្រាប់ធ្វើកសិកម្ម រួមមានដីល្បាប់ និងដីកសិកម្ម  • ការចិញ្ចឹមសត្វ និងការនេសាទ  • មានធនធានទឹកសាប  • និងមានដីទំនាប និងខ្ពង់រាបសម្រាប់ឱ្យប្រជាជនធ្វើកសិកម្ម ។ ខ. ភូមិភាគកសិកម្មទាំង ៤ រួមមាន៖  • កសិកម្មភូមិភាគជុំវិញបឹងទន្លេសាប៖ ធ្វើកសិកម្មរកប្រាក់ចំណូល និងចិញ្ចឹមសត្វ និងនេសាទព្រមទាំងមានផ្ទៃដីធំទូលាយ ទឹកសំបូរ ភាគច្រើនគេដាំស្រូវនៅតំបន់ទំនាប។  • កសិកម្មនៅតំបន់ខ្ពង់រាប៖ ជាប្រភេទដីដែលស្ថិតនៅតាមតំបន់ភ្នំ ខ្ពង់រាបសម្រាប់ដាំដំណាំកៅស៊ូ ហើយប្រជាជនមានវិសាលភាពប្រាក់ចំណូលក្នុងតំបន់ទំនាបដែរ។  • កសិកម្មភូមិភាគមាត់សមុទ្រ៖ ជាប្រភពដាំដុះរបស់ប្រជាជនកសិករ  • កសិកម្មភូមិភាគកណ្តាល៖ ជាកសិករ,20,15,3,0.75,0.7967352741016726,3,16,0,1
267,តើកត្តាអ្វីខ្លះដែលធ្វើអោយសម័យអង្គររីកចម្រើនដល់កំពូល?​ ចូលរៀបរាប់។,កត្តាដែលធ្វើអោយសម័យអង្គររីកចម្រើនគឺ: កត្តាព្រះរាជា:ព្រះរាជាចាប់ពីព្រះបាទជ័យវរ្ម័នទី 2 រហូតដល់ព្រះបាទជ័យវរ្ម័នទី 7 សុទ្ធតែជាស្ដេចខ្លាំងពូកែ កត្តានយោបាយ: នយោបាយក្នុងប្រទេសបង្រួបបង្រួមជាតិកសាងនិងការពារទឹកដី នយោបាយក្រៅប្រទេស:ចងសម្ព័ន្ធមិត្តជាមួយប្រទេសធំៗវាយយករដ្ឋតូចដាក់ជាចំណុះ កត្តាសេដ្ឋកិច្ច:រីកចម្រើនលើវិស័យកសិកម្មសិប្បកម្មគណនាគម កត្តាសាសនា:ការឯកភាពគ្នារវាងសាសនាព្រាហ្មនិងព្រះពុទ្ធ កត្តាធនធានមនុស្សបន្សល់ទុកតាំងពីសម័យនគរភ្នំនិងចេនឡាមក។,កត្តាដែលធ្វើអោយសម័យអង្គររីកចម្រើនគឺ: កត្តាព្រះរាជា:ព្រះរាជាចាប់ពីព្រះបាទជ័យវរ្ម័នទី 2 រហូតដល់ព្រះបាទជ័យវរ្ម័នទី 7 សុទ្ធសឹងតែជាស្ដេចខ្លាំងពូកែ កត្តានយោបាយ: នយោបាយក្នុងប្រទេសបង្រួបបង្រួមជាតិកសាងនិងការពារទឹកដី នយោបាយក្រៅប្រទេស:ចងសម្ព័ន្ធមិត្តជាមួយប្រទេសធំៗវាយយករដ្ឋតូចដាក់ជាចំណុះ កត្តាសាសនា:ការឯកភាពគ្នារវាងសាសនាព្រាហ្មនិងព្រះពុទ្ធ កត្តាមនុស្ស:មនុស្សបន្សល់ទុកតាំងពីសម័យនគរភ្នំនិងចេនឡាមក។,10,9,4,0.9,0.8834200961621694,4,9,0,0
268,ចូរនិយាយពីកំណកាម៉ែតញី។,ការស្ថិតនៅក្រោមសារពាង្គកាយនៃពងស្វាសមានសារៈសំខាន់ដូចជាដើម្បីរក្សាសីតុណ្ហភាពឲ្យ ទាបជាងសីតុណ្ហភាពក្នុងខ្លួន ប្រហែលពី(2-3)សីតុណ្ហភាពក្នុងខ្លួន37 ។,កំណកាម៉ែនញី ដំបូងកោសិកាពូជមួយរកចម្ងាយពីរដងទម្លាប់គ្នាបានកោសិកាអូវ៉ូកូនី4 ។ អូវុលរីកមាឌក្លាយជាអូវូស៊ីត1 ។អូវ៉ូស៊ីតមួយរងចំណែកមួយនៃមេយ៉ូសហើយត្រូវបានជាប់គាំងនៅចុង វគ្គមួយ ។,10,4,2,0.4,0.406035770848476,1,4,1,0
269,ហេតុអ្វីបានជាមនុស្សស្រូបយកខ្យល់ដែលមានកាបូនម៉ណូអុកស៊ីតអាចបង្កគ្រោះថ្នាក់ដល់ស្លាប់បាន?,បានជាមនុស្សស្រូបយកខ្យល់ដែលមានកាបូនម៉ូណូអុកស៊ីដអាចបង្កឲ្យមានគ្រោះថ្នាក់ដល់ស្លាប់ បានព្រោះកាបូនម៉ូណូអុកស៊ីដមានសមត្ថភាពចាប់យក ក្នុងឈាមបានខ្លាំងជាងអុកស៊ីសែន វារារាំងឈាមមិនឲ្យដឹកនាំអុកស៊ីសែនទៅចិញ្ចឹមសរីរាង្គជាពិសេសខួរក្បាលដែលបណ្តាលឲ្យ ស្លាប់និង សន្លប់ ។,បានជាមនុស្សស្រូបយកខ្យល់ដែលមានកាបូនម៉ូណូអុកស៊ីដអាចបង្កឲ្យមានគ្រោះថ្នាក់ដល់ស្លាប់ បានព្រោះកាបូនម៉ូណូអុកស៊ីដមានសមត្ថភាពចាប់យក ក្នុងឈាមបានខ្លាំងជាងអុកស៊ីសែន វារារាំងឈាមមិនឲ្យដឹកនាំអុកស៊ីសែនទៅចិញ្ចឹមសរីរាង្គជាពិសេសខួរក្បាលដែលបណ្តាលឲ្យ ស្លាប់និង សន្លប់ ។,5,5,4,1.0,0.8233145449565399,3,4,1,1
270,តើឧស្សាហកម្មមានតួនាទីចំពោះសេដ្ឋកិច្ចជាតិយ៉ាងដូចម្ដេច?,ឧស្សាហកម្មមានតួនាទីសម្រាប់សេដ្ឋកិច្ចជាតិដូចជា -ជួយបង្កើតប្រាក់ចំណូលចូលជាតិ -បង្កើតការងារដល់ប្រជាជន -បង្កើតប្រាក់ចំណូលចូលក្នុងគ្រួសារ -ប្រជាជនមានជីវភាពធូរធារ -ជួយរក្សាជញ្ជីងពាណិជ្ជកម្ម -ជួយបង្កើតទិន្នផលសម្រាប់ការនាំចេញនាំចូល -បង្កើននូវសង្ឃភារៈសម្រាប់ប្រើប្រាស់។,ឧស្សាហកម្មមានតួនាទីចំពោះសេដ្ឋកិច្ចជាតិដូចជា៖ -បង្កើនប្រាក់ចំណូលចូលចិត្ត -សេដ្ឋកិច្ចជាតិមានប្រាក់ចំណូលចូលអាចផ្គត់ផ្គង់ជីវភាណបាន -អាចលក់ចេញ និងអភិវឌ្ឍន៍សេដ្ឋកិច្ចឲ្យកាន់តែខ្លាំង -ទិន្នផលកាន់តែកើនឡើងជាលំដាប់ -ផ្គត់ផ្គង់សេដ្ឋកិច្ច -បានរក្សាកម្មសិទ្ធឯកជន -ផលិតសម្ភារៈនិងរបស់របរផ្សេងទៀត -បង្កើនផលិតផល -ធ្វើឲ្យសេដ្ឋកិច្ចកាន់តែល្អប្រសើរលើវិស័យឧស្សាហកម្ម។,15,15,4,1.0,0.9718293624214656,4,15,0,0
271,តើកត្តាអ្វីខ្លះដែលធ្វើអោយសម័យអង្គររីកចម្រើនដល់កំពូល?​ ចូលរៀបរាប់។,កត្តាដែលធ្វើអោយសម័យអង្គររីកចម្រើនគឺ: កត្តាព្រះរាជា:ព្រះរាជាចាប់ពីព្រះបាទជ័យវរ្ម័នទី 2 រហូតដល់ព្រះបាទជ័យវរ្ម័នទី 7 សុទ្ធតែជាស្ដេចខ្លាំងពូកែ កត្តានយោបាយ: នយោបាយក្នុងប្រទេសបង្រួបបង្រួមជាតិកសាងនិងការពារទឹកដី នយោបាយក្រៅប្រទេស:ចងសម្ព័ន្ធមិត្តជាមួយប្រទេសធំៗវាយយករដ្ឋតូចដាក់ជាចំណុះ កត្តាសេដ្ឋកិច្ច:រីកចម្រើនលើវិស័យកសិកម្មសិប្បកម្មគណនាគម កត្តាសាសនា:ការឯកភាពគ្នារវាងសាសនាព្រាហ្មនិងព្រះពុទ្ធ កត្តាធនធានមនុស្សបន្សល់ទុកតាំងពីសម័យនគរភ្នំនិងចេនឡាមក។,កត្តាដែលធ្វើអោយសម័យអង្គររីកចម្រើនគឺ: .កត្តាព្រះរាជា:ព្រះរាជាចាប់ពីព្រះបាទជ័យវរ្ម័នទី 2 រហូតដល់ព្រះបាទជ័យវរ្ម័នទី 7 សុទ្ធសឹងតែជាស្ដេចខ្លាំងពូកែ .កត្តាសេដ្ឋកិច្ច: +នយោបាយក្នុងប្រទេស:បង្រួបបង្រួម​ កសាង និងការពារ។ +នយោបាយក្រៅប្រទេស:ចងសម្ព័ន្ធមិត្តជាមួយប្រទេសធំៗដូចជាចិននិងឥណ្ឌា និងវាយយករដ្ឋតូចដាក់ជាចំណុះ .កត្តាប្រទេសជាតិ:មានការរីកចម្រើនខ្លាំងខ្លា .កត្តាធនធានមនុស្សបន្សល់ទុកតាំងពីសម័យនគរភ្នំនិងចេនឡាមក។,10,9,4,0.9,0.899707400672896,4,9,0,0
272,តើប្រព័ន្ធផលិតកម្មកសិកម្មនៅក្នុងប្រទេសកម្ពុជាមានអ្វីខ្លះ?ចូររៀបរាប់​ ។,ប្រព័ន្ធផលិតកម្មកសិកម្មនៅប្រទេសកម្ពុជាមាន៖    _ ដំណាំ : ដំណាំស្រូវ ដំណាំកៅស៊ូ ដំណាំផ្សេងៗទៀត    _ ការចិញ្ចឹមសត្វ : ការចិញ្ចឹមសត្វលើគោក ការចិញ្ចឹមសត្វក្នុងទឹក    _ ការនេសាទ : ការនេសាទទឹកសាប ការនេសាទទឹកប្រៃ  _ ព្រៃឈើ : ផលិតផលឈើ អនុផលព្រៃឈើ(រកឃ្មុំ ជ័រទឹក វល្លិ៍ ផ្តៅ) សត្វព្រៃ ។,ប្រព័ន្ធផលិតកម្មកសិកម្មនៅកម្ពុជាមានដូចជា ៖ _ ប្រព័ន្ធឧស្សាហកម្ម _ ប្រព័ន្ធពាណិជ្ជកម្ម _ ប្រព័ន្ធនាំចេញ និងនាំចូល _ ប្រព័ន្ធដឹកជញ្ជូន _ ប្រព័ន្ធផលិតកម្មក្រៅប្រទេស _ ប្រព័ន្ធផលិតកម្មក្នុងស្រុក _ ប្រព័ន្ធផលិតលក់ និងទំនិញ ។,10,2,1,0.2,0.17704101255890808,1,2,0,0
273,ចូររៀបរាប់ពីទំនាក់ទំនងរវាងការដាំដុះ​ អាជីវកម្មព្រៃឈើ និងការនេសាទ។,ទំនាក់ទំនងរវាងការដាំដុះ អាជីវកម្មព្រៃឈើ និងការនេសាទមានដូចជា៖ -ការដាំដុះដោយប្រើជីធម្មជាតិ -ការប្រើប្រាស់ជីគីមី -ដាំដុះនិងធ្វើតាមរដូវ -អាជីវកម្មព្រៃឈើ -ការកាប់បំផ្លាញព្រៃឈើ -ការដុតព្រៃឈើ -ការកាប់ឈើយកទៅធ្វើអាជីវកម្ម +ការនេសាទ -ការនេសាទត្រីពេលត្រីពក -ការនេសាទដោយប្រើអគ្គិសនី -ការនេសាទហួសកម្រិត -ការនេសាទគឺជាមុខរបរប្រចាំថ្ងៃាបស់ប្រជាជន -នឹងជាអាហារប្រចាំថ្ងៃរបស់ប្រជាជន -ការនេសាទធ្វើប្រជាជនមានមុខរបររកស៊ីត្រឹមត្រូវ -ការនេសាទប្រើប្រាស់ឧបករណ៍នេសាទខុសច្បាប់ -ការបំផ្លាញជំរកត្រី -ការបកហូរទឹកចេញពី,រៀបរាប់ពីទំនាក់ទំនងនៃការដាំដុះ អាជីវកម្មព្រៃឈើ និងការនេសាទ៖ -ការដាំដុះព្រៃឈើជាភោគទ្រព្យយ៉ាងសំខាន់សម្រាប់ប្រជាជនកម្ពុជាក្នុងការទ្រទ្រង់ជីវិត និងជីវភាពរស់នៅនិងការអភិវឌ្ឍន៍ផ្លូវជាតិ -ដើម្បីបំពេញតម្រូវការផលិកម្មនិងតម្រូវការផ្សេងៗទៀត ព្រៃឈើ ធ្វើអាជីវកម្ម ធ្វើផ្ទះ អាកាសធាតុប្រែប្រួល បាត់បង់ជីវិតសត្វកម្រសត្វ ព្រៃ បាត់បង់ឧស្ម័នធម្មជាតិ -ទិន្នផលនៃប្រព័ន្ធផលិតកសិកម្មនាំឲ្យមានកំណើននៃការប្រើប្រាស់គីមីសម្លាប់សត្វល្អិត។​ ថ្នាំសម្លាប់សត្វល្អិត គីមីបានហូរនៅផ្ដុំទឹកបំផ្លាញ មច្ឆាជាតិ។,15,15,4,1.0,0.8067432518619637,3,12,1,3
274,តើអ្វីជាសង្គ្រាមត្រជាក់? តើសង្គ្រាមត្រជាក់ផ្ដល់ផលវិបាកអ្វីខ្លះដល់កម្ពុជា?,សង្គ្រាមត្រជាក់ជាការប្រឈមមុខដាក់គ្នាដោយប្រយោលរវាងសហរដ្ឋអាមេរិចនិងសហភាពសូវៀត ដោយធ្វើការប្រណាំងប្រជែងគ្នាលើផ្នែក  សេដ្ឋកិច សព្វាវុធ យោធា និងបច្ចេកទេស។ សង្រ្គាមត្រជាក់បានផ្ដល់ផលវិបាកកម្ពុជាដូចជា៖ -គ្រាប់បែករបស់សហរដ្ឋអាមេរិក 1669 ដល់ 1973  -សង្គ្រាមស៊ីវិលក្នុងប្រទេសពីឆ្នាំ 1970 ដល់ 1975 និងកើតមានម្តងទៀតពីឆ្នាំ 1979 ដល់ឆ្នាំ 1991 ដែលកើតចេញពីការប្រឆាំងគ្នារវាងក្រុមកុម្មុយនិស្តនិងសេរីនិយម -ការសម្លាប់ប្រជាជនឯងក្រោមរបស់ប្រល័យពូជសាសន៍ឆ្នាំ 1975 និងឆ្នាំ 1979  -ការផ្លាស់ប្ដូរនយោបាយជាញឹកញាប់រហូតមានការមានកិច្ចព្រមព្រៀងសន្តិភាពក្រុងប៉ារីសថ្ងៃទី 23 តុលាឆ្នាំ 1991។,សង្គ្រាមត្រជាក់គឺជាការប្រឈមមុខដាក់គ្នាដោយប្រយោលរវាងប្លុកលោកខាងលិចដែលប្រកាន់យលលទ្ធិសេរីនិយមដឹកនាំដោយសាហរដ្ឋអាមេរិក ដែលខាងកើតប្រកាន់យកលទ្ធិគុម្មុយនីសដឹកនាំដោយសហភាពសូវៀត។ការប្រឈមមុខគ្នារវាងប្លុកទាំងពីរនេះបង្កើតមានក្នុងវិស័យមនោគមន៍វិជ្ជា នយោបាយ  សេដ្ឋកិច្ច ពាណិជ្ជកម្ម និងទំនាក់ទំនងអន្តរជាតិ។ ផលវិបាកមានដូច៖ -មានវិនាសកម្មការទម្លាក់គ្រាប់បែករបស់សហរដ្ឋអាមេរិក 1969 ដល់ 1973  -វិបត្តិនយោបាយពីឆ្នាំ 1970 ដល់ឆ្នាំ 1975 និងកើតម្ដងទៀតពីឆ្នាំ 1975 ដល់ 1980 ដែលកើតចេញពីការប្រឆាំងគ្នារវាងក្រុមគម្មុយនីសនឹងសេរីនិយម -ការផ្លាស់ប្ដូរនយោបាយញឹកញាប់រហូតដល់មានកិច្ចព្រមព្រៀងសន្តិភាពទីក្រុងប៉ារីស 23 តុលាឆ្នាំ 1991 -សង្គមកម្ពុជាក្លាយជាអនាធីបតី បាត់បង់ស្ថីរភាពនយោបាយ អសន្តិសុខសណ្ដាប់ធ្នាប់ -មានការបែងចែកអំណាចរដ្ឋាភិបាលជាតិពីរ។,10,9,4,0.9,0.9041260982132755,4,9,0,0
275,ហេតុអ្វីបានជាផ្នែកឯកជនជាកម្លាំងដ៏សំខាន់សម្រាប់វិនិយោគនិងធ្វើឲ្យមានកំណើនសេដ្ឋកិច្ចក្នុងប្រទេស?,បានជាផ្នែកឯកជនជាកម្លាំងដ៏សំខាន់សម្រាប់វិនិយោគនិងធ្វើឲ្យមានកំណើនសេដ្ឋកិច្ចក្នុងប្រទេស ព្រោះប្រទេសកម្ពុជាជាប្រទេសអភិវឌ្ឍន៍ សេដ្ឋកិច្ចទីផ្សារដោយបានធ្វើកំណែទម្រង់សហគ្រាសឧស្សាហកម្មឲ្យក្លាយទៅជាកម្មសិទ្ធិឯកជន ។ សេដ្ឋកិច្ចទីផ្សារសេរីនេះនាំឲ្យអ្នករកស៊ីបរទេសចូលចិត្តមកវិនិយោគ ហើយកាលណាផ្នែកឯកជនរឹងមាំមកវិនិយោគ ហើយកាលណាផ្នែកឯកជនមិនរឹងមាំអាចបំពេញបន្ថែមវិនិយោគនិងវិស័យសង្គមកិច្ចមានន័យថាវិស័យឯកជនស្រូបយកកម្លាំងការងារកាន់តែកើនឡើង។,ព្រោះវិស័យឯកជនជាក្បាលម៉ាស៊ីនសំខាន់សម្រាប់វិនិយោគនិងធ្វើឱ្យមានកំណើនសេដ្ឋកិច្ចក្នុងប្រទេសព្រោះ៖  • ប្រទេសកម្ពុជាតាំងពីផ្អែកសេដ្ឋកិច្ចទីផ្សារសេរីតាំងពីឆ្នាំ ១៩៩៣ និងផ្ដល់សហគ្រាសឱ្យឯកជនធ្វើសកម្មភាព,15,15,4,1.0,0.9240737359088985,4,14,0,1
276,តើការស្ថិតនៅក្រៅសារពាង្គកាយនៃពងស្វាសមានសារៈសំខាន់ដូចម្តេច?,ការស្ថិតនៅក្រោមសារពាង្គកាយនៃពងស្វាសមានសារៈសំខាន់ដូចជាដើម្បីរក្សាសីតុណ្ហភាពឲ្យ ទាបជាងសីតុណ្ហភាពក្នុងខ្លួន ប្រហែលពី(2-3)សីតុណ្ហភាពក្នុងខ្លួន37 ។,ការស្ថិតនៅក្រោមសារពាង្គកាយនៃពងស្វាសមានសារៈសំខាន់ក្នុងការផលិតអរម៉ូនភេទឈ្មោលនិង បង្កើតស្ពែម៉ាតូសូអ៊ីត ។,10,3,1,0.3,0.23129128515202507,1,2,0,1
277,តើអ្វីជាសង្គ្រាមត្រជាក់? តើសង្គ្រាមត្រជាក់ផ្ដល់ផលវិបាកអ្វីខ្លះដល់កម្ពុជា?,សង្គ្រាមត្រជាក់គឺជាការប្រកួតប្រជែងផ្នែកមនោគមវិទ្យារវាងសេដ្ឋកិច្ចនយោធានិងបច្ចេកវិទ្យា។សង្គ្រាមមជ្ឈមណ្ឌលផលវិបាកដល់កម្ពុជាដូចជា -ការអនុវត្តនយោបាយវិទ្យាក្រឹត្យរបស់សម្ដេចនរោត្តមសីហនុមិនចោទទិសដៅ -ប្រទេសកម្ពុជាធ្លាក់ក្នុងសង្គ្រាមស៊ីវល -ខ្មែរក្រហមឡើងកាន់អំណាច -ប្រទេសកម្ពុជាមានភាពអាណាធិបតេយ្យ -សេដ្ឋកិច្ចកម្ពុជាធ្លាក់ចុះ -ប្រទេសកម្ពុជារស់នៅដែលភាពភ័យខ្លាច -រោងចក្រឧស្សាហកម្មបិទទ្វារ -បែកបាក់សាមគ្គីផ្ទៃក្នុង,សង្គ្រាមត្រជាក់គឺជាការប្រកួតប្រជែងផ្នែកមនោគមន៍វិទ្យារវាងប្លុកកុម្មុយនីសនិងប្លុកសេរីដែលប្រកួតប្រជែងផ្នែកនយោបាយសេដ្ឋកិច្ច,10,2,1,0.2,0.3026930604710118,1,3,0,1
278,ចូរនិយាយពីកំណកាម៉ែតញី។,ការស្ថិតនៅក្រោមសារពាង្គកាយនៃពងស្វាសមានសារៈសំខាន់ដូចជាដើម្បីរក្សាសីតុណ្ហភាពឲ្យ ទាបជាងសីតុណ្ហភាពក្នុងខ្លួន ប្រហែលពី(2-3)សីតុណ្ហភាពក្នុងខ្លួន37 ។,កំណកាម៉ែតញីដំបូងកោសិកាពូជមួយរួមចំណែកពីរដងបន្តបន្ទាប់គ្នា បានកោសិកាអូវ៉ូកូរី4 ។ អូវ៉ូកូរីនីមួយៗរីកមាឌអាចជាអូវ៉ូស៊ីត1 ។អូវ៉ូស៊ីតមួយរងចំណែកមួយនៃមេយោធាហើយត្រូវបាន ឈប់គាំងនៅវគ្គប្រផ្ដាស1 ។,10,5,2,0.5,0.3587993359228663,1,4,1,1
279,តើអាណាចក្រភ្នំមានព្រំប្រទល់ជាប់ប្រទេសណាខ្លះ?,អាណាចក្រភ្នំមានព្រំប្រទល់ជាប់ប្រទេសដូចជា -ខាងជើងជាប់ចិន -ខាងត្បូងជាឈូងសមុទ្រខ្មែរ -ខាងកើតជាប់រដ្ឋចម្ប៉ា -ខាងលិចជាប់រដ្ធមនឬភូមា។,អាណាចក្រភ្នំមានព្រំប្រទល់ខាងជើងជាប់នឹងប្រទេសចិន(រដ្ឋណានឆាវនិងតុងតឹង)ខាងកើតជាប់រដ្ឋចម្ប៉ា(ឈូងសមុទ្រចិន)និងខាងត្បូងជាប់និងឈូងសមុទ្រខ្មែរ(នគរភ្នំ)និងខាងលិចជាប់រដ្ឋមនឬភូមា។,6,6,4,1.0,0.9923679505896534,4,6,0,0
280,ចូរនិយាយពីកំណកាម៉ែតញី។,ការស្ថិតនៅក្រោមសារពាង្គកាយនៃពងស្វាសមានសារៈសំខាន់ដូចជាដើម្បីរក្សាសីតុណ្ហភាពឲ្យ ទាបជាងសីតុណ្ហភាពក្នុងខ្លួន ប្រហែលពី(2-3)សីតុណ្ហភាពក្នុងខ្លួន37 ។,កំណកាម៉ែតញីដំបូងកោសិកាពូជមួយរួមចំណែកពីរដងបន្តបន្ទាប់គ្នា បានកោសិកាអូវ៉ូកូរី4 ។ អូវ៉ូកូរីនីមួយៗរីកមាឌអាចជាអូវ៉ូស៊ីត1 ។អូវ៉ូស៊ីតមួយរងចំណែកមួយនៃមេយោធាហើយត្រូវបាន ឈប់គាំងនៅវគ្គប្រផ្ដាស1 ។ក្រោយមកពេលគ្រប់អូវ៉ូស៊ីតមួយបន្តធ្វើចំណែកហើយត្រូវបានបញ្ចប់ នៅរយៈពេល6ម៉ោងមុនដំណើរអូវ៉ុលនិងធ្លាក់មកក្រៅជាអូវ៉ូស៊ីត2 ។ប្រសិនបើជួបស្ពែម៉ាតូសូអុីត បង្កើតបានជាអូវុល ។,10,8,3,0.8,0.8463191870338105,3,8,0,0
281,តើអាណាចក្រភ្នំមានព្រំប្រទល់ជាប់ប្រទេសណាខ្លះ?,អាណាចក្រភ្នំមានព្រំប្រទល់ជាប់ប្រទេសដូចជា -ខាងជើងជាប់ចិន -ខាងត្បូងជាឈូងសមុទ្រខ្មែរ -ខាងកើតជាប់រដ្ឋចម្ប៉ា -ខាងលិចជាប់រដ្ធមនឬភូមា។,អាណាចក្រភ្នំមានព្រំប្រទល់ខាងជើងជាប់នឹងប្រទេសចិន(រដ្ឋណានឆាវនិងតុងតឹង)ខាងកើតជាប់រដ្ឋចម្ប៉ា(ឈូងសមុទ្រចិន)និងខាងត្បូងជាប់និងឈូងសមុទ្រខ្មែរ(នគរភ្នំ)និងខាងលិចជាប់រដ្ឋមនឬភូមា។,6,6,4,1.0,0.9923679505896534,4,6,0,0
282,រៀបរាប់ពីទំនាក់ទំនងរវាងការដាំដុះអាជីវកម្មព្រៃឈើនិងនេសាទ។,ទំនាក់ទំនងរវាងការដាំដុះ អាជីវកម្មព្រៃឈើ និងការនេសាទមានដូចជា៖ -ការដាំដុះដោយប្រើជីធម្មជាតិ -ការប្រើប្រាស់ជីគីមី -ដាំដុះនិងធ្វើតាមរដូវ -អាជីវកម្មព្រៃឈើ -ការកាប់បំផ្លាញព្រៃឈើ -ការដុតព្រៃឈើ -ការកាប់ឈើយកទៅធ្វើអាជីវកម្ម +ការនេសាទ -ការនេសាទត្រីពេលត្រីពក -ការនេសាទដោយប្រើអគ្គិសនី -ការនេសាទហួសកម្រិត -ការនេសាទគឺជាមុខរបរប្រចាំថ្ងៃាបស់ប្រជាជន -នឹងជាអាហារប្រចាំថ្ងៃរបស់ប្រជាជន -ការនេសាទធ្វើប្រជាជនមានមុខរបររកស៊ីត្រឹមត្រូវ -ការនេសាទប្រើប្រាស់ឧបករណ៍នេសាទខុសច្បាប់ -ការបំផ្លាញជំរកត្រី -ការបកហូរទឹកចេញពី,ទំនាក់ទំនងការដាំព្រៃកសិកម្មព្រៃឈើនិងការនេសាទ +កសិកម្មព្រៃឈើ -ជួយបង្កើននូវចម្រកសម្រាប់មនុស្ស -បង្កើនអុកស៊ីសែនក្នុងបរិយាកាស -ការប្រើប្រាស់ព្រៃឈើមួយសម្រាប់ធ្វើគ្រឿងលម្អផ្សេងៗ តុ ទូ កៅ​ ។ល។ -ផ្ដល់ជាម្ហូបសម្រាប់មនុស្សសត្វផ្ដល់ជាម្ហូបសម្រាប់មនុស្សសត្វ -ការកាប់ឈើសម្រាប់ធ្វើជាអាជីវកម្ម -ជួយបង្កើនការងារដល់ប្រជាជន +ការដាំដុះការដាំដុះនៅកម្ពុជាចែកចេញជាពីរការដាំដុះសម្រាប់លក់និងការដាំដុះសម្រាប់លក្ខណៈគ្រួសារ -ការដាំដុះសម្រាប់លក់ឬសម្រាប់ធ្វើអាជីវកម្មរួមមានដំណាំ .ស្រូវ .កៅស៊ូ .ពោត .សណ្ដែក .ល្ង .អំពៅ .ដំឡូង -ការដាំដុះសម្រាប់លក្ខណៈគ្រប់គ្រួសារគឺជាការដាំសម្រាប់តែនៅជុំវិញផ្ទះសម្រាប់តែគ្រួសារប៉ុណ្ណោះ +ការនេសាទ -ការនេសាទនៅរដូវត្រីពង -ការនេសាទដោយប្រើឧបករណ៍ឆក់ -ការនេសាទដោយការអូសទាញ -ការនេសាទខុសរដូវត្រីពងរួច -ការនិស្សិតខុសច្បាប់ជាដើម។,15,5,1,0.3333333333333333,0.34940920761850364,1,5,0,0
283,តើគេចែកយុគសម័យបុរេប្រវត្តិសាស្ត្រកម្ពុជាជាប៉ុន្មានយុគសម័យ?អ្វីខ្លះ?,គេចែកយុគសម័យបុរេប្រវត្តិសាស្ត្រកម្ពុជាជាបីយុគសម័យគឺ -យុគថ្មបំបែក (600000 - 12000 ឆ្នាំមុនគ.ស) -យុគថ្មរលីងឬសំលៀង (8000 - 2000 ឆ្នាំមុនគ.ស) -យុគលោហៈ(2000-100 ឆ្នាំមុនគ.ស)។,គេចែកយុគសម័យបុរេប្រវត្តិសាស្ត្រកម្ពុជាជាបីយុគសម័យគឺ -យុគថ្មបំបែក -យុគថ្មរលីងឬសំលៀង -យុគលោហៈ។,5,3,2,0.6,0.5679649521493316,2,3,0,0
284,ចូរនិយាយពីកំណកាម៉ែតញី។,ការស្ថិតនៅក្រោមសារពាង្គកាយនៃពងស្វាសមានសារៈសំខាន់ដូចជាដើម្បីរក្សាសីតុណ្ហភាពឲ្យ ទាបជាងសីតុណ្ហភាពក្នុងខ្លួន ប្រហែលពី(2-3)សីតុណ្ហភាពក្នុងខ្លួន37 ។,កំណកាម៉ែនញី ដំបូងកោសិកាពូជមួយរកចម្ងាយពីរដងទម្លាប់គ្នាបានកោសិកាអូវ៉ូកូនី4 ។អូវុលរីក មាឌក្លាយជាអូវូស៊ីត1 ។អូវ៉ូស៊ីតមួយរងចំណែកមួយនៃមេយ៉ូសហើយត្រូវបានជាប់គាំងនៅចុង វគ្គមួយ ។,10,5,2,0.5,0.4071970472080893,1,4,1,1
285,តើឧស្សាហកម្មមានអ្នកតួនាទីចំពោះសេដ្ឋកិច្ចយ៉ាងដូចម្ដេច?,ឧស្សាហកម្មមានតួនាទីសម្រាប់សេដ្ឋកិច្ចជាតិដូចជា -ជួយបង្កើតប្រាក់ចំណូលចូលជាតិ -បង្កើតការងារដល់ប្រជាជន -បង្កើតប្រាក់ចំណូលចូលក្នុងគ្រួសារ -ប្រជាជនមានជីវភាពធូរធារ -ជួយរក្សាជញ្ជីងពាណិជ្ជកម្ម -ជួយបង្កើតទិន្នផលសម្រាប់ការនាំចេញនាំចូល -បង្កើននូវសង្ឃភារៈសម្រាប់ប្រើប្រាស់។,ឧស្សាហកម្មមាននាទីចំពោះសេដ្ឋកិច្ចជាតិដូចជាជួយឲ្យមានប្រាក់ចំណូលពីឧស្សាហកម្មបន្ថែមជួយឲ្យជាតិមានការរីកចម្រើននៅក្នុងសង្គម។ផលិតផលទទួលបានពីឧស្សាហកម្មនាំចេញក្រៅប្រទេសទទួលបានជួយឱ្យជាតិរីកចម្រើនអំពីការប្រមូលអំពីផលិតផលទាំងអស់នោះ។,15,8,2,0.5333333333333333,0.6725737061256511,3,10,1,2
286,តើអាណាចក្រភ្នំមានព្រំប្រទល់ជាប់ប្រទេសណាខ្លះ?,អាណាចក្រភ្នំមានព្រំប្រទល់ជាប់ប្រទេសដូចជា -ខាងជើងជាប់ចិន -ខាងត្បូងជាឈូងសមុទ្រខ្មែរ -ខាងកើតជាប់រដ្ឋចម្ប៉ា -ខាងលិចជាប់រដ្ធមនឬភូមា។,អាណាចក្រភ្នំមានព្រំប្រទល់ខាងជើងជាប់នឹងប្រទេសចិន(រដ្ឋណានឆាវនិងតុងតឹង)ខាងកើតជាប់រដ្ឋចម្ប៉ា(ឈូងសមុទ្រចិន)និងខាងត្បូងជាប់និងឈូងសមុទ្រខ្មែរ(នគរភ្នំ)និងខាងលិចជាប់រដ្ឋមនឬភូមា។,6,6,4,1.0,0.9923679505896534,4,6,0,0
287,តើកត្តាអ្វីខ្លះដែលធ្វើអោយសម័យអង្គររីកចម្រើនដល់កំពូល?​ ចូលរៀបរាប់។,កត្តាដែលធ្វើអោយសម័យអង្គររីកចម្រើនគឺ: កត្តាព្រះរាជា:ព្រះរាជាចាប់ពីព្រះបាទជ័យវរ្ម័នទី 2 រហូតដល់ព្រះបាទជ័យវរ្ម័នទី 7 សុទ្ធតែជាស្ដេចខ្លាំងពូកែ កត្តានយោបាយ: នយោបាយក្នុងប្រទេសបង្រួបបង្រួមជាតិកសាងនិងការពារទឹកដី នយោបាយក្រៅប្រទេស:ចងសម្ព័ន្ធមិត្តជាមួយប្រទេសធំៗវាយយករដ្ឋតូចដាក់ជាចំណុះ កត្តាសេដ្ឋកិច្ច:រីកចម្រើនលើវិស័យកសិកម្មសិប្បកម្មគណនាគម កត្តាសាសនា:ការឯកភាពគ្នារវាងសាសនាព្រាហ្មនិងព្រះពុទ្ធ កត្តាធនធានមនុស្សបន្សល់ទុកតាំងពីសម័យនគរភ្នំនិងចេនឡាមក។,កត្តាដែលធ្វើអោយសម័យអង្គររីកចម្រើនគឺ: កត្តាព្រះរាជា:ព្រះរាជាចាប់ពីព្រះបាទជ័យវរ្ម័នទី 2 រហូតដល់ព្រះបាទជ័យវរ្ម័នទី 7 សុទ្ធសឹងតែជាស្ដេចខ្លាំងពូកែ កត្តានយោបាយ: នយោបាយក្នុងប្រទេសបង្រួបបង្រួមជាតិកសាងនិងការពារទឹកដី នយោបាយក្រៅប្រទេស:ចងសម្ព័ន្ធមិត្តជាមួយប្រទេសធំៗវាយយករដ្ឋតូចដាក់ជាចំណុះ,10,5,2,0.5,0.5474810672881678,2,5,0,0
288,ចូររៀបរាប់អំពីទំនាក់ទំនងរវាងការដាំដុះអាជីវកម្មព្រៃឈើនិងនេសាទ។,ទំនាក់ទំនងរវាង ការដាំដុះអាជីវកម្មព្រៃឈើ និងការនេសាទ៖  _ ការដាំដុះអាជីវកម្មព្រៃឈើ និងការនេសាទ ជាភោគទ្រព្យយ៉ាងសំខាន់សម្រាប់ប្រជាជនក្នុងការទ្រទ្រង់ក្នុងជីវភាពរស់នៅនិងការអភិវឌ្ឍន៍ប្រទេសជាតិ   _ ដើម្បីបំពេញតម្រូវការក្នុងកសិកម្មផលិតកម្មនិងត្រូវការផ្សេងៗ មនុស្សនាំគ្នាកាប់ព្រៃឈើដើម្បីធ្វើអាជីវកម្មព្រៃឈើជាមូលហេតុធ្វើឲ្យអាកាសធាតុប្រែប្រួលប៉ះពាល់ដល់ជីវិតមនុស្ស សត្វ និងរុក្ខជាតិ  ​ _ អតិផលនៃប្រព័ន្ធកសិកម្ម នាំឲ្យមានកំណើននៃការប្រើប្រាស់គីមីនិងថ្នាំសម្លាប់សត្វល្អិត។ ជីគីមី និងថ្នាំសម្លាប់សត្វល្អិត ទាំងនោះហូរទៅផ្ដុំគ្នានៅតាមផ្លូវទឹកនានា បំផ្លាញជីវិតសត្វនិងពូជធម្មជាតិ។,រៀបរាប់ពីទំនាក់ទំនងរវាងការដាំដុះអាជីវកម្មព្រៃឈើនិងការនេសាទត្រី  ការដាំដុះអាជីវកម្មព្រៃឈើការនេសាទជាភពគ្រាប់សម្រាប់សំខាន់សម្រាប់ប្រទេសកម្ពុជា ក្នុងការទ្រទ្រង់ជីវភាពផងដែរក្នុងការអភិវឌ្ឍប្រទេសជាតិឲ្យមានកាន់តែរីកចម្រើនខ្លាំងឡើងខ្លាំងឡើងនិងធ្វើឲ្យប្រជាជនមានមុខរបរធ្វើដូចជាការនេសាទ ការធ្វើអាជីវកម្មព្រៃឈើ ដំណាំសម្រាប់ផ្គត់ផ្គង់ក្នុងស្រុកនិងនាំចេញទៅក្រៅប្រទេសជិតខាង ដែលធ្វើឲ្យមានប្រាក់ចំណូលដែលធ្វើឲ្យប្រជាជនកាត់បន្ថយភាពក្រីក្រនិងជួយផ្គត់ផ្គង់ជីវភាពរស់នៅ។,15,2,1,0.1333333333333333,0.30552813077337004,1,5,0,3
289,ចូររៀបរាប់អំពីទំនាក់ទំនងរវាងការដាំដុះអាជីវកម្មព្រៃឈើនិងនេសាទ។,ទំនាក់ទំនងរវាង ការដាំដុះអាជីវកម្មព្រៃឈើ និងការនេសាទ៖  _ ការដាំដុះអាជីវកម្មព្រៃឈើ និងការនេសាទ ជាភោគទ្រព្យយ៉ាងសំខាន់សម្រាប់ប្រជាជនក្នុងការទ្រទ្រង់ក្នុងជីវភាពរស់នៅនិងការអភិវឌ្ឍន៍ប្រទេសជាតិ   _ ដើម្បីបំពេញតម្រូវការក្នុងកសិកម្មផលិតកម្មនិងត្រូវការផ្សេងៗ មនុស្សនាំគ្នាកាប់ព្រៃឈើដើម្បីធ្វើអាជីវកម្មព្រៃឈើជាមូលហេតុធ្វើឲ្យអាកាសធាតុប្រែប្រួលប៉ះពាល់ដល់ជីវិតមនុស្ស សត្វ និងរុក្ខជាតិ  ​ _ អតិផលនៃប្រព័ន្ធកសិកម្ម នាំឲ្យមានកំណើននៃការប្រើប្រាស់គីមីនិងថ្នាំសម្លាប់សត្វល្អិត។ ជីគីមី និងថ្នាំសម្លាប់សត្វល្អិត ទាំងនោះហូរទៅផ្ដុំគ្នានៅតាមផ្លូវទឹកនានា បំផ្លាញជីវិតសត្វនិងពូជធម្មជាតិ។,រៀបរាប់ពីទំនាក់ទំនងរវាងការដាំដុះ ការចិញ្ចឹមសត្វ និងការនេសាទ៖ -ការទំនាក់ទំនងរវាងការដាំដុះអាជីវកម្មព្រៃឈើនិង ការនេសាទ  +ការដាំដុះ  -ការដាំដុះដំណាំតាមមាត់ទន្លេស្ទឹងព្រោះដីនៅទីនោះសម្បូរជីវជាតិនិងអំណោយផលដល់ ការដាំដុះ -ការប្រើប្រាស់ជីគីមីសម្លាប់ ដាំដុះដំណាំទទួលផល ទិន្នផលបានលឿន ធ្វើឲ្យបាត់បង់ ជា ជាតិ ជីវជាតិ  -ការប្រមូលពន្ធឬលឿន លុបចោល ការពង្រឹង ផ្ទៃដី ដងដើម្បីដាំដំណាំ -ការដុតព្រៃឈើសម្រាប់ការដាំដុះការប្រើប្រាស់ជីគីមី ឲ្យហូរចូលរួមប្រភពទឹកខូចបរិស្ថានទឹក -ការបង្ហូរកាកសំណល់គីមីចូលក្នុងដបទឹក  +អាជីវកម្មព្រៃឈើ -ការកាប់ព្រៃឈើដើម្បីបំពេញតម្រូវការដូចជាការសាងសង់លំនៅឋានការលក់ទៅក្រៅប្រទេស  -ការកាប់ ប៊ូលី ព្រៃឈើ ការដុតព្រៃសដើម្បីចាប់សត្វគឺដើម្បីយកឃ្មុំ -ការធ្វើអាជីវកម្មព្រៃឈើទូត ទ្រង់ទ្រាយធំខុសច្បាប់ គ្រប់រូបភាព  -ការបំផ្លាញព្រៃឈើលិចទឹកដែលជាជម្រករបស់ត្រី ត្រីពងទន្រ្ទានឈើកេងកង +ការនេសាទ -ការប្រើប្រាស់ឧបករណ៍ខុសច្បាប់ឆក់ត្រី -ការប្រើប្រាស់អាវុធ ផ្ទុះគ្រាប់បែកចូលទឹកស្រះដើម្បីចាប់ត្រី  -ការនេសាទនៅរដូវត្រីពងមិថុនា បង្គន់  -ការប្រើប្រាស់មងសំណាញ់ដែល បាទទឹក ជ្រោះ ក្នុងទឹក -ការហូរភក់ការបម្រែបម្រួលអាកាសធាតុ។,15,5,1,0.3333333333333333,0.33837084447540233,1,5,0,0
290,តើសង្គមខ្មែរនៅសម័យអង្គរមានប៉ុន្មានវណ្ណៈ? វណ្ណៈអ្វីខ្លះ? ចូលរៀបរាប់។,សង្គមខ្មែរនៅសម័យអង្គរមានប្រាំវណ្ណៈគឺ -វណ្ណៈក្សត្រឬរាជវង្សនុវង្ស (ជាស្ដេចគ្រប់គ្រងប្រទេស -វណ្ណៈមន្ត្រី (អ្នករស់នៅក្នុងរាជវាំងបម្រើស្ដេច) -វណ្ណៈព្រាហ្ម៍ឬបុព្វជិត​(គឺជាអ្នកបួស) -វណ្ណៈអ្នកជាឬកសិករ (អ្នករស់នៅនឹងធ្វើស្រែចម្ការ) -វណ្ណៈអ្នកងារឬទាសករ(ទាសករបម្រើគេតកូនតចៅ)។,សង្គមខ្មែរនៅសម័យអង្គរមានប្រាំវណ្ណៈគឺ -វណ្ណៈក្សត្រឬរាជវង្សានុវង្ស -វណ្ណៈមន្ត្រី -វណ្ណៈបុព្វជិត -វណ្ណៈអ្នកជា -វណ្ណៈទាសករនិងអ្នកងារ។,10,6,2,0.6,0.5280353669706791,2,5,0,1
291,តើសង្គមខ្មែរនៅសម័យអង្គរមានប៉ុន្មានវណ្ណៈ? វណ្ណៈអ្វីខ្លះ? ចូលរៀបរាប់។,សង្គមខ្មែរនៅសម័យអង្គរមានប្រាំវណ្ណៈគឺ -វណ្ណៈក្សត្រឬរាជវង្សនុវង្ស (ជាស្ដេចគ្រប់គ្រងប្រទេស -វណ្ណៈមន្ត្រី (អ្នករស់នៅក្នុងរាជវាំងបម្រើស្ដេច) -វណ្ណៈព្រាហ្ម៍ឬបុព្វជិត​(គឺជាអ្នកបួស) -វណ្ណៈអ្នកជាឬកសិករ (អ្នករស់នៅនឹងធ្វើស្រែចម្ការ) -វណ្ណៈអ្នកងារឬទាសករ(ទាសករបម្រើគេតកូនតចៅ)។,សង្គមខ្មែរនៅសម័យអង្គរមានប្រាំវណ្ណៈគឺ -វណ្ណៈក្សត្រឬរាជវង្សនុវង្ស: មានបុព្វសិទ្ធណាស់គ្មានការបង់ពន្ធ មានអំណាចគ្រប់គ្រាន់រស់នៅដោយស្រួលមិនចាំបាច់ធ្វើការងារ និងមិននឿយហត់ទេ -វណ្ណៈមន្ត្រី: ឋានានុក្រមរបស់ពួកគេអាចសម្គាល់តាមរយៈឥស្សតិយយសនិងចំនួនផ្ទះប្រកក្បឿងរបស់ពួកគេ។ -វណ្ណៈអ្នកបួសឬបុព្វជិត​: មានពួកប៉ាន់ឃាប ព្រាហ្ម៍បុរោហិត ជូគូនិងប៉ាវីស៊ី។ -វណ្ណៈអ្នកជា:ពួកមានឋន្តះដូចពួកឈ្មួញសិប្បករ កសិករនិងប្រជារាស្រ្ដសាមញ្ញ -វណ្ណៈអ្នកងារឬទាសករ:ពួកនេះជាអ្នកបម្រើគេអស់មួយជីវិតតកូនតចៅនេះមានឋានៈទាបបំផុតហើយត្រូវទៅធ្វើការតាមបញ្ជាគេដាក់ឲ្យនឹងគ្មានប្រាក់កម្រៃទេ។ពួកទាសកនេះមានទាសករឈ្លើយសឹក ទាសករតពូជ ទាសករជាជនជាតិភាគតិចនិងទាសករដែលគេចាប់យកមកលក់។,10,10,4,1.0,0.980860845027153,4,10,0,0
292,តើការស្ថិតនៅក្រៅសារពាង្គកាយនៃពងស្វាសមានសារៈសំខាន់ដូចម្តេច?,ការស្ថិតនៅក្រោមសារពាង្គកាយនៃពងស្វាសមានសារៈសំខាន់ដូចជាដើម្បីរក្សាសីតុណ្ហភាពឲ្យ ទាបជាងសីតុណ្ហភាពក្នុងខ្លួន ប្រហែលពី(2-3)សីតុណ្ហភាពក្នុងខ្លួន37 ។,ការស្ថិតនៅក្រោមសារពាង្គកាយនៃពងស្វាសមានសារៈសំខាន់ក្នុងការផលិតអរម៉ូនភេទឈ្មោលនិង បង្កើតស្ពែម៉ាតូសូអ៊ីត ។,10,3,1,0.3,0.23129128515202507,1,2,0,1
293,តើប្រព័ន្ធផលិតកម្មកសិកម្មនៅប្រទេសកម្ពុជាមានអ្វីខ្លះ?,ប្រព័ន្ធផលិតកម្មកសិកម្មនៅកម្ពុជាមានដូចជាដំណាំដំណាំស្រូវនិងកៅស៊ូដឹកនាំផ្សេងៗទៀតការចិញ្ចឹមសត្វបានចិញ្ចឹមសត្វលើគោកការចិញ្ចឹមសត្វក្នុងទឹកការនេសាទការនេសាទទឹកសាបការនេសាទទឹកប្រៃ  ព្រៃឈើអនុផលព្រៃឈើរកឃ្មុំជ័រទឹកក្តៅសត្វព្រៃ,ប្រព័ន្ធផលិតកម្មកសិកម្មនៅប្រទេសកម្ពុជាមាន​៖ -ដំណាំស្រូវ -ដំណាំកៅស៊ូ -ការចិញ្ចឹមសត្វលើគោក -ការចិញ្ចឹមសត្វក្នងទឹក -ព្រៃឈើសម្រាប់សម្ភារៈប្រើប្រាស់ -ការនេសាទ។,15,9,2,0.6,0.3835265851604073,1,6,1,3
294,តើសង្គមខ្មែរនៅសម័យអង្គរមានប៉ុន្មានវណ្ណៈ? វណ្ណៈអ្វីខ្លះ? ចូលរៀបរាប់។,សង្គមខ្មែរនៅសម័យអង្គរមានប្រាំវណ្ណៈគឺ -វណ្ណៈក្សត្រឬរាជវង្សនុវង្ស (ជាស្ដេចគ្រប់គ្រងប្រទេស -វណ្ណៈមន្ត្រី (អ្នករស់នៅក្នុងរាជវាំងបម្រើស្ដេច) -វណ្ណៈព្រាហ្ម៍ឬបុព្វជិត​(គឺជាអ្នកបួស) -វណ្ណៈអ្នកជាឬកសិករ (អ្នករស់នៅនឹងធ្វើស្រែចម្ការ) -វណ្ណៈអ្នកងារឬទាសករ(ទាសករបម្រើគេតកូនតចៅ)។,សង្គមខ្មែរនៅសម័យអង្គរមានប្រាំវណ្ណៈគឺ -វណ្ណៈក្សត្រ -វណ្ណៈមន្ត្រី -វណ្ណៈបុព្វជិត -វណ្ណៈអ្នកជា -វណ្ណៈទាសករ។,10,5,2,0.5,0.5052297142351649,2,5,0,0
295,ចូររៀបរាប់អំពីទំនាក់ទំនងរវាងការដាំដុះអាជីវកម្មព្រៃឈើនិងនេសាទ។,ទំនាក់ទំនងរវាង ការដាំដុះអាជីវកម្មព្រៃឈើ និងការនេសាទ៖  _ ការដាំដុះអាជីវកម្មព្រៃឈើ និងការនេសាទ ជាភោគទ្រព្យយ៉ាងសំខាន់សម្រាប់ប្រជាជនក្នុងការទ្រទ្រង់ក្នុងជីវភាពរស់នៅនិងការអភិវឌ្ឍន៍ប្រទេសជាតិ   _ ដើម្បីបំពេញតម្រូវការក្នុងកសិកម្មផលិតកម្មនិងត្រូវការផ្សេងៗ មនុស្សនាំគ្នាកាប់ព្រៃឈើដើម្បីធ្វើអាជីវកម្មព្រៃឈើជាមូលហេតុធ្វើឲ្យអាកាសធាតុប្រែប្រួលប៉ះពាល់ដល់ជីវិតមនុស្ស សត្វ និងរុក្ខជាតិ  ​ _ អតិផលនៃប្រព័ន្ធកសិកម្ម នាំឲ្យមានកំណើននៃការប្រើប្រាស់គីមីនិងថ្នាំសម្លាប់សត្វល្អិត។ ជីគីមី និងថ្នាំសម្លាប់សត្វល្អិត ទាំងនោះហូរទៅផ្ដុំគ្នានៅតាមផ្លូវទឹកនានា បំផ្លាញជីវិតសត្វនិងពូជធម្មជាតិ។,ទំនាក់ទំនងរវាងការដាំដុះឈើហូបផ្លែ និងការនេសាទមាន -កសិកម្ម ជួយផ្តល់ចំណីឱ្យត្រី ដែលវាអាចកាត់បន្ថយការនេសាទពីធម្មជាតិ -ការដាំដុះបែបពាណិជ្ជកម្ម ដែលត្រូវការផ្ទៃដីដាំដុះ និងត្រូវកាប់ព្រៃឈើ -ការដាំដើមឈើជួយការបន្ថយសំណឹក និងជួយសម្រួលការកាប់បំផ្លាញព្រៃឈើ -ផ្ដល់ចំណូលចូលសេដ្ធកិច្ចជាតិដូចគ្នា  -ផ្ដល់កាងារនឹងចំណូលក្នុងគ្រួសារប្រជាជន -ជាវិស័យកសិកម្មសំខាន់ៗរបស់សេដ្ធកិច្ចជាតិ…។,15,5,1,0.3333333333333333,0.3648625043332042,1,5,0,0
296,ចូរនិយាយពីកំណកាម៉ែតញី។,ការស្ថិតនៅក្រោមសារពាង្គកាយនៃពងស្វាសមានសារៈសំខាន់ដូចជាដើម្បីរក្សាសីតុណ្ហភាពឲ្យ ទាបជាងសីតុណ្ហភាពក្នុងខ្លួន ប្រហែលពី(2-3)សីតុណ្ហភាពក្នុងខ្លួន37 ។,កំណកាម៉ែនញី ដំបូងកោសិកាពូជមួយរកចម្ងាយពីរដងទម្លាប់គ្នាបានកោសិកាអូវ៉ូកូនី4 ។អូវុលរីក មាឌក្លាយជាអូវូស៊ីត1 ។អូវ៉ូស៊ីតមួយរងចំណែកមួយនៃមេយ៉ូសហើយត្រូវបានជាប់គាំងនៅចុង វគ្គមួយ ។,10,5,2,0.5,0.4071970472080893,1,4,1,1
297,តើកម្ពុជាមានបេតិកភណ្ឌអ្វីខ្លះ ដែលបានចុះបញ្ជីបេតិកភណ្ឌរូបី និង អរូបីពិភពលោករបស់អង្គការយូណេស្កូ? ចូររៀបរាប់ឱ្យបានប្រាំ។,កម្ពុជាមានបេតិកភណ្ឌដែលបានចុះបញ្ជីបេតិកភណ្ឌរូបី និង អរូបីពិភពលោករបស់អង្គការយូណេស្កូដូចជា     +ល្ខោនខោល     +រមណីយដ្ឋានអង្គរ     +ចាប៉ីដងវែង     +ប្រាសាទព្រះវិហហារ     +ល្ខោនស្រមោលស្បែកធំ     +របាំព្រះរាជទ្រព្យ     +ក្រមាខ្មែរ     +គុនល្បុកតោ     +រមណីយដ្ឋានសម្បូរព្រៃគុក,កម្ពុជាមានប្រទេសកភណ្ឌដែលបានចុះបញ្ជីបេតិកភណ្ឌរូបីនិងអរូបីពិភពលោករបស់អង្គការយូណេស្កូដូចជា៖ -ល្ខោនខោល -រមណីយដ្ឋានអង្គរ -ល្បែងទាញព្រ័ត្រ -ចាប៉ីដងវែង -ប្រាសាទព្រះវិហារ -ល្ខោនស្រមោលស្បែកធំ -របាំព្រះរាជទ្រព្យ -ក្រមាខ្មែរ -គុនល្បុក្កតោរ -មណីយដ្ឋានសំបូរព្រៃគុក។,5,5,4,1.0,0.9795976144003438,4,5,0,0
298,តើប្រព័ន្ធផលិតកម្មកសិកម្មនៅក្នុងប្រទេសកម្ពុជាមានអ្វីខ្លះ?ចូររៀបរាប់​ ។,ប្រព័ន្ធផលិតកម្មកសិកម្មនៅប្រទេសកម្ពុជាមាន៖    _ ដំណាំ : ដំណាំស្រូវ ដំណាំកៅស៊ូ ដំណាំផ្សេងៗទៀត    _ ការចិញ្ចឹមសត្វ : ការចិញ្ចឹមសត្វលើគោក ការចិញ្ចឹមសត្វក្នុងទឹក    _ ការនេសាទ : ការនេសាទទឹកសាប ការនេសាទទឹកប្រៃ  _ ព្រៃឈើ : ផលិតផលឈើ អនុផលព្រៃឈើ(រកឃ្មុំ ជ័រទឹក វល្លិ៍ ផ្តៅ) សត្វព្រៃ ។,ប្រព័ន្ធផលិតកម្មនៅប្រទេសកម្ពុជារួមមាន៖.ប្រព័ន្ធផលិតកម្មកសិកម្មនៅប្រទេសកម្ពុជាមានដូចជា +ដំណាំ -ដំណាំស្រូវ -ដំណាំកៅស៊ូ -ដំណាំផ្សែងទៀត +ការចិញ្ចឹមសត្វ -ការចិញ្ចឹមសត្វលើគោក(គោមាន់ទាជ្រូក) -ការចិញ្ចឹមសាច់ក្នុងទឹកត្រី +ការនេសាទ -ការនេសាទទឹកសាប -ការនេសាទសប្រៃ +ព្រៃឈើ -អនុផលព្រៃឈើរកវល្លី បេះផ្លែឈើជាដើម។,10,7,3,0.7,0.8764758161788235,4,9,1,2
299,រៀបរាប់ពីទំនាក់ទំនងរវាងការដាំដុះអាជីវកម្មព្រៃឈើនិងនេសាទ។,ទំនាក់ទំនងរវាងការដាំដុះ អាជីវកម្មព្រៃឈើ និងការនេសាទមានដូចជា៖ -ការដាំដុះដោយប្រើជីធម្មជាតិ -ការប្រើប្រាស់ជីគីមី -ដាំដុះនិងធ្វើតាមរដូវ -អាជីវកម្មព្រៃឈើ -ការកាប់បំផ្លាញព្រៃឈើ -ការដុតព្រៃឈើ -ការកាប់ឈើយកទៅធ្វើអាជីវកម្ម +ការនេសាទ -ការនេសាទត្រីពេលត្រីពក -ការនេសាទដោយប្រើអគ្គិសនី -ការនេសាទហួសកម្រិត -ការនេសាទគឺជាមុខរបរប្រចាំថ្ងៃាបស់ប្រជាជន -នឹងជាអាហារប្រចាំថ្ងៃរបស់ប្រជាជន -ការនេសាទធ្វើប្រជាជនមានមុខរបររកស៊ីត្រឹមត្រូវ -ការនេសាទប្រើប្រាស់ឧបករណ៍នេសាទខុសច្បាប់ -ការបំផ្លាញជំរកត្រី -ការបកហូរទឹកចេញពី,ទំនាក់ទំនងរវាងការដាំដុះអាជីវកម្មព្រៃឈើនិងការនេសាទ ដាំដុះត្រូវការដីល្បើកដំណាំកសិកម្មដំណាំស្រូវការដាំដំណាំបន្លែអាជីវកម្មព្រៃឈើត្រូវកាប់ព្រៃឈើទុក្ខព្រៃឈើដើម្បីជាចម្រកសត្វការចិញ្ចឹមសត្វ។ការនេសាទនេសាទត្រីនេសាទគ្រឿងសមុទ្រនានា នេសាទទឹកប្រៃទឹកសាប,15,2,1,0.1333333333333333,0.25295165687650667,1,4,0,2
300,តើអាណាចក្រភ្នំមានព្រំប្រទល់ជាប់ប្រទេសណាខ្លះ?,អាណាចក្រភ្នំមានព្រំប្រទល់ជាប់ប្រទេសដូចជា -ខាងជើងជាប់ចិន -ខាងត្បូងជាឈូងសមុទ្រខ្មែរ -ខាងកើតជាប់រដ្ឋចម្ប៉ា -ខាងលិចជាប់រដ្ធមនឬភូមា។,អាណាចក្រភ្នំមានព្រំប្រទល់ជាប់ប្រទេសដូចជា -ខាងជើងជាប់ចិន -ខាងត្បូងជាឈូងសមុទ្រខ្មែរ -ខាងកើតជាប់រដ្ឋចម្ប៉ា -ខាងលិចជាប់រដ្ឋមនឬភូមា។,6,6,4,1.0,0.9900460795956889,4,6,0,0
301,តើអាណាចក្រភ្នំមានព្រំប្រទល់ជាប់ប្រទេសណាខ្លះ?,អាណាចក្រភ្នំមានព្រំប្រទល់ជាប់ប្រទេសដូចជា -ខាងជើងជាប់ចិន -ខាងត្បូងជាឈូងសមុទ្រខ្មែរ -ខាងកើតជាប់រដ្ឋចម្ប៉ា -ខាងលិចជាប់រដ្ធមនឬភូមា។,អាណាចក្រភ្នំមានព្រំប្រទល់ជាប់ប្រទេសដូចជា -ខាងជើងជាប់ចិន -ខាងត្បូងជាឈូងសមុទ្រខ្មែរ -ខាងកើតជាប់រដ្ឋចម្ប៉ា -ខាងលិចជាប់រដ្ឋមនឬភូមា។,6,6,4,1.0,0.9900460795956889,4,6,0,0
302,តើព្រះបាទពញាយ៉ាតមានបុត្រប៉ុន្មានអង្គព្រះនាមអ្វីខ្លះ?ជាមួយអ្នកម្នាងណាខ្លះ?,ព្រះបាទពញាយ៉ាតមានបុត្របីអង្គគឺ នារាយណ៍រាជា ជាបុត្រជាមួយម្នាងទេវី ស្រីរាជាជាបុត្រជាមួយបុទុមកេសរ និងធម្មរាជាជាបុត្រជាមួយសុីសង៉ាម(បុត្រីស្ដេចសៀម)។,ព្រះបាទពញាយ៉ាតមានបុត្របីអង្គគឺ នារាយណ៍រាជា ជាបុត្រជាមួយម្នាងទេវី ស្រីរាជាជាបុត្រជាមួយបុទុមកេសរ និងធម្មរាជាជាបុត្រជាមួយសុីសង៉ាម(បុត្រីស្ដេចសៀម)។,5,5,4,1.0,0.9798475525860395,4,5,0,0
303,តើកត្តាអ្វីខ្លះដែលធ្វើអោយសម័យអង្គររីកចម្រើនដល់កំពូល?​ ចូលរៀបរាប់។,កត្តាដែលធ្វើអោយសម័យអង្គររីកចម្រើនគឺ: កត្តាព្រះរាជា:ព្រះរាជាចាប់ពីព្រះបាទជ័យវរ្ម័នទី 2 រហូតដល់ព្រះបាទជ័យវរ្ម័នទី 7 សុទ្ធតែជាស្ដេចខ្លាំងពូកែ កត្តានយោបាយ: នយោបាយក្នុងប្រទេសបង្រួបបង្រួមជាតិកសាងនិងការពារទឹកដី នយោបាយក្រៅប្រទេស:ចងសម្ព័ន្ធមិត្តជាមួយប្រទេសធំៗវាយយករដ្ឋតូចដាក់ជាចំណុះ កត្តាសេដ្ឋកិច្ច:រីកចម្រើនលើវិស័យកសិកម្មសិប្បកម្មគណនាគម កត្តាសាសនា:ការឯកភាពគ្នារវាងសាសនាព្រាហ្មនិងព្រះពុទ្ធ កត្តាធនធានមនុស្សបន្សល់ទុកតាំងពីសម័យនគរភ្នំនិងចេនឡាមក។,កត្តាដែលធ្វើអោយសម័យអង្គររីកចម្រើនគឺ: កត្តាព្រះរាជា:ព្រះរាជាចាប់ពីព្រះបាទជ័យវរ្ម័នទី 2 រហូតដល់ព្រះបាទជ័យវរ្ម័នទី 7 សុទ្ធសឹងតែជាស្ដេចខ្លាំងពូកែ កត្តានយោបាយ: នយោបាយក្នុងប្រទេសបង្រួបបង្រួមជាតិកសាងនិងការពារទឹកដី នយោបាយក្រៅប្រទេស:ចងសម្ព័ន្ធមិត្តជាមួយប្រទេសធំៗវាយយករដ្ឋតូចដាក់ជាចំណុះ កត្តាសេដ្ឋកិច្ច:រីកចម្រើនលើវិស័យកសិកម្មសិប្បកម្មគណនាគមន៍ កត្តាសាសនា:ការឯកភាពគ្នារវាងសាសនាព្រាហ្មនិងព្រះពុទ្ធ កត្តាធនធាន:មនុស្សបន្សល់ទុកតាំងពីសម័យនគរភ្នំនិងចេនឡាមក។,10,10,4,1.0,0.971431158487333,4,10,0,0
304,តើសង្គមខ្មែរនៅសម័យអង្គរមានប៉ុន្មានវណ្ណៈ? វណ្ណៈអ្វីខ្លះ? ចូលរៀបរាប់។,សង្គមខ្មែរនៅសម័យអង្គរមានប្រាំវណ្ណៈគឺ -វណ្ណៈក្សត្រឬរាជវង្សនុវង្ស (ជាស្ដេចគ្រប់គ្រងប្រទេស -វណ្ណៈមន្ត្រី (អ្នករស់នៅក្នុងរាជវាំងបម្រើស្ដេច) -វណ្ណៈព្រាហ្ម៍ឬបុព្វជិត​(គឺជាអ្នកបួស) -វណ្ណៈអ្នកជាឬកសិករ (អ្នករស់នៅនឹងធ្វើស្រែចម្ការ) -វណ្ណៈអ្នកងារឬទាសករ(ទាសករបម្រើគេតកូនតចៅ)។,សង្គមខ្មែរនៅសម័យអង្គរមានប្រាំវណ្ណៈគឺ -វណ្ណៈក្សត្រ -វណ្ណៈមន្ត្រី -វណ្ណៈបុព្វជិត -វណ្ណៈអ្នកជា -វណ្ណៈទាសករ។,10,5,2,0.5,0.5052297142351649,2,5,0,0
305,តើប្រព័ន្ធផលិតកម្មកសិកម្មនៅក្នុងប្រទេសកម្ពុជាមានអ្វីខ្លះ?ចូររៀបរាប់​ ។,ប្រព័ន្ធផលិតកម្មកសិកម្មនៅប្រទេសកម្ពុជាមាន៖    _ ដំណាំ : ដំណាំស្រូវ ដំណាំកៅស៊ូ ដំណាំផ្សេងៗទៀត    _ ការចិញ្ចឹមសត្វ : ការចិញ្ចឹមសត្វលើគោក ការចិញ្ចឹមសត្វក្នុងទឹក    _ ការនេសាទ : ការនេសាទទឹកសាប ការនេសាទទឹកប្រៃ  _ ព្រៃឈើ : ផលិតផលឈើ អនុផលព្រៃឈើ(រកឃ្មុំ ជ័រទឹក វល្លិ៍ ផ្តៅ) សត្វព្រៃ ។,ប្រព័ន្ធផលិតកម្មកសិកម្មនៅប្រទេសកម្ពុជាមាន៖    _ ដំណាំ : ដំណាំស្រូវ ដំណាំកៅស៊ូ ដំណាំផ្សេងៗទៀត    _ ការចិញ្ចឹមសត្វ : ការចិញ្ចឹមសត្វលើគោក ការចិញ្ចឹមសត្វក្នុងទឹក    _ ការនេសាទ : ការនេសាទក្នុងទឹកសាប ការនេសាទក្នុងទឹកប្រៃ  _ ព្រៃឈើ : ផលិតផលឈើ អនុផលព្រៃឈើ(ឃ្មុំ ជ័រទឹក វល្លិ៍ ផ្តៅ) សត្វព្រៃ ។,10,10,4,1.0,0.936974492494409,4,9,0,1
306,បុព្វហេតុអ្វីខ្លះដែលនាំឲ្យអាណាចក្រចេនឡាបែកបាក់ជាពីរគឺអាណាចក្រចេនឡាដីគោកនិងចេនឡាទឹកលិច?,បុព្វហេតុដែលនាំហើយអាណាចក្រចេនឡាបែកជាពីរគឺ -វិសាលភាពទឹកដីធំទូលាយ -ចម្បាំងអត់ឈប់ឈរ -សមន្ដរដ្ឋបះបោរចង់ផ្ដាច់ខ្លួន -វិបត្តិផ្ទៃក្នុង -ព្រះនាងជ័យទេវីគ្មានសមត្ថភាពគ្រប់គ្រង។,បុព្វហេតុដែលនាំហើយអាណាចក្រចេនឡាបែកជាពីរគឺ -វិសាលភាពទឹកដីធំទូលាយ -ចម្បាំងអត់ឈប់ឈរ -សមន្ដរដ្ឋបះបោរចង់ផ្ដាច់ខ្លួន -វិបត្តិផ្ទៃក្នុង -ព្រះនាងជ័យទេវីគ្មានសមត្ថភាពគ្រប់គ្រង។,7,7,4,1.0,0.9774278816832895,4,7,0,0
307,តើប្រព័ន្ធផលិតកម្មកសិកម្មនៅក្នុងប្រទេសកម្ពុជាមានអ្វីខ្លះ?ចូររៀបរាប់​ ។,ប្រព័ន្ធផលិតកម្មកសិកម្មនៅប្រទេសកម្ពុជាមាន៖    _ ដំណាំ : ដំណាំស្រូវ ដំណាំកៅស៊ូ ដំណាំផ្សេងៗទៀត    _ ការចិញ្ចឹមសត្វ : ការចិញ្ចឹមសត្វលើគោក ការចិញ្ចឹមសត្វក្នុងទឹក    _ ការនេសាទ : ការនេសាទទឹកសាប ការនេសាទទឹកប្រៃ  _ ព្រៃឈើ : ផលិតផលឈើ អនុផលព្រៃឈើ(រកឃ្មុំ ជ័រទឹក វល្លិ៍ ផ្តៅ) សត្វព្រៃ ។,ប្រព័ន្ធផលិតកម្មកសិកម្មនៅប្រទេសកម្ពុជាមានដូចជា៖  _ ឧស្សាហកម្ម  _ កសិកម្ម  _ ពាណិជ្ជកម្ម  _ ទេសចរណ៍  _ ទូរគមនាគម៏ ​ _ ត្បាញហូលផាមួង។,10,2,1,0.2,0.1784879612654174,1,2,0,0
308,តើកត្តាអ្វីខ្លះដែលបណ្ដាលឲ្យសៀមវាយបែកបន្ទាយលង្វែក?,កត្តាដែលបណ្ដាលឲ្យសៀមវាយបន្ទាយលង្វែកព្រះរាជាព្រះសត្ថាទីមួយឆោតល្ងង់ទៅជួយរំដោះក្រុងឰយុធ្យារបស់សៀមមកពីការត្រួតត្រាភូមាសៀមរមិលគុណប្រើល្បិចបញ្ជូនសល់ពីរអង្គ យកការវិបត្តិផ្ទៃក្នុងជាជួរជលសារលោករវល់ នាដើមម៉ឺនមន្ត្រីប្រជារាស្ត្រមិនពេញចិត្តដែលតែងទៅកូនអាយុដប់មួយវស្សា ឲ្យកូនរៀននៅ ក្នុងនាម មហាឧបរាជ ធ្វើឲ្យប្រជារាស្ត្របាត់បង់ស្មារតីប្រយុទ្ធប្រជារាស្ត្រខ្មែរក្រីក្រឆោតល្ងង់ចង់បានប្រាក់ដួលក៏នាំគ្នាកាប់ឆ្ការគុម្ពឫស្សីដែលជារបងការពារបន្ទាយលង្វែកដ៏រឹងមាំ រីប្រទេសខ្មែរហាក់បីដូចជាបាត់បង់សាមគ្គីដូចជាស្ថានីយមួយនាំកូនទាំងពីររត់ភៀសខ្លួនទៅប្រទេសឡាវមិនគិតពីប្រជារាស្ត្រនាំឲ្យប្រជាជន អស់ជំនឿ,កត្តាដែលបណ្ដាលឲ្យសៀមវាយមកបន្ទាយលង្វែកគឺការបែកបាក់ផ្ទៃក្នុងខ្មែរ ការខ្វះការត្រៀមលក្ខណៈការពារ និងកម្លាំងទ័ពសៀមមានចំនួនលើសលប់។,10,6,2,0.6,0.43776279821491676,1,4,1,2
309,បុព្វហេតុអ្វីខ្លះដែលនាំឲ្យអាណាចក្រចេនឡាបែកបាក់ជាពីរគឺអាណាចក្រចេនឡាដីគោកនិងចេនឡាទឹកលិច?,បុព្វហេតុដែលនាំហើយអាណាចក្រចេនឡាបែកជាពីរគឺ -វិសាលភាពទឹកដីធំទូលាយ -ចម្បាំងអត់ឈប់ឈរ -សមន្ដរដ្ឋបះបោរចង់ផ្ដាច់ខ្លួន -វិបត្តិផ្ទៃក្នុង -ព្រះនាងជ័យទេវីគ្មានសមត្ថភាពគ្រប់គ្រង។,បុព្វហេតុដែលនាំហើយអាណាចក្រចេនឡាបែកជាពីរគឺ -វិសាលភាពទឹកដីធំទូលាយ -ចម្បាំងអត់ឈប់ឈរ -សមន្ដរដ្ឋបះបោរចង់ផ្ដាច់ខ្លួន -វិបត្តិផ្ទៃក្នុង -ព្រះនាងជ័យទេវីគ្មានសមត្ថភាពគ្រប់គ្រង។,7,7,4,1.0,0.9774278816832895,4,7,0,0
310,តើថ្ងៃរំដោះ៧មករា១៩៧៩ មានអត្ថន័យយ៉ាងណាខ្លះចំពោះប្រវត្តិសាស្ត្រកម្ពុជា?,ថ្ងៃរំដោះ 7 មករា 1979 មានអត្ថន័យជាប្រវត្តិសាស្រ្តដូចជា÷ -ជាថ្ងៃដែលប្រជាជនរួចផុតពីរបបប្រល័យពូជសាសន៍ -ជាថ្ងៃដែលរបបកម្ពុជាប្រជាធិបតេយ្យដួលរលំ -ជាថ្ងៃកំណើតទី 2 របស់ប្រជាជនខ្មែរ -ជាថ្ងៃដែលកងទ័ពរណសិរ្យសាមគ្គីនិងកងទ័ពរំដោះប្រជាជន បានរំដោះប្រជាជនចេញពីរបបប្រល័យពូជសាស្ត្រកម្ពុជា។,ថ្ងៃរំដោះ៧មករា១៩៧៩ មានអត្ថន័យចំពោះប្រវត្តិសាស្ត្រកម្ពុជាដូចជា៖ -បើកទ្វាសាលារៀនគ្រប់កម្រិតថ្នាក់ទូទាំងប្រទេស -ជាថ្ងៃដែលប្រជាជនរួចផុតពីការសម្លាប់រង្គាលនៃរបបលទ្ធិប្រជាធិបតេយ្យ -ជាថ្ងៃដួលរលំរបបខ្មែរក្រហម -ជាថ្ងៃប្រជាជនកម្ពុជាទទួលបានសិទ្ធិសេរីភាព -ជាការរស់រានឡើងវិញនូវវប្បធម៌ជាតិ -ជាថ្ងៃស្ដារនិងកសាងជាតិឡើងវិញ -ជាថ្ងៃស្ដារនិងកសាងប្រទេសឡើងវិញលើឆាកតំបន់និងអន្តរជាតិ -ជាថ្ងៃដែលបណ្ដាលឱ្យមានវត្តមានកងទ័ពវៀតណាមជាថ្មីម្ដងទៀតលើទឹកដីកម្ពុជា។,8,8,4,1.0,0.9190816256156658,4,7,0,1
311,តើសង្គមខ្មែរនៅសម័យអង្គរមានប៉ុន្មានវណ្ណៈ? វណ្ណៈអ្វីខ្លះ? ចូលរៀបរាប់។,សង្គមខ្មែរនៅសម័យអង្គរមានប្រាំវណ្ណៈគឺ -វណ្ណៈក្សត្រឬរាជវង្សនុវង្ស (ជាស្ដេចគ្រប់គ្រងប្រទេស -វណ្ណៈមន្ត្រី (អ្នករស់នៅក្នុងរាជវាំងបម្រើស្ដេច) -វណ្ណៈព្រាហ្ម៍ឬបុព្វជិត​(គឺជាអ្នកបួស) -វណ្ណៈអ្នកជាឬកសិករ (អ្នករស់នៅនឹងធ្វើស្រែចម្ការ) -វណ្ណៈអ្នកងារឬទាសករ(ទាសករបម្រើគេតកូនតចៅ)។,សង្គមខ្មែរនៅសម័យអង្គរមានប្រាំវណ្ណៈគឺ -វណ្ណៈក្សត្រឬរាជវង្សនុវង្ស: មានបុព្វសិទ្ធណាស់គ្មានការបង់ពន្ធ មានអំណាចគ្រប់គ្រាន់រស់នៅដោយស្រួលមិនចាំបាច់ធ្វើការងារ និងមិននឿយហត់ទេ -វណ្ណៈមន្ត្រី: ឋានានុក្រមរបស់ពួកគេអាចសម្គាល់តាមរយៈឥស្សតិយយសនិងចំនួនផ្ទះប្រកក្បឿងរបស់ពួកគេ។ -វណ្ណៈអ្នកបួសឬបុព្វជិត​: មានពួកប៉ាន់ឃាប ព្រាហ្ម៍បុរោហិត ជូគូនិងប៉ាវីស៊ី។ -វណ្ណៈអ្នកជា:ពួកមានឋន្តះដូចពួកឈ្មួញសិប្បករ កសិករនិងប្រជារាស្រ្ដសាមញ្ញ -វណ្ណៈអ្នកងារឬទាសករ:ពួកនេះជាបម្រើគេអស់មួយជីវិតតកូនតចៅនេះមានឋានៈទាបបំផុតហើយត្រូវទៅធ្វើការតាមបញ្ជាគេដាក់ឲ្យនឹងគ្មានប្រាក់កម្រៃទេ។ពួកទាសកនេះមានទាសករឈ្លើយសឹក ទាសករតពូជ ទាសករជាជនជាតិភាគតិចនិងទាសករដែលគេចាប់យកមកលក់។,10,10,4,1.0,0.9808369689027567,4,10,0,0
312,តើអាណាចក្រភ្នំមានព្រំប្រទល់ជាប់ប្រទេសណាខ្លះ?,អាណាចក្រភ្នំមានព្រំប្រទល់ជាប់ប្រទេសដូចជា -ខាងជើងជាប់ចិន -ខាងត្បូងជាឈូងសមុទ្រខ្មែរ -ខាងកើតជាប់រដ្ឋចម្ប៉ា -ខាងលិចជាប់រដ្ធមនឬភូមា។,អាណាចក្រភ្នំមានព្រំប្រទល់ជាប់ប្រទេសដូចជា -ខាងជើងជាប់ចិន -ខាងត្បូងជាឈូងសមុទ្រខ្មែរ -ខាងកើតជាប់រដ្ឋចម្ប៉ា -ខាងលិចជាប់រដ្ឋមនឬភូមា។,6,6,4,1.0,0.9900460795956889,4,6,0,0
313,ចូររៀបរាប់អំពីទំនាក់ទំនងរវាងការដាំដុះអាជីវកម្មព្រៃឈើនិងនេសាទ។,ទំនាក់ទំនងរវាង ការដាំដុះអាជីវកម្មព្រៃឈើ និងការនេសាទ៖  _ ការដាំដុះអាជីវកម្មព្រៃឈើ និងការនេសាទ ជាភោគទ្រព្យយ៉ាងសំខាន់សម្រាប់ប្រជាជនក្នុងការទ្រទ្រង់ក្នុងជីវភាពរស់នៅនិងការអភិវឌ្ឍន៍ប្រទេសជាតិ   _ ដើម្បីបំពេញតម្រូវការក្នុងកសិកម្មផលិតកម្មនិងត្រូវការផ្សេងៗ មនុស្សនាំគ្នាកាប់ព្រៃឈើដើម្បីធ្វើអាជីវកម្មព្រៃឈើជាមូលហេតុធ្វើឲ្យអាកាសធាតុប្រែប្រួលប៉ះពាល់ដល់ជីវិតមនុស្ស សត្វ និងរុក្ខជាតិ  ​ _ អតិផលនៃប្រព័ន្ធកសិកម្ម នាំឲ្យមានកំណើននៃការប្រើប្រាស់គីមីនិងថ្នាំសម្លាប់សត្វល្អិត។ ជីគីមី និងថ្នាំសម្លាប់សត្វល្អិត ទាំងនោះហូរទៅផ្ដុំគ្នានៅតាមផ្លូវទឹកនានា បំផ្លាញជីវិតសត្វនិងពូជធម្មជាតិ។,ទំនាក់ទំនងរវាង ការដាំដុះអាជីវកម្មព្រៃឈើ និងការនេសាទ៖  _ ការដាំដុះអាជីវកម្មព្រៃឈើ និងការនេសាទ ជាភោគទ្រព្យយ៉ាងសំខាន់សម្រាប់ប្រជាជនក្នុងការទ្រទ្រង់ក្នុងជីវភាពរស់នៅនិងការអភិវឌ្ឍន៍ប្រទេសជាតិ   _ ដើម្បីបំពេញតម្រូវការក្នុងកសិកម្មផលិតកម្មនិងត្រូវការផ្សេងៗ មនុស្សនាំគ្នាកាប់ព្រៃឈើដើម្បីធ្វើអាជីវកម្មព្រៃឈើជាមូលហេតុធ្វើឲ្យអាកាសធាតុប្រែប្រួលប៉ះពាល់ដល់ជីវិតមនុស្ស សត្វ និងរុក្ខជាតិ  ​ _ អតិផលនៃប្រព័ន្ធកសិកម្ម នាំឲ្យមានកំណើននៃការប្រើប្រាស់គីមីនិងថ្នាំសម្លាប់សត្វល្អិត។ ជីគីមី និងថ្នាំសម្លាប់សត្វល្អិត ទាំងនោះហូរទៅផ្ដុំគ្នានៅតាមផ្លូវទឹកនានា បំផ្លាញជីវិតសត្វនិងពូជធម្មជាតិ។,15,15,4,1.0,0.9041291743130017,4,14,0,1
314,តើប្រព័ន្ធផលិតកម្មកសិកម្មនៅប្រទេសកម្ពុជាមានអ្វីខ្លះ?,ប្រព័ន្ធផលិតកម្មកសិកម្មនៅកម្ពុជាមានដូចជាដំណាំដំណាំស្រូវនិងកៅស៊ូដឹកនាំផ្សេងៗទៀតការចិញ្ចឹមសត្វបានចិញ្ចឹមសត្វលើគោកការចិញ្ចឹមសត្វក្នុងទឹកការនេសាទការនេសាទទឹកសាបការនេសាទទឹកប្រៃ  ព្រៃឈើអនុផលព្រៃឈើរកឃ្មុំជ័រទឹកក្តៅសត្វព្រៃ,ប្រព័ន្ធផលិតកម្មកសិកម្មនៅប្រទេសកម្ពុជាមាន​ដូចជា៖ -កៅស៊ូ -ដំឡូងមី -ក្រចៅ -កប្បាស -ម្រេច -ស្រូវ។,15,3,1,0.2,0.16931616600730898,1,3,0,0
315,តើឧស្សាហកម្មមានតួនាទីដូចម្ដេចខ្លះចំពោះសេដ្ឋកិច្ចជាតិ?,ឧស្សាហកម្មមាន​តួនាទីចំពោះសេដ្ឋកិច្ចជាតិដូចជា ៖ ​ _ ជួយបង្កើតថវិការជាតិ ​ _ ជួយបង្កើតទិន្នផលជាតិ ​​ _ ជួយឲ្យសេដ្ឋកិច្ចជាតិរីកចម្រើន  _ ប្រជាជនសំបូរធូរធារ  _អភិវឌ្ឍគ្រប់វិស័យ  _ មានទំនាក់ទំនងល្អជាមួយអ្នកជិតខាង  _ មានភាពរុងរឿងនៅក្នុងប្រទេសជាតិ។,ឧស្សាហកម្មមានតួនាទីចំពោះសេដ្ឋកិច្ចជាតិដូចជា ៖ _ ជួយបង្កើនប្រាក់ចំណូលជូនជាតិ23.8% ក្នុងឆ្នាំ2008 _ បង្កើតការងារជួយដល់ប្រជាជន  _ បង្កើតប្រាក់ចំណូលក្នុងគ្រួសារ  _ ប្រជាជនមានជីវភាពធូរធារ _ ជួយរក្សាលំនឹងជញ្ជីងពាណិជ្ជកម្ម  _ ផ្ដល់ផលិតផលសម្រាប់នាំចេញ  _ ផ្ដល់ផលិតផលសម្រាប់ប្រើប្រាស់។,15,15,4,1.0,0.9313136204699746,4,14,0,1
316,ហេតុអ្វីបានជាមនុស្សស្រូបយកខ្យល់ដែលមានកាបូនម៉ណូអុកស៊ីតអាចបង្កគ្រោះថ្នាក់ដល់ស្លាប់បាន?,បានជាមនុស្សស្រូបយកខ្យល់ដែលមានកាបូនម៉ូណូអុកស៊ីដអាចបង្កឲ្យមានគ្រោះថ្នាក់ដល់ស្លាប់ បានព្រោះកាបូនម៉ូណូអុកស៊ីដមានសមត្ថភាពចាប់យក ក្នុងឈាមបានខ្លាំងជាងអុកស៊ីសែន វារារាំងឈាមមិនឲ្យដឹកនាំអុកស៊ីសែនទៅចិញ្ចឹមសរីរាង្គជាពិសេសខួរក្បាលដែលបណ្តាលឲ្យ ស្លាប់និង សន្លប់ ។,បានជាមនុស្សស្រូបយកខ្យល់ដែលមានកាបូនម៉ូណូអុកស៊ីដអាចបង្កឲ្យមានគ្រោះថ្នាក់ដល់ស្លាប់ បានព្រោះកាបូនម៉ូណូអុកស៊ីដមានសមត្ថភាពចាប់យក ក្នុងឈាមបានខ្លាំងជាងអុកស៊ីសែន វារារាំងឈាមមិនឲ្យដឹកនាំអុកស៊ីសែនទៅចិញ្ចឹមសរីរាង្គជាពិសេសខួរក្បាលដែលបណ្តាលឲ្យ ស្លាប់និង សន្លប់ ។,5,4,3,0.8,0.8233145449565399,3,4,0,0
317,តើប្រព័ន្ធផលិតកម្មកសិកម្មនៅក្នុងប្រទេសកម្ពុជាមានអ្វីខ្លះ?ចូររៀបរាប់​ ។,ប្រព័ន្ធផលិតកម្មកសិកម្មនៅប្រទេសកម្ពុជាមាន៖    _ ដំណាំ : ដំណាំស្រូវ ដំណាំកៅស៊ូ ដំណាំផ្សេងៗទៀត    _ ការចិញ្ចឹមសត្វ : ការចិញ្ចឹមសត្វលើគោក ការចិញ្ចឹមសត្វក្នុងទឹក    _ ការនេសាទ : ការនេសាទទឹកសាប ការនេសាទទឹកប្រៃ  _ ព្រៃឈើ : ផលិតផលឈើ អនុផលព្រៃឈើ(រកឃ្មុំ ជ័រទឹក វល្លិ៍ ផ្តៅ) សត្វព្រៃ ។,ប្រព័ន្ធផលិតកម្មនៅប្រទេសកម្ពុជារួមមាន៖ -ឧស្សាហកម្មជួយឲ្យប្រទេសមានការរីកចម្រើន -សេដ្ឋកិច្ចអភិវឌ្ឍន៍ប្រទេសក្រីក្រថាប្រទេស មានទំនាក់ទំនងជាមួយប្រទេសជិតខាង -ប្រទេសមានការរីកចម្រើនធ្វើឲ្យប្រទេសនាំចូលឧស្សាហកម្ -មកាន់តែច្រើនឡើង មានការនាំចូលនាំចេញទៅក្រៅប្រទេសបង្កើតការងារឲ្យប្រជាជន -ប្រជាជនគ្មានការងារធ្វើ ច្រើនធ្វើឲ្យប្រទេសជាតិ ខាងវិស័យ មានតួនាទីសំខាន់ចំពោះប្រទេស,10,7,3,0.7,0.7371237796853012,3,7,0,0
318,ចូររៀបរាប់អំពីទំនាក់ទំនងរវាងការដាំដុះអាជីវកម្មព្រៃឈើនិងនេសាទ។,ទំនាក់ទំនងរវាង ការដាំដុះអាជីវកម្មព្រៃឈើ និងការនេសាទ៖  _ ការដាំដុះអាជីវកម្មព្រៃឈើ និងការនេសាទ ជាភោគទ្រព្យយ៉ាងសំខាន់សម្រាប់ប្រជាជនក្នុងការទ្រទ្រង់ក្នុងជីវភាពរស់នៅនិងការអភិវឌ្ឍន៍ប្រទេសជាតិ   _ ដើម្បីបំពេញតម្រូវការក្នុងកសិកម្មផលិតកម្មនិងត្រូវការផ្សេងៗ មនុស្សនាំគ្នាកាប់ព្រៃឈើដើម្បីធ្វើអាជីវកម្មព្រៃឈើជាមូលហេតុធ្វើឲ្យអាកាសធាតុប្រែប្រួលប៉ះពាល់ដល់ជីវិតមនុស្ស សត្វ និងរុក្ខជាតិ  ​ _ អតិផលនៃប្រព័ន្ធកសិកម្ម នាំឲ្យមានកំណើននៃការប្រើប្រាស់គីមីនិងថ្នាំសម្លាប់សត្វល្អិត។ ជីគីមី និងថ្នាំសម្លាប់សត្វល្អិត ទាំងនោះហូរទៅផ្ដុំគ្នានៅតាមផ្លូវទឹកនានា បំផ្លាញជីវិតសត្វនិងពូជធម្មជាតិ។,រៀបរាប់ពីទំនាក់ទំនងរវាងការដាំដុះ ការចិញ្ចឹមសត្វ និងការនេសាទ៖ -ការនេសាទការនេសាទត្រីសម្រាប់បរិភោគនិងធ្វើអាជីវកម្ម -ការលក់ដូរត្រីដើម្បីផ្គត់ផ្គង់ជីវភាពគ្រួសារការនេសាទត្រីឲ្យមាន តើអ្នកនឹងមិនមានរដូវដែលខុសពីរាត្រី ក៏  -មិន ដែលច្បាស់អ្នកនេសាទអីទេហើយវាអាចប៉ះពាល់ជីវភាពហើយការធ្វើអាជីវកម្មនេះ ការឌីហ្សាញនិងការដាំដុះព្រៃស្ពឺគឺជាភាពព្រោះយ៉ាងសំខាន់នៅក្នុងវិស័យ -កសិកម្មសម្រាប់ប្រជាជនកម្ពុជា លោកទ្រទ្រង់ ភាពរបស់ប្រជាជនអាជីវកម្មព្រៃឈើ -គឺជាការកាប់ឈើយកធ្វើអាជីវកម្មលក់ដូរដើម្បីយកថវិកាមកទល់ទ្រូងប្រទេសជាតិនិងគ្រួសារ  -កាប់ព្រៃឈើឲ្យត្រូវទៅតាមកាលកំណត់របស់ក្រសួងគឺគ្មានការខុសច្បាប់នោះទេ -ដើម្បីនាំឈើចេញទៅក្រៅប្រទេស ការដាំដុះគឺជាការដាំដុះនិងការធ្វើ  -កសិកម្មដើម្បីផលិត ទ្រព្យសម្រាប់ជួយជាតិសំខាន់  -ការដាំដុះលើប្រទេសកម្ពុជាគឺជាការបន្តប្រមូលផលសម្រាប់គម្រោងថវិកា ជូនប្រទេសជាតិនិងគ្រួសារ  -ប្រព័ន្ធផលផលិតកម្មកសិកម្មនៅប្រទេសកម្ពុជាមានព្រៃឈើការនេសាទការនេសាទត្រីទឹក -សាបការនេសាទត្រីប្រៃការដាំដុះ ស្រូវកៅស៊ូពោតសណ្ដែកព្រៃឈើផ្សេងផ្សេង ព្រៃឈើព្រៃឈើផ្គត់ផ្គង់ដល់ប្រជាជន -ការនិងផ្គត់ផ្គង់ជីវភាពរស់នៅប្រចាំថ្ងៃផ្ដល់ការជូនជាតិព្រោះតែ ធម៌បរទេសក៏ឈើប្រណិតនៅប្រទេសកម្ពុជា,15,5,1,0.3333333333333333,0.2983822660993865,1,4,0,1
319,តើប្រព័ន្ធផលិតកម្មកសិកម្មនៅក្នុងប្រទេសកម្ពុជាមានអ្វីខ្លះ?ចូររៀបរាប់​ ។,ប្រព័ន្ធផលិតកម្មកសិកម្មនៅប្រទេសកម្ពុជាមាន៖    _ ដំណាំ : ដំណាំស្រូវ ដំណាំកៅស៊ូ ដំណាំផ្សេងៗទៀត    _ ការចិញ្ចឹមសត្វ : ការចិញ្ចឹមសត្វលើគោក ការចិញ្ចឹមសត្វក្នុងទឹក    _ ការនេសាទ : ការនេសាទទឹកសាប ការនេសាទទឹកប្រៃ  _ ព្រៃឈើ : ផលិតផលឈើ អនុផលព្រៃឈើ(រកឃ្មុំ ជ័រទឹក វល្លិ៍ ផ្តៅ) សត្វព្រៃ ។,ប្រព័ន្ធផលិតផលកសិកម្មនៅប្រទេសកម្ពុជាមានដូចជា៖  -ការនាំចេញចូលផលិតផល ការធ្វើស្រែចំការដំណាំស្រូវ -ការនាំប្រផលទៅក្រៅស្រុក -ការធ្វើសេដ្ឋកិច្ចទីផ្សារដើម្បីឲ្យមានការអភិវឌ្ឍន៍ខ្ពស់ -ការធ្វើពាណិជ្ជកម្ម -ការធ្វើអាជីវកម្មក្នុងស្រុកនិងក្រៅស្រុក។,10,7,3,0.7,0.6560697339359491,3,7,0,0
320,តើកម្ពុជាមានបេតិកភណ្ឌអ្វីខ្លះ ដែលបានចុះបញ្ជីបេតិកភណ្ឌរូបី និង អរូបីពិភពលោករបស់អង្គការយូណេស្កូ? ចូររៀបរាប់ឱ្យបានប្រាំ។,កម្ពុជាមានបេតិកភណ្ឌដែលបានចុះបញ្ជីបេតិកភណ្ឌរូបី និង អរូបីពិភពលោករបស់អង្គការយូណេស្កូដូចជា     +ល្ខោនខោល     +រមណីយដ្ឋានអង្គរ     +ចាប៉ីដងវែង     +ប្រាសាទព្រះវិហហារ     +ល្ខោនស្រមោលស្បែកធំ     +របាំព្រះរាជទ្រព្យ     +ក្រមាខ្មែរ     +គុនល្បុកតោ     +រមណីយដ្ឋានសម្បូរព្រៃគុក,កម្ពុជាមានបេតិកភណ្ឌដែលបានចុះបញ្ជីបេតិ កភណ្ឌរូបិយនិងអរូបិយពិភពលោករបស់ អង្គការយូណេស្កូមានដូចជា÷ -ប្រាសាទអង្គរវត្ត  -ប្រាសាទព្រះវិហារ  -ល្ខោនខោល -ប្រាសាទកោះកេរ្ត៌ិ -របាំអប្សរា។,5,4,3,0.8,0.8722346336577883,3,4,0,0
321,តើសេដ្ឋកិច្ចកម្ពុជាពឹងផ្អែកលើវិស័យអ្វីជាសំខាន់?     ក/ ហេតុអ្វីបានជាគេនិយាយថាកម្ពុជាជាប្រទេសកសិកម្ម?     ខ/ តើគេចែកកសិករជាប៉ុន្មានប្រភេទ?អ្វីខ្លះ?,សេដ្ឋកិច្ចកម្ពុជាពឹងផ្អែកលើវិស័យកសិកម្មជាសំខាន់។   ក/ បានជាគេនិយាយថាកម្ពុជាជាប្រទេសឧស្សាហកម្មព្រោះ៖  _  សណ្ឋានដី : ដីមានជីវជាតិល្អនិងសម្បូរទំនាបល្បាប់   _ ផ្លូវទឹក : ផ្លូវទឹកខ្វាត់ខ្វែងងាយស្រួលដល់ការដាំដុះ  _ ប្រជាជន : ប្រជាជនខ្មែរភាគច្រើនចូលចិត្តធ្វើកសិកម្ម  _ អាកាសធាតុ : ទទួលអាកាសធាតុក្តៅសើម  _ កសិកម្មផ្តល់ផល50%នៃផលិតផលជាតិសរុប។  ខ/ គេចែកកសិករទាំងនោះជា4ប្រភេទគឺ៖  _ កសិករធ្វើស្រែឬអ្នកស្រែ : និយមធ្វើស្រែ ស្រូវប្រាំង ស្រូវវស្សា ស្រូវឡើងទឹក  _ កសិករតំបន់ដីខ្ពស់ : គេដាំដំណាំជាអចិន្ត្រៃយ៍(ពោត ដំឡូង ចេក កៅស៊ូសណ្តែក)  _ កសិករធ្វើចម្ការដំណាំស្រូវ : គេដាំដំណាំតាមមាត់ទន្លេ ចិញ្ចឹមសត្វនិងនេសាទ  _ កសិករភូមិភាគឦសាន: គេធ្វើដំណាំព្រៃដុតមានដូចជាពោត ដំឡូង ស្រូវរុក្ខជាតិយកមើមដទៃទៀត និងបរបាញ់សត្វផងដែរ។,សេដ្ឋកិច្ចជាតិផ្អែកលើវិស័យកសិកម្មជាសំខាន់ព្រោះវិស័យនេះសំខាន់ដល់ជាតិដូចជា៖ -កម្ពុជា សំបូរ ទៅដោយដីដែលមានជីវជាតិល្អ ចំណោម ចំណេញ -ដំណាំ គ្រប់ប្រភេទប្រទេសកម្ពុជាមានអាកាសធាតុត្រូពិកក្តៅហើយ -វាជាភាពងាយស្រួលក្នុងការដំណាំផ្លែឈើលូតលាស់បានល្អ -ប្រទេសកម្ពុជាយើងភាគច្រើន ប្រកបរបរ -កសិកម្មការដាំដុះស្រូវនាំចេញទៅក្រៅប្រទេសរាងជា រៀងរាល់ឆ្នាំ -ប្រជាកសិករស្ទើរតែទាំងស្រុងទៅហើយ ដែលភាគច្រើនជ្រើសរើសយកការធ្វើស្រែចម្ការ -នៅកម្ពុជា មានចំនួនអ្នកធ្វើស្រែកសិកម្ម ដាំដុះរហូតទៅដល់ចិតសិបពីរចិតសិបបីភាគរយ -កម្ពុជាមានដំណាំដាំដះុ ជារាប់រយប្រភេទ។ +គេបែងចែកកសិកម្មទាំងនោះជាបួនគឺ -កសិករដាំស្រូវ -កសិករមិនដាំស្រូវ -កសិករដីខ្ពស់ -កសិករភូមិភាគឦសាន,20,18,4,0.9,0.7359531719769292,3,15,1,3
322,តើអ្វីជាសង្គ្រាមត្រជាក់? តើសង្គ្រាមត្រជាក់ផ្ដល់ផលវិបាកអ្វីខ្លះដល់កម្ពុជា?,សង្គ្រាមត្រជាក់គឺជាការប្រឈមមុខដាក់គ្នាដោយប្រយោលរវាងប្លុកលោកខាងលិចដែលប្រកាន់យលលទ្ធិសេរីនិយមដឹកនាំដោយសាហរដ្ឋអាមេរិក ដែលខាងកើតប្រកាន់យកលទ្ធិគុម្មុយនីសដឹកនាំដោយសហភាពសូវៀត។ការប្រឈមមុខគ្នារវាងប្លុកទាំងពីរនេះបង្កើតមានក្នុងវិស័យមនោគមន៍វិជ្ជា នយោបាយ  សេដ្ឋកិច្ច ពាណិជ្ជកម្ម និងទំនាក់ទំនងអន្តរជាតិ។ ផលវិបាកមានដូច៖ -មានវិនាសកម្មការទម្លាក់គ្រាប់បែករបស់សហរដ្ឋអាមេរិក 1969 ដល់ 1973  -សង្រ្គាមស៊ីវិលក្នុងប្រទេសពីឆ្នាំ 1970 ដល់ឆ្នាំ 1975 និងកើតម្ដងទៀតពីឆ្នាំ 1975 ដល់ 1980 ដែលកើតចេញពីការប្រឆាំងគ្នារវាងក្រុមគម្មុយនីសនឹងសេរីនិយម -ការកាប់សម្លាប់ប្រជាជនឯងក្រោមរបបប្រល័យពូជសាសន៍ឆ្នាំ 1975 ដល់ឆ្នាំ 1979  -ការផ្លាស់ប្ដូរនយោបាយញឹកញាប់រហូតដល់មានកិច្ចព្រមព្រៀងសន្តិភាពទីក្រុងប៉ារីស 23 តុលាឆ្នាំ 1991។,សង្គ្រាមត្រជាក់គឺជាការប្រឈមមុខដាក់គ្នាដោយប្រយោលរវាងប្លុកលោកខាងលិចដែលប្រកាន់យលលទ្ធិសេរីនិយមដឹកនាំដោយសាហរដ្ឋអាមេរិក ដែលខាងកើតប្រកាន់យកលទ្ធិគុម្មុយនីសដឹកនាំដោយសហភាពសូវៀត។ការប្រឈមមុខគ្នារវាងប្លុកទាំងពីរនេះបង្កើតមានក្នុងវិស័យមនោគមន៍វិជ្ជា នយោបាយ  សេដ្ឋកិច្ច ពាណិជ្ជកម្ម និងទំនាក់ទំនងអន្តរជាតិ។ ផលវិបាកមានដូច៖ -មានវិនាសកម្មការទម្លាក់គ្រាប់បែករបស់សហរដ្ឋអាមេរិក 1969 ដល់ 1973  -សង្រ្គាមស៊ីវិលក្នុងប្រទេសពីឆ្នាំ 1970 ដល់ឆ្នាំ 1975 និងកើតម្ដងទៀតពីឆ្នាំ 1975 ដល់ 1980 ដែលកើតចេញពីការប្រឆាំងគ្នារវាងក្រុមគម្មុយនីសនឹងសេរីនិយម -ការកាប់សម្លាប់ប្រជាជនឯងក្រោមរបបប្រល័យពូជសាសន៍ឆ្នាំ 1975 ដល់ឆ្នាំ 1979  -ការផ្លាស់ប្ដូរនយោបាយញឹកញាប់រហូតដល់មានកិច្ចព្រមព្រៀងសន្តិភាពទីក្រុងប៉ារីស 23 តុលាឆ្នាំ 1991។,10,9,4,0.9,0.9215785732583249,4,9,0,0
323,ចូររៀបរាប់អំពីទំនាក់ទំនងរវាងការដាំដុះអាជីវកម្មព្រៃឈើនិងនេសាទ។,ទំនាក់ទំនងរវាង ការដាំដុះអាជីវកម្មព្រៃឈើ និងការនេសាទ៖  _ ការដាំដុះអាជីវកម្មព្រៃឈើ និងការនេសាទ ជាភោគទ្រព្យយ៉ាងសំខាន់សម្រាប់ប្រជាជនក្នុងការទ្រទ្រង់ក្នុងជីវភាពរស់នៅនិងការអភិវឌ្ឍន៍ប្រទេសជាតិ   _ ដើម្បីបំពេញតម្រូវការក្នុងកសិកម្មផលិតកម្មនិងត្រូវការផ្សេងៗ មនុស្សនាំគ្នាកាប់ព្រៃឈើដើម្បីធ្វើអាជីវកម្មព្រៃឈើជាមូលហេតុធ្វើឲ្យអាកាសធាតុប្រែប្រួលប៉ះពាល់ដល់ជីវិតមនុស្ស សត្វ និងរុក្ខជាតិ  ​ _ អតិផលនៃប្រព័ន្ធកសិកម្ម នាំឲ្យមានកំណើននៃការប្រើប្រាស់គីមីនិងថ្នាំសម្លាប់សត្វល្អិត។ ជីគីមី និងថ្នាំសម្លាប់សត្វល្អិត ទាំងនោះហូរទៅផ្ដុំគ្នានៅតាមផ្លូវទឹកនានា បំផ្លាញជីវិតសត្វនិងពូជធម្មជាតិ។,ទំនាក់ទំនងរវាងការដាំដុះ អាជីវកម្មព្រៃឈើនិងការនេសាទ -ការដាំដុះគឺជាការដាំដុះនូវដំណាំផ្សេងផ្សេងដូចជាស្រូវបន្លែជាច្រើនការដាំដុះនេះភាគច្រើនគេដាំវានៅតាមជនបទដើម្បីយកទៅលក់នៅទីផ្សារដើម្បីយកប្រាក់មកដោះដូរជីវភាព ប្រជាជនខ្លះដាំដុះនេះដើម្បីទុកបរិភោគខ្លួនឯងដោយកាត់បន្ថយទៅលើការចំណាយហើយការដាំដុះនេះ សារៈសំខាន់ចំពោះជាតិផងដែរការដាំដុះនេះអាចនាំចេញទៅក្រៅស្រុកបាន ផងដែរ អ្នកខ្លះទៀតយកការដាំដុះនេះជាមុខរបរនាំយកទៅទីក្រុងដើម្បីលក់ដូរ។ -អាជីវកម្មព្រៃឈើប្រជាជនមួយបានយកការកាប់ព្រៃឈើធ្វើជាអាជីវកម្មដើម្បីចិញ្ចឹមជីវិតហើយអាជីវកម្ម នេះមួយចំនួនអាចយកធ្វើជាអុសធ្យូងផ្ទះគ្រែកៅអីជាដើមគឺទាំងអស់នេះ ក៏ជាការសំខាន់ដែរដើម្បីយកទៅលក់ដូរដើម្បីដោះដូរជីវភាពបានប៉ុន្តែការធ្វើអាជីវកម្មព្រៃឈើនេះក៏អាចបង្កដល់អំពើខុសច្បាប់ដែរហើយអាចមានសំឡេងរំខានដល់អ្នកដទៃផងដែរ។ -ការនេសាទក៏អាចដោះដូរជីវភាពបានតែប្រជាជនមួយចំនួនបានយកការនេសាទនេះ ចិញ្ចឹមជីវិតនិងគ្រួសារការនេសាទឬមានច្រើនបែបណាដូចជាការនេសាទត្រីការនេសាទសត្វ ការនេសាទនៅសមុទ្រជាដើម។,15,5,1,0.3333333333333333,0.38569703413858114,1,6,0,1
324,ដូចម្តេចដែលហៅថាមេយ៉ូស? ចូរនិយាយពីវគ្គផ្សេងៗនៃមេយ៉ូស។,មេយ៉ូសជាសំណុំនៃចំណែកកោសិកាពីរដងបន្តបន្ទាប់គ្នាដែលបង្កើតបានជាកោសិកាអាលូអុីតបួន ហៅថាមេយ៉ូស ។ _តេឡូផាស1 ស៊ីតូប្លាសចែកខ្លួនបានជាកោសិកាកូនពីរ ។កោសិកាកូននីមួយៗទទួលបានក្រូម៉ូសូម តែមួយពីរគូអូម៉ូឡូក ។ _ប្រផាស1 មានរយៈពេលវែង ។ _អាណាផាស1 ក្រូម៉ូសូមដំរៀបលើផ្លាស់ភ្ជាប់នឹងក្រយ៉ូងក្រូម៉ាទិចដោយសង់ក្រូងទ័ររបស់វា ។ _តេឡូផាស2 ក្រូម៉ូមនីមួយៗបានមកដល់ប៉ូលភ្នាស _មេតាផាស2 ក្រូម៉ូសូមប្រេះតាមបណ្ដោយភ្ជាប់ខ្លួនទៅនិងក្រយ៉ងក្រូម៉ាទិចដោយសង់ _ប្រូដាស2 ត្តយ៉ងអាក្រូម៉ាទិតកើតមានក្នុងកោសិកាគូនីមួយៗ _អាណាផាស2 សង់ក្រូម៉ែធ្វើចំណែកដែលនាំអោយក្រូម៉ាទិចបងប្អូនដាច់ចេញពីគ្នា ។បន្ទាប់មក ក្រូម៉ូសូមកូនទាំង2ធ្វើដំណើរឆ្ពោះទៅប៉ូលផ្ទុយគ្នារបស់ត្រយ៉ូងអាក្រូម៉ាទិច ។,ដែលហៅថាមេយ៉ូសគឺជាសំណុំនៃចំណែកកោសិកាពីដងបន្តបន្ទាប់គ្នាបង្កើតបានជាកោសិកា អាប្លូអុីត4 ។វគ្គផ្សេងនៃមេយ៉ូសមានដូចជា  _ប្រផាស1 មានរយៈពេលវែង ។ _អាណាផាស1 ក្រូម៉ូសូមដំរៀបលើផ្លាស់ភ្ជាប់នឹងក្រយ៉ូងក្រូម៉ាទិចដោយសង់ក្រូងទ័ររបស់វា ។,10,5,2,0.5,0.5315492854155254,2,5,0,0
325,តើសង្គមខ្មែរនៅសម័យអង្គរមានប៉ុន្មានវណ្ណៈ? វណ្ណៈអ្វីខ្លះ? ចូលរៀបរាប់។,សង្គមខ្មែរនៅសម័យអង្គរមានប្រាំវណ្ណៈគឺ -វណ្ណៈក្សត្រឬរាជវង្សនុវង្ស (ជាស្ដេចគ្រប់គ្រងប្រទេស -វណ្ណៈមន្ត្រី (អ្នករស់នៅក្នុងរាជវាំងបម្រើស្ដេច) -វណ្ណៈព្រាហ្ម៍ឬបុព្វជិត​(គឺជាអ្នកបួស) -វណ្ណៈអ្នកជាឬកសិករ (អ្នករស់នៅនឹងធ្វើស្រែចម្ការ) -វណ្ណៈអ្នកងារឬទាសករ(ទាសករបម្រើគេតកូនតចៅ)។,សង្គមខ្មែរនៅសម័យអង្គរមានប្រាំវណ្ណៈគឺ -វណ្ណៈក្សត្រឬរាជវង្សនុវង្ស: មានបុព្វសិទ្ធណាស់គ្មានការបង់ពន្ធ មានអំណាចគ្រប់គ្រាន់រស់នៅដោយស្រួលមិនចាំបាច់ធ្វើការងារ និងមិននឿយហត់ទេ -វណ្ណៈមន្ត្រី: ជាអ្នកដែលធ្វើការក្នុងវាំងនិងបម្រើព្រះរាជានិងមានសិទ្ធិអំណាចគ្រប់គ្រងលើការងារផ្សេងៗជំនួសព្រះរាជា។ -វណ្ណៈអ្នកបួសឬបុព្វជិត​: មានពួកប៉ាន់ឃាប ព្រាហ្ម៍បុរោហិត ជូគូនិងប៉ាវីស៊ី។ -វណ្ណៈអ្នកជា:ពួកមានឋន្តរនាមជាពួកឈ្មួញសិប្បករ កសិករនិងប្រជារាស្រ្ដសាមញ្ញ -វណ្ណៈអ្នកងារឬទាសករ:ពួកនេះជាអ្នកបម្រើគេអស់មួយជីវិតតកូនតចៅ។ភាគច្រើនពួកគេធ្វើការងារដូចជាសង់ប្រាសាទនិងបម្រើការងារក្នុងផ្ទះពួកអ្នកមាន។គេអាចលោះពួកនេះបានដោយប្រើសត្វពាហនទាំងពួង។,10,10,4,1.0,0.9843370155199122,4,10,0,0
326,បុព្វហេតុអ្វីខ្លះដែលនាំឲ្យអាណាចក្រចេនឡាបែកបាក់ជាពីរគឺអាណាចក្រចេនឡាដីគោកនិងចេនឡាទឹកលិច?,បុព្វហេតុដែលនាំហើយអាណាចក្រចេនឡាបែកជាពីរគឺ -វិសាលភាពទឹកដីធំទូលាយ -ចម្បាំងអត់ឈប់ឈរ -សមន្ដរដ្ឋបះបោរចង់ផ្ដាច់ខ្លួន -វិបត្តិផ្ទៃក្នុង -ព្រះនាងជ័យទេវីគ្មានសមត្ថភាពគ្រប់គ្រង។,បុព្វហេតុដែលនាំហើយអាណាចក្រចេនឡាបែកជាពីរគឺ -វិសាលភាពទឹកដីធំទូលាយ -ចម្បាំងអត់ឈប់ឈរ -សមន្ដរដ្ឋបះបោរចង់ផ្ដាច់ខ្លួន -វិបត្តិផ្ទៃក្នុង -ព្រះនាងជ័យទេវីគ្មានសមត្ថភាពគ្រប់គ្រង។,7,7,4,1.0,0.9774278816832895,4,7,0,0
327,ហេតុអ្វីបានជាផ្នែកឯកជនជាកម្លាំងដ៏សំខាន់សម្រាប់វិនិយោគ និងធ្វើឲ្យមានកំណើនសេដ្ឋកិច្ចក្នុងប្រទេស?,បានជាផ្នែកឯកជនជាកម្លាំងដ៏សំខាន់សម្រាប់កំណើនសេដ្ឋកិច្ចកម្ពុជាព្រោះ -កម្ពុជាបានអនុវត្តសេដ្ឋកិច្ចទីផ្សារសេរីដោយបានធ្វើកំណែទម្រង់ពីសហគ្រាសរដ្ឋឲ្យក្លាយទៅជាកម្មសិទ្ធិឯកជន -សេដ្ឋកិច្ចទីផ្សារសេរីនាំឲ្យអ្នករកស៊ីចូលចិត្តមករកស៊ីនិងដាក់វិនិយោគទុន -កាលណាភ្នែកឯកជនរឹងមាំអាចជួយបំពេញបន្ថែមលើវិនិយោគសាធារណៈក្នុងវិស័យសេដ្ឋកិច្ចគឺផ្នែកឯកជនអាចស្រូបយកកម្លាំងពលកម្មកើនឡើង។,បានជាផ្នែកឯកជនជាកម្លាំងដ៏សំខាន់សម្រាប់វិនិយោគនិងធ្វើឲ្យមានកំណើនសេដ្ឋកិច្ចក្នុងប្រទេសព្រោះ៖ -ប្រជាជនអាចធ្វើការលក់និងផលិតផលដោយខ្លួនឯង -បរទេសចូលចិត្តធ្វើការមកវិនិយោគ -ឯកជនអាចធ្វើការគ្រប់គ្រងល្អជាងរដ្ឋជាអ្នកគ្រប់គ្រង -ងាយស្រួលធ្វើការវិនិយោគ។,15,5,1,0.3333333333333333,0.2610925429647998,1,4,0,1
328,តើអ្វីជាសង្គ្រាមត្រជាក់? តើសង្គ្រាមត្រជាក់ផ្ដល់ផលវិបាកអ្វីខ្លះដល់កម្ពុជា?,សង្គ្រាមត្រជាក់គឺជាការប្រកួតប្រជែងផ្នែកមនោគមវិទ្យារវាងសេដ្ឋកិច្ចនយោធានិងបច្ចេកវិទ្យា។សង្គ្រាមមជ្ឈមណ្ឌលផលវិបាកដល់កម្ពុជាដូចជា -ការអនុវត្តនយោបាយវិទ្យាក្រឹត្យរបស់សម្ដេចនរោត្តមសីហនុមិនចោទទិសដៅ -ប្រទេសកម្ពុជាធ្លាក់ក្នុងសង្គ្រាមស៊ីវល -ខ្មែរក្រហមឡើងកាន់អំណាច -ប្រទេសកម្ពុជាមានភាពអាណាធិបតេយ្យ -សេដ្ឋកិច្ចកម្ពុជាធ្លាក់ចុះ -ប្រទេសកម្ពុជារស់នៅដែលភាពភ័យខ្លាច -រោងចក្រឧស្សាហកម្មបិទទ្វារ -បែកបាក់សាមគ្គីផ្ទៃក្នុង,សង្គ្រាមត្រជាក់គឺជា ការប្រឈមមុខដាក់គ្នារវាងសហរដ្ឋអាមេរិក​ និងសហភាពសូវៀតដោយរបបសេរីប្រកាន់យកដោយសហរដ្ឋអាមេរិក​ និង​កុម្មុយនីសប្រកាន់ដោយសហភាពសូវៀតដោយមានការប្រកួតប្រជែងខាងផ្នែកនយោបាយ​ សេដ្ឋកិច្ច ពាណិជ្ចកម្ម។ +សង្គ្រាមត្រជាក់ផ្ដល់ផលវិបាកដល់កម្ពុជាដូចជា -សម្លាប់ប្រជាជន​អស់ជាច្រើនលាននាក់ -បន្សល់ទុកនូវស្ត្រិមេម៉ាយ ក្មេងកំព្រាចាស់ជរាគ្មានទីពឹង -ប្រជាជនព្រាត់ប្រាស់ផ្ទះសម្បែងជួបគ្រោះទុិរិ្ភក្ស -ប្រជាជនបាត់បង់ការងារធ្វើគ្មានប្រាក់ចំណូល -ទំនិញឡើងថ្លៃអតិផរណា -ខូចខាតប្រព័ន្ធធារាសាស្ត្រ ផ្លូលទឹកនិងផ្លូវដីគោក -ខូចខាតស្ពានផ្លូវថ្នល់ កំពុងផែរ ផ្លូវដែល -សេដ្ឋកិច្ចកម្ពុជាត្រូវរាំងស្ទះ -ការខូចខាតខាងផ្នែកពាណិជ្ចកម្ម -ការនាំចេញផលិតផលស្រូវ សណ្ដែក ល្ងរ ដំណាំកៅស៊ូត្រូវបានគាំងស្ទះដោយសារសង្គ្រាម -កម្ពុជាបាត់បង់កិត្តយសឈ្មោះនៅលើឆាកអន្តរជាតិ -ប្រជាជនអស់ទំនុកចិត្តល់អ្នកដឹកនាំ និងអស់សង្ឃឹមលើវេសនាជាតិខ្លួន -ធ្វើអោយការផ្លាស់ប្ដូរបយោបាយ។,10,6,2,0.6,0.5751452490530957,2,6,0,0
329,តើការស្ថិតនៅក្រៅសារពាង្គកាយនៃពងស្វាសមានសារៈសំខាន់ដូចម្តេច?,ការស្ថិតនៅក្រោមសារពាង្គកាយនៃពងស្វាសមានសារៈសំខាន់ដូចជាដើម្បីរក្សាសីតុណ្ហភាពឲ្យ ទាបជាងសីតុណ្ហភាពក្នុងខ្លួន ប្រហែលពី(2-3)សីតុណ្ហភាពក្នុងខ្លួន37 ។,ការស្ថិតនៅក្រោមសារពាង្គកាយនៃពងស្វាសមានសារៈសំខាន់ដូចជាដើម្បីរក្សាសីតុណ្ហភាពឲ្យ ទាបជាងសីតុណ្ហភាពក្នុងខ្លួន ប្រហែលពី(2-3)ដែលជាលក្ខខណ្ឌចាំបាច់សម្រាប់ការផលិត មេជីវិតឈ្មោល ។,10,8,3,0.8,0.8694164038302925,3,9,0,1
330,តើសេដ្ឋកិច្ចកម្ពុជាពឹងផ្អែកលើវិស័យអ្វីជាសំខាន់?     ក/ ហេតុអ្វីបានជាគេនិយាយថាកម្ពុជាជាប្រទេសកសិកម្ម?     ខ/ តើគេចែកកសិករជាប៉ុន្មានប្រភេទ?អ្វីខ្លះ?,សេដ្ឋកិច្ចកម្ពុជាពឹងផ្អែកលើវិស័យកសិកម្មជាសំខាន់។   ក/ បានជាគេនិយាយថាកម្ពុជាជាប្រទេសឧស្សាហកម្មព្រោះ៖  _  សណ្ឋានដី : ដីមានជីវជាតិល្អនិងសម្បូរទំនាបល្បាប់   _ ផ្លូវទឹក : ផ្លូវទឹកខ្វាត់ខ្វែងងាយស្រួលដល់ការដាំដុះ  _ ប្រជាជន : ប្រជាជនខ្មែរភាគច្រើនចូលចិត្តធ្វើកសិកម្ម  _ អាកាសធាតុ : ទទួលអាកាសធាតុក្តៅសើម  _ កសិកម្មផ្តល់ផល50%នៃផលិតផលជាតិសរុប។  ខ/ គេចែកកសិករទាំងនោះជា4ប្រភេទគឺ៖  _ កសិករធ្វើស្រែឬអ្នកស្រែ : និយមធ្វើស្រែ ស្រូវប្រាំង ស្រូវវស្សា ស្រូវឡើងទឹក  _ កសិករតំបន់ដីខ្ពស់ : គេដាំដំណាំជាអចិន្ត្រៃយ៍(ពោត ដំឡូង ចេក កៅស៊ូសណ្តែក)  _ កសិករធ្វើចម្ការដំណាំស្រូវ : គេដាំដំណាំតាមមាត់ទន្លេ ចិញ្ចឹមសត្វនិងនេសាទ  _ កសិករភូមិភាគឦសាន: គេធ្វើដំណាំព្រៃដុតមានដូចជាពោត ដំឡូង ស្រូវរុក្ខជាតិយកមើមដទៃទៀត និងបរបាញ់សត្វផងដែរ។,សេដ្ឋកិច្ចជាតិផ្អែកលើវិស័យកសិកម្មជាសំខាន់ព្រោះវិស័យនេះសំខាន់ដល់ជាតិដូចជា៖ -និយាយថាកម្ពុជាជាប្រទេសកសិកម្មព្រោះសម្បូរទៅដោយដីមានជីវជាតិល្អ -អនុផលការដាំដុះក្នុងព្រៃឈើដំណាំស្រូវអង្ករជាងគេនៅក្នុងប្រទេសជុំវិញអាស៊ី -កសិកម្មព្រៃដុតគឺដុតព្រៃឈើ -កសិកម្ម អាកាសធាតុអំណោយផលដល់ការដាំដុះ -ការចិញ្ចឹមត្រី -កសិកម្មនេសាទត្រីមាសទីបីកក្កដា តាមព្រៃ -កសិករដាំដុះស្រូវក៏គោលបំណងនៃការចិញ្ចឹម(សត្វមាន់ទា)  +គេបែងចែក៤នោះមួយគឺ -កសិករមិនដាំស្រូវគឺជាកសិករតែធ្វើការដាំដំណាំផ្សេងផ្សេង តែចាំសួរនៅឡើយ  -កសិករធ្វើស្រែចម្ការគឺជាកសិករធ្វើស្រែដាំស្រូវតាមរដូវនិងដាំដំណាំផ្សេងៗផងដែរ -កសិករដាំស្រូវ,20,15,3,0.75,0.701972756466415,3,14,0,1
331,ដូចម្តេចដែលហៅថាមេយ៉ូស? ចូរនិយាយពីវគ្គផ្សេងៗនៃមេយ៉ូស។,មេយ៉ូសជាសំណុំនៃចំណែកកោសិកាពីរដងបន្តបន្ទាប់គ្នាដែលបង្កើតបានជាកោសិកាអាលូអុីតបួន ហៅថាមេយ៉ូស ។ _តេឡូផាស1 ស៊ីតូប្លាសចែកខ្លួនបានជាកោសិកាកូនពីរ ។កោសិកាកូននីមួយៗទទួលបានក្រូម៉ូសូម តែមួយពីរគូអូម៉ូឡូក ។ _ប្រផាស1 មានរយៈពេលវែង ។ _អាណាផាស1 ក្រូម៉ូសូមដំរៀបលើផ្លាស់ភ្ជាប់នឹងក្រយ៉ូងក្រូម៉ាទិចដោយសង់ក្រូងទ័ររបស់វា ។ _តេឡូផាស2 ក្រូម៉ូមនីមួយៗបានមកដល់ប៉ូលភ្នាស _មេតាផាស2 ក្រូម៉ូសូមប្រេះតាមបណ្ដោយភ្ជាប់ខ្លួនទៅនិងក្រយ៉ងក្រូម៉ាទិចដោយសង់ _ប្រូដាស2 ត្តយ៉ងអាក្រូម៉ាទិតកើតមានក្នុងកោសិកាគូនីមួយៗ _អាណាផាស2 សង់ក្រូម៉ែធ្វើចំណែកដែលនាំអោយក្រូម៉ាទិចបងប្អូនដាច់ចេញពីគ្នា ។បន្ទាប់មក ក្រូម៉ូសូមកូនទាំង2ធ្វើដំណើរឆ្ពោះទៅប៉ូលផ្ទុយគ្នារបស់ត្រយ៉ូងអាក្រូម៉ាទិច ។,ដែលហៅថាមេយ៉ូសគឺជាសំណុំនៃចំណែកកោសិកាពីដងបន្តបន្ទាប់គ្នាបង្កើតបានជាកោសិកា អាប្លូអុីត4 ។វគ្គផ្សេងនៃមេយ៉ូសមានដូចជា  _ប្រផាស1 មានរយៈពេលវែង ។ _អាណាផាស1 ក្រូម៉ូសូមដំរៀបលើផ្លាស់ភ្ជាប់នឹងក្រយ៉ូងក្រូម៉ាទិចដោយសង់ក្រូងទ័ររបស់វា ។ _តេឡូផាស1 ស៊ីតូប្លាសចែកខ្លួនបានជាកោសិកាកូនពីរ ។កោសិកាកូននីមួយៗទទួលបានក្រូម៉ូសូម តែមួយពីរគូអូម៉ូឡូក ។ _មេតាផាស ក្រូម៉ូសូមប្រេះតាមបណ្ដោយភ្ជាប់ខ្លួនទៅនិងត្រយ៉ង អាក្រូម៉ទចដោយសងក្រមែ,10,6,2,0.6,0.6384844791440504,3,6,1,0
332,តើកម្ពុជាមានបេតិកភណ្ឌអ្វីខ្លះ ដែលបានចុះបញ្ជីបេតិកភណ្ឌរូបី និង អរូបីពិភពលោករបស់អង្គការយូណេស្កូ? ចូររៀបរាប់ឱ្យបានប្រាំ។,កម្ពុជាមានបេតិកភណ្ឌដែលបានចុះបញ្ជីបេតិកភណ្ឌរូបី និង អរូបីពិភពលោករបស់អង្គការយូណេស្កូដូចជា     +ល្ខោនខោល     +រមណីយដ្ឋានអង្គរ     +ចាប៉ីដងវែង     +ប្រាសាទព្រះវិហហារ     +ល្ខោនស្រមោលស្បែកធំ     +របាំព្រះរាជទ្រព្យ     +ក្រមាខ្មែរ     +គុនល្បុកតោ     +រមណីយដ្ឋានសម្បូរព្រៃគុក,1 -ប្រាសាទព្រះវិហារ -ប្រាសាទបាយ័ន -ប្រាសាទបន្ទាយស្រី -ប្រាសាទសម្បូរព្រៃគុក,5,5,4,1.0,0.954070723642767,4,5,0,0
333,រៀបរាប់ពីទំនាក់ទំនងរវាងការដាំដុះអាជីវកម្មព្រៃឈើនិងនេសាទ។,ទំនាក់ទំនងរវាងការដាំដុះ អាជីវកម្មព្រៃឈើ និងការនេសាទមានដូចជា៖ -ការដាំដុះដោយប្រើជីធម្មជាតិ -ការប្រើប្រាស់ជីគីមី -ដាំដុះនិងធ្វើតាមរដូវ -អាជីវកម្មព្រៃឈើ -ការកាប់បំផ្លាញព្រៃឈើ -ការដុតព្រៃឈើ -ការកាប់ឈើយកទៅធ្វើអាជីវកម្ម +ការនេសាទ -ការនេសាទត្រីពេលត្រីពក -ការនេសាទដោយប្រើអគ្គិសនី -ការនេសាទហួសកម្រិត -ការនេសាទគឺជាមុខរបរប្រចាំថ្ងៃាបស់ប្រជាជន -នឹងជាអាហារប្រចាំថ្ងៃរបស់ប្រជាជន -ការនេសាទធ្វើប្រជាជនមានមុខរបររកស៊ីត្រឹមត្រូវ -ការនេសាទប្រើប្រាស់ឧបករណ៍នេសាទខុសច្បាប់ -ការបំផ្លាញជំរកត្រី -ការបកហូរទឹកចេញពី,ទំនាក់ទំនងរបៀបការដាំធំអាជីវកម្មព្រៃឈើនិងការនេសាទការឡើងដល់អាជីវកម្មព្រៃឈើនិងការនិស្សិតមានទំនាក់ទំនងការដាំដុលនិងការនេសាទជាភាគទ្រព្យយ៉ាងសំខាន់សម្រាប់ប្រជាជនកម្ពុជាក្នុងទ្រទ្រង់ជីវភាពរស់នៅនិងការអភិវឌ្ឍប្រទេសជាតិដើម្បីបំពេញតម្រូវការក្នុងផលិតកម្មតម្រូវការផ្សេងៗទៀតមនុស្សនាំគ្នាកាត់ព្រៃឈើដើម្បីធ្វើអាជីវកម្មនិងឲ្យអាកាសទ្រង់ប៉ះពាល់ដល់ជីវិតមនុស្សសត្វនិងរុក្ខជាតិ អតិផលនៃប្រព័ន្ធផលិតកម្មនាំឲ្យមានកំណើនដល់ការប្រើប្រាស់ថ្នាំសម្រាប់សត្វគីមី។,15,13,3,0.8666666666666667,0.8078088374954153,3,12,0,1
334,តើគេចែកយុគសម័យបុរេប្រវត្តិសាស្ត្រកម្ពុជាជាប៉ុន្មានយុគសម័យ?អ្វីខ្លះ?,គេចែកយុគសម័យបុរេប្រវត្តិសាស្ត្រកម្ពុជាជាបីយុគសម័យគឺ -យុគថ្មបំបែក (600000 - 12000 ឆ្នាំមុនគ.ស) -យុគថ្មរលីងឬសំលៀង (8000 - 2000 ឆ្នាំមុនគ.ស) -យុគលោហៈ(2000-100 ឆ្នាំមុនគ.ស)។,គេចែកយុគសម័យបុរេប្រវត្តិសាស្ត្រកម្ពុជាជាបីយុគសម័យគឺ -យុគថ្មបំបែក (600000 - 12000 ឆ្នាំមុនគ.ស) -យុគថ្មរលីងឬសំលៀង (8000 - 2000 ឆ្នាំមុនគ.ស) -យុគលោហៈ(2000-100 ឆ្នាំមុនគ.ស)។,5,5,4,1.0,0.9891445407849986,4,5,0,0
335,បុព្វហេតុអ្វីខ្លះដែលនាំឲ្យអាណាចក្រចេនឡាបែកបាក់ជាពីរគឺអាណាចក្រចេនឡាដីគោកនិងចេនឡាទឹកលិច?,បុព្វហេតុដែលនាំហើយអាណាចក្រចេនឡាបែកជាពីរគឺ -វិសាលភាពទឹកដីធំទូលាយ -ចម្បាំងអត់ឈប់ឈរ -សមន្ដរដ្ឋបះបោរចង់ផ្ដាច់ខ្លួន -វិបត្តិផ្ទៃក្នុង -ព្រះនាងជ័យទេវីគ្មានសមត្ថភាពគ្រប់គ្រង។,បុព្វហេតុដែលនាំហើយអាណាចក្រចេនឡាបែកជាពីរគឺ -វិសាលភាពទឹកដីធំទូលាយ -ចម្បាំងអត់ឈប់ឈរ -សមន្ដរដ្ឋបះបោរចង់ផ្ដាច់ខ្លួន -វិបត្តិផ្ទៃក្នុង -ព្រះនាងជ័យទេវីគ្មានសមត្ថភាពគ្រប់គ្រង។,7,7,4,1.0,0.9774278816832895,4,7,0,0
336,ចូរនិយាយពីកំណកាម៉ែតញី។,ការស្ថិតនៅក្រោមសារពាង្គកាយនៃពងស្វាសមានសារៈសំខាន់ដូចជាដើម្បីរក្សាសីតុណ្ហភាពឲ្យ ទាបជាងសីតុណ្ហភាពក្នុងខ្លួន ប្រហែលពី(2-3)សីតុណ្ហភាពក្នុងខ្លួន37 ។,កំណកាម៉ែនញី ដំបូងកោសិកាពូជមួយរកចម្ងាយពីរដងទម្លាប់គ្នាបានកោសិកាអូវ៉ូកូនី4 ។ អូវុលរីកមាឌក្លាយជាអូវូស៊ីត1 ។អូវ៉ូស៊ីតមួយរងចំណែកមួយនៃមេយ៉ូសហើយត្រូវបានជាប់គាំងនៅចុង វគ្គមួយ ។,10,6,2,0.6,0.406035770848476,1,4,1,2
337,ដូចម្តេចដែលហៅថាមេយ៉ូស? ចូរនិយាយពីវគ្គផ្សេងៗនៃមេយ៉ូស។,មេយ៉ូសជាសំណុំនៃចំណែកកោសិកាពីរដងបន្តបន្ទាប់គ្នាដែលបង្កើតបានជាកោសិកាអាលូអុីតបួន ហៅថាមេយ៉ូស ។ _តេឡូផាស1 ស៊ីតូប្លាសចែកខ្លួនបានជាកោសិកាកូនពីរ ។កោសិកាកូននីមួយៗទទួលបានក្រូម៉ូសូម តែមួយពីរគូអូម៉ូឡូក ។ _ប្រផាស1 មានរយៈពេលវែង ។ _អាណាផាស1 ក្រូម៉ូសូមដំរៀបលើផ្លាស់ភ្ជាប់នឹងក្រយ៉ូងក្រូម៉ាទិចដោយសង់ក្រូងទ័ររបស់វា ។ _តេឡូផាស2 ក្រូម៉ូមនីមួយៗបានមកដល់ប៉ូលភ្នាស _មេតាផាស2 ក្រូម៉ូសូមប្រេះតាមបណ្ដោយភ្ជាប់ខ្លួនទៅនិងក្រយ៉ងក្រូម៉ាទិចដោយសង់ _ប្រូដាស2 ត្តយ៉ងអាក្រូម៉ាទិតកើតមានក្នុងកោសិកាគូនីមួយៗ _អាណាផាស2 សង់ក្រូម៉ែធ្វើចំណែកដែលនាំអោយក្រូម៉ាទិចបងប្អូនដាច់ចេញពីគ្នា ។បន្ទាប់មក ក្រូម៉ូសូមកូនទាំង2ធ្វើដំណើរឆ្ពោះទៅប៉ូលផ្ទុយគ្នារបស់ត្រយ៉ូងអាក្រូម៉ាទិច ។,មេយ៉ូសជាសំណុំនៃចំណែកកោសិកាពីរដងបន្តបន្ទាប់គ្នាដែលបង្កើតបានជាកោសិកាអាលូអុីតបួន ហៅថាមេយ៉ូស ។ _តេឡូផាស1 _ប្រផាស1  _អាណាផាស1 _មេតាផាស2  _ប្រូដាស2,10,5,2,0.5,0.45356327057924106,2,5,0,0
338,ដូចម្តេចដែលហៅថាមេយ៉ូស? ចូរនិយាយពីវគ្គផ្សេងៗនៃមេយ៉ូស។,មេយ៉ូសជាសំណុំនៃចំណែកកោសិកាពីរដងបន្តបន្ទាប់គ្នាដែលបង្កើតបានជាកោសិកាអាលូអុីតបួន ហៅថាមេយ៉ូស ។ _តេឡូផាស1 ស៊ីតូប្លាសចែកខ្លួនបានជាកោសិកាកូនពីរ ។កោសិកាកូននីមួយៗទទួលបានក្រូម៉ូសូម តែមួយពីរគូអូម៉ូឡូក ។ _ប្រផាស1 មានរយៈពេលវែង ។ _អាណាផាស1 ក្រូម៉ូសូមដំរៀបលើផ្លាស់ភ្ជាប់នឹងក្រយ៉ូងក្រូម៉ាទិចដោយសង់ក្រូងទ័ររបស់វា ។ _តេឡូផាស2 ក្រូម៉ូមនីមួយៗបានមកដល់ប៉ូលភ្នាស _មេតាផាស2 ក្រូម៉ូសូមប្រេះតាមបណ្ដោយភ្ជាប់ខ្លួនទៅនិងក្រយ៉ងក្រូម៉ាទិចដោយសង់ _ប្រូដាស2 ត្តយ៉ងអាក្រូម៉ាទិតកើតមានក្នុងកោសិកាគូនីមួយៗ _អាណាផាស2 សង់ក្រូម៉ែធ្វើចំណែកដែលនាំអោយក្រូម៉ាទិចបងប្អូនដាច់ចេញពីគ្នា ។បន្ទាប់មក ក្រូម៉ូសូមកូនទាំង2ធ្វើដំណើរឆ្ពោះទៅប៉ូលផ្ទុយគ្នារបស់ត្រយ៉ូងអាក្រូម៉ាទិច ។,ដែលហៅថាមេយ៉ូសគឺជាសំណុំនៃចំណែកកោសិកាពីដងបន្តបន្ទាប់គ្នាបង្កើតបានជាកោសិកា អាប្លូអុីត4 ។វគ្គផ្សេងនៃមេយ៉ូសមានដូចជា  _ប្រផាស1 មានរយៈពេលវែង ។ _អាណាផាស1 ក្រូម៉ូសូមដំរៀបលើផ្លាស់ភ្ជាប់នឹងក្រយ៉ូងក្រូម៉ាទិចដោយសង់ក្រូងទ័ររបស់វា ។ _តេឡូផាស1 ស៊ីតូប្លាសចែកខ្លួនបានជាកោសិកាកូនពីរ ។កោសិកាកូននីមួយៗទទួលបានក្រូម៉ូសូម តែមួយពីរគូអូម៉ូឡូក ។,10,6,2,0.6,0.6073809441601797,2,6,0,0
339,បុព្វហេតុអ្វីខ្លះដែលនាំឲ្យអាណាចក្រចេនឡាបែកបាក់ជាពីរគឺអាណាចក្រចេនឡាដីគោកនិងចេនឡាទឹកលិច?,បុព្វហេតុដែលនាំហើយអាណាចក្រចេនឡាបែកជាពីរគឺ -វិសាលភាពទឹកដីធំទូលាយ -ចម្បាំងអត់ឈប់ឈរ -សមន្ដរដ្ឋបះបោរចង់ផ្ដាច់ខ្លួន -វិបត្តិផ្ទៃក្នុង -ព្រះនាងជ័យទេវីគ្មានសមត្ថភាពគ្រប់គ្រង។,បុព្វហេតុដែលនាំហើយអាណាចក្រចេនឡាបែកជាពីរគឺ -វិសាលភាពទឹកដីធំទូលាយ -ចម្បាំងអត់ឈប់ឈរ -សមន្ដរដ្ឋបះបោរចង់ផ្ដាច់ខ្លួន -វិបត្តិផ្ទៃក្នុង -ព្រះនាងជ័យទេវីគ្មានសមត្ថភាពគ្រប់គ្រង។,7,7,4,1.0,0.9774278816832895,4,7,0,0
340,តើគេចែកយុគសម័យបុរេប្រវត្តិសាស្ត្រកម្ពុជាជាប៉ុន្មានយុគសម័យ?អ្វីខ្លះ?,គេចែកយុគសម័យបុរេប្រវត្តិសាស្ត្រកម្ពុជាជាបីយុគសម័យគឺ -យុគថ្មបំបែក (600000 - 12000 ឆ្នាំមុនគ.ស) -យុគថ្មរលីងឬសំលៀង (8000 - 2000 ឆ្នាំមុនគ.ស) -យុគលោហៈ(2000-100 ឆ្នាំមុនគ.ស)។,គេចែកយុគសម័យបុរេប្រវត្តិសាស្ត្រកម្ពុជាជាបីយុគសម័យគឺ -យុគថ្មបំបែក (600000 - 12000 ឆ្នាំមុនគ.ស) -យុគថ្មរលីងឬសំលៀង (8000 - 2000 ឆ្នាំមុនគ.ស) -យុគលោហៈ(2000-100 ឆ្នាំមុនគ.ស)។,5,5,4,1.0,0.9891445407849986,4,5,0,0
341,ហេតុអ្វីបានជាផ្នែកឯកជនជាកម្លាំងដ៏សំខាន់សម្រាប់វិនិយោគ និងធ្វើឲ្យមានកំណើនសេដ្ឋកិច្ចក្នុងប្រទេស?,បានជាផ្នែកឯកជនជាកម្លាំងដ៏សំខាន់សម្រាប់កំណើនសេដ្ឋកិច្ចកម្ពុជាព្រោះ -កម្ពុជាបានអនុវត្តសេដ្ឋកិច្ចទីផ្សារសេរីដោយបានធ្វើកំណែទម្រង់ពីសហគ្រាសរដ្ឋឲ្យក្លាយទៅជាកម្មសិទ្ធិឯកជន -សេដ្ឋកិច្ចទីផ្សារសេរីនាំឲ្យអ្នករកស៊ីចូលចិត្តមករកស៊ីនិងដាក់វិនិយោគទុន -កាលណាភ្នែកឯកជនរឹងមាំអាចជួយបំពេញបន្ថែមលើវិនិយោគសាធារណៈក្នុងវិស័យសេដ្ឋកិច្ចគឺផ្នែកឯកជនអាចស្រូបយកកម្លាំងពលកម្មកើនឡើង។,បានជាផ្នែកឯកជនជាកម្លាំងដ៏សំខាន់សម្រាប់វិនិយោគនិងធ្វើឲ្យមានកំណើនសេដ្ឋកិច្ចក្នុងប្រទេសដូចជា៖ -ធ្វើឲ្យងាយស្រួលដល់ជនបរទេសមកធ្វើវិនិយោគក្នុងប្រទេស -ក្រុមហ៊ុនឯកជនងាយស្រួលដល់រដ្ឋដោយរដ្ឋមិននង់ថ្លៃមើលថែរ -រដ្ឋអាចប្រមូលលុយពីក្រុមឯកជន -បង្កើនការងារជាច្រើនដល់ប្រជាជន -ប្រជាជនអាចធ្វើការងារបានងាយស្រួលមិនពិបាកដល់រដ្ឋដោយមិនចាំបាច់រៀនចំការងារជូនប្រជាជន -ធ្វើឲ្យទៅដោយអ្នករកស៊ីក្រៅនិងក្នុងប្រទេស -ទាក់ទាញដល់ជនបរទេសដែលចង់មកធ្វើវិនិយោគនៅក្នុងប្រទេសយើង -ធ្វើឲ្យអ្នកវិនិយោគក្នុងពិភពលោកងាលមកធ្វើវិនិយោគធ្វើកើនឡើងបាន។,15,8,2,0.5333333333333333,0.37721811097495084,1,6,1,2
342,តើការស្ថិតនៅក្រៅសារពាង្គកាយនៃពងស្វាសមានសារៈសំខាន់ដូចម្តេច?,ការស្ថិតនៅក្រោមសារពាង្គកាយនៃពងស្វាសមានសារៈសំខាន់ដូចជាដើម្បីរក្សាសីតុណ្ហភាពឲ្យ ទាបជាងសីតុណ្ហភាពក្នុងខ្លួន ប្រហែលពី(2-3)សីតុណ្ហភាពក្នុងខ្លួន37 ។,ការស្ថិតនៅក្រោមសារពាង្គកាយនៃពងស្វាសមានសារៈសំខាន់ក្នុងការផលិតអរម៉ូនភេទឈ្មោលនិង បង្កើតស្ពែម៉ាតូសូអ៊ីត ។រក្សាសីតុណ្ហភាពឲ្យទាបជាងសីតុណ្ហភាពក្នុងខ្លួន ប្រហែលពី(2-3)សីតុណ្ហភាព ក្នុងខ្លួន37 ។,10,10,4,1.0,0.9379963721437208,4,9,0,1
343,តើប្រទេសកម្ពុជាចូលជាសមាជិក សហគមន៍អាស៊ីអាគ្នេយ៍ទទួលផលវិជ្ជមាននិងអវិជ្ជមានដូចម្តេចខ្លះ?,ពណ៌នាពីពីការអភិវឌ្ឍសេដ្ឋកិច្ច សង្គម នៅកម្ពុជាពីឆ្នាំ១៩៩៣ មកទល់សព្វថ្ងៃ .វិស័យសេដ្ឋកិច្ច:  +សេដ្ឋកិច្ចកម្ពុជាមានការរីកចម្រើនឡើងជាបន្តបន្ទាប់ដែលធ្វើឲ្យប្រទេសកម្ពុជាមានជីវភាពល្អប្រសើរ។ +កសិកម្មរីកចម្រើនខាងដាំដំណាំស្រូវទទួលបានទិន្នផលខ្ពស់ជាបន្តបន្ទាប់ +ឧស្សាហកម្មមានតំណាងរោងចក្រច្រើនកន្លែងនិងលើកឡើងនៅសហគ្រឿងធំៗដែលបានផ្ដល់ចំណូលដល់ប្រជាពលរដ្ឋ +ពាណិជ្ជកម្មកាលនាំចូលមកក្នុងប្រទេសនិងមានវិនិយោគក្នុងប្រទេស +គមនាគមន៍កសាងស្ពានផ្លូវថ្នល់អាកាសយានដ្ឋានផ្គត់ផ្គង់ប្រព័ន្ធទឹកពីទីក្រុងដល់ជនបទ កំពុងផែ +ហិរញ្ញវត្ថុមានស្ថេរភាពក្នុងអត្រាប្ដូរប្រាក់ +ធនាគារលើកឡើងនៅធនាគារជាតិហ្នឹងឯកជនជាច្រើន .វិស័យសង្គម +ការអប់រំសិក្សា បង្កើតសាលារៀនគ្រប់កម្រិតពីមត្តីរហូតដល់ឧត្តមសិក្សាបណ្ដុះបណ្ដាលធនធានមនុស្សនិងបញ្ជូននិស្សិតឲ្យទៅរៀននៅក្រៅប្រទេស។ +វប្បធម៌អរិយធម៌ ស្ដារវប្បធម៌ឡើងវិញនិងដាក់បញ្ចូលជាសម្បត្តិបេតិកភណ្ឌពិភពលោកចាប់ផ្ដើមប្រជាជនមានសិទ្ធិជឿលើសាសនា។ +សុខាភិបាលបង្កើតឲ្យមានមន្ទីរពេទ្យលោកសុខភាពនិងឱសថសាស្ត្រ +សិល្បៈបង្កើតឲ្យមានសាលាសាកលវិទ្យាល័យសិល្បៈ.,+ផលវិជ្ជមាន -កម្ពុជាលេងឯកោដដូចមុន -កម្ពុជាទទួលបានការជ្រោមជ្រែងពីប្រទេសផ្សេងៗ -កម្ពុជាអាចចូលរួមក្នុងការដោះស្រាយបញ្ហាផ្សេងៗ -កម្ពុជាអាចធ្វើកិច្ចសហប្រតិបត្តិការជាមួយប្រដាប្រទេសនៅក្នុងអាស៊ី -កម្ពុជាឯកអភិវឌ្ឍន៍សេដ្ឋកិច្ចរបស់ខ្លួនបានឆាប់រហ័ស -កម្ពុជាទទួលបានកំណែសហប្រតិបត្តិការនិងជំនួយពីសមាជិកអាស៊ាន -កម្ពុជាអាចធ្វើពាណិជ្ជកម្មជាមួយបណ្ដាប្រទេសនានាងាយស្រួល -កម្ពុជាអាចសង្ឃហេដ្ឋារចនាសម្ព័ន្ធនានាដោយទទួលបានជំនួយខ្លះៗ -កម្ពុជាអាចបញ្ជូនសិស្សនិស្សិតទៅបន្តការសិក្សារៀនសូត្រនៅប្រទេសជិតខាងបាន -កម្ពុជាអាចឈរមុខស្មើមាត់លើឆាកអន្តរជាតិ +អវិជ្ជមាន -ការនាំចេញនាំចូលរបស់កម្ពុជានៅមានកម្រិតទាបនៅឡើយ -កម្ពុជាត្រូវចូលរួមក្នុងការប្រកួតប្រជែងសេដ្ឋកិច្ចខាងខ្លាំងជាមួយប្រទេសដែលជាសមាជិកអាស៊ាន -កម្ពុជាខាតបង់ការយកពន្ធអាករ -កម្ពុជាត្រូវខិតខំប្រឹងប្រែងរកប្រាក់ចំណូលពន្ធចូលរដ្ឋ -កម្ពុជាមិនមើលដៃគូប្រកួតប្រជែងជាមួយប្រទេសមួយចំនួនទេ។,10,10,4,1.0,0.934406683856897,4,9,0,1
344,ដូចម្តេចដែលហៅថាវដ្តទឹក? ចូរពន្យល់ពីដំណាក់កាលនីមួយៗ អោយបានត្រឹមត្រូវ។,ដែលហៅថាវត្តទឹកគឺការហ្វឹកហ្វុលឥតឈប់ឈរមុននឹងបង្កើតជាទឹកភ្លៀងទឹករោងនៅកម្ដៅព្រះអាទិត្យបង្កើតបានជាចំហាយទឹកខ្យល់ស្រុកយកចំហែលទឹកទៅអាកាសធ្វើឲ្យចំហាយទឹកកំណក បង្កើតបានជាពពកធ្លាក់មកជាភ្លៀងក្នុងប្រជាទឹក,ដំណាក់កាលនៃវត្តទឹកអត្ថន័យសំណួរនេះតម្រូវឲ្យពន្យល់អំពីវត្តទឹកនិងដំណើរការនៃដំណាក់កាលនីមួយៗដូចការហូតក្រង្អែងការធ្លាក់ភ្លៀង,12,3,1,0.25,0.26025158589937164,1,3,0,0
345,តើការស្ថិតនៅក្រៅសារពាង្គកាយនៃពងស្វាសមានសារៈសំខាន់ដូចម្តេច?,ការស្ថិតនៅក្រោមសារពាង្គកាយនៃពងស្វាសមានសារៈសំខាន់ដូចជាដើម្បីរក្សាសីតុណ្ហភាពឲ្យ ទាបជាងសីតុណ្ហភាពក្នុងខ្លួន ប្រហែលពី(2-3)សីតុណ្ហភាពក្នុងខ្លួន37 ។,ការស្ថិតនៅក្រោមសារពាង្គកាយនៃពងស្វាសមានសារៈសំខាន់ក្នុងការផលិតអរម៉ូនភេទឈ្មោលនិង បង្កើតស្ពែម៉ាតូសូអ៊ីត ។,10,2,1,0.2,0.23129128515202507,1,2,0,0
346,ដូចម្តេចដែលហៅថាមេយ៉ូស? ចូរនិយាយពីវគ្គផ្សេងៗនៃមេយ៉ូស។,មេយ៉ូសជាសំណុំនៃចំណែកកោសិកាពីរដងបន្តបន្ទាប់គ្នាដែលបង្កើតបានជាកោសិកាអាលូអុីតបួន ហៅថាមេយ៉ូស ។ _តេឡូផាស1 ស៊ីតូប្លាសចែកខ្លួនបានជាកោសិកាកូនពីរ ។កោសិកាកូននីមួយៗទទួលបានក្រូម៉ូសូម តែមួយពីរគូអូម៉ូឡូក ។ _ប្រផាស1 មានរយៈពេលវែង ។ _អាណាផាស1 ក្រូម៉ូសូមដំរៀបលើផ្លាស់ភ្ជាប់នឹងក្រយ៉ូងក្រូម៉ាទិចដោយសង់ក្រូងទ័ររបស់វា ។ _តេឡូផាស2 ក្រូម៉ូមនីមួយៗបានមកដល់ប៉ូលភ្នាស _មេតាផាស2 ក្រូម៉ូសូមប្រេះតាមបណ្ដោយភ្ជាប់ខ្លួនទៅនិងក្រយ៉ងក្រូម៉ាទិចដោយសង់ _ប្រូដាស2 ត្តយ៉ងអាក្រូម៉ាទិតកើតមានក្នុងកោសិកាគូនីមួយៗ _អាណាផាស2 សង់ក្រូម៉ែធ្វើចំណែកដែលនាំអោយក្រូម៉ាទិចបងប្អូនដាច់ចេញពីគ្នា ។បន្ទាប់មក ក្រូម៉ូសូមកូនទាំង2ធ្វើដំណើរឆ្ពោះទៅប៉ូលផ្ទុយគ្នារបស់ត្រយ៉ូងអាក្រូម៉ាទិច ។,មេយ៉ូសជាសំណុំនៃចំណែកកោសិកាពីរដងបន្តបន្ទាប់គ្នាដែលបង្កើតបានជាកោសិកាអាលូអុីតបួន ហៅថាមេយ៉ូស ។មានបួនវគ្គគឺ ប្រូផាស អាណាផាស មេតាផាស និង តេឡូផាស ។,10,4,2,0.4,0.422988575228037,1,4,1,0
347,សេដ្ឋកិច្ចកម្ពុជាពឹងផ្អែកលើវិស័យកសិកម្មជាសំខាន់៖ ​ក.​ ហេតុអ្វីបានជាគេនិយាយថាកម្ពុជាជាប្រទេសកសិកម្ម? ខ. តើគេចែកកសិករទាំងនោះជាប៉ុន្មានប្រភេទ?,សេដ្ឋកិច្ចកម្ពុជាបានផ្អែកលើវិស័យកសិកម្មជាសំខាន់៖ ក​. បានជាគេនិយាយថាប្រទេសកម្ពុជាជាប្រទេសកសិកម្មដោយសារ -ផ្ទៃដីនៅប្រទេសកម្ពុជាប្រហែល៩០ភាគរយសិតតែដំណាំស្រូវ -ប្រជាជនកកម្ពុជា ៧០.៣ភាគរយធ្វើកសិកម្ម -កសិកម្មជួយឲ្យប្រជាជនកម្ពុជាមានការងារធ្វើ -ប្រជាជននិយមធ្វើកសិកម្ម -ដីនៅកម្ពុជាប្រកបជាមួយកាធ្វើកសិកម្ម -កម្ពុជាមានអាកាសធាតុសមស្របសម្រាប់ធ្វើកសិកម្ម ខ. គេចែកកសិកម្មទាំងនោះជាពីរប្រភេទ៖ +កសិករខ្នាតតូច -ធ្វើកសិកម្មដើម្បីជីវិត -ធ្វើលក្ខណៈតិចតួច ទុកតែបរិភោគសម្រាប់គ្រួសារ -មិនលក់ឲ្យអ្នកណា +កសិករខ្នាតធំ -ធ្វើកសិកម្មច្រើនហើយទុកសម្រាប់លក់ឬនាំចេញទៅក្រៅប្រទេស -ធ្វើមួយឆ្នាំអាចទៅពីរលើក -ធ្វើលក្ខណៈច្រើន ដើម្បីលក់និងនាំចេញ។,សេដ្ឋកិច្ចកម្ពុជាបានផ្អែកលើវិស័យកសិកម្មជាសំខាន់ដូចជា៖ ក. កម្ពុជាសម្បូរទៅដីមានជីវជាតិ -មានប្រព័ន្ធធានាសាស្រ្តគ្រប់គ្រាន់ -ជាប្រទេសរីកចម្រើនផ្នែកកសិកម្មស្រាប់ -អាចធ្វើកសិកម្មបែបបុរាណនិងសម័យបាន -ផលិតផលកសិកម្មមានគុណភាពខ្ពស់។ ខ. គេចែកកសិករទាំងនោះជាប៉ុន្មានប្រភេទ -កសិករធ្វើស្រែ -កសិករមិនធ្វើស្រែ -កសិករធ្វើចម្ការមិនដាំស្រូវ។,15,11,3,0.7333333333333333,0.677240723921347,3,10,0,1
348,ហេតុអ្វីបានជាមនុស្សស្រូបយកខ្យល់ដែលមានកាបូនម៉ណូអុកស៊ីតអាចបង្កគ្រោះថ្នាក់ដល់ស្លាប់បាន?,បានជាមនុស្សស្រូបយកខ្យល់ដែលមានកាបូនម៉ូណូអុកស៊ីដអាចបង្កឲ្យមានគ្រោះថ្នាក់ដល់ស្លាប់ បានព្រោះកាបូនម៉ូណូអុកស៊ីដមានសមត្ថភាពចាប់យក ក្នុងឈាមបានខ្លាំងជាងអុកស៊ីសែន វារារាំងឈាមមិនឲ្យដឹកនាំអុកស៊ីសែនទៅចិញ្ចឹមសរីរាង្គជាពិសេសខួរក្បាលដែលបណ្តាលឲ្យ ស្លាប់និង សន្លប់ ។,បានជាមនុស្សស្រូបយកខ្យល់ដែលមានកាបូនម៉ូណូអុកស៊ីដអាចបង្កឲ្យមានគ្រោះថ្នាក់ដល់ស្លាប់ បានព្រោះកាបូនម៉ូណូអុកស៊ីដមានសមត្ថភាពចាប់យក ក្នុងឈាមបានខ្លាំងជាងអុកស៊ីសែន វារារាំងឈាមមិនឲ្យដឹកនាំអុកស៊ីសែនទៅចិញ្ចឹមសរីរាង្គជាពិសេសខួរក្បាលដែលបណ្តាលឲ្យ ស្លាប់និង សន្លប់ ។,5,4,3,0.8,0.8233145449565399,3,4,0,0
349,តើប្រព័ន្ធផលិតកម្មកសិកម្មនៅក្នុងប្រទេសកម្ពុជាមានអ្វីខ្លះ?ចូររៀបរាប់​ ។,ប្រព័ន្ធផលិតកម្មកសិកម្មនៅប្រទេសកម្ពុជាមាន៖    _ ដំណាំ : ដំណាំស្រូវ ដំណាំកៅស៊ូ ដំណាំផ្សេងៗទៀត    _ ការចិញ្ចឹមសត្វ : ការចិញ្ចឹមសត្វលើគោក ការចិញ្ចឹមសត្វក្នុងទឹក    _ ការនេសាទ : ការនេសាទទឹកសាប ការនេសាទទឹកប្រៃ  _ ព្រៃឈើ : ផលិតផលឈើ អនុផលព្រៃឈើ(រកឃ្មុំ ជ័រទឹក វល្លិ៍ ផ្តៅ) សត្វព្រៃ ។,ប្រព័ន្ធផលិតកម្មកសិកម្មនៅប្រទេសកម្ពុជាមាន៖    _ ដំណាំ : ដំណាំស្រូវ ដំណាំកៅស៊ូ ដំណាំផ្សេងៗទៀត    _ ការចិញ្ចឹមសត្វ : ការចិញ្ចឹមសត្វលើគោក ការចិញ្ចឹមសត្វក្នុងទឹក    _ ការនេសាទ : ការនេសាទទឹកសាប ការនេសាទទឹកប្រៃ  _ ព្រៃឈើ : ផលិតផលឈើ អនុផលព្រៃឈើ(រកឃ្មុំ ជ័រទឹក វល្លិ៍ ផ្តៅ) សត្វព្រៃ ។,10,10,4,1.0,0.9376539373736332,4,9,0,1
350,តើសេដ្ឋកិច្ចកម្ពុជាពឹងផ្អែកលើវិស័យអ្វីជាសំខាន់?     ក/ ហេតុអ្វីបានជាគេនិយាយថាកម្ពុជាជាប្រទេសកសិកម្ម?     ខ/ តើគេចែកកសិករជាប៉ុន្មានប្រភេទ?អ្វីខ្លះ?,សេដ្ឋកិច្ចកម្ពុជាពឹងផ្អែកលើវិស័យកសិកម្មជាសំខាន់។   ក/ បានជាគេនិយាយថាកម្ពុជាជាប្រទេសឧស្សាហកម្មព្រោះ៖  _  សណ្ឋានដី : ដីមានជីវជាតិល្អនិងសម្បូរទំនាបល្បាប់   _ ផ្លូវទឹក : ផ្លូវទឹកខ្វាត់ខ្វែងងាយស្រួលដល់ការដាំដុះ  _ ប្រជាជន : ប្រជាជនខ្មែរភាគច្រើនចូលចិត្តធ្វើកសិកម្ម  _ អាកាសធាតុ : ទទួលអាកាសធាតុក្តៅសើម  _ កសិកម្មផ្តល់ផល50%នៃផលិតផលជាតិសរុប។  ខ/ គេចែកកសិករទាំងនោះជា4ប្រភេទគឺ៖  _ កសិករធ្វើស្រែឬអ្នកស្រែ : និយមធ្វើស្រែ ស្រូវប្រាំង ស្រូវវស្សា ស្រូវឡើងទឹក  _ កសិករតំបន់ដីខ្ពស់ : គេដាំដំណាំជាអចិន្ត្រៃយ៍(ពោត ដំឡូង ចេក កៅស៊ូសណ្តែក)  _ កសិករធ្វើចម្ការដំណាំស្រូវ : គេដាំដំណាំតាមមាត់ទន្លេ ចិញ្ចឹមសត្វនិងនេសាទ  _ កសិករភូមិភាគឦសាន: គេធ្វើដំណាំព្រៃដុតមានដូចជាពោត ដំឡូង ស្រូវរុក្ខជាតិយកមើមដទៃទៀត និងបរបាញ់សត្វផងដែរ។,សេដ្ឋកិច្ចកម្ពុជាពឹងផ្អែកលើវិស័យកសិកម្មសំខាន់។  ក/ បានជាគេនិយាយថា កម្ពុជាជាប្រទេសកសិកម្មព្រោះខ្មែរយើងពីដើមនិយមធ្វើកសិកម្ម ដូចជា ដាំស្រូវ ដាំពោត ដាំចម្ការកៅស៊ូ ដាំដំឡូង។  ខ/ គេចែកកសិករទាំងនោះជា3ប្រភេទគឺ   _ កសិករនៅតំបន់ដីខ្ពស់ : ដំណាំអចិន្ត្រៃយ៍ឬតាមរដូវដូចជា ពោត ដំឡូង សណ្ដែក ឈូក   _ កសិករធ្វើចម្ការឬកសិករមិនដាំស្រូវដំណាំផ្សេងៗតាមមាត់ទន្លេ ស្ទឹងទីទួលនានា ដូចជាថ្នាំជក់ បន្លែ ផ្កា។   _ កសិករភូមិភាគឦសាន : ដាំដំណាំព្រៃដុតមាន ស្រូវ ដំឡូង និងរុក្ខជាតិផ្ដល់មើមផ្សេងៗស្វែងរកអុសនិងព្រៃឈើ។,20,9,2,0.45,0.5160472064366193,2,10,0,1
351,សេដ្ឋកិច្ចកម្ពុជាពឹងផ្អែកលើវិស័យកសិកម្មជាសំខាន់៖ ​ក.​ ហេតុអ្វីបានជាគេនិយាយថាកម្ពុជាជាប្រទេសកសិកម្ម? ខ. តើគេចែកកសិករទាំងនោះជាប៉ុន្មានប្រភេទ?,សេដ្ឋកិច្ចកម្ពុជាបានផ្អែកលើវិស័យកសិកម្មជាសំខាន់៖ ក​. បានជាគេនិយាយថាប្រទេសកម្ពុជាជាប្រទេសកសិកម្មដោយសារ -ផ្ទៃដីនៅប្រទេសកម្ពុជាប្រហែល៩០ភាគរយសិតតែដំណាំស្រូវ -ប្រជាជនកកម្ពុជា ៧០.៣ភាគរយធ្វើកសិកម្ម -កសិកម្មជួយឲ្យប្រជាជនកម្ពុជាមានការងារធ្វើ -ប្រជាជននិយមធ្វើកសិកម្ម -ដីនៅកម្ពុជាប្រកបជាមួយកាធ្វើកសិកម្ម -កម្ពុជាមានអាកាសធាតុសមស្របសម្រាប់ធ្វើកសិកម្ម ខ. គេចែកកសិកម្មទាំងនោះជាពីរប្រភេទ៖ +កសិករខ្នាតតូច -ធ្វើកសិកម្មដើម្បីជីវិត -ធ្វើលក្ខណៈតិចតួច ទុកតែបរិភោគសម្រាប់គ្រួសារ -មិនលក់ឲ្យអ្នកណា +កសិករខ្នាតធំ -ធ្វើកសិកម្មច្រើនហើយទុកសម្រាប់លក់ឬនាំចេញទៅក្រៅប្រទេស -ធ្វើមួយឆ្នាំអាចទៅពីរលើក -ធ្វើលក្ខណៈច្រើន ដើម្បីលក់និងនាំចេញ។,សេដ្ឋកិច្ចកម្ពុជាបានផ្អែកលើវិស័យកសិកម្មជាសំខាន់៖ -ធ្វើឲ្យការដល់មិនអាចលើយកមកប្រើប្រាស់ទេឲ្យតាមនាំពីក្រៅប្រទេសមកវិញហើយមានការពឹង -យើងអាចមិនចាប់អារម្មណ៍ទេហើយជាច្រើនបានហើយ -ប្រមូលយកមកពីការធ្វើឲ្យបានច្រើនជាងនេះត្រូវបានគេចាប់យកមកលើកការធ្វើឲ្យដើម្បីមានការងារ -ប្រទេសកម្ពុជាមាននៅក្នុងច្រើនជាងគេគឺវិស័យមិនអាចទេមើលទៅនោះ -ចំណាត់យកពីប្រើប្រាស់ហើយទៅធ្វើយកហើយកុំកិត្តិយសសេដ្ឋកិច្ចការធ្វើឲ្យធ្វើមួយ -ចូលរៀបរាប់ពីប្រទេសគ្មានការចំពោះពីទីប្រើប្រាស់ក្នុង -យើងបានទិញយកមកប្រើយ៉ាងណា -គេលក់ដូរលើកលែងមិនទេឡើង -វេទនាតាមនិយាយថាឡើងទេឃើញមើលទៅប្រទេសខ្វែងនេះឡើយ -ខ្ពស់ស្រីបានធ្វើឡើងប្រទេសកម្ពុជាតេមគ្មានមើល -ប្រើជ្រះដើម្បីទិញយកការមើលឃើញពីការងារ -រាប់ពីប្រទេសដែលគ្មានការទិញផលិតផលច្រើនជាងគេ -សេដ្ឋកិច្ចការងារបានធ្វើឲ្យមានការលក់ដូរដាច់ច្រើនជាងគេ។  ក. បានជាគេនិយាយថាកម្ពុជាជាប្រទេសកសិកម្មដោយសារតែ៖ -ប្រទេសកម្ពុជាមានដីធ្វើកសិកម្មច្រើនជាងគេ -ធ្វើការងារប្រើប្រាស់ពីរៀបរាប់ចំក្រៅពីជនណាគេ -បានតែដើម្បីគេនឹងចេញទេក្នុងប្រទេសកម្ពុជា -ធ្វើឱ្យមានតែឱ្យទេមើលទៅមានកំណើនកើនឡើងនៅពេល -ជីវកម្មដីប្រើប្រាស់សម្រាប់ធ្វើការងារផ្សេងៗទៀត -មិនមែនមានតែប៉ុណ្ណឹងទេគឺដើម្បីជាបានលែងចង់រាប់ -បុស្សដើម្បីទិញដែលនាំឲ្យមានការ។,15,4,1,0.2666666666666666,0.24931357682298455,1,4,0,0
352,តើអាណាចក្រភ្នំមានព្រំប្រទល់ជាប់ប្រទេសណាខ្លះ?,អាណាចក្រភ្នំមានព្រំប្រទល់ជាប់ប្រទេសដូចជា -ខាងជើងជាប់ចិន -ខាងត្បូងជាឈូងសមុទ្រខ្មែរ -ខាងកើតជាប់រដ្ឋចម្ប៉ា -ខាងលិចជាប់រដ្ធមនឬភូមា។,អាណាចក្រភ្នំមានព្រំប្រទល់ខាងជើងជាប់នឹងប្រទេសចិន(រដ្ឋណានឆាវនិងតុងតឹង)ខាងកើតជាប់រដ្ឋចម្ប៉ា(ឈូងសមុទ្រចិន)និងខាងត្បូងជាប់និងឈូងសមុទ្រខ្មែរ(នគរភ្នំ)និងខាងលិចជាប់រដ្ឋមនឬភូមា។,6,6,4,1.0,0.9923679505896534,4,6,0,0
353,ដូចម្តេចដែលហៅថាមេយ៉ូស? ចូរនិយាយពីវគ្គផ្សេងៗនៃមេយ៉ូស។,មេយ៉ូសជាសំណុំនៃចំណែកកោសិកាពីរដងបន្តបន្ទាប់គ្នាដែលបង្កើតបានជាកោសិកាអាលូអុីតបួន ហៅថាមេយ៉ូស ។ _តេឡូផាស1 ស៊ីតូប្លាសចែកខ្លួនបានជាកោសិកាកូនពីរ ។កោសិកាកូននីមួយៗទទួលបានក្រូម៉ូសូម តែមួយពីរគូអូម៉ូឡូក ។ _ប្រផាស1 មានរយៈពេលវែង ។ _អាណាផាស1 ក្រូម៉ូសូមដំរៀបលើផ្លាស់ភ្ជាប់នឹងក្រយ៉ូងក្រូម៉ាទិចដោយសង់ក្រូងទ័ររបស់វា ។ _តេឡូផាស2 ក្រូម៉ូមនីមួយៗបានមកដល់ប៉ូលភ្នាស _មេតាផាស2 ក្រូម៉ូសូមប្រេះតាមបណ្ដោយភ្ជាប់ខ្លួនទៅនិងក្រយ៉ងក្រូម៉ាទិចដោយសង់ _ប្រូដាស2 ត្តយ៉ងអាក្រូម៉ាទិតកើតមានក្នុងកោសិកាគូនីមួយៗ _អាណាផាស2 សង់ក្រូម៉ែធ្វើចំណែកដែលនាំអោយក្រូម៉ាទិចបងប្អូនដាច់ចេញពីគ្នា ។បន្ទាប់មក ក្រូម៉ូសូមកូនទាំង2ធ្វើដំណើរឆ្ពោះទៅប៉ូលផ្ទុយគ្នារបស់ត្រយ៉ូងអាក្រូម៉ាទិច ។,មេយ៉ូសជាសំណុំនៃចំណែកកោសិកាពីរដងបន្តបន្ទាប់គ្នាដែលបង្កើតបានជាកោសិកាអាលូអុីតបួន ហៅថាមេយ៉ូស ។មានបួនវគ្គគឺ ប្រូផាស អាណាផាស មេតាផាស និង តេឡូផាស ។,10,5,2,0.5,0.422988575228037,1,4,1,1
354,ចូរនិយាយពីកំណកាម៉ែតញី។,ការស្ថិតនៅក្រោមសារពាង្គកាយនៃពងស្វាសមានសារៈសំខាន់ដូចជាដើម្បីរក្សាសីតុណ្ហភាពឲ្យ ទាបជាងសីតុណ្ហភាពក្នុងខ្លួន ប្រហែលពី(2-3)សីតុណ្ហភាពក្នុងខ្លួន37 ។,កំណកាម៉ែតញីដំបូងកោសិកាពូជមួយរួមចំណែកពីរដងបន្តបន្ទាប់គ្នា បានកោសិកាអូវ៉ូកូរី4 ។ អូវ៉ូកូរីនីមួយៗរីកមាឌអាចជាអូវ៉ូស៊ីត1 ។អូវ៉ូស៊ីតមួយរងចំណែកមួយនៃមេយោធាហើយត្រូវបាន ឈប់គាំងនៅវគ្គប្រផ្ដាស1 ។,10,5,2,0.5,0.3587993359228663,1,4,1,1
355,តើឧស្សាហកម្មមានតួនាទីចំពោះសេដ្ឋកិច្ចជាតិយ៉ាងដូចម្ដេច?,ឧស្សាហកម្មមានតួនាទីសម្រាប់សេដ្ឋកិច្ចជាតិដូចជា -ជួយបង្កើតប្រាក់ចំណូលចូលជាតិ -បង្កើតការងារដល់ប្រជាជន -បង្កើតប្រាក់ចំណូលចូលក្នុងគ្រួសារ -ប្រជាជនមានជីវភាពធូរធារ -ជួយរក្សាជញ្ជីងពាណិជ្ជកម្ម -ជួយបង្កើតទិន្នផលសម្រាប់ការនាំចេញនាំចូល -បង្កើននូវសង្ឃភារៈសម្រាប់ប្រើប្រាស់។,ឧស្សាហកម្មមានតួនាទីចំពោះសេដ្ឋកិច្ចជាតិដូចជា៖ -ផ្ដលការងារឲ្យប្រជាជនចំពោះកម្ពុជា៨.៥៤%​ នៅក្នុងឆ្នាំ២០០៨ -ធ្វើប្រជាជនធូរធារ មួយកម្រិត -ធ្វើឲ្យសេដ្ឋកិច្ចអាចងើបបានមួយកម្រិត -ធ្វើឲ្យមានលំនឹងជញ្ជីងសេដ្ឋកិច្ច (ជញ្ជីងសេដ្ឋកិច្ចមានន័យដាការនាំចេញច្រើនជាងការនាំចូល) -បន្ថយការចំណាត់ស្រុក -បង្កើតការងារជូនប្រជាជន -ធ្វើឲ្យមានការនាំចេញទៅក្រៅស្រុកធ្វើឲ្យប្រាក់ចំណូលចូលស្រុក។,15,15,4,1.0,0.9749606630446566,4,15,0,0
356,តើប្រទេសកម្ពុជាចូលជាសមាជិក សហគមន៍អាសុីអាគ្នេយ៍ទទួលបានផលវិជ្ជមាននិងផលអវិជ្ជមានដូចម្ដេចខ្លះ?,ប្រទេសកម្ពុជាចូលជាសមាជិកសាមាសហគមន៍អាស៊ីអាគ្នេយ៍ទទួលផលវិជ្ជមាននឹងអវិជ្ជមានដូចជា៖ +ផលវិជ្ជមាន៖ -កម្ពុជាលែងឯកោទៅទៀត -បានចូលរួមនៅរាល់ការសម្រេចចិត្តនានាក្នុងតំបន់ -កម្ពុជាបានឈរស្មើមុខមាត់ជាមួយបណ្ដាប្រទេសជាសមាជិកអាស៊ាន -កម្ពុជាមានដៃគូច្រើនទាំងក្នុងតំបន់និងពិភព -កម្ពុជាអាចពង្រីកអនុភាពនិងបង្កើតតួនាទីរបស់ខ្លួនកាន់តែសកម្មភាពដែលក្នុងតំបន់នៃអន្តរជាតិ -កម្ពុជាមានសិទ្ធពេញលេញក្រោមការរៀបចំកិច្ចប្រជុំធំៗក្នុងប្រទេសខ្លួនលក្ខណៈតំបន់និងពិភពលោក -ការលើកលែងទិដ្ឋការ -កម្ពុជាក្លាយជាកន្លែងវិនិយោគដ៏មានសក្តានុពលពាណិជ្ជកម្មរវាងពាណិជ្ជកម្មនិងស្រួលជាងមុនចំពោះទីផ្សារ -សេដ្ឋកិច្ចកម្ពុជាមានកំណើនរៀងរាល់ឆ្នាំ -ប្រជាជនអាចរកការងារធ្វើទាំងក្នុងប្រទេសក្នុងតំបន់និងក្រៅតំបន់ -កំណើនភ្ញៀវទេសចរជាច្រើន +ផលអវិជ្ជមាន៖ -ពាណិជ្ជកម្មសេដ្ឋកិច្ចដំណើរការមិនល្អ -កម្ពុជាបាត់បង់ជំនឿសាសនាប្រពៃណីទំនៀមទម្លាប់,ប្រទេសកម្ពុជាចូលជាសមាជិកសហគមន៍អាស៊ីអាគ្នេយ៍ទទួលបានផលវិជ្ជមាននិងអវិជ្ជមានដូចជា +ផលវិជ្ជមាន -ពង្រឹងសេដ្ឋកិច្ចនិងពាណិជ្ជកម្មជាមួយប្រទេសជិតខាង -ទាក់ទាញវិនិយោគបរទេស -ពង្រឹងសក្ដិភាព និងសហប្រតិបត្តិការ -បង្កើតឱកាសការងារនិងការអប់រំ +ផលអវិជ្ជមាន -ការប្រកួតប្រជែងសេដ្ឋកិច្ចខ្លាំង -សហគ្រាសក្នុងស្រុកខ្លះពិបាកក្នុងការប្រកួតជាមួយបរទេស -អាចមានឥទ្ធិពលបរទេសមកច្រើន។,10,6,2,0.6,0.7201658826847375,3,7,1,1
357,តើប្រព័ន្ធផលិតកម្មកសិកម្មនៅក្នុងប្រទេសកម្ពុជាមានអ្វីខ្លះ?ចូររៀបរាប់​ ។,ប្រព័ន្ធផលិតកម្មកសិកម្មនៅប្រទេសកម្ពុជាមាន៖    _ ដំណាំ : ដំណាំស្រូវ ដំណាំកៅស៊ូ ដំណាំផ្សេងៗទៀត    _ ការចិញ្ចឹមសត្វ : ការចិញ្ចឹមសត្វលើគោក ការចិញ្ចឹមសត្វក្នុងទឹក    _ ការនេសាទ : ការនេសាទទឹកសាប ការនេសាទទឹកប្រៃ  _ ព្រៃឈើ : ផលិតផលឈើ អនុផលព្រៃឈើ(រកឃ្មុំ ជ័រទឹក វល្លិ៍ ផ្តៅ) សត្វព្រៃ ។,. ប្រព័ន្ធផលិតកម្មនៅប្រទេសកម្ពុជារួមមាន៖ ការដាំដំណាំ ដាំកៅស៊ូដាំ ដំឡូង ដាំស្រូវជាដើម មានការនេសាទ កាេនសាទបែបបុរាណនេះសាបក្រោមក៏រងនូវ ការចិញ្ចឹមសត្វលក្ខណៈ សារនិងការចិញ្ចឹមសត្វ ធ្វើបែបនេះជាមុខរបរ អនុផលព្រៃឈើកាប់ព្រៃឈើធ្វើអាជីវកម្ម។,10,10,4,1.0,0.9095510838957781,4,9,0,1
358,ចូររៀបរាប់អំពីទំនាក់ទំនងរវាងការដាំដុះអាជីវកម្មព្រៃឈើនិងនេសាទ។,ទំនាក់ទំនងរវាង ការដាំដុះអាជីវកម្មព្រៃឈើ និងការនេសាទ៖  _ ការដាំដុះអាជីវកម្មព្រៃឈើ និងការនេសាទ ជាភោគទ្រព្យយ៉ាងសំខាន់សម្រាប់ប្រជាជនក្នុងការទ្រទ្រង់ក្នុងជីវភាពរស់នៅនិងការអភិវឌ្ឍន៍ប្រទេសជាតិ   _ ដើម្បីបំពេញតម្រូវការក្នុងកសិកម្មផលិតកម្មនិងត្រូវការផ្សេងៗ មនុស្សនាំគ្នាកាប់ព្រៃឈើដើម្បីធ្វើអាជីវកម្មព្រៃឈើជាមូលហេតុធ្វើឲ្យអាកាសធាតុប្រែប្រួលប៉ះពាល់ដល់ជីវិតមនុស្ស សត្វ និងរុក្ខជាតិ  ​ _ អតិផលនៃប្រព័ន្ធកសិកម្ម នាំឲ្យមានកំណើននៃការប្រើប្រាស់គីមីនិងថ្នាំសម្លាប់សត្វល្អិត។ ជីគីមី និងថ្នាំសម្លាប់សត្វល្អិត ទាំងនោះហូរទៅផ្ដុំគ្នានៅតាមផ្លូវទឹកនានា បំផ្លាញជីវិតសត្វនិងពូជធម្មជាតិ។,ទំនាក់ទំនងរវាងការដាំដូរអាជីវកម្ម​​​​​​​​​​ព្រៃឈើនិងការនេសាទ -ការដាំដុលអាជីវកម្មព្រៃឈើនិងការនេសាទជាភាគទ្រព្យដ៏សំខាន់សម្រាប់ទប់ទល់ជីវភាពរស់នៅប្រចាំថ្ងៃ -កម្រិតផ្នែកកសិកម្មក្នុងវិស័យផ្សេងៗទៀតដែលតម្រូវការរបស់មនុស្សរ៉ាប់រងក្នុងការផលិតការធ្វើអាជីវកម្មដែលបណ្តាលឲ្យមានការប្រើប្រាស់ថ្នាំសម្លាប់សត្វល្អិត និងជីគីមីបាន  ហូរចូលនាំផ្តុំគ្នានៅតាមទឹកនានាសម្លាប់ជីវិតសត្វត្រីនិងមច្ចាជាតិ -ទង្វើអាជីវកម្មព្រៃឈើហួសហែងអាចបណ្ដើរឲ្យមានគ្រោះថ្នាក់រាំងស្ងួតក្តៅហួតហែងព្រោះតម្រូវការមនុស្សកាន់តែច្រើនព្រៃឈើពិតថយចុះដែលមិនដែលឲ្យមិនមានភ្លៀងធ្លាក់ធ្វើឲ្យទឹកក្តៅត្រីមិនអាចរស់នៅបាន។ -តម្រូវការមនុស្សពីព្រៃឈើមានដូចជា(តុ ទូ កៅអីថែមទាំងគ្រឿងសង្ហាររឹម)។,15,14,4,0.9333333333333332,0.7780695404317092,3,12,1,2
359,តើប្រទេសកម្ពុជាចូលជាសមាជិក សហគមន៍អាសុីអាគ្នេយ៍ទទួលបានផលវិជ្ជមាននិងផលអវិជ្ជមានដូចម្ដេចខ្លះ?,ប្រទេសកម្ពុជាចូលជាសមាជិកសាមាសហគមន៍អាស៊ីអាគ្នេយ៍ទទួលផលវិជ្ជមាននឹងអវិជ្ជមានដូចជា៖ +ផលវិជ្ជមាន៖ -កម្ពុជាលែងឯកោទៅទៀត -បានចូលរួមនៅរាល់ការសម្រេចចិត្តនានាក្នុងតំបន់ -កម្ពុជាបានឈរស្មើមុខមាត់ជាមួយបណ្ដាប្រទេសជាសមាជិកអាស៊ាន -កម្ពុជាមានដៃគូច្រើនទាំងក្នុងតំបន់និងពិភព -កម្ពុជាអាចពង្រីកអនុភាពនិងបង្កើតតួនាទីរបស់ខ្លួនកាន់តែសកម្មភាពដែលក្នុងតំបន់នៃអន្តរជាតិ -កម្ពុជាមានសិទ្ធពេញលេញក្រោមការរៀបចំកិច្ចប្រជុំធំៗក្នុងប្រទេសខ្លួនលក្ខណៈតំបន់និងពិភពលោក -ការលើកលែងទិដ្ឋការ -កម្ពុជាក្លាយជាកន្លែងវិនិយោគដ៏មានសក្តានុពលពាណិជ្ជកម្មរវាងពាណិជ្ជកម្មនិងស្រួលជាងមុនចំពោះទីផ្សារ -សេដ្ឋកិច្ចកម្ពុជាមានកំណើនរៀងរាល់ឆ្នាំ -ប្រជាជនអាចរកការងារធ្វើទាំងក្នុងប្រទេសក្នុងតំបន់និងក្រៅតំបន់ -កំណើនភ្ញៀវទេសចរជាច្រើន +ផលអវិជ្ជមាន៖ -ពាណិជ្ជកម្មសេដ្ឋកិច្ចដំណើរការមិនល្អ -កម្ពុជាបាត់បង់ជំនឿសាសនាប្រពៃណីទំនៀមទម្លាប់,ប្រទេសកម្ពុជាចូលជាសមាជិកសាមាសហគមន៍អាស៑ននៅថ្ងៃទី 30 មេសា 1999 ទទួលផលវិជ្ជមាននឹងអវិជ្ជមានដូចជា៖ +ផលវិជ្ជមាន៖ នយោបាយ៖ -កម្ពុជាលែងឯកោតទៅទៀត -បានចូលរួមអភិវឌ្ឈ -បានចូលរួមនៅរាល់ការសម្រេចចិត្តនានាក្នុងតំបន់ -មានដៃគូសហការណ៌ជាច្រើន សេដ្ឋកិច្ច៖ -កម្ពុជា ក្លាយជាកន្លែងទាក់ទាញសម្រាប់វិនិយោគទុន -ងាយស្រួលក្នុងការធ្វើពាណិជ្ជកម្ម -ប្រជាជនមានការងារធ្វើ និងលើកកម្ពស់កម្រិតជីវភាពក្នុងតំបន់ -កំណើនភ្ញៀវទេសចរណ៍បានបង្កើនការងារ និងប្រាក់ចំណូលដល់ប្រជាជន។ សង្គម៖ -ការជួយគ្នាទៅវិញទៅមកតាមរយៈការផ្តល់បទពិសោធន៍ ចំណេះដឹង ផ្តល់អាហារូបករណ៍ដល់មន្ត្រី យុវជនកម្ពុជាឱ្យបានសិក្សារៀនសូត្រ  និងមានឱកាសផ្សេងៗទៀត។ -ទប់ស្កាត់អំពើអសកម្ម ការជួញដូរមនុស្ស គ្រឿងញៀន អាវុធ អំពើភារវកម្ម -ជនភៀសខ្លួនមានការហ្វឹកហាត់ ការសិក្សា និងបណ្តុះបណ្តាលធនធានមនុស្ស។ ទំនាក់ទំនង៖ -ជម្រុញការសាងសង់ហេដ្ឋារចនាសម្ព័ន្ធ ផ្លូវថ្នល់ ផ្លូវដែក ស្ពាន អាកាសយានដ្ឋាន កំពង់ផែ... -ការលើកស្ទួយមិត្តភាព។ +ផលវិបាក -បាត់បង់ទីផ្សារការងារ និងទីផ្សារផលិតផល -ទំនិញនាំចូលច្រើនជាងទំនិញនាំចេញ -ប្រទេសកម្ពុជាមិនទាន់មានធនធានមនុស្សគ្រប់គ្រាន់សម្រាប់ការងារក្រៅប្រទេស -ផលិតផលក្នុងស្រុកមិនទាន់មានស្តង់ដារសម្រាប់នាំចេញទៅក្រៅប្រទេស។,10,10,4,1.0,0.9432001193561987,4,9,0,1
360,ហេតុអ្វីបានជាផ្នែកឯកជនជាកម្លាំងដ៏សំខាន់សម្រាប់វិនិយោគនិងធ្វើឲ្យមានកំណើនសេដ្ឋកិច្ចក្នុងប្រទេស?,បានជាផ្នែកឯកជនជាកម្លាំងដ៏សំខាន់សម្រាប់វិនិយោគនិងធ្វើឲ្យមានកំណើនសេដ្ឋកិច្ចក្នុងប្រទេស ព្រោះប្រទេសកម្ពុជាជាប្រទេសអភិវឌ្ឍន៍ សេដ្ឋកិច្ចទីផ្សារដោយបានធ្វើកំណែទម្រង់សហគ្រាសឧស្សាហកម្មឲ្យក្លាយទៅជាកម្មសិទ្ធិឯកជន ។ សេដ្ឋកិច្ចទីផ្សារសេរីនេះនាំឲ្យអ្នករកស៊ីបរទេសចូលចិត្តមកវិនិយោគ ហើយកាលណាផ្នែកឯកជនរឹងមាំមកវិនិយោគ ហើយកាលណាផ្នែកឯកជនមិនរឹងមាំអាចបំពេញបន្ថែមវិនិយោគនិងវិស័យសង្គមកិច្ចមានន័យថាវិស័យឯកជនស្រូបយកកម្លាំងការងារកាន់តែកើនឡើង។,ព្រោះវិស័យឯកជនជាក្បាលម៉ាស៊ីនសំខាន់សម្រាប់វិនិយោគនិងធ្វើឱ្យមានកំណើនសេដ្ឋកិច្ចក្នុងប្រទេសព្រោះ៖ -ឯកជនទាំងអស់ក្នុងប្រទេសបានផ្តល់ការងារជូនប្រជាជន-បង្កើតប្រាក់ចំណូលនិងថវិកាជាតិសរុបឈើ -ធ្វើឲ្យមានលំនឹងនិងជញ្ជីងពាណិជ្ជកម្ម -ឯកជនក្រុមហ៊ុនក្នុងនិងក្រៅប្រទេសមានប្រាក់ចំណូលកាន់តែ ទ្វេដងក្នុងប្រទេស - ក្នុងពេលបច្ចុប្បន្នប្រទេសកម្ពុជាមិនមានវាយកក្រុមហ៊ុនជាច្រើនពីក្រៅប្រទេស  -ការវិនិយោគនេះអាចផ្ដល់ការងារប្រជាជនបានច្រើនក្នុងផ្នែកឧស្សាហកម្មធុនស្រាលនិង ធូរស្រាល ការណាកំណើនសេដ្ឋកិច្ចក្នុងការវិនិយោគពី  -ឯកជននិងប្រទេសមានការរីកចម្រើនខ្លាំងគួរឲ្យកត់សម្គាល់ - ប្រទេសអភិវឌ្ឍន៍មួយចំនួនដែរឧទាហរណ៍ប្រទេសមហាអំណាចសហរដ្ឋអាមេរិកសិង្ហបុរីគឺសន្ទស្សន៍សេដ្ឋកិច្ចនិងវិនិយោគពីក្រៅប្រទេសដែរ  -ចំណូលសេដ្ឋកិច្ចសម្រាប់អភិវឌ្ឍប្រទេសខ្លួនបន្ថែមទៀត។,15,15,4,1.0,0.9102564824874998,4,14,0,1
361,តើសង្គមខ្មែរនៅសម័យអង្គរមានប៉ុន្មានវណ្ណៈ? វណ្ណៈអ្វីខ្លះ? ចូលរៀបរាប់។,សង្គមខ្មែរនៅសម័យអង្គរមានប្រាំវណ្ណៈគឺ -វណ្ណៈក្សត្រឬរាជវង្សនុវង្ស (ជាស្ដេចគ្រប់គ្រងប្រទេស -វណ្ណៈមន្ត្រី (អ្នករស់នៅក្នុងរាជវាំងបម្រើស្ដេច) -វណ្ណៈព្រាហ្ម៍ឬបុព្វជិត​(គឺជាអ្នកបួស) -វណ្ណៈអ្នកជាឬកសិករ (អ្នករស់នៅនឹងធ្វើស្រែចម្ការ) -វណ្ណៈអ្នកងារឬទាសករ(ទាសករបម្រើគេតកូនតចៅ)។,សង្គមខ្មែរនៅសម័យអង្គរមានប្រាំវណ្ណៈគឺ -វណ្ណៈក្សត្រឬរាជវង្សានុវង្ស -វណ្ណៈមន្ត្រី -វណ្ណៈបុព្វជិត -វណ្ណៈអ្នកជា -វណ្ណៈទាសករនិងអ្នកងារ។,10,6,2,0.6,0.5280353669706791,2,5,0,1
362,តើគេចែកយុគសម័យបុរេប្រវត្តិសាស្ត្រកម្ពុជាជាប៉ុន្មានយុគសម័យ?អ្វីខ្លះ?,គេចែកយុគសម័យបុរេប្រវត្តិសាស្ត្រកម្ពុជាជាបីយុគសម័យគឺ -យុគថ្មបំបែក (600000 - 12000 ឆ្នាំមុនគ.ស) -យុគថ្មរលីងឬសំលៀង (8000 - 2000 ឆ្នាំមុនគ.ស) -យុគលោហៈ(2000-100 ឆ្នាំមុនគ.ស)។,គេចែកយុគសម័យបុរេប្រវត្តិសាស្ត្រកម្ពុជាជាបីយុគសម័យគឺ -យុគថ្មបំបែក (600000 - 12000 ឆ្នាំមុនគ.ស) -យុគថ្មរលីងឬសំលៀង (8000 - 2000 ឆ្នាំមុនគ.ស) -យុគលោហៈ(2000-100 ឆ្នាំមុនគ.ស)។,5,5,4,1.0,0.9891445407849986,4,5,0,0
363,តើប្រព័ន្ធផលិតកម្មកសិកម្មនៅក្នុងប្រទេសកម្ពុជាមានអ្វីខ្លះ?ចូររៀបរាប់​ ។,ប្រព័ន្ធផលិតកម្មកសិកម្មនៅប្រទេសកម្ពុជាមាន៖    _ ដំណាំ : ដំណាំស្រូវ ដំណាំកៅស៊ូ ដំណាំផ្សេងៗទៀត    _ ការចិញ្ចឹមសត្វ : ការចិញ្ចឹមសត្វលើគោក ការចិញ្ចឹមសត្វក្នុងទឹក    _ ការនេសាទ : ការនេសាទទឹកសាប ការនេសាទទឹកប្រៃ  _ ព្រៃឈើ : ផលិតផលឈើ អនុផលព្រៃឈើ(រកឃ្មុំ ជ័រទឹក វល្លិ៍ ផ្តៅ) សត្វព្រៃ ។,ប្រព័ន្ធផលិតកម្មកសិកម្មនៅប្រទេសកម្ពុជាមានដូចជា +ដំណាំ -ដំណាំស្រូវ -ដំណាំកៅស៊ូ -ដំណាំផ្សែងទៀត +ការចិញ្ចឹមសត្វ -ការចិញ្ចឹមសត្វលើគោក(គោមាន់ទាជ្រូក) -ការចិញ្ចឹមសាច់ក្នុងទឹកត្រី +ការនេសាទ -ការនេសាទទឹកសាប -ការនេសាទសប្រៃ +ព្រៃឈើ -អនុផលព្រៃឈើរកវល្លី បេះផ្លែឈើជាដើម។,10,10,4,1.0,0.8988578574610406,4,9,0,1
364,បុព្វហេតុអ្វីខ្លះដែលនាំឲ្យអាណាចក្រចេនឡាបែកបាក់ជាពីរគឺអាណាចក្រចេនឡាដីគោកនិងចេនឡាទឹកលិច?,បុព្វហេតុដែលនាំហើយអាណាចក្រចេនឡាបែកជាពីរគឺ -វិសាលភាពទឹកដីធំទូលាយ -ចម្បាំងអត់ឈប់ឈរ -សមន្ដរដ្ឋបះបោរចង់ផ្ដាច់ខ្លួន -វិបត្តិផ្ទៃក្នុង -ព្រះនាងជ័យទេវីគ្មានសមត្ថភាពគ្រប់គ្រង។,បុព្វហេតុដែលនាំហើយអាណាចក្រចេនឡាបែកជាពីរគឺ -វិសាលភាពទឹកដីធំទូលាយ -ចម្បាំងអត់ឈប់ឈរ -សមន្ដរដ្ឋបះបោរចង់ផ្ដាច់ខ្លួន -វិបត្តិផ្ទៃក្នុង -ព្រះនាងជ័យទេវីគ្មានសមត្ថភាពគ្រប់គ្រង។,7,7,4,1.0,0.9774278816832895,4,7,0,0
365,តើគេចែកយុគសម័យបុរេប្រវត្តិសាស្ត្រកម្ពុជាជាប៉ុន្មានយុគសម័យ?អ្វីខ្លះ?,គេចែកយុគសម័យបុរេប្រវត្តិសាស្ត្រកម្ពុជាជាបីយុគសម័យគឺ -យុគថ្មបំបែក (600000 - 12000 ឆ្នាំមុនគ.ស) -យុគថ្មរលីងឬសំលៀង (8000 - 2000 ឆ្នាំមុនគ.ស) -យុគលោហៈ(2000-100 ឆ្នាំមុនគ.ស)។,គេចែកយុគសម័យបុរេប្រវត្តិសាស្ត្រកម្ពុជាជាបីយុគសម័យគឺ -យុគថ្មបំបែក (600000 - 12000 ឆ្នាំមុនគ.ស) -យុគថ្មរលីងឬសំលៀង (8000 - 2000 ឆ្នាំមុនគ.ស) -យុគលោហៈ(2000-100 ឆ្នាំមុនគ.ស)។,5,5,4,1.0,0.9891445407849986,4,5,0,0
366,តើប្រព័ន្ធផលិតកម្មកសិកម្មនៅក្នុងប្រទេសកម្ពុជាមានអ្វីខ្លះ?ចូររៀបរាប់​ ។,ប្រព័ន្ធផលិតកម្មកសិកម្មនៅប្រទេសកម្ពុជាមាន៖    _ ដំណាំ : ដំណាំស្រូវ ដំណាំកៅស៊ូ ដំណាំផ្សេងៗទៀត    _ ការចិញ្ចឹមសត្វ : ការចិញ្ចឹមសត្វលើគោក ការចិញ្ចឹមសត្វក្នុងទឹក    _ ការនេសាទ : ការនេសាទទឹកសាប ការនេសាទទឹកប្រៃ  _ ព្រៃឈើ : ផលិតផលឈើ អនុផលព្រៃឈើ(រកឃ្មុំ ជ័រទឹក វល្លិ៍ ផ្តៅ) សត្វព្រៃ ។,ប្រព័ន្ធផលិតកម្មកសិកម្មនៅប្រទេសកម្ពុជាមានដូចជា -អនុផលព្រៃឈេី(កៅស៊ូ...) -ការចិញ្ចឹមសត្វ -ការនេសាទ -ការចិញ្ចឹមត្រី (វារីវប្បកម្ម) -ការធ្វើស្រែចម្ការ (ស្រូវ ពោត ដំឡូងមី...) -កសិកម្មបែបគ្រួសារ...។,10,9,4,0.9,0.8453019912874935,3,8,1,1
367,តើកត្តាអ្វីខ្លះដែលធ្វើអោយសម័យអង្គររីកចម្រើនដល់កំពូល?​ ចូលរៀបរាប់។,កត្តាដែលធ្វើអោយសម័យអង្គររីកចម្រើនគឺ: កត្តាព្រះរាជា:ព្រះរាជាចាប់ពីព្រះបាទជ័យវរ្ម័នទី 2 រហូតដល់ព្រះបាទជ័យវរ្ម័នទី 7 សុទ្ធតែជាស្ដេចខ្លាំងពូកែ កត្តានយោបាយ: នយោបាយក្នុងប្រទេសបង្រួបបង្រួមជាតិកសាងនិងការពារទឹកដី នយោបាយក្រៅប្រទេស:ចងសម្ព័ន្ធមិត្តជាមួយប្រទេសធំៗវាយយករដ្ឋតូចដាក់ជាចំណុះ កត្តាសេដ្ឋកិច្ច:រីកចម្រើនលើវិស័យកសិកម្មសិប្បកម្មគណនាគម កត្តាសាសនា:ការឯកភាពគ្នារវាងសាសនាព្រាហ្មនិងព្រះពុទ្ធ កត្តាធនធានមនុស្សបន្សល់ទុកតាំងពីសម័យនគរភ្នំនិងចេនឡាមក។,កត្តាដែលធ្វើអោយសម័យអង្គររីកចម្រើនគឺ: .កត្តាព្រះរាជា:ព្រះរាជាចាប់ពីព្រះបាទជ័យវរ្ម័នទី 2 រហូតដល់ព្រះបាទជ័យវរ្ម័នទី 7 សុទ្ធសឹងតែជាស្ដេចខ្លាំងពូកែ .កត្តានយោបាយ: +នយោបាយក្នុងប្រទេស:បង្រួបបង្រួម​ កសាង និងការពារ។ +នយោបាយក្រៅប្រទេស:ចងសម្ព័ន្ធមិត្តជាមួយប្រទេសធំៗដូចជាចិននិងឥណ្ឌា និងវាយយករដ្ឋតូចដាក់ជាចំណុះ .កត្តាសេដ្ឋកិច្ច:ការរីកចម្រើនលើវិស័យកសិកម្ម សិប្បកម្ម គណនាគមន៍ .កត្តាសាសនា:មានការឯកភាពគ្នារវាងសាសនាព្រាហ្មនិងព្រះពុទ្ធ .កត្តាធនធានមនុស្សបន្សល់ទុកតាំងពីសម័យនគរភ្នំនិងចេនឡាមក។,10,10,4,1.0,0.9710717620824149,4,10,0,0
368,តើប្រព័ន្ធផលិតកម្មកសិកម្មនៅប្រទេសកម្ពុជាមានអ្វីខ្លះ?,ប្រព័ន្ធផលិតកម្មកសិកម្មនៅកម្ពុជាមានដូចជាដំណាំដំណាំស្រូវនិងកៅស៊ូដឹកនាំផ្សេងៗទៀតការចិញ្ចឹមសត្វបានចិញ្ចឹមសត្វលើគោកការចិញ្ចឹមសត្វក្នុងទឹកការនេសាទការនេសាទទឹកសាបការនេសាទទឹកប្រៃ  ព្រៃឈើអនុផលព្រៃឈើរកឃ្មុំជ័រទឹកក្តៅសត្វព្រៃ,ប្រព័ន្ធផលិតកម្មកសិកម្មនៅប្រទេសកម្ពុជាមាន​ដូចជា៖ -ការនាំចេញនាំចូលនៅផលិតផល -ធ្វើឲ្យមានកំណើនសេដ្ឋកិច្ចកើនឡើង -មានអ្នកក្រៅប្រទេសមកវិនិយោគទុននៅប្រទេសយើងច្រើន -បង្កើតរោងចក្រផលិតផល -ជួយកែប្រែសេដ្ឋកិច្ចនៅក្នុងប្រទេស -មានដីដែលមានជីវជាតិល្អងាយស្រួលដល់ការដាំដុះ -ប្រជាជនមានដីដែលមានជីវជាតិល្អ -ងាយស្រួលដល់ការដាំដំណាំទទួលបានផលច្រើន -ប្រជាជនភាគច្រើននិយមធ្វើស្រែចម្ការ -កម្ពុជាអាចក្លាយជាប្រទេសដែកមានដំណាំល្អៗ។,15,2,1,0.1333333333333333,0.2471783297413867,1,4,0,2
369,តើគេចែកយុគសម័យបុរេប្រវត្តិសាស្ត្រកម្ពុជាជាប៉ុន្មានយុគសម័យ?អ្វីខ្លះ?,គេចែកយុគសម័យបុរេប្រវត្តិសាស្ត្រកម្ពុជាជាបីយុគសម័យគឺ -យុគថ្មបំបែក (600000 - 12000 ឆ្នាំមុនគ.ស) -យុគថ្មរលីងឬសំលៀង (8000 - 2000 ឆ្នាំមុនគ.ស) -យុគលោហៈ(2000-100 ឆ្នាំមុនគ.ស)។,គេចែកយុគសម័យបុរេប្រវត្តិសាស្ត្រកម្ពុជាជាបីយុគសម័យគឺ -យុគថ្មបំបែក (600000 - 12000 ឆ្នាំមុនគ.ស) -យុគថ្មរលីងឬសំលៀង (8000 - 2000 ឆ្នាំមុនគ.ស) -យុគលោហៈ(2000-100 ឆ្នាំមុនគ.ស)។,5,5,4,1.0,0.9891445407849986,4,5,0,0
370,តើសេដ្ឋកិច្ចកម្ពុជាពឹងផ្អែកលើវិស័យអ្វីជាសំខាន់?     ក/ ហេតុអ្វីបានជាគេនិយាយថាកម្ពុជាជាប្រទេសកសិកម្ម?     ខ/ តើគេចែកកសិករជាប៉ុន្មានប្រភេទ?អ្វីខ្លះ?,សេដ្ឋកិច្ចកម្ពុជាពឹងផ្អែកលើវិស័យកសិកម្មជាសំខាន់។   ក/ បានជាគេនិយាយថាកម្ពុជាជាប្រទេសឧស្សាហកម្មព្រោះ៖  _  សណ្ឋានដី : ដីមានជីវជាតិល្អនិងសម្បូរទំនាបល្បាប់   _ ផ្លូវទឹក : ផ្លូវទឹកខ្វាត់ខ្វែងងាយស្រួលដល់ការដាំដុះ  _ ប្រជាជន : ប្រជាជនខ្មែរភាគច្រើនចូលចិត្តធ្វើកសិកម្ម  _ អាកាសធាតុ : ទទួលអាកាសធាតុក្តៅសើម  _ កសិកម្មផ្តល់ផល50%នៃផលិតផលជាតិសរុប។  ខ/ គេចែកកសិករទាំងនោះជា4ប្រភេទគឺ៖  _ កសិករធ្វើស្រែឬអ្នកស្រែ : និយមធ្វើស្រែ ស្រូវប្រាំង ស្រូវវស្សា ស្រូវឡើងទឹក  _ កសិករតំបន់ដីខ្ពស់ : គេដាំដំណាំជាអចិន្ត្រៃយ៍(ពោត ដំឡូង ចេក កៅស៊ូសណ្តែក)  _ កសិករធ្វើចម្ការដំណាំស្រូវ : គេដាំដំណាំតាមមាត់ទន្លេ ចិញ្ចឹមសត្វនិងនេសាទ  _ កសិករភូមិភាគឦសាន: គេធ្វើដំណាំព្រៃដុតមានដូចជាពោត ដំឡូង ស្រូវរុក្ខជាតិយកមើមដទៃទៀត និងបរបាញ់សត្វផងដែរ។,សេដ្ឋកិច្ចកម្ពុជាពឹងផ្អែកលើវិស័យកសិកម្មជាសំខាន់ ជាងគេនិយាយថាកម្ពុជាជាប្រទេសកម្មនិងកសិកម្មដូចជាប្រទេសដែលពឹងផ្អែកលើវិស័យកសិកម្មជាសំខាន់ព្រោះលក្ខខណ្ឌអនុវត្តអនុគ្រោះជាច្រើនដល់វិស័យកសិកម្ម គេចែកកសិករទាំងនោះ បីប្រភេទគឺ កសិករធ្វើស្រែឬគ្រោះស្រែកមានចំណូលជាច្រើនជាអនេកមានដូចជាដំឡូងពោតល្ងនិងខ្លះទៀតចិញ្ចឹមសត្វ កសិករនៅតំបន់ដីខ្ពស់គេដាំដំណាំផ្សេងផ្សេងជាអចិន្ត្រៃយ៍មានសណ្ដែកស្រូវ ពោតដំឡូងខ្លះខ្លះទៀតចិញ្ចឹមសត្វ។ កសិករ។,20,6,1,0.3,0.44850445701014685,1,9,0,3
371,បុព្វហេតុអ្វីខ្លះដែលនាំឲ្យអាណាចក្រចេនឡាបែកបាក់ជាពីរគឺអាណាចក្រចេនឡាដីគោកនិងចេនឡាទឹកលិច?,បុព្វហេតុដែលនាំហើយអាណាចក្រចេនឡាបែកជាពីរគឺ -វិសាលភាពទឹកដីធំទូលាយ -ចម្បាំងអត់ឈប់ឈរ -សមន្ដរដ្ឋបះបោរចង់ផ្ដាច់ខ្លួន -វិបត្តិផ្ទៃក្នុង -ព្រះនាងជ័យទេវីគ្មានសមត្ថភាពគ្រប់គ្រង។,បុព្វហេតុដែលនាំហើយអាណាចក្រចេនឡាបែកជាពីរគឺ -វិសាលភាពទឹកដីធំទូលាយ -ចម្បាំងអត់ឈប់ឈរ -សមន្ដរដ្ឋបះបោរចង់ផ្ដាច់ខ្លួន -វិបត្តិផ្ទៃក្នុង -ព្រះនាងជ័យទេវីគ្មានសមត្ថភាពគ្រប់គ្រង។,7,7,4,1.0,0.9774278816832895,4,7,0,0
372,តើប្រព័ន្ធផលិតកម្មកសិកម្មនៅក្នុងប្រទេសកម្ពុជាមានអ្វីខ្លះ?ចូររៀបរាប់​ ។,ប្រព័ន្ធផលិតកម្មកសិកម្មនៅប្រទេសកម្ពុជាមាន៖    _ ដំណាំ : ដំណាំស្រូវ ដំណាំកៅស៊ូ ដំណាំផ្សេងៗទៀត    _ ការចិញ្ចឹមសត្វ : ការចិញ្ចឹមសត្វលើគោក ការចិញ្ចឹមសត្វក្នុងទឹក    _ ការនេសាទ : ការនេសាទទឹកសាប ការនេសាទទឹកប្រៃ  _ ព្រៃឈើ : ផលិតផលឈើ អនុផលព្រៃឈើ(រកឃ្មុំ ជ័រទឹក វល្លិ៍ ផ្តៅ) សត្វព្រៃ ។,ប្រព័ន្ធផលិតកម្មនៅប្រទេសកម្ពុជារួមមាន៖ -ការដាំដុះដំណាំដែលបម្រើក្នុងវិស័យឧស្សាហកម្មដូចជាដំណាំកៅស៊ូដំឡូងមី ថ្នាំជក់និងផ្លែឈើជាដើម  -ការធ្វើកសិកម្មព្រៃឈើដុតយកដីដាំដុះ -ការចិញ្ចឹមសត្វ គោក្របីមាន់ទាជ្រូក  -ការដាំដុះ ដំណាំផ្សេងផ្សេង-ការនេសាទត្រីទាំងទឹកសាបទាំងទឹកប្រៃ  -ការធ្វើអាជីវកម្មព្រៃឈើយកឈើដើម្បីនាំចេញទៅក្រៅប្រទេសឬធ្វើគ្រឿងសង្ហារឹម  -ការធ្វើស្រែចម្ការសម្រាប់ផ្គត់ផ្គង់ក្នុង រង្វង់ គ្រួសារ។,10,6,2,0.6,0.7884710473302876,3,8,1,2
373,តើអ្វីជាសង្គ្រាមត្រជាក់? តើសង្គ្រាមត្រជាក់ផ្ដល់ផលវិបាកអ្វីខ្លះដល់កម្ពុជា?,សង្គ្រាមត្រជាក់ជាការប្រឈមមុខដាក់គ្នាដោយប្រយោលរវាងសហរដ្ឋអាមេរិចនិងសហភាពសូវៀត ដោយធ្វើការប្រណាំងប្រជែងគ្នាលើផ្នែក  សេដ្ឋកិច សព្វាវុធ យោធា និងបច្ចេកទេស។ សង្រ្គាមត្រជាក់បានផ្ដល់ផលវិបាកកម្ពុជាដូចជា៖ -គ្រាប់បែករបស់សហរដ្ឋអាមេរិក 1669 ដល់ 1973  -សង្គ្រាមស៊ីវិលក្នុងប្រទេសពីឆ្នាំ 1970 ដល់ 1975 និងកើតមានម្តងទៀតពីឆ្នាំ 1979 ដល់ឆ្នាំ 1991 ដែលកើតចេញពីការប្រឆាំងគ្នារវាងក្រុមកុម្មុយនិស្តនិងសេរីនិយម -ការសម្លាប់ប្រជាជនឯងក្រោមរបស់ប្រល័យពូជសាសន៍ឆ្នាំ 1975 និងឆ្នាំ 1979  -ការផ្លាស់ប្ដូរនយោបាយជាញឹកញាប់រហូតមានការមានកិច្ចព្រមព្រៀងសន្តិភាពក្រុងប៉ារីសថ្ងៃទី 23 តុលាឆ្នាំ 1991។,សង្គ្រាមត្រជាក់គឺជាការប្រគួតប្រជែងមួយឧត្តមភាពរវាងមនោគមន៍វិជ្ជាសេរី និងគម្មុយនីស ដែលឈានទៅរកការប្រណាំងខាងបច្ចេកវិទ្យានិងសព្វាវុធ  ពោលគឺជាការកាច់បំបាក់គ្នារវាងសហរដ្ឋអាមេរិកនិងសហភាពសូវៀត។  ផលវិបាកនៃសង្គ្រាមត្រជាក់ចំពោះប្រទេសកម្ពុជាមានដូច៖ -មានវិនាសកម្មការទម្លាក់គ្រាប់បែករបស់សហរដ្ឋអាមេរិក 1969 ដល់ 1973  -សង្រ្គាមស៊ីវិលក្នុងប្រទេសពីឆ្នាំ 1970 ដល់ឆ្នាំ 1975 និងកើតម្ដងទៀតពីឆ្នាំ 1975 ដល់ 1980 ដែលកើតចេញពីការប្រឆាំងគ្នារវាងក្រុមគម្មុយនីសនឹងសេរីនិយម -ការកាប់សម្លាប់ប្រជាជនឯងក្រោមរបបប្រល័យពូជសាសន៍ឆ្នាំ 1975 ដល់ឆ្នាំ 1979  -ការផ្លាស់ប្ដូរនយោបាយញឹកញាប់រហូតដល់មានកិច្ចព្រមព្រៀងសន្តិភាពទីក្រុងប៉ារីស 23 តុលាឆ្នាំ 1991។,10,9,4,0.9,0.8395150311411432,3,8,1,1
374,តើគេចែកយុគសម័យបុរេប្រវត្តិសាស្ត្រកម្ពុជាជាប៉ុន្មានយុគសម័យ?អ្វីខ្លះ?,គេចែកយុគសម័យបុរេប្រវត្តិសាស្ត្រកម្ពុជាជាបីយុគសម័យគឺ -យុគថ្មបំបែក (600000 - 12000 ឆ្នាំមុនគ.ស) -យុគថ្មរលីងឬសំលៀង (8000 - 2000 ឆ្នាំមុនគ.ស) -យុគលោហៈ(2000-100 ឆ្នាំមុនគ.ស)។,គេចែកយុគសម័យបុរេប្រវត្តិសាស្ត្រកម្ពុជាជាបីយុគសម័យគឺ -យុគថ្មបំបែក -យុគថ្មរលីងឬសំលៀង -យុគលោហៈ។,5,3,2,0.6,0.5679649521493316,2,3,0,0
375,តើមូលហេតុអ្វីបានជាព្រះបាទពញាយ៉ាត ជ្រើសរើសយកចតុមុខធ្វើជារាជធានី?,បានជាព្រះបាទពញាយ៉ាតជ្រើសរើសក្រុងចតុមុខជារាជធានីព្រោះ មានទីតាំងភូមិសាស្ត្រល្អ គេចពីសត្រូវឈ្លានពានសៀម ដីមានជីវជាតិងាយស្រួលក្នុងការធ្វើកសិកម្ម ជាទីប្រសព្វនៃជំនួសទាំងផ្លូវគោកនិងផ្លូវទឹក សម្បូរផ្លូវក្នុងការធ្វើកសិកម្មនិងជំនួញ ភាពខាងត្បូងដីមានប្រជាជនច្រើននិងធនធានដើម្បីកសាងសេដ្ឋកិច្ចជាតិ។,បានជាព្រះបាទពញាយ៉ាតជ្រើសរើសយកចតុមុខធ្វើជារាជធានីព្រោះ ទីតាំងភូមិសាស្ត្រជាតំបន់ខ្ពង់រាបនិងមិនសូវមានទឹកលិច មានទន្លេមុខបួនប្រសព្វគ្នាទន្លេមេគង្គលើមេគង្គក្រោមទន្លេសាបនិងទន្លេបាសាក់ងាយស្រួលធ្វើនាវាចក្រររ និងការពារ មានចំណុចកណ្ដាលប្រទេសងាយស្រួលគ្រប់គ្រងនិងប្រមូលផលកសិកម្ម ដើម្បីចៀសវាងពីការ វាយរបស់សៀមដែលតែងតែវាយលុកពីទិសខាងលិច។,10,9,4,0.9,0.9583186069866196,4,10,0,1
376,តើថ្ងៃរំដោះ៧មករា១៩៧៩ មានអត្ថន័យយ៉ាងណាខ្លះចំពោះប្រវត្តិសាស្ត្រកម្ពុជា?,ជាថ្ងៃដែលប្រជាជនខ្មែររួចផុតពីសង្គ្រាមនិងការសម្លាប់ -ជាថ្ងៃដែលប្រជាជនខ្មែរស្គាល់ច្បាប់ពីតម្លៃនៃសន្តិភាព -ជាថ្ងៃដែលប្រជាជនខ្មែរស្គាល់ច្បាប់ពីតម្លៃនៃសន្តិភាព -ប្រទេសកម្ពុជាទទួលបានអធិបតេយ្យភាពនិងបូរណាភាពទឹកដី -ប្រទេសកម្ពុជាទទួលបានឯករាជ្យ -ប្រទេសកម្ពុជាអាចអភិវឌ្ឍន៍ប្រទេសជាតិរបស់ខ្លួន -ប្រទេសកម្ពុជាអាចឈរស្មើមុខមាត់លើឆាកអន្តរជាតិ -ប្រទេសកម្ពុជាកសាងនិងស្ដាយប្រទេសជាតិខ្លួនឯងឡើងវិញ -ប្រទេសកម្ពុជាអាចធ្វើទំនាក់ទំនងជាមួយបណ្ដាប្រទេសនានា.,ជាថ្ងៃដែលប្រជាពលរដ្ឋខ្មែររួចផុតពីរបបខ្មែរងងឹតប្រល័យពូជសាសន៍ -ប្រជាជនមានសិទ្ធិសេរីភាព -រួចផុតពីការគាបសង្កត់របស់ពួកខ្មែរក្រហម -កម្ពុជាមានសិទ្ធិសម្រេចជោគវាសនារបស់ខ្លួន -ប្រជាជនមានអាហារហូបចុកគ្រប់គ្រាន់ -ប្រទេសមានសន្តិភាព,8,6,3,0.75,0.7735579173378562,3,6,0,0
377,ដូចម្តេចដែលហៅថាមេយ៉ូស? ចូរនិយាយពីវគ្គផ្សេងៗនៃមេយ៉ូស។,មេយ៉ូសជាសំណុំនៃចំណែកកោសិកាពីរដងបន្តបន្ទាប់គ្នាដែលបង្កើតបានជាកោសិកាអាលូអុីតបួន ហៅថាមេយ៉ូស ។ _តេឡូផាស1 ស៊ីតូប្លាសចែកខ្លួនបានជាកោសិកាកូនពីរ ។កោសិកាកូននីមួយៗទទួលបានក្រូម៉ូសូម តែមួយពីរគូអូម៉ូឡូក ។ _ប្រផាស1 មានរយៈពេលវែង ។ _អាណាផាស1 ក្រូម៉ូសូមដំរៀបលើផ្លាស់ភ្ជាប់នឹងក្រយ៉ូងក្រូម៉ាទិចដោយសង់ក្រូងទ័ររបស់វា ។ _តេឡូផាស2 ក្រូម៉ូមនីមួយៗបានមកដល់ប៉ូលភ្នាស _មេតាផាស2 ក្រូម៉ូសូមប្រេះតាមបណ្ដោយភ្ជាប់ខ្លួនទៅនិងក្រយ៉ងក្រូម៉ាទិចដោយសង់ _ប្រូដាស2 ត្តយ៉ងអាក្រូម៉ាទិតកើតមានក្នុងកោសិកាគូនីមួយៗ _អាណាផាស2 សង់ក្រូម៉ែធ្វើចំណែកដែលនាំអោយក្រូម៉ាទិចបងប្អូនដាច់ចេញពីគ្នា ។បន្ទាប់មក ក្រូម៉ូសូមកូនទាំង2ធ្វើដំណើរឆ្ពោះទៅប៉ូលផ្ទុយគ្នារបស់ត្រយ៉ូងអាក្រូម៉ាទិច ។,មេយ៉ូសជាសំណុំនៃចំណែកកោសិកាពីរដងបន្តបន្ទាប់គ្នាដែលបង្កើតបានជាកោសិកាអាលូអុីតបួន ហៅថាមេយ៉ូស ។មានបួនវគ្គគឺ ប្រូផាស អាណាផាស មេតាផាស និង តេឡូផាស ។,10,4,2,0.4,0.422988575228037,1,4,1,0
378,តើសេដ្ឋកិច្ចកម្ពុជាពឹងផ្អែកលើវិស័យអ្វីជាសំខាន់?     ក/ ហេតុអ្វីបានជាគេនិយាយថាកម្ពុជាជាប្រទេសកសិកម្ម?     ខ/ តើគេចែកកសិករជាប៉ុន្មានប្រភេទ?អ្វីខ្លះ?,សេដ្ឋកិច្ចកម្ពុជាពឹងផ្អែកលើវិស័យកសិកម្មជាសំខាន់។   ក/ បានជាគេនិយាយថាកម្ពុជាជាប្រទេសឧស្សាហកម្មព្រោះ៖  _  សណ្ឋានដី : ដីមានជីវជាតិល្អនិងសម្បូរទំនាបល្បាប់   _ ផ្លូវទឹក : ផ្លូវទឹកខ្វាត់ខ្វែងងាយស្រួលដល់ការដាំដុះ  _ ប្រជាជន : ប្រជាជនខ្មែរភាគច្រើនចូលចិត្តធ្វើកសិកម្ម  _ អាកាសធាតុ : ទទួលអាកាសធាតុក្តៅសើម  _ កសិកម្មផ្តល់ផល50%នៃផលិតផលជាតិសរុប។  ខ/ គេចែកកសិករទាំងនោះជា4ប្រភេទគឺ៖  _ កសិករធ្វើស្រែឬអ្នកស្រែ : និយមធ្វើស្រែ ស្រូវប្រាំង ស្រូវវស្សា ស្រូវឡើងទឹក  _ កសិករតំបន់ដីខ្ពស់ : គេដាំដំណាំជាអចិន្ត្រៃយ៍(ពោត ដំឡូង ចេក កៅស៊ូសណ្តែក)  _ កសិករធ្វើចម្ការដំណាំស្រូវ : គេដាំដំណាំតាមមាត់ទន្លេ ចិញ្ចឹមសត្វនិងនេសាទ  _ កសិករភូមិភាគឦសាន: គេធ្វើដំណាំព្រៃដុតមានដូចជាពោត ដំឡូង ស្រូវរុក្ខជាតិយកមើមដទៃទៀត និងបរបាញ់សត្វផងដែរ។,"សេដ្ឋកិច្ចជាតិផ្អែកលើវិស័យកសិកម្មជាសំខាន់ព្រោះវិស័យនេះសំខាន់ដល់ជាតិដូចជា៖ -ប្រទេសកម្ពុជាគឺជាប្រទេសដែលមានសណ្ឋានដីងាយស្រួលក្នុងការដាំដំណាំនិងទទួលផលច្រើន -នៅប្រទេសកម្ពុជាការដាំដុះទទួលបានផលរីកចម្រើន ដូចជាស្រូវពោតសណ្តែកកៅស៊ូជាប្រទេសងាយស្រួលក្នុងការ សាច់គោ , សត្វគោក្របីជាដើម -ក្នុងវិស័យផលិតកម្មកសិកម្មនិងឧស្សាហកម្មមាន ការដំណើរការបានល្អដីសម្បូរទៅដោយជីវវិទ្យាដែល ភាពជោគជ័យយ៉ាងសំខាន់សម្រាប់ប្រទេសជាតិ -ប្រទេសកម្ពុជានៅក្រោមអាកាសធាតុត្រូពិក មូសុងក្រៅហើយសើមធ្វើឲ្យងាយស្រួលក្នុងការដាំដំណាំនិងធ្វើស្រែចម្ការ -កសិករភាគច្រើនចូលចិត្តដាំដំណាំនិងធ្វើស្រែចម្ការតាមរដូវវស្សារដូវប្រាំងនិងរដូវទឹកឡើង +គេបែងចែកកសិករជាបីប្រភេទដូចជា  -កសិករដាំស្រូវឬអ្នកធ្វើស្រែក -កសិករតំបន់ដីខ្ពស់ កសិករធ្វើចម្ការនិងកសិករមិនស្រូវ។",20,10,2,0.5,0.674659697366711,3,13,1,3
379,តើកត្តាអ្វីខ្លះដែលធ្វើអោយសម័យអង្គររីកចម្រើនដល់កំពូល?​ ចូលរៀបរាប់។,កត្តាដែលធ្វើអោយសម័យអង្គររីកចម្រើនគឺ: កត្តាព្រះរាជា:ព្រះរាជាចាប់ពីព្រះបាទជ័យវរ្ម័នទី 2 រហូតដល់ព្រះបាទជ័យវរ្ម័នទី 7 សុទ្ធតែជាស្ដេចខ្លាំងពូកែ កត្តានយោបាយ: នយោបាយក្នុងប្រទេសបង្រួបបង្រួមជាតិកសាងនិងការពារទឹកដី នយោបាយក្រៅប្រទេស:ចងសម្ព័ន្ធមិត្តជាមួយប្រទេសធំៗវាយយករដ្ឋតូចដាក់ជាចំណុះ កត្តាសេដ្ឋកិច្ច:រីកចម្រើនលើវិស័យកសិកម្មសិប្បកម្មគណនាគម កត្តាសាសនា:ការឯកភាពគ្នារវាងសាសនាព្រាហ្មនិងព្រះពុទ្ធ កត្តាធនធានមនុស្សបន្សល់ទុកតាំងពីសម័យនគរភ្នំនិងចេនឡាមក។,កត្តាដែលធ្វើអោយសម័យអង្គររីកចម្រើនគឺ: .កត្តាព្រះរាជា:ព្រះរាជាចាប់ពីព្រះបាទជ័យវរ្ម័នទី 2 រហូតដល់ព្រះបាទជ័យវរ្ម័នទី 7 សុទ្ធសឹងតែជាស្ដេចខ្លាំងពូកែ .កត្តានយោបាយ: +នយោបាយក្នុងប្រទេស:បង្រួបបង្រួម​ កសាង និងការពារ។ +នយោបាយក្រៅប្រទេស:ចងសម្ព័ន្ធមិត្តជាមួយប្រទេសធំៗដូចជាចិននិងឥណ្ឌា និងវាយយករដ្ឋតូចដាក់ជាចំណុះ .កត្តាសេដ្ឋកិច្ច:ការរីកចម្រើនលើវិស័យកសិកម្ម សិប្បកម្ម គណនាគមន៍ .កត្តាសាសនា:មានការឯកភាពគ្នារវាងសាសនាព្រាហ្មនិងព្រះពុទ្ធ .កត្តាធនធានមនុស្សបន្សល់ទុកតាំងពីសម័យនគរភ្នំនិងចេនឡាមក។,10,10,4,1.0,0.9710717620824149,4,10,0,0
380,តើសង្គមខ្មែរនៅសម័យអង្គរមានប៉ុន្មានវណ្ណៈ? វណ្ណៈអ្វីខ្លះ? ចូលរៀបរាប់។,សង្គមខ្មែរនៅសម័យអង្គរមានប្រាំវណ្ណៈគឺ -វណ្ណៈក្សត្រឬរាជវង្សនុវង្ស (ជាស្ដេចគ្រប់គ្រងប្រទេស -វណ្ណៈមន្ត្រី (អ្នករស់នៅក្នុងរាជវាំងបម្រើស្ដេច) -វណ្ណៈព្រាហ្ម៍ឬបុព្វជិត​(គឺជាអ្នកបួស) -វណ្ណៈអ្នកជាឬកសិករ (អ្នករស់នៅនឹងធ្វើស្រែចម្ការ) -វណ្ណៈអ្នកងារឬទាសករ(ទាសករបម្រើគេតកូនតចៅ)។,សង្គមខ្មែរនៅសម័យអង្គរមានប្រាំវណ្ណៈគឺ -វណ្ណៈក្សត្រឬរាជវង្សនុវង្ស (ជាអ្នកគ្រប់គ្រងប្រទេសទាំងមូល ) -វណ្ណៈមន្ត្រី (ជាអ្នកធ្វើការអោយព្រះមហាក្សត្រនិងខ្សែររាជវង្សដូចជាអ្នកជូនដំណឹង) -វណ្ណៈព្រាហ្ម៍ឬបុព្វជិត​(គឺជាអ្នកត្រាស់ដឹងឬជាអ្នកគោរពសាសនា) -វណ្ណៈប្រជាពលរដ្ធទូទៅ(ជាប្រជាជនធម្មតា) -វណ្ណៈអ្នកងារឬទាសករ(ជាអ្នកបម្រើគេអស់មួយជីវិត)។,10,9,4,0.9,0.9777974050038761,4,10,0,1
381,តើសង្គមខ្មែរនៅសម័យអង្គរមានប៉ុន្មានវណ្ណៈ? វណ្ណៈអ្វីខ្លះ? ចូលរៀបរាប់។,សង្គមខ្មែរនៅសម័យអង្គរមានប្រាំវណ្ណៈគឺ -វណ្ណៈក្សត្រឬរាជវង្សនុវង្ស (ជាស្ដេចគ្រប់គ្រងប្រទេស -វណ្ណៈមន្ត្រី (អ្នករស់នៅក្នុងរាជវាំងបម្រើស្ដេច) -វណ្ណៈព្រាហ្ម៍ឬបុព្វជិត​(គឺជាអ្នកបួស) -វណ្ណៈអ្នកជាឬកសិករ (អ្នករស់នៅនឹងធ្វើស្រែចម្ការ) -វណ្ណៈអ្នកងារឬទាសករ(ទាសករបម្រើគេតកូនតចៅ)។,សង្គមខ្មែរនៅសម័យអង្គរមានប្រាំវណ្ណៈគឺ -វណ្ណៈក្សត្រ -វណ្ណៈមន្ត្រី -វណ្ណៈបុព្វជិត -វណ្ណៈអ្នកជា -វណ្ណៈទាសករ។,10,5,2,0.5,0.5052297142351649,2,5,0,0
382,តើឧស្សាហកម្មមានតួនាទីចំពោះសេដ្ឋកិច្ចជាតិយ៉ាងដូចម្ដេច?,ឧស្សាហកម្មមានតួនាទីសម្រាប់សេដ្ឋកិច្ចជាតិដូចជា -ជួយបង្កើតប្រាក់ចំណូលចូលជាតិ -បង្កើតការងារដល់ប្រជាជន -បង្កើតប្រាក់ចំណូលចូលក្នុងគ្រួសារ -ប្រជាជនមានជីវភាពធូរធារ -ជួយរក្សាជញ្ជីងពាណិជ្ជកម្ម -ជួយបង្កើតទិន្នផលសម្រាប់ការនាំចេញនាំចូល -បង្កើននូវសង្ឃភារៈសម្រាប់ប្រើប្រាស់។,ឧស្សាហកម្មមានតួនាទីចំពោះសេដ្ឋកិច្ចជាតិដូចជា៖ -ឧស្សាហកម្មធ្វើឲ្យសេដ្ឋកិច្ចជាតិចម្រើន -ឧស្សាហកម្មមានច្រើនអាចជួយធ្វើឲ្យមមានប្រាក់ចំណូលជួយជាតិ -អាចឲ្យសេដ្ឋកិច្ចជាតិដើរទៅមុខ -ឧស្សាហកម្មអាចនាំចេញទៅបរទេសឬចូល -ឲ្យគេស្គាល់ណីឧស្សាហកម្ម -រីកចម្រើនបានលឿន -និងបង្កើតធនធានមនុស្ស។,15,15,4,1.0,0.9729725307010314,4,15,0,0
383,ចូរនិយាយពីកំណកាម៉ែតញី។,ការស្ថិតនៅក្រោមសារពាង្គកាយនៃពងស្វាសមានសារៈសំខាន់ដូចជាដើម្បីរក្សាសីតុណ្ហភាពឲ្យ ទាបជាងសីតុណ្ហភាពក្នុងខ្លួន ប្រហែលពី(2-3)សីតុណ្ហភាពក្នុងខ្លួន37 ។,កំណកាម៉ែតញីដំបូងកោសិកាពូជមួយរួមចំណែកពីរដងបន្តបន្ទាប់គ្នា បានកោសិកាអូវ៉ូកូរី4 ។ អូវ៉ូកូរីនីមួយៗរីកមាឌអាចជាអូវ៉ូស៊ីត1 ។អូវ៉ូស៊ីតមួយរងចំណែកមួយនៃមេយោធាហើយត្រូវបាន ឈប់គាំងនៅវគ្គប្រផ្ដាស1 ។,10,5,2,0.5,0.3587993359228663,1,4,1,1
384,ចូរពណ៏នាពីការអភិវឌ្ឍសេដ្ឋកិច្ច សង្គម នៅកម្ពុជាពីឆ្នាំ១៩៩៣ មកទល់សព្វថ្ងៃ?,ការអភិវឌ្ឈនៅកម្ពុជា +វិស័យសេដ្ឋកិច្ច -ជួយជំរុញវិស័យកសិកម្ម ឧស្សាហកម្ម ពាណិជ្ជកម្ម ទេសចរណ៌ មានការអភិវឌ្ឈ -មានកំណើនការវិនិយោគពីឯកជនបង្កើតទុនបរទេស -មានទំនាក់ទំនងពាណិជ្ជកម្មអន្តរជាតិជាមួយអាស៊ាននិងមហាអំណាចធំៗ -មានកំណើនភ្ញៀវទេសចរណ៌ជាតិនិងអន្តរជាតិ ផ្ដល់ចំណូលដល់ប្រជាជន -កសាងហេដ្ឋារចនាសម្ព័ន្ធ មានផ្លូវថ្នល់ ស្ពានដែក កំពង់ផែ អាកាសយាន្តដ្ឋាន ដោយបំពាក់ប្រព័ន្ធទឹកភ្លើងពីទីក្រុងទៅជនបទ +វិស័យសង្គម -មានការទប់ស្កាត់សង្គ្រាម -លើកស្ទួយការគោរពសិទ្ធិមនុស្ស -ទប់ស្កាត់អំពើពុករលួយ -ធ្វើឱ្យរដ្ឋាភិបាលមានលទ្ធភាពសម្រេចផែនការនានាតាមការកំណត់ -ជួយឱ្យមានរក្សាសន្តិភាព សុខសុវត្ថិភាព -មានការអភិវឌ្ឈសាលារៀន មន្ទីរពេទ្យ -មានសមភាពយែនឌ័រក្នុងសង្គម -កម្ពុជារៀបចំកម្មវិធីធំៗថ្នាក់ជាតិ។,ពណ៌នាពីការអភិវឌ្ឍសេដ្ឋកិច្ចសង្គមនៅកម្ពុជាពីឆ្នាំ 1993 មកទល់សព្វថ្ងៃ +នយោបាយឈ្នះ -នយោបាយឈ្នះបានធ្វើឲ្យរាជរដ្ឋាភិបាលបានដាក់ចេញនូវយុទ្ធសាស្ត្រត្រីកោណនិងយុទ្ធសាស្ត្រចតុកោណក្នុងការអភិវឌ្ឍសង្គមតាមរយៈកំណែទម្រង់សាធារណៈ វិមជ្ឈការកំណែទម្រង់ច្បាប់និងប្រព័ន្ធតុលាការសន្តិភាពយែនឌ័រហិរញ្ញវត្ថុលុបបំបាត់អំពើពុករលួយការគ្រប់គ្រងធនធានធម្មជាតិប្រកបដោយចីរភាព។ +សេដ្ឋកិច្ច -បង្កើតទំនាក់ទំនងពាណិជ្ជកម្មអន្តរជាតិអាស៊ាននិងមហាអំណាចធំៗលើពិភពលោក -កសិកម្មមានការរីកចម្រើនដោយរដ្ឋាភិបាលយកចិត្តទុកដាក់ក្នុងការបង្កើតប្រព័ន្ធធារាសាស្ត្រ ការបង្កាត់ពូជ ប្រើប្រាស់ដី -អនុវត្តសេដ្ឋកិច្ចទីផ្សារសេរីកម្ពុជាក្លាយជាកន្លែងវិនិយោគទុនដ៏ទាក់ទាញ -ជំរុញនិងលើកទឹកចិត្តការវិនិយោគពីឯកជនបង្កើតទន់បរទេស -ជំរុញវិស័យឧស្សហកម្មមានការរីកចម្រើនផ្នែករោងចក្រសហគ្រាសតូចធំជាច្រើន ជាពិសេសរោងចក្រវាយភ័ណ្ឌសម្រាប់បង្កើយការងារដល់ប្រជាជន  -ជៀសវាងការធ្វើចំណាកស្រុក -ជំរុញឱ្យមានការយកចិត្តទុកដាក់លើវិស័យទេសចរណ៌ វប្បធម៍និងទេសចរណ៌ធម្មជាតិ សម្រាប់ទាក់ទាញភ្ញៀវជាតិនិងអន្តរជាតិ -ធ្វើអោយអត្រាប្ដូរប្រាក់មានស្ថិរភាព -ចូលជាសមាជិកអង្គការពាណិជ្ជកម្មអន្តរជាតិ +វិស័យសង្គម -ឆ្នាំ1998មកដល់បច្ចុប្បន្នរាជរដ្ឋាភិបាលរៀបចំនូវសណ្ដាប់ធ្នាប់សង្គម រក្សាសន្តិភាពសុខសុវត្ថិភាព និងមានសន្តិភាពពេញលេញ -ធ្វើឱ្យមានសមត្ថផលជាច្រើនកើតឡើងដូចជា -កសាងសាលារៀនពីមតេយ្យសិក្សាដល់សាកលវិទ្យាល័យ -កសាងមន្ទីរពេទ្យផ្លូវថ្នល់ស្ពានប្រព័ន្ធធារាសាស្រ្តជាពិសេសសេដ្ឋកិច្ចមានការរីកចម្រើន -ប្រជាជនមានជីវភាពកាន់តែប្រសើរ +ការអនុវត្តច្បាប់ -ទប់ស្កាត់ៗនឲមានការជួញដូរមនុស្ស គ្រឿងញៀន និងអំពើភារវកម្ម -មានសិទ្ធិសេរីភាពផ្នែកសារព័ត៌មាននិងអនុញ្ញាតឲមានសិទ្ធិសេរីភាពក្នុងការបង្កើតអង្គការសង្គមស៊ីវិល -សមភាពយែនឌ័រ។,10,10,4,1.0,0.963159835177501,4,10,0,0
385,តើការស្ថិតនៅក្រៅសារពាង្គកាយនៃពងស្វាសមានសារៈសំខាន់ដូចម្តេច?,ការស្ថិតនៅក្រោមសារពាង្គកាយនៃពងស្វាសមានសារៈសំខាន់ដូចជាដើម្បីរក្សាសីតុណ្ហភាពឲ្យ ទាបជាងសីតុណ្ហភាពក្នុងខ្លួន ប្រហែលពី(2-3)សីតុណ្ហភាពក្នុងខ្លួន37 ។,ការស្ថិតនៅក្រោមសារពាង្គកាយនៃពងស្វាសមានសារៈសំខាន់ក្នុងការផលិតអរម៉ូនភេទឈ្មោលនិង បង្កើតស្ពែម៉ាតូសូអ៊ីត ។រក្សាសីតុណ្ហភាពឲ្យទាបជាងសីតុណ្ហភាពក្នុងខ្លួន ប្រហែលពី(2-3)សីតុណ្ហភាព ក្នុងខ្លួន37 ។,10,10,4,1.0,0.9379963721437208,4,9,0,1
386,តើឧស្សាហកម្មមានតួនាទីដូចម្ដេចខ្លះចំពោះសេដ្ឋកិច្ចជាតិ?,ឧស្សាហកម្មមាន​តួនាទីចំពោះសេដ្ឋកិច្ចជាតិដូចជា ៖ ​ _ ជួយបង្កើតថវិការជាតិ ​ _ ជួយបង្កើតទិន្នផលជាតិ ​​ _ ជួយឲ្យសេដ្ឋកិច្ចជាតិរីកចម្រើន  _ ប្រជាជនសំបូរធូរធារ  _អភិវឌ្ឍគ្រប់វិស័យ  _ មានទំនាក់ទំនងល្អជាមួយអ្នកជិតខាង  _ មានភាពរុងរឿងនៅក្នុងប្រទេសជាតិ។,ឧស្សាហកម្មមានតួនាទីចំពោះសេដ្ឋកិច្ចជាតិដូចជា ៖ _ ជួយបង្កើនប្រាក់ចំណូលជូនជាតិ23.8% ឆ្នាំ2008 _ បង្កើតការងារជូនប្រជាជន  _ បង្កើតប្រាក់ចំណូលក្នុងគ្រួសារ  _ ប្រជាជនមានជីវភាពធូរធារ _ ជួយរក្សាលំនឹងជញ្ជីងពាណិជ្ជកម្ម  _ ផ្ដល់ផលិតផលសម្រាប់នាំចេញ  _ ផ្ដល់ផលិតផលសម្រាប់ប្រើប្រាស់។,15,12,3,0.8,0.931330442416525,4,14,1,2
387,តើគេចែកយុគសម័យបុរេប្រវត្តិសាស្ត្រកម្ពុជាជាប៉ុន្មានយុគសម័យ?អ្វីខ្លះ?,គេចែកយុគសម័យបុរេប្រវត្តិសាស្ត្រកម្ពុជាជាបីយុគសម័យគឺ -យុគថ្មបំបែក (600000 - 12000 ឆ្នាំមុនគ.ស) -យុគថ្មរលីងឬសំលៀង (8000 - 2000 ឆ្នាំមុនគ.ស) -យុគលោហៈ(2000-100 ឆ្នាំមុនគ.ស)។,គេចែកយុគសម័យបុរេប្រវត្តិសាស្ត្រកម្ពុជាជាបីយុគសម័យគឺ -យុគថ្មបំបែក (600000 - 12000 ឆ្នាំមុនគ.ស) -យុគថ្មរលីងឬសំលៀង (8000 - 2000 ឆ្នាំមុនគ.ស) -យុគលោហៈ(2000-100 ឆ្នាំមុនគ.ស)។,5,5,4,1.0,0.9891445407849986,4,5,0,0
388,ដូចម្តេចដែលហៅថាមេយ៉ូស? ចូរនិយាយពីវគ្គផ្សេងៗនៃមេយ៉ូស។,មេយ៉ូសជាសំណុំនៃចំណែកកោសិកាពីរដងបន្តបន្ទាប់គ្នាដែលបង្កើតបានជាកោសិកាអាលូអុីតបួន ហៅថាមេយ៉ូស ។ _តេឡូផាស1 ស៊ីតូប្លាសចែកខ្លួនបានជាកោសិកាកូនពីរ ។កោសិកាកូននីមួយៗទទួលបានក្រូម៉ូសូម តែមួយពីរគូអូម៉ូឡូក ។ _ប្រផាស1 មានរយៈពេលវែង ។ _អាណាផាស1 ក្រូម៉ូសូមដំរៀបលើផ្លាស់ភ្ជាប់នឹងក្រយ៉ូងក្រូម៉ាទិចដោយសង់ក្រូងទ័ររបស់វា ។ _តេឡូផាស2 ក្រូម៉ូមនីមួយៗបានមកដល់ប៉ូលភ្នាស _មេតាផាស2 ក្រូម៉ូសូមប្រេះតាមបណ្ដោយភ្ជាប់ខ្លួនទៅនិងក្រយ៉ងក្រូម៉ាទិចដោយសង់ _ប្រូដាស2 ត្តយ៉ងអាក្រូម៉ាទិតកើតមានក្នុងកោសិកាគូនីមួយៗ _អាណាផាស2 សង់ក្រូម៉ែធ្វើចំណែកដែលនាំអោយក្រូម៉ាទិចបងប្អូនដាច់ចេញពីគ្នា ។បន្ទាប់មក ក្រូម៉ូសូមកូនទាំង2ធ្វើដំណើរឆ្ពោះទៅប៉ូលផ្ទុយគ្នារបស់ត្រយ៉ូងអាក្រូម៉ាទិច ។,មេយ៉ូសជាសំណុំនៃចំណែកកោសិកាពីរដងបន្តបន្ទាប់គ្នាដែលបង្កើតបានជាកោសិកាអាលូអុីតបួន ហៅថាមេយ៉ូស ។មានបួនវគ្គគឺ ប្រូផាស អាណាផាស មេតាផាស និង តេឡូផាស ។,10,5,2,0.5,0.422988575228037,1,4,1,1
389,តើការស្ថិតនៅក្រៅសារពាង្គកាយនៃពងស្វាសមានសារៈសំខាន់ដូចម្តេច?,ការស្ថិតនៅក្រោមសារពាង្គកាយនៃពងស្វាសមានសារៈសំខាន់ដូចជាដើម្បីរក្សាសីតុណ្ហភាពឲ្យ ទាបជាងសីតុណ្ហភាពក្នុងខ្លួន ប្រហែលពី(2-3)សីតុណ្ហភាពក្នុងខ្លួន37 ។,ការស្ថិតនៅក្រោមសារពាង្គកាយនៃពងស្វាសមានសារៈសំខាន់ក្នុងការផលិតអរម៉ូនភេទឈ្មោលនិង បង្កើតស្ពែម៉ាតូសូអ៊ីត ។,10,3,1,0.3,0.23129128515202507,1,2,0,1
390,តើព្រះបាទពញាយ៉ាតមានបុត្រប៉ុន្មានអង្គព្រះនាមអ្វីខ្លះ?ជាមួយអ្នកម្នាងណាខ្លះ?,ព្រះបាទពញាយ៉ាតមានបុត្របីអង្គគឺ នារាយណ៍រាជា ជាបុត្រជាមួយម្នាងទេវី ស្រីរាជាជាបុត្រជាមួយបុទុមកេសរ និងធម្មរាជាជាបុត្រជាមួយសុីសង៉ាម(បុត្រីស្ដេចសៀម)។,ព្រះបាទពញាយ៉ាតមានបុត្របីអង្គគឺ នារាយណ៍រាជា ជាបុត្រជាមួយម្នាងទេវី ស្រីរាជាជាបុត្រជាមួយបុទុមកេសរ និងធម្មរាជាជាបុត្រជាមួយសុីសង៉ាម(បុត្រីស្ដេចសៀម)។,5,5,4,1.0,0.9798475525860395,4,5,0,0
391,បុព្វហេតុអ្វីខ្លះដែលនាំឲ្យអាណាចក្រចេនឡាបែកបាក់ជាពីរគឺអាណាចក្រចេនឡាដីគោកនិងចេនឡាទឹកលិច?,បុព្វហេតុដែលនាំហើយអាណាចក្រចេនឡាបែកជាពីរគឺ -វិសាលភាពទឹកដីធំទូលាយ -ចម្បាំងអត់ឈប់ឈរ -សមន្ដរដ្ឋបះបោរចង់ផ្ដាច់ខ្លួន -វិបត្តិផ្ទៃក្នុង -ព្រះនាងជ័យទេវីគ្មានសមត្ថភាពគ្រប់គ្រង។,បុព្វហេតុដែលនាំហើយអាណាចក្រចេនឡាបែកជាពីរគឺ -វិសាលភាពទឹកដីធំទូលាយ -ចម្បាំងអត់ឈប់ឈរ -សមន្ដរដ្ឋបះបោរចង់ផ្ដាច់ខ្លួន -វិបត្តិផ្ទៃក្នុង -ព្រះនាងជ័យទេវីគ្មានសមត្ថភាពគ្រប់គ្រង។,7,7,4,1.0,0.9774278816832895,4,7,0,0
392,តើឧស្សាហកម្មមានតួនាទីដូចម្ដេចខ្លះចំពោះសេដ្ឋកិច្ចជាតិ?,ឧស្សាហកម្មមាន​តួនាទីចំពោះសេដ្ឋកិច្ចជាតិដូចជា ៖ ​ _ ជួយបង្កើតថវិការជាតិ ​ _ ជួយបង្កើតទិន្នផលជាតិ ​​ _ ជួយឲ្យសេដ្ឋកិច្ចជាតិរីកចម្រើន  _ ប្រជាជនសំបូរធូរធារ  _អភិវឌ្ឍគ្រប់វិស័យ  _ មានទំនាក់ទំនងល្អជាមួយអ្នកជិតខាង  _ មានភាពរុងរឿងនៅក្នុងប្រទេសជាតិ។,ឧស្សាហកម្មមានតួនាទីចំពោះសេដ្ឋកិច្ចយ៉ាងច្រើនបែប៖  _ ជួយឲ្យប្រជាជនមានការងារធ្វើ   _ ប្រជាជនអាចរកប្រាក់ចំណូលបានដើម្បីផ្គត់ផ្គង់គ្រួសារ   _ ធ្វើសេដ្ឋកិច្ចមានការរីកចម្រើនផ្នែកឧស្សាហកម្ម   _ អាចនាំផលិតផលទៅលក់នៅក្រៅប្រទេស   _ ធ្វើឲ្យប្រទេសជាតិមានការអភិវឌ្ឍកាន់តែច្រើន   _ អាចផលិតឧបករណ៍ដោយខ្លួនឯង   _ រកប្រាក់ចំណូលពីទេសចរណ៍។,15,15,4,1.0,0.975158835129222,4,15,0,0
393,តើកត្តាអ្វីខ្លះដែលធ្វើអោយសម័យអង្គររីកចម្រើនដល់កំពូល?​ ចូលរៀបរាប់។,កត្តាដែលធ្វើអោយសម័យអង្គររីកចម្រើនគឺ: កត្តាព្រះរាជា:ព្រះរាជាចាប់ពីព្រះបាទជ័យវរ្ម័នទី 2 រហូតដល់ព្រះបាទជ័យវរ្ម័នទី 7 សុទ្ធតែជាស្ដេចខ្លាំងពូកែ កត្តានយោបាយ: នយោបាយក្នុងប្រទេសបង្រួបបង្រួមជាតិកសាងនិងការពារទឹកដី នយោបាយក្រៅប្រទេស:ចងសម្ព័ន្ធមិត្តជាមួយប្រទេសធំៗវាយយករដ្ឋតូចដាក់ជាចំណុះ កត្តាសេដ្ឋកិច្ច:រីកចម្រើនលើវិស័យកសិកម្មសិប្បកម្មគណនាគម កត្តាសាសនា:ការឯកភាពគ្នារវាងសាសនាព្រាហ្មនិងព្រះពុទ្ធ កត្តាធនធានមនុស្សបន្សល់ទុកតាំងពីសម័យនគរភ្នំនិងចេនឡាមក។,កត្តាដែលធ្វើអោយសម័យអង្គររីកចម្រើនគឺ: .កត្តាព្រះរាជា:ព្រះរាជាចាប់ពីព្រះបាទជ័យវរ្ម័នទី 2 រហូតដល់ព្រះបាទជ័យវរ្ម័នទី 7 សុទ្ធសឹងតែជាស្ដេចខ្លាំងពូកែ .កត្តានយោបាយ: +នយោបាយក្នុងប្រទេស:បង្រួបបង្រួម​ កសាង និងការពារ។ +នយោបាយក្រៅប្រទេស:ចងសម្ព័ន្ធមិត្តជាមួយប្រទេសធំៗដូចជាចិននិងឥណ្ឌា និងវាយយករដ្ឋតូចដាក់ជាចំណុះ .កត្តាសេដ្ឋកិច្ច:ការរីកចម្រើនលើវិស័យកសិកម្ម សិប្បកម្ម គណនាគមន៍ .កត្តាសាសនា:មានការឯកភាពគ្នារវាងសាសនាព្រាហ្មនិងព្រះពុទ្ធ .កត្តាធនធានមនុស្សបន្សល់ទុកតាំងពីសម័យនគរភ្នំនិងចេនឡាមក។,10,10,4,1.0,0.9710717620824149,4,10,0,0
394,តើមូលហេតុអ្វីបានជាព្រះបាទពញាយ៉ាត ជ្រើសរើសយកចតុមុខធ្វើជារាជធានី?,បានជាព្រះបាទពញាយ៉ាតជ្រើសរើសក្រុងចតុមុខជារាជធានីព្រោះ មានទីតាំងភូមិសាស្ត្រល្អ គេចពីសត្រូវឈ្លានពានសៀម ដីមានជីវជាតិងាយស្រួលក្នុងការធ្វើកសិកម្ម ជាទីប្រសព្វនៃជំនួសទាំងផ្លូវគោកនិងផ្លូវទឹក សម្បូរផ្លូវក្នុងការធ្វើកសិកម្មនិងជំនួញ ភាពខាងត្បូងដីមានប្រជាជនច្រើននិងធនធានដើម្បីកសាងសេដ្ឋកិច្ចជាតិ។,មូលហេតុដែលព្រះពញាយ៉ាតជ្រើសរើសចតុមុខក៏ធ្វើជារាជធានីព្រោះ មានទីតាំងភូមិសាស្ត្រល្អ ទីតាំងមានដីដែលមានជីវជាតិល្អងាយស្រួលធ្វើកសិកម្ម ជាទីតាំងប្រសព្វនៃជំនួញទាំងផ្លូវទឹកនិងផ្លូវគោក សម្បូរផ្លូវទឹកសម្រាប់ធ្វើកសិកម្មនិងជំនួញ ភាគខាងត្បូងមានប្រជាជនច្រើននិងមានធនធានសម្រាប់កសាងសេដ្ឋកិច្ចផងដែរ។,10,10,4,1.0,0.966874658002673,4,10,0,0
395,បុព្វហេតុអ្វីខ្លះដែលនាំឲ្យអាណាចក្រចេនឡាបែកបាក់ជាពីរគឺអាណាចក្រចេនឡាដីគោកនិងចេនឡាទឹកលិច?,បុព្វហេតុដែលនាំហើយអាណាចក្រចេនឡាបែកជាពីរគឺ -វិសាលភាពទឹកដីធំទូលាយ -ចម្បាំងអត់ឈប់ឈរ -សមន្ដរដ្ឋបះបោរចង់ផ្ដាច់ខ្លួន -វិបត្តិផ្ទៃក្នុង -ព្រះនាងជ័យទេវីគ្មានសមត្ថភាពគ្រប់គ្រង។,បុព្វហេតុដែលនាំហើយអាណាចក្រចេនឡាបែកជាពីរគឺ -វិសាលភាពទឹកដីធំទូលាយ -ចម្បាំងអត់ឈប់ឈរ -សមន្ដរដ្ឋបះបោរចង់ផ្ដាច់ខ្លួន -វិបត្តិផ្ទៃក្នុង -ព្រះនាងជ័យទេវីគ្មានសមត្ថភាពគ្រប់គ្រង។,7,7,4,1.0,0.9774278816832895,4,7,0,0
396,តើគេចែកយុគសម័យបុរេប្រវត្តិសាស្ត្រកម្ពុជាជាប៉ុន្មានយុគសម័យ?អ្វីខ្លះ?,គេចែកយុគសម័យបុរេប្រវត្តិសាស្ត្រកម្ពុជាជាបីយុគសម័យគឺ -យុគថ្មបំបែក (600000 - 12000 ឆ្នាំមុនគ.ស) -យុគថ្មរលីងឬសំលៀង (8000 - 2000 ឆ្នាំមុនគ.ស) -យុគលោហៈ(2000-100 ឆ្នាំមុនគ.ស)។,គេចែកយុគសម័យបុរេប្រវត្តិសាស្ត្រកម្ពុជាជាបីយុគសម័យគឺ -យុគថ្មបំបែក (600000 - 12000 ឆ្នាំមុនគ.ស) -យុគថ្មរលីងឬសំលៀង (8000 - 2000 ឆ្នាំមុនគ.ស) -យុគលោហៈ(2000-100 ឆ្នាំមុនគ.ស)។,5,5,4,1.0,0.9891445407849986,4,5,0,0
397,តើឧស្សាហកម្មមានតួនាទីដូចម្ដេចខ្លះចំពោះសេដ្ឋកិច្ចជាតិ?,ឧស្សាហកម្មមាន​តួនាទីចំពោះសេដ្ឋកិច្ចជាតិដូចជា ៖ ​ _ ជួយបង្កើតថវិការជាតិ ​ _ ជួយបង្កើតទិន្នផលជាតិ ​​ _ ជួយឲ្យសេដ្ឋកិច្ចជាតិរីកចម្រើន  _ ប្រជាជនសំបូរធូរធារ  _អភិវឌ្ឍគ្រប់វិស័យ  _ មានទំនាក់ទំនងល្អជាមួយអ្នកជិតខាង  _ មានភាពរុងរឿងនៅក្នុងប្រទេសជាតិ។,ឧស្សាហកម្មមានតួនាទីចំពោះសេដ្ឋកិច្ចជាតិដូចជា ជួយបង្កើនប្រាក់ចំណូលចូលជាតិម្ភៃបីក្បៀសប្រាំបីភាគរយឆ្នាំពីរពាន់ប្រាំបី បង្កើតការងារដល់ប្រជាជន ផ្ដល់ប្រាក់ចំណូលជួយគ្រួសារប្រជាជនមានជីវភាពធូរធារ ជួយរក្សាលំនឹងជញ្ជីងពាណិជ្ជកម្ម ផ្ដល់ធនធានសម្រាប់ដាំចេកផ្តល់ផលិតផលសម្រាប់ប្រើប្រាស់។,15,5,1,0.3333333333333333,0.36178606162774696,1,5,0,0
398,ចូរពណ៌នាពីពីការអភិវឌ្ឍសេដ្ឋកិច្ច សង្គម នៅកម្ពុជាពីឆ្នាំ១៩៩៣ មកទល់សព្វថ្ងៃ?,ពណ៌នាពីពីការអភិវឌ្ឍសេដ្ឋកិច្ច សង្គម នៅកម្ពុជាពីឆ្នាំ១៩៩៣ មកទល់សព្វថ្ងៃ .វិស័យសេដ្ឋកិច្ច:  +សេដ្ឋកិច្ចកម្ពុជាមានការរីកចម្រើនឡើងជាបន្តបន្ទាប់ដែលធ្វើឲ្យប្រទេសកម្ពុជាមានជីវភាពល្អប្រសើរ។ +កសិកម្មរីកចម្រើនខាងដាំដំណាំស្រូវទទួលបានទិន្នផលខ្ពស់ជាបន្តបន្ទាប់ +ឧស្សាហកម្មមានតំណាងរោងចក្រច្រើនកន្លែងនិងលើកឡើងនៅសហគ្រឿងធំៗដែលបានផ្ដល់ចំណូលដល់ប្រជាពលរដ្ឋ +ពាណិជ្ជកម្មកាលនាំចូលមកក្នុងប្រទេសនិងមានវិនិយោគក្នុងប្រទេស +គមនាគមន៍កសាងស្ពានផ្លូវថ្នល់អាកាសយានដ្ឋានផ្គត់ផ្គង់ប្រព័ន្ធទឹកពីទីក្រុងដល់ជនបទ កំពុងផែ +ហិរញ្ញវត្ថុមានស្ថេរភាពក្នុងអត្រាប្ដូរប្រាក់ +ធនាគារលើកឡើងនៅធនាគារជាតិហ្នឹងឯកជនជាច្រើន .វិស័យសង្គម +ការអប់រំសិក្សា បង្កើតសាលារៀនគ្រប់កម្រិតពីមត្តីរហូតដល់ឧត្តមសិក្សាបណ្ដុះបណ្ដាលធនធានមនុស្សនិងបញ្ជូននិស្សិតឲ្យទៅរៀននៅក្រៅប្រទេស។ +វប្បធម៌អរិយធម៌ ស្ដារវប្បធម៌ឡើងវិញនិងដាក់បញ្ចូលជាសម្បត្តិបេតិកភណ្ឌពិភពលោកចាប់ផ្ដើមប្រជាជនមានសិទ្ធិជឿលើសាសនា។ +សុខាភិបាលបង្កើតឲ្យមានមន្ទីរពេទ្យលោកសុខភាពនិងឱសថសាស្ត្រ +សិល្បៈបង្កើតឲ្យមានសាលាសាកលវិទ្យាល័យសិល្បៈ.,ពណ៌នាពីពីការអភិវឌ្ឍសេដ្ឋកិច្ច សង្គម នៅកម្ពុជាពីឆ្នាំ១៩៩៣ មកទល់សព្វថ្ងៃ -កម្ពុជាមានការកើនឡើងនៅផលិតផលនិងការនាំចេញទៅក្រៅប្រទេសជាមួយប្រទេសធំៗលើពិភពលោកពិសេសប្រទេសមហាអំណាចធំៗ -មានការរីកចម្រើនផ្នែកឧស្សាហកម្មសំបូរទៅដោយរោងចក្រកាត់ដេរដែលធ្វើប្រជាជនមានការងារធ្វើ +វិស័យ -វិស័យហិរញ្ញវត្ថុមានអតិភាពក្រដាសប្រាក់ -វិស័យទេសចរណ៍ការកើនឡើងនៅភ្ញៀវទេសចរណ៍បង្កើតការងារប្រាក់ចំណូលដល់ប្រជាពលរដ្ឋដោយបំពាក់ប្រព័ន្ធទឹកភ្លើងពីទីក្រុងដើរជនបទ +វិស័យសង្គមវប្បធម៌ -អប់រំសិក្សាបង្កើតសាលារៀនគ្រប់កម្រិតគ្រប់ទីកន្លែងនិងបង្កើតធនធានមនុស្ស -សុខាភិបាលសាងសង់មន្ទីរពេទ្យមនុស្សសុខភាពពីទីក្រុងដល់ជនបទ -វប្បធម៌កោះកែរស់យកវប្បធម៌ឡើងវិញ -សាសនាសុខដុមរមនាកម្មខាងសាសនា -អរិយធម៌របៀបរបបប្រពៃណីនៃការរស់នៅ,10,8,3,0.8,0.8038401215741695,3,8,0,0
399,ចូររៀបរាប់អំពីទំនាក់ទំនងរវាងការដាំដុះអាជីវកម្មព្រៃឈើនិងនេសាទ។,ទំនាក់ទំនងរវាង ការដាំដុះអាជីវកម្មព្រៃឈើ និងការនេសាទ៖  _ ការដាំដុះអាជីវកម្មព្រៃឈើ និងការនេសាទ ជាភោគទ្រព្យយ៉ាងសំខាន់សម្រាប់ប្រជាជនក្នុងការទ្រទ្រង់ក្នុងជីវភាពរស់នៅនិងការអភិវឌ្ឍន៍ប្រទេសជាតិ   _ ដើម្បីបំពេញតម្រូវការក្នុងកសិកម្មផលិតកម្មនិងត្រូវការផ្សេងៗ មនុស្សនាំគ្នាកាប់ព្រៃឈើដើម្បីធ្វើអាជីវកម្មព្រៃឈើជាមូលហេតុធ្វើឲ្យអាកាសធាតុប្រែប្រួលប៉ះពាល់ដល់ជីវិតមនុស្ស សត្វ និងរុក្ខជាតិ  ​ _ អតិផលនៃប្រព័ន្ធកសិកម្ម នាំឲ្យមានកំណើននៃការប្រើប្រាស់គីមីនិងថ្នាំសម្លាប់សត្វល្អិត។ ជីគីមី និងថ្នាំសម្លាប់សត្វល្អិត ទាំងនោះហូរទៅផ្ដុំគ្នានៅតាមផ្លូវទឹកនានា បំផ្លាញជីវិតសត្វនិងពូជធម្មជាតិ។,រៀបរាប់ទំនាក់ទំនងរវាងការដាំដុះអាជីវកម្មព្រៃឈើនិងការនេសាទ៖  + អាជីវកម្មព្រៃឈើ       _ ការដាំដុះព្រៃឈើ      _ ការការពារព្រៃឈើ      _ ចូលរួមថែរក្សាព្រៃឈើនិងមិនត្រូវកាប់បំផ្លាញព្រៃឈើ      _ ចូលរួមលុបបំបាត់កាប់ឈើដើម្បីនាំចេញក្រៅស្រុក     _ មិនត្រូវដុតបំផ្លាញព្រៃឈើ     _ ការដាំដុះអាជីវកម្មព្រៃឈើឲ្យបានច្រើន     _ ចូលរួមគោរពច្បាប់ថែរក្សាព្រៃឈើឲ្យបានល្អ  + ការនេសាទ     _ ត្រូវចូលរួមថែរក្សាការនេសាទ     _ មិនត្រូវនេសាទហួសកំណត់     _ មិនត្រូវយកឆក់មកនេសាទ(នាំឲ្យផុតពូជ)     _ មិនត្រូវពិនិត្យមើលម៉ងឬសំណាញ់មុននេសាទ     _ ត្រូវចូលរួមថែរក្សាត្រីកុំដាក់ថ្នាំបំពុល។,15,5,1,0.3333333333333333,0.28118067079713904,1,4,0,1
400,ហេតុអ្វីបានជាផ្នែកឯកជនជាកម្លាំងដ៏សំខាន់សម្រាប់វិនិយោគ និងធ្វើឲ្យមានកំណើនសេដ្ឋកិច្ចក្នុងប្រទេស?,បានជាផ្នែកឯកជនជាកម្លាំងដ៏សំខាន់សម្រាប់កំណើនសេដ្ឋកិច្ចកម្ពុជាព្រោះ -កម្ពុជាបានអនុវត្តសេដ្ឋកិច្ចទីផ្សារសេរីដោយបានធ្វើកំណែទម្រង់ពីសហគ្រាសរដ្ឋឲ្យក្លាយទៅជាកម្មសិទ្ធិឯកជន -សេដ្ឋកិច្ចទីផ្សារសេរីនាំឲ្យអ្នករកស៊ីចូលចិត្តមករកស៊ីនិងដាក់វិនិយោគទុន -កាលណាភ្នែកឯកជនរឹងមាំអាចជួយបំពេញបន្ថែមលើវិនិយោគសាធារណៈក្នុងវិស័យសេដ្ឋកិច្ចគឺផ្នែកឯកជនអាចស្រូបយកកម្លាំងពលកម្មកើនឡើង។,បានជាផ្នែកឯកជនជាកម្លាំងដ៏សំខាន់សម្រាប់វិនិយោគនិងធ្វើឲ្យមានកំណើនសេដ្ឋកិច្ចព្រោះ៖ -កម្ពុជាជាប្រទេសអភិវឌ្ឍន៍សេដ្ឋកិច្ចទីផ្សារសេរីចាប់ពីឆ្នាំ១៩៩៣​ ដោយបានធ្វើកំណែទម្រង់សហគ្រាសឲ្យក្លាយកម្មសិទ្ធឯកជន -សេដ្ឋកិច្ចទីផ្សារសេរីនេះនាំអ្នករកស៊ីបរទេសចូលចិត្តមកវិនិយោគ -កាលណាផ្នែកឯកជនរឹងមាំអាចបំពេញបន្ថែមវិនិយោគសាធារណៈក្នុងវិស័យសង្គមកិច្ចមានន័យថាវិស័យឯកជនអាចស្រូបយលកម្លាំង ការងារកាន់តែច្រើនឡើង។,15,15,4,1.0,0.9327677120909716,4,14,0,1
401,តើគេចែកយុគសម័យបុរេប្រវត្តិសាស្ត្រកម្ពុជាជាប៉ុន្មានយុគសម័យ?អ្វីខ្លះ?,គេចែកយុគសម័យបុរេប្រវត្តិសាស្ត្រកម្ពុជាជាបីយុគសម័យគឺ -យុគថ្មបំបែក (600000 - 12000 ឆ្នាំមុនគ.ស) -យុគថ្មរលីងឬសំលៀង (8000 - 2000 ឆ្នាំមុនគ.ស) -យុគលោហៈ(2000-100 ឆ្នាំមុនគ.ស)។,គេចែកយុគសម័យបុរេប្រវត្តិសាស្ត្រកម្ពុជាជាបីយុគសម័យគឺ -យុគថ្មបំបែក -យុគថ្មរលីងឬសំលៀង -យុគលោហៈ។,5,3,2,0.6,0.5679649521493316,2,3,0,0
402,តើព្រះអង្គឌួងមានស្នាព្រហស្ថអ្វីខ្លះចំពោះប្រទេសជាតិនិងប្រជារាស្ត្រខ្មែរ?,ព្រះបាទអង្គឌួងមានស្នាព្រហស្តដូចជាផ្នែករដ្ឋបាលរៀបចំប្រព័ន្ធរដ្ឋបាលនិងច្បាប់ទម្លាប់ស្ដារឡើងវិញមានរបៀបផ្នែកសេដ្ឋកិច្ចលើកស្ទួយវិស័យកសិកម្មជួសជុលប្រព័ន្ធ សេះនិងពាណិជ្ជកម្ម ភ្នែកបរទេសស្វែងរកជំនួយពីបារាំងដើម្បីទប់ទល់នឹងការត្រួតត្រាយួននិងសៀម ផ្នែកវប្បធម៌លើកស្ទួយវប្បធម៌អក្សរសាស្ត្រខ្មែរនិង សាសនា កត្តាផ្ទៃក្នុង ការបែកបាក់រាជវង្សានុវង្សបែកបាក់សាមគ្គី។,ស្នាព្រះហស្ថរបស់ព្រះបាទអង្គឌួងរួមមាន ការកសាងវត្តអារាម ការរៀបចំច្បាប់ទម្លាប់ ការចងក្រងអក្សរសាស្ត្រនិងការពារឯករាជ្យជាតិពីសៀមនិងយួន។,15,8,2,0.5333333333333333,0.5519744643039743,2,8,0,0
403,តើកត្តាអ្វីខ្លះដែលធ្វើអោយសម័យអង្គររីកចម្រើនដល់កំពូល?​ ចូលរៀបរាប់។,កត្តាដែលធ្វើអោយសម័យអង្គររីកចម្រើនគឺ: កត្តាព្រះរាជា:ព្រះរាជាចាប់ពីព្រះបាទជ័យវរ្ម័នទី 2 រហូតដល់ព្រះបាទជ័យវរ្ម័នទី 7 សុទ្ធតែជាស្ដេចខ្លាំងពូកែ កត្តានយោបាយ: នយោបាយក្នុងប្រទេសបង្រួបបង្រួមជាតិកសាងនិងការពារទឹកដី នយោបាយក្រៅប្រទេស:ចងសម្ព័ន្ធមិត្តជាមួយប្រទេសធំៗវាយយករដ្ឋតូចដាក់ជាចំណុះ កត្តាសេដ្ឋកិច្ច:រីកចម្រើនលើវិស័យកសិកម្មសិប្បកម្មគណនាគម កត្តាសាសនា:ការឯកភាពគ្នារវាងសាសនាព្រាហ្មនិងព្រះពុទ្ធ កត្តាធនធានមនុស្សបន្សល់ទុកតាំងពីសម័យនគរភ្នំនិងចេនឡាមក។,កត្តាដែលធ្វើអោយសម័យអង្គររីកចម្រើនគឺ: កត្តាព្រះរាជា:ព្រះរាជាចាប់ពីព្រះបាទជ័យវរ្ម័នទី 2 រហូតដល់ព្រះបាទជ័យវរ្ម័នទី 7 សុទ្ធសឹងតែជាស្ដេចខ្លាំងពូកែ កត្តានយោបាយ: នយោបាយក្នុងប្រទេសបង្រួបបង្រួមជាតិកសាងនិងការពារទឹកដី នយោបាយក្រៅប្រទេស:ចងសម្ព័ន្ធមិត្តជាមួយប្រទេសធំៗវាយយករដ្ឋតូចដាក់ជាចំណុះ កត្តាសេដ្ឋកិច្ច:រីកចម្រើនលើវិស័យកសិកម្មសិប្បកម្មគណនាគមន៍ កត្តាសាសនា:ការឯកភាពគ្នារវាងសាសនាព្រាហ្មនិងព្រះពុទ្ធ កត្តាធនធាន:មនុស្សបន្សល់ទុកតាំងពីសម័យនគរភ្នំនិងចេនឡាមក។,10,10,4,1.0,0.971431158487333,4,10,0,0
404,តើគេចែកយុគសម័យបុរេប្រវត្តិសាស្ត្រកម្ពុជាជាប៉ុន្មានយុគសម័យ?អ្វីខ្លះ?,គេចែកយុគសម័យបុរេប្រវត្តិសាស្ត្រកម្ពុជាជាបីយុគសម័យគឺ -យុគថ្មបំបែក (600000 - 12000 ឆ្នាំមុនគ.ស) -យុគថ្មរលីងឬសំលៀង (8000 - 2000 ឆ្នាំមុនគ.ស) -យុគលោហៈ(2000-100 ឆ្នាំមុនគ.ស)។,គេចែកយុគសម័យបុរេប្រវត្តិសាស្ត្រកម្ពុជាជាបីយុគសម័យគឺ -យុគថ្មបំបែក -យុគថ្មរលីងឬសំលៀង -យុគលោហៈ។,5,3,2,0.6,0.5679649521493316,2,3,0,0
405,តើឧស្សាហកម្មមានតួនាទីដូចម្ដេចខ្លះចំពោះសេដ្ឋកិច្ចជាតិ?,ឧស្សាហកម្មមាន​តួនាទីចំពោះសេដ្ឋកិច្ចជាតិដូចជា ៖ ​ _ ជួយបង្កើតថវិការជាតិ ​ _ ជួយបង្កើតទិន្នផលជាតិ ​​ _ ជួយឲ្យសេដ្ឋកិច្ចជាតិរីកចម្រើន  _ ប្រជាជនសំបូរធូរធារ  _អភិវឌ្ឍគ្រប់វិស័យ  _ មានទំនាក់ទំនងល្អជាមួយអ្នកជិតខាង  _ មានភាពរុងរឿងនៅក្នុងប្រទេសជាតិ។,ឧស្សាហកម្មមានតួនាទីចំពោះសេដ្ឋកិច្ចដូចជា -ផ្តល់កាងារឲ្យប្រជាជនធ្វើ -ផ្ដល់ចំណូលដល់សេដ្ឋកិច្ចជាតិមាន២៣.៨%ឆ្នាំ២០០៨ -ផ្ដល់ផលិតផលសម្រាប់នាំចេញ -ផ្ដល់ផលិតផលសម្រាប់ប្រើប្រាស់ -ជួយរក្សាលំនឹងជញ្ជីងពាណិជ្ជកម្ម។,15,15,4,1.0,0.9805807039869816,4,15,0,0
406,តើប្រព័ន្ធផលិតកម្មកសិកម្មនៅប្រទេសកម្ពុជាមានអ្វីខ្លះ?,ប្រព័ន្ធផលិតកម្មកសិកម្មនៅកម្ពុជាមានដូចជាដំណាំដំណាំស្រូវនិងកៅស៊ូដឹកនាំផ្សេងៗទៀតការចិញ្ចឹមសត្វបានចិញ្ចឹមសត្វលើគោកការចិញ្ចឹមសត្វក្នុងទឹកការនេសាទការនេសាទទឹកសាបការនេសាទទឹកប្រៃ  ព្រៃឈើអនុផលព្រៃឈើរកឃ្មុំជ័រទឹកក្តៅសត្វព្រៃ,ប្រព័ន្ធផលិតកម្មកសិកម្មនៅប្រទេសកម្ពុជាមាន​ដូចជា៖ -ដំណាំមាន ៥០.៧%(ស្រូវ ពោត ដំឡូង ក្រចៅ ថ្នាំជក់ ចម្ការកោស៊ូ) -ការចិញ្ចិមសត្វ ១៥.៥%(គោ មាន់ ទា​ ក្របី ត្រី និងការនេសាទ) -ការនេសាទ២៥% ការឆក់ត្រី ទឹកសាប ទឹកប្រៃ -ព្រៃឈើអាជីវកម្ម ៦.៨% (ការប្រកបរបរអាំជីវកម្មព្រៃឈើ)។,15,10,3,0.6666666666666666,0.6652107662058678,3,10,0,0
407,តើសង្គមខ្មែរនៅសម័យអង្គរមានប៉ុន្មានវណ្ណៈ? វណ្ណៈអ្វីខ្លះ? ចូលរៀបរាប់។,សង្គមខ្មែរនៅសម័យអង្គរមានប្រាំវណ្ណៈគឺ -វណ្ណៈក្សត្រឬរាជវង្សនុវង្ស (ជាស្ដេចគ្រប់គ្រងប្រទេស -វណ្ណៈមន្ត្រី (អ្នករស់នៅក្នុងរាជវាំងបម្រើស្ដេច) -វណ្ណៈព្រាហ្ម៍ឬបុព្វជិត​(គឺជាអ្នកបួស) -វណ្ណៈអ្នកជាឬកសិករ (អ្នករស់នៅនឹងធ្វើស្រែចម្ការ) -វណ្ណៈអ្នកងារឬទាសករ(ទាសករបម្រើគេតកូនតចៅ)។,សង្គមខ្មែរនៅសម័យអង្គរមានប្រាំវណ្ណៈគឺ -វណ្ណៈក្សត្រ -វណ្ណៈមន្ត្រី -វណ្ណៈបុព្វជិត -វណ្ណៈអ្នកជា -វណ្ណៈទាសករ។,10,5,2,0.5,0.5052297142351649,2,5,0,0
408,តើគេចែកយុគសម័យបុរេប្រវត្តិសាស្ត្រកម្ពុជាជាប៉ុន្មានយុគសម័យ?អ្វីខ្លះ?,គេចែកយុគសម័យបុរេប្រវត្តិសាស្ត្រកម្ពុជាជាបីយុគសម័យគឺ -យុគថ្មបំបែក (600000 - 12000 ឆ្នាំមុនគ.ស) -យុគថ្មរលីងឬសំលៀង (8000 - 2000 ឆ្នាំមុនគ.ស) -យុគលោហៈ(2000-100 ឆ្នាំមុនគ.ស)។,គេចែកយុគសម័យបុរេប្រវត្តិសាស្ត្រកម្ពុជាជាបីយុគសម័យគឺ -យុគថ្មបំបែក (600000 - 12000 ឆ្នាំមុនគ.ស) -យុគថ្មរលីងឬសំលៀង (8000 - 2000 ឆ្នាំមុនគ.ស) -យុគលោហៈ(2000-100 ឆ្នាំមុនគ.ស)។,5,5,4,1.0,0.9891445407849986,4,5,0,0
409,បុព្វហេតុអ្វីខ្លះដែលនាំឲ្យអាណាចក្រចេនឡាបែកបាក់ជាពីរគឺអាណាចក្រចេនឡាដីគោកនិងចេនឡាទឹកលិច?,បុព្វហេតុដែលនាំហើយអាណាចក្រចេនឡាបែកជាពីរគឺ -វិសាលភាពទឹកដីធំទូលាយ -ចម្បាំងអត់ឈប់ឈរ -សមន្ដរដ្ឋបះបោរចង់ផ្ដាច់ខ្លួន -វិបត្តិផ្ទៃក្នុង -ព្រះនាងជ័យទេវីគ្មានសមត្ថភាពគ្រប់គ្រង។,បុព្វហេតុដែលនាំហើយអាណាចក្រចេនឡាបែកជាពីរគឺ -វិសាលភាពទឹកដីធំទូលាយ -ចម្បាំងអត់ឈប់ឈរ -សមន្ដរដ្ឋបះបោរចង់ផ្ដាច់ខ្លួន -វិបត្តិផ្ទៃក្នុង -ព្រះនាងជ័យទេវីគ្មានសមត្ថភាពគ្រប់គ្រង។,7,7,4,1.0,0.9774278816832895,4,7,0,0
410,ចូរពន្យល់ពាក្យ : ប៉ង់សៀ; បរិយាកាស; ដៃទន្លេ; ភ្នំភ្លើង។,ប៉ង់សៀ -បរិយាកាសគឺជាឧស្ម័នដែលនៅជុំវិញផែនដី -ដៃទន្លេជាទឹកសាបដែលហូរចូលទៅក្នុងស្ទឹងបឹងនឹងមានទីតាំងជាវង្សប្រាំង -ភ្នំភ្លើងគឺជារន្ធមួយនៅសំបកផែនដីដែលតាមរយៈនោះកម្អែលផេះហូរចេញ,ប៉ង់សៀ -បរិយាកាសគឺជាអ្វីៗដែលធ្វើឲ្យមានជុំវិញយើងទាំងមើលឃើញនិងមើលមិនឃើញ,8,2,1,0.25,0.2501884760395644,1,2,0,0
411,តើអាណាចក្រភ្នំមានព្រំប្រទល់ជាប់ប្រទេសណាខ្លះ?,អាណាចក្រភ្នំមានព្រំប្រទល់ជាប់ប្រទេសដូចជា -ខាងជើងជាប់ចិន -ខាងត្បូងជាឈូងសមុទ្រខ្មែរ -ខាងកើតជាប់រដ្ឋចម្ប៉ា -ខាងលិចជាប់រដ្ធមនឬភូមា។,អាណាចក្រភ្នំមានព្រំប្រទល់ជាប់ប្រទេសដូចជា -ខាងជើងជាប់ចិន(រដ្ឋណានឆាវតុងកឹង) -ខាងត្បូងជាឈូងសមុទ្រខ្មែរ -ខាងកើតជាប់រដ្ឋចម្ប៉ា -ខាងលិចជាប់រដ្ឋមនឬភូមា។,6,6,4,1.0,0.9918796693396534,4,6,0,0
412,តើកត្តាអ្វីខ្លះដែលធ្វើអោយសម័យអង្គររីកចម្រើនដល់កំពូល?​ ចូលរៀបរាប់។,កត្តាដែលធ្វើអោយសម័យអង្គររីកចម្រើនគឺ: កត្តាព្រះរាជា:ព្រះរាជាចាប់ពីព្រះបាទជ័យវរ្ម័នទី 2 រហូតដល់ព្រះបាទជ័យវរ្ម័នទី 7 សុទ្ធតែជាស្ដេចខ្លាំងពូកែ កត្តានយោបាយ: នយោបាយក្នុងប្រទេសបង្រួបបង្រួមជាតិកសាងនិងការពារទឹកដី នយោបាយក្រៅប្រទេស:ចងសម្ព័ន្ធមិត្តជាមួយប្រទេសធំៗវាយយករដ្ឋតូចដាក់ជាចំណុះ កត្តាសេដ្ឋកិច្ច:រីកចម្រើនលើវិស័យកសិកម្មសិប្បកម្មគណនាគម កត្តាសាសនា:ការឯកភាពគ្នារវាងសាសនាព្រាហ្មនិងព្រះពុទ្ធ កត្តាធនធានមនុស្សបន្សល់ទុកតាំងពីសម័យនគរភ្នំនិងចេនឡាមក។,កត្តាដែលធ្វើអោយសម័យអង្គររីកចម្រើនគឺ: កត្តាព្រះរាជា:ព្រះរាជាចាប់ពីព្រះបាទជ័យវរ្ម័នទី 2 រហូតដល់ព្រះបាទជ័យវរ្ម័នទី 7 សុទ្ធសឹងតែជាស្ដេចខ្លាំងពូកែ កត្តានយោបាយ: នយោបាយក្នុងប្រទេសបង្រួបបង្រួមជាតិកសាងនិងការពារទឹកដី នយោបាយក្រៅប្រទេស:ចងសម្ព័ន្ធមិត្តជាមួយប្រទេសធំៗវាយយករដ្ឋតូចដាក់ជាចំណុះ កត្តាសេដ្ឋកិច្ច:រីកចម្រើនលើវិស័យកសិកម្មសិប្បកម្មគណនាគមន៍ កត្តាសាសនា:ការឯកភាពគ្នារវាងសាសនាព្រាហ្មនិងព្រះពុទ្ធ កត្តាធនធានមនុស្សបន្សល់ទុកតាំងពីសម័យនគរភ្នំនិងចេនឡាមក។,10,10,4,1.0,0.971431158487333,4,10,0,0
413,តើអ្វីជាសង្គ្រាមត្រជាក់? តើសង្គ្រាមត្រជាក់ផ្ដល់ផលវិបាកអ្វីខ្លះដល់កម្ពុជា?,សង្គ្រាមត្រជាក់គឺជាការប្រកួតប្រជែងផ្នែកមនោគមវិទ្យារវាងសេដ្ឋកិច្ចនយោធានិងបច្ចេកវិទ្យា។សង្គ្រាមមជ្ឈមណ្ឌលផលវិបាកដល់កម្ពុជាដូចជា -ការអនុវត្តនយោបាយវិទ្យាក្រឹត្យរបស់សម្ដេចនរោត្តមសីហនុមិនចោទទិសដៅ -ប្រទេសកម្ពុជាធ្លាក់ក្នុងសង្គ្រាមស៊ីវល -ខ្មែរក្រហមឡើងកាន់អំណាច -ប្រទេសកម្ពុជាមានភាពអាណាធិបតេយ្យ -សេដ្ឋកិច្ចកម្ពុជាធ្លាក់ចុះ -ប្រទេសកម្ពុជារស់នៅដែលភាពភ័យខ្លាច -រោងចក្រឧស្សាហកម្មបិទទ្វារ -បែកបាក់សាមគ្គីផ្ទៃក្នុង,សង្គ្រាមត្រជាក់ជាការប្រកួតប្រជែងកងកម្លាំងរវាងប្លុកសេរីនិងប្លុកកុម្មុយនីស្ត។សង្គ្រាមត្រជាក់ដល់ផលវិបាកដល់កម្ពុជាដូចជា -ការនៅវត្តនយោបាយព្យាក្រឹត្យមិនចាំទិសដៅរបស់សម្ដេចសីហនុ -ប្រទេសកម្ពុជាត្រូវបានធ្លាក់នៅក្នុងភ្លើងសង្គ្រាម -ប្រទេសកម្ពុជាមានភាពអនាធិបតេយ្យទូទាំងប្រទេស -ជាការបើកផ្លូវឲ្យពួកខ្មែរក្រហមឡើងកាន់អំណាច -ប្រជាជនរស់នៅដោយភាពភ័យខ្លាចពីការទម្លាក់គ្រាប់បែករបស់អាមេរិក -ដីស្រែចំការត្រូវបានក្លាយជាចំការមាន -រោងចក្រសហគ្រាសត្រូវបានបិទ -សេដ្ឋកិច្ចកម្ពុជាធ្លាក់ចុះ -ប្រទេសកម្ពុជាត្រូវសង្គ្រាមវៀតណាម -ផ្លូវគមនាគមន៍ត្រូវបានបំផ្លាញ។,10,8,3,0.8,0.8057676196870556,3,8,0,0
414,តើប្រទេសកម្ពុជាចូលជាសមាជិក សហគមន៍អាស៊ីអាគ្នេយ៍ទទួលផលវិជ្ជមាននិងអវិជ្ជមានដូចម្តេចខ្លះ?,ពណ៌នាពីពីការអភិវឌ្ឍសេដ្ឋកិច្ច សង្គម នៅកម្ពុជាពីឆ្នាំ១៩៩៣ មកទល់សព្វថ្ងៃ .វិស័យសេដ្ឋកិច្ច:  +សេដ្ឋកិច្ចកម្ពុជាមានការរីកចម្រើនឡើងជាបន្តបន្ទាប់ដែលធ្វើឲ្យប្រទេសកម្ពុជាមានជីវភាពល្អប្រសើរ។ +កសិកម្មរីកចម្រើនខាងដាំដំណាំស្រូវទទួលបានទិន្នផលខ្ពស់ជាបន្តបន្ទាប់ +ឧស្សាហកម្មមានតំណាងរោងចក្រច្រើនកន្លែងនិងលើកឡើងនៅសហគ្រឿងធំៗដែលបានផ្ដល់ចំណូលដល់ប្រជាពលរដ្ឋ +ពាណិជ្ជកម្មកាលនាំចូលមកក្នុងប្រទេសនិងមានវិនិយោគក្នុងប្រទេស +គមនាគមន៍កសាងស្ពានផ្លូវថ្នល់អាកាសយានដ្ឋានផ្គត់ផ្គង់ប្រព័ន្ធទឹកពីទីក្រុងដល់ជនបទ កំពុងផែ +ហិរញ្ញវត្ថុមានស្ថេរភាពក្នុងអត្រាប្ដូរប្រាក់ +ធនាគារលើកឡើងនៅធនាគារជាតិហ្នឹងឯកជនជាច្រើន .វិស័យសង្គម +ការអប់រំសិក្សា បង្កើតសាលារៀនគ្រប់កម្រិតពីមត្តីរហូតដល់ឧត្តមសិក្សាបណ្ដុះបណ្ដាលធនធានមនុស្សនិងបញ្ជូននិស្សិតឲ្យទៅរៀននៅក្រៅប្រទេស។ +វប្បធម៌អរិយធម៌ ស្ដារវប្បធម៌ឡើងវិញនិងដាក់បញ្ចូលជាសម្បត្តិបេតិកភណ្ឌពិភពលោកចាប់ផ្ដើមប្រជាជនមានសិទ្ធិជឿលើសាសនា។ +សុខាភិបាលបង្កើតឲ្យមានមន្ទីរពេទ្យលោកសុខភាពនិងឱសថសាស្ត្រ +សិល្បៈបង្កើតឲ្យមានសាលាសាកលវិទ្យាល័យសិល្បៈ.,ផលវិជ្ជមាន.[នយោបាយ]  -ទាក់ទាញអ្នកវិនិយោគទុន -ងាយស្រួលក្នុងការធ្វើពាណិជ្ជកម្ម -បង្កើតការងារដល់ប្រជាជនក្នុងស្រុកកាត់បន្ថយ -បង្កើតភ្ញៀវទេសចរណ៍ចូលមកលេង.[សេដ្ឋកិច្ច]  -ចូលប្រធានសហការដែលជាប្រទេសកម្ពុជា +ផលអវិជ្ជមាន,10,5,2,0.5,0.48382533787863474,2,5,0,0
415,តើសេដ្ឋកិច្ចកម្ពុជាពឹងផ្អែកលើវិស័យអ្វីជាសំខាន់?     ក/ ហេតុអ្វីបានជាគេនិយាយថាកម្ពុជាជាប្រទេសកសិកម្ម?     ខ/ តើគេចែកកសិករជាប៉ុន្មានប្រភេទ?អ្វីខ្លះ?,សេដ្ឋកិច្ចកម្ពុជាពឹងផ្អែកលើវិស័យកសិកម្មជាសំខាន់។   ក/ បានជាគេនិយាយថាកម្ពុជាជាប្រទេសឧស្សាហកម្មព្រោះ៖  _  សណ្ឋានដី : ដីមានជីវជាតិល្អនិងសម្បូរទំនាបល្បាប់   _ ផ្លូវទឹក : ផ្លូវទឹកខ្វាត់ខ្វែងងាយស្រួលដល់ការដាំដុះ  _ ប្រជាជន : ប្រជាជនខ្មែរភាគច្រើនចូលចិត្តធ្វើកសិកម្ម  _ អាកាសធាតុ : ទទួលអាកាសធាតុក្តៅសើម  _ កសិកម្មផ្តល់ផល50%នៃផលិតផលជាតិសរុប។  ខ/ គេចែកកសិករទាំងនោះជា4ប្រភេទគឺ៖  _ កសិករធ្វើស្រែឬអ្នកស្រែ : និយមធ្វើស្រែ ស្រូវប្រាំង ស្រូវវស្សា ស្រូវឡើងទឹក  _ កសិករតំបន់ដីខ្ពស់ : គេដាំដំណាំជាអចិន្ត្រៃយ៍(ពោត ដំឡូង ចេក កៅស៊ូសណ្តែក)  _ កសិករធ្វើចម្ការដំណាំស្រូវ : គេដាំដំណាំតាមមាត់ទន្លេ ចិញ្ចឹមសត្វនិងនេសាទ  _ កសិករភូមិភាគឦសាន: គេធ្វើដំណាំព្រៃដុតមានដូចជាពោត ដំឡូង ស្រូវរុក្ខជាតិយកមើមដទៃទៀត និងបរបាញ់សត្វផងដែរ។,សេដ្ឋកិច្ចជាតិផ្អែកលើវិស័យកសិកម្មជាសំខាន់ព្រោះវិស័យនេះសំខាន់ដល់ជាតិដូចជា៖ -បានជាគេនិយាយថា កម្ពុជាជាប្រទេសកសិកម្មព្រោះ  -ប្រជាជនកម្ពុជាជាច្រើន ច្រើនជាកសិករវិស័យ កសិកម្មនៅ -ប្រទេសកម្ពុជាបានផល ជា ឱកាសការងារនិងប្រាក់ចំណូលសម្រាប់ប្រជាជន  -វិស័យកសិកម្មគឺដែលនាំចេញទៅទីផ្សារអន្តរជាតិជាពិសេសធ្វើស្រែដាំដុះស្រូវបន្លែផ្លែឈើ  ខ គេចែកកសិករទាំងនោះជាបីប្រភេទគឺ -កសិករធ្វើស្រែ -កសិករមិនធ្វើស្រែ -កសិករធ្វើចំការមិនដាំស្រូវ។,20,10,2,0.5,0.5309011778095319,2,11,0,1
416,តើសម័យឧដុង្គចាប់ពីឆ្នាំណាដល់ឆ្នាំណា?ហេតុអ្វីបានជាប្រទេសកម្ពុជាធ្លាក់ចុះខ្សោយកាន់តែខ្លាំងនៅសម័យឧដុង្គ។ចូរពន្យល់,សម័យឧដុង្គចាប់ពីឆ្នាំ បានជាប្រទេសកម្ពុជាធ្លាក់ចុះខ្សោយកាន់តែខ្លាំងនៅសម័យឧដុង្គព្រោះ សង្គ្រាមផ្ទៃក្នុងញឹកញាប់និងការជាវជ្រៀតជ្រែកពីសៀមនិងយួន ការប្រកួតប្រជែងដណ្ដើមរាជ្យបានឡើងក្នុងចំណោមព្រះរាជវង្សានុវង្ស បែកបាក់សាមគ្គីផ្ទៃក្នុងគ្មានការសាមគ្គីរួបរួមនៅក្នុងប្រទេសជិតខាង កម្ពុជាត្រូវបែកជាពីរផ្នែកដោយសារសៀមត្រួតត្រាផ្នែកខាងលិចបាត់ដំបងសៀមរាបត្រួតត្រាខាងត្បូង បាត់បង់ទឹកដីដោយសារខេត្តជាច្រើននៅភាគខាងលិចបាត់ដំបងសៀមរាបមង្គលបុរី ត្រូវបានធ្លាក់ក្នុងកណ្ដាប់ដៃសៀមនៅឆ្នាំនិងមុនបាត់បង់ដីភាគខាងកើតនៅវៀតណាម សេដ្ឋកិច្ចពឹងផ្អែកលើវិស័យកសិកម្មបុរាណដែល សួយសារអាករឲ្យគេ ចំណែកវប្បធម៌វិញវត្តអារាមត្រូវបានបំផ្លិចបំផ្លាញ ប្រទេសជាតិខ្សោយគ្មានកម្លាំងទប់ទល់នឹងការវាយលុកពីខាងក្រៅមន្ត្រីក្បត់ជាតិច្រើន ដោយសារ រាជវង្សផ្ទៃក្នុងការដណ្ដើមអំណាចគ្នា។,សម័យឧដុង្គចាប់ពីឆ្នាំដល់ បានជាប្រទេសកម្ពុជាធ្លាក់ចុះខ្សោយកាន់តែខ្លាំងឡើងទៅនៅសម័យឧដុង្គព្រោះមានសង្គ្រាមជាបន្តបន្ទាប់ជាមួយសៀមដែលធ្វើឲ្យប្រទេសបាត់បង់ធនធានមនុស្សនិងទ្រព្យសម្បត្តិយ៉ាងធ្ងន់ធ្ងរជាមួយ សៀមបានជ្រៀតជ្រែកកិច្ចការផ្ទៃក្នុងកាន់តែខ្លាំងរហូតដល់មន្ត្រីរបស់ខ្លួនមកត្រួតត្រាប្រទេសខ្មែរ ខ្មែរបានបាត់បង់ទឹកដីមួយចំនួនទៅឲ្យពួកសៀមព្រះរាជាកាន់អំណាចខ្សោយហើយប្រទេសជាតិបែងចែកជាពីរចំណែកដែលគ្រប់គ្រងដោយយួននិងសៀម។,15,14,4,0.9333333333333332,0.8553759142119063,3,13,1,1
417,បុព្វហេតុអ្វីខ្លះដែលនាំឲ្យអាណាចក្រចេនឡាបែកបាក់ជាពីរគឺអាណាចក្រចេនឡាដីគោកនិងចេនឡាទឹកលិច?,បុព្វហេតុដែលនាំហើយអាណាចក្រចេនឡាបែកជាពីរគឺ -វិសាលភាពទឹកដីធំទូលាយ -ចម្បាំងអត់ឈប់ឈរ -សមន្ដរដ្ឋបះបោរចង់ផ្ដាច់ខ្លួន -វិបត្តិផ្ទៃក្នុង -ព្រះនាងជ័យទេវីគ្មានសមត្ថភាពគ្រប់គ្រង។,បុព្វហេតុដែលនាំហើយអាណាចក្រចេនឡាបែកជាពីរគឺ -វិសាលភាពទឹកដីធំទូលាយ -ចម្បាំងអត់ឈប់ឈរ -សមន្ដរដ្ឋបះបោរចង់ផ្ដាច់ខ្លួន -វិបត្តិផ្ទៃក្នុង -ព្រះនាងជ័យទេវីគ្មានសមត្ថភាពគ្រប់គ្រង។,7,7,4,1.0,0.9774278816832895,4,7,0,0
418,ចូរនិយាយពីកំណកាម៉ែតញី។,ការស្ថិតនៅក្រោមសារពាង្គកាយនៃពងស្វាសមានសារៈសំខាន់ដូចជាដើម្បីរក្សាសីតុណ្ហភាពឲ្យ ទាបជាងសីតុណ្ហភាពក្នុងខ្លួន ប្រហែលពី(2-3)សីតុណ្ហភាពក្នុងខ្លួន37 ។,កំណកាម៉ែនញី ដំបូងកោសិកាពូជមួយរកចម្ងាយពីរដងទម្លាប់គ្នាបានកោសិកាអូវ៉ូកូនី4 ។អូវុលរីក មាឌក្លាយជាអូវូស៊ីត1 ។អូវ៉ូស៊ីតមួយរងចំណែកមួយនៃមេយ៉ូសហើយត្រូវបានជាប់គាំងនៅចុង វគ្គមួយ ។,10,5,2,0.5,0.4071970472080893,1,4,1,1
419,តើគេចែកយុគសម័យបុរេប្រវត្តិសាស្ត្រកម្ពុជាជាប៉ុន្មានយុគសម័យ?អ្វីខ្លះ?,គេចែកយុគសម័យបុរេប្រវត្តិសាស្ត្រកម្ពុជាជាបីយុគសម័យគឺ -យុគថ្មបំបែក (600000 - 12000 ឆ្នាំមុនគ.ស) -យុគថ្មរលីងឬសំលៀង (8000 - 2000 ឆ្នាំមុនគ.ស) -យុគលោហៈ(2000-100 ឆ្នាំមុនគ.ស)។,គេចែកយុគសម័យបុរេប្រវត្តិសាស្ត្រកម្ពុជាជាបីយុគសម័យគឺ -យុគថ្មបំបែក (600000 - 12000 ឆ្នាំមុនគ.ស) -យុគថ្មរលីងឬសំលៀង (8000 - 2000 ឆ្នាំមុនគ.ស) -យុគលោហៈ(2000-100 ឆ្នាំមុនគ.ស)។,5,5,4,1.0,0.9891445407849986,4,5,0,0
420,ចូរពណ៏នាពីការអភិវឌ្ឍសេដ្ឋកិច្ច សង្គម នៅកម្ពុជាពីឆ្នាំ១៩៩៣ មកទល់សព្វថ្ងៃ?,ការអភិវឌ្ឈនៅកម្ពុជា +វិស័យសេដ្ឋកិច្ច -ជួយជំរុញវិស័យកសិកម្ម ឧស្សាហកម្ម ពាណិជ្ជកម្ម ទេសចរណ៌ មានការអភិវឌ្ឈ -មានកំណើនការវិនិយោគពីឯកជនបង្កើតទុនបរទេស -មានទំនាក់ទំនងពាណិជ្ជកម្មអន្តរជាតិជាមួយអាស៊ាននិងមហាអំណាចធំៗ -មានកំណើនភ្ញៀវទេសចរណ៌ជាតិនិងអន្តរជាតិ ផ្ដល់ចំណូលដល់ប្រជាជន -កសាងហេដ្ឋារចនាសម្ព័ន្ធ មានផ្លូវថ្នល់ ស្ពានដែក កំពង់ផែ អាកាសយាន្តដ្ឋាន ដោយបំពាក់ប្រព័ន្ធទឹកភ្លើងពីទីក្រុងទៅជនបទ +វិស័យសង្គម -មានការទប់ស្កាត់សង្គ្រាម -លើកស្ទួយការគោរពសិទ្ធិមនុស្ស -ទប់ស្កាត់អំពើពុករលួយ -ធ្វើឱ្យរដ្ឋាភិបាលមានលទ្ធភាពសម្រេចផែនការនានាតាមការកំណត់ -ជួយឱ្យមានរក្សាសន្តិភាព សុខសុវត្ថិភាព -មានការអភិវឌ្ឈសាលារៀន មន្ទីរពេទ្យ -មានសមភាពយែនឌ័រក្នុងសង្គម -កម្ពុជារៀបចំកម្មវិធីធំៗថ្នាក់ជាតិ។,ពណ៌នាពីការអភិវឌ្ឍសេដ្ឋកិច្ចសង្គមនៅកម្ពុជាពីឆ្នាំ 1993 មកទល់សព្វថ្ងៃ៖ +សេដ្ឋកិច្ច -សេដ្ឋកិច្ចមានការរីកចម្រើនគួរកត់សម្គាល់ -មានទំនាក់ទំនងពាណិជ្ជកម្មល្អជាមួយប្រទេសក្នុងតំបន់និងអន្តរជាតិ -មានការអភិវឌ្ឈវិស័យកសិកម្ម ឧស្សាហកម្ម ពាណិជ្ជកម្ម -ជំរុញឱ្យមានការតំឡើងបចេ្ចកវិទ្យាក្និងវិស័យឧស្សាហកម្ម -កសាងកំពង់ផែស្វ័យត -ការអភិវឌ្ឈលើគ្រប់តំបន់ឧស្សាហកម្ម។ +សង្គម -ប្រជាជនកម្ពុជាទទួលបានសន្តិភាពពេញលេញ។ -បោះឆ្នោតជ្រើសរើសមេដឹកនាំតាមបែបប្រជាធិបតេយ្យ -តំបន់ព្រំដែនមានសិខសន្តិភាពនិងការអភិវឌ្ឈ -កសាងហេដ្ឋារចនាសម្ព័ន្ធសង្គម (ផ្លូវថ្នល់ សាលារៀន មន្ទីរពេទ្យ) -កម្ពុជាក្លាយជាអាស៑ានប្ដូរវេន និងជាម្ចាស់ផ្ទះប្រជុំកំពូលអាស៑ានដោយសារសន្តិភាព។,10,8,3,0.8,0.9613537804196577,4,10,1,2
421,តើគេចែកយុគសម័យបុរេប្រវត្តិសាស្ត្រកម្ពុជាជាប៉ុន្មានយុគសម័យ?អ្វីខ្លះ?,គេចែកយុគសម័យបុរេប្រវត្តិសាស្ត្រកម្ពុជាជាបីយុគសម័យគឺ -យុគថ្មបំបែក (600000 - 12000 ឆ្នាំមុនគ.ស) -យុគថ្មរលីងឬសំលៀង (8000 - 2000 ឆ្នាំមុនគ.ស) -យុគលោហៈ(2000-100 ឆ្នាំមុនគ.ស)។,គេចែកយុគសម័យបុរេប្រវត្តិសាស្ត្រកម្ពុជាជាបីយុគសម័យគឺ -យុគថ្មបំបែក (600000 - 12000 ឆ្នាំមុនគ.ស) -យុគថ្មរលីងឬសំលៀង (8000 - 2000 ឆ្នាំមុនគ.ស) -យុគលោហៈ(2000-100 ឆ្នាំមុនគ.ស)។,5,5,4,1.0,0.9891445407849986,4,5,0,0
422,ហេតុអ្វីបានជាផ្នែកឯកជនជាកម្លាំងដ៏សំខាន់សម្រាប់វិនិយោគនិងធ្វើឲ្យមានកំណើនសេដ្ឋកិច្ចក្នុងប្រទេស?,បានជាផ្នែកឯកជនជាកម្លាំងដ៏សំខាន់សម្រាប់វិនិយោគនិងធ្វើឲ្យមានកំណើនសេដ្ឋកិច្ចក្នុងប្រទេស ព្រោះប្រទេសកម្ពុជាជាប្រទេសអភិវឌ្ឍន៍ សេដ្ឋកិច្ចទីផ្សារដោយបានធ្វើកំណែទម្រង់សហគ្រាសឧស្សាហកម្មឲ្យក្លាយទៅជាកម្មសិទ្ធិឯកជន ។ សេដ្ឋកិច្ចទីផ្សារសេរីនេះនាំឲ្យអ្នករកស៊ីបរទេសចូលចិត្តមកវិនិយោគ ហើយកាលណាផ្នែកឯកជនរឹងមាំមកវិនិយោគ ហើយកាលណាផ្នែកឯកជនមិនរឹងមាំអាចបំពេញបន្ថែមវិនិយោគនិងវិស័យសង្គមកិច្ចមានន័យថាវិស័យឯកជនស្រូបយកកម្លាំងការងារកាន់តែកើនឡើង។,បានជាផ្នែកឯកជនជាកម្លាំងដ៏សំខាន់សម្រាប់វិនិយោគនិងធ្វើឲ្យមានកំណើនសេដ្ឋកិច្ចក្នុងប្រទេសពីព្រោះ កម្ពុជាបានចូលជាអង្គការសេដ្ឋកិច្ចទីផ្សារសេរីឆ្នាំ 1993 ដែលធ្វើឲ្យសេដ្ឋកិច្ចទីផ្សារសេរីសំបូរបរទេសមកវិនិយោគបរទេសចូលចិត្តមកដាក់ពន្ធនៅប្រទេសកម្ពុជាសម្បូរឧស្សាហកម្ម រ៉ែធម្មជាតិជាច្រើនដែលធ្វើឲ្យពួកបរទេសចូលមកវិនិយោគប្រទេសកម្ពុជាយើង។,15,13,3,0.8666666666666667,0.8768788611707719,4,13,1,0
423,ដូចម្តេចដែលហៅថាមេយ៉ូស? ចូរនិយាយពីវគ្គផ្សេងៗនៃមេយ៉ូស។,មេយ៉ូសជាសំណុំនៃចំណែកកោសិកាពីរដងបន្តបន្ទាប់គ្នាដែលបង្កើតបានជាកោសិកាអាលូអុីតបួន ហៅថាមេយ៉ូស ។ _តេឡូផាស1 ស៊ីតូប្លាសចែកខ្លួនបានជាកោសិកាកូនពីរ ។កោសិកាកូននីមួយៗទទួលបានក្រូម៉ូសូម តែមួយពីរគូអូម៉ូឡូក ។ _ប្រផាស1 មានរយៈពេលវែង ។ _អាណាផាស1 ក្រូម៉ូសូមដំរៀបលើផ្លាស់ភ្ជាប់នឹងក្រយ៉ូងក្រូម៉ាទិចដោយសង់ក្រូងទ័ររបស់វា ។ _តេឡូផាស2 ក្រូម៉ូមនីមួយៗបានមកដល់ប៉ូលភ្នាស _មេតាផាស2 ក្រូម៉ូសូមប្រេះតាមបណ្ដោយភ្ជាប់ខ្លួនទៅនិងក្រយ៉ងក្រូម៉ាទិចដោយសង់ _ប្រូដាស2 ត្តយ៉ងអាក្រូម៉ាទិតកើតមានក្នុងកោសិកាគូនីមួយៗ _អាណាផាស2 សង់ក្រូម៉ែធ្វើចំណែកដែលនាំអោយក្រូម៉ាទិចបងប្អូនដាច់ចេញពីគ្នា ។បន្ទាប់មក ក្រូម៉ូសូមកូនទាំង2ធ្វើដំណើរឆ្ពោះទៅប៉ូលផ្ទុយគ្នារបស់ត្រយ៉ូងអាក្រូម៉ាទិច ។,មេយ៉ូសជាសំណុំនៃចំណែកកោសិកាពីរដងបន្តបន្ទាប់គ្នាដែលបង្កើតបានជាកោសិកាអាលូអុីតបួន ហៅថាមេយ៉ូស ។ _តេឡូផាស1 _ប្រផាស1  _អាណាផាស1 _មេតាផាស2  _ប្រូដាស2,10,5,2,0.5,0.45356327057924106,2,5,0,0
424,តើមូលហេតុអ្វីបានជាព្រះបាទពញាយ៉ាត ជ្រើសរើសយកចតុមុខធ្វើជារាជធានី?,បានជាព្រះបាទពញាយ៉ាតជ្រើសរើសក្រុងចតុមុខជារាជធានីព្រោះ មានទីតាំងភូមិសាស្ត្រល្អ គេចពីសត្រូវឈ្លានពានសៀម ដីមានជីវជាតិងាយស្រួលក្នុងការធ្វើកសិកម្ម ជាទីប្រសព្វនៃជំនួសទាំងផ្លូវគោកនិងផ្លូវទឹក សម្បូរផ្លូវក្នុងការធ្វើកសិកម្មនិងជំនួញ ភាពខាងត្បូងដីមានប្រជាជនច្រើននិងធនធានដើម្បីកសាងសេដ្ឋកិច្ចជាតិ។,មូលហេតុដែលព្រះបាទពញាយ៉ាតជ្រើសរើសយកចតុមុខធ្វើជារាជធានីព្រោះជាទីតាំងយុទ្ធសាស្ត្រ ស្ថិតនៅត្រង់ចំណុចប្រសព្វនៃទន្លេទាំងបួនដែលងាយស្រួលក្នុងការធ្វើពាណិជ្ជកម្ម ការដឹកជញ្ជូននិងការពារខ្លួនពីសត្រូវ។,10,8,3,0.8,0.8131138597032035,3,8,0,0
425,ហេតុអ្វីបានជាផ្នែកឯកជនជាកម្លាំងដ៏សំខាន់សម្រាប់វិនិយោគនិងធ្វើឲ្យមានកំណើនសេដ្ឋកិច្ចក្នុងប្រទេស?,បានជាផ្នែកឯកជនជាកម្លាំងដ៏សំខាន់សម្រាប់វិនិយោគនិងធ្វើឲ្យមានកំណើនសេដ្ឋកិច្ចក្នុងប្រទេស ព្រោះប្រទេសកម្ពុជាជាប្រទេសអភិវឌ្ឍន៍ សេដ្ឋកិច្ចទីផ្សារដោយបានធ្វើកំណែទម្រង់សហគ្រាសឧស្សាហកម្មឲ្យក្លាយទៅជាកម្មសិទ្ធិឯកជន ។ សេដ្ឋកិច្ចទីផ្សារសេរីនេះនាំឲ្យអ្នករកស៊ីបរទេសចូលចិត្តមកវិនិយោគ ហើយកាលណាផ្នែកឯកជនរឹងមាំមកវិនិយោគ ហើយកាលណាផ្នែកឯកជនមិនរឹងមាំអាចបំពេញបន្ថែមវិនិយោគនិងវិស័យសង្គមកិច្ចមានន័យថាវិស័យឯកជនស្រូបយកកម្លាំងការងារកាន់តែកើនឡើង។,ព្រោះវិស័យឯកជនជាក្បាលម៉ាស៊ីនសំខាន់សម្រាប់វិនិយោគនិងធ្វើឱ្យមានកំណើនសេដ្ឋកិច្ចក្នុងប្រទេសព្រោះ៖ កម្ពុជាបានអនុវត្ត លើឆ្នាំ១៩៩៣ដោយការ កំណែទម្រង់នៅ សហគ្រាសឲ្យទៅជាកម្មសិទ្ធិឯកជន សេដ្ឋកិច្ចទីផ្សារសេរីបាននាំបរទេសចង់មកវិនិយោគនៅទីនេះ កាលណាផ្នែកឯកជនរឹងមាំ យ៉ាងណាឯង អាចបំពេញបន្ថែមពីលោកសាធារណៈក្នុងវិស័យសង្គមកិច្ចមានន័យថាពេលកិច្ច វិស័យឯកជនអាចស្រូបយក កម្លាំងការងារកាន់តែច្រើនឡើង ។,15,15,4,1.0,0.943990599571918,4,14,0,1
426,ហេតុអ្វីបានជាផ្នែកឯកជនជាកម្លាំងដ៏សំខាន់សម្រាប់វិនិយោគ និងធ្វើឲ្យមានកំណើនសេដ្ឋកិច្ចក្នុងប្រទេស?,បានជាផ្នែកឯកជនជាកម្លាំងដ៏សំខាន់សម្រាប់កំណើនសេដ្ឋកិច្ចកម្ពុជាព្រោះ -កម្ពុជាបានអនុវត្តសេដ្ឋកិច្ចទីផ្សារសេរីដោយបានធ្វើកំណែទម្រង់ពីសហគ្រាសរដ្ឋឲ្យក្លាយទៅជាកម្មសិទ្ធិឯកជន -សេដ្ឋកិច្ចទីផ្សារសេរីនាំឲ្យអ្នករកស៊ីចូលចិត្តមករកស៊ីនិងដាក់វិនិយោគទុន -កាលណាភ្នែកឯកជនរឹងមាំអាចជួយបំពេញបន្ថែមលើវិនិយោគសាធារណៈក្នុងវិស័យសេដ្ឋកិច្ចគឺផ្នែកឯកជនអាចស្រូបយកកម្លាំងពលកម្មកើនឡើង។,បានជាផ្នែកឯកជនជាកម្លាំងដ៏សំខាន់សម្រាប់វិនិយោគនិងធ្វើឲ្យមានកំណើនសេដ្ឋកិច្ចក្នុងប្រទេស។,15,2,1,0.1333333333333333,0.21344354343577615,1,3,0,1
427,តើប្រព័ន្ធផលិតកម្មកសិកម្មនៅក្នុងប្រទេសកម្ពុជាមានអ្វីខ្លះ?ចូររៀបរាប់​ ។,ប្រព័ន្ធផលិតកម្មកសិកម្មនៅប្រទេសកម្ពុជាមាន៖    _ ដំណាំ : ដំណាំស្រូវ ដំណាំកៅស៊ូ ដំណាំផ្សេងៗទៀត    _ ការចិញ្ចឹមសត្វ : ការចិញ្ចឹមសត្វលើគោក ការចិញ្ចឹមសត្វក្នុងទឹក    _ ការនេសាទ : ការនេសាទទឹកសាប ការនេសាទទឹកប្រៃ  _ ព្រៃឈើ : ផលិតផលឈើ អនុផលព្រៃឈើ(រកឃ្មុំ ជ័រទឹក វល្លិ៍ ផ្តៅ) សត្វព្រៃ ។,ប្រព័ន្ធផលិតកម្មកសិកម្មនៅប្រទេសកម្ពុជាមានដូចជា៖  _ ប្រព័ន្ធឧស្សាហកម្ម  _ ប្រព័ន្ធពាណិជ្ជកម្ម  _ ប្រព័ន្ធសេដ្ឋកិច្ច  _ ប្រព័ន្ធនាំចេញនិងនាំចូល  _ ប្រព័ន្ធដឹកជញ្ជូននិងប្រព័ន្ធនយោបាយ។,10,2,1,0.2,0.18356893649753217,1,2,0,0
428,តើឧស្សាហកម្មមានតួនាទីដូចម្ដេចខ្លះចំពោះសេដ្ឋកិច្ចជាតិ?,ឧស្សាហកម្មមាន​តួនាទីចំពោះសេដ្ឋកិច្ចជាតិដូចជា ៖ ​ _ ជួយបង្កើតថវិការជាតិ ​ _ ជួយបង្កើតទិន្នផលជាតិ ​​ _ ជួយឲ្យសេដ្ឋកិច្ចជាតិរីកចម្រើន  _ ប្រជាជនសំបូរធូរធារ  _អភិវឌ្ឍគ្រប់វិស័យ  _ មានទំនាក់ទំនងល្អជាមួយអ្នកជិតខាង  _ មានភាពរុងរឿងនៅក្នុងប្រទេសជាតិ។,ឧស្សាហកម្មមានតួនាទីចំពោះសេដ្ឋកិច្ចដូចជា៖ -ផ្តល់កាងារឲ្យប្រជាជនធ្វើ -ផ្ដល់ចំណូលដល់សេដ្ឋកិច្ចជាតិមាន២៣.៨%ឆ្នាំ២០០៨ -ផ្ដល់ផលិតផលសម្រាប់នាំចេញ -ផ្ដល់ផលិតផលសម្រាប់ប្រើប្រាស់ -ជួយរក្សាលំនឹងជញ្ជីងពាណិជ្ជកម្ម -និងផ្ដល់ប្រាក់ចំណូលដល់គ្រួសារ។,15,15,4,1.0,0.9823221845494822,4,15,0,0
429,តើកត្តាអ្វីខ្លះដែលធ្វើអោយសម័យអង្គររីកចម្រើនដល់កំពូល?​ ចូលរៀបរាប់។,កត្តាដែលធ្វើអោយសម័យអង្គររីកចម្រើនគឺ: កត្តាព្រះរាជា:ព្រះរាជាចាប់ពីព្រះបាទជ័យវរ្ម័នទី 2 រហូតដល់ព្រះបាទជ័យវរ្ម័នទី 7 សុទ្ធតែជាស្ដេចខ្លាំងពូកែ កត្តានយោបាយ: នយោបាយក្នុងប្រទេសបង្រួបបង្រួមជាតិកសាងនិងការពារទឹកដី នយោបាយក្រៅប្រទេស:ចងសម្ព័ន្ធមិត្តជាមួយប្រទេសធំៗវាយយករដ្ឋតូចដាក់ជាចំណុះ កត្តាសេដ្ឋកិច្ច:រីកចម្រើនលើវិស័យកសិកម្មសិប្បកម្មគណនាគម កត្តាសាសនា:ការឯកភាពគ្នារវាងសាសនាព្រាហ្មនិងព្រះពុទ្ធ កត្តាធនធានមនុស្សបន្សល់ទុកតាំងពីសម័យនគរភ្នំនិងចេនឡាមក។,កត្តាដែលធ្វើអោយសម័យអង្គររីកចម្រើនគឺ: កត្តាព្រះរាជា:ព្រះរាជាចាប់ពីព្រះបាទជ័យវរ្ម័នទី 2 រហូតដល់ព្រះបាទជ័យវរ្ម័នទី 7 សុទ្ធសឹងតែជាស្ដេចខ្លាំងពូកែ កត្តានយោបាយ: នយោបាយក្នុងប្រទេសបង្រួបបង្រួមជាតិកសាងនិងការពារទឹកដី នយោបាយក្រៅប្រទេស:ចងសម្ព័ន្ធមិត្តជាមួយប្រទេសធំៗវាយយករដ្ឋតូចដាក់ជាចំណុះ កត្តាសេដ្ឋកិច្ច:រីកចម្រើនលើវិស័យកសិកម្មសិប្បកម្មគណនាគមន៍ កត្តាសាសនា:ការឯកភាពគ្នារវាងសាសនាព្រាហ្មនិងព្រះពុទ្ធ កត្តាធនធានមនុស្សបន្សល់ទុកតាំងពីសម័យនគរភ្នំនិងចេនឡាមក។,10,10,4,1.0,0.971431158487333,4,10,0,0
430,តើអ្វីជាសង្គ្រាមត្រជាក់? តើសង្គ្រាមត្រជាក់ផ្ដល់ផលវិបាកអ្វីខ្លះដល់កម្ពុជា?,សង្គ្រាមត្រជាក់ជាការប្រឈមមុខដាក់គ្នាដោយប្រយោលរវាងសហរដ្ឋអាមេរិចនិងសហភាពសូវៀត ដោយធ្វើការប្រណាំងប្រជែងគ្នាលើផ្នែក  សេដ្ឋកិច សព្វាវុធ យោធា និងបច្ចេកទេស។ សង្រ្គាមត្រជាក់បានផ្ដល់ផលវិបាកកម្ពុជាដូចជា៖ -គ្រាប់បែករបស់សហរដ្ឋអាមេរិក 1669 ដល់ 1973  -សង្គ្រាមស៊ីវិលក្នុងប្រទេសពីឆ្នាំ 1970 ដល់ 1975 និងកើតមានម្តងទៀតពីឆ្នាំ 1979 ដល់ឆ្នាំ 1991 ដែលកើតចេញពីការប្រឆាំងគ្នារវាងក្រុមកុម្មុយនិស្តនិងសេរីនិយម -ការសម្លាប់ប្រជាជនឯងក្រោមរបស់ប្រល័យពូជសាសន៍ឆ្នាំ 1975 និងឆ្នាំ 1979  -ការផ្លាស់ប្ដូរនយោបាយជាញឹកញាប់រហូតមានការមានកិច្ចព្រមព្រៀងសន្តិភាពក្រុងប៉ារីសថ្ងៃទី 23 តុលាឆ្នាំ 1991។,សង្គ្រាមត្រជាក់គឺជាការប្រគួតប្រជែងមួយឧត្តមភាពរវាងមនោគមន៍វិជ្ជាសេរី និងគម្មុយនីស ដែលឈានទៅរកការប្រណាំងខាងបច្ចេកវិទ្យានិងសព្វាវុធ  ពោលគឺជាការកាច់បំបាក់គ្នារវាងសហរដ្ឋអាមេរិកនិងសហភាពសូវៀត។  ផលវិបាកនៃសង្គ្រាមត្រជាក់ចំពោះប្រទេសកម្ពុជាមានដូច៖ -មានវិនាសកម្មការទម្លាក់គ្រាប់បែករបស់សហរដ្ឋអាមេរិក 1969 ដល់ 1973  -សង្រ្គាមស៊ីវិលក្នុងប្រទេសពីឆ្នាំ 1970 ដល់ឆ្នាំ 1975 និងកើតម្ដងទៀតពីឆ្នាំ 1975 ដល់ 1980 ដែលកើតចេញពីការប្រឆាំងគ្នារវាងក្រុមគម្មុយនីសនឹងសេរីនិយម,10,7,3,0.7,0.6875734848670215,3,7,0,0
431,ចូររៀបរាប់អំពីទំនាក់ទំនងរវាងការដាំដុះអាជីវកម្មព្រៃឈើនិងនេសាទ។,ទំនាក់ទំនងរវាង ការដាំដុះអាជីវកម្មព្រៃឈើ និងការនេសាទ៖  _ ការដាំដុះអាជីវកម្មព្រៃឈើ និងការនេសាទ ជាភោគទ្រព្យយ៉ាងសំខាន់សម្រាប់ប្រជាជនក្នុងការទ្រទ្រង់ក្នុងជីវភាពរស់នៅនិងការអភិវឌ្ឍន៍ប្រទេសជាតិ   _ ដើម្បីបំពេញតម្រូវការក្នុងកសិកម្មផលិតកម្មនិងត្រូវការផ្សេងៗ មនុស្សនាំគ្នាកាប់ព្រៃឈើដើម្បីធ្វើអាជីវកម្មព្រៃឈើជាមូលហេតុធ្វើឲ្យអាកាសធាតុប្រែប្រួលប៉ះពាល់ដល់ជីវិតមនុស្ស សត្វ និងរុក្ខជាតិ  ​ _ អតិផលនៃប្រព័ន្ធកសិកម្ម នាំឲ្យមានកំណើននៃការប្រើប្រាស់គីមីនិងថ្នាំសម្លាប់សត្វល្អិត។ ជីគីមី និងថ្នាំសម្លាប់សត្វល្អិត ទាំងនោះហូរទៅផ្ដុំគ្នានៅតាមផ្លូវទឹកនានា បំផ្លាញជីវិតសត្វនិងពូជធម្មជាតិ។,រៀបរាប់ពីទំនាក់ទំនងរវាងការដាំដុះ ការចិញ្ចឹមសត្វ និងការនេសាទ៖ -ការប្រើប្រាស់ រួម ជីគីមីលើលើសកម្រិត -ការបំពុលទឹកការដុតព្រៃ រួមទាំងសត្វ -ការធ្វើអាជីវកម្មព្រៃឈើខុសច្បាប់ -ការឆក់ត្រី ប្រើគ្រឿងឆក់ដែលប៉ះពាល់ជម្រកត្រី បំផ្លាញព្រៃលិចទឹក -ការជួញដូរឈើខុសច្បាប់ -ការនេសាទត្រីមានមាននោះរដូវត្រីពង -ការចាប់សត្វព្រៃដែលគេអភិរក្សយកទៅលក់ខុសច្បាប់។,15,5,1,0.3333333333333333,0.2821727840559666,1,4,0,1
432,ហេតុអ្វីបានជាផ្នែកឯកជនជាកម្លាំងដ៏សំខាន់សម្រាប់វិនិយោគនិងធ្វើឲ្យមានកំណើនសេដ្ឋកិច្ចក្នុងប្រទេស?,បានជាផ្នែកឯកជនជាកម្លាំងដ៏សំខាន់សម្រាប់វិនិយោគនិងធ្វើឲ្យមានកំណើនសេដ្ឋកិច្ចក្នុងប្រទេស ព្រោះប្រទេសកម្ពុជាជាប្រទេសអភិវឌ្ឍន៍ សេដ្ឋកិច្ចទីផ្សារដោយបានធ្វើកំណែទម្រង់សហគ្រាសឧស្សាហកម្មឲ្យក្លាយទៅជាកម្មសិទ្ធិឯកជន ។ សេដ្ឋកិច្ចទីផ្សារសេរីនេះនាំឲ្យអ្នករកស៊ីបរទេសចូលចិត្តមកវិនិយោគ ហើយកាលណាផ្នែកឯកជនរឹងមាំមកវិនិយោគ ហើយកាលណាផ្នែកឯកជនមិនរឹងមាំអាចបំពេញបន្ថែមវិនិយោគនិងវិស័យសង្គមកិច្ចមានន័យថាវិស័យឯកជនស្រូបយកកម្លាំងការងារកាន់តែកើនឡើង។,ព្រោះវិស័យឯកជនជាក្បាលម៉ាស៊ីនសំខាន់សម្រាប់វិនិយោគនិងធ្វើឱ្យមានកំណើនសេដ្ឋកិច្ចក្នុងប្រទេសព្រោះ៖ -ការប្រើប្រាស់ រួម ជីគីមីលើលើសកម្រិត -ការបំពុលទឹក -ការដុតព្រៃ រួមទាំងសត្វ -ការធ្វើអាជីវកម្មព្រៃឈើខុសច្បាប់ -ការឆក់ត្រី ប្រើគ្រឿងឆក់ដែលប៉ះពាល់ជម្រកត្រី  -បំផ្លាញព្រៃលិចទឹក -ការជួញដូរឈើខុសច្បាប់ -ការនេសាទត្រីរដូវត្រីពង -ការចាប់សត្វព្រៃដែលគេអភិរក្សយកទៅលក់ខុសច្បាប់។,15,6,2,0.4,0.34265027082041133,1,5,1,1
433,ចូរនិយាយពីកំណកាម៉ែតញី។,ការស្ថិតនៅក្រោមសារពាង្គកាយនៃពងស្វាសមានសារៈសំខាន់ដូចជាដើម្បីរក្សាសីតុណ្ហភាពឲ្យ ទាបជាងសីតុណ្ហភាពក្នុងខ្លួន ប្រហែលពី(2-3)សីតុណ្ហភាពក្នុងខ្លួន37 ។,កំណកាម៉ែតញីដំបូងកោសិកាពូជមួយរួមចំណែកពីរដងបន្តបន្ទាប់គ្នា បានកោសិកាអូវ៉ូកូរី4 ។ អូវ៉ូកូរីនីមួយៗរីកមាឌអាចជាអូវ៉ូស៊ីត1 ។អូវ៉ូស៊ីតមួយរងចំណែកមួយនៃមេយោធាហើយត្រូវបាន ឈប់គាំងនៅវគ្គប្រផ្ដាស1 ។ក្រោយមកពេលគ្រប់អូវ៉ូស៊ីតមួយបន្តធ្វើចំណែកហើយត្រូវបានបញ្ចប់ នៅរយៈពេល6ម៉ោង ។,10,5,2,0.5,0.45928667498381326,2,5,0,0
434,ហេតុអ្វីបានជាផ្នែកឯកជនជាកម្លាំងដ៏សំខាន់សម្រាប់វិនិយោគនិងធ្វើឲ្យមានកំណើនសេដ្ឋកិច្ចក្នុងប្រទេស?,បានជាផ្នែកឯកជនជាកម្លាំងដ៏សំខាន់សម្រាប់វិនិយោគនិងធ្វើឲ្យមានកំណើនសេដ្ឋកិច្ចក្នុងប្រទេស ព្រោះប្រទេសកម្ពុជាជាប្រទេសអភិវឌ្ឍន៍ សេដ្ឋកិច្ចទីផ្សារដោយបានធ្វើកំណែទម្រង់សហគ្រាសឧស្សាហកម្មឲ្យក្លាយទៅជាកម្មសិទ្ធិឯកជន ។ សេដ្ឋកិច្ចទីផ្សារសេរីនេះនាំឲ្យអ្នករកស៊ីបរទេសចូលចិត្តមកវិនិយោគ ហើយកាលណាផ្នែកឯកជនរឹងមាំមកវិនិយោគ ហើយកាលណាផ្នែកឯកជនមិនរឹងមាំអាចបំពេញបន្ថែមវិនិយោគនិងវិស័យសង្គមកិច្ចមានន័យថាវិស័យឯកជនស្រូបយកកម្លាំងការងារកាន់តែកើនឡើង។,បានជាផ្នែកសេវាកម្មមានសារៈសំខាន់សម្រាប់ជំរុញវិស័យសេដ្ឋកិច្ចនិងសង្គមព្រោះបើគ្មានសេវាកម្មទេគឺការប្រើប្រាស់ហិរញ្ញវត្ថុវិនិយោគទុនក្នុងវិស័យសេដ្ឋកិច្ចឱ្យស្របតាមតម្រូវការគឺការផលិតក៏ដូចជាការបង្កើតជំនួញផ្សេងៗទៀត។,15,14,4,0.9333333333333332,0.7985837736275638,3,12,1,2
435,តើកត្តាអ្វីខ្លះដែលបណ្ដាលឲ្យសៀមវាយបែកបន្ទាយលង្វែក?,កត្តាដែលបណ្ដាលឲ្យសៀមវាយបន្ទាយលង្វែកព្រះរាជាព្រះសត្ថាទីមួយឆោតល្ងង់ទៅជួយរំដោះក្រុងឰយុធ្យារបស់សៀមមកពីការត្រួតត្រាភូមាសៀមរមិលគុណប្រើល្បិចបញ្ជូនសល់ពីរអង្គ យកការវិបត្តិផ្ទៃក្នុងជាជួរជលសារលោករវល់ នាដើមម៉ឺនមន្ត្រីប្រជារាស្ត្រមិនពេញចិត្តដែលតែងទៅកូនអាយុដប់មួយវស្សា ឲ្យកូនរៀននៅ ក្នុងនាម មហាឧបរាជ ធ្វើឲ្យប្រជារាស្ត្របាត់បង់ស្មារតីប្រយុទ្ធប្រជារាស្ត្រខ្មែរក្រីក្រឆោតល្ងង់ចង់បានប្រាក់ដួលក៏នាំគ្នាកាប់ឆ្ការគុម្ពឫស្សីដែលជារបងការពារបន្ទាយលង្វែកដ៏រឹងមាំ រីប្រទេសខ្មែរហាក់បីដូចជាបាត់បង់សាមគ្គីដូចជាស្ថានីយមួយនាំកូនទាំងពីររត់ភៀសខ្លួនទៅប្រទេសឡាវមិនគិតពីប្រជារាស្ត្រនាំឲ្យប្រជាជន អស់ជំនឿ,កត្តាដែលបណ្ដាលឲ្យសៀមវាយបែកបន្ទាយលង្វែកព្រោះសៀមបានប្រើល្បិចបញ្ជូនព្រះសង្ឃពីរអង្គមកខ្មែរដើម្បីស៊ើបការណ៍ពីប្រជាជននៅលង្វែកហើយបានដឹងថាខ្មែរមានដើមឫស្សីដើម្បីការពារ សង្គ្រាម សៀមបានស៊ើបដឹងថាប្រជាជនខ្មែរមានភាពក្រខ្សត់និងខ្វះខាត បន្ទាប់ពីសៀមបានដឹងពីបញ្ហាផ្ទៃក្នុងរបស់ប្រជាជនវាក៏បានប្រើល្បិចយកប្រាក់ដួងទៅបាចនៅក្នុងគុម្ពឫស្សីហើយពេលដែលប្រជាជនខ្មែរឃើញក៏នាំគ្នាកាប់គាស់ដើមឫស្សីដើម្បីយកប្រាក់ដួង ព្រោះតែភាពក្រខ្សត់និងខ្វះខាតនិងភាពចង់បានហើយបានធ្វើឲ្យដើមឫស្សីបាត់អស់ គ្មានកន្លែងទប់ទល់ធ្វើជាខែលសម្រាប់ការពារបន្ទាយលង្វែកឡើយ បន្ទាប់ពីសៀមបានដឹងថាខ្មែរកាប់ដើមឫស្សីអស់ក៏បានលើកទ័ពមកវាយធ្វើឲ្យបាក់និងបានវាយបែកបន្ទាយលង្វែក។,10,8,3,0.8,0.7637936408426063,3,8,0,0
436,ហេតុអ្វីបានជាមនុស្សស្រូបយកខ្យល់ដែលមានកាបូនម៉ណូអុកស៊ីតអាចបង្កគ្រោះថ្នាក់ដល់ស្លាប់បាន?,បានជាមនុស្សស្រូបយកខ្យល់ដែលមានកាបូនម៉ូណូអុកស៊ីដអាចបង្កឲ្យមានគ្រោះថ្នាក់ដល់ស្លាប់ បានព្រោះកាបូនម៉ូណូអុកស៊ីដមានសមត្ថភាពចាប់យក ក្នុងឈាមបានខ្លាំងជាងអុកស៊ីសែន វារារាំងឈាមមិនឲ្យដឹកនាំអុកស៊ីសែនទៅចិញ្ចឹមសរីរាង្គជាពិសេសខួរក្បាលដែលបណ្តាលឲ្យ ស្លាប់និង សន្លប់ ។,បានជាមនុស្សស្រូបយកខ្យល់ដែលមានកាបូនម៉ូណូអុកស៊ីដអាចបង្កឲ្យមានគ្រោះថ្នាក់ដល់ស្លាប់បាន ព្រោះ _កាបូនម៉ូណូអុកស៊ីដមានសមត្ថភាពចាប់យក ក្នុងឈាមបានខ្លាំងជាងអុកស៊ីសែន _រារាំងឈាមមិនឲ្យដឹកនាំអុកស៊ីសែនទៅចិញ្ចឹមសរីរាង្គជាពិសេសខួរក្បាលដែលបណ្តាលឲ្យស្លាប់ ។,5,5,4,1.0,0.809423753518095,3,4,1,1
437,តើសង្គមខ្មែរនៅសម័យអង្គរមានប៉ុន្មានវណ្ណៈ? វណ្ណៈអ្វីខ្លះ? ចូលរៀបរាប់។,សង្គមខ្មែរនៅសម័យអង្គរមានប្រាំវណ្ណៈគឺ -វណ្ណៈក្សត្រឬរាជវង្សនុវង្ស (ជាស្ដេចគ្រប់គ្រងប្រទេស -វណ្ណៈមន្ត្រី (អ្នករស់នៅក្នុងរាជវាំងបម្រើស្ដេច) -វណ្ណៈព្រាហ្ម៍ឬបុព្វជិត​(គឺជាអ្នកបួស) -វណ្ណៈអ្នកជាឬកសិករ (អ្នករស់នៅនឹងធ្វើស្រែចម្ការ) -វណ្ណៈអ្នកងារឬទាសករ(ទាសករបម្រើគេតកូនតចៅ)។,សង្គមខ្មែរនៅសម័យអង្គរមានប្រាំវណ្ណៈគឺ -វណ្ណៈក្សត្រ -វណ្ណៈមន្ត្រី -វណ្ណៈបុព្វជិត -វណ្ណៈអ្នកជា -វណ្ណៈទាសករ។,10,5,2,0.5,0.5052297142351649,2,5,0,0
438,តើអាណាចក្រភ្នំមានព្រំប្រទល់ជាប់ប្រទេសណាខ្លះ?,អាណាចក្រភ្នំមានព្រំប្រទល់ជាប់ប្រទេសដូចជា -ខាងជើងជាប់ចិន -ខាងត្បូងជាឈូងសមុទ្រខ្មែរ -ខាងកើតជាប់រដ្ឋចម្ប៉ា -ខាងលិចជាប់រដ្ធមនឬភូមា។,អាណាចក្រភ្នំមានព្រំប្រទល់ខាងជើងជាប់នឹងប្រទេសចិន(រដ្ឋណានឆាវនិងតុងតឹង)ខាងកើតជាប់រដ្ឋចម្ប៉ា(ឈូងសមុទ្រចិន)និងខាងត្បូងជាប់និងឈូងសមុទ្រខ្មែរ(នគរភ្នំ)និងខាងលិចជាប់រដ្ឋមនឬភូមា។,6,6,4,1.0,0.9923679505896534,4,6,0,0
439,តើអាណាចក្រភ្នំមានព្រំប្រទល់ជាប់ប្រទេសណាខ្លះ?,អាណាចក្រភ្នំមានព្រំប្រទល់ជាប់ប្រទេសដូចជា -ខាងជើងជាប់ចិន -ខាងត្បូងជាឈូងសមុទ្រខ្មែរ -ខាងកើតជាប់រដ្ឋចម្ប៉ា -ខាងលិចជាប់រដ្ធមនឬភូមា។,អាណាចក្រភ្នំមានព្រំប្រទល់ខាងជើងជាប់នឹងប្រទេសចិន(រដ្ឋណានឆាវនិងតុងតឹង)ខាងកើតជាប់រដ្ឋចម្ប៉ា(ឈូងសមុទ្រចិន)និងខាងត្បូងជាប់និងឈូងសមុទ្រខ្មែរ(នគរភ្នំ)និងខាងលិចជាប់រដ្ឋមនឬភូមា។,6,6,4,1.0,0.9923679505896534,4,6,0,0
440,តើសេដ្ឋកិច្ចកម្ពុជាពឹងផ្អែកលើវិស័យអ្វីជាសំខាន់?     ក/ ហេតុអ្វីបានជាគេនិយាយថាកម្ពុជាជាប្រទេសកសិកម្ម?     ខ/ តើគេចែកកសិករជាប៉ុន្មានប្រភេទ?អ្វីខ្លះ?,សេដ្ឋកិច្ចកម្ពុជាពឹងផ្អែកលើវិស័យកសិកម្មជាសំខាន់។   ក/ បានជាគេនិយាយថាកម្ពុជាជាប្រទេសឧស្សាហកម្មព្រោះ៖  _  សណ្ឋានដី : ដីមានជីវជាតិល្អនិងសម្បូរទំនាបល្បាប់   _ ផ្លូវទឹក : ផ្លូវទឹកខ្វាត់ខ្វែងងាយស្រួលដល់ការដាំដុះ  _ ប្រជាជន : ប្រជាជនខ្មែរភាគច្រើនចូលចិត្តធ្វើកសិកម្ម  _ អាកាសធាតុ : ទទួលអាកាសធាតុក្តៅសើម  _ កសិកម្មផ្តល់ផល50%នៃផលិតផលជាតិសរុប។  ខ/ គេចែកកសិករទាំងនោះជា4ប្រភេទគឺ៖  _ កសិករធ្វើស្រែឬអ្នកស្រែ : និយមធ្វើស្រែ ស្រូវប្រាំង ស្រូវវស្សា ស្រូវឡើងទឹក  _ កសិករតំបន់ដីខ្ពស់ : គេដាំដំណាំជាអចិន្ត្រៃយ៍(ពោត ដំឡូង ចេក កៅស៊ូសណ្តែក)  _ កសិករធ្វើចម្ការដំណាំស្រូវ : គេដាំដំណាំតាមមាត់ទន្លេ ចិញ្ចឹមសត្វនិងនេសាទ  _ កសិករភូមិភាគឦសាន: គេធ្វើដំណាំព្រៃដុតមានដូចជាពោត ដំឡូង ស្រូវរុក្ខជាតិយកមើមដទៃទៀត និងបរបាញ់សត្វផងដែរ។,សេដ្ឋកិច្ចកម្ពុជាពឹងផ្អែកលើវិស័យកសិកម្មជាសំខាន់។ ក/ បានជាគេនិយាយថា កម្ពុជាជាប្រទេសកសិកម្មពីព្រោះដោយសារតែប្រទេសកម្ពុជាស្ថិតនៅក្នុងតំបន់ត្រូពិចទទួលរងនៅរបបខ្យល់ម៉ូសុងដែលមានអាកាសធាតុក្តៅហើយសើម និងមានភ្លៀងធ្លាក់កន្លះឆ្នាំដែលធ្វើឪ្យប្រទេសកម្ពុជាក្លាយជាប្រទេសដែលគេនិយាយថាកម្ពុជាជាប្រទេសកសិកម្មដែលនៅតំបន់ប្រទេសកម្ពុជាជាសម្បូរនៅដីដែលមានជីវជាតិសម្រាប់ការដាំដុះ ការចិញ្ចឹមសត្វ និងព្រៃឈើ។  _ ផ្ទៃដីប្រមាណ 72.3% ជាកសិករ  _ ផ្តល់ថវិការដល់ជាតិប្រមាណ 34.4%  _ ផ្តល់អាហារដល់មនុស្ស និងសត្វគ្រប់គ្រាន់  _ ផ្តល់វត្ថុធាតុដើម។ ខ/ គេចែកកសិករទាំងអស់ជា ៤ ប្រភេទដូចជា៖  _ ការនេសាទ  _ កសិករដាំស្រូវ ឬធ្វើស្រែ  _ កសិករតំបន់ដីខ្ពស់ តំបន់វាលទំនាបនិងខ្ពង់រាប  _ កសិករធ្វើចំការផ្សេងៗ។,20,12,2,0.6,0.6476944627649648,3,13,1,1
441,ចូរនិយាយពីកំណកាម៉ែតញី។,ការស្ថិតនៅក្រោមសារពាង្គកាយនៃពងស្វាសមានសារៈសំខាន់ដូចជាដើម្បីរក្សាសីតុណ្ហភាពឲ្យ ទាបជាងសីតុណ្ហភាពក្នុងខ្លួន ប្រហែលពី(2-3)សីតុណ្ហភាពក្នុងខ្លួន37 ។,កំណកាម៉ែតញីដំបូងកោសិកាពូជមួយរួមចំណែកពីរដងបន្តបន្ទាប់គ្នា បានកោសិកាអូវ៉ូកូរី4 ។ អូវ៉ូកូរីនីមួយៗរីកមាឌអាចជាអូវ៉ូស៊ីត1 ។អូវ៉ូស៊ីតមួយរងចំណែកមួយនៃមេយោធាហើយត្រូវបាន ឈប់គាំងនៅវគ្គប្រផ្ដាស1 ។ក្រោយមកពេលគ្រប់អូវ៉ូស៊ីតមួយបន្តធ្វើចំណែកហើយត្រូវបានបញ្ចប់ នៅរយៈពេល6ម៉ោងមុនដំណើរអូវ៉ុលនិងធ្លាក់មកក្រៅជាអូវ៉ូស៊ីត2 ។ប្រសិនបើជួបស្ពែម៉ាតូសូអុីត បង្កើតបានជាអូវុល ។,10,8,3,0.8,0.8463191870338105,3,8,0,0
442,តើមូលហេតុអ្វីបានជាព្រះបាទពញាយ៉ាត ជ្រើសរើសយកចតុមុខធ្វើជារាជធានី?,បានជាព្រះបាទពញាយ៉ាតជ្រើសរើសក្រុងចតុមុខជារាជធានីព្រោះ មានទីតាំងភូមិសាស្ត្រល្អ គេចពីសត្រូវឈ្លានពានសៀម ដីមានជីវជាតិងាយស្រួលក្នុងការធ្វើកសិកម្ម ជាទីប្រសព្វនៃជំនួសទាំងផ្លូវគោកនិងផ្លូវទឹក សម្បូរផ្លូវក្នុងការធ្វើកសិកម្មនិងជំនួញ ភាពខាងត្បូងដីមានប្រជាជនច្រើននិងធនធានដើម្បីកសាងសេដ្ឋកិច្ចជាតិ។,បានជាព្រះបាទពញាយ៉ាតជ្រើសរើសចតុមុខជារាជធានីព្រោះទីតាំងភូមិសាស្ត្រល្អមានទន្លេមុខបួនជាចំណុចប្រសព្វគ្នានៃទន្លេមេគង្គក្រោមមេគង្គលើទន្លេសាបទន្លេ ជាចំណុចកណ្តាលនៃប្រទេសកម្ពុជា ដើម្បីចៀសវាងពីការយាយីរបស់សៀម។,10,9,4,0.9,0.8877525439870982,4,9,0,0
443,បុព្វហេតុអ្វីខ្លះដែលនាំឲ្យអាណាចក្រចេនឡាបែកបាក់ជាពីរគឺអាណាចក្រចេនឡាដីគោកនិងចេនឡាទឹកលិច?,បុព្វហេតុដែលនាំហើយអាណាចក្រចេនឡាបែកជាពីរគឺ -វិសាលភាពទឹកដីធំទូលាយ -ចម្បាំងអត់ឈប់ឈរ -សមន្ដរដ្ឋបះបោរចង់ផ្ដាច់ខ្លួន -វិបត្តិផ្ទៃក្នុង -ព្រះនាងជ័យទេវីគ្មានសមត្ថភាពគ្រប់គ្រង។,បុព្វហេតុដែលនាំហើយអាណាចក្រចេនឡាបែកជាពីរគឺ -វិសាលភាពទឹកដីធំទូលាយ -ចម្បាំងអត់ឈប់ឈរ -សមន្ដរដ្ឋបះបោរចង់ផ្ដាច់ខ្លួន -វិបត្តិផ្ទៃក្នុង -ព្រះនាងជ័យទេវីគ្មានសមត្ថភាពគ្រប់គ្រង។,7,7,4,1.0,0.9774278816832895,4,7,0,0
444,ដូចម្តេចដែលហៅថាមេយ៉ូស? ចូរនិយាយពីវគ្គផ្សេងៗនៃមេយ៉ូស។,មេយ៉ូសជាសំណុំនៃចំណែកកោសិកាពីរដងបន្តបន្ទាប់គ្នាដែលបង្កើតបានជាកោសិកាអាលូអុីតបួន ហៅថាមេយ៉ូស ។ _តេឡូផាស1 ស៊ីតូប្លាសចែកខ្លួនបានជាកោសិកាកូនពីរ ។កោសិកាកូននីមួយៗទទួលបានក្រូម៉ូសូម តែមួយពីរគូអូម៉ូឡូក ។ _ប្រផាស1 មានរយៈពេលវែង ។ _អាណាផាស1 ក្រូម៉ូសូមដំរៀបលើផ្លាស់ភ្ជាប់នឹងក្រយ៉ូងក្រូម៉ាទិចដោយសង់ក្រូងទ័ររបស់វា ។ _តេឡូផាស2 ក្រូម៉ូមនីមួយៗបានមកដល់ប៉ូលភ្នាស _មេតាផាស2 ក្រូម៉ូសូមប្រេះតាមបណ្ដោយភ្ជាប់ខ្លួនទៅនិងក្រយ៉ងក្រូម៉ាទិចដោយសង់ _ប្រូដាស2 ត្តយ៉ងអាក្រូម៉ាទិតកើតមានក្នុងកោសិកាគូនីមួយៗ _អាណាផាស2 សង់ក្រូម៉ែធ្វើចំណែកដែលនាំអោយក្រូម៉ាទិចបងប្អូនដាច់ចេញពីគ្នា ។បន្ទាប់មក ក្រូម៉ូសូមកូនទាំង2ធ្វើដំណើរឆ្ពោះទៅប៉ូលផ្ទុយគ្នារបស់ត្រយ៉ូងអាក្រូម៉ាទិច ។,មេយ៉ូសជាសំណុំនៃចំណែកកោសិកាពីរដងបន្តបន្ទាប់គ្នាដែលបង្កើតបានជាកោសិកាអាលូអុីតបួន ហៅថាមេយ៉ូស ។ _ប្រផាស1 មានរយៈពេលវែង ។ _អាណាផាស1 ក្រូម៉ូសូមដំរៀបលើផ្លាស់ភ្ជាប់នឹងក្រយ៉ូងក្រូម៉ាទិចដោយសង់ក្រូងទ័ររបស់វា ។ _តេឡូផាស2 ក្រូម៉ូមនីមួយៗបានមកដល់ប៉ូលភ្នាស _មេតាផាស2 ក្រូម៉ូសូមប្រេះតាមបណ្ដោយភ្ជាប់ខ្លួនទៅនិងក្រយ៉ងក្រូម៉ាទិចដោយសង់ _ប្រូដាស2 ត្តយ៉ងអាក្រូម៉ាទិតកើតមានក្នុងកោសិកាគូនីមួយៗ,10,6,2,0.6,0.6207737355735933,2,6,0,0
445,តើឧស្សាហកម្មមានតួនាទីដូចម្ដេចខ្លះចំពោះសេដ្ឋកិច្ចជាតិ?,ឧស្សាហកម្មមាន​តួនាទីចំពោះសេដ្ឋកិច្ចជាតិដូចជា ៖ ​ _ ជួយបង្កើតថវិការជាតិ ​ _ ជួយបង្កើតទិន្នផលជាតិ ​​ _ ជួយឲ្យសេដ្ឋកិច្ចជាតិរីកចម្រើន  _ ប្រជាជនសំបូរធូរធារ  _អភិវឌ្ឍគ្រប់វិស័យ  _ មានទំនាក់ទំនងល្អជាមួយអ្នកជិតខាង  _ មានភាពរុងរឿងនៅក្នុងប្រទេសជាតិ។,ឧស្សាហកម្មមានតួនាទីចំពោះសេដ្ឋកិច្ចដូចជា៖-បានផ្តល់ចំណូលក្នុងសេដ្ឋកិច្ចជាតិ -ជួយផ្តល់ការងារសម្រាប់ប្រជាជន -ផ្គត់ផ្គង់ការនាំចេញទៅក្រៅប្រទេស -ផ្គត់ផ្គង់ក្នុងស្រុកបានគ្រប់គ្រាន់ -ជួយកាត់បន្ថយការនាំចូលពីបរទេស -ទាក់ទាញអ្នកវិនិយោគក្នុង និងក្រៅប្រទេស -ជួយដល់ជីវភាពគ្រួសារ -ជួយដោយផ្ទាល់ (ឧស្សាហកម្មកាត់ដេរ វាយនភណ្ឌ សហគ្រាសផលិតស្ករស ជលផល... ជាដើម) -ជួយដោយប្រយោល (ជួយកសិករដែលធ្វើកសិកម្មដូចជា ដាំកៅស៊ូ ដំឡូងមី ស្រូវ ផ្លែឈើ... ជាដើម)។,15,15,4,1.0,0.9821962768408631,4,15,0,0
446,តើកម្ពុជាមានបេតិកភណ្ឌអ្វីខ្លះ ដែលបានចុះបញ្ជីបេតិកភណ្ឌរូបី និង អរូបីពិភពលោករបស់អង្គការយូណេស្កូ? ចូររៀបរាប់ឱ្យបានប្រាំ។,កម្ពុជាមានបេតិកភណ្ឌដែលបានចុះបញ្ជីបេតិកភណ្ឌរូបី និង អរូបីពិភពលោករបស់អង្គការយូណេស្កូដូចជា     +ល្ខោនខោល     +រមណីយដ្ឋានអង្គរ     +ចាប៉ីដងវែង     +ប្រាសាទព្រះវិហហារ     +ល្ខោនស្រមោលស្បែកធំ     +របាំព្រះរាជទ្រព្យ     +ក្រមាខ្មែរ     +គុនល្បុកតោ     +រមណីយដ្ឋានសម្បូរព្រៃគុក,កម្ពុជាមានបេតិកភណ្ឌដែលបានចុះបញ្ជីបេតិ កភណ្ឌរូបិយនិងអរូបិយពិភពលោករបស់ អង្គការយូណេស្កូមានដូចជា÷ -ប្រាសាទព្រះវិហារ  -ប្រាសាទអង្គរវត្ត  -ប្រាសាទកោះកេរ្ត៌ិ -ប្រាសាទតាមាន់។,5,3,2,0.6,0.8257658694529477,3,4,1,1
447,ចូរនិយាយពីកំណកាម៉ែតញី។,ការស្ថិតនៅក្រោមសារពាង្គកាយនៃពងស្វាសមានសារៈសំខាន់ដូចជាដើម្បីរក្សាសីតុណ្ហភាពឲ្យ ទាបជាងសីតុណ្ហភាពក្នុងខ្លួន ប្រហែលពី(2-3)សីតុណ្ហភាពក្នុងខ្លួន37 ។,កំណកាម៉ែតញីដំបូងកោសិកាពូជមួយរួមចំណែកពីរដងបន្តបន្ទាប់គ្នា បានកោសិកាអូវ៉ូកូរី4 ។ អូវ៉ូកូរីនីមួយៗរីកមាឌអាចជាអូវ៉ូស៊ីត1 ។អូវ៉ូស៊ីតមួយរងចំណែកមួយនៃមេយោធាហើយត្រូវបាន ឈប់គាំងនៅវគ្គប្រផ្ដាស1 ។,10,5,2,0.5,0.3587993359228663,1,4,1,1
448,តើឧស្សាហកម្មមានតួនាទីដូចម្ដេចខ្លះចំពោះសេដ្ឋកិច្ចជាតិ?,ឧស្សាហកម្មមាន​តួនាទីចំពោះសេដ្ឋកិច្ចជាតិដូចជា ៖ ​ _ ជួយបង្កើតថវិការជាតិ ​ _ ជួយបង្កើតទិន្នផលជាតិ ​​ _ ជួយឲ្យសេដ្ឋកិច្ចជាតិរីកចម្រើន  _ ប្រជាជនសំបូរធូរធារ  _អភិវឌ្ឍគ្រប់វិស័យ  _ មានទំនាក់ទំនងល្អជាមួយអ្នកជិតខាង  _ មានភាពរុងរឿងនៅក្នុងប្រទេសជាតិ។,ឧស្សាហកម្មមានតួនាទីចំពោះសេដ្ឋកិច្ចជាតិដូចជា ៖ _ ជួយបង្កើនប្រាក់ចំណូលជូនជាតិ23.8% ឆ្នាំ2008 _ បង្កើតការងារជូនប្រជាជន  _ បង្កើតប្រាក់ចំណូលក្នុងគ្រួសារ  _ ប្រជាជនមានជីវភាពធូរធារ _ ជួយរក្សាលំនឹងជញ្ជីងពាណិជ្ជកម្ម  _ ផ្ដល់ផលិតផលសម្រាប់នាំចេញ  _ ផ្ដល់ផលិតផលសម្រាប់ប្រើប្រាស់។,15,15,4,1.0,0.931330442416525,4,14,0,1
449,តើកត្តាអ្វីខ្លះដែលបណ្ដាលឲ្យសៀមវាយបែកបន្ទាយលង្វែក?,កត្តាដែលបណ្ដាលឲ្យសៀមវាយបន្ទាយលង្វែកព្រះរាជាព្រះសត្ថាទីមួយឆោតល្ងង់ទៅជួយរំដោះក្រុងឰយុធ្យារបស់សៀមមកពីការត្រួតត្រាភូមាសៀមរមិលគុណប្រើល្បិចបញ្ជូនសល់ពីរអង្គ យកការវិបត្តិផ្ទៃក្នុងជាជួរជលសារលោករវល់ នាដើមម៉ឺនមន្ត្រីប្រជារាស្ត្រមិនពេញចិត្តដែលតែងទៅកូនអាយុដប់មួយវស្សា ឲ្យកូនរៀននៅ ក្នុងនាម មហាឧបរាជ ធ្វើឲ្យប្រជារាស្ត្របាត់បង់ស្មារតីប្រយុទ្ធប្រជារាស្ត្រខ្មែរក្រីក្រឆោតល្ងង់ចង់បានប្រាក់ដួលក៏នាំគ្នាកាប់ឆ្ការគុម្ពឫស្សីដែលជារបងការពារបន្ទាយលង្វែកដ៏រឹងមាំ រីប្រទេសខ្មែរហាក់បីដូចជាបាត់បង់សាមគ្គីដូចជាស្ថានីយមួយនាំកូនទាំងពីររត់ភៀសខ្លួនទៅប្រទេសឡាវមិនគិតពីប្រជារាស្ត្រនាំឲ្យប្រជាជន អស់ជំនឿ,កត្តាដែលបណ្ដាលឲ្យសៀមវាយយកបន្ទាយលង្វែកព្រោះ សត្ថាទីមួយឆោតល្ងង់ទៅជួយរំដោះក្រុងឰយុធ្យារបស់ពួកសៀមពីការត្រួតត្រារបស់ភូមា សៀម ពួកវារមិលគុណប្រើល្បិចបញ្ជូនពីក្បាលមកយកការណ៍ក្នុងបន្ទាយលង្វែកនិងប្រើល្បិចបាចប្រាក់ដួងចូលក្នុងគុម្ពឫស្សី វិបត្តិផ្ទៃក្នុង រាជវង្សសានុវង្ស នាម៉ឺនមន្ត្រី ប្រជារាស្ត្រ មិនពេញចិត្តនឹងព្រះរាជា តែងតាំងកូនអាយុដប់មួយវស្សាឲ្យគ្រប់គ្រងរាជធានីនិងប្រាំមួយវស្សាជាមហាឧបរាជ បានធ្វើឲ្យប្រជារាស្ត្របាត់បង់ស្មារតីតតាំងប្រយុទ្ធនឹងសង្គ្រាម ប្រជារាស្ត្រខ្មែរ ក្នុងនោះចង់បានប្រាក់ដួងក៏នាំគ្នាកាប់ឆ្ការគុម្ពឫស្សីដែលជារបងការពារបន្ទាយលង្វែកដ៏រឹងមាំ សាមគ្គីភាពប្រជាជនខ្មែរហាក់ដូចជាបាត់បង់សាមគ្គីភាព ដូចជាសាខាទីមួយនាំកូនទាំងពីររត់ភៀសខ្លួនទៅប្រទេសឡាវដោយមិនដោយមិនគិតពីប្រជារាស្ត្រនាំឲ្យប្រជាជនអស់ជំនឿ។,10,10,4,1.0,0.9623496282216526,4,10,0,0
450,តើការស្ថិតនៅក្រៅសារពាង្គកាយនៃពងស្វាសមានសារៈសំខាន់ដូចម្តេច?,ការស្ថិតនៅក្រោមសារពាង្គកាយនៃពងស្វាសមានសារៈសំខាន់ដូចជាដើម្បីរក្សាសីតុណ្ហភាពឲ្យ ទាបជាងសីតុណ្ហភាពក្នុងខ្លួន ប្រហែលពី(2-3)សីតុណ្ហភាពក្នុងខ្លួន37 ។,ការស្ថិតនៅក្រោមសារពាង្គកាយនៃពងស្វាសមានសារៈសំខាន់ដូចជាដើម្បីរក្សាសីតុណ្ហភាពឲ្យ ទាបជាងសីតុណ្ហភាពក្នុងខ្លួន ប្រហែលពី(2-3)ដែលជាលក្ខខណ្ឌចាំបាច់សម្រាប់ការផលិត មេជីវិតឈ្មោល ។,10,8,3,0.8,0.8694164038302925,3,9,0,1
451,តើកម្ពុជាមានបេតិកភណ្ឌអ្វីខ្លះ ដែលបានចុះបញ្ជីបេតិកភណ្ឌរូបី និង អរូបីពិភពលោករបស់អង្គការយូ ណេស្កូ? ចូររៀបរាប់ឲ្យបានប្រាំ។,បេតិកភណ្ឌរូបិយនិងអរូបិយមានដូចជា -ប្រាសាទព្រះវិហារ -ប្រាសាទអង្គវត្ត -ប្រាសាតសម្បូរព្រៃគុក -ប្រាសាទកោះកេរ្ត៍ -របាំព្រះរាជទ្រព្យ -ល្ខោនខោល -ល្បែងប្រជាប្រិយ។,+បេតិកភណ្ឌរូបី -ប្រាសាទព្រះវិហារ -ប្រាសាទអង្គវត្ត -ប្រាសាតសម្បូរព្រៃគុក -ប្រាសាទកោះកេរ្ត៍ -ប្រាសាទតាក្របី '+បេតិកអភណ្ឌរូបី -ប្រាសាទព្រះវិហារ -ប្រាសាទអង្គវត្ត -ប្រាសាតសម្បូរព្រៃគុក -ប្រាសាទកោះកេរ្ត៍ -ល្ខោនស្បែកតូចស្បែកធំ -ក្រមារ -ស្បៃ -ចាបុីដងវែង -របាំព្រះរាជទ្រព្យ,5,5,4,1.0,0.9850471271557744,4,5,0,0
452,តើអ្វីជាសង្គ្រាមត្រជាក់? តើសង្គ្រាមត្រជាក់ផ្ដល់ផលវិបាកអ្វីខ្លះដល់កម្ពុជា?,សង្គ្រាមត្រជាក់ជាការប្រឈមមុខដាក់គ្នាដោយប្រយោលរវាងសហរដ្ឋអាមេរិចនិងសហភាពសូវៀត ដោយធ្វើការប្រណាំងប្រជែងគ្នាលើផ្នែក  សេដ្ឋកិច សព្វាវុធ យោធា និងបច្ចេកទេស។ សង្រ្គាមត្រជាក់បានផ្ដល់ផលវិបាកកម្ពុជាដូចជា៖ -គ្រាប់បែករបស់សហរដ្ឋអាមេរិក 1669 ដល់ 1973  -សង្គ្រាមស៊ីវិលក្នុងប្រទេសពីឆ្នាំ 1970 ដល់ 1975 និងកើតមានម្តងទៀតពីឆ្នាំ 1979 ដល់ឆ្នាំ 1991 ដែលកើតចេញពីការប្រឆាំងគ្នារវាងក្រុមកុម្មុយនិស្តនិងសេរីនិយម -ការសម្លាប់ប្រជាជនឯងក្រោមរបស់ប្រល័យពូជសាសន៍ឆ្នាំ 1975 និងឆ្នាំ 1979  -ការផ្លាស់ប្ដូរនយោបាយជាញឹកញាប់រហូតមានការមានកិច្ចព្រមព្រៀងសន្តិភាពក្រុងប៉ារីសថ្ងៃទី 23 តុលាឆ្នាំ 1991។,សង្គ្រាមត្រជាក់គឺជាការប្រឈមមុខដាក់គ្នាដោយប្រយោលរវាងប្លុកលោកខាងលិចដែលប្រកាន់យលលទ្ធិសេរីនិយមដឹកនាំដោយសាហរដ្ឋអាមេរិក ដែលខាងកើតប្រកាន់យកលទ្ធិគុម្មុយនីសដឹកនាំដោយសហភាពសូវៀត។ការប្រឈមមុខគ្នារវាងប្លុកទាំងពីរនេះបង្កើតមានក្នុងវិស័យមនោគមន៍វិជ្ជា នយោបាយ  សេដ្ឋកិច្ច ពាណិជ្ជកម្ម និងទំនាក់ទំនងអន្តរជាតិ។ ផលវិបាកមានដូច៖ -មានវិនាសកម្មការទម្លាក់គ្រាប់បែករបស់សហរដ្ឋអាមេរិក  -វិបត្តិនយោបាយពីឆ្នាំ 1970 ដល់ឆ្នាំ 1973 និងកើតម្ដងទៀតពីឆ្នាំ 1990 ដល់ 1993  -ការផ្លាស់ប្ដូរនយោបាយញឹកញាប់រហូតដល់មានកិច្ចព្រមព្រៀងសន្តិភាពទីក្រុងប៉ារីស 23 តុលាឆ្នាំ 1991 -សង្គមកម្ពុជាក្លាយជាអនាធីបតី បាត់បង់ស្ថីរភាពនយោបាយ អសន្តិសុខសណ្ដាប់ធ្នាប់ -មានការបែងចែកអំណាចរដ្ឋាភិបាលជាតិពីរ។,10,9,4,0.9,0.8896121273741293,4,9,0,0
453,តើប្រទេសកម្ពុជាចូលជាសមាជិក សហគមន៍អាសុីអាគ្នេយ៍ទទួលបានផលវិជ្ជមាននិងផលអវិជ្ជមានដូចម្ដេចខ្លះ?,ប្រទេសកម្ពុជាចូលជាសមាជិកសាមាសហគមន៍អាស៊ីអាគ្នេយ៍ទទួលផលវិជ្ជមាននឹងអវិជ្ជមានដូចជា៖ +ផលវិជ្ជមាន៖ -កម្ពុជាលែងឯកោទៅទៀត -បានចូលរួមនៅរាល់ការសម្រេចចិត្តនានាក្នុងតំបន់ -កម្ពុជាបានឈរស្មើមុខមាត់ជាមួយបណ្ដាប្រទេសជាសមាជិកអាស៊ាន -កម្ពុជាមានដៃគូច្រើនទាំងក្នុងតំបន់និងពិភព -កម្ពុជាអាចពង្រីកអនុភាពនិងបង្កើតតួនាទីរបស់ខ្លួនកាន់តែសកម្មភាពដែលក្នុងតំបន់នៃអន្តរជាតិ -កម្ពុជាមានសិទ្ធពេញលេញក្រោមការរៀបចំកិច្ចប្រជុំធំៗក្នុងប្រទេសខ្លួនលក្ខណៈតំបន់និងពិភពលោក -ការលើកលែងទិដ្ឋការ -កម្ពុជាក្លាយជាកន្លែងវិនិយោគដ៏មានសក្តានុពលពាណិជ្ជកម្មរវាងពាណិជ្ជកម្មនិងស្រួលជាងមុនចំពោះទីផ្សារ -សេដ្ឋកិច្ចកម្ពុជាមានកំណើនរៀងរាល់ឆ្នាំ -ប្រជាជនអាចរកការងារធ្វើទាំងក្នុងប្រទេសក្នុងតំបន់និងក្រៅតំបន់ -កំណើនភ្ញៀវទេសចរជាច្រើន +ផលអវិជ្ជមាន៖ -ពាណិជ្ជកម្មសេដ្ឋកិច្ចដំណើរការមិនល្អ -កម្ពុជាបាត់បង់ជំនឿសាសនាប្រពៃណីទំនៀមទម្លាប់,ប្រទេសកម្ពុជាបានចូលជាសមាជិកអាស៊ានសហគមន៍អាស៊ីអាគ្នេយ៍ទទួលបានផល៖ +ផលវិជ្ជមាន -កម្ពុជាអាចបង្កើតទំនាក់ទំនងពាណិជ្ជកម្មជាមួយប្រទេសក្នុងតំបន់ -កម្ពុជាមានឱកាសប្រគួតប្រជែងខ្ពស់ជាមួយប្រទេសក្នុងតំបន់ -ទាញវិនិយោគទុនបរទេសក្នុងតំបន់ និងសកលលោកដើម្បីឱ្យសេដ្ឋកិច្ចរីកចម្រើន -កម្ពុជាទទួលបានកំណើនភ្ញៀវទេសចរណ៍ -កម្ពុជាចូលរួមដោះស្រាយបញ្ហាផ្សេងៗជាមួយប្រទេសអាស៑ាន -កម្ពុជាទទួលបាននូវសុខសន្តិភាព -មានការផ្លាស់ប្ដូរផ្នែកចំណេះដឹងសង្គមវប្បធម៌ កីឡៃបច្ចេកវិទ្យា -កម្ពុជាទទួលបានផលចំណេញច្រើនពីការធ្វើទំនាក់ទំនងនយោបាយបរទេស។ +ផលអវិជ្ជមាន -ប្រគួតប្រជែងសេដ្ឋកិច្ច -សហគ្រាសក្នុងស្រុកខ្លះពិបាក -មានជនបរទេសជាច្រើន។,10,9,4,0.9,0.9231764345655809,4,9,0,0
454,តើសេដ្ឋកិច្ចកម្ពុជាពឹងផ្អែកលើវិស័យអ្វីជាសំខាន់?     ក/ ហេតុអ្វីបានជាគេនិយាយថាកម្ពុជាជាប្រទេសកសិកម្ម?     ខ/ តើគេចែកកសិករជាប៉ុន្មានប្រភេទ?អ្វីខ្លះ?,សេដ្ឋកិច្ចកម្ពុជាពឹងផ្អែកលើវិស័យកសិកម្មជាសំខាន់។   ក/ បានជាគេនិយាយថាកម្ពុជាជាប្រទេសឧស្សាហកម្មព្រោះ៖  _  សណ្ឋានដី : ដីមានជីវជាតិល្អនិងសម្បូរទំនាបល្បាប់   _ ផ្លូវទឹក : ផ្លូវទឹកខ្វាត់ខ្វែងងាយស្រួលដល់ការដាំដុះ  _ ប្រជាជន : ប្រជាជនខ្មែរភាគច្រើនចូលចិត្តធ្វើកសិកម្ម  _ អាកាសធាតុ : ទទួលអាកាសធាតុក្តៅសើម  _ កសិកម្មផ្តល់ផល50%នៃផលិតផលជាតិសរុប។  ខ/ គេចែកកសិករទាំងនោះជា4ប្រភេទគឺ៖  _ កសិករធ្វើស្រែឬអ្នកស្រែ : និយមធ្វើស្រែ ស្រូវប្រាំង ស្រូវវស្សា ស្រូវឡើងទឹក  _ កសិករតំបន់ដីខ្ពស់ : គេដាំដំណាំជាអចិន្ត្រៃយ៍(ពោត ដំឡូង ចេក កៅស៊ូសណ្តែក)  _ កសិករធ្វើចម្ការដំណាំស្រូវ : គេដាំដំណាំតាមមាត់ទន្លេ ចិញ្ចឹមសត្វនិងនេសាទ  _ កសិករភូមិភាគឦសាន: គេធ្វើដំណាំព្រៃដុតមានដូចជាពោត ដំឡូង ស្រូវរុក្ខជាតិយកមើមដទៃទៀត និងបរបាញ់សត្វផងដែរ។,បានជាគេនិយាយថាកម្ពុជាជាប្រទេសកសិកម្មព្រោះស្ថានដែល -ប្រទេសកម្ពុជាស្ថិតនៅគម្លាតដែលមានអំណោយផលដល់កសិកម្មប្រទេសកម្ពុជាមាន ជាអ្នកដាំស្រូវ៧០.៣០%  -ប្រទេសកម្ពុជាស្ថិតនៅក្នុងតំបន់មូលសានក្ដៅសើមដែលអនុគ្រោះដល់ កសិករដែលធ្វើឲ្យមាននូវពីច្បាស់លាស់គឺរដូវប្រាំងនិងរដូវវស្សា -ប្រព័ន្ធធារាសាស្ត្រឯងដែលងាយស្រួលដល់ការធ្វើកសិកម្ម -ជាប្រភពអាហារសម្រាប់អាហារប្រជាជនគ្រប់រូប  -កាត់បន្ថយ អត្រាអត់ការងារធ្វើដល់ប្រជាជន -កាត់បន្ថយភាពក្រីក្ររបស់ប្រជាជន -ជាវត្ថុធាតុដើម នៅក្នុងវិស័យឧស្សាហកម្មការនាំចេញនិងការនាំចូលច្រើនជាងគេ។  ខគេចែកកសិករ ទាំងនោះ  -កសិករធ្វើស្រែដាំស្រូវជាកសិករដែលដាំស្រូវតែមួយមុខគត់មិនដាំដំណាំអ្វីផ្សេងឡើយពេលធ្វើស្រែតាមរដូវ។ -កសិករចិញ្ចឹមសត្វគឺជាកសិករដែលចិញ្ចឹមតែមួយគត់សម្រាប់ទុកទ្រង់ជីវភាពរស់នៅប្រចាំថ្ងៃ -កសិករមិនដាំស្រូវគឺជាកសិករតែធ្វើការដាំដំណាំផ្សេងផ្សេង តែចាំសួរនៅឡើយ  -កសិករធ្វើស្រែចម្ការគឺជាកសិករធ្វើស្រែដាំស្រូវតាមរដូវនិងដាំដំណាំផ្សេងៗផងដែរ។,20,12,2,0.6,0.6623896024876924,3,13,1,1
455,ចូរនិយាយពីកំណកាម៉ែតញី។,ការស្ថិតនៅក្រោមសារពាង្គកាយនៃពងស្វាសមានសារៈសំខាន់ដូចជាដើម្បីរក្សាសីតុណ្ហភាពឲ្យ ទាបជាងសីតុណ្ហភាពក្នុងខ្លួន ប្រហែលពី(2-3)សីតុណ្ហភាពក្នុងខ្លួន37 ។,កំណកាម៉ែតញីដំបូងកោសិកាពូជមួយរួមចំណែកពីរដងបន្តបន្ទាប់គ្នា បានកោសិកាអូវ៉ូកូរី4 ។ អូវ៉ូកូរីនីមួយៗរីកមាឌអាចជាអូវ៉ូស៊ីត1 ។អូវ៉ូស៊ីតមួយរងចំណែកមួយនៃមេយោធាហើយត្រូវបាន ឈប់គាំងនៅវគ្គប្រផ្ដាស1 ។,10,4,2,0.4,0.3587993359228663,1,4,1,0
456,តើព្រះបាទពញាយ៉ាតមានបុត្រប៉ុន្មានអង្គព្រះនាមអ្វីខ្លះ?ជាមួយអ្នកម្នាងណាខ្លះ?,ព្រះបាទពញាយ៉ាតមានបុត្របីអង្គគឺ នារាយណ៍រាជា ជាបុត្រជាមួយម្នាងទេវី ស្រីរាជាជាបុត្រជាមួយបុទុមកេសរ និងធម្មរាជាជាបុត្រជាមួយសុីសង៉ាម(បុត្រីស្ដេចសៀម)។,ព្រះបាទពញាយ៉ាតមានបុត្របីអង្គគឺ នារាយណ៍រាជា ជាបុត្រជាមួយម្នាងបទុមរាជា ស្រីរាជាជាបុត្រជាមួយព្រះនាងសិរីបុប្ផា និងធម្មរាជាជាបុត្រជាមួយព្រះនាងទេវី។,5,5,4,1.0,0.9401141758128888,4,5,0,0
457,តើកត្តាអ្វីខ្លះដែលធ្វើអោយសម័យអង្គររីកចម្រើនដល់កំពូល?​ ចូលរៀបរាប់។,កត្តាដែលធ្វើអោយសម័យអង្គររីកចម្រើនគឺ: កត្តាព្រះរាជា:ព្រះរាជាចាប់ពីព្រះបាទជ័យវរ្ម័នទី 2 រហូតដល់ព្រះបាទជ័យវរ្ម័នទី 7 សុទ្ធតែជាស្ដេចខ្លាំងពូកែ កត្តានយោបាយ: នយោបាយក្នុងប្រទេសបង្រួបបង្រួមជាតិកសាងនិងការពារទឹកដី នយោបាយក្រៅប្រទេស:ចងសម្ព័ន្ធមិត្តជាមួយប្រទេសធំៗវាយយករដ្ឋតូចដាក់ជាចំណុះ កត្តាសេដ្ឋកិច្ច:រីកចម្រើនលើវិស័យកសិកម្មសិប្បកម្មគណនាគម កត្តាសាសនា:ការឯកភាពគ្នារវាងសាសនាព្រាហ្មនិងព្រះពុទ្ធ កត្តាធនធានមនុស្សបន្សល់ទុកតាំងពីសម័យនគរភ្នំនិងចេនឡាមក។,កត្តាដែលធ្វើអោយសម័យអង្គររីកចម្រើនគឺ: .កត្តាព្រះរាជា:ព្រះរាជាចាប់ពីព្រះបាទជ័យវរ្ម័នទី 2 រហូតដល់ព្រះបាទជ័យវរ្ម័នទី 7 សុទ្ធសឹងតែជាស្ដេចខ្លាំងពូកែ .កត្តានយោបាយ: +នយោបាយក្នុងប្រទេស:បង្រួបបង្រួម​ កសាង និងការពារ។ +នយោបាយក្រៅប្រទេស:ចងសម្ព័ន្ធមិត្តជាមួយប្រទេសធំៗដូចជាចិននិងឥណ្ឌា និងវាយយករដ្ឋតូចដាក់ជាចំណុះ .កត្តាសេដ្ឋកិច្ច:ការរីកចម្រើនលើវិស័យកសិកម្ម សិប្បកម្ម គណនាគមន៍ .កត្តាសាសនា:មានការឯកភាពគ្នារវាងសាសនាព្រាហ្មនិងព្រះពុទ្ធ .កត្តាធនធានមនុស្សបន្សល់ទុកតាំងពីសម័យនគរភ្នំនិងចេនឡាមក។,10,10,4,1.0,0.9710717620824149,4,10,0,0
458,តើកម្ពុជាមានបេតិកភណ្ឌអ្វីខ្លះ ដែលបានចុះបញ្ជីបេតិកភណ្ឌរូបី និង អរូបីពិភពលោករបស់អង្គការយូ ណេស្កូ? ចូររៀបរាប់ឲ្យបានប្រាំ។,បេតិកភណ្ឌរូបិយនិងអរូបិយមានដូចជា -ប្រាសាទព្រះវិហារ -ប្រាសាទអង្គវត្ត -ប្រាសាតសម្បូរព្រៃគុក -ប្រាសាទកោះកេរ្ត៍ -របាំព្រះរាជទ្រព្យ -ល្ខោនខោល -ល្បែងប្រជាប្រិយ។,ប្រាសាទព្រះវិហារ -ប្រាសាទសំបូរព្រៃគុក -ប្រាសាទកោះកេរ -របាំព្រះរាជទ្រព្យ -ល្ខោនខោ -ល្ខោនស្បែកធំ -ល្បុក្កតោ,5,5,4,1.0,0.9775354493607796,4,5,0,0
459,តើមូលហេតុអ្វីបានជាព្រះបាទពញាយ៉ាត ជ្រើសរើសយកចតុមុខធ្វើជារាជធានី?,បានជាព្រះបាទពញាយ៉ាតជ្រើសរើសក្រុងចតុមុខជារាជធានីព្រោះ មានទីតាំងភូមិសាស្ត្រល្អ គេចពីសត្រូវឈ្លានពានសៀម ដីមានជីវជាតិងាយស្រួលក្នុងការធ្វើកសិកម្ម ជាទីប្រសព្វនៃជំនួសទាំងផ្លូវគោកនិងផ្លូវទឹក សម្បូរផ្លូវក្នុងការធ្វើកសិកម្មនិងជំនួញ ភាពខាងត្បូងដីមានប្រជាជនច្រើននិងធនធានដើម្បីកសាងសេដ្ឋកិច្ចជាតិ។,បានជាព្រះបាទពញាយ៉ាតជ្រើសរើសក្រុងចតុមុខជារាជធានីព្រោះ មានទីតាំងភូមិសាស្ត្រល្អ គេចពីសត្រូវឈ្លានពានសៀម ដីមានជីវជាតិងាយស្រួលក្នុងការធ្វើកសិកម្ម ជាទីប្រសព្វនៃជំនួសទាំងផ្លូវគោកនិងផ្លូវទឹក សម្បូរផ្លូវក្នុងការធ្វើកសិកម្មនិងជំនួញ ភាពខាងត្បូងដីមានប្រជាជនច្រើននិងធនធានដើម្បីកសាងសេដ្ឋកិច្ចជាតិ។,10,10,4,1.0,0.9827668995036225,4,10,0,0
460,តើឧស្សាហកម្មមានតួនាទីដូចម្ដេចខ្លះចំពោះសេដ្ឋកិច្ចជាតិ?,ឧស្សាហកម្មមាន​តួនាទីចំពោះសេដ្ឋកិច្ចជាតិដូចជា ៖ ​ _ ជួយបង្កើតថវិការជាតិ ​ _ ជួយបង្កើតទិន្នផលជាតិ ​​ _ ជួយឲ្យសេដ្ឋកិច្ចជាតិរីកចម្រើន  _ ប្រជាជនសំបូរធូរធារ  _អភិវឌ្ឍគ្រប់វិស័យ  _ មានទំនាក់ទំនងល្អជាមួយអ្នកជិតខាង  _ មានភាពរុងរឿងនៅក្នុងប្រទេសជាតិ។,ឧស្សាហកម្មមានតួនាទីចំពោះសេដ្ឋកិច្ចជាតិដូចជា ជួយបង្កើនប្រាក់ចំណូលចូលជាតិម្ភៃបីក្បៀសប្រាំបីភាគរយឆ្នាំពីរពាន់ប្រាំបី បង្កើតការងារដល់ប្រជាជន ផ្ដល់ប្រាក់ចំណូលជួយគ្រួសារប្រជាជនមានជីវភាពធូរធារ ជួយរក្សាលំនឹងជញ្ជីងពាណិជ្ជកម្ម ផ្ដល់ធនធានសម្រាប់ដាំចេកផ្តល់ផលិតផលសម្រាប់ប្រើប្រាស់។,15,5,1,0.3333333333333333,0.36178606162774696,1,5,0,0
461,តើគេចែកយុគសម័យបុរេប្រវត្តិសាស្ត្រកម្ពុជាជាប៉ុន្មានយុគសម័យ?អ្វីខ្លះ?,គេចែកយុគសម័យបុរេប្រវត្តិសាស្ត្រកម្ពុជាជាបីយុគសម័យគឺ -យុគថ្មបំបែក (600000 - 12000 ឆ្នាំមុនគ.ស) -យុគថ្មរលីងឬសំលៀង (8000 - 2000 ឆ្នាំមុនគ.ស) -យុគលោហៈ(2000-100 ឆ្នាំមុនគ.ស)។,គេចែកយុគសម័យបុរេប្រវត្តិសាស្ត្រកម្ពុជាជាបីយុគសម័យគឺ -យុគថ្មបំបែក -យុគថ្មរលីងឬសំលៀង -យុគលោហៈ។,5,3,2,0.6,0.5679649521493316,2,3,0,0
462,តើប្រព័ន្ធផលិតកម្មកសិកម្មនៅក្នុងប្រទេសកម្ពុជាមានអ្វីខ្លះ?ចូររៀបរាប់​ ។,ប្រព័ន្ធផលិតកម្មកសិកម្មនៅប្រទេសកម្ពុជាមាន៖    _ ដំណាំ : ដំណាំស្រូវ ដំណាំកៅស៊ូ ដំណាំផ្សេងៗទៀត    _ ការចិញ្ចឹមសត្វ : ការចិញ្ចឹមសត្វលើគោក ការចិញ្ចឹមសត្វក្នុងទឹក    _ ការនេសាទ : ការនេសាទទឹកសាប ការនេសាទទឹកប្រៃ  _ ព្រៃឈើ : ផលិតផលឈើ អនុផលព្រៃឈើ(រកឃ្មុំ ជ័រទឹក វល្លិ៍ ផ្តៅ) សត្វព្រៃ ។,ប្រព័ន្ធផលិតកម្មកសិកម្មនៅប្រទេសកម្ពុជាមានដូចជា៖  _ វិស័យឧស្សាហកម្ម  _ វិស័យកសិកម្ម  _ វិស័យពាណិជ្ជកម្ម  _ វិស័យទេសចរណ៍  _ វិស័យគមនាគម៏។,10,2,1,0.2,0.18601389872261057,1,2,0,0
463,ហេតុអ្វីបានជាផ្នែកឯកជនជាកម្លាំងដ៏សំខាន់សម្រាប់ការវិនិយោគសេដ្ឋកិច្ច?,សេដ្ឋកិច្ចកម្ពុជាពឹងផ្អែកលើវិស័យកសិកម្មជាសំខាន់ៗ 5 គឺឧស្សាហកម្មកសិកម្មពាណិជ្ជកម្មគមនាគមន៍និងទេសចរណ៍ ក៏បានជាគេនិយាយថាកម្ពុជាប្រទេសកសិកម្មនៅប្រទេសកម្ពុជាមនុស្សមួយចំនួនធំគឺធ្វើកសិកម្ម។ច្រើនសុទ្ធតែជាកសិករកម្ពុជាសម្បូរជីកសិកម្មមានជីវជាតិសម្រាប់ឲ្យយើងធ្វើកសិកម្មចិញ្ចឹមសត្វនិងការដណ្ដប់ជួយបង្កើនចំណូលជូនជាងការងារចេញនៅក្រៅប្រទេសស្ករស្រូវដំឡូងកៅស៊ូ ខ. គេចែកកសិករទាំងនេះជាបួនប្រភេទកសិករតំបន់វាលខ្ពស់កសិករធ្វើស្រែឬមិនធ្វើស្រែកសិករភូមិភាគឥសានកសិករធ្វើតែស្រែ,កម្ពុជាពឹងផ្នែកលើវិស័យកសិកម្មជាសំខាន់។ក៏បានជាគេនិយាយថាកម្ពុជាជាប្រទេសកសិកម្មព្រោះមានគិតថាមួយចំនួនដូចជា៖ប្រទេសកម្ពុជាជាប្រទេសដែលមានជាតំបន់ត្រូពិចអាកាសធាតុក្តៅសើមមានរដូវច្បាស់ដីមានជីវជាតិប្រជាជនភាគរយច្រើននៅក្នុងប្រទេសដែលកសិករ។ប្រជាជនរស់ដោយធ្វើកសិកម្មជាចម្បង។ប្រទេសកម្ពុជានាំចេញផលកសិកម្មច្រើនជាងផលិតផលផ្សេងៗទៀត។ដូចនេះហើយទើបគេនិយាយថាប្រទេសកម្ពុជាពឹងផ្នែកលើកសិកម្មជាសំខាន់។ខ.គេចែកកសិកម្មទាំងនោះជាបីប្រភេទកសិកម្មពនេចរ កសិកម្មព្រៃដតដកសិកម្មតំបន់ខ្ពង់រាបកសិកម្មតំបន់ខ្ពង់ខ្ពស់,15,10,3,0.6666666666666666,0.6767074447824751,3,10,0,0
464,តើការស្ថិតនៅក្រៅសារពាង្គកាយនៃពងស្វាសមានសារៈសំខាន់ដូចម្តេច?,ការស្ថិតនៅក្រោមសារពាង្គកាយនៃពងស្វាសមានសារៈសំខាន់ដូចជាដើម្បីរក្សាសីតុណ្ហភាពឲ្យ ទាបជាងសីតុណ្ហភាពក្នុងខ្លួន ប្រហែលពី(2-3)សីតុណ្ហភាពក្នុងខ្លួន37 ។,ការស្ថិតនៅក្រោមសារពាង្គកាយនៃពងស្វាសមានសារៈសំខាន់ដូចជាដើម្បីរក្សាសីតុណ្ហភាពឲ្យ ទាបជាងសីតុណ្ហភាពក្នុងខ្លួន ប្រហែលពី(2-3)ដែលជាលក្ខខណ្ឌចាំបាច់សម្រាប់ការផលិត មេជីវិតឈ្មោល ។,10,8,3,0.8,0.8694164038302925,3,9,0,1
465,តើកត្តាអ្វីខ្លះដែលធ្វើអោយសម័យអង្គររីកចម្រើនដល់កំពូល?​ ចូលរៀបរាប់។,កត្តាដែលធ្វើអោយសម័យអង្គររីកចម្រើនគឺ: កត្តាព្រះរាជា:ព្រះរាជាចាប់ពីព្រះបាទជ័យវរ្ម័នទី 2 រហូតដល់ព្រះបាទជ័យវរ្ម័នទី 7 សុទ្ធតែជាស្ដេចខ្លាំងពូកែ កត្តានយោបាយ: នយោបាយក្នុងប្រទេសបង្រួបបង្រួមជាតិកសាងនិងការពារទឹកដី នយោបាយក្រៅប្រទេស:ចងសម្ព័ន្ធមិត្តជាមួយប្រទេសធំៗវាយយករដ្ឋតូចដាក់ជាចំណុះ កត្តាសេដ្ឋកិច្ច:រីកចម្រើនលើវិស័យកសិកម្មសិប្បកម្មគណនាគម កត្តាសាសនា:ការឯកភាពគ្នារវាងសាសនាព្រាហ្មនិងព្រះពុទ្ធ កត្តាធនធានមនុស្សបន្សល់ទុកតាំងពីសម័យនគរភ្នំនិងចេនឡាមក។,កត្តាដែលធ្វើអោយសម័យអង្គររីកចម្រើនគឺ: កត្តាព្រះរាជា:ព្រះរាជាចាប់ពីព្រះបាទជ័យវរ្ម័នទី 2 រហូតដល់ព្រះបាទជ័យវរ្ម័នទី 7 សុទ្ធសឹងតែជាស្ដេចខ្លាំងពូកែ កត្តានយោបាយ: នយោបាយក្នុងប្រទេសបង្រួបបង្រួមជាតិកសាងនិងការពារទឹកដី នយោបាយក្រៅប្រទេស:ចងសម្ព័ន្ធមិត្តជាមួយប្រទេសធំៗវាយយករដ្ឋតូចដាក់ជាចំណុះ កត្តាសេដ្ឋកិច្ច:រីកចម្រើនលើវិស័យកសិកម្មសិប្បកម្មគណនាគមន៍ កត្តាសាសនា:ការឯកភាពគ្នារវាងសាសនាព្រាហ្មនិងព្រះពុទ្ធ កត្តាធនធាន:មនុស្សបន្សល់ទុកតាំងពីសម័យនគរភ្នំនិងចេនឡាមក។,10,10,4,1.0,0.971431158487333,4,10,0,0
466,តើកត្តាអ្វីខ្លះដែលបណ្ដាលឲ្យសៀមវាយបែកបន្ទាយលង្វែក?,កត្តាដែលបណ្ដាលឲ្យសៀមវាយបន្ទាយលង្វែកព្រះរាជាព្រះសត្ថាទីមួយឆោតល្ងង់ទៅជួយរំដោះក្រុងឰយុធ្យារបស់សៀមមកពីការត្រួតត្រាភូមាសៀមរមិលគុណប្រើល្បិចបញ្ជូនសល់ពីរអង្គ យកការវិបត្តិផ្ទៃក្នុងជាជួរជលសារលោករវល់ នាដើមម៉ឺនមន្ត្រីប្រជារាស្ត្រមិនពេញចិត្តដែលតែងទៅកូនអាយុដប់មួយវស្សា ឲ្យកូនរៀននៅ ក្នុងនាម មហាឧបរាជ ធ្វើឲ្យប្រជារាស្ត្របាត់បង់ស្មារតីប្រយុទ្ធប្រជារាស្ត្រខ្មែរក្រីក្រឆោតល្ងង់ចង់បានប្រាក់ដួលក៏នាំគ្នាកាប់ឆ្ការគុម្ពឫស្សីដែលជារបងការពារបន្ទាយលង្វែកដ៏រឹងមាំ រីប្រទេសខ្មែរហាក់បីដូចជាបាត់បង់សាមគ្គីដូចជាស្ថានីយមួយនាំកូនទាំងពីររត់ភៀសខ្លួនទៅប្រទេសឡាវមិនគិតពីប្រជារាស្ត្រនាំឲ្យប្រជាជន អស់ជំនឿ,កត្តាដែលបណ្ដាលឲ្យសៀមវាយបែកបន្ទាយលង្វែក កង្វះការរួមផ្ទៃក្នុង ភាពទន់ខ្សោយនៃកងទ័ព សៀមប្រើល្បិចបោកប្រាស់របស់ប្រាក់ដួលចូលទៅក្នុងគុម្ពឫស្សីដែលជា សៀមប្រើល្បិចបែបប្រាក់ដួលចូលទៅក្នុងគុម្ពព្រៃដែល ជារនាំងការពារបន្ទាយប្រជាជនខ្វះការអប់រំនាំគ្នាកាប់ឆ្ការគុម្ពឫស្សីដើម្បីយកប្រាក់ដួលធ្វើឲ្យបែកបាក់រនាំងការពារសៀមវាយចូលបានយ៉ាងងាយ យុទ្ធសាស្ត្រវាយលុកដ៏ខ្លាំងរបស់សៀម។,10,7,3,0.7,0.6413272851288822,3,6,0,1
467,បុព្វហេតុអ្វីខ្លះដែលនាំឲ្យអាណាចក្រចេនឡាបែកបាក់ជាពីរគឺអាណាចក្រចេនឡាដីគោកនិងចេនឡាទឹកលិច?,បុព្វហេតុដែលនាំហើយអាណាចក្រចេនឡាបែកជាពីរគឺ -វិសាលភាពទឹកដីធំទូលាយ -ចម្បាំងអត់ឈប់ឈរ -សមន្ដរដ្ឋបះបោរចង់ផ្ដាច់ខ្លួន -វិបត្តិផ្ទៃក្នុង -ព្រះនាងជ័យទេវីគ្មានសមត្ថភាពគ្រប់គ្រង។,បុព្វហេតុដែលនាំហើយអាណាចក្រចេនឡាបែកជាពីរគឺ -វិសាលភាពទឹកដីធំទូលាយ -ចម្បាំងអត់ឈប់ឈរ -សមន្ដរដ្ឋបះបោរចង់ផ្ដាច់ខ្លួន -វិបត្តិផ្ទៃក្នុង -ព្រះនាងជ័យទេវីគ្មានសមត្ថភាពគ្រប់គ្រង។,7,7,4,1.0,0.9774278816832895,4,7,0,0
468,តើកត្តាអ្វីខ្លះដែលធ្វើអោយសម័យអង្គររីកចម្រើនដល់កំពូល?​ ចូលរៀបរាប់។,កត្តាដែលធ្វើអោយសម័យអង្គររីកចម្រើនគឺ: កត្តាព្រះរាជា:ព្រះរាជាចាប់ពីព្រះបាទជ័យវរ្ម័នទី 2 រហូតដល់ព្រះបាទជ័យវរ្ម័នទី 7 សុទ្ធតែជាស្ដេចខ្លាំងពូកែ កត្តានយោបាយ: នយោបាយក្នុងប្រទេសបង្រួបបង្រួមជាតិកសាងនិងការពារទឹកដី នយោបាយក្រៅប្រទេស:ចងសម្ព័ន្ធមិត្តជាមួយប្រទេសធំៗវាយយករដ្ឋតូចដាក់ជាចំណុះ កត្តាសេដ្ឋកិច្ច:រីកចម្រើនលើវិស័យកសិកម្មសិប្បកម្មគណនាគម កត្តាសាសនា:ការឯកភាពគ្នារវាងសាសនាព្រាហ្មនិងព្រះពុទ្ធ កត្តាធនធានមនុស្សបន្សល់ទុកតាំងពីសម័យនគរភ្នំនិងចេនឡាមក។,កត្តាដែលធ្វើអោយសម័យអង្គររីកចម្រើនគឺ: .កត្តាព្រះរាជា:ព្រះរាជាចាប់ពីព្រះបាទជ័យវរ្ម័នទី 2 រហូតដល់ព្រះបាទជ័យវរ្ម័នទី 7 សុទ្ធសឹងតែជាស្ដេចខ្លាំងពូកែ .កត្តានយោបាយ: +នយោបាយក្នុងប្រទេស:បង្រួបបង្រួម​ កសាង និងការពារ។ +នយោបាយក្រៅប្រទេស:ចងសម្ព័ន្ធមិត្តជាមួយប្រទេសធំៗដូចជាចិននិងឥណ្ឌា និងវាយយករដ្ឋតូចដាក់ជាចំណុះ .កត្តាសេដ្ឋកិច្ច:ការរីកចម្រើនលើវិស័យកសិកម្ម សិប្បកម្ម គណនាគមន៍ .កត្តាសាសនា:មានការឯកភាពគ្នារវាងសាសនាព្រាហ្មនិងព្រះពុទ្ធ .កត្តាធនធានមនុស្សបន្សល់ទុកតាំងពីសម័យនគរភ្នំនិងចេនឡាមក។,10,10,4,1.0,0.9710717620824149,4,10,0,0
469,ហេតុអ្វីបានជាផ្នែកឯកជនជាកម្លាំងដ៏សំខាន់សម្រាប់វិនិយោគនិងធ្វើឲ្យមានកំណើនសេដ្ឋកិច្ចក្នុងប្រទេស?,បានជាផ្នែកឯកជនជាកម្លាំងដ៏សំខាន់សម្រាប់វិនិយោគនិងធ្វើឲ្យមានកំណើនសេដ្ឋកិច្ចក្នុងប្រទេស ព្រោះប្រទេសកម្ពុជាជាប្រទេសអភិវឌ្ឍន៍ សេដ្ឋកិច្ចទីផ្សារដោយបានធ្វើកំណែទម្រង់សហគ្រាសឧស្សាហកម្មឲ្យក្លាយទៅជាកម្មសិទ្ធិឯកជន ។ សេដ្ឋកិច្ចទីផ្សារសេរីនេះនាំឲ្យអ្នករកស៊ីបរទេសចូលចិត្តមកវិនិយោគ ហើយកាលណាផ្នែកឯកជនរឹងមាំមកវិនិយោគ ហើយកាលណាផ្នែកឯកជនមិនរឹងមាំអាចបំពេញបន្ថែមវិនិយោគនិងវិស័យសង្គមកិច្ចមានន័យថាវិស័យឯកជនស្រូបយកកម្លាំងការងារកាន់តែកើនឡើង។,ព្រោះវិស័យឯកជនជាក្បាលម៉ាស៊ីនសំខាន់សម្រាប់វិនិយោគនិងធ្វើឱ្យមានកំណើនសេដ្ឋកិច្ចក្នុងប្រទេសព្រោះ៖ -សេដ្ឋកិច្ចកម្ពុជាក្នុងប្រទេសមានការលូតលាស់ -ប្រទេសកម្ពុជាជាប្រទេស មួយទសវត្សរ៍ ទីផ្សារស្រីតាំងពីឆ្នាំមួយពាន់បួនរយកៅសិបបី  -សេដ្ឋកិច្ចទីផ្សារសេរីភាពឲ្យអ្នករកស៊ីបរទេសចូលចិត្តរកស៊ីទីផ្សារមានការរីកចម្រើនច្រើន។,15,7,2,0.4666666666666667,0.35336024898235796,1,5,1,2
470,តើព្រះបាទពញាយ៉ាតមានបុត្រប៉ុន្មានអង្គព្រះនាមអ្វីខ្លះ?ជាមួយអ្នកម្នាងណាខ្លះ?,ព្រះបាទពញាយ៉ាតមានបុត្របីអង្គគឺ នារាយណ៍រាជា ជាបុត្រជាមួយម្នាងទេវី ស្រីរាជាជាបុត្រជាមួយបុទុមកេសរ និងធម្មរាជាជាបុត្រជាមួយសុីសង៉ាម(បុត្រីស្ដេចសៀម)។,ព្រះបាទពញាយ៉ាតមានបុត្របីអង្គគឺ នារាយណ៍រាជា ជាបុត្រជាមួយម្នាងទេវី ស្រីរាជាជាបុត្រជាមួយបុទុមកេសរ និងធម្មរាជាជាបុត្រជាមួយសុីសង៉ាម(បុត្រីស្ដេចសៀម)។,5,5,4,1.0,0.9798475525860395,4,5,0,0
471,តើឧស្សាហកម្មមានអ្នកតួនាទីចំពោះសេដ្ឋកិច្ចយ៉ាងដូចម្ដេច?,ឧស្សាហកម្មមានតួនាទីសម្រាប់សេដ្ឋកិច្ចជាតិដូចជា -ជួយបង្កើតប្រាក់ចំណូលចូលជាតិ -បង្កើតការងារដល់ប្រជាជន -បង្កើតប្រាក់ចំណូលចូលក្នុងគ្រួសារ -ប្រជាជនមានជីវភាពធូរធារ -ជួយរក្សាជញ្ជីងពាណិជ្ជកម្ម -ជួយបង្កើតទិន្នផលសម្រាប់ការនាំចេញនាំចូល -បង្កើននូវសង្ឃភារៈសម្រាប់ប្រើប្រាស់។,ឧស្សាហកម្មមានតួនាទីសម្រាប់សេដ្ឋកិច្ចជាតិដូចជា -ជួយបង្កើតប្រាក់ចំណូលចូលជាតិ -បង្កើតការងារដល់ប្រជាជន -បង្កើតប្រាក់ចំណូលចូលក្នុងគ្រួសារ -ប្រជាជនមានជីវភាពធូរធារ -ជួយរក្សាជញ្ជីងពាណិជ្ជកម្ម -ជួយបង្កើតទិន្នផលសម្រាប់ការនាំចេញនាំចូល -បង្កើននូវសង្ឃភារៈសម្រាប់ប្រើប្រាស់។,15,15,4,1.0,0.9767981751959498,4,15,0,0
472,តើគេចែកយុគសម័យបុរេប្រវត្តិសាស្ត្រកម្ពុជាជាប៉ុន្មានយុគសម័យ?អ្វីខ្លះ?,គេចែកយុគសម័យបុរេប្រវត្តិសាស្ត្រកម្ពុជាជាបីយុគសម័យគឺ -យុគថ្មបំបែក (600000 - 12000 ឆ្នាំមុនគ.ស) -យុគថ្មរលីងឬសំលៀង (8000 - 2000 ឆ្នាំមុនគ.ស) -យុគលោហៈ(2000-100 ឆ្នាំមុនគ.ស)។,គេចែកយុគសម័យបុរេប្រវត្តិសាស្ត្រកម្ពុជាជាបីយុគសម័យគឺ -យុគថ្មបំបែក -យុគថ្មរលីងឬសំលៀង -យុគលោហៈ។,5,3,2,0.6,0.5679649521493316,2,3,0,0
473,តើកម្ពុជាមានបេតិកភណ្ឌអ្វីខ្លះ ដែលបានចុះបញ្ជីបេតិកភណ្ឌរូបី និង អរូបីពិភពលោករបស់អង្គការយូ ណេស្កូ? ចូររៀបរាប់ឲ្យបានប្រាំ។,បេតិកភណ្ឌរូបិយនិងអរូបិយមានដូចជា -ប្រាសាទព្រះវិហារ -ប្រាសាទអង្គវត្ត -ប្រាសាតសម្បូរព្រៃគុក -ប្រាសាទកោះកេរ្ត៍ -របាំព្រះរាជទ្រព្យ -ល្ខោនខោល -ល្បែងប្រជាប្រិយ។,ប្រាសាទព្រះវិហារ -ប្រាសាទសំបូរព្រៃគុក -ប្រាសាទអង្គរវត្ត -ល្ខោនខោ -ល្ខោនស្បែកធ,5,5,4,1.0,0.9476696834493472,4,5,0,0
474,តើគេចែកយុគសម័យបុរេប្រវត្តិសាស្ត្រកម្ពុជាជាប៉ុន្មានយុគសម័យ?អ្វីខ្លះ?,គេចែកយុគសម័យបុរេប្រវត្តិសាស្ត្រកម្ពុជាជាបីយុគសម័យគឺ -យុគថ្មបំបែក (600000 - 12000 ឆ្នាំមុនគ.ស) -យុគថ្មរលីងឬសំលៀង (8000 - 2000 ឆ្នាំមុនគ.ស) -យុគលោហៈ(2000-100 ឆ្នាំមុនគ.ស)។,គេចែកយុគសម័យបុរេប្រវត្តិសាស្ត្រកម្ពុជាជាបីយុគសម័យគឺ -យុគថ្មបំបែក (600000 - 12000 ឆ្នាំមុនគ.ស) -យុគថ្មរលីងឬសំលៀង (8000 - 2000 ឆ្នាំមុនគ.ស) -យុគលោហៈ(2000-100 ឆ្នាំមុនគ.ស)។,5,5,4,1.0,0.9891445407849986,4,5,0,0
475,តើប្រព័ន្ធផលិតកម្មកសិកម្មនៅក្នុងប្រទេសកម្ពុជាមានអ្វីខ្លះ?ចូររៀបរាប់​ ។,ប្រព័ន្ធផលិតកម្មកសិកម្មនៅប្រទេសកម្ពុជាមាន៖    _ ដំណាំ : ដំណាំស្រូវ ដំណាំកៅស៊ូ ដំណាំផ្សេងៗទៀត    _ ការចិញ្ចឹមសត្វ : ការចិញ្ចឹមសត្វលើគោក ការចិញ្ចឹមសត្វក្នុងទឹក    _ ការនេសាទ : ការនេសាទទឹកសាប ការនេសាទទឹកប្រៃ  _ ព្រៃឈើ : ផលិតផលឈើ អនុផលព្រៃឈើ(រកឃ្មុំ ជ័រទឹក វល្លិ៍ ផ្តៅ) សត្វព្រៃ ។,ប្រព័ន្ធផលិតកម្មនៅប្រទេសកម្ពុជារួមមាន៖ -អនុផលព្រៃឈេី(កៅស៊ូ...) -ការចិញ្ចឹមសត្វ -ការនេសាទ -ការចិញ្ចឹមត្រី (វារីវប្បកម្ម) -ការធ្វើស្រែចម្ការ (ស្រូវ ពោត ដំឡូងមី...) -កសិកម្មបែបគ្រួសារ...។,10,9,4,0.9,0.8988144457992351,4,9,0,0
476,តើកត្តាអ្វីខ្លះដែលធ្វើអោយសម័យអង្គររីកចម្រើនដល់កំពូល?​ ចូលរៀបរាប់។,កត្តាដែលធ្វើអោយសម័យអង្គររីកចម្រើនគឺ: កត្តាព្រះរាជា:ព្រះរាជាចាប់ពីព្រះបាទជ័យវរ្ម័នទី 2 រហូតដល់ព្រះបាទជ័យវរ្ម័នទី 7 សុទ្ធតែជាស្ដេចខ្លាំងពូកែ កត្តានយោបាយ: នយោបាយក្នុងប្រទេសបង្រួបបង្រួមជាតិកសាងនិងការពារទឹកដី នយោបាយក្រៅប្រទេស:ចងសម្ព័ន្ធមិត្តជាមួយប្រទេសធំៗវាយយករដ្ឋតូចដាក់ជាចំណុះ កត្តាសេដ្ឋកិច្ច:រីកចម្រើនលើវិស័យកសិកម្មសិប្បកម្មគណនាគម កត្តាសាសនា:ការឯកភាពគ្នារវាងសាសនាព្រាហ្មនិងព្រះពុទ្ធ កត្តាធនធានមនុស្សបន្សល់ទុកតាំងពីសម័យនគរភ្នំនិងចេនឡាមក។,កត្តាដែលធ្វើអោយសម័យអង្គររីកចម្រើនគឺ: កត្តាព្រះរាជា:ព្រះរាជាចាប់ពីព្រះបាទជ័យវរ្ម័នទី 2 រហូតដល់ព្រះបាទជ័យវរ្ម័នទី 7 សុទ្ធសឹងតែជាស្ដេចខ្លាំងពូកែ,10,3,1,0.3,0.37698093100461216,1,4,0,1
477,តើឧស្សាហកម្មមានតួនាទីចំពោះសេដ្ឋកិច្ចជាតិយ៉ាងដូចម្ដេច?,ឧស្សាហកម្មមានតួនាទីសម្រាប់សេដ្ឋកិច្ចជាតិដូចជា -ជួយបង្កើតប្រាក់ចំណូលចូលជាតិ -បង្កើតការងារដល់ប្រជាជន -បង្កើតប្រាក់ចំណូលចូលក្នុងគ្រួសារ -ប្រជាជនមានជីវភាពធូរធារ -ជួយរក្សាជញ្ជីងពាណិជ្ជកម្ម -ជួយបង្កើតទិន្នផលសម្រាប់ការនាំចេញនាំចូល -បង្កើននូវសង្ឃភារៈសម្រាប់ប្រើប្រាស់។,ឧស្សាហកម្មមានតួនាទីចំពោះសេដ្ឋកិច្ចជាតិគឺ៖ -មានការអនុវត្តសង្គមជាតិ -ធ្វើឲ្យមានការអភិវឌ្ឍន៍ផ្នែកសេដ្ឋកិច្ច -ធ្វើឲ្យប្រជាជនមានប្រាក់ចំណូលចូលគ្រួសារ -ផ្នែកហិរញ្ញវត្ថុ -មានការទាក់ទាញពីអ្នកវិនិយោគទន់ក្រៅប្រទេស -ធ្វើឲ្យមានប្រាក់ចំណូលចូលជាតិ -មានការងារធ្វើសម្រាប់ប្រជារាស្ត្រ -ប្រទេសជាតិមានការរីកចម្រើនផ្នែកសេដ្ឋកិច្ច -មានការអភិវឌ្ឍក៍ផ្លូវគមនាគមន៍។,15,15,4,1.0,0.9769483772086234,4,15,0,0
478,ចូរពណ៌នាពីពីការអភិវឌ្ឍសេដ្ឋកិច្ច សង្គម នៅកម្ពុជាពីឆ្នាំ១៩៩៣ មកទល់សព្វថ្ងៃ?,ពណ៌នាពីពីការអភិវឌ្ឍសេដ្ឋកិច្ច សង្គម នៅកម្ពុជាពីឆ្នាំ១៩៩៣ មកទល់សព្វថ្ងៃ .វិស័យសេដ្ឋកិច្ច:  +សេដ្ឋកិច្ចកម្ពុជាមានការរីកចម្រើនឡើងជាបន្តបន្ទាប់ដែលធ្វើឲ្យប្រទេសកម្ពុជាមានជីវភាពល្អប្រសើរ។ +កសិកម្មរីកចម្រើនខាងដាំដំណាំស្រូវទទួលបានទិន្នផលខ្ពស់ជាបន្តបន្ទាប់ +ឧស្សាហកម្មមានតំណាងរោងចក្រច្រើនកន្លែងនិងលើកឡើងនៅសហគ្រឿងធំៗដែលបានផ្ដល់ចំណូលដល់ប្រជាពលរដ្ឋ +ពាណិជ្ជកម្មកាលនាំចូលមកក្នុងប្រទេសនិងមានវិនិយោគក្នុងប្រទេស +គមនាគមន៍កសាងស្ពានផ្លូវថ្នល់អាកាសយានដ្ឋានផ្គត់ផ្គង់ប្រព័ន្ធទឹកពីទីក្រុងដល់ជនបទ កំពុងផែ +ហិរញ្ញវត្ថុមានស្ថេរភាពក្នុងអត្រាប្ដូរប្រាក់ +ធនាគារលើកឡើងនៅធនាគារជាតិហ្នឹងឯកជនជាច្រើន .វិស័យសង្គម +ការអប់រំសិក្សា បង្កើតសាលារៀនគ្រប់កម្រិតពីមត្តីរហូតដល់ឧត្តមសិក្សាបណ្ដុះបណ្ដាលធនធានមនុស្សនិងបញ្ជូននិស្សិតឲ្យទៅរៀននៅក្រៅប្រទេស។ +វប្បធម៌អរិយធម៌ ស្ដារវប្បធម៌ឡើងវិញនិងដាក់បញ្ចូលជាសម្បត្តិបេតិកភណ្ឌពិភពលោកចាប់ផ្ដើមប្រជាជនមានសិទ្ធិជឿលើសាសនា។ +សុខាភិបាលបង្កើតឲ្យមានមន្ទីរពេទ្យលោកសុខភាពនិងឱសថសាស្ត្រ +សិល្បៈបង្កើតឲ្យមានសាលាសាកលវិទ្យាល័យសិល្បៈ.,ពណ៌នាពីពីការអភិវឌ្ឍសេដ្ឋកិច្ច សង្គម នៅកម្ពុជាពីឆ្នាំ១៩៩៣ មកទល់សព្វថ្ងៃ .វិស័យសេដ្ឋកិច្ច:  +សេដ្ឋកិច្ចកម្ពុជាមានការរីកចម្រើនឡើងជាបន្តបន្ទាប់ដែលធ្វើឲ្យប្រទេសកម្ពុជាមានជីវភាពល្អប្រសើរ។ +កសិកម្មរីកចម្រើនខាងដាំដំណាំស្រូវទទួលបានទិន្នផលខ្ពស់ជាបន្តបន្ទាប់ +ឧស្សាហកម្មមានតំណាងរោងចក្រច្រើនកន្លែងនិងលើកឡើងនៅសហគ្រឿងធំៗដែលបានផ្ដល់ចំណូលដល់ប្រជាពលរដ្ឋ +ពាណិជ្ជកម្មកាលនាំចូលមកក្នុងប្រទេសនិងមានវិនិយោគក្នុងប្រទេស +គមនាគមន៍កសាងស្ពានផ្លូវថ្នល់អាកាសយានដ្ឋានផ្គត់ផ្គង់ប្រព័ន្ធទឹកពីទីក្រុងដល់ជនបទ កំពុងផែ +ហិរញ្ញវត្ថុមានស្ថេរភាពក្នុងអត្រាប្ដូរប្រាក់ +ធនាគារលើកឡើងនៅធនាគារជាតិហ្នឹងឯកជនជាច្រើន .វិស័យសង្គម +ការអប់រំសិក្សា បង្កើតសាលារៀនគ្រប់កម្រិតពីមត្តីរហូតដល់ឧត្តមសិក្សាបណ្ដុះបណ្ដាលធនធានមនុស្សនិងបញ្ជូននិស្សិតឲ្យទៅរៀននៅក្រៅប្រទេស។ +វប្បធម៌អរិយធម៌ ស្ដារវប្បធម៌ឡើងវិញនិងដាក់បញ្ចូលជាសម្បត្តិបេតិកភណ្ឌពិភពលោកចាប់ផ្ដើមប្រជាជនមានសិទ្ធិជឿលើសាសនា។ +សុខាភិបាលបង្កើតឲ្យមានមន្ទីរពេទ្យលោកសុខភាពនិងឱសថសាស្ត្រ +សិល្បៈបង្កើតឲ្យមានសាលាសាកលវិទ្យាល័យសិល្បៈ.,10,10,4,1.0,0.9275206030955438,4,9,0,1
479,ចូរពន្យល់ពាក្យ : ប៉ង់សៀ; បរិយាកាស; ដៃទន្លេ; ភ្នំភ្លើង។,ប៉ង់សៀ -បរិយាកាសគឺជាឧស្ម័នដែលនៅជុំវិញផែនដី -ដៃទន្លេជាទឹកសាបដែលហូរចូលទៅក្នុងស្ទឹងបឹងនឹងមានទីតាំងជាវង្សប្រាំង -ភ្នំភ្លើងគឺជារន្ធមួយនៅសំបកផែនដីដែលតាមរយៈនោះកម្អែលផេះហូរចេញ,ប៉ង់សៀ -បរិយាកាស -ដៃទន្លេគឺជាប្រលាយស្ទឹងទន្លេនិងប្រេកជាដើម -ភ្នំភ្លើងជាបាតុភូតធម្មជាតិដែលកើតឡើងដោយភ្នែកតិចសូនិចប៉ះគ្នាបណ្ដាលឲ្យកើតមានបន្ទះសក្នុងភ្លើង,8,3,2,0.375,0.33786029161108333,1,3,1,0
480,តើថ្ងៃរំដោះ៧មករា១៩៧៩ មានអត្ថន័យយ៉ាងណាខ្លះចំពោះប្រវត្តិសាស្ត្រកម្ពុជា?,ជាថ្ងៃដែលប្រជាជនខ្មែររួចផុតពីសង្គ្រាមនិងការសម្លាប់ -ជាថ្ងៃដែលប្រជាជនខ្មែរស្គាល់ច្បាប់ពីតម្លៃនៃសន្តិភាព -ជាថ្ងៃដែលប្រជាជនខ្មែរស្គាល់ច្បាប់ពីតម្លៃនៃសន្តិភាព -ប្រទេសកម្ពុជាទទួលបានអធិបតេយ្យភាពនិងបូរណាភាពទឹកដី -ប្រទេសកម្ពុជាទទួលបានឯករាជ្យ -ប្រទេសកម្ពុជាអាចអភិវឌ្ឍន៍ប្រទេសជាតិរបស់ខ្លួន -ប្រទេសកម្ពុជាអាចឈរស្មើមុខមាត់លើឆាកអន្តរជាតិ -ប្រទេសកម្ពុជាកសាងនិងស្ដាយប្រទេសជាតិខ្លួនឯងឡើងវិញ -ប្រទេសកម្ពុជាអាចធ្វើទំនាក់ទំនងជាមួយបណ្ដាប្រទេសនានា.,-ជាថ្ងៃដែលប្រជាជនកម្ពុជារួចផុតពីការសម្លាប់រងារនិងរបបប្រល័យពូជសាសន៍ប៉ុលពត -ជាថ្ងៃដែលដួលរលំនៃរបបកម្ពុជាប្រជាធិបតេយ្យនិងជាថ្ងៃនិងជាថ្ងៃចាប់ផ្ដើមបដិសិទ្ធិនៃរបបសាធារណរដ្ឋប្រជាមតិកម្ពុជា -ជាថ្ងៃដែលប្រជាជនកម្ពុជាទទួលបានសិទ្ធិសេរីភាពនិងសិទ្ធិនៃការសម្រេចជោគវាសនាខ្លួន -ជាថ្ងៃដែលស្ដារនិងស្ករសាមប្រទេសឡើងវិញលើគ្រប់វិស័យស្របតាមឆន្ទៈនិងគោលបំណងរបស់ប្រជាជន -ជាការរស់រាននៅវប្បធម៌ជាតិជំនឿប្រពៃណីសាសនាទំនៀមទម្លាប់និងសិល្បៈ -ជាថ្ងៃដែលកម្ពុជាឈឿនទៅរកឯករាជ្យជាតិសុវត្ថិភាពជាតិសន្តិភាពនិងស្ថុភមង្គល -ជាតិឆ្ងាយស្ដារមុខមាត់ប្រទេសកម្ពុជាឡើងវិញលើឆាកអន្តរជាតិ -ជាថ្ងៃបណ្ដាលឲ្យមានវត្តមានកងទ័ពវៀតណាមជាថ្មីម្ដងទៀតលើទឹកដីកម្ពុជា។,8,8,4,1.0,0.9650302005850835,4,8,0,0
481,តើគេចែកយុគសម័យបុរេប្រវត្តិសាស្ត្រកម្ពុជាជាប៉ុន្មានយុគសម័យ?អ្វីខ្លះ?,គេចែកយុគសម័យបុរេប្រវត្តិសាស្ត្រកម្ពុជាជាបីយុគសម័យគឺ -យុគថ្មបំបែក (600000 - 12000 ឆ្នាំមុនគ.ស) -យុគថ្មរលីងឬសំលៀង (8000 - 2000 ឆ្នាំមុនគ.ស) -យុគលោហៈ(2000-100 ឆ្នាំមុនគ.ស)។,គេចែកយុគសម័យបុរេប្រវត្តិសាស្ត្រកម្ពុជាជាបីយុគសម័យគឺ -យុគថ្មបំបែក (600000 - 12000 ឆ្នាំមុនគ.ស) -យុគថ្មរលីងឬសំលៀង (8000 - 2000 ឆ្នាំមុនគ.ស) -យុគលោហៈ(2000-100 ឆ្នាំមុនគ.ស)។,5,5,4,1.0,0.9891445407849986,4,5,0,0
482,ដូចម្តេចដែលហៅថាមេយ៉ូស? ចូរនិយាយពីវគ្គផ្សេងៗនៃមេយ៉ូស។,មេយ៉ូសជាសំណុំនៃចំណែកកោសិកាពីរដងបន្តបន្ទាប់គ្នាដែលបង្កើតបានជាកោសិកាអាលូអុីតបួន ហៅថាមេយ៉ូស ។ _តេឡូផាស1 ស៊ីតូប្លាសចែកខ្លួនបានជាកោសិកាកូនពីរ ។កោសិកាកូននីមួយៗទទួលបានក្រូម៉ូសូម តែមួយពីរគូអូម៉ូឡូក ។ _ប្រផាស1 មានរយៈពេលវែង ។ _អាណាផាស1 ក្រូម៉ូសូមដំរៀបលើផ្លាស់ភ្ជាប់នឹងក្រយ៉ូងក្រូម៉ាទិចដោយសង់ក្រូងទ័ររបស់វា ។ _តេឡូផាស2 ក្រូម៉ូមនីមួយៗបានមកដល់ប៉ូលភ្នាស _មេតាផាស2 ក្រូម៉ូសូមប្រេះតាមបណ្ដោយភ្ជាប់ខ្លួនទៅនិងក្រយ៉ងក្រូម៉ាទិចដោយសង់ _ប្រូដាស2 ត្តយ៉ងអាក្រូម៉ាទិតកើតមានក្នុងកោសិកាគូនីមួយៗ _អាណាផាស2 សង់ក្រូម៉ែធ្វើចំណែកដែលនាំអោយក្រូម៉ាទិចបងប្អូនដាច់ចេញពីគ្នា ។បន្ទាប់មក ក្រូម៉ូសូមកូនទាំង2ធ្វើដំណើរឆ្ពោះទៅប៉ូលផ្ទុយគ្នារបស់ត្រយ៉ូងអាក្រូម៉ាទិច ។,មេយ៉ូសជាសំណុំនៃចំណែកកោសិកាពីរដងបន្តបន្ទាប់គ្នាដែលបង្កើតបានជាកោសិកាអាលូអុីតបួន ហៅថាមេយ៉ូស ។ _ប្រផាស1 មានរយៈពេលវែង ។ _អាណាផាស1 ក្រូម៉ូសូមដំរៀបលើផ្លាស់ភ្ជាប់នឹងក្រយ៉ូងក្រូម៉ាទិចដោយសង់ក្រូងទ័ររបស់វា ។ _តេឡូផាស2 ក្រូម៉ូមនីមួយៗបានមកដល់ប៉ូលភ្នាស _មេតាផាស2 ក្រូម៉ូសូមប្រេះតាមបណ្ដោយភ្ជាប់ខ្លួនទៅនិងក្រយ៉ងក្រូម៉ាទិចដោយសង់ _ប្រូដាស2 ត្តយ៉ងអាក្រូម៉ាទិតកើតមានក្នុងកោសិកាគូនីមួយៗ,10,6,2,0.6,0.6207737355735933,2,6,0,0
483,តើអាណាចក្រភ្នំមានព្រំប្រទល់ជាប់ប្រទេសណាខ្លះ?,អាណាចក្រភ្នំមានព្រំប្រទល់ជាប់ប្រទេសដូចជា -ខាងជើងជាប់ចិន -ខាងត្បូងជាឈូងសមុទ្រខ្មែរ -ខាងកើតជាប់រដ្ឋចម្ប៉ា -ខាងលិចជាប់រដ្ធមនឬភូមា។,អាណាចក្រភ្នំមានព្រំប្រទល់ជាប់ប្រទេសដូចជា -ខាងជើងជាប់ចិន -ខាងត្បូងជាឈូងសមុទ្រខ្មែរ -ខាងកើតជាប់រដ្ឋចម្ប៉ា -ខាងលិចជាប់រដ្ឋមនឬភូមា។,6,6,4,1.0,0.9900460795956889,4,6,0,0
484,តើគេចែកយុគសម័យបុរេប្រវត្តិសាស្ត្រកម្ពុជាជាប៉ុន្មានយុគសម័យ?អ្វីខ្លះ?,គេចែកយុគសម័យបុរេប្រវត្តិសាស្ត្រកម្ពុជាជាបីយុគសម័យគឺ -យុគថ្មបំបែក (600000 - 12000 ឆ្នាំមុនគ.ស) -យុគថ្មរលីងឬសំលៀង (8000 - 2000 ឆ្នាំមុនគ.ស) -យុគលោហៈ(2000-100 ឆ្នាំមុនគ.ស)។,គេចែកយុគសម័យបុរេប្រវត្តិសាស្ត្រកម្ពុជាជាបីយុគសម័យគឺ -យុគថ្មបំបែក (600000 - 12000 ឆ្នាំមុនគ.ស) -យុគថ្មរលីងឬសំលៀង  -យុគលោហៈ,5,3,2,0.6,0.7443654474680992,3,4,1,1
485,តើកម្ពុជាមានបេតិកភណ្ឌអ្វីខ្លះ ដែលបានចុះបញ្ជីបេតិកភណ្ឌរូបី និង អរូបីពិភពលោករបស់អង្គការយូ ណេស្កូ? ចូររៀបរាប់ឲ្យបានប្រាំ។,បេតិកភណ្ឌរូបិយនិងអរូបិយមានដូចជា -ប្រាសាទព្រះវិហារ -ប្រាសាទអង្គវត្ត -ប្រាសាតសម្បូរព្រៃគុក -ប្រាសាទកោះកេរ្ត៍ -របាំព្រះរាជទ្រព្យ -ល្ខោនខោល -ល្បែងប្រជាប្រិយ។,+បេតិកភណ្ឌរូបី -ប្រាសាទព្រះវិហារ -ប្រាសាទសប្បូរព្រៃគុក -ប្រាសាទបាយ័ន -ប្រាសាទកោះកេរ្ត៍ -ចាបុីដងវែង។ +បេតិកភណ្ឌអរូបី -ល្ខោនស្បែកតូចស្បែកធំ -ល្ខោនខោល -ព្រះរាជទ្រព្យ,5,5,4,1.0,0.9858049910404292,4,5,0,0
486,តើគេចែកយុគសម័យបុរេប្រវត្តិសាស្ត្រកម្ពុជាជាប៉ុន្មានយុគសម័យ?អ្វីខ្លះ?,គេចែកយុគសម័យបុរេប្រវត្តិសាស្ត្រកម្ពុជាជាបីយុគសម័យគឺ -យុគថ្មបំបែក (600000 - 12000 ឆ្នាំមុនគ.ស) -យុគថ្មរលីងឬសំលៀង (8000 - 2000 ឆ្នាំមុនគ.ស) -យុគលោហៈ(2000-100 ឆ្នាំមុនគ.ស)។,គេចែកយុគសម័យបុរេប្រវត្តិសាស្ត្រកម្ពុជាជាបីយុគសម័យគឺ -យុគថ្មបំបែក (600000 - 12000 ឆ្នាំមុនគ.ស) -យុគថ្មរលីងឬសំលៀង (8000 - 2000 ឆ្នាំមុនគ.ស) -យុគលោហៈ(2000-100 ឆ្នាំមុនគ.ស)។,5,5,4,1.0,0.9891445407849986,4,5,0,0
487,តើប្រព័ន្ធផលិតកម្មកសិកម្មនៅក្នុងប្រទេសកម្ពុជាមានអ្វីខ្លះ?ចូររៀបរាប់​ ។,ប្រព័ន្ធផលិតកម្មកសិកម្មនៅប្រទេសកម្ពុជាមាន៖    _ ដំណាំ : ដំណាំស្រូវ ដំណាំកៅស៊ូ ដំណាំផ្សេងៗទៀត    _ ការចិញ្ចឹមសត្វ : ការចិញ្ចឹមសត្វលើគោក ការចិញ្ចឹមសត្វក្នុងទឹក    _ ការនេសាទ : ការនេសាទទឹកសាប ការនេសាទទឹកប្រៃ  _ ព្រៃឈើ : ផលិតផលឈើ អនុផលព្រៃឈើ(រកឃ្មុំ ជ័រទឹក វល្លិ៍ ផ្តៅ) សត្វព្រៃ ។,ប្រព័ន្ធផលិតផលកសិកម្មនៅប្រទេសកម្ពុជាមានចំនួនបីដូចជា៖  +កសិកម្មផ្នែកដាំដុះ -ដំណាំស្រូវ លោក ដំឡូងពោត   -ដំណាំកៅស៊ូ -ដំណាំហូងផ្លែ +កសិកម្មនេសាទ -ការនេសាទត្រី -ការចិញ្ចឹមត្រី +កសិកម្មអនុផលព្រៃឈើ -ការកាប់យកព្រៃឈើមានតម្លៃ -ការអាស្រ័យយកផល្លាក្នុងព្រៃល។,10,7,3,0.7,0.5157467803444674,2,5,1,2
488,តើសេដ្ឋកិច្ចកម្ពុជាពឹងផ្អែកលើវិស័យអ្វីជាសំខាន់?     ក/ ហេតុអ្វីបានជាគេនិយាយថាកម្ពុជាជាប្រទេសកសិកម្ម?     ខ/ តើគេចែកកសិករជាប៉ុន្មានប្រភេទ?អ្វីខ្លះ?,សេដ្ឋកិច្ចកម្ពុជាពឹងផ្អែកលើវិស័យកសិកម្មជាសំខាន់។   ក/ បានជាគេនិយាយថាកម្ពុជាជាប្រទេសឧស្សាហកម្មព្រោះ៖  _  សណ្ឋានដី : ដីមានជីវជាតិល្អនិងសម្បូរទំនាបល្បាប់   _ ផ្លូវទឹក : ផ្លូវទឹកខ្វាត់ខ្វែងងាយស្រួលដល់ការដាំដុះ  _ ប្រជាជន : ប្រជាជនខ្មែរភាគច្រើនចូលចិត្តធ្វើកសិកម្ម  _ អាកាសធាតុ : ទទួលអាកាសធាតុក្តៅសើម  _ កសិកម្មផ្តល់ផល50%នៃផលិតផលជាតិសរុប។  ខ/ គេចែកកសិករទាំងនោះជា4ប្រភេទគឺ៖  _ កសិករធ្វើស្រែឬអ្នកស្រែ : និយមធ្វើស្រែ ស្រូវប្រាំង ស្រូវវស្សា ស្រូវឡើងទឹក  _ កសិករតំបន់ដីខ្ពស់ : គេដាំដំណាំជាអចិន្ត្រៃយ៍(ពោត ដំឡូង ចេក កៅស៊ូសណ្តែក)  _ កសិករធ្វើចម្ការដំណាំស្រូវ : គេដាំដំណាំតាមមាត់ទន្លេ ចិញ្ចឹមសត្វនិងនេសាទ  _ កសិករភូមិភាគឦសាន: គេធ្វើដំណាំព្រៃដុតមានដូចជាពោត ដំឡូង ស្រូវរុក្ខជាតិយកមើមដទៃទៀត និងបរបាញ់សត្វផងដែរ។,សេដ្ឋកិច្ចជាតិផ្អែកលើវិស័យកសិកម្មជាសំខាន់ព្រោះវិស័យនេះសំខាន់ដល់ជាតិដូចជា៖ -ប្រទេសកម្ពុជាមានប្រព័ន្ធទឹកកម្ពុជាមានការដាំដុះស្រូវល្អ -ប្រទេសកម្ពុជាសម្បូរទឹកដីប្រទេសកម្ពុជាសម្បូររ៉ែ  +គេបែងចែកកសិករទាំងនោះជាបួនប្រភេទ -កសិករអាជីវកម្ម-កសិករគ្រួសារ -កសិករផលិតស្រូវ -កសិករតំបន់ នៅដី។,20,9,2,0.45,0.5219840630866618,2,10,0,1
489,បុព្វហេតុអ្វីខ្លះដែលនាំឲ្យអាណាចក្រចេនឡាបែកបាក់ជាពីរគឺអាណាចក្រចេនឡាដីគោកនិងចេនឡាទឹកលិច?,បុព្វហេតុដែលនាំហើយអាណាចក្រចេនឡាបែកជាពីរគឺ -វិសាលភាពទឹកដីធំទូលាយ -ចម្បាំងអត់ឈប់ឈរ -សមន្ដរដ្ឋបះបោរចង់ផ្ដាច់ខ្លួន -វិបត្តិផ្ទៃក្នុង -ព្រះនាងជ័យទេវីគ្មានសមត្ថភាពគ្រប់គ្រង។,បុព្វហេតុដែលនាំហើយអាណាចក្រចេនឡាបែកជាពីរគឺ -វិសាលភាពទឹកដីធំទូលាយ -ចម្បាំងអត់ឈប់ឈរ -សមន្ដរដ្ឋបះបោរចង់ផ្ដាច់ខ្លួន -វិបត្តិផ្ទៃក្នុង -ព្រះនាងជ័យទេវីគ្មានសមត្ថភាពគ្រប់គ្រង។,7,7,4,1.0,0.9774278816832895,4,7,0,0
490,ហេតុអ្វីបានជាមនុស្សស្រូបយកខ្យល់ដែលមានកាបូនម៉ណូអុកស៊ីតអាចបង្កគ្រោះថ្នាក់ដល់ស្លាប់បាន?,បានជាមនុស្សស្រូបយកខ្យល់ដែលមានកាបូនម៉ូណូអុកស៊ីដអាចបង្កឲ្យមានគ្រោះថ្នាក់ដល់ស្លាប់ បានព្រោះកាបូនម៉ូណូអុកស៊ីដមានសមត្ថភាពចាប់យក ក្នុងឈាមបានខ្លាំងជាងអុកស៊ីសែន វារារាំងឈាមមិនឲ្យដឹកនាំអុកស៊ីសែនទៅចិញ្ចឹមសរីរាង្គជាពិសេសខួរក្បាលដែលបណ្តាលឲ្យ ស្លាប់និង សន្លប់ ។,បានជាមនុស្សស្រូបយកខ្យល់ដែលមានកាបូនម៉ូណូអុកស៊ីដអាចបង្កឲ្យមានគ្រោះថ្នាក់ដល់ស្លាប់ បានព្រោះកាបូនម៉ូណូអុកស៊ីដមានសមត្ថភាពចាប់យក ក្នុងឈាមបានខ្លាំងជាងអុកស៊ីសែន វារារាំងឈាមមិនឲ្យដឹកនាំអុកស៊ីសែនទៅចិញ្ចឹមសរីរាង្គជាពិសេសខួរក្បាលដែលបណ្តាលឲ្យ ស្លាប់និង សន្លប់ ។,5,4,3,0.8,0.8233145449565399,3,4,0,0
491,តើឧស្សាហកម្មមានតួនាទីដូចម្ដេចខ្លះចំពោះសេដ្ឋកិច្ចជាតិ?,ឧស្សាហកម្មមាន​តួនាទីចំពោះសេដ្ឋកិច្ចជាតិដូចជា ៖ ​ _ ជួយបង្កើតថវិការជាតិ ​ _ ជួយបង្កើតទិន្នផលជាតិ ​​ _ ជួយឲ្យសេដ្ឋកិច្ចជាតិរីកចម្រើន  _ ប្រជាជនសំបូរធូរធារ  _អភិវឌ្ឍគ្រប់វិស័យ  _ មានទំនាក់ទំនងល្អជាមួយអ្នកជិតខាង  _ មានភាពរុងរឿងនៅក្នុងប្រទេសជាតិ។,ឧស្សាហកម្មមានតួនាទីចំពោះសេដ្ឋកិច្ចព្រោះ៖  _ ផ្ដល់ប្រាក់កម្រៃ ជីវភាពរស់  _ ផ្ដល់ចំណូលចូលសេដ្ឋកិច្ច  _ ប្រជាជនមានការងារធ្វើ  _ សង្គមរីកចម្រើនគ្រប់វិស័យ  _ មានការវិនិយោគទុន  _ សម្បូរការដាំដុះ។,15,15,4,1.0,0.9727993978348277,4,15,0,0
492,តើសង្គមខ្មែរនៅសម័យអង្គរមានប៉ុន្មានវណ្ណៈ? វណ្ណៈអ្វីខ្លះ? ចូលរៀបរាប់។,សង្គមខ្មែរនៅសម័យអង្គរមានប្រាំវណ្ណៈគឺ -វណ្ណៈក្សត្រឬរាជវង្សនុវង្ស (ជាស្ដេចគ្រប់គ្រងប្រទេស -វណ្ណៈមន្ត្រី (អ្នករស់នៅក្នុងរាជវាំងបម្រើស្ដេច) -វណ្ណៈព្រាហ្ម៍ឬបុព្វជិត​(គឺជាអ្នកបួស) -វណ្ណៈអ្នកជាឬកសិករ (អ្នករស់នៅនឹងធ្វើស្រែចម្ការ) -វណ្ណៈអ្នកងារឬទាសករ(ទាសករបម្រើគេតកូនតចៅ)។,សង្គមខ្មែរនៅសម័យអង្គរមានប្រាំវណ្ណៈគឺ -វណ្ណៈក្សត្រឬរាជវង្សនុវង្ស: មានបុព្វសិទ្ធណាស់គ្មានការបង់ពន្ធ មានអំណាចគ្រប់គ្រាន់រស់នៅដោយស្រួលមិនចាំបាច់ធ្វើការងារ និងមិននឿយហត់ទេ -វណ្ណៈមន្ត្រី: ជាអ្នកដែលធ្វើការក្នុងវាំងនិងបម្រើព្រះរាជានិងមានសិទ្ធិអំណាចគ្រប់គ្រងលើការងារផ្សេងៗជំនួសព្រះរាជា។ -វណ្ណៈអ្នកបួសឬបុព្វជិត​: មានពួកប៉ាន់ឃាប ព្រាហ្ម៍បុរោហិត ជូគូនិងប៉ាវីស៊ី។ -វណ្ណៈអ្នកជា:ពួកមានឋន្តរនាមជាពួកឈ្មួញសិប្បករ កសិករនិងប្រជារាស្រ្ដសាមញ្ញ -វណ្ណៈអ្នកងារឬទាសករ:ពួកនេះជាអ្នកបម្រើគេអស់មួយជីវិតតកូនតចៅ។ភាគច្រើនពួកគេធ្វើការងារដូចជាសង់ប្រាសាទនិងបម្រើការងារក្នុងផ្ទះពួកអ្នកមាន។គេអាចលោះពួកនេះបានដោយប្រើសត្វពាហនទាំងពួង។,10,10,4,1.0,0.9843370155199122,4,10,0,0
493,តើគេចែកយុគសម័យបុរេប្រវត្តិសាស្ត្រកម្ពុជាជាប៉ុន្មានយុគសម័យ?អ្វីខ្លះ?,គេចែកយុគសម័យបុរេប្រវត្តិសាស្ត្រកម្ពុជាជាបីយុគសម័យគឺ -យុគថ្មបំបែក (600000 - 12000 ឆ្នាំមុនគ.ស) -យុគថ្មរលីងឬសំលៀង (8000 - 2000 ឆ្នាំមុនគ.ស) -យុគលោហៈ(2000-100 ឆ្នាំមុនគ.ស)។,គេចែកយុគសម័យបុរេប្រវត្តិសាស្ត្រកម្ពុជាជាបីយុគសម័យគឺ -យុគថ្មបំបែក (600000 - 12000 ឆ្នាំមុនគ.ស) -យុគថ្មរលីងឬសំលៀង (8000 - 2000 ឆ្នាំមុនគ.ស) -យុគលោហៈ(2000-100 ឆ្នាំមុនគ.ស)។,5,5,4,1.0,0.9891445407849986,4,5,0,0
494,តើប្រព័ន្ធផលិតកម្មកសិកម្មនៅក្នុងប្រទេសកម្ពុជាមានអ្វីខ្លះ?ចូររៀបរាប់​ ។,ប្រព័ន្ធផលិតកម្មកសិកម្មនៅប្រទេសកម្ពុជាមាន៖    _ ដំណាំ : ដំណាំស្រូវ ដំណាំកៅស៊ូ ដំណាំផ្សេងៗទៀត    _ ការចិញ្ចឹមសត្វ : ការចិញ្ចឹមសត្វលើគោក ការចិញ្ចឹមសត្វក្នុងទឹក    _ ការនេសាទ : ការនេសាទទឹកសាប ការនេសាទទឹកប្រៃ  _ ព្រៃឈើ : ផលិតផលឈើ អនុផលព្រៃឈើ(រកឃ្មុំ ជ័រទឹក វល្លិ៍ ផ្តៅ) សត្វព្រៃ ។,ប្រព័ន្ធផលិតកម្មកសិកម្មនៅប្រទេសកម្ពុជាមានដូចជា -ជួយបង្កើនប្រាក់ចំណូលជូនជាតិ -បង្កើនការងារឲ្យប្រជាជន -ប្រជាជនមានជីវភាពធូរធារ -ការធ្វើនិងការដាំដុះដំណាំស្រូវពោតសណ្តែកកៅ ប្រព័ន្ធផលិតកម្មកសិកម្មនានា។,10,5,2,0.5,0.46653835915716824,2,5,0,0
495,តើកត្តាអ្វីខ្លះដែលធ្វើអោយសម័យអង្គររីកចម្រើនដល់កំពូល?​ ចូលរៀបរាប់។,កត្តាដែលធ្វើអោយសម័យអង្គររីកចម្រើនគឺ: កត្តាព្រះរាជា:ព្រះរាជាចាប់ពីព្រះបាទជ័យវរ្ម័នទី 2 រហូតដល់ព្រះបាទជ័យវរ្ម័នទី 7 សុទ្ធតែជាស្ដេចខ្លាំងពូកែ កត្តានយោបាយ: នយោបាយក្នុងប្រទេសបង្រួបបង្រួមជាតិកសាងនិងការពារទឹកដី នយោបាយក្រៅប្រទេស:ចងសម្ព័ន្ធមិត្តជាមួយប្រទេសធំៗវាយយករដ្ឋតូចដាក់ជាចំណុះ កត្តាសេដ្ឋកិច្ច:រីកចម្រើនលើវិស័យកសិកម្មសិប្បកម្មគណនាគម កត្តាសាសនា:ការឯកភាពគ្នារវាងសាសនាព្រាហ្មនិងព្រះពុទ្ធ កត្តាធនធានមនុស្សបន្សល់ទុកតាំងពីសម័យនគរភ្នំនិងចេនឡាមក។,កត្តាដែលធ្វើអោយសម័យអង្គររីកចម្រើនគឺ: កត្តាព្រះរាជា:ព្រះរាជាចាប់ពីព្រះបាទជ័យវរ្ម័នទី 2 រហូតដល់ព្រះបាទជ័យវរ្ម័នទី 7 សុទ្ធសឹងតែជាស្ដេចខ្លាំងពូកែ កត្តានយោបាយ: នយោបាយក្នុងប្រទេសបង្រួបបង្រួមជាតិកសាងនិងការពារទឹកដី នយោបាយក្រៅប្រទេស:ចងសម្ព័ន្ធមិត្តជាមួយប្រទេសធំៗវាយយករដ្ឋតូចដាក់ជាចំណុះ កត្តាសេដ្ឋកិច្ច:រីកចម្រើនលើវិស័យកសិកម្មសិប្បកម្មគណនាគមន៍ កត្តាសាសនា:ការឯកភាពគ្នារវាងសាសនាព្រាហ្មនិងព្រះពុទ្ធ កត្តាធនធានមនុស្ស:មនុស្សបន្សល់ទុកតាំងពីសម័យនគរភ្នំនិងចេនឡាមក។,10,10,4,1.0,0.973121073305262,4,10,0,0
496,តើកម្ពុជាមានបេតិកភណ្ឌអ្វីខ្លះ ដែលបានចុះបញ្ជីបេតិកភណ្ឌរូបី និង អរូបីពិភពលោករបស់អង្គការយូណេស្កូ? ចូររៀបរាប់ឱ្យបានប្រាំ។,កម្ពុជាមានបេតិកភណ្ឌដែលបានចុះបញ្ជីបេតិកភណ្ឌរូបី និង អរូបីពិភពលោករបស់អង្គការយូណេស្កូដូចជា     +ល្ខោនខោល     +រមណីយដ្ឋានអង្គរ     +ចាប៉ីដងវែង     +ប្រាសាទព្រះវិហហារ     +ល្ខោនស្រមោលស្បែកធំ     +របាំព្រះរាជទ្រព្យ     +ក្រមាខ្មែរ     +គុនល្បុកតោ     +រមណីយដ្ឋានសម្បូរព្រៃគុក,កម្ពុជាបានចុះបញ្ជីបេតិកភណ្ឌពិភពលោក +រូបី -ប្រាសាទព្រះវិហារ -ប្រាសាទអង្គរវត្ត -ប្រាសាទសម្បូរព្រៃគុក -ប្រាសាទបាយ័ន -ប្រាសាទតាព្រំ +អរូបិ -របាំព្រះរាជទ្រព្យ -យីកេ -ល្ខោនស្រមោលតូច ធំ -ល្ខោនខោល -ល្ខោនបាសាក់។,5,5,4,1.0,0.9744185073286946,4,5,0,0
497,តើឧស្សាហកម្មមានតួនាទីដូចម្ដេចខ្លះចំពោះសេដ្ឋកិច្ចជាតិ?,ឧស្សាហកម្មមាន​តួនាទីចំពោះសេដ្ឋកិច្ចជាតិដូចជា ៖ ​ _ ជួយបង្កើតថវិការជាតិ ​ _ ជួយបង្កើតទិន្នផលជាតិ ​​ _ ជួយឲ្យសេដ្ឋកិច្ចជាតិរីកចម្រើន  _ ប្រជាជនសំបូរធូរធារ  _អភិវឌ្ឍគ្រប់វិស័យ  _ មានទំនាក់ទំនងល្អជាមួយអ្នកជិតខាង  _ មានភាពរុងរឿងនៅក្នុងប្រទេសជាតិ។,ឧស្សាហកម្មមានតួនាទីចំពោះសេដ្ឋកិច្ចដូចជា៖ -ធ្វើឲ្យសេដ្ឋកិច្ចសង្កេតការណ៍ជាតិរីកចម្រើន  -ធ្វើឲ្យវាមានកំណើនសេដ្ឋកិច្ចគិតថាជាតិ  -ធ្វើឲ្យអ្នកវិនិយោគទុនតាមមកវិនិយោគច្រើនលើផ្នែកសេដ្ឋកិច្ចកិច្ចជាតិ  -ធ្វើឲ្យសេដ្ឋកិច្ចជាតិមានច្រើនជាងមុន -ធ្វើឲ្យសេដ្ឋកិច្ចមានការអភិវឌ្ឍធ្វើឲ្យសេដ្ឋកិច្ចជាតិដើរទៅមុខព្រោះ ប្រជាជនមានការងារធ្វើ ជញ្ជីងឃើញមានសកម្មភាព  -ការឡើង ធ្វើឲ្យផ្នែកផ្សេងរីកចម្រើនសេដ្ឋកិច្ចជាតិកើនឡើងធ្វើឲ្យមាន -ការនាំចេញនាំចូលច្រើនជាង កំណើនសេដ្ឋកិច្ចជាតិ ។,15,15,4,1.0,0.9800313527693094,4,15,0,0
498,ចូររៀបរាប់អំពីទំនាក់ទំនងរវាងការដាំដុះអាជីវកម្មព្រៃឈើនិងនេសាទ។,ទំនាក់ទំនងរវាង ការដាំដុះអាជីវកម្មព្រៃឈើ និងការនេសាទ៖  _ ការដាំដុះអាជីវកម្មព្រៃឈើ និងការនេសាទ ជាភោគទ្រព្យយ៉ាងសំខាន់សម្រាប់ប្រជាជនក្នុងការទ្រទ្រង់ក្នុងជីវភាពរស់នៅនិងការអភិវឌ្ឍន៍ប្រទេសជាតិ   _ ដើម្បីបំពេញតម្រូវការក្នុងកសិកម្មផលិតកម្មនិងត្រូវការផ្សេងៗ មនុស្សនាំគ្នាកាប់ព្រៃឈើដើម្បីធ្វើអាជីវកម្មព្រៃឈើជាមូលហេតុធ្វើឲ្យអាកាសធាតុប្រែប្រួលប៉ះពាល់ដល់ជីវិតមនុស្ស សត្វ និងរុក្ខជាតិ  ​ _ អតិផលនៃប្រព័ន្ធកសិកម្ម នាំឲ្យមានកំណើននៃការប្រើប្រាស់គីមីនិងថ្នាំសម្លាប់សត្វល្អិត។ ជីគីមី និងថ្នាំសម្លាប់សត្វល្អិត ទាំងនោះហូរទៅផ្ដុំគ្នានៅតាមផ្លូវទឹកនានា បំផ្លាញជីវិតសត្វនិងពូជធម្មជាតិ។,ទំនាក់ទំនងរវាងការដាំដុះ អាជីវកម្មព្រៃឈើ និងការនេសាទ៖ +ការដាំដុះ   _ ត្រូវការដីដាំដុះ ត្រូវកាប់ព្រៃឈើដើម្បីយកដីដាំដុះ   _ ត្រូវការប្រើប្រាស់ជីគីមីសម្លាប់សត្វល្អិត   _ ដីត្រូវខូចគុណភាព + អាជីវកម្មព្រៃឈើ   _ កើនឡើងនូវកំដៅសកល   _ ជួបគ្រោះរាំងស្ងួតទឹកជំនន់   _ គ្រោះទុរ្ភិក្ស   _ បំពុលបរិយាកាសដោយឧស្ម័នកាបូនិចដោយសារគ្មានព្រៃឈើសម្រាប់ស្រូបយកសារជាតិពុល   _ បាត់បង់ជម្រកសត្វព្រៃជាដើម។ + ការនេសាទ   _ ការបំពុលទឹកដោយផ្សែង(ការណូត និងគ្រឿងម៉ាស៊ីនជាច្រើន)   _ ត្រីធម្មជាតិមានការអន់ថយ   _ មិនត្រូវនេសាទនៅរដូវត្រីពង   _ មិនត្រូវនេសាទដោយប្រើការឆក់   _ នេសាទតាមបែបធម្មជាតិមិនត្រូវប្រើឧបករណ៍ខុសច្បាប់   _រដ្ឋាភិបាលគួរពិនិត្យលើការនេសាទ។,15,5,1,0.3333333333333333,0.3573026332485066,1,5,0,0
499,ហេតុអ្វីបានជាផ្នែកឯកជនជាកម្លាំងដ៏សំខាន់សម្រាប់វិនិយោគនិងធ្វើឲ្យមានកំណើនសេដ្ឋកិច្ចក្នុងប្រទេស?,បានជាផ្នែកឯកជនជាកម្លាំងដ៏សំខាន់សម្រាប់វិនិយោគនិងធ្វើឲ្យមានកំណើនសេដ្ឋកិច្ចក្នុងប្រទេស ព្រោះប្រទេសកម្ពុជាជាប្រទេសអភិវឌ្ឍន៍ សេដ្ឋកិច្ចទីផ្សារដោយបានធ្វើកំណែទម្រង់សហគ្រាសឧស្សាហកម្មឲ្យក្លាយទៅជាកម្មសិទ្ធិឯកជន ។ សេដ្ឋកិច្ចទីផ្សារសេរីនេះនាំឲ្យអ្នករកស៊ីបរទេសចូលចិត្តមកវិនិយោគ ហើយកាលណាផ្នែកឯកជនរឹងមាំមកវិនិយោគ ហើយកាលណាផ្នែកឯកជនមិនរឹងមាំអាចបំពេញបន្ថែមវិនិយោគនិងវិស័យសង្គមកិច្ចមានន័យថាវិស័យឯកជនស្រូបយកកម្លាំងការងារកាន់តែកើនឡើង។,ព្រោះវិស័យឯកជនជាក្បាលម៉ាស៊ីនសំខាន់សម្រាប់វិនិយោគនិងធ្វើឱ្យមានកំណើនសេដ្ឋកិច្ចក្នុងប្រទេសព្រោះ៖ -ផ្នែកឯកជនក៏ជាកម្លាំងសំខាន់ធ្វើឲ្យមនុស្សមានការងារធ្វើ  ផ្នែកឯកជនជាតិហូឡង់សងខាងអត់ទេ -បង្កើតការងារ សម្រាប់ការវិនិយោគទៅលើ អភិវឌ្ឍប្រទេសជាតិខ្លួន  -ប្រព័ន្ធឧស្សាហកម្ម មុនដំបូងគាត់ប្តូរមកឯកជន ទាំងពីរឆ្នាំ1993 ដោយមានការវិនិយោគទាំង។,15,7,2,0.4666666666666667,0.4847160122868691,2,7,0,0
500,តើមូលហេតុអ្វីបានជាព្រះបាទពញាយ៉ាត ជ្រើសរើសយកចតុមុខធ្វើជារាជធានី?,បានជាព្រះបាទពញាយ៉ាតជ្រើសរើសក្រុងចតុមុខជារាជធានីព្រោះ មានទីតាំងភូមិសាស្ត្រល្អ គេចពីសត្រូវឈ្លានពានសៀម ដីមានជីវជាតិងាយស្រួលក្នុងការធ្វើកសិកម្ម ជាទីប្រសព្វនៃជំនួសទាំងផ្លូវគោកនិងផ្លូវទឹក សម្បូរផ្លូវក្នុងការធ្វើកសិកម្មនិងជំនួញ ភាពខាងត្បូងដីមានប្រជាជនច្រើននិងធនធានដើម្បីកសាងសេដ្ឋកិច្ចជាតិ។,ហើយបានជាព្រះបាទពញាយ៉ាតជ្រើសរើសយកចតុមុខធ្វើជារាជធានី ព្រោះតំបន់ចតុមុខភ្នំពេញមានលក្ខណៈអំណោយផលដូចជា ភូមិសាស្ត្រជាចំណុចប្រសព្វទន្លេបួនដែលងាយស្រួលក្នុងការធ្វើចរាចរណ៍និងពាណិជ្ជកម្មតាមផ្លូវទឹក សន្តិសុខ ស្ថិតនៅឆ្ងាយពីការយាយីរបស់ទ័ពសៀម ជាងរាជធានីអង្គរ សេដ្ឋកិច្ច ជាតំបន់ដីសើមដ៏សម្បូរត្រីសាច់និងបីមានដីជាតិសម្រាប់កសិកម្ម។,10,8,3,0.8,0.9081593790852911,4,9,1,1
501,តើកត្តាអ្វីខ្លះដែលបណ្ដាលឲ្យសៀមវាយបែកបន្ទាយលង្វែក?,កត្តាដែលបណ្ដាលឲ្យសៀមវាយបន្ទាយលង្វែកព្រះរាជាព្រះសត្ថាទីមួយឆោតល្ងង់ទៅជួយរំដោះក្រុងឰយុធ្យារបស់សៀមមកពីការត្រួតត្រាភូមាសៀមរមិលគុណប្រើល្បិចបញ្ជូនសល់ពីរអង្គ យកការវិបត្តិផ្ទៃក្នុងជាជួរជលសារលោករវល់ នាដើមម៉ឺនមន្ត្រីប្រជារាស្ត្រមិនពេញចិត្តដែលតែងទៅកូនអាយុដប់មួយវស្សា ឲ្យកូនរៀននៅ ក្នុងនាម មហាឧបរាជ ធ្វើឲ្យប្រជារាស្ត្របាត់បង់ស្មារតីប្រយុទ្ធប្រជារាស្ត្រខ្មែរក្រីក្រឆោតល្ងង់ចង់បានប្រាក់ដួលក៏នាំគ្នាកាប់ឆ្ការគុម្ពឫស្សីដែលជារបងការពារបន្ទាយលង្វែកដ៏រឹងមាំ រីប្រទេសខ្មែរហាក់បីដូចជាបាត់បង់សាមគ្គីដូចជាស្ថានីយមួយនាំកូនទាំងពីររត់ភៀសខ្លួនទៅប្រទេសឡាវមិនគិតពីប្រជារាស្ត្រនាំឲ្យប្រជាជន អស់ជំនឿ,កត្តាដែលបណ្ដាលឲ្យសៀមវាយយកបន្ទាយលង្វែកព្រោះ សត្ថាទីមួយឆោតល្ងង់ទៅជួយរំដោះក្រុងឰយុធ្យារបស់ពួកសៀមពីការត្រួតត្រារបស់ភូមា សៀម ពួកវារមិលគុណប្រើល្បិចបញ្ជូនពីក្បាលមកយកការណ៍ក្នុងបន្ទាយលង្វែកនិងប្រើល្បិចបាចប្រាក់ដួងចូលក្នុងគុម្ពឫស្សី វិបត្តិផ្ទៃក្នុង រាជវង្សសានុវង្ស នាម៉ឺនមន្ត្រី ប្រជារាស្ត្រ មិនពេញចិត្តនឹងព្រះរាជា តែងតាំងកូនអាយុដប់មួយវស្សាឲ្យគ្រប់គ្រងរាជធានីនិងប្រាំមួយវស្សាជាមហាឧបរាជ បានធ្វើឲ្យប្រជារាស្ត្របាត់បង់ស្មារតីតតាំងប្រយុទ្ធនឹងសង្គ្រាម ប្រជារាស្ត្រខ្មែរ ក្នុងនោះចង់បានប្រាក់ដួងក៏នាំគ្នាកាប់ឆ្ការគុម្ពឫស្សីដែលជារបងការពារបន្ទាយលង្វែកដ៏រឹងមាំ សាមគ្គីភាពប្រជាជនខ្មែរហាក់ដូចជាបាត់បង់សាមគ្គីភាព ដូចជាសាខាទីមួយនាំកូនទាំងពីររត់ភៀសខ្លួនទៅប្រទេសឡាវដោយមិនដោយមិនគិតពីប្រជារាស្ត្រនាំឲ្យប្រជាជនអស់ជំនឿ។,10,10,4,1.0,0.9623496282216526,4,10,0,0
502,តើឧស្សាហកម្មមានតួនាទីដូចម្ដេចខ្លះចំពោះសេដ្ឋកិច្ចជាតិ?,ឧស្សាហកម្មមាន​តួនាទីចំពោះសេដ្ឋកិច្ចជាតិដូចជា ៖ ​ _ ជួយបង្កើតថវិការជាតិ ​ _ ជួយបង្កើតទិន្នផលជាតិ ​​ _ ជួយឲ្យសេដ្ឋកិច្ចជាតិរីកចម្រើន  _ ប្រជាជនសំបូរធូរធារ  _អភិវឌ្ឍគ្រប់វិស័យ  _ មានទំនាក់ទំនងល្អជាមួយអ្នកជិតខាង  _ មានភាពរុងរឿងនៅក្នុងប្រទេសជាតិ។,ឧស្សាហកម្មមានតួនាទីចំពោះសេដ្ឋកិច្ចជាតិដូចជា -ផ្តល់កាងារឲ្យប្រជាជនធ្វើ -ផ្ដល់ចំណូលដល់សេដ្ឋកិច្ចជាតិមាន២៣.៨%ឆ្នាំ២០០៨ -ផ្ដល់ផលិតផលសម្រាប់នាំចេញ -ផ្ដល់ផលិតផលសម្រាប់ប្រើប្រាស់ -ជួយរក្សាលំនឹងជញ្ជីងពាណិជ្ជកម្ម -និងផ្ដល់ប្រាក់ចំណូលដល់គ្រួសារ។,15,15,4,1.0,0.9825338289869817,4,15,0,0
503,តើកត្តាអ្វីខ្លះដែលបណ្ដាលឲ្យសៀមវាយបែកបន្ទាយលង្វែក?,កត្តាដែលបណ្ដាលឲ្យសៀមវាយបន្ទាយលង្វែកព្រះរាជាព្រះសត្ថាទីមួយឆោតល្ងង់ទៅជួយរំដោះក្រុងឰយុធ្យារបស់សៀមមកពីការត្រួតត្រាភូមាសៀមរមិលគុណប្រើល្បិចបញ្ជូនសល់ពីរអង្គ យកការវិបត្តិផ្ទៃក្នុងជាជួរជលសារលោករវល់ នាដើមម៉ឺនមន្ត្រីប្រជារាស្ត្រមិនពេញចិត្តដែលតែងទៅកូនអាយុដប់មួយវស្សា ឲ្យកូនរៀននៅ ក្នុងនាម មហាឧបរាជ ធ្វើឲ្យប្រជារាស្ត្របាត់បង់ស្មារតីប្រយុទ្ធប្រជារាស្ត្រខ្មែរក្រីក្រឆោតល្ងង់ចង់បានប្រាក់ដួលក៏នាំគ្នាកាប់ឆ្ការគុម្ពឫស្សីដែលជារបងការពារបន្ទាយលង្វែកដ៏រឹងមាំ រីប្រទេសខ្មែរហាក់បីដូចជាបាត់បង់សាមគ្គីដូចជាស្ថានីយមួយនាំកូនទាំងពីររត់ភៀសខ្លួនទៅប្រទេសឡាវមិនគិតពីប្រជារាស្ត្រនាំឲ្យប្រជាជន អស់ជំនឿ,កត្តាដែលបណ្ដាលឲ្យសៀមវាយបន្ទាយលង្វែកព្រះរាជាព្រះសត្ថាទីមួយឆោតល្ងង់ទៅជួយរំដោះក្រុងឰយុធ្យារបស់សៀមមកពីការត្រួតត្រាភូមាសៀមរមិលគុណប្រើល្បិចបញ្ជូនសល់ពីរអង្គ យកការវិបត្តិផ្ទៃក្នុងជាជួរជលសារលោករវល់ នាដើមម៉ឺនមន្ត្រីប្រជារាស្ត្រមិនពេញចិត្តដែលតែងទៅកូនអាយុដប់មួយវស្សា ឲ្យកូនរៀននៅ ក្នុងនាម មហាឧបរាជ ធ្វើឲ្យប្រជារាស្ត្របាត់បង់ស្មារតីប្រយុទ្ធប្រជារាស្ត្រខ្មែរក្រីក្រឆោតល្ងង់ចង់បានប្រាក់ដួលក៏នាំគ្នាកាប់ឆ្ការគុម្ពឫស្សីដែលជារបងការពារបន្ទាយលង្វែកដ៏រឹងមាំ រីប្រទេសខ្មែរហាក់បីដូចជាបាត់បង់សាមគ្គីដូចជាសត្ថាទីមួយនាំកូនទាំងពីររត់ភៀសខ្លួនទៅប្រទេសឡាវមិនគិតពីប្រជារាស្ត្រនាំឲ្យប្រជាជន អស់ជំនឿ។,10,10,4,1.0,0.9709812798970789,4,10,0,0
504,តើថ្ងៃរំដោះ៧មករា១៩៧៩ មានអត្ថន័យយ៉ាងណាខ្លះចំពោះប្រវត្តិសាស្ត្រកម្ពុជា?,ថ្ងៃរំដោះ 7 មករា 1979 មានអត្ថន័យជាប្រវត្តិសាស្រ្តដូចជា÷ -ជាថ្ងៃដែលប្រជាជនរួចផុតពីរបបប្រល័យពូជសាសន៍ -ជាថ្ងៃដែលរបបកម្ពុជាប្រជាធិបតេយ្យដួលរលំ -ជាថ្ងៃកំណើតទី 2 របស់ប្រជាជនខ្មែរ -ជាថ្ងៃដែលកងទ័ពរណសិរ្យសាមគ្គីនិងកងទ័ពរំដោះប្រជាជន បានរំដោះប្រជាជនចេញពីរបបប្រល័យពូជសាស្ត្រកម្ពុជា។,ថ្ងៃរំដោះ៧ មករា 1979 មានអត្ថន័យជាប្រវត្តិសាស្រ្តកម្ពុជាដូចជា៖ -ជាថ្ងៃដែលប្រជាជនកម្ពុជារួចផុតពីការសម្លាប់រង្គាលនៃរបបកម្ពុជាប្រជាធិបតេយ្យ -ជាថ្ងៃកំណើតទី 2 របស់គោរដ្ឋកម្ពុជាដែលបានរួចផុតពីរបបកម្ពុជាប្រជាធិបតេយ្យ -បាននាំមកជូនប្រជាជនវិញនូវសិទ្ធិសេរីភាពទាំងអស់ក្រោយការដួលរលំនៃរបបកម្ពុជាប្រជាធិបតេយ្យ -ការរស់រៀនឡើងវិញនូវវប្បធម៌ជាតិមានដូចជាជំនឿសាសនាប្រពៃណីសិល្បៈជាដើម -ស្ដារនិងកសាងប្រទេសឡើងវិញស្របតាមឆន្ទះនិងគោលបំណងប្រជាជន -ជាថ្ងៃនៃការស្ដារមុខមាត់ប្រទេសកម្ពុជាឡើងវិញលើឆាកតំបន់និងអន្តរជាតិ -បង្ហាញពីបង្ហាញពីសាមគ្គីភាពរវាងប្រទេសកម្ពុជាវៀតណាម -ជាកម្លាំងស្នូលនៃការបង្រួបបង្រួមជាតិ -កម្ពុជាអាចកំណត់វាសនាប្រទេសជាតិដោយខ្លួនឯង -ចាប់ផ្ដើមការបង្កើតសមត្ថភាពធនធានមនុស្សដោយបញ្ជូននិស្សិតទៅបណ្ដុះបណ្ដាលនៅក្រៅប្រទេស -កម្ពុជាអាចមានឯករាជ្យសន្តិភាពសេរីភាពបានគល់ស្ថិរភាពដើម្បីដំណើរបន្តទៅមុខដោយសុខភាព -អាចមានផ្លូវដើរដោយច្បាស់លាស់ដោយមិនជាន់ដានអតីតកាល។,8,8,4,1.0,0.9601095125165453,4,8,0,0
505,តើអ្វីជាសង្គ្រាមត្រជាក់? តើសង្គ្រាមត្រជាក់ផ្ដល់ផលវិបាកអ្វីខ្លះដល់កម្ពុជា?,សង្គ្រាមត្រជាក់គឺជាការប្រកួតប្រជែងផ្នែកមនោគមវិទ្យារវាងសេដ្ឋកិច្ចនយោធានិងបច្ចេកវិទ្យា។សង្គ្រាមមជ្ឈមណ្ឌលផលវិបាកដល់កម្ពុជាដូចជា -ការអនុវត្តនយោបាយវិទ្យាក្រឹត្យរបស់សម្ដេចនរោត្តមសីហនុមិនចោទទិសដៅ -ប្រទេសកម្ពុជាធ្លាក់ក្នុងសង្គ្រាមស៊ីវល -ខ្មែរក្រហមឡើងកាន់អំណាច -ប្រទេសកម្ពុជាមានភាពអាណាធិបតេយ្យ -សេដ្ឋកិច្ចកម្ពុជាធ្លាក់ចុះ -ប្រទេសកម្ពុជារស់នៅដែលភាពភ័យខ្លាច -រោងចក្រឧស្សាហកម្មបិទទ្វារ -បែកបាក់សាមគ្គីផ្ទៃក្នុង,សង្គ្រាមត្រជាក់ជាការប្រកួតប្រជែងផ្នែកមនោគមន៍វិទ្យារវាងប្លង់កុម្មុយនីសនិងប្លុកសេរីដែលរកកូវីឆេងផ្នែកនយោបាយសេដ្ឋកិច្ចយោធានិងបច្ចេកវិទ្យា។ +សង្គ្រាមត្រជាក់ផ្ដល់ផលវិបាកដល់កម្ពុជាដូចជា -ការអនុវត្តនយោបាយវិទ្យាក្រឹត្យរបស់សម្ដេចសីហនុមិនចំទិសដៅ -ប្រទេសកម្ពុជាធ្លាក់ក្នុងសង្គ្រាមស៊ីវិល -ប្រទេសកម្ពុជាភាពអាណាធិបតេយ្យ,10,6,2,0.6,0.5120206314069313,2,5,0,1
506,តើសង្គមខ្មែរនៅសម័យអង្គរមានប៉ុន្មានវណ្ណៈ? វណ្ណៈអ្វីខ្លះ? ចូលរៀបរាប់។,សង្គមខ្មែរនៅសម័យអង្គរមានប្រាំវណ្ណៈគឺ -វណ្ណៈក្សត្រឬរាជវង្សនុវង្ស (ជាស្ដេចគ្រប់គ្រងប្រទេស -វណ្ណៈមន្ត្រី (អ្នករស់នៅក្នុងរាជវាំងបម្រើស្ដេច) -វណ្ណៈព្រាហ្ម៍ឬបុព្វជិត​(គឺជាអ្នកបួស) -វណ្ណៈអ្នកជាឬកសិករ (អ្នករស់នៅនឹងធ្វើស្រែចម្ការ) -វណ្ណៈអ្នកងារឬទាសករ(ទាសករបម្រើគេតកូនតចៅ)។,សង្គមខ្មែរនៅសម័យអង្គរមានប្រាំវណ្ណៈគឺ -វណ្ណៈក្សត្រ:ជាអ្នកដឹកនាំប្រទេសនិងជាអ្នកបង្រួបបង្រួមនិងការពារជាតិ -វណ្ណៈមន្ត្រី:ជាអ្នកដែលធ្វើការឲ្យព្រះរាជាឬព្រះមហាក្សត្រ -វណ្ណៈព្រាហ្ម៍និងព្រះសង្ឃ:ជាអ្នកត្រាស់ដឹងនិងជាអ្នកគោរពសាសនា -វណ្ណៈអ្នកជា:ជាប្រជាជនឬប្រជារាស្ត្រទូទៅ -វណ្ណៈទាសករ:ជាអ្នកដែលត្រូវបម្រើគេពេញមួយជីវិតតទៅកូនតចៅ។,10,10,4,1.0,0.9706635725564781,4,10,0,0
507,តើប្រព័ន្ធផលិតកម្មកសិកម្មនៅប្រទេសកម្ពុជាមានអ្វីខ្លះ?,ប្រព័ន្ធផលិតកម្មកសិកម្មនៅកម្ពុជាមានដូចជាដំណាំដំណាំស្រូវនិងកៅស៊ូដឹកនាំផ្សេងៗទៀតការចិញ្ចឹមសត្វបានចិញ្ចឹមសត្វលើគោកការចិញ្ចឹមសត្វក្នុងទឹកការនេសាទការនេសាទទឹកសាបការនេសាទទឹកប្រៃ  ព្រៃឈើអនុផលព្រៃឈើរកឃ្មុំជ័រទឹកក្តៅសត្វព្រៃ,ប្រព័ន្ធផលិតកម្មកសិកម្មនៅប្រទេសកម្ពុជាមាន ផលិតកម្មមិនទាន់ស្រេច និងផលិតកម្មប្រយោល៖ +ផលិតកម្មមិនទាន់ស្រេច -ផលិតផលដែលមិនទាន់ច្នៃប្រឌិត -នៅជាវត្ថុដើមនៅឡើយ -មិនទាន់កែច្នៃ -មិនទាន់ប្រើប្រាស់ -ប្រើប្រាស់មិនទាន់បាន -មិនគ្រប់គ្រាន់ +ផលិតផលប្រយោល -ជាប្រភេទអាហារឬផ្លែឈើដែលធ្វើឡើងដោយត្រៀមៗហូបស្រាប់ -ជាការវេចខ្ចប់ -របស់ដែលច្នៃឡើងមក -ជាប្រភេទសម្ភារៈបរិភោគ -បរិភោគដោយការវេចខ្ចប់ -ធ្វើនៅក្រុមហ៊ុនឬរោងចក្រ -មានភាពងាយស្រួល សម្រួលដល់ការដែលធ្វើប្រាស់។,15,2,1,0.1333333333333333,0.15320803551481268,1,2,0,0
508,តើសង្គមខ្មែរនៅសម័យអង្គរមានប៉ុន្មានវណ្ណៈ? វណ្ណៈអ្វីខ្លះ? ចូលរៀបរាប់។,សង្គមខ្មែរនៅសម័យអង្គរមានប្រាំវណ្ណៈគឺ -វណ្ណៈក្សត្រឬរាជវង្សនុវង្ស (ជាស្ដេចគ្រប់គ្រងប្រទេស -វណ្ណៈមន្ត្រី (អ្នករស់នៅក្នុងរាជវាំងបម្រើស្ដេច) -វណ្ណៈព្រាហ្ម៍ឬបុព្វជិត​(គឺជាអ្នកបួស) -វណ្ណៈអ្នកជាឬកសិករ (អ្នករស់នៅនឹងធ្វើស្រែចម្ការ) -វណ្ណៈអ្នកងារឬទាសករ(ទាសករបម្រើគេតកូនតចៅ)។,សង្គមខ្មែរនៅសម័យអង្គរមានប្រាំវណ្ណៈគឺ -វណ្ណៈក្សត្រឬរាជវង្សានុវង្ស -វណ្ណៈព្រាហ្ម -វណ្ណៈបុព្វជិត -វណ្ណៈអ្នកជា -វណ្ណៈទាសករឬអ្នកងារ។,10,5,2,0.5,0.5199116409942116,2,5,0,0
509,តើឧស្សាហកម្មមានតួនាទីដូចម្ដេចខ្លះចំពោះសេដ្ឋកិច្ចជាតិ?,ឧស្សាហកម្មមាន​តួនាទីចំពោះសេដ្ឋកិច្ចជាតិដូចជា ៖ ​ _ ជួយបង្កើតថវិការជាតិ ​ _ ជួយបង្កើតទិន្នផលជាតិ ​​ _ ជួយឲ្យសេដ្ឋកិច្ចជាតិរីកចម្រើន  _ ប្រជាជនសំបូរធូរធារ  _អភិវឌ្ឍគ្រប់វិស័យ  _ មានទំនាក់ទំនងល្អជាមួយអ្នកជិតខាង  _ មានភាពរុងរឿងនៅក្នុងប្រទេសជាតិ។,ឧស្សាហកម្មមានតួនាទីចំពោះសេដ្ឋកិច្ចដូចជា៖ -បង្កើនប្រាក់ចំណូលចូលជាតិ 23.8%ឆ្នាំ200  -បង្កើតការងារជូនប្រជាជន -ផ្តល់ប្រាក់ចំណូលក្នុងគ្រួសារ -បន្ថយភាពក្រីក្រប្រជាជនមាន ជីវភាព ធូរធារ  -ផ្ដល់ផលិតផលសម្រាប់នាំចេញទៅក្រៅប្រទេស  -ផ្ដល់ផលិតផលសម្រាប់ប្រើប្រាស់ -ជួយរក្សាលំនឹងជញ្ជីងពាណិជ្ជកម្ម  -កាត់បន្ថយការចំណាយ ចំណាកស្រុក ទាបជាងអ្នកវិនិយោគ ជនជាតិនិងអន្តរជាតិ។,15,15,4,1.0,0.9542861707866223,4,14,0,1
510,បុព្វហេតុអ្វីខ្លះដែលនាំឲ្យអាណាចក្រចេនឡាបែកបាក់ជាពីរគឺអាណាចក្រចេនឡាដីគោកនិងចេនឡាទឹកលិច?,បុព្វហេតុដែលនាំហើយអាណាចក្រចេនឡាបែកជាពីរគឺ -វិសាលភាពទឹកដីធំទូលាយ -ចម្បាំងអត់ឈប់ឈរ -សមន្ដរដ្ឋបះបោរចង់ផ្ដាច់ខ្លួន -វិបត្តិផ្ទៃក្នុង -ព្រះនាងជ័យទេវីគ្មានសមត្ថភាពគ្រប់គ្រង។,បុព្វហេតុដែលនាំហើយអាណាចក្រចេនឡាបែកជាពីរគឺ -វិសាលភាពទឹកដីធំទូលាយ -ចម្បាំងអត់ឈប់ឈរ -សមន្ដរដ្ឋបះបោរចង់ផ្ដាច់ខ្លួន -វិបត្តិផ្ទៃក្នុង -ព្រះនាងជ័យទេវីគ្មានសមត្ថភាពគ្រប់គ្រង។,7,7,4,1.0,0.9774278816832895,4,7,0,0
511,ហេតុអ្វីបានជាផ្នែកឯកជនជាកម្លាំងដ៏សំខាន់សម្រាប់វិនិយោគនិងធ្វើឲ្យមានកំណើនសេដ្ឋកិច្ចក្នុងប្រទេស?,បានជាផ្នែកឯកជនជាកម្លាំងដ៏សំខាន់សម្រាប់វិនិយោគនិងធ្វើឲ្យមានកំណើនសេដ្ឋកិច្ចក្នុងប្រទេស ព្រោះប្រទេសកម្ពុជាជាប្រទេសអភិវឌ្ឍន៍ សេដ្ឋកិច្ចទីផ្សារដោយបានធ្វើកំណែទម្រង់សហគ្រាសឧស្សាហកម្មឲ្យក្លាយទៅជាកម្មសិទ្ធិឯកជន ។ សេដ្ឋកិច្ចទីផ្សារសេរីនេះនាំឲ្យអ្នករកស៊ីបរទេសចូលចិត្តមកវិនិយោគ ហើយកាលណាផ្នែកឯកជនរឹងមាំមកវិនិយោគ ហើយកាលណាផ្នែកឯកជនមិនរឹងមាំអាចបំពេញបន្ថែមវិនិយោគនិងវិស័យសង្គមកិច្ចមានន័យថាវិស័យឯកជនស្រូបយកកម្លាំងការងារកាន់តែកើនឡើង។,បានជាផ្នែកឯកជនជាកំណើនដ៏សំខាន់សម្រាប់វិនិយោគនិងធ្វើឲ្យមានកំណើនសេដ្ឋកិច្ចក្នុងប្រទេសដោយសារ -ទីផ្សារសេរីធ្វើសហគ្រាសមានសេដ្ឋកិច្ចឯកជន -ផ្នែកឯកជនផ្ដល់កូនចូលសេដ្ឋកិច្ចជាតិ -ជួយបំពេញទីផ្សារសង្គមឲ្យរីកចម្រើន  -សហគ្រាសឯកជនមានឧស្សាហកម្មសិប្បកម្មដែលជួយបំពេញតម្រូវការក្នុងស្រុក -ផ្តល់ការងារដល់ប្រជាជន -ទាក់ទាញឲ្យបរទេសចូលចិត្តមកវិនិយោគក្នុងប្រទេស -ការកាត់បន្ថយប្រជាជនធ្វើចលនាបំផ្លាស់លំនៅ -ឯកជនមានកម្លាំងកាត់បន្ថយបន្ទុកសម្រាប់ជាតិឬកាត់បន្ថយភាពក្រីក្ររបស់ប្រជាជន -ឯកជនរីកចម្រើនធ្វើឲ្យឧស្សាហកម្មមានកម្រិតខ្ពស់ដែលធ្វើប្រទេសអភិវឌ្ឍន៍លឿន.....។,15,8,2,0.5333333333333333,0.6461686729046163,3,10,1,2
512,តើកត្តាអ្វីខ្លះដែលធ្វើអោយសម័យអង្គររីកចម្រើនដល់កំពូល?​ ចូលរៀបរាប់។,កត្តាដែលធ្វើអោយសម័យអង្គររីកចម្រើនគឺ: កត្តាព្រះរាជា:ព្រះរាជាចាប់ពីព្រះបាទជ័យវរ្ម័នទី 2 រហូតដល់ព្រះបាទជ័យវរ្ម័នទី 7 សុទ្ធតែជាស្ដេចខ្លាំងពូកែ កត្តានយោបាយ: នយោបាយក្នុងប្រទេសបង្រួបបង្រួមជាតិកសាងនិងការពារទឹកដី នយោបាយក្រៅប្រទេស:ចងសម្ព័ន្ធមិត្តជាមួយប្រទេសធំៗវាយយករដ្ឋតូចដាក់ជាចំណុះ កត្តាសេដ្ឋកិច្ច:រីកចម្រើនលើវិស័យកសិកម្មសិប្បកម្មគណនាគម កត្តាសាសនា:ការឯកភាពគ្នារវាងសាសនាព្រាហ្មនិងព្រះពុទ្ធ កត្តាធនធានមនុស្សបន្សល់ទុកតាំងពីសម័យនគរភ្នំនិងចេនឡាមក។,កត្តាដែលធ្វើអោយសម័យអង្គររីកចម្រើនគឺ: .កត្តាព្រះរាជា:ព្រះរាជាចាប់ពីព្រះបាទជ័យវរ្ម័នទី 2 រហូតដល់ព្រះបាទជ័យវរ្ម័នទី 7 សុទ្ធសឹងតែជាស្ដេចខ្លាំងពូកែ .កត្តានយោបាយ: +នយោបាយក្នុងប្រទេស:បង្រួបបង្រួម​ កសាង និងការពារ។ +នយោបាយក្រៅប្រទេស:ចងសម្ព័ន្ធមិត្តជាមួយប្រទេសធំៗដូចជាចិននិងឥណ្ឌា និងវាយយករដ្ឋតូចដាក់ជាចំណុះ .កត្តាសេដ្ឋកិច្ច:ការរីកចម្រើនលើវិស័យកសិកម្ម សិប្បកម្ម គណនាគមន៍ .កត្តាសាសនា:មានការឯកភាពគ្នារវាងសាសនាព្រាហ្មនិងព្រះពុទ្ធ .កត្តាធនធានមនុស្សបន្សល់ទុកតាំងពីសម័យនគរភ្នំនិងចេនឡាមក។,10,10,4,1.0,0.9710717620824149,4,10,0,0
513,តើឧស្សាហកម្មមានតួនាទីដូចម្ដេចខ្លះចំពោះសេដ្ឋកិច្ចជាតិ?,ឧស្សាហកម្មមាន​តួនាទីចំពោះសេដ្ឋកិច្ចជាតិដូចជា ៖ ​ _ ជួយបង្កើតថវិការជាតិ ​ _ ជួយបង្កើតទិន្នផលជាតិ ​​ _ ជួយឲ្យសេដ្ឋកិច្ចជាតិរីកចម្រើន  _ ប្រជាជនសំបូរធូរធារ  _អភិវឌ្ឍគ្រប់វិស័យ  _ មានទំនាក់ទំនងល្អជាមួយអ្នកជិតខាង  _ មានភាពរុងរឿងនៅក្នុងប្រទេសជាតិ។,ឧស្សាហកម្មមានតួនាទីចំពោះសេដ្ឋកិច្ចដូចជា៖ ផ្តល់កាងារឲ្យប្រជាជនធ្វើ -ផ្ដល់ចំណូលដល់សេដ្ឋកិច្ចជាតិមាន២៣.៨%ឆ្នាំ២០០៨ -ផ្ដល់ផលិតផលសម្រាប់នាំចេញ -ផ្ដល់ផលិតផលសម្រាប់ប្រើប្រាស់ -ជួយរក្សាលំនឹងជញ្ជីងពាណិជ្ជកម្ម។,15,15,4,1.0,0.9805807039869816,4,15,0,0
514,ហេតុអ្វីបានជាផ្នែកឯកជនជាកម្លាំងដ៏សំខាន់សម្រាប់វិនិយោគនិងធ្វើឲ្យមានកំណើនសេដ្ឋកិច្ចក្នុងប្រទេស?,បានជាផ្នែកឯកជនជាកម្លាំងដ៏សំខាន់សម្រាប់វិនិយោគនិងធ្វើឲ្យមានកំណើនសេដ្ឋកិច្ចក្នុងប្រទេស ព្រោះប្រទេសកម្ពុជាជាប្រទេសអភិវឌ្ឍន៍ សេដ្ឋកិច្ចទីផ្សារដោយបានធ្វើកំណែទម្រង់សហគ្រាសឧស្សាហកម្មឲ្យក្លាយទៅជាកម្មសិទ្ធិឯកជន ។ សេដ្ឋកិច្ចទីផ្សារសេរីនេះនាំឲ្យអ្នករកស៊ីបរទេសចូលចិត្តមកវិនិយោគ ហើយកាលណាផ្នែកឯកជនរឹងមាំមកវិនិយោគ ហើយកាលណាផ្នែកឯកជនមិនរឹងមាំអាចបំពេញបន្ថែមវិនិយោគនិងវិស័យសង្គមកិច្ចមានន័យថាវិស័យឯកជនស្រូបយកកម្លាំងការងារកាន់តែកើនឡើង។,បានជាផ្នែកឯកជនជាកម្លាំងដ៏សំខាន់វិនិយោគនិងធ្វើឲ្យមានកំណើនសេដ្ឋកិច្ចក្នុងប្រទេសព្រោះ -កម្ពុជាជាប្រទេសអនុវត្តសេដ្ឋកិច្ចទីផ្សារសេរីចាប់ពីឆ្នាំមួយពាន់ប្រាំបួនរយកៅសិបបីដែលបានធ្វើកំណែទម្រង់សហគ្រាសឲ្យក្លាយទៅជាកម្មសិទ្ធិឯកជន -សេដ្ឋកិច្ចទីផ្សារសេរីបាននាំឲ្យនៅរស់ស៊ីបរទេស វិនិយោគិន ណាផ្នែកឯកជនដ៏រឹងមាំអាចបំពេញបន្ថែមវិនិយោគជាសាធារណៈក្នុងវិស័យសង្គមកិច្ចមានន័យថាវិស័យឯកជនអាចស្រូបយក-----កម្លាំងការងារកាន់តែច្រើនឡើង។,15,4,1,0.2666666666666666,0.48463904109998646,2,7,1,3
515,តើការស្ថិតនៅក្រៅសារពាង្គកាយនៃពងស្វាសមានសារៈសំខាន់ដូចម្តេច?,ការស្ថិតនៅក្រោមសារពាង្គកាយនៃពងស្វាសមានសារៈសំខាន់ដូចជាដើម្បីរក្សាសីតុណ្ហភាពឲ្យ ទាបជាងសីតុណ្ហភាពក្នុងខ្លួន ប្រហែលពី(2-3)សីតុណ្ហភាពក្នុងខ្លួន37 ។,ការស្ថិតនៅក្រោមសារពាង្គកាយនៃពងស្វាសមានសារៈសំខាន់ក្នុងការផលិតអរម៉ូនភេទឈ្មោលនិង បង្កើតស្ពែម៉ាតូសូអ៊ីត ។រក្សាសីតុណ្ហភាពឲ្យទាបជាងសីតុណ្ហភាពក្នុងខ្លួន ប្រហែលពី(2-3)សីតុណ្ហភាព ក្នុងខ្លួន37 ។,10,10,4,1.0,0.9379963721437208,4,9,0,1
516,តើកត្តាអ្វីខ្លះដែលធ្វើអោយសម័យអង្គររីកចម្រើនដល់កំពូល?​ ចូលរៀបរាប់។,កត្តាដែលធ្វើអោយសម័យអង្គររីកចម្រើនគឺ: កត្តាព្រះរាជា:ព្រះរាជាចាប់ពីព្រះបាទជ័យវរ្ម័នទី 2 រហូតដល់ព្រះបាទជ័យវរ្ម័នទី 7 សុទ្ធតែជាស្ដេចខ្លាំងពូកែ កត្តានយោបាយ: នយោបាយក្នុងប្រទេសបង្រួបបង្រួមជាតិកសាងនិងការពារទឹកដី នយោបាយក្រៅប្រទេស:ចងសម្ព័ន្ធមិត្តជាមួយប្រទេសធំៗវាយយករដ្ឋតូចដាក់ជាចំណុះ កត្តាសេដ្ឋកិច្ច:រីកចម្រើនលើវិស័យកសិកម្មសិប្បកម្មគណនាគម កត្តាសាសនា:ការឯកភាពគ្នារវាងសាសនាព្រាហ្មនិងព្រះពុទ្ធ កត្តាធនធានមនុស្សបន្សល់ទុកតាំងពីសម័យនគរភ្នំនិងចេនឡាមក។,កត្តាដែលធ្វើអោយសម័យអង្គររីកចម្រើនគឺ: កត្តាព្រះរាជា:ព្រះរាជាចាប់ពីព្រះបាទជ័យវរ្ម័នទី 2 រហូតដល់ព្រះបាទជ័យវរ្ម័នទី 7 សុទ្ធសឹងតែជាស្ដេចខ្លាំងពូកែ កត្តានយោបាយ: នយោបាយក្នុងប្រទេសបង្រួបបង្រួមជាតិកសាងនិងការពារទឹកដី នយោបាយក្រៅប្រទេស:ចងសម្ព័ន្ធមិត្តជាមួយប្រទេសធំៗវាយយករដ្ឋតូចដាក់ជាចំណុះ កត្តាសេដ្ឋកិច្ច:រីកចម្រើនលើវិស័យកសិកម្មសិប្បកម្មគណនាគមន៍ កត្តាសាសនា:ការឯកភាពគ្នារវាងសាសនាព្រាហ្មនិងព្រះពុទ្ធ កត្តាធនធាន:មនុស្សបន្សល់ទុកតាំងពីសម័យនគរភ្នំនិងចេនឡាមក។,10,10,4,1.0,0.971431158487333,4,10,0,0
517,ចូរនិយាយពីកំណកាម៉ែតញី។,ការស្ថិតនៅក្រោមសារពាង្គកាយនៃពងស្វាសមានសារៈសំខាន់ដូចជាដើម្បីរក្សាសីតុណ្ហភាពឲ្យ ទាបជាងសីតុណ្ហភាពក្នុងខ្លួន ប្រហែលពី(2-3)សីតុណ្ហភាពក្នុងខ្លួន37 ។,កំណកាម៉ែតញីដំបូងកោសិកាពូជមួយរួមចំណែកពីរដងបន្តបន្ទាប់គ្នា បានកោសិកាអូវ៉ូកូរី4 ។ អូវ៉ូកូរីនីមួយៗរីកមាឌអាចជាអូវ៉ូស៊ីត1 ។អូវ៉ូស៊ីតមួយរងចំណែកមួយនៃមេយោធាហើយត្រូវបាន ឈប់គាំងនៅវគ្គប្រផ្ដាស1 ។,10,5,2,0.5,0.3587993359228663,1,4,1,1
518,តើថ្ងៃរំដោះ៧មករា១៩៧៩ មានអត្ថន័យយ៉ាងណាខ្លះចំពោះប្រវត្តិសាស្ត្រកម្ពុជា?,ជាថ្ងៃដែលប្រជាជនខ្មែររួចផុតពីសង្គ្រាមនិងការសម្លាប់ -ជាថ្ងៃដែលប្រជាជនខ្មែរស្គាល់ច្បាប់ពីតម្លៃនៃសន្តិភាព -ជាថ្ងៃដែលប្រជាជនខ្មែរស្គាល់ច្បាប់ពីតម្លៃនៃសន្តិភាព -ប្រទេសកម្ពុជាទទួលបានអធិបតេយ្យភាពនិងបូរណាភាពទឹកដី -ប្រទេសកម្ពុជាទទួលបានឯករាជ្យ -ប្រទេសកម្ពុជាអាចអភិវឌ្ឍន៍ប្រទេសជាតិរបស់ខ្លួន -ប្រទេសកម្ពុជាអាចឈរស្មើមុខមាត់លើឆាកអន្តរជាតិ -ប្រទេសកម្ពុជាកសាងនិងស្ដាយប្រទេសជាតិខ្លួនឯងឡើងវិញ -ប្រទេសកម្ពុជាអាចធ្វើទំនាក់ទំនងជាមួយបណ្ដាប្រទេសនានា.,ជាថ្ងៃដែលប្រជាជនខ្មែររួចផុតពីសង្គ្រាមនិងការសម្លាប់ -ជាថ្ងៃដែលប្រជាជនខ្មែរស្គាល់ច្បាប់ពីតម្លៃនៃសន្តិភាព -ជាថ្ងៃដែលប្រជាជនខ្មែរស្គាល់ច្បាប់ពីតម្លៃនៃសន្តិភាព -ប្រទេសកម្ពុជាទទួលបានអធិបតេយ្យភាពនិងបូរណាភាពទឹកដី -ប្រទេសកម្ពុជាទទួលបានឯករាជ្យ -ប្រទេសកម្ពុជាអាចអភិវឌ្ឍន៍ប្រទេសជាតិរបស់ខ្លួន -ប្រទេសកម្ពុជាអាចឈរស្មើមុខមាត់លើឆាកអន្តរជាតិ -ប្រទេសកម្ពុជាកសាងនិងស្ដាយប្រទេសជាតិខ្លួនឯងឡើងវិញ -ប្រទេសកម្ពុជាអាចធ្វើទំនាក់ទំនងជាមួយបណ្ដាប្រទេសនានា.,8,8,4,1.0,0.959313786373542,4,8,0,0
519,ចូរពណ៌នាពីពីការអភិវឌ្ឍសេដ្ឋកិច្ច សង្គម នៅកម្ពុជាពីឆ្នាំ១៩៩៣ មកទល់សព្វថ្ងៃ?,ពណ៌នាពីពីការអភិវឌ្ឍសេដ្ឋកិច្ច សង្គម នៅកម្ពុជាពីឆ្នាំ១៩៩៣ មកទល់សព្វថ្ងៃ .វិស័យសេដ្ឋកិច្ច:  +សេដ្ឋកិច្ចកម្ពុជាមានការរីកចម្រើនឡើងជាបន្តបន្ទាប់ដែលធ្វើឲ្យប្រទេសកម្ពុជាមានជីវភាពល្អប្រសើរ។ +កសិកម្មរីកចម្រើនខាងដាំដំណាំស្រូវទទួលបានទិន្នផលខ្ពស់ជាបន្តបន្ទាប់ +ឧស្សាហកម្មមានតំណាងរោងចក្រច្រើនកន្លែងនិងលើកឡើងនៅសហគ្រឿងធំៗដែលបានផ្ដល់ចំណូលដល់ប្រជាពលរដ្ឋ +ពាណិជ្ជកម្មកាលនាំចូលមកក្នុងប្រទេសនិងមានវិនិយោគក្នុងប្រទេស +គមនាគមន៍កសាងស្ពានផ្លូវថ្នល់អាកាសយានដ្ឋានផ្គត់ផ្គង់ប្រព័ន្ធទឹកពីទីក្រុងដល់ជនបទ កំពុងផែ +ហិរញ្ញវត្ថុមានស្ថេរភាពក្នុងអត្រាប្ដូរប្រាក់ +ធនាគារលើកឡើងនៅធនាគារជាតិហ្នឹងឯកជនជាច្រើន .វិស័យសង្គម +ការអប់រំសិក្សា បង្កើតសាលារៀនគ្រប់កម្រិតពីមត្តីរហូតដល់ឧត្តមសិក្សាបណ្ដុះបណ្ដាលធនធានមនុស្សនិងបញ្ជូននិស្សិតឲ្យទៅរៀននៅក្រៅប្រទេស។ +វប្បធម៌អរិយធម៌ ស្ដារវប្បធម៌ឡើងវិញនិងដាក់បញ្ចូលជាសម្បត្តិបេតិកភណ្ឌពិភពលោកចាប់ផ្ដើមប្រជាជនមានសិទ្ធិជឿលើសាសនា។ +សុខាភិបាលបង្កើតឲ្យមានមន្ទីរពេទ្យលោកសុខភាពនិងឱសថសាស្ត្រ +សិល្បៈបង្កើតឲ្យមានសាលាសាកលវិទ្យាល័យសិល្បៈ.,ពណ៌នាពីពីការអភិវឌ្ឍសេដ្ឋកិច្ច សង្គម នៅកម្ពុជាពីឆ្នាំ១៩៩៣ មកទល់សព្វថ្ងៃ +វិស័យពាណិជ្ជកម្ម -កម្ពុជាមានការរីកចំឡើងកើនឡើងនៅផលិតផលនិងការនាំចេញក្រៅប្រទេសជាមួយប្រទេសធំៗលើពិភពលោកប្រទេសមហាអំណាចធំៗ -មានការរីកចម្រើនផ្នែកឧស្សាហកម្មសំបូរដោយរោងចក្រកាត់ដេរធ្វើអោយប្រជាជនមានការងារធ្វើ +វិស័យ -វិស័យហិរញ្ញវត្ថុមានអថេរភាព -វិស័យទេសចរណ៍ការកើនឡើងនៅភ្ញៀវទេសចរណ៍បង្កើតការងារប្រាក់ចំណូលដល់ប្រជាពលរដ្ឋដោយបំពាក់ប្រព័ន្ធទឹកភ្លើងពីទីក្រុងនៅជនបទ +វិស័យសង្គមវប្បធម៌ -អប់រំសិក្សាបង្កើតសាលារៀនគប់កម្រិតគ្រប់កន្លែងនិងបង្កើតធនធានមនុស្ស -សុខាភិបាលសាងសង់មន្ទីរពេទ្យ,10,6,2,0.6,0.6243594865513593,2,6,0,0
520,តើប្រព័ន្ធផលិតកម្មកសិកម្មនៅក្នុងប្រទេសកម្ពុជាមានអ្វីខ្លះ?ចូររៀបរាប់​ ។,ប្រព័ន្ធផលិតកម្មកសិកម្មនៅប្រទេសកម្ពុជាមាន៖    _ ដំណាំ : ដំណាំស្រូវ ដំណាំកៅស៊ូ ដំណាំផ្សេងៗទៀត    _ ការចិញ្ចឹមសត្វ : ការចិញ្ចឹមសត្វលើគោក ការចិញ្ចឹមសត្វក្នុងទឹក    _ ការនេសាទ : ការនេសាទទឹកសាប ការនេសាទទឹកប្រៃ  _ ព្រៃឈើ : ផលិតផលឈើ អនុផលព្រៃឈើ(រកឃ្មុំ ជ័រទឹក វល្លិ៍ ផ្តៅ) សត្វព្រៃ ។,ប្រព័ន្ធផលិតកម្មកសិកម្មប្រទេសកម្ពុជាមានដូចជា  -ការផលិតស្រូវឱ្យទៅជាអង្ករ  -ការដាំដុះឲ្យបានជាផលដើម្បីប្រមូលផល - ការធ្វើស្រែចម្ការដើម្បីប្រមូលផល  -ការធ្វើអាជីវកម្មព្រៃឈើដើម្បីយកឈើទាំងនោះទៅផលិតកម្មឱ្យបានជាផលអ្វីមួយ  -ការដាំដុះនូវអ្វីមួយយើងសម្រេចវាឲ្យបានជាផល  -មានឧបករណ៍ផលិតស្រូវ -មានឧបករណ៍ទំនើបៗជាច្រើនដើម្បីផលិតកម្មអ្វីមួយ -មានគ្រឿងឧបករណ៍បរិក្ខារដើម្បីផលិតស្រូវពីស្រូវទៅអង្ករ -មានគ្រឿងម៉ាស៊ីនសម្រាប់ផលិតអាហារជាច្រើន។,10,2,1,0.2,0.24107347704226278,1,2,0,0
521,តើសម័យឧដុង្គចាប់ពីឆ្នាំណាដល់ឆ្នាំណា?ហេតុអ្វីបានជាប្រទេសកម្ពុជាធ្លាក់ចុះខ្សោយកាន់តែខ្លាំងនៅសម័យឧដុង្គ។ចូរពន្យល់,សម័យឧដុង្គចាប់ពីឆ្នាំ បានជាប្រទេសកម្ពុជាធ្លាក់ចុះខ្សោយកាន់តែខ្លាំងនៅសម័យឧដុង្គព្រោះ សង្គ្រាមផ្ទៃក្នុងញឹកញាប់និងការជាវជ្រៀតជ្រែកពីសៀមនិងយួន ការប្រកួតប្រជែងដណ្ដើមរាជ្យបានឡើងក្នុងចំណោមព្រះរាជវង្សានុវង្ស បែកបាក់សាមគ្គីផ្ទៃក្នុងគ្មានការសាមគ្គីរួបរួមនៅក្នុងប្រទេសជិតខាង កម្ពុជាត្រូវបែកជាពីរផ្នែកដោយសារសៀមត្រួតត្រាផ្នែកខាងលិចបាត់ដំបងសៀមរាបត្រួតត្រាខាងត្បូង បាត់បង់ទឹកដីដោយសារខេត្តជាច្រើននៅភាគខាងលិចបាត់ដំបងសៀមរាបមង្គលបុរី ត្រូវបានធ្លាក់ក្នុងកណ្ដាប់ដៃសៀមនៅឆ្នាំនិងមុនបាត់បង់ដីភាគខាងកើតនៅវៀតណាម សេដ្ឋកិច្ចពឹងផ្អែកលើវិស័យកសិកម្មបុរាណដែល សួយសារអាករឲ្យគេ ចំណែកវប្បធម៌វិញវត្តអារាមត្រូវបានបំផ្លិចបំផ្លាញ ប្រទេសជាតិខ្សោយគ្មានកម្លាំងទប់ទល់នឹងការវាយលុកពីខាងក្រៅមន្ត្រីក្បត់ជាតិច្រើន ដោយសារ រាជវង្សផ្ទៃក្នុងការដណ្ដើមអំណាចគ្នា។,នៅសម័យឧដុង្គចាប់ពីឆ្នាំ ១៦២០-១៨៦៣។ បានជាប្រទេសកម្ពុជាធ្លាក់ខ្សោយយ៉ាងខ្លាំងកាន់តែខ្លាំងនៅសម័យឧដុង្គគឺ ដោយសារសង្គ្រាមនៅក្នុងស្រុកធ្វើឲ្យប្រជារាស្ត្រស្លាប់គ្មានផ្ទះនិងគ្របក្រតោកយ៉ាក សេដ្ឋកិច្ចធ្លាក់ចុះដោយសារគ្មានប្រជារាស្ត្រធ្វើកសិកម្មនិងជំនួញអ្វីឡើយគឺដោយសារសង្គ្រាមដីអត់ជីវជាតិ។,15,9,2,0.6,0.5467593588733068,2,8,0,1
522,តើអាណាចក្រភ្នំមានព្រំប្រទល់ជាប់ប្រទេសណាខ្លះ?,អាណាចក្រភ្នំមានព្រំប្រទល់ជាប់ប្រទេសដូចជា -ខាងជើងជាប់ចិន -ខាងត្បូងជាឈូងសមុទ្រខ្មែរ -ខាងកើតជាប់រដ្ឋចម្ប៉ា -ខាងលិចជាប់រដ្ធមនឬភូមា។,អាណាចក្រភ្នំមានព្រំប្រទល់ជាប់ប្រទេសដូចជា -ខាងជើងជាប់ចិន(រដ្ឋណានឆាវតុងកឹង) -ខាងត្បូងជាឈូងសមុទ្រខ្មែរ(ឈូងសមុទ្រនគរភ្នំ) -ខាងកើតជាប់រដ្ឋចម្ប៉ា -ខាងលិចជាប់រដ្ឋមនឬភូមា។,6,6,4,1.0,0.9922313298414637,4,6,0,0
523,តើកម្ពុជាមានបេតិកភណ្ឌអ្វីខ្លះ ដែលបានចុះបញ្ជីបេតិកភណ្ឌរូបី និង អរូបីពិភពលោករបស់អង្គការយូណេស្កូ? ចូររៀបរាប់ឱ្យបានប្រាំ។,កម្ពុជាមានបេតិកភណ្ឌដែលបានចុះបញ្ជីបេតិកភណ្ឌរូបី និង អរូបីពិភពលោករបស់អង្គការយូណេស្កូដូចជា     +ល្ខោនខោល     +រមណីយដ្ឋានអង្គរ     +ចាប៉ីដងវែង     +ប្រាសាទព្រះវិហហារ     +ល្ខោនស្រមោលស្បែកធំ     +របាំព្រះរាជទ្រព្យ     +ក្រមាខ្មែរ     +គុនល្បុកតោ     +រមណីយដ្ឋានសម្បូរព្រៃគុក,កម្ពុជាមានបេតិកភណ្ឌដែលបានចុះបញ្ជីបេតិ កភណ្ឌរូបិយនិងអរូបិយពិភពលោករបស់ អង្គការយូណេស្កូមានដូចជា÷ -រមណីយដ្ឋានប្រាសាទអង្គរវត្ត  -ប្រាសាទព្រះវិហារ  -ប្រាសាទសំបូរព្រៃគុក -ល្ខោនស្បែក -ចាប៉ីដងវែង។,5,5,4,1.0,0.9457855555228474,4,5,0,0
524,ចូរនិយាយពីកំណកាម៉ែតញី។,ការស្ថិតនៅក្រោមសារពាង្គកាយនៃពងស្វាសមានសារៈសំខាន់ដូចជាដើម្បីរក្សាសីតុណ្ហភាពឲ្យ ទាបជាងសីតុណ្ហភាពក្នុងខ្លួន ប្រហែលពី(2-3)សីតុណ្ហភាពក្នុងខ្លួន37 ។,កំណកាម៉ែតញីដំបូងកោសិកាពូជមួយរួមចំណែកពីរដងបន្តបន្ទាប់គ្នា បានកោសិកាអូវ៉ូកូរី4 ។ អូវ៉ូកូរីនីមួយៗរីកមាឌអាចជាអូវ៉ូស៊ីត1 ។អូវ៉ូស៊ីតមួយរងចំណែកមួយនៃមេយោធាហើយត្រូវបាន ឈប់គាំងនៅវគ្គប្រផ្ដាស1 ។,10,4,2,0.4,0.3587993359228663,1,4,1,0
525,តើសេដ្ឋកិច្ចកម្ពុជាពឹងផ្អែកលើវិស័យអ្វីជាសំខាន់?     ក/ ហេតុអ្វីបានជាគេនិយាយថាកម្ពុជាជាប្រទេសកសិកម្ម?     ខ/ តើគេចែកកសិករជាប៉ុន្មានប្រភេទ?អ្វីខ្លះ?,សេដ្ឋកិច្ចកម្ពុជាពឹងផ្អែកលើវិស័យកសិកម្មជាសំខាន់។   ក/ បានជាគេនិយាយថាកម្ពុជាជាប្រទេសឧស្សាហកម្មព្រោះ៖  _  សណ្ឋានដី : ដីមានជីវជាតិល្អនិងសម្បូរទំនាបល្បាប់   _ ផ្លូវទឹក : ផ្លូវទឹកខ្វាត់ខ្វែងងាយស្រួលដល់ការដាំដុះ  _ ប្រជាជន : ប្រជាជនខ្មែរភាគច្រើនចូលចិត្តធ្វើកសិកម្ម  _ អាកាសធាតុ : ទទួលអាកាសធាតុក្តៅសើម  _ កសិកម្មផ្តល់ផល50%នៃផលិតផលជាតិសរុប។  ខ/ គេចែកកសិករទាំងនោះជា4ប្រភេទគឺ៖  _ កសិករធ្វើស្រែឬអ្នកស្រែ : និយមធ្វើស្រែ ស្រូវប្រាំង ស្រូវវស្សា ស្រូវឡើងទឹក  _ កសិករតំបន់ដីខ្ពស់ : គេដាំដំណាំជាអចិន្ត្រៃយ៍(ពោត ដំឡូង ចេក កៅស៊ូសណ្តែក)  _ កសិករធ្វើចម្ការដំណាំស្រូវ : គេដាំដំណាំតាមមាត់ទន្លេ ចិញ្ចឹមសត្វនិងនេសាទ  _ កសិករភូមិភាគឦសាន: គេធ្វើដំណាំព្រៃដុតមានដូចជាពោត ដំឡូង ស្រូវរុក្ខជាតិយកមើមដទៃទៀត និងបរបាញ់សត្វផងដែរ។,សេដ្ឋកិច្ចកម្ពុជាពឹងផ្អែកលើវិស័យកសិកម្មសំខាន់ ក- ប្រទេសកម្ពុជាជាប្រទេសកសិកម្មពីព្រោះ -ផ្ទៃដីកម្ពុជាអំណោយផលដល់កសិកម្មគ្រប់ប្រភេទមានវាលទំនាបខ្ពង់រាបអាកាសធាតុទៀងទាត់ខ្យល់មូសុងដែលមានសំណើមនូវកម្ដៅគ្រប់គ្រាន់(ផ្ទៃដីកសិកម្មមាន៩០%) -ប្រជាជនធ្វើកសិកម្មច្រើនតែជួយផ្ដល់ការងារដល់ប្រជាជន(កសិករមាន៧២.៣%) -ជួយដល់សេដ្ឋកិច្ចគ្រួសារនិងជាតិ -សម្រាប់ផ្គត់ផ្គង់ក្នុងស្រុកនិងសសម្រាប់នាំចេញ  -ស្រូវជាអាហារចាំបាច់សម្រាប់ប្រជាជន -ផ្ដល់នូវវត្ថុធាតុដើមសម្រាប់ឧស្សាហកម្ម(កៅស៊ូដំឡូង..) -ការបន្ថយការធ្វើចលនាបម្លាស់ទីលំនៅរបស់ប្រជាជន(កសិកម្មនៅជនបទស្រាប់)...។ ខ.គេចែកកសិករទាំងនោះជាបួនប្រភេទ -កសិករអនុផលព្រៃឈើ(កៅស៊ូ វល្លិ៍ ផ្ដៅ…) -កសិករចិញ្ចឹមត្រី(វារីវប្បកម្មនិងនេសាទ) -កសិករចិញ្ចឹមសត្វ (គោ ជ្រូក ទា…) -កសិករដាំដំណាំ(ស្រូវ ពោត សណ្តែក…)។,20,10,2,0.5,0.6162912807418833,2,12,0,2
526,តើការស្ថិតនៅក្រៅសារពាង្គកាយនៃពងស្វាសមានសារៈសំខាន់ដូចម្តេច?,ការស្ថិតនៅក្រោមសារពាង្គកាយនៃពងស្វាសមានសារៈសំខាន់ដូចជាដើម្បីរក្សាសីតុណ្ហភាពឲ្យ ទាបជាងសីតុណ្ហភាពក្នុងខ្លួន ប្រហែលពី(2-3)សីតុណ្ហភាពក្នុងខ្លួន37 ។,ការស្ថិតនៅក្រោមសារពាង្គកាយនៃពងស្វាសមានសារៈសំខាន់ក្នុងការផលិតអរម៉ូនភេទឈ្មោលនិង បង្កើតស្ពែម៉ាតូសូអ៊ីត ។,10,2,1,0.2,0.23129128515202507,1,2,0,0
527,តើកត្តាអ្វីខ្លះដែលធ្វើអោយសម័យអង្គររីកចម្រើនដល់កំពូល?​ ចូលរៀបរាប់។,កត្តាដែលធ្វើអោយសម័យអង្គររីកចម្រើនគឺ: កត្តាព្រះរាជា:ព្រះរាជាចាប់ពីព្រះបាទជ័យវរ្ម័នទី 2 រហូតដល់ព្រះបាទជ័យវរ្ម័នទី 7 សុទ្ធតែជាស្ដេចខ្លាំងពូកែ កត្តានយោបាយ: នយោបាយក្នុងប្រទេសបង្រួបបង្រួមជាតិកសាងនិងការពារទឹកដី នយោបាយក្រៅប្រទេស:ចងសម្ព័ន្ធមិត្តជាមួយប្រទេសធំៗវាយយករដ្ឋតូចដាក់ជាចំណុះ កត្តាសេដ្ឋកិច្ច:រីកចម្រើនលើវិស័យកសិកម្មសិប្បកម្មគណនាគម កត្តាសាសនា:ការឯកភាពគ្នារវាងសាសនាព្រាហ្មនិងព្រះពុទ្ធ កត្តាធនធានមនុស្សបន្សល់ទុកតាំងពីសម័យនគរភ្នំនិងចេនឡាមក។,កត្តាដែលធ្វើអោយសម័យអង្គររីកចម្រើនគឺ: កត្តាព្រះរាជា:ព្រះរាជាចាប់ពីព្រះបាទជ័យវរ្ម័នទី 2 រហូតដល់ព្រះបាទជ័យវរ្ម័នទី 7 សុទ្ធសឹងតែជាស្ដេចខ្លាំងពូកែ កត្តានយោបាយ: នយោបាយក្នុងប្រទេសបង្រួបបង្រួមជាតិកសាងនិងការពារទឹកដី នយោបាយក្រៅប្រទេស:ចងសម្ព័ន្ធមិត្តជាមួយប្រទេសធំៗវាយយករដ្ឋតូចដាក់ជាចំណុះ កត្តាសេដ្ឋកិច្ច:រីកចម្រើនលើវិស័យកសិកម្មសិប្បកម្មគណនាគមន៍ កត្តាសាសនា:ការឯកភាពគ្នារវាងសាសនាព្រាហ្មនិងព្រះពុទ្ធ កត្តាធនធាន:មនុស្សបន្សល់ទុកតាំងពីសម័យនគរភ្នំនិងចេនឡាមក។,10,10,4,1.0,0.971431158487333,4,10,0,0
528,តើអាណាចក្រភ្នំមានព្រំប្រទល់ជាប់ប្រទេសណាខ្លះ?,អាណាចក្រភ្នំមានព្រំប្រទល់ជាប់ប្រទេសដូចជា -ខាងជើងជាប់ចិន -ខាងត្បូងជាឈូងសមុទ្រខ្មែរ -ខាងកើតជាប់រដ្ឋចម្ប៉ា -ខាងលិចជាប់រដ្ធមនឬភូមា។,អាណាចក្រភ្នំមានព្រំប្រទល់ខាងជើងជាប់នឹងប្រទេសចិន(រដ្ឋណានឆាវនិងតុងតឹង)ខាងកើតជាប់រដ្ឋចម្ប៉ា(ឈូងសមុទ្រចិន)និងខាងត្បូងជាប់និងឈូងសមុទ្រខ្មែរ(នគរភ្នំ)និងខាងលិចជាប់រដ្ឋមនឬភូមា។,6,6,4,1.0,0.9923679505896534,4,6,0,0
529,ហេតុអ្វីបានជាមនុស្សស្រូបយកខ្យល់ដែលមានកាបូនម៉ណូអុកស៊ីតអាចបង្កគ្រោះថ្នាក់ដល់ស្លាប់បាន?,បានជាមនុស្សស្រូបយកខ្យល់ដែលមានកាបូនម៉ូណូអុកស៊ីដអាចបង្កឲ្យមានគ្រោះថ្នាក់ដល់ស្លាប់ បានព្រោះកាបូនម៉ូណូអុកស៊ីដមានសមត្ថភាពចាប់យក ក្នុងឈាមបានខ្លាំងជាងអុកស៊ីសែន វារារាំងឈាមមិនឲ្យដឹកនាំអុកស៊ីសែនទៅចិញ្ចឹមសរីរាង្គជាពិសេសខួរក្បាលដែលបណ្តាលឲ្យ ស្លាប់និង សន្លប់ ។,បានជាមនុស្សស្រូបយកខ្យល់ដែលមានកាបូនម៉ូណូអុកស៊ីតអាចបង្កគ្រោះថ្នាក់ដល់ស្លាប់បានគឺ ឧស្ម័នកាបូនម៉ូណូអុកស៊ីតជាឧស្ម័នពុល ។,5,4,3,0.8,0.5689683653894242,2,3,1,1
530,តើអ្វីជាសង្គ្រាមត្រជាក់? តើសង្គ្រាមត្រជាក់ផ្ដល់ផលវិបាកអ្វីខ្លះដល់កម្ពុជា?,សង្គ្រាមត្រជាក់ជាការប្រឈមមុខដាក់គ្នាដោយប្រយោលរវាងសហរដ្ឋអាមេរិចនិងសហភាពសូវៀត ដោយធ្វើការប្រណាំងប្រជែងគ្នាលើផ្នែក  សេដ្ឋកិច សព្វាវុធ យោធា និងបច្ចេកទេស។ សង្រ្គាមត្រជាក់បានផ្ដល់ផលវិបាកកម្ពុជាដូចជា៖ -គ្រាប់បែករបស់សហរដ្ឋអាមេរិក 1669 ដល់ 1973  -សង្គ្រាមស៊ីវិលក្នុងប្រទេសពីឆ្នាំ 1970 ដល់ 1975 និងកើតមានម្តងទៀតពីឆ្នាំ 1979 ដល់ឆ្នាំ 1991 ដែលកើតចេញពីការប្រឆាំងគ្នារវាងក្រុមកុម្មុយនិស្តនិងសេរីនិយម -ការសម្លាប់ប្រជាជនឯងក្រោមរបស់ប្រល័យពូជសាសន៍ឆ្នាំ 1975 និងឆ្នាំ 1979  -ការផ្លាស់ប្ដូរនយោបាយជាញឹកញាប់រហូតមានការមានកិច្ចព្រមព្រៀងសន្តិភាពក្រុងប៉ារីសថ្ងៃទី 23 តុលាឆ្នាំ 1991។,សង្គ្រាមត្រជាក់ជាការប្រឈមមុខដាក់គ្នាដោយប្រយោលរវាងប្លុកលោកខាងលិចដែលប្រកាន់យកលិទ្ធិសេរីនិយមដឹកនាំដោយសាររដ្ឋអាមេរិច និងខាងកើតដែលប្រកាន់យកលិទ្ធិកុម្មុយនិស្តនាំដោយសហភាពសូវៀត។ ការប្រឈមមុខរវាងប្រទេសទាំងពីរនេះកើតមានក្នុងវិស័យមនោគមវិជ្ជា នយោបាយសេដ្ឋកិច្ចពាណិជ្ជកម្មការទូតនិងទំនាក់ទំនងអន្តរជាតិ។ សង្រ្គាមត្រជាក់បានផ្ដល់ផលវិបាកកម្ពុជាដូចជា៖ -គ្រាប់បែករបស់សហរដ្ឋអាមេរិក 1669 ដល់ 1973  -សង្គ្រាមស៊ីវិលក្នុងប្រទេសពីឆ្នាំ 1970 ដល់ 1975 និងកើតមានម្តងទៀតពីឆ្នាំ 1979 ដល់ឆ្នាំ 1991 ដែលកើតចេញពីការប្រឆាំងគ្នារវាងក្រុមកុម្មុយនិស្តនិងសេរីនិយម -ការសម្លាប់ប្រជាជនឯងក្រោមរបស់ប្រល័យពូជសាសន៍ឆ្នាំ 1975 និងឆ្នាំ 1979  -ការផ្លាស់ប្ដូរនយោបាយជាញឹកញាប់រហូតមានការមានកិច្ចព្រមព្រៀងសន្តិភាពក្រុងប៉ារីសថ្ងៃទី 23 តុលាឆ្នាំ 1991,10,9,4,0.9,0.9065485226374537,4,9,0,0
531,ចូររៀបរាប់អំពីទំនាក់ទំនងរវាងការដាំដុះអាជីវកម្មព្រៃឈើនិងនេសាទ។,ទំនាក់ទំនងរវាង ការដាំដុះអាជីវកម្មព្រៃឈើ និងការនេសាទ៖  _ ការដាំដុះអាជីវកម្មព្រៃឈើ និងការនេសាទ ជាភោគទ្រព្យយ៉ាងសំខាន់សម្រាប់ប្រជាជនក្នុងការទ្រទ្រង់ក្នុងជីវភាពរស់នៅនិងការអភិវឌ្ឍន៍ប្រទេសជាតិ   _ ដើម្បីបំពេញតម្រូវការក្នុងកសិកម្មផលិតកម្មនិងត្រូវការផ្សេងៗ មនុស្សនាំគ្នាកាប់ព្រៃឈើដើម្បីធ្វើអាជីវកម្មព្រៃឈើជាមូលហេតុធ្វើឲ្យអាកាសធាតុប្រែប្រួលប៉ះពាល់ដល់ជីវិតមនុស្ស សត្វ និងរុក្ខជាតិ  ​ _ អតិផលនៃប្រព័ន្ធកសិកម្ម នាំឲ្យមានកំណើននៃការប្រើប្រាស់គីមីនិងថ្នាំសម្លាប់សត្វល្អិត។ ជីគីមី និងថ្នាំសម្លាប់សត្វល្អិត ទាំងនោះហូរទៅផ្ដុំគ្នានៅតាមផ្លូវទឹកនានា បំផ្លាញជីវិតសត្វនិងពូជធម្មជាតិ។,ទំនាក់ទំនងរវាង ការដាំដុះអាជីវកម្មព្រៃឈើ និងការនេសាទ៖  _ ការដាំដុះអាជីវកម្មព្រៃឈើ និងការនេសាទ ជាភោគទ្រព្យសំខាន់សម្រាប់ប្រជាជនក្នុងការទ្រទ្រង់ក្នុងជីវភាពរស់នៅនិងការអភិវឌ្ឍន៍ប្រទេសជាតិ   _ ដើម្បីបំពេញតម្រូវការក្នុងផលិតកម្មនិងតម្រូវការផ្សេងៗ មនុស្សនាំគ្នាកាប់ព្រៃឈើធ្វើអាជីវកម្មព្រៃឈើដែលជាហេតុធ្វើឲ្យអាកាសធាតុប្រែប្រួលប៉ះពាល់ដល់ជីវិតមនុស្ស សត្វ និងរុក្ខជាតិ  ​ _ អតិផលនៃប្រព័ន្ធផលិតកម្ម កសិកម្ម នាំឲ្យមានកំណើននៃការប្រើប្រាស់នូវគីមីនិងថ្នាំសម្លាប់សត្វល្អិត។ ជីគីមី និងថ្នាំសម្លាប់សត្វល្អិត ទាំងនោះហូរទៅផ្ដុំគ្នានៅតាមផ្លូវទឹកនានាហើយបំផ្លាញជីវិតមនុស្ស សត្វនិងពូជមច្ឆជាតិ។,15,15,4,1.0,0.899544315793094,4,13,0,2
532,តើកត្តាអ្វីខ្លះដែលបណ្ដាលឲ្យសៀមវាយបែកបន្ទាយលង្វែក?,កត្តាដែលបណ្ដាលឲ្យសៀមវាយបន្ទាយលង្វែកព្រះរាជាព្រះសត្ថាទីមួយឆោតល្ងង់ទៅជួយរំដោះក្រុងឰយុធ្យារបស់សៀមមកពីការត្រួតត្រាភូមាសៀមរមិលគុណប្រើល្បិចបញ្ជូនសល់ពីរអង្គ យកការវិបត្តិផ្ទៃក្នុងជាជួរជលសារលោករវល់ នាដើមម៉ឺនមន្ត្រីប្រជារាស្ត្រមិនពេញចិត្តដែលតែងទៅកូនអាយុដប់មួយវស្សា ឲ្យកូនរៀននៅ ក្នុងនាម មហាឧបរាជ ធ្វើឲ្យប្រជារាស្ត្របាត់បង់ស្មារតីប្រយុទ្ធប្រជារាស្ត្រខ្មែរក្រីក្រឆោតល្ងង់ចង់បានប្រាក់ដួលក៏នាំគ្នាកាប់ឆ្ការគុម្ពឫស្សីដែលជារបងការពារបន្ទាយលង្វែកដ៏រឹងមាំ រីប្រទេសខ្មែរហាក់បីដូចជាបាត់បង់សាមគ្គីដូចជាស្ថានីយមួយនាំកូនទាំងពីររត់ភៀសខ្លួនទៅប្រទេសឡាវមិនគិតពីប្រជារាស្ត្រនាំឲ្យប្រជាជន អស់ជំនឿ,កត្តាដែលធ្វើឲ្យសៀមវាយបែកបន្ទាយលង្វែក បែកបាក់សាមគ្គីភាព,10,2,1,0.2,0.30911125100456033,1,3,0,1
533,ចូររៀបរាប់អំពីទំនាក់ទំនងរវាងការដាំដុះអាជីវកម្មព្រៃឈើនិងនេសាទ។,ទំនាក់ទំនងរវាង ការដាំដុះអាជីវកម្មព្រៃឈើ និងការនេសាទ៖  _ ការដាំដុះអាជីវកម្មព្រៃឈើ និងការនេសាទ ជាភោគទ្រព្យយ៉ាងសំខាន់សម្រាប់ប្រជាជនក្នុងការទ្រទ្រង់ក្នុងជីវភាពរស់នៅនិងការអភិវឌ្ឍន៍ប្រទេសជាតិ   _ ដើម្បីបំពេញតម្រូវការក្នុងកសិកម្មផលិតកម្មនិងត្រូវការផ្សេងៗ មនុស្សនាំគ្នាកាប់ព្រៃឈើដើម្បីធ្វើអាជីវកម្មព្រៃឈើជាមូលហេតុធ្វើឲ្យអាកាសធាតុប្រែប្រួលប៉ះពាល់ដល់ជីវិតមនុស្ស សត្វ និងរុក្ខជាតិ  ​ _ អតិផលនៃប្រព័ន្ធកសិកម្ម នាំឲ្យមានកំណើននៃការប្រើប្រាស់គីមីនិងថ្នាំសម្លាប់សត្វល្អិត។ ជីគីមី និងថ្នាំសម្លាប់សត្វល្អិត ទាំងនោះហូរទៅផ្ដុំគ្នានៅតាមផ្លូវទឹកនានា បំផ្លាញជីវិតសត្វនិងពូជធម្មជាតិ។,រៀបរាប់ពីទំនាក់ទំនងរវាងការដាំដុះអាជីវកម្មព្រៃឈើនិងការនេសាទការដាំដុះអាជីវកម្មព្រៃឈើនិងការនេសាទ -ជាផលពិតទ្រព្យដែលមានសារៈសំខាន់សម្រាប់ទ្រទ្រង់ជីវិតមនុស្សនៅក្នុងជីវភាពរស់នៅនិងអភិវឌ្ឍប្រទេសជាតិ -កម្រផ្នែកកសិកម្មនិងផ្នែកផ្សេងផ្សេងទៀតជាតម្រូវ ការរបស់មនុស្សរាប់រយនៅក្នុងការផលិតការធ្វើ អាជីវកម្មដល់បណ្តាលឲ្យមានការប្រើប្រាស់ថ្នាំសម្លាប់សត្វល្អិតជីគីមីថ្នាំសម្លាប់សត្វល្អិតនិងជីគីមីបានហូបនាំមក កុំគ្នាទៅតាមទឹកនានាដែលអាច ដែលអាចសម្លាប់ជីវិតនាំពស់ឋិតនៅប្រាសាទ មច្ឆាជាតិ។,15,3,1,0.2,0.34604347163654225,1,5,0,2
534,ហេតុអ្វីបានជាផ្នែកឯកជនជាកម្លាំងដ៏សំខាន់សម្រាប់វិនិយោគ និងធ្វើឲ្យមានកំណើនសេដ្ឋកិច្ចក្នុងប្រទេស?,បានជាផ្នែកឯកជនជាកម្លាំងដ៏សំខាន់សម្រាប់កំណើនសេដ្ឋកិច្ចកម្ពុជាព្រោះ -កម្ពុជាបានអនុវត្តសេដ្ឋកិច្ចទីផ្សារសេរីដោយបានធ្វើកំណែទម្រង់ពីសហគ្រាសរដ្ឋឲ្យក្លាយទៅជាកម្មសិទ្ធិឯកជន -សេដ្ឋកិច្ចទីផ្សារសេរីនាំឲ្យអ្នករកស៊ីចូលចិត្តមករកស៊ីនិងដាក់វិនិយោគទុន -កាលណាភ្នែកឯកជនរឹងមាំអាចជួយបំពេញបន្ថែមលើវិនិយោគសាធារណៈក្នុងវិស័យសេដ្ឋកិច្ចគឺផ្នែកឯកជនអាចស្រូបយកកម្លាំងពលកម្មកើនឡើង។,បានជាផ្នែកឯកជនជាកម្លាំងដ៏សំខាន់សម្រាប់វិនិយោគនិងធ្វើឲ្យមានកំណើនសេដ្ឋកិច្ចក្នុងប្រទេសព្រោះ៖ -ធ្វើឲ្យចំណូលចូលជាតិច្រើន -ធ្វើឲ្យប្រទេសជាតិមានការអភិវឌ្ឍន៍សង្គមមានការទាក់ទាញចំណាប់អារម្មណ៍ពីភ្ញៀវទេសចរណ៍ -ទទួលការចាប់អារម្មណ៍ពីភ្ញៀវបរទេស -ព្រោះមានការធានានយោបាយ -ការមានសន្តិភាពលើការអ្នកវិនិយោគ -ធានាសុវត្ថិភាព -អនុវត្តផ្លូវមនាគមន៍។,15,6,2,0.4,0.27681804025828677,1,4,1,2
535,តើកម្ពុជាមានបេតិកភណ្ឌអ្វីខ្លះ ដែលបានចុះបញ្ជីបេតិកភណ្ឌរូបី និង អរូបីពិភពលោករបស់អង្គការយូណេស្កូ? ចូររៀបរាប់ឱ្យបានប្រាំ។,កម្ពុជាមានបេតិកភណ្ឌដែលបានចុះបញ្ជីបេតិកភណ្ឌរូបី និង អរូបីពិភពលោករបស់អង្គការយូណេស្កូដូចជា     +ល្ខោនខោល     +រមណីយដ្ឋានអង្គរ     +ចាប៉ីដងវែង     +ប្រាសាទព្រះវិហហារ     +ល្ខោនស្រមោលស្បែកធំ     +របាំព្រះរាជទ្រព្យ     +ក្រមាខ្មែរ     +គុនល្បុកតោ     +រមណីយដ្ឋានសម្បូរព្រៃគុក,កម្ពុជាមានបេតិកភណ្ឌដែលបានចុះបញ្ជីបេតិ កភណ្ឌរូបិយនិងអរូបិយពិភពលោករបស់ អង្គការយូណេស្កូមានដូចជា÷ -រមណីយដ្ឋានប្រាសាទអង្គរវត្ត  -ប្រាសាទព្រះវិហារ  -ប្រាសាទសំបូរព្រៃគុហ៍ -ល្ខោនស្រមោលស្បែកធំ -ចាប៉ីដងវែង។,5,5,4,1.0,0.9612451585597516,4,5,0,0
536,តើប្រព័ន្ធផលិតកម្មកសិកម្មនៅក្នុងប្រទេសកម្ពុជាមានអ្វីខ្លះ?ចូររៀបរាប់​ ។,ប្រព័ន្ធផលិតកម្មកសិកម្មនៅប្រទេសកម្ពុជាមាន៖    _ ដំណាំ : ដំណាំស្រូវ ដំណាំកៅស៊ូ ដំណាំផ្សេងៗទៀត    _ ការចិញ្ចឹមសត្វ : ការចិញ្ចឹមសត្វលើគោក ការចិញ្ចឹមសត្វក្នុងទឹក    _ ការនេសាទ : ការនេសាទទឹកសាប ការនេសាទទឹកប្រៃ  _ ព្រៃឈើ : ផលិតផលឈើ អនុផលព្រៃឈើ(រកឃ្មុំ ជ័រទឹក វល្លិ៍ ផ្តៅ) សត្វព្រៃ ។,ប្រព័ន្ធផលិតកម្មកសិកម្មនៅប្រទេសកម្ពុជាមានដូចជា៖  _ ឧស្សាហកម្ម  _ កសិកម្ម  _ ពាណិជ្ជកម្ម  _ ទេសចរណ៍  _ សេវាកម្ម។,10,2,1,0.2,0.18671424965375916,1,2,0,0
537,ចូររៀបរាប់អំពីទំនាក់ទំនងរវាងការដាំដុះអាជីវកម្មព្រៃឈើនិងនេសាទ។,ទំនាក់ទំនងរវាង ការដាំដុះអាជីវកម្មព្រៃឈើ និងការនេសាទ៖  _ ការដាំដុះអាជីវកម្មព្រៃឈើ និងការនេសាទ ជាភោគទ្រព្យយ៉ាងសំខាន់សម្រាប់ប្រជាជនក្នុងការទ្រទ្រង់ក្នុងជីវភាពរស់នៅនិងការអភិវឌ្ឍន៍ប្រទេសជាតិ   _ ដើម្បីបំពេញតម្រូវការក្នុងកសិកម្មផលិតកម្មនិងត្រូវការផ្សេងៗ មនុស្សនាំគ្នាកាប់ព្រៃឈើដើម្បីធ្វើអាជីវកម្មព្រៃឈើជាមូលហេតុធ្វើឲ្យអាកាសធាតុប្រែប្រួលប៉ះពាល់ដល់ជីវិតមនុស្ស សត្វ និងរុក្ខជាតិ  ​ _ អតិផលនៃប្រព័ន្ធកសិកម្ម នាំឲ្យមានកំណើននៃការប្រើប្រាស់គីមីនិងថ្នាំសម្លាប់សត្វល្អិត។ ជីគីមី និងថ្នាំសម្លាប់សត្វល្អិត ទាំងនោះហូរទៅផ្ដុំគ្នានៅតាមផ្លូវទឹកនានា បំផ្លាញជីវិតសត្វនិងពូជធម្មជាតិ។,រៀបរាប់ពីទំនាក់ទំនងរវាងការដាំដុះ ការចិញ្ចឹមសត្វ និងការនេសាទ៖  -ដើម្បីបំពេញតម្រូវការក្នុងកសិកម្ម និងមានតម្រូវការផ្សេងៗទៀតរបស់មនុស្សគឺការប្រើប្រាស់ជា -ហេតុធ្វើឱ្យមានការប្រែប្រួលលោកសពត ប៉ះពាល់ដល់ដីធ្លី  -ការដាំដុះសត្វ និងរុក្ខជាតិ យកកិច្ចការពារនៃប្រព័ន្ធផលិតកម្មឱ្យមានកំណើន -ការប្រើប្រាស់ឱ្យសមស្របសត្វក្នុងទឹកនិងដីឥដ្ឋឱ្យមាន -ការទាក់ទាញនៅក្នុងទន្លេបឹង ហើយជំរុញឱ្យដឹង និងពង្រីកឱ្យបានល្អជាពិសេស ។,15,15,4,1.0,0.8771928822348208,4,13,0,2
538,ចូររៀបរាប់ពីទំនាក់ទំនងរវាងការដាំដុះ​ អាជីវកម្មព្រៃឈើ និងការនេសាទ។,ទំនាក់ទំនងរវាងការដាំដុះ អាជីវកម្មព្រៃឈើ និងការនេសាទមានដូចជា៖ -ការដាំដុះដោយប្រើជីធម្មជាតិ -ការប្រើប្រាស់ជីគីមី -ដាំដុះនិងធ្វើតាមរដូវ -អាជីវកម្មព្រៃឈើ -ការកាប់បំផ្លាញព្រៃឈើ -ការដុតព្រៃឈើ -ការកាប់ឈើយកទៅធ្វើអាជីវកម្ម +ការនេសាទ -ការនេសាទត្រីពេលត្រីពក -ការនេសាទដោយប្រើអគ្គិសនី -ការនេសាទហួសកម្រិត -ការនេសាទគឺជាមុខរបរប្រចាំថ្ងៃាបស់ប្រជាជន -នឹងជាអាហារប្រចាំថ្ងៃរបស់ប្រជាជន -ការនេសាទធ្វើប្រជាជនមានមុខរបររកស៊ីត្រឹមត្រូវ -ការនេសាទប្រើប្រាស់ឧបករណ៍នេសាទខុសច្បាប់ -ការបំផ្លាញជំរកត្រី -ការបកហូរទឹកចេញពី,ទំនាក់ទំនងរវាងការដាំដុះ អាជីវកម្មព្រៃឈើ និងការនេសាទ៖ +អាជីវកម្មព្រៃឈើ -ការកាប់យកពូជឈើល្អសម្រាប់លក់ដូរ -ការកាប់អាចាស់ហើយដាំថ្មី -កាប់ឈើហើយទៅបំពេញតម្រូវការរបស់មនុស្ស +ការនេសាទ -ចាប់ត្រីដើម្បីលក់ឬចិញ្ចឺមជីវិត -នេសាទដោយឧបករណ័ទំនើប -នេសាទតាមរដូវ -មិនឆក់ត្រីព្រោះអាចធ្វើត្រីផុសពូជ។,15,2,1,0.1333333333333333,0.2093275783971343,1,3,0,1
539,ហេតុអ្វីបានជាផ្នែកឯកជនជាកម្លាំងដ៏សំខាន់សម្រាប់វិនិយោគ និងធ្វើឲ្យមានកំណើនសេដ្ឋកិច្ចក្នុងប្រទេស?,បានជាផ្នែកឯកជនជាកម្លាំងដ៏សំខាន់សម្រាប់កំណើនសេដ្ឋកិច្ចកម្ពុជាព្រោះ -កម្ពុជាបានអនុវត្តសេដ្ឋកិច្ចទីផ្សារសេរីដោយបានធ្វើកំណែទម្រង់ពីសហគ្រាសរដ្ឋឲ្យក្លាយទៅជាកម្មសិទ្ធិឯកជន -សេដ្ឋកិច្ចទីផ្សារសេរីនាំឲ្យអ្នករកស៊ីចូលចិត្តមករកស៊ីនិងដាក់វិនិយោគទុន -កាលណាភ្នែកឯកជនរឹងមាំអាចជួយបំពេញបន្ថែមលើវិនិយោគសាធារណៈក្នុងវិស័យសេដ្ឋកិច្ចគឺផ្នែកឯកជនអាចស្រូបយកកម្លាំងពលកម្មកើនឡើង។,ហេតុបានជាផ្នែកឯកជនជាកម្លាំងដ៏សំខាន់សម្រាប់វិនិយោគនិងធ្វើឲ្យមានកំណើនក្នុងប្រទេសពីព្រោះអ្នកឯកជនខ្លះ ភាគច្រើនមានវិស័យក្នុងស្រុកនិងក្រៅស្រុកហើយគេស្គាល់ពីទំនិញបានច្រើនបានជាគេពឹងផ្អែកលើផ្នែកឯកជនហើយគេមាន ចំណូលច្រើនសម្រាប់ធ្វើឲ្យមានកំណើរសេដ្ឋកិច្ចនិងមានមុខរបរច្បាស់លាស់សម្រាប់វិនិយោគក្រុមហ៊ុនធំៗនៅក្នុងប្រទេស។,15,6,2,0.4,0.27403086978645663,1,4,1,2
540,តើឧស្សាហកម្មមានតួនាទីដូចម្ដេចខ្លះចំពោះសេដ្ឋកិច្ចជាតិ?,ឧស្សាហកម្មមាន​តួនាទីចំពោះសេដ្ឋកិច្ចជាតិដូចជា ៖ ​ _ ជួយបង្កើតថវិការជាតិ ​ _ ជួយបង្កើតទិន្នផលជាតិ ​​ _ ជួយឲ្យសេដ្ឋកិច្ចជាតិរីកចម្រើន  _ ប្រជាជនសំបូរធូរធារ  _អភិវឌ្ឍគ្រប់វិស័យ  _ មានទំនាក់ទំនងល្អជាមួយអ្នកជិតខាង  _ មានភាពរុងរឿងនៅក្នុងប្រទេសជាតិ។,ឧស្សាហកម្មមានតួនាទីចំពោះសេដ្ឋកិច្ចជាតិដូចជា ៖ _ ជួយបង្កើនប្រាក់ចំណូលជូនជាតិ23.8% 2008 _ បង្កើតការងារជូនប្រជាជន  _ បង្កើតប្រាក់ចំណូលក្នុងគ្រួសារ  _ ប្រជាជនមានជីវភាពធូរធារ _ ជួយរក្សាលំនឹងជញ្ជីងពាណិជ្ជកម្ម  _ ផ្ដល់ផលិតផលសម្រាប់នាំចេញ  _ ផ្ដល់ផលិតផលសម្រាប់ប្រើប្រាស់ _ កាត់បន្ថយការនាំចូល។,15,12,3,0.8,0.9303447173738476,4,14,1,2
541,តើព្រះអង្គឌួងមានស្នាព្រហស្ថអ្វីខ្លះចំពោះប្រទេសជាតិនិងប្រជារាស្ត្រខ្មែរ?,ព្រះបាទអង្គឌួងមានស្នាព្រហស្តដូចជាផ្នែករដ្ឋបាលរៀបចំប្រព័ន្ធរដ្ឋបាលនិងច្បាប់ទម្លាប់ស្ដារឡើងវិញមានរបៀបផ្នែកសេដ្ឋកិច្ចលើកស្ទួយវិស័យកសិកម្មជួសជុលប្រព័ន្ធ សេះនិងពាណិជ្ជកម្ម ភ្នែកបរទេសស្វែងរកជំនួយពីបារាំងដើម្បីទប់ទល់នឹងការត្រួតត្រាយួននិងសៀម ផ្នែកវប្បធម៌លើកស្ទួយវប្បធម៌អក្សរសាស្ត្រខ្មែរនិង សាសនា កត្តាផ្ទៃក្នុង ការបែកបាក់រាជវង្សានុវង្សបែកបាក់សាមគ្គី។,ព្រះអង្គឌួងមានស្នាព្រហស្តដូចជា នយោបាយទាមទារទឹកដីដែលបាត់បង់មកវិញនិងស្វែងរកកិច្ចការពារពីប្រទេសពីរខែត្រួតត្រារបស់សៀមនិងយួន វប្បធម៌ លើកស្ទួយអក្សរសាស្ត្រខ្មែរនិពន្ធរឿងកាកីនិងជួសជុលវត្តអារាម សេដ្ឋកិច្ច បោះពុម្ពប្រាក់ឌួងប្រើប្រាស់និងសាងផ្លូវថ្នល់ផ្លូវពីឧត្តុង្គទៅកំពត។,15,13,3,0.8666666666666667,0.8340418060492094,3,13,0,0
542,តើកត្តាអ្វីខ្លះដែលធ្វើអោយសម័យអង្គររីកចម្រើនដល់កំពូល?​ ចូលរៀបរាប់។,កត្តាដែលធ្វើអោយសម័យអង្គររីកចម្រើនគឺ: កត្តាព្រះរាជា:ព្រះរាជាចាប់ពីព្រះបាទជ័យវរ្ម័នទី 2 រហូតដល់ព្រះបាទជ័យវរ្ម័នទី 7 សុទ្ធតែជាស្ដេចខ្លាំងពូកែ កត្តានយោបាយ: នយោបាយក្នុងប្រទេសបង្រួបបង្រួមជាតិកសាងនិងការពារទឹកដី នយោបាយក្រៅប្រទេស:ចងសម្ព័ន្ធមិត្តជាមួយប្រទេសធំៗវាយយករដ្ឋតូចដាក់ជាចំណុះ កត្តាសេដ្ឋកិច្ច:រីកចម្រើនលើវិស័យកសិកម្មសិប្បកម្មគណនាគម កត្តាសាសនា:ការឯកភាពគ្នារវាងសាសនាព្រាហ្មនិងព្រះពុទ្ធ កត្តាធនធានមនុស្សបន្សល់ទុកតាំងពីសម័យនគរភ្នំនិងចេនឡាមក។,កត្តាដែលធ្វើអោយសម័យអង្គររីកចម្រើនគឺ: កត្តាព្រះរាជា:ព្រះរាជាចាប់ពីព្រះបាទជ័យវរ្ម័នទី 2 រហូតដល់ព្រះបាទជ័យវរ្ម័នទី 7 សុទ្ធសឹងតែជាស្ដេចខ្លាំងពូកែ កត្តានយោបាយ: នយោបាយក្នុងប្រទេសបង្រួបបង្រួមជាតិកសាងនិងការពារទឹកដី នយោបាយក្រៅប្រទេស:ចងសម្ព័ន្ធមិត្តជាមួយប្រទេសធំៗវាយយករដ្ឋតូចដាក់ជាចំណុះ កត្តាសេដ្ឋកិច្ច:រីកចម្រើនលើវិស័យកសិកម្មសិប្បកម្មគណនាគមន៍ កត្តាសាសនា:ការឯកភាពគ្នារវាងសាសនាព្រាហ្មនិងព្រះពុទ្ធ កត្តាធនធាន:មនុស្សបន្សល់ទុកតាំងពីសម័យនគរភ្នំនិងចេនឡាមក។,10,10,4,1.0,0.971431158487333,4,10,0,0
543,តើកម្ពុជាមានបេតិកភណ្ឌអ្វីខ្លះ ដែលបានចុះបញ្ជីបេតិកភណ្ឌរូបី និង អរូបីពិភពលោករបស់អង្គការយូណេស្កូ? ចូររៀបរាប់ឱ្យបានប្រាំ។,កម្ពុជាមានបេតិកភណ្ឌដែលបានចុះបញ្ជីបេតិកភណ្ឌរូបី និង អរូបីពិភពលោករបស់អង្គការយូណេស្កូដូចជា     +ល្ខោនខោល     +រមណីយដ្ឋានអង្គរ     +ចាប៉ីដងវែង     +ប្រាសាទព្រះវិហហារ     +ល្ខោនស្រមោលស្បែកធំ     +របាំព្រះរាជទ្រព្យ     +ក្រមាខ្មែរ     +គុនល្បុកតោ     +រមណីយដ្ឋានសម្បូរព្រៃគុក,កម្ពុជាមានបេតិកភណ្ឌដែលបានចុះបញ្ជីបេតិ កភណ្ឌរូបិយនិងអរូបិយពិភពលោករបស់ អង្គការយូណេស្កូមានដូចជា÷ -រមណីយដ្ឋានប្រាសាទអង្គរវត្ត  -ប្រាសាទព្រះវិហារ  -ប្រាសាទសំបូរព្រៃគុហ៍ -ល្ខោនស្រមោលស្បែកធំ -ចាប៉ីដងវែង។,5,5,4,1.0,0.9612451585597516,4,5,0,0
544,តើអាណាចក្រភ្នំមានព្រំប្រទល់ជាប់ប្រទេសណាខ្លះ?,អាណាចក្រភ្នំមានព្រំប្រទល់ជាប់ប្រទេសដូចជា -ខាងជើងជាប់ចិន -ខាងត្បូងជាឈូងសមុទ្រខ្មែរ -ខាងកើតជាប់រដ្ឋចម្ប៉ា -ខាងលិចជាប់រដ្ធមនឬភូមា។,អាណាចក្រភ្នំមានព្រំប្រទល់ជាប់ប្រទេសដូចជា -ខាងជើងជាប់ចិន -ខាងត្បូងជាឈូងសមុទ្រខ្មែរ -ខាងកើតជាប់រដ្ឋចម្ប៉ា -ខាងលិចជាប់រដ្ឋមនឬភូមា។,6,6,4,1.0,0.9900460795956889,4,6,0,0
545,ហេតុអ្វីបានជាមនុស្សស្រូបយកខ្យល់ដែលមានកាបូនម៉ណូអុកស៊ីតអាចបង្កគ្រោះថ្នាក់ដល់ស្លាប់បាន?,បានជាមនុស្សស្រូបយកខ្យល់ដែលមានកាបូនម៉ូណូអុកស៊ីដអាចបង្កឲ្យមានគ្រោះថ្នាក់ដល់ស្លាប់ បានព្រោះកាបូនម៉ូណូអុកស៊ីដមានសមត្ថភាពចាប់យក ក្នុងឈាមបានខ្លាំងជាងអុកស៊ីសែន វារារាំងឈាមមិនឲ្យដឹកនាំអុកស៊ីសែនទៅចិញ្ចឹមសរីរាង្គជាពិសេសខួរក្បាលដែលបណ្តាលឲ្យ ស្លាប់និង សន្លប់ ។,បានជាមនុស្សស្រូបយកខ្យល់ដែលមានកាបូនម៉ូណូអុកស៊ីដអាចបង្កឲ្យមានគ្រោះថ្នាក់ដល់ស្លាប់បាន ព្រោះកាបូនម៉ូណូអុកស៊ីដមានសមត្ថភាពចាប់យក ក្នុងឈាមបានខ្លាំងជាងអុកស៊ីសែនវារារាំង ឈាមមិនឲ្យដឹកនាំអុកស៊ីសែនទៅចិញ្ចឹមសរីរាង្គជាពិសេសខួរក្បាលដែលបណ្តាលឲ្យស្លាប់និង សន្លប់ ។,5,4,3,0.8,0.8183961980217068,3,4,0,0
546,តើកត្តាអ្វីខ្លះដែលធ្វើអោយសម័យអង្គររីកចម្រើនដល់កំពូល?​ ចូលរៀបរាប់។,កត្តាដែលធ្វើអោយសម័យអង្គររីកចម្រើនគឺ: កត្តាព្រះរាជា:ព្រះរាជាចាប់ពីព្រះបាទជ័យវរ្ម័នទី 2 រហូតដល់ព្រះបាទជ័យវរ្ម័នទី 7 សុទ្ធតែជាស្ដេចខ្លាំងពូកែ កត្តានយោបាយ: នយោបាយក្នុងប្រទេសបង្រួបបង្រួមជាតិកសាងនិងការពារទឹកដី នយោបាយក្រៅប្រទេស:ចងសម្ព័ន្ធមិត្តជាមួយប្រទេសធំៗវាយយករដ្ឋតូចដាក់ជាចំណុះ កត្តាសេដ្ឋកិច្ច:រីកចម្រើនលើវិស័យកសិកម្មសិប្បកម្មគណនាគម កត្តាសាសនា:ការឯកភាពគ្នារវាងសាសនាព្រាហ្មនិងព្រះពុទ្ធ កត្តាធនធានមនុស្សបន្សល់ទុកតាំងពីសម័យនគរភ្នំនិងចេនឡាមក។,កត្តាដែលធ្វើអោយសម័យអង្គររីកចម្រើនគឺ: .កត្តាព្រះរាជា:ព្រះរាជាចាប់ពីព្រះបាទជ័យវរ្ម័នទី 2 រហូតដល់ព្រះបាទជ័យវរ្ម័នទី 7 សុទ្ធសឹងតែជាស្ដេចខ្លាំងពូកែ .កត្តាសេដ្ឋកិច្ច: +នយោបាយក្នុងប្រទេស:បង្រួបបង្រួម​ កសាង និងការពារ។ +នយោបាយក្រៅប្រទេស:ចងសម្ព័ន្ធមិត្តជាមួយប្រទេសធំៗដូចជាចិននិងឥណ្ឌា និងវាយយករដ្ឋតូចដាក់ជាចំណុះ .កត្តាប្រទេសជាតិ:មានការរីកចម្រើនខ្លាំងខ្លា .កត្តាធនធានមនុស្សបន្សល់ទុកតាំងពីសម័យនគរភ្នំនិងចេនឡាមក។,10,9,4,0.9,0.899707400672896,4,9,0,0
547,តើកត្តាអ្វីខ្លះដែលធ្វើអោយសម័យអង្គររីកចម្រើនដល់កំពូល?​ ចូលរៀបរាប់។,កត្តាដែលធ្វើអោយសម័យអង្គររីកចម្រើនគឺ: កត្តាព្រះរាជា:ព្រះរាជាចាប់ពីព្រះបាទជ័យវរ្ម័នទី 2 រហូតដល់ព្រះបាទជ័យវរ្ម័នទី 7 សុទ្ធតែជាស្ដេចខ្លាំងពូកែ កត្តានយោបាយ: នយោបាយក្នុងប្រទេសបង្រួបបង្រួមជាតិកសាងនិងការពារទឹកដី នយោបាយក្រៅប្រទេស:ចងសម្ព័ន្ធមិត្តជាមួយប្រទេសធំៗវាយយករដ្ឋតូចដាក់ជាចំណុះ កត្តាសេដ្ឋកិច្ច:រីកចម្រើនលើវិស័យកសិកម្មសិប្បកម្មគណនាគម កត្តាសាសនា:ការឯកភាពគ្នារវាងសាសនាព្រាហ្មនិងព្រះពុទ្ធ កត្តាធនធានមនុស្សបន្សល់ទុកតាំងពីសម័យនគរភ្នំនិងចេនឡាមក។,កត្តាដែលធ្វើអោយសម័យអង្គររីកចម្រើនគឺ: .កត្តាព្រះរាជា:ព្រះរាជាចាប់ពីព្រះបាទជ័យវរ្ម័នទី 2 រហូតដល់ព្រះបាទជ័យវរ្ម័នទី 7 សុទ្ធសឹងតែជាស្ដេចខ្លាំងពូកែ .កត្តានយោបាយ: +នយោបាយក្នុងប្រទេស:បង្រួបបង្រួម​ កសាង និងការពារ។ +នយោបាយក្រៅប្រទេស:ចងសម្ព័ន្ធមិត្តជាមួយប្រទេសធំៗដូចជាចិននិងឥណ្ឌា និងវាយយករដ្ឋតូចដាក់ជាចំណុះ .កត្តាសេដ្ឋកិច្ច:ការរីកចម្រើនលើវិស័យកសិកម្ម សិប្បកម្ម គណនាគមន៍ .កត្តាសាសនា:មានការឯកភាពគ្នារវាងសាសនាព្រាហ្មនិងព្រះពុទ្ធ .កត្តាធនធានមនុស្សបន្សល់ទុកតាំងពីសម័យនគរភ្នំនិងចេនឡាមក។,10,10,4,1.0,0.9710717620824149,4,10,0,0
548,បុព្វហេតុអ្វីខ្លះដែលនាំឲ្យអាណាចក្រចេនឡាបែកបាក់ជាពីរគឺអាណាចក្រចេនឡាដីគោកនិងចេនឡាទឹកលិច?,បុព្វហេតុដែលនាំហើយអាណាចក្រចេនឡាបែកជាពីរគឺ -វិសាលភាពទឹកដីធំទូលាយ -ចម្បាំងអត់ឈប់ឈរ -សមន្ដរដ្ឋបះបោរចង់ផ្ដាច់ខ្លួន -វិបត្តិផ្ទៃក្នុង -ព្រះនាងជ័យទេវីគ្មានសមត្ថភាពគ្រប់គ្រង។,បុព្វហេតុដែលនាំហើយអាណាចក្រចេនឡាបែកជាពីរគឺ -វិសាលភាពទឹកដីធំទូលាយ -ចម្បាំងអត់ឈប់ឈរ -សមន្ដរដ្ឋ -វិបត្តិផ្ទៃក្នុង -ព្រះនាងជ័យទេវីគ្មានសមត្ថភាពគ្រប់គ្រង។,7,7,4,1.0,0.9524906353448631,4,7,0,0
549,តើកត្តាអ្វីខ្លះដែលធ្វើអោយសម័យអង្គររីកចម្រើនដល់កំពូល?​ ចូលរៀបរាប់។,កត្តាដែលធ្វើអោយសម័យអង្គររីកចម្រើនគឺ: កត្តាព្រះរាជា:ព្រះរាជាចាប់ពីព្រះបាទជ័យវរ្ម័នទី 2 រហូតដល់ព្រះបាទជ័យវរ្ម័នទី 7 សុទ្ធតែជាស្ដេចខ្លាំងពូកែ កត្តានយោបាយ: នយោបាយក្នុងប្រទេសបង្រួបបង្រួមជាតិកសាងនិងការពារទឹកដី នយោបាយក្រៅប្រទេស:ចងសម្ព័ន្ធមិត្តជាមួយប្រទេសធំៗវាយយករដ្ឋតូចដាក់ជាចំណុះ កត្តាសេដ្ឋកិច្ច:រីកចម្រើនលើវិស័យកសិកម្មសិប្បកម្មគណនាគម កត្តាសាសនា:ការឯកភាពគ្នារវាងសាសនាព្រាហ្មនិងព្រះពុទ្ធ កត្តាធនធានមនុស្សបន្សល់ទុកតាំងពីសម័យនគរភ្នំនិងចេនឡាមក។,កត្តាដែលធ្វើអោយសម័យអង្គររីកចម្រើនគឺ: .កត្តាព្រះរាជា:ព្រះរាជាចាប់ពីព្រះបាទជ័យវរ្ម័នទី 2 រហូតដល់ព្រះបាទជ័យវរ្ម័នទី 7 សុទ្ធសឹងតែជាស្ដេចខ្លាំងពូកែ .កត្តាសេដ្ឋកិច្ច: +នយោបាយក្នុងប្រទេស:បង្រួបបង្រួម​ កសាង និងការពារ។ +នយោបាយក្រៅប្រទេស:ចងសម្ព័ន្ធមិត្តជាមួយប្រទេសធំៗដូចជាចិននិងឥណ្ឌា និងវាយយករដ្ឋតូចដាក់ជាចំណុះ .កត្តាប្រទេសជាតិ:មានការរីកចម្រើនខ្លាំងខ្លា .កត្តាធនធានមនុស្សបន្សល់ទុកតាំងពីសម័យនគរភ្នំនិងចេនឡាមក។,10,9,4,0.9,0.899707400672896,4,9,0,0
550,តើឧស្សាហកម្មមានតួនាទីដូចម្ដេចខ្លះចំពោះសេដ្ឋកិច្ចជាតិ?,ឧស្សាហកម្មមាន​តួនាទីចំពោះសេដ្ឋកិច្ចជាតិដូចជា ៖ ​ _ ជួយបង្កើតថវិការជាតិ ​ _ ជួយបង្កើតទិន្នផលជាតិ ​​ _ ជួយឲ្យសេដ្ឋកិច្ចជាតិរីកចម្រើន  _ ប្រជាជនសំបូរធូរធារ  _អភិវឌ្ឍគ្រប់វិស័យ  _ មានទំនាក់ទំនងល្អជាមួយអ្នកជិតខាង  _ មានភាពរុងរឿងនៅក្នុងប្រទេសជាតិ។,ឧស្សាហកម្មមានតួនាទីចំពោះសេដ្ឋកិច្ចជាតិដូចជា ៖ _ ជួយបង្កើនប្រាក់ចំណូលជូនជាតិ23.8% ឆ្នាំ2008 _ បង្កើតការងារជូនប្រជាជន  _ បង្កើតប្រាក់ចំណូលក្នុងគ្រួសារ  _ ប្រជាជនមានជីវភាពធូរធារ _ ជួយរក្សាលំនឹងជញ្ជីងពាណិជ្ជកម្ម  _ ផ្ដល់ផលិតផលសម្រាប់នាំចេញ  _ ផ្ដល់ផលិតផលសម្រាប់ប្រើប្រាស់។,15,15,4,1.0,0.931330442416525,4,14,0,1
551,តើមូលហេតុអ្វីបានជាព្រះបាទពញាយ៉ាត ជ្រើសរើសយកចតុមុខធ្វើជារាជធានី?,បានជាព្រះបាទពញាយ៉ាតជ្រើសរើសក្រុងចតុមុខជារាជធានីព្រោះ មានទីតាំងភូមិសាស្ត្រល្អ គេចពីសត្រូវឈ្លានពានសៀម ដីមានជីវជាតិងាយស្រួលក្នុងការធ្វើកសិកម្ម ជាទីប្រសព្វនៃជំនួសទាំងផ្លូវគោកនិងផ្លូវទឹក សម្បូរផ្លូវក្នុងការធ្វើកសិកម្មនិងជំនួញ ភាពខាងត្បូងដីមានប្រជាជនច្រើននិងធនធានដើម្បីកសាងសេដ្ឋកិច្ចជាតិ។,បានជាព្រះបាទពញាយ៉ាតជ្រើសរើសក្រុងចតុមុខជារាជធានីព្រោះ មានទីតាំងភូមិសាស្ត្រល្អ គេចពីសត្រូវឈ្លានពានសៀម ដីមានជីវជាតិងាយស្រួលក្នុងការធ្វើកសិកម្ម ជាទីប្រសព្វនៃជំនួសទាំងផ្លូវគោកនិងផ្លូវទឹក សម្បូរផ្លូវក្នុងការធ្វើកសិកម្មនិងជំនួញ ភាគខាងត្បូងដីមានប្រជាជនច្រើននិងធនធានដើម្បីកសាងសេដ្ឋកិច្ចជាតិ។,10,10,4,1.0,0.9823058896941397,4,10,0,0
552,ចូរនិយាយពីកំណកាម៉ែតញី។,ការស្ថិតនៅក្រោមសារពាង្គកាយនៃពងស្វាសមានសារៈសំខាន់ដូចជាដើម្បីរក្សាសីតុណ្ហភាពឲ្យ ទាបជាងសីតុណ្ហភាពក្នុងខ្លួន ប្រហែលពី(2-3)សីតុណ្ហភាពក្នុងខ្លួន37 ។,កំណកាម៉ែតញីដំបូងកោសិកាពូជមួយរួមចំណែកពីរដងបន្តបន្ទាប់គ្នា បានកោសិកាអូវ៉ូកូរី4 ។ អូវ៉ូកូរីនីមួយៗរីកមាឌអាចជាអូវ៉ូស៊ីត1 ។អូវ៉ូស៊ីតមួយរងចំណែកមួយនៃមេយោធាហើយត្រូវបាន ឈប់គាំងនៅវគ្គប្រផ្ដាស1 ។ក្រោយមកពេលគ្រប់អូវ៉ូស៊ីតមួយបន្តធ្វើចំណែកហើយត្រូវបានបញ្ចប់ នៅរយៈពេល6ម៉ោង ។,10,6,2,0.6,0.45928667498381326,2,5,0,1
553,ហេតុអ្វីបានជាមនុស្សស្រូបយកខ្យល់ដែលមានកាបូនម៉ណូអុកស៊ីតអាចបង្កគ្រោះថ្នាក់ដល់ស្លាប់បាន?,បានជាមនុស្សស្រូបយកខ្យល់ដែលមានកាបូនម៉ូណូអុកស៊ីដអាចបង្កឲ្យមានគ្រោះថ្នាក់ដល់ស្លាប់ បានព្រោះកាបូនម៉ូណូអុកស៊ីដមានសមត្ថភាពចាប់យក ក្នុងឈាមបានខ្លាំងជាងអុកស៊ីសែន វារារាំងឈាមមិនឲ្យដឹកនាំអុកស៊ីសែនទៅចិញ្ចឹមសរីរាង្គជាពិសេសខួរក្បាលដែលបណ្តាលឲ្យ ស្លាប់និង សន្លប់ ។,បានជាមនុស្សស្រូបយកខ្យល់ដែលមានកាបូនម៉ូណូអុកស៊ីដអាចបង្កឲ្យមានគ្រោះថ្នាក់ដល់ស្លាប់ បានព្រោះកាបូនម៉ូណូអុកស៊ីដមានសមត្ថភាពចាប់យក ក្នុងឈាមបានខ្លាំងជាងអុកស៊ីសែន វារារាំងឈាមមិនឲ្យដឹកនាំអុកស៊ីសែនទៅចិញ្ចឹមសរីរាង្គជាពិសេសខួរក្បាលដែលបណ្តាលឲ្យ ស្លាប់និង សន្លប់ ។,5,4,3,0.8,0.8233145449565399,3,4,0,0
554,ដូចម្តេចដែលហៅថាមេយ៉ូស? ចូរនិយាយពីវគ្គផ្សេងៗនៃមេយ៉ូស។,មេយ៉ូសជាសំណុំនៃចំណែកកោសិកាពីរដងបន្តបន្ទាប់គ្នាដែលបង្កើតបានជាកោសិកាអាលូអុីតបួន ហៅថាមេយ៉ូស ។ _តេឡូផាស1 ស៊ីតូប្លាសចែកខ្លួនបានជាកោសិកាកូនពីរ ។កោសិកាកូននីមួយៗទទួលបានក្រូម៉ូសូម តែមួយពីរគូអូម៉ូឡូក ។ _ប្រផាស1 មានរយៈពេលវែង ។ _អាណាផាស1 ក្រូម៉ូសូមដំរៀបលើផ្លាស់ភ្ជាប់នឹងក្រយ៉ូងក្រូម៉ាទិចដោយសង់ក្រូងទ័ររបស់វា ។ _តេឡូផាស2 ក្រូម៉ូមនីមួយៗបានមកដល់ប៉ូលភ្នាស _មេតាផាស2 ក្រូម៉ូសូមប្រេះតាមបណ្ដោយភ្ជាប់ខ្លួនទៅនិងក្រយ៉ងក្រូម៉ាទិចដោយសង់ _ប្រូដាស2 ត្តយ៉ងអាក្រូម៉ាទិតកើតមានក្នុងកោសិកាគូនីមួយៗ _អាណាផាស2 សង់ក្រូម៉ែធ្វើចំណែកដែលនាំអោយក្រូម៉ាទិចបងប្អូនដាច់ចេញពីគ្នា ។បន្ទាប់មក ក្រូម៉ូសូមកូនទាំង2ធ្វើដំណើរឆ្ពោះទៅប៉ូលផ្ទុយគ្នារបស់ត្រយ៉ូងអាក្រូម៉ាទិច ។,មេយ៉ូសជាសំណុំនៃចំណែកកោសិកាពីរដងបន្តបន្ទាប់គ្នាដែលបង្កើតបានជាកោសិកាអាលូអុីតបួន ហៅថាមេយ៉ូស ។មានបួនវគ្គគឺ ប្រូផាស អាណាផាស មេតាផាស និង តេឡូផាស ។,10,5,2,0.5,0.422988575228037,1,4,1,1
555,តើមូលហេតុអ្វីបានជាព្រះបាទពញាយ៉ាត ជ្រើសរើសយកចតុមុខធ្វើជារាជធានី?,បានជាព្រះបាទពញាយ៉ាតជ្រើសរើសក្រុងចតុមុខជារាជធានីព្រោះ មានទីតាំងភូមិសាស្ត្រល្អ គេចពីសត្រូវឈ្លានពានសៀម ដីមានជីវជាតិងាយស្រួលក្នុងការធ្វើកសិកម្ម ជាទីប្រសព្វនៃជំនួសទាំងផ្លូវគោកនិងផ្លូវទឹក សម្បូរផ្លូវក្នុងការធ្វើកសិកម្មនិងជំនួញ ភាពខាងត្បូងដីមានប្រជាជនច្រើននិងធនធានដើម្បីកសាងសេដ្ឋកិច្ចជាតិ។,បានជាព្រះបាទពញាយ៉ាតជ្រើសរើសក្រុងចតុមុខជារាជធានីព្រោះ មានទីតាំងភូមិសាស្ត្រល្អ គេចពីសត្រូវឈ្លានពានសៀម ដីមានជីវជាតិងាយស្រួលក្នុងការធ្វើកសិកម្ម ជាទីប្រសព្វនៃជំនួសទាំងផ្លូវគោកនិងផ្លូវទឹក សម្បូរផ្លូវក្នុងការធ្វើកសិកម្មនិងជំនួញ ភាពខាងត្បូងដីមានប្រជាជនច្រើននិងធនធានដើម្បីកសាងសេដ្ឋកិច្ចជាតិ។,10,10,4,1.0,0.9827668995036225,4,10,0,0
556,បុព្វហេតុអ្វីខ្លះដែលនាំឲ្យអាណាចក្រចេនឡាបែកបាក់ជាពីរគឺអាណាចក្រចេនឡាដីគោកនិងចេនឡាទឹកលិច?,បុព្វហេតុដែលនាំហើយអាណាចក្រចេនឡាបែកជាពីរគឺ -វិសាលភាពទឹកដីធំទូលាយ -ចម្បាំងអត់ឈប់ឈរ -សមន្ដរដ្ឋបះបោរចង់ផ្ដាច់ខ្លួន -វិបត្តិផ្ទៃក្នុង -ព្រះនាងជ័យទេវីគ្មានសមត្ថភាពគ្រប់គ្រង។,បុព្វហេតុដែលនាំហើយអាណាចក្រចេនឡាបែកជាពីរគឺ -វិសាលភាពទឹកដីធំទូលាយ -ចម្បាំងអត់ឈប់ឈរ -សមន្ដរដ្ឋបះបោរចង់ផ្ដាច់ខ្លួន -វិបត្តិផ្ទៃក្នុង -ព្រះនាងជ័យទេវីគ្មានសមត្ថភាពគ្រប់គ្រង។,7,7,4,1.0,0.9774278816832895,4,7,0,0
557,តើព្រះអង្គឌួងមានស្នាព្រហស្ថអ្វីខ្លះចំពោះប្រទេសជាតិនិងប្រជារាស្ត្រខ្មែរ?,ព្រះបាទអង្គឌួងមានស្នាព្រហស្តដូចជាផ្នែករដ្ឋបាលរៀបចំប្រព័ន្ធរដ្ឋបាលនិងច្បាប់ទម្លាប់ស្ដារឡើងវិញមានរបៀបផ្នែកសេដ្ឋកិច្ចលើកស្ទួយវិស័យកសិកម្មជួសជុលប្រព័ន្ធ សេះនិងពាណិជ្ជកម្ម ភ្នែកបរទេសស្វែងរកជំនួយពីបារាំងដើម្បីទប់ទល់នឹងការត្រួតត្រាយួននិងសៀម ផ្នែកវប្បធម៌លើកស្ទួយវប្បធម៌អក្សរសាស្ត្រខ្មែរនិង សាសនា កត្តាផ្ទៃក្នុង ការបែកបាក់រាជវង្សានុវង្សបែកបាក់សាមគ្គី។,ព្រះបាទអង្គឌួងមានស្នាព្រហស្តដូចជាការពារទឹកដីខ្មែរពីចូលសៀមនិងយួនទាក់ទងជាមួយបារាំងដើម្បីការពារប្រទេសខ្មែរ កសាងក្រុងឧដុង្គកំពង់ដែនកំពតកំពង់ហ្លូង កសាងគមនាគមន៍កសាងវប្បធម៌ខ្មែរវត្តអារាមសាលារៀនសាកលវិទ្យាល័យអក្សរសាស្ត្រ អក្សរសាស្ត្រកំណាព្យ ច្បាប់ស្រី។,15,15,4,1.0,0.9536203811503503,4,14,0,1
558,ហេតុអ្វីបានជាមនុស្សស្រូបយកខ្យល់ដែលមានកាបូនម៉ណូអុកស៊ីតអាចបង្កគ្រោះថ្នាក់ដល់ស្លាប់បាន?,បានជាមនុស្សស្រូបយកខ្យល់ដែលមានកាបូនម៉ូណូអុកស៊ីដអាចបង្កឲ្យមានគ្រោះថ្នាក់ដល់ស្លាប់ បានព្រោះកាបូនម៉ូណូអុកស៊ីដមានសមត្ថភាពចាប់យក ក្នុងឈាមបានខ្លាំងជាងអុកស៊ីសែន វារារាំងឈាមមិនឲ្យដឹកនាំអុកស៊ីសែនទៅចិញ្ចឹមសរីរាង្គជាពិសេសខួរក្បាលដែលបណ្តាលឲ្យ ស្លាប់និង សន្លប់ ។,បានជាមនុស្សស្រូបយកខ្យល់ដែលមានកាបូនម៉ូណូអុកស៊ីដអាចបង្កឲ្យមានគ្រោះថ្នាក់ដល់ស្លាប់បាន ព្រោះកាបូនម៉ូណូអុកស៊ីដមានសមត្ថភាពចាប់យក ក្នុងឈាមបានខ្លាំងជាងអុកស៊ីសែនវារារាំង ឈាមមិនឲ្យដឹកនាំអុកស៊ីសែនទៅចិញ្ចឹមសរីរាង្គជាពិសេសខួរក្បាលដែលបណ្តាលឲ្យស្លាប់និង សន្លប់ ។,5,4,3,0.8,0.8183961980217068,3,4,0,0
559,ហេតុអ្វីបានជាមនុស្សស្រូបយកខ្យល់ដែលមានកាបូនម៉ណូអុកស៊ីតអាចបង្កគ្រោះថ្នាក់ដល់ស្លាប់បាន?,បានជាមនុស្សស្រូបយកខ្យល់ដែលមានកាបូនម៉ូណូអុកស៊ីដអាចបង្កឲ្យមានគ្រោះថ្នាក់ដល់ស្លាប់ បានព្រោះកាបូនម៉ូណូអុកស៊ីដមានសមត្ថភាពចាប់យក ក្នុងឈាមបានខ្លាំងជាងអុកស៊ីសែន វារារាំងឈាមមិនឲ្យដឹកនាំអុកស៊ីសែនទៅចិញ្ចឹមសរីរាង្គជាពិសេសខួរក្បាលដែលបណ្តាលឲ្យ ស្លាប់និង សន្លប់ ។,បានជាមនុស្សស្រូបយកខ្យល់ដែលមានកាបូនម៉ូណូអុកស៊ីតអាចបង្កគ្រោះថ្នាក់ដល់ស្លាប់បានគឺ ឧស្ម័នកាបូនម៉ូណូអុកស៊ីតជាឧស្ម័នពុល ។,5,4,3,0.8,0.5689683653894242,2,3,1,1
560,តើសេដ្ឋកិច្ចកម្ពុជាពឹងផ្អែកលើវិស័យអ្វីជាសំខាន់?     ក/ ហេតុអ្វីបានជាគេនិយាយថាកម្ពុជាជាប្រទេសកសិកម្ម?     ខ/ តើគេចែកកសិករជាប៉ុន្មានប្រភេទ?អ្វីខ្លះ?,សេដ្ឋកិច្ចកម្ពុជាពឹងផ្អែកលើវិស័យកសិកម្មជាសំខាន់។   ក/ បានជាគេនិយាយថាកម្ពុជាជាប្រទេសឧស្សាហកម្មព្រោះ៖  _  សណ្ឋានដី : ដីមានជីវជាតិល្អនិងសម្បូរទំនាបល្បាប់   _ ផ្លូវទឹក : ផ្លូវទឹកខ្វាត់ខ្វែងងាយស្រួលដល់ការដាំដុះ  _ ប្រជាជន : ប្រជាជនខ្មែរភាគច្រើនចូលចិត្តធ្វើកសិកម្ម  _ អាកាសធាតុ : ទទួលអាកាសធាតុក្តៅសើម  _ កសិកម្មផ្តល់ផល50%នៃផលិតផលជាតិសរុប។  ខ/ គេចែកកសិករទាំងនោះជា4ប្រភេទគឺ៖  _ កសិករធ្វើស្រែឬអ្នកស្រែ : និយមធ្វើស្រែ ស្រូវប្រាំង ស្រូវវស្សា ស្រូវឡើងទឹក  _ កសិករតំបន់ដីខ្ពស់ : គេដាំដំណាំជាអចិន្ត្រៃយ៍(ពោត ដំឡូង ចេក កៅស៊ូសណ្តែក)  _ កសិករធ្វើចម្ការដំណាំស្រូវ : គេដាំដំណាំតាមមាត់ទន្លេ ចិញ្ចឹមសត្វនិងនេសាទ  _ កសិករភូមិភាគឦសាន: គេធ្វើដំណាំព្រៃដុតមានដូចជាពោត ដំឡូង ស្រូវរុក្ខជាតិយកមើមដទៃទៀត និងបរបាញ់សត្វផងដែរ។,សេដ្ឋកិច្ចកម្ពុជាពឹងផ្អែកលើវិស័យកសិកម្មជាសំខាន់៖ ក.បានជាគេនិយាយថាកម្ពុជាជាប្រទេសកសិកម្មព្រោះជាវិស័យកសិកម្មជាប្រភពចំណូលជាតិដែលធ្វើឲ្យប្រទេសអភិវឌ្ឍន៍បានរីកចម្រើនជាងគេហើយក៏ដោយសារប្រជាជនភាគ ច្រើនជាកសិករដែលរស់នៅទីជនបទហើយម្យ៉ាងទៀត ប្រទេសកម្ពុជាមានសណ្ឋានដីជាតំបន់វាសទំនងនិងខ្ពស់រាបដែលសម្បូរទៅដោយដីមានជីវជាតិដែលអាចដាំដុះបន្លែផ្លែឈើនិងដំណាំផ្សេងៗបានយ៉ាងល្អ។ ខ.គេបែងចែកកសិករទាំងនោះជាបីផ្នែក៖ +អ្នកបង្ករបង្កើនផលមានតួនាទីបង្កើតនិងដាំដុះនូវគ្រាប់ពូជនិងពន្លកឲ្យលូតលាស់។ +អ្នកថែទាំ:គឺជាអ្នកថែរក្សាកសិកម្មឲ្យមានទិន្នផលល្អប្រសើរជាផុតពីការយើសយីពីសត្វល្អិតផ្សេងៗនិងការលិចទឹកការបាត់បង់ទឹកជាដើម។ +អ្នកប្រមូល:គឺជាអ្នកដែលចាប់ផ្ដើមប្រមូលនូវទិន្នផលកសិកម្មដែលដល់ពេលចូលរដូវការប្រមូលផល។,20,10,2,0.5,0.5035342696038623,2,10,0,0
561,ចូររៀបរាប់ពីទំនាក់ទំនងរវាងការដាំដុះ​ អាជីវកម្មព្រៃឈើ និងការនេសាទ។,ទំនាក់ទំនងរវាងការដាំដុះ អាជីវកម្មព្រៃឈើ និងការនេសាទមានដូចជា៖ -ការដាំដុះដោយប្រើជីធម្មជាតិ -ការប្រើប្រាស់ជីគីមី -ដាំដុះនិងធ្វើតាមរដូវ -អាជីវកម្មព្រៃឈើ -ការកាប់បំផ្លាញព្រៃឈើ -ការដុតព្រៃឈើ -ការកាប់ឈើយកទៅធ្វើអាជីវកម្ម +ការនេសាទ -ការនេសាទត្រីពេលត្រីពក -ការនេសាទដោយប្រើអគ្គិសនី -ការនេសាទហួសកម្រិត -ការនេសាទគឺជាមុខរបរប្រចាំថ្ងៃាបស់ប្រជាជន -នឹងជាអាហារប្រចាំថ្ងៃរបស់ប្រជាជន -ការនេសាទធ្វើប្រជាជនមានមុខរបររកស៊ីត្រឹមត្រូវ -ការនេសាទប្រើប្រាស់ឧបករណ៍នេសាទខុសច្បាប់ -ការបំផ្លាញជំរកត្រី -ការបកហូរទឹកចេញពី,រៀបរាប់ពីទំនាក់ទំនងនៃការដាំដុះ អាជីវកម្មព្រៃឈើ និងការនេសាទ៖ -ការដាំដុះមានការទទួលបានទិន្នន័យទៅតាមរដូវផ្សេងៗជួនទទួកបានតិចជួនទទួលបានច្រើន វាអាស្រ័យទៅតាមរដូវទាមទារឲ្យបាន ការថែទាំជានឿយៗ ហើយក៏មានផលពិបាកខ្លះដែរ។ -អាជីវកម្មព្រៃឈើ ការធ្វើអាជីវកម្មព្រៃឈើអាចធ្វើឲ្យ​បាត់បង់ព្រៃឈើមួយដ៏ធំនៅក្នុងប្រទេស។ អាជីវកម្មនេះបានធ្វើឲ្យបាត់បង់នូវ ជម្រកសត្វព្រៃអាចធ្វើឲ្យងាយជួបគ្រោះផ្សេងៗដែលនិងកើតឡើងប្រសិនបើការធ្វើអាជីវកម្មព្រៃឈើហួសហេតុពេក។ -ការនេសាទៈការនេសាទអាចជួយចិញ្ចឹមមនុស្ស។,15,2,1,0.1333333333333333,0.24385062474611513,1,4,0,2
562,ចូរនិយាយពីកំណកាម៉ែតញី។,ការស្ថិតនៅក្រោមសារពាង្គកាយនៃពងស្វាសមានសារៈសំខាន់ដូចជាដើម្បីរក្សាសីតុណ្ហភាពឲ្យ ទាបជាងសីតុណ្ហភាពក្នុងខ្លួន ប្រហែលពី(2-3)សីតុណ្ហភាពក្នុងខ្លួន37 ។,កំណកាម៉ែតញីដំបូងកោសិកាពូជមួយរួមចំណែកពីរដងបន្តបន្ទាប់គ្នា បានកោសិកាអូវ៉ូកូរី4 ។ អូវ៉ូកូរីនីមួយៗរីកមាឌអាចជាអូវ៉ូស៊ីត1 ។អូវ៉ូស៊ីតមួយរងចំណែកមួយនៃមេយោធាហើយត្រូវបាន ឈប់គាំងនៅវគ្គប្រផ្ដាស1 ។ក្រោយមកពេលគ្រប់អូវ៉ូស៊ីតមួយបន្តធ្វើចំណែកហើយត្រូវបានបញ្ចប់ នៅរយៈពេល6ម៉ោង ។,10,5,2,0.5,0.45928667498381326,2,5,0,0
563,បុព្វហេតុអ្វីខ្លះដែលនាំឲ្យអាណាចក្រចេនឡាបែកបាក់ជាពីរគឺអាណាចក្រចេនឡាដីគោកនិងចេនឡាទឹកលិច?,បុព្វហេតុដែលនាំហើយអាណាចក្រចេនឡាបែកជាពីរគឺ -វិសាលភាពទឹកដីធំទូលាយ -ចម្បាំងអត់ឈប់ឈរ -សមន្ដរដ្ឋបះបោរចង់ផ្ដាច់ខ្លួន -វិបត្តិផ្ទៃក្នុង -ព្រះនាងជ័យទេវីគ្មានសមត្ថភាពគ្រប់គ្រង។,បុព្វហេតុដែលនាំហើយអាណាចក្រចេនឡាបែកជាពីរគឺ -សង្រ្គាមអត់ឈប់ឈរ -វិបត្តិផ្ទៃក្នុង -ព្រះនាងជ័យទេវីគ្មានសមត្ថភាពគ្រប់គ្រង។,7,5,3,0.7142857142857143,0.7965521922123305,3,6,0,1
564,តើការស្ថិតនៅក្រៅសារពាង្គកាយនៃពងស្វាសមានសារៈសំខាន់ដូចម្តេច?,ការស្ថិតនៅក្រោមសារពាង្គកាយនៃពងស្វាសមានសារៈសំខាន់ដូចជាដើម្បីរក្សាសីតុណ្ហភាពឲ្យ ទាបជាងសីតុណ្ហភាពក្នុងខ្លួន ប្រហែលពី(2-3)សីតុណ្ហភាពក្នុងខ្លួន37 ។,ការស្ថិតនៅក្រោមសារពាង្គកាយនៃពងស្វាសមានសារៈសំខាន់ក្នុងការផលិតអរម៉ូនភេទឈ្មោលនិង បង្កើតស្ពែម៉ាតូសូអ៊ីត ។,10,3,1,0.3,0.23129128515202507,1,2,0,1
565,ចូរនិយាយពីកំណកាម៉ែតញី។,ការស្ថិតនៅក្រោមសារពាង្គកាយនៃពងស្វាសមានសារៈសំខាន់ដូចជាដើម្បីរក្សាសីតុណ្ហភាពឲ្យ ទាបជាងសីតុណ្ហភាពក្នុងខ្លួន ប្រហែលពី(2-3)សីតុណ្ហភាពក្នុងខ្លួន37 ។,កំណកាម៉ែតញីដំបូងកោសិកាពូជមួយរួមចំណែកពីរដងបន្តបន្ទាប់គ្នា បានកោសិកាអូវ៉ូកូរី4 ។ អូវ៉ូកូរីនីមួយៗរីកមាឌអាចជាអូវ៉ូស៊ីត1 ។អូវ៉ូស៊ីតមួយរងចំណែកមួយនៃមេយោធាហើយត្រូវបាន ឈប់គាំងនៅវគ្គប្រផ្ដាស1 ។ក្រោយមកពេលគ្រប់អូវ៉ូស៊ីតមួយបន្តធ្វើចំណែកហើយត្រូវបានបញ្ចប់ នៅរយៈពេល6ម៉ោងមុនដំណើរអូវ៉ុលនិងធ្លាក់មកក្រៅជាអូវ៉ូស៊ីត2 ។ប្រសិនបើជួបស្ពែម៉ាតូសូអុីត បង្កើតបានជាអូវុល ។,10,8,3,0.8,0.8463191870338105,3,8,0,0
566,ហេតុអ្វីបានជាផ្នែកឯកជនជាកម្លាំងដ៏សំខាន់សម្រាប់វិនិយោគ និងធ្វើឲ្យមានកំណើនសេដ្ឋកិច្ចក្នុងប្រទេស?,បានជាផ្នែកឯកជនជាកម្លាំងដ៏សំខាន់សម្រាប់កំណើនសេដ្ឋកិច្ចកម្ពុជាព្រោះ -កម្ពុជាបានអនុវត្តសេដ្ឋកិច្ចទីផ្សារសេរីដោយបានធ្វើកំណែទម្រង់ពីសហគ្រាសរដ្ឋឲ្យក្លាយទៅជាកម្មសិទ្ធិឯកជន -សេដ្ឋកិច្ចទីផ្សារសេរីនាំឲ្យអ្នករកស៊ីចូលចិត្តមករកស៊ីនិងដាក់វិនិយោគទុន -កាលណាភ្នែកឯកជនរឹងមាំអាចជួយបំពេញបន្ថែមលើវិនិយោគសាធារណៈក្នុងវិស័យសេដ្ឋកិច្ចគឺផ្នែកឯកជនអាចស្រូបយកកម្លាំងពលកម្មកើនឡើង។,បានជាផ្នែកឯកជនជាកម្លាំងដ៏សំខាន់សម្រាប់វិនិយោគនិងធ្វើឲ្យមានកំណើនសេដ្ឋកិច្ចក្នុងប្រទេសព្រោះកម្ពុជា ជាប្រទេសអនុវត្តន៍សេដ្ឋកិច្ចទីផ្សារសេរីដោយបានធ្វើកំណែទម្រង់សហគ្រាសឲ្យក្លាយទៅជាកម្មសិទ្ធិឯកជន។ សេដ្ឋកិច្ច ទីផ្សារសេរីបាននាំឲ្យអ្នករកស៊ីបរទេសចូលចិត្តមកពីនិយមហើយកាលណាផ្នែកឯកជនរឹងមាំបំពេញបន្ថែមវិនិយោគ សាធារណៈក្នុងវិស័យសង្គមកិច្ចមានន័យថាវិស័យឯកជនអាចស្រូបយកកម្លាំងការងារកាន់តែច្រើនឡើង។,15,15,4,1.0,0.8770526849160765,4,13,0,2
567,ចូរនិយាយពីកំណកាម៉ែតញី។,ការស្ថិតនៅក្រោមសារពាង្គកាយនៃពងស្វាសមានសារៈសំខាន់ដូចជាដើម្បីរក្សាសីតុណ្ហភាពឲ្យ ទាបជាងសីតុណ្ហភាពក្នុងខ្លួន ប្រហែលពី(2-3)សីតុណ្ហភាពក្នុងខ្លួន37 ។,កំណកាម៉ែតញីដំបូងកោសិកាពូជមួយរួមចំណែកពីរដងបន្តបន្ទាប់គ្នា បានកោសិកាអូវ៉ូកូរី4 ។ អូវ៉ូកូរីនីមួយៗរីកមាឌអាចជាអូវ៉ូស៊ីត1 ។អូវ៉ូស៊ីតមួយរងចំណែកមួយនៃមេយោធាហើយត្រូវបាន ឈប់គាំងនៅវគ្គប្រផ្ដាស1 ។ក្រោយមកពេលគ្រប់អូវ៉ូស៊ីតមួយបន្តធ្វើចំណែកហើយត្រូវបានបញ្ចប់ នៅរយៈពេល6ម៉ោង ។,10,6,2,0.6,0.45928667498381326,2,5,0,1
568,តើប្រព័ន្ធផលិតកម្មកសិកម្មនៅក្នុងប្រទេសកម្ពុជាមានអ្វីខ្លះ?ចូររៀបរាប់​ ។,ប្រព័ន្ធផលិតកម្មកសិកម្មនៅប្រទេសកម្ពុជាមាន៖    _ ដំណាំ : ដំណាំស្រូវ ដំណាំកៅស៊ូ ដំណាំផ្សេងៗទៀត    _ ការចិញ្ចឹមសត្វ : ការចិញ្ចឹមសត្វលើគោក ការចិញ្ចឹមសត្វក្នុងទឹក    _ ការនេសាទ : ការនេសាទទឹកសាប ការនេសាទទឹកប្រៃ  _ ព្រៃឈើ : ផលិតផលឈើ អនុផលព្រៃឈើ(រកឃ្មុំ ជ័រទឹក វល្លិ៍ ផ្តៅ) សត្វព្រៃ ។,ប្រព័ន្ធផលិតកម្មនៅប្រទេសកម្ពុជារួមមាន៖ -ការដាំស្រូវកៅស៊ូនិងដំណាំផ្សេងផ្សេងនិង +នេសាទនេសាទទឹកសាបដែលនេសាទត្រីការ -ចិញ្ចឹមសត្វចិញ្ចឹមសត្វលើគោកជើងទឹក  -ការយកឃ្មំុ  -ការកាប់ព្រៃឈើ។,10,10,4,1.0,0.8969044365031219,4,9,0,1
569,តើកត្តាអ្វីខ្លះដែលធ្វើអោយសម័យអង្គររីកចម្រើនដល់កំពូល?​ ចូលរៀបរាប់។,កត្តាដែលធ្វើអោយសម័យអង្គររីកចម្រើនគឺ: កត្តាព្រះរាជា:ព្រះរាជាចាប់ពីព្រះបាទជ័យវរ្ម័នទី 2 រហូតដល់ព្រះបាទជ័យវរ្ម័នទី 7 សុទ្ធតែជាស្ដេចខ្លាំងពូកែ កត្តានយោបាយ: នយោបាយក្នុងប្រទេសបង្រួបបង្រួមជាតិកសាងនិងការពារទឹកដី នយោបាយក្រៅប្រទេស:ចងសម្ព័ន្ធមិត្តជាមួយប្រទេសធំៗវាយយករដ្ឋតូចដាក់ជាចំណុះ កត្តាសេដ្ឋកិច្ច:រីកចម្រើនលើវិស័យកសិកម្មសិប្បកម្មគណនាគម កត្តាសាសនា:ការឯកភាពគ្នារវាងសាសនាព្រាហ្មនិងព្រះពុទ្ធ កត្តាធនធានមនុស្សបន្សល់ទុកតាំងពីសម័យនគរភ្នំនិងចេនឡាមក។,កត្តាដែលធ្វើអោយសម័យអង្គររីកចម្រើនគឺ: កត្តាព្រះរាជា:ព្រះរាជាចាប់ពីព្រះបាទជ័យវរ្ម័នទី 2 រហូតដល់ព្រះបាទជ័យវរ្ម័នទី 7 សុទ្ធសឹងតែជាស្ដេចខ្លាំងពូកែ កត្តានយោបាយ: នយោបាយក្នុងប្រទេសបង្រួបបង្រួមជាតិកសាងនិងការពារទឹកដី នយោបាយក្រៅប្រទេស:ចងសម្ព័ន្ធមិត្តជាមួយប្រទេសធំៗវាយយករដ្ឋតូចដាក់ជាចំណុះ កត្តាសេដ្ឋកិច្ច:រីកចម្រើនលើវិស័យកសិកម្មសិប្បកម្មគណនាគមន៍ កត្តាសាសនា:ការឯកភាពគ្នារវាងសាសនាព្រាហ្មនិងព្រះពុទ្ធ កត្តាធនធាន:មនុស្សបន្សល់ទុកតាំងពីសម័យនគរភ្នំនិងចេនឡាមក។,10,10,4,1.0,0.971431158487333,4,10,0,0
570,តើឧស្សាហកម្មមានតួនាទីដូចម្ដេចខ្លះចំពោះសេដ្ឋកិច្ចជាតិ?,ឧស្សាហកម្មមាន​តួនាទីចំពោះសេដ្ឋកិច្ចជាតិដូចជា ៖ ​ _ ជួយបង្កើតថវិការជាតិ ​ _ ជួយបង្កើតទិន្នផលជាតិ ​​ _ ជួយឲ្យសេដ្ឋកិច្ចជាតិរីកចម្រើន  _ ប្រជាជនសំបូរធូរធារ  _អភិវឌ្ឍគ្រប់វិស័យ  _ មានទំនាក់ទំនងល្អជាមួយអ្នកជិតខាង  _ មានភាពរុងរឿងនៅក្នុងប្រទេសជាតិ។,ឧស្សាហកម្មមានទេចំពោះសេដ្ឋកិច្ចជាតិដូចជា ជួយបង្កើនប្រាក់ចំណូលចូលចូលជាតិម្ភៃបីក្បៀសប្រាំបីភាគរយឆ្នាំពីរពាន់ប្រាំបី បង្កើតការងារជូនដល់ប្រជាជនផ្តល់ប្រាក់ចំណូលក្នុងគ្រួសារ ប្រជាជនមានជីវភាពធូរធារ  ជួយរក្សាលំនឹងចេញចេញពាណិជ្ជកម្ម ផ្ដល់ផលិតផលសម្រាប់នាំចេញផ្តល់ផលិតផលសម្រាប់ប្រើប្រាស់។,15,5,1,0.3333333333333333,0.3134779157569366,1,5,0,0
571,តើប្រព័ន្ធផលិតកម្មកសិកម្មនៅក្នុងប្រទេសកម្ពុជាមានអ្វីខ្លះ?ចូររៀបរាប់​ ។,ប្រព័ន្ធផលិតកម្មកសិកម្មនៅប្រទេសកម្ពុជាមាន៖    _ ដំណាំ : ដំណាំស្រូវ ដំណាំកៅស៊ូ ដំណាំផ្សេងៗទៀត    _ ការចិញ្ចឹមសត្វ : ការចិញ្ចឹមសត្វលើគោក ការចិញ្ចឹមសត្វក្នុងទឹក    _ ការនេសាទ : ការនេសាទទឹកសាប ការនេសាទទឹកប្រៃ  _ ព្រៃឈើ : ផលិតផលឈើ អនុផលព្រៃឈើ(រកឃ្មុំ ជ័រទឹក វល្លិ៍ ផ្តៅ) សត្វព្រៃ ។,ប្រព័ន្ធផលិតកម្មកសិកម្មនៅប្រទេសកម្ពុជាមាន៖  _ កសិកម្ម = គឺជាការដាំដុះ ការចិញ្ចឹមសត្វ ការនេសាទ ការដាំដុះ និងផលអនុផលព្រៃឈើ ។ _ ឧស្សាហកម្ម = គឺជាការផលិតរបស់ប្រើប្រាស់ ដើម្បីបម្រើតម្រូវការប្រជាជនក្នុងការប្រើប្រាស់ប្រចាំថ្ងៃ ។ _ ពាណិជ្ជកម្ម = គឺជាការធ្វើជំនួញ ការដោះដូរផលិតផល ការលក់ដូរ ការនាំចេញ និងនាំចូល ។ _ ទេសចរណ៍ = គឺជាការរកចំណូលបានពីភ្ញៀវទេសចរដែលមកកម្សាន្តនៅក្នុងប្រទេស ។ _ គមនាគមន៍ =,10,3,1,0.3,0.3427257205581679,1,3,0,0
572,តើគេចែកយុគសម័យបុរេប្រវត្តិសាស្ត្រកម្ពុជាជាប៉ុន្មានយុគសម័យ?អ្វីខ្លះ?,គេចែកយុគសម័យបុរេប្រវត្តិសាស្ត្រកម្ពុជាជាបីយុគសម័យគឺ -យុគថ្មបំបែក (600000 - 12000 ឆ្នាំមុនគ.ស) -យុគថ្មរលីងឬសំលៀង (8000 - 2000 ឆ្នាំមុនគ.ស) -យុគលោហៈ(2000-100 ឆ្នាំមុនគ.ស)។,គេចែកយុគសម័យបុរេប្រវត្តិសាស្ត្រកម្ពុជាជាបីយុគសម័យគឺ -យុគថ្មបំបែក (600000 - 12000 ឆ្នាំមុនគ.ស) -យុគថ្មរលីងឬសំលៀង (8000 - 2000 ឆ្នាំមុនគ.ស) -យុគលោហៈ(2000-100 ឆ្នាំមុនគ.ស)។,5,5,4,1.0,0.9891445407849986,4,5,0,0
573,ចូរនិយាយពីកំណកាម៉ែតញី។,ការស្ថិតនៅក្រោមសារពាង្គកាយនៃពងស្វាសមានសារៈសំខាន់ដូចជាដើម្បីរក្សាសីតុណ្ហភាពឲ្យ ទាបជាងសីតុណ្ហភាពក្នុងខ្លួន ប្រហែលពី(2-3)សីតុណ្ហភាពក្នុងខ្លួន37 ។,កំណកាម៉ែនញី ដំបូងកោសិកាពូជមួយរកចម្ងាយពីរដងទម្លាប់គ្នាបានកោសិកាអូវ៉ូកូនី4 ។អូវុលរីក មាឌក្លាយជាអូវូស៊ីត1 ។អូវ៉ូស៊ីតមួយរងចំណែកមួយនៃមេយ៉ូសហើយត្រូវបានជាប់គាំងនៅចុង វគ្គមួយ ។,10,5,2,0.5,0.4071970472080893,1,4,1,1
574,តើការស្ថិតនៅក្រៅសារពាង្គកាយនៃពងស្វាសមានសារៈសំខាន់ដូចម្តេច?,ការស្ថិតនៅក្រោមសារពាង្គកាយនៃពងស្វាសមានសារៈសំខាន់ដូចជាដើម្បីរក្សាសីតុណ្ហភាពឲ្យ ទាបជាងសីតុណ្ហភាពក្នុងខ្លួន ប្រហែលពី(2-3)សីតុណ្ហភាពក្នុងខ្លួន37 ។,ការស្ថិតនៅក្រោមសារពាង្គកាយនៃពងស្វាសមានសារៈសំខាន់ក្នុងការផលិតអរម៉ូនភេទឈ្មោលនិង បង្កើតស្ពែម៉ាតូសូអ៊ីតរក្សាសីតុណ្ហភាពឲ្យទាបជាងសីតុណ្ហភាពក្នុងខ្លួន ប្រហែលពី(2-3) ។,10,5,2,0.5,0.6797863425073305,3,7,1,2
575,តើប្រទេសកម្ពុជាចូលជាសមាជិក សហគមន៍អាសុីអាគ្នេយ៍ទទួលបានផលវិជ្ជមាននិងផលអវិជ្ជមានដូចម្ដេចខ្លះ?,ប្រទេសកម្ពុជាចូលជាសមាជិកសាមាសហគមន៍អាស៊ីអាគ្នេយ៍ទទួលផលវិជ្ជមាននឹងអវិជ្ជមានដូចជា៖ +ផលវិជ្ជមាន៖ -កម្ពុជាលែងឯកោទៅទៀត -បានចូលរួមនៅរាល់ការសម្រេចចិត្តនានាក្នុងតំបន់ -កម្ពុជាបានឈរស្មើមុខមាត់ជាមួយបណ្ដាប្រទេសជាសមាជិកអាស៊ាន -កម្ពុជាមានដៃគូច្រើនទាំងក្នុងតំបន់និងពិភព -កម្ពុជាអាចពង្រីកអនុភាពនិងបង្កើតតួនាទីរបស់ខ្លួនកាន់តែសកម្មភាពដែលក្នុងតំបន់នៃអន្តរជាតិ -កម្ពុជាមានសិទ្ធពេញលេញក្រោមការរៀបចំកិច្ចប្រជុំធំៗក្នុងប្រទេសខ្លួនលក្ខណៈតំបន់និងពិភពលោក -ការលើកលែងទិដ្ឋការ -កម្ពុជាក្លាយជាកន្លែងវិនិយោគដ៏មានសក្តានុពលពាណិជ្ជកម្មរវាងពាណិជ្ជកម្មនិងស្រួលជាងមុនចំពោះទីផ្សារ -សេដ្ឋកិច្ចកម្ពុជាមានកំណើនរៀងរាល់ឆ្នាំ -ប្រជាជនអាចរកការងារធ្វើទាំងក្នុងប្រទេសក្នុងតំបន់និងក្រៅតំបន់ -កំណើនភ្ញៀវទេសចរជាច្រើន +ផលអវិជ្ជមាន៖ -ពាណិជ្ជកម្មសេដ្ឋកិច្ចដំណើរការមិនល្អ -កម្ពុជាបាត់បង់ជំនឿសាសនាប្រពៃណីទំនៀមទម្លាប់,ប្រទេសកម្ពុជាចូលជាសមាជិកសាមាសហគមន៍អាស៊ីអាគ្នេយ៍ទទួលផលវិជ្ជមាននឹងអវិជ្ជមានដូចជា៖ +ផលវិជ្ជមាន៖ -កម្ពុជាលែងឯកោទៅទៀត -បានចូលរួមនៅរាល់ការសម្រេចចិត្តនានាក្នុងតំបន់ -កម្ពុជាបានឈរស្មើមុខមាត់ជាមួយបណ្ដាប្រទេសជាសមាជិកអាស៊ាន -កម្ពុជាមានដៃគូច្រើនទាំងក្នុងតំបន់និងពិភព -កម្ពុជាអាចពង្រីកអនុភាពនិងបង្កើតតួនាទីរបស់ខ្លួនកាន់តែសកម្មភាពដែលក្នុងតំបន់នៃអន្តរជាតិ -កម្ពុជាមានសិទ្ធពេញលេញក្រោមការរៀបចំកិច្ចប្រជុំធំៗក្នុងប្រទេសខ្លួនលក្ខណៈតំបន់និងពិភពលោក -ការលើកលែងទិដ្ឋការ -កម្ពុជាក្លាយជាកន្លែងវិនិយោគដ៏មានសក្តានុពលពាណិជ្ជកម្មរវាងពាណិជ្ជកម្មនិងស្រួលជាងមុនចំពោះទីផ្សារ -សេដ្ឋកិច្ចកម្ពុជាមានកំណើនរៀងរាល់ឆ្នាំ -ប្រជាជនអាចរកការងារធ្វើទាំងក្នុងប្រទេសក្នុងតំបន់និងក្រៅតំបន់ -កំណើនភ្ញៀវទេសចរជាច្រើន +ផលអវិជ្ជមាន៖ -ពាណិជ្ជកម្មសេដ្ឋកិច្ចដំណើរការមិនល្អ -កម្ពុជាបាត់បង់ជំនឿសាសនាប្រពៃណីទំនៀមទម្លាប់,10,10,4,1.0,0.9535880549852691,4,10,0,0
576,តើសង្គមខ្មែរនៅសម័យអង្គរមានប៉ុន្មានវណ្ណៈ? វណ្ណៈអ្វីខ្លះ? ចូលរៀបរាប់។,សង្គមខ្មែរនៅសម័យអង្គរមានប្រាំវណ្ណៈគឺ -វណ្ណៈក្សត្រឬរាជវង្សនុវង្ស (ជាស្ដេចគ្រប់គ្រងប្រទេស -វណ្ណៈមន្ត្រី (អ្នករស់នៅក្នុងរាជវាំងបម្រើស្ដេច) -វណ្ណៈព្រាហ្ម៍ឬបុព្វជិត​(គឺជាអ្នកបួស) -វណ្ណៈអ្នកជាឬកសិករ (អ្នករស់នៅនឹងធ្វើស្រែចម្ការ) -វណ្ណៈអ្នកងារឬទាសករ(ទាសករបម្រើគេតកូនតចៅ)។,សង្គមខ្មែរនៅសម័យអង្គរមានប្រាំវណ្ណៈគឺ -វណ្ណៈក្សត្រ -វណ្ណៈមន្ត្រី -វណ្ណៈបុព្វជិត -វណ្ណៈអ្នកជា -វណ្ណៈទាសករ។,10,6,2,0.6,0.5052297142351649,2,5,0,1
577,តើអ្វីជាសង្គ្រាមត្រជាក់? តើសង្គ្រាមត្រជាក់ផ្ដល់ផលវិបាកអ្វីខ្លះដល់កម្ពុជា?,សង្គ្រាមត្រជាក់ជាការប្រឈមមុខដាក់គ្នាដោយប្រយោលរវាងសហរដ្ឋអាមេរិចនិងសហភាពសូវៀត ដោយធ្វើការប្រណាំងប្រជែងគ្នាលើផ្នែក  សេដ្ឋកិច សព្វាវុធ យោធា និងបច្ចេកទេស។ សង្រ្គាមត្រជាក់បានផ្ដល់ផលវិបាកកម្ពុជាដូចជា៖ -គ្រាប់បែករបស់សហរដ្ឋអាមេរិក 1669 ដល់ 1973  -សង្គ្រាមស៊ីវិលក្នុងប្រទេសពីឆ្នាំ 1970 ដល់ 1975 និងកើតមានម្តងទៀតពីឆ្នាំ 1979 ដល់ឆ្នាំ 1991 ដែលកើតចេញពីការប្រឆាំងគ្នារវាងក្រុមកុម្មុយនិស្តនិងសេរីនិយម -ការសម្លាប់ប្រជាជនឯងក្រោមរបស់ប្រល័យពូជសាសន៍ឆ្នាំ 1975 និងឆ្នាំ 1979  -ការផ្លាស់ប្ដូរនយោបាយជាញឹកញាប់រហូតមានការមានកិច្ចព្រមព្រៀងសន្តិភាពក្រុងប៉ារីសថ្ងៃទី 23 តុលាឆ្នាំ 1991។,សង្គ្រាមត្រជាក់គឺជាការប្រឈមមុខដាក់គ្នារវាងសហរដ្ឋអាមេរិក និងសហភាពសូវៀតដោយធ្វើការប្រណាំងប្រជែងគ្នាលើផ្នែក  សេដ្ឋកិច សព្វាវុធ យោធា និងបច្ចេកទេស ពោលគឺជាការកាច់បំបាក់គ្នារវាងសហរដ្ឋអាមេរិកនិងសហភាពសូវៀត។  សង្គ្រាមត្រជាក់ផ្ដល់ប៉ះពាល់ដល់កម្ពុជា៖ -មានវិនាសសកម្ម: ការទម្លាក់គ្រាប់បែករបស់់សហរដ្ឋអាមេរិក (១៩៦៩ ដល់ ១៩៧៣) -សង្គ្រាមសុីវិលក្នុងប្រទេសពីឆ្នាំ ១៩៧០ដល់១៩៥៧និងកើតឡើងម្ដងទៀតពីឆ្នាំ១៩៧៥ដល់២៩៧៩ដែលកើតចេញពីការប្រឆាំគ្នារវាងបក្សគម្មុយនីសនិងសេរីនិយម -ការកាប់សម្លាប់ប្រជាជនឯងក្រោមរបបប្រល័យពូជសាសន៍ (១៩៧៥ដល់១៩៧៩) -ការផ្លាស់ប្ដូររបបនយោបាយជាញឹកញាប់រហូតដល់មានកិច្ចព្រមព្រៀងសន្តិភាពទីក្រុងប៉ារីស។,10,9,4,0.9,0.8416997027812702,3,8,1,1
578,តើព្រះបាទពញាយ៉ាតមានបុត្រប៉ុន្មានអង្គព្រះនាមអ្វីខ្លះ?ជាមួយអ្នកម្នាងណាខ្លះ?,ព្រះបាទពញាយ៉ាតមានបុត្របីអង្គគឺ នារាយណ៍រាជា ជាបុត្រជាមួយម្នាងទេវី ស្រីរាជាជាបុត្រជាមួយបុទុមកេសរ និងធម្មរាជាជាបុត្រជាមួយសុីសង៉ាម(បុត្រីស្ដេចសៀម)។,ព្រះបាទពញាយ៉ាតមានបុត្របីអង្គគឺ នារាយណ៍រាជា ជាបុត្រជាមួយម្នាងទេវី ស្រីរាជាជាបុត្រជាមួយបុទុមកេសរ និងធម្មរាជាជាបុត្រជាមួយសុីសង៉ាម(បុត្រីស្ដេចសៀម)។,5,5,4,1.0,0.9798475525860395,4,5,0,0
579,តើកត្តាអ្វីខ្លះដែលធ្វើអោយសម័យអង្គររីកចម្រើនដល់កំពូល?​ ចូលរៀបរាប់។,កត្តាដែលធ្វើអោយសម័យអង្គររីកចម្រើនគឺ: កត្តាព្រះរាជា:ព្រះរាជាចាប់ពីព្រះបាទជ័យវរ្ម័នទី 2 រហូតដល់ព្រះបាទជ័យវរ្ម័នទី 7 សុទ្ធតែជាស្ដេចខ្លាំងពូកែ កត្តានយោបាយ: នយោបាយក្នុងប្រទេសបង្រួបបង្រួមជាតិកសាងនិងការពារទឹកដី នយោបាយក្រៅប្រទេស:ចងសម្ព័ន្ធមិត្តជាមួយប្រទេសធំៗវាយយករដ្ឋតូចដាក់ជាចំណុះ កត្តាសេដ្ឋកិច្ច:រីកចម្រើនលើវិស័យកសិកម្មសិប្បកម្មគណនាគម កត្តាសាសនា:ការឯកភាពគ្នារវាងសាសនាព្រាហ្មនិងព្រះពុទ្ធ កត្តាធនធានមនុស្សបន្សល់ទុកតាំងពីសម័យនគរភ្នំនិងចេនឡាមក។,កត្តាដែលធ្វើអោយសម័យអង្គររីកចម្រើនគឺ: កត្តាព្រះរាជា:ព្រះរាជាចាប់ពីព្រះបាទជ័យវរ្ម័នទី 2 រហូតដល់ព្រះបាទជ័យវរ្ម័នទី 7 សុទ្ធសឹងតែជាស្ដេចខ្លាំងពូកែ កត្តានយោបាយ: នយោបាយក្នុងប្រទេសបង្រួបបង្រួមជាតិកសាងនិងការពារទឹកដី នយោបាយក្រៅប្រទេស:ចងសម្ព័ន្ធមិត្តជាមួយប្រទេសធំៗវាយយករដ្ឋតូចដាក់ជាចំណុះ កត្តាសេដ្ឋកិច្ច:រីកចម្រើនលើវិស័យកសិកម្មសិប្បកម្មគណនាគមន៍ កត្តាសាសនា:ការឯកភាពគ្នារវាងសាសនាព្រាហ្មនិងព្រះពុទ្ធ កត្តាធនធានមនុស្សបន្សល់ទុកតាំងពីសម័យនគរភ្នំនិងចេនឡាមក។,10,10,4,1.0,0.971431158487333,4,10,0,0
580,តើការស្ថិតនៅក្រៅសារពាង្គកាយនៃពងស្វាសមានសារៈសំខាន់ដូចម្តេច?,ការស្ថិតនៅក្រោមសារពាង្គកាយនៃពងស្វាសមានសារៈសំខាន់ដូចជាដើម្បីរក្សាសីតុណ្ហភាពឲ្យ ទាបជាងសីតុណ្ហភាពក្នុងខ្លួន ប្រហែលពី(2-3)សីតុណ្ហភាពក្នុងខ្លួន37 ។,ការស្ថិតនៅក្រោមសារពាង្គកាយនៃពងស្វាសមានសារៈសំខាន់ដូចជាដើម្បីរក្សាសីតុណ្ហភាពឲ្យ ទាបជាងសីតុណ្ហភាពក្នុងខ្លួន ប្រហែលពី(2-3)ដែលជាលក្ខខណ្ឌចាំបាច់សម្រាប់ការផលិត មេជីវិតឈ្មោល ។,10,8,3,0.8,0.8694164038302925,3,9,0,1
581,តើគេចែកយុគសម័យបុរេប្រវត្តិសាស្ត្រកម្ពុជាជាប៉ុន្មានយុគសម័យ?អ្វីខ្លះ?,គេចែកយុគសម័យបុរេប្រវត្តិសាស្ត្រកម្ពុជាជាបីយុគសម័យគឺ -យុគថ្មបំបែក (600000 - 12000 ឆ្នាំមុនគ.ស) -យុគថ្មរលីងឬសំលៀង (8000 - 2000 ឆ្នាំមុនគ.ស) -យុគលោហៈ(2000-100 ឆ្នាំមុនគ.ស)។,គេចែកយុគសម័យបុរេប្រវត្តិសាស្ត្រកម្ពុជាជាបីយុគសម័យគឺ -យុគថ្មបំបែក -យុគថ្មរលីងឬសំលៀង -យុគលោហៈ។,5,3,2,0.6,0.5679649521493316,2,3,0,0
582,បុព្វហេតុអ្វីខ្លះដែលនាំឲ្យអាណាចក្រចេនឡាបែកបាក់ជាពីរគឺអាណាចក្រចេនឡាដីគោកនិងចេនឡាទឹកលិច?,បុព្វហេតុដែលនាំហើយអាណាចក្រចេនឡាបែកជាពីរគឺ -វិសាលភាពទឹកដីធំទូលាយ -ចម្បាំងអត់ឈប់ឈរ -សមន្ដរដ្ឋបះបោរចង់ផ្ដាច់ខ្លួន -វិបត្តិផ្ទៃក្នុង -ព្រះនាងជ័យទេវីគ្មានសមត្ថភាពគ្រប់គ្រង។,បុព្វហេតុដែលនាំហើយអាណាចក្រចេនឡាបែកជាពីរគឺ -វិសាលភាពទឹកដីធំទូលាយ -ចម្បាំងអត់ឈប់ឈរ -សមន្ដរដ្ឋបះបោរចង់ផ្ដាច់ខ្លួន -វិបត្តិផ្ទៃក្នុង -ព្រះនាងជ័យទេវីគ្មានសមត្ថភាពគ្រប់គ្រង។,7,7,4,1.0,0.9774278816832895,4,7,0,0
583,ចូររៀបរាប់អំពីទំនាក់ទំនងរវាងការដាំដុះអាជីវកម្មព្រៃឈើនិងនេសាទ។,ទំនាក់ទំនងរវាង ការដាំដុះអាជីវកម្មព្រៃឈើ និងការនេសាទ៖  _ ការដាំដុះអាជីវកម្មព្រៃឈើ និងការនេសាទ ជាភោគទ្រព្យយ៉ាងសំខាន់សម្រាប់ប្រជាជនក្នុងការទ្រទ្រង់ក្នុងជីវភាពរស់នៅនិងការអភិវឌ្ឍន៍ប្រទេសជាតិ   _ ដើម្បីបំពេញតម្រូវការក្នុងកសិកម្មផលិតកម្មនិងត្រូវការផ្សេងៗ មនុស្សនាំគ្នាកាប់ព្រៃឈើដើម្បីធ្វើអាជីវកម្មព្រៃឈើជាមូលហេតុធ្វើឲ្យអាកាសធាតុប្រែប្រួលប៉ះពាល់ដល់ជីវិតមនុស្ស សត្វ និងរុក្ខជាតិ  ​ _ អតិផលនៃប្រព័ន្ធកសិកម្ម នាំឲ្យមានកំណើននៃការប្រើប្រាស់គីមីនិងថ្នាំសម្លាប់សត្វល្អិត។ ជីគីមី និងថ្នាំសម្លាប់សត្វល្អិត ទាំងនោះហូរទៅផ្ដុំគ្នានៅតាមផ្លូវទឹកនានា បំផ្លាញជីវិតសត្វនិងពូជធម្មជាតិ។,ទំនាក់ទំនងរវាងការដាំដុះអាជីវកម្មព្រៃឈើនិងការនេសាទ៖ ​ + ការដាំដុះ : ការដាំដើមកៅស៊ូ ការដាំព្រៃឈើ ការដាំដំណាំឧស្សាហកម្ម  + អាជីវកម្មព្រៃឈើ : ការកាប់បំផ្លាញព្រៃឈើ ការដុតព្រៃឈើ ការជីកព្រៃសម្រាប់ធ្វើអាជីវកម្ម  + ការនេសាទ : ការចាប់ត្រីដោយប្រើប្រាស់គ្រឿងផ្ទុះ ការឆក់ត្រី ការនេសាទត្រីនៅរដូវត្រីពង ការចាប់ត្រីជាលក្ខណៈអាជីព។,15,5,1,0.3333333333333333,0.26555068089720474,1,4,0,1
584,ហេតុអ្វីបានជាផ្នែកឯកជនជាកម្លាំងដ៏សំខាន់សម្រាប់វិនិយោគនិងធ្វើឲ្យមានកំណើនសេដ្ឋកិច្ចក្នុងប្រទេស?,បានជាផ្នែកឯកជនជាកម្លាំងដ៏សំខាន់សម្រាប់វិនិយោគនិងធ្វើឲ្យមានកំណើនសេដ្ឋកិច្ចក្នុងប្រទេស ព្រោះប្រទេសកម្ពុជាជាប្រទេសអភិវឌ្ឍន៍ សេដ្ឋកិច្ចទីផ្សារដោយបានធ្វើកំណែទម្រង់សហគ្រាសឧស្សាហកម្មឲ្យក្លាយទៅជាកម្មសិទ្ធិឯកជន ។ សេដ្ឋកិច្ចទីផ្សារសេរីនេះនាំឲ្យអ្នករកស៊ីបរទេសចូលចិត្តមកវិនិយោគ ហើយកាលណាផ្នែកឯកជនរឹងមាំមកវិនិយោគ ហើយកាលណាផ្នែកឯកជនមិនរឹងមាំអាចបំពេញបន្ថែមវិនិយោគនិងវិស័យសង្គមកិច្ចមានន័យថាវិស័យឯកជនស្រូបយកកម្លាំងការងារកាន់តែកើនឡើង។,ព្រោះវិស័យឯកជនជាក្បាលម៉ាស៊ីនសំខាន់សម្រាប់វិនិយោគនិងធ្វើឱ្យមានកំណើនសេដ្ឋកិច្ចក្នុងប្រទេសព្រោះ៖ -អនុវត្តនៅពេលទីផ្សារសេរីឆ្នាំ1993 ពីសហគ្រាសឲ្យក្លាយជាក្លាយជាទៅជាសិទ្ធិឯកជន  កាលណាដែលផ្នែកឯកជនជួយបំពេញបន្ថែមលើនយោបាយ កែប្រែពីក្រុមហ៊ុនរបស់រដ្ឋទៅជារបស់ឯកជនដោយ -ឯកជនមានសិទ្ធិជាងរដ្ឋហើយឯកជនគ្រប់គ្រងលើវិស័យពាណិជ្ជកម្មឧស្សាហកម្ម កសិកម្ម  ការអនុវត្តសេដ្ឋកិច្ចសេរីដែលធ្វើឲ្យអ្នកវិនិយោគទុននៅក្រៅប្រទេស ចូលចិត្តមកវិនិយោគទុន,15,14,4,0.9333333333333332,0.9354065455112298,4,14,0,0
585,តើសង្គមខ្មែរនៅសម័យអង្គរមានប៉ុន្មានវណ្ណៈ? វណ្ណៈអ្វីខ្លះ? ចូលរៀបរាប់។,សង្គមខ្មែរនៅសម័យអង្គរមានប្រាំវណ្ណៈគឺ -វណ្ណៈក្សត្រឬរាជវង្សនុវង្ស (ជាស្ដេចគ្រប់គ្រងប្រទេស -វណ្ណៈមន្ត្រី (អ្នករស់នៅក្នុងរាជវាំងបម្រើស្ដេច) -វណ្ណៈព្រាហ្ម៍ឬបុព្វជិត​(គឺជាអ្នកបួស) -វណ្ណៈអ្នកជាឬកសិករ (អ្នករស់នៅនឹងធ្វើស្រែចម្ការ) -វណ្ណៈអ្នកងារឬទាសករ(ទាសករបម្រើគេតកូនតចៅ)។,សង្គមខ្មែរនៅសម័យអង្គរមានប្រាំវណ្ណៈគឺ -វណ្ណៈក្សត្រ -វណ្ណៈមន្ត្រី -វណ្ណៈបុព្វជិត -វណ្ណៈអ្នកជា -វណ្ណៈទាសករ។,10,5,2,0.5,0.5052297142351649,2,5,0,0
586,តើសង្គមខ្មែរនៅសម័យអង្គរមានប៉ុន្មានវណ្ណៈ? វណ្ណៈអ្វីខ្លះ? ចូលរៀបរាប់។,សង្គមខ្មែរនៅសម័យអង្គរមានប្រាំវណ្ណៈគឺ -វណ្ណៈក្សត្រឬរាជវង្សនុវង្ស (ជាស្ដេចគ្រប់គ្រងប្រទេស -វណ្ណៈមន្ត្រី (អ្នករស់នៅក្នុងរាជវាំងបម្រើស្ដេច) -វណ្ណៈព្រាហ្ម៍ឬបុព្វជិត​(គឺជាអ្នកបួស) -វណ្ណៈអ្នកជាឬកសិករ (អ្នករស់នៅនឹងធ្វើស្រែចម្ការ) -វណ្ណៈអ្នកងារឬទាសករ(ទាសករបម្រើគេតកូនតចៅ)។,សង្គមខ្មែរនៅសម័យអង្គរមានប្រាំវណ្ណៈគឺ -វណ្ណៈក្សត្រ:វណ្ណៈនេះមានបុព្វសិទ្ធណាស់ដូចជាគ្មានការបង់ពន្ធ មិនជាប់កំណែននិងមិនត្រូវធ្វើការងារធ្ងន់ជាដើម។ -វណ្ណៈមន្ត្រី:ឋាននុក្រមរបស់ពួកគេអាចសម្គាល់តាមរយៈឥស្សតិយយសនិងចំនួនផ្ទះប្រកក្បឿងរបស់ពួកគេ។ -វណ្ណៈអ្នកបួស: .ពួកប៉ាងឃៀបគឺពួកព្រាហ្មណ៍ពួកនេះស្លៀកពាក់ដូចគេទៀតដែរ ខុសត្រង់មានពាក់ខ្សែរអំបោះដវេញមួយខ្សែរនៅក ជាសញ្ញាថាអ្នកចេះដឹងខ្ពង់ខ្ពស់។ .ពួកជូគូគឺជាភិគូឬសាមលោកព្រះសង្ឃខាងពុទ្ធសាសនាក្រុមនេះកោរសក់និងក្រងជីវពណ៌លឿង .ពួកប៉ាស៊ីវីឬសួកសាបស្លៀកពាក់ដូចអ្នកស្រុកធម្មតាតែជូតក្បាលនិងកំណាត់ពណ៍ក្រហម .ព្រាហ្មណ៍បុរោហិតជាអ្នកពិនិត្យជាអ្នកថែរក្សាវត្តសក្តិសិទ្ធនិងព្រះទេវរូបនៅក្នុងរាជវាំងនិងអ្នកផ្ដល់ពត៍មានដល់ព្រះមហាក្សត្រ -វណ្ណៈអ្នកជា:ពួកគេជាវណ្ណៈកណ្ដាលក្នុងសង្គម​ ដែលមានឋានន្ដរមានប្រហាក់ប្រហែលនិងពួកឈ្មួញសិប្បកម្ម សិប្បករនិងប្រជារាស្ត្រសាមញ្ញ -វណ្ណៈទាសករ:ពួកគេជាវណ្ណៈទាបបំផុតនៅក្នុងសង្គមដែលជាអ្នកបម្រើគេអស់មួយជីវិតនិងតពូជទៀតផង។,10,10,4,1.0,0.9711045696161993,4,10,0,0
587,ហេតុអ្វីបានជាប្រទេសកម្ពុជាពឹងផ្អែកទៅលើវិស័យកសិកម្ម?,បានជាផ្នែកឯកជនជាកម្លាំងដ៏សំខាន់សម្រាប់កំណើនសេដ្ឋកិច្ចកម្ពុជាព្រោះ -កម្ពុជាបានអនុវត្តសេដ្ឋកិច្ចទីផ្សារសេរីដោយបានធ្វើកំណែទម្រង់ពីសហគ្រាសរដ្ឋឲ្យក្លាយទៅជាកម្មសិទ្ធិឯកជន -សេដ្ឋកិច្ចទីផ្សារសេរីនាំឲ្យអ្នករកស៊ីចូលចិត្តមករកស៊ីនិងដាក់វិនិយោគទុន -កាលណាភ្នែកឯកជនរឹងមាំអាចជួយបំពេញបន្ថែមលើវិនិយោគសាធារណៈក្នុងវិស័យសេដ្ឋកិច្ចគឺផ្នែកឯកជនអាចស្រូបយកកម្លាំងពលកម្មកើនឡើង។,បានជាផ្នែកឯកជនជាកម្លាំងដ៏សំខាន់សម្រាប់កំណើនសេដ្ឋកិច្ចកម្ពុជាព្រោះ -កម្ពុជាបានអនុវត្តសេដ្ឋកិច្ចទីផ្សារសេរីដោយបានធ្វើកំណែទម្រង់ពីសហគ្រាសរដ្ឋឲ្យក្លាយទៅជាកម្មសិទ្ធិឯកជន -សេដ្ឋកិច្ចទីផ្សារសេរីនាំឲ្យអ្នករកស៊ីចូលចិត្តមករកស៊ីនិងដាក់វិនិយោគទុន -កាលណាភ្នែកឯកជនរឹងមាំអាចជួយបំពេញបន្ថែមលើវិនិយោគសាធារណៈក្នុងវិស័យសេដ្ឋកិច្ចគឺផ្នែកឯកជនអាចស្រូបយកកម្លាំងពលកម្មកើនឡើង។,15,15,4,1.0,0.9164861348762325,4,14,0,1
588,បុព្វហេតុអ្វីខ្លះដែលនាំឲ្យអាណាចក្រចេនឡាបែកបាក់ជាពីរគឺអាណាចក្រចេនឡាដីគោកនិងចេនឡាទឹកលិច?,បុព្វហេតុដែលនាំហើយអាណាចក្រចេនឡាបែកជាពីរគឺ -វិសាលភាពទឹកដីធំទូលាយ -ចម្បាំងអត់ឈប់ឈរ -សមន្ដរដ្ឋបះបោរចង់ផ្ដាច់ខ្លួន -វិបត្តិផ្ទៃក្នុង -ព្រះនាងជ័យទេវីគ្មានសមត្ថភាពគ្រប់គ្រង។,បុព្វហេតុដែលនាំហើយអាណាចក្រចេនឡាបែកជាពីរគឺ -វិសាលភាពទឹកដីធំទូលាយ -ចម្បាំងអត់ឈប់ឈរ -សមន្ដរដ្ឋបះបោរចង់ផ្ដាច់ខ្លួន -វិបត្តិផ្ទៃក្នុង -ព្រះនាងជ័យទេវីគ្មានសមត្ថភាពគ្រប់គ្រង។,7,7,4,1.0,0.9774278816832895,4,7,0,0
589,ចូរនិយាយពីកំណកាម៉ែតញី។,ការស្ថិតនៅក្រោមសារពាង្គកាយនៃពងស្វាសមានសារៈសំខាន់ដូចជាដើម្បីរក្សាសីតុណ្ហភាពឲ្យ ទាបជាងសីតុណ្ហភាពក្នុងខ្លួន ប្រហែលពី(2-3)សីតុណ្ហភាពក្នុងខ្លួន37 ។,កំណកាម៉ែនញី ដំបូងកោសិកាពូជមួយរកចម្ងាយពីរដងទម្លាប់គ្នាបានកោសិកាអូវ៉ូកូនី4 ។អូវុលរីក មាឌក្លាយជាអូវូស៊ីត1 ។អូវ៉ូស៊ីតមួយរងចំណែកមួយនៃមេយ៉ូសហើយត្រូវបានជាប់គាំងនៅចុង វគ្គមួយ ។,10,5,2,0.5,0.4071970472080893,1,4,1,1
590,ហេតុអ្វីបានជាផ្នែកឯកជនជាកម្លាំងដ៏សំខាន់សម្រាប់វិនិយោគនិងធ្វើឲ្យមានកំណើនសេដ្ឋកិច្ចក្នុងប្រទេស?,បានជាផ្នែកឯកជនជាកម្លាំងដ៏សំខាន់សម្រាប់វិនិយោគនិងធ្វើឲ្យមានកំណើនសេដ្ឋកិច្ចក្នុងប្រទេស ព្រោះប្រទេសកម្ពុជាជាប្រទេសអភិវឌ្ឍន៍ សេដ្ឋកិច្ចទីផ្សារដោយបានធ្វើកំណែទម្រង់សហគ្រាសឧស្សាហកម្មឲ្យក្លាយទៅជាកម្មសិទ្ធិឯកជន ។ សេដ្ឋកិច្ចទីផ្សារសេរីនេះនាំឲ្យអ្នករកស៊ីបរទេសចូលចិត្តមកវិនិយោគ ហើយកាលណាផ្នែកឯកជនរឹងមាំមកវិនិយោគ ហើយកាលណាផ្នែកឯកជនមិនរឹងមាំអាចបំពេញបន្ថែមវិនិយោគនិងវិស័យសង្គមកិច្ចមានន័យថាវិស័យឯកជនស្រូបយកកម្លាំងការងារកាន់តែកើនឡើង។,បានជាផ្នែកឯកជនជាកម្លាំងដ៏សំខាន់សម្រាប់វិនិយោគនិងធ្វើឪ្យមានកំណើនសេដ្ឋកិច្ចក្នុងប្រទេសមានដូចជា៖  _ ពួកឯកជនបាននាំទំនិញចេញនិងនាំចូល  _ ពួកឯកជនគឺជាភ្នាក់ងារដល់សំខាន់សម្រាប់វិនិយោគ  _ ឧស្សាហកម្មងាយស្រួលវិនិយោគជាមួយពួកឯកជន។,15,5,1,0.3333333333333333,0.2644617246186845,1,4,0,1
591,តើប្រព័ន្ធផលិតកម្មកសិកម្មនៅប្រទេសកម្ពុជាមានអ្វីខ្លះ?,ប្រព័ន្ធផលិតកម្មកសិកម្មនៅកម្ពុជាមានដូចជាដំណាំដំណាំស្រូវនិងកៅស៊ូដឹកនាំផ្សេងៗទៀតការចិញ្ចឹមសត្វបានចិញ្ចឹមសត្វលើគោកការចិញ្ចឹមសត្វក្នុងទឹកការនេសាទការនេសាទទឹកសាបការនេសាទទឹកប្រៃ  ព្រៃឈើអនុផលព្រៃឈើរកឃ្មុំជ័រទឹកក្តៅសត្វព្រៃ,ប្រព័ន្ធផលិតកម្មកសិកម្មនៅប្រទេសកម្ពុជាមានដូចជារោងចក្រផលិតស្រាបៀររោងចក្រតម្លើងត្រាក់ទ័ររោងចក្រក្តាបន្ទះរោងចក្របាវក្រចៅរោងចក្រកាត់ដេររោងចក្រផលិតចំណីអាហារត្រីខកំប៉ុងនិងបន្លែ។,15,2,1,0.1333333333333333,0.15136234704969254,1,2,0,0
592,បុព្វហេតុអ្វីខ្លះដែលនាំឲ្យអាណាចក្រចេនឡាបែកបាក់ជាពីរគឺអាណាចក្រចេនឡាដីគោកនិងចេនឡាទឹកលិច?,បុព្វហេតុដែលនាំហើយអាណាចក្រចេនឡាបែកជាពីរគឺ -វិសាលភាពទឹកដីធំទូលាយ -ចម្បាំងអត់ឈប់ឈរ -សមន្ដរដ្ឋបះបោរចង់ផ្ដាច់ខ្លួន -វិបត្តិផ្ទៃក្នុង -ព្រះនាងជ័យទេវីគ្មានសមត្ថភាពគ្រប់គ្រង។,បុព្វហេតុដែលនាំហើយអាណាចក្រចេនឡាបែកជាពីរគឺ -វិសាលភាពទឹកដីធំទូលាយ -ចម្បាំងអត់ឈប់ឈរ -សមន្ដរដ្ឋបះបោរចង់ផ្ដាច់ខ្លួន -វិបត្តិផ្ទៃក្នុង -ព្រះនាងជ័យទេវីគ្មានសមត្ថភាពគ្រប់គ្រង។,7,7,4,1.0,0.9774278816832895,4,7,0,0
593,តើព្រះបាទពញាយ៉ាតមានបុត្រប៉ុន្មានអង្គព្រះនាមអ្វីខ្លះ?ជាមួយអ្នកម្នាងណាខ្លះ?,ព្រះបាទពញាយ៉ាតមានបុត្របីអង្គគឺ នារាយណ៍រាជា ជាបុត្រជាមួយម្នាងទេវី ស្រីរាជាជាបុត្រជាមួយបុទុមកេសរ និងធម្មរាជាជាបុត្រជាមួយសុីសង៉ាម(បុត្រីស្ដេចសៀម)។,ព្រះបាទពញាយ៉ាតមានបុត្របីអង្គគឺ នារាយណ៍រាជា ជាបុត្រជាមួយម្នាងទេវី ស្រីរាជាជាបុត្រជាមួយបុទុមកេសរ និងធម្មរាជាជាបុត្រជាមួយសុីសង៉ាម(បុត្រីស្ដេចសៀម)។,5,5,4,1.0,0.9798475525860395,4,5,0,0
594,តើប្រព័ន្ធផលិតកម្មកសិកម្មនៅក្នុងប្រទេសកម្ពុជាមានអ្វីខ្លះ?ចូររៀបរាប់​ ។,ប្រព័ន្ធផលិតកម្មកសិកម្មនៅប្រទេសកម្ពុជាមាន៖    _ ដំណាំ : ដំណាំស្រូវ ដំណាំកៅស៊ូ ដំណាំផ្សេងៗទៀត    _ ការចិញ្ចឹមសត្វ : ការចិញ្ចឹមសត្វលើគោក ការចិញ្ចឹមសត្វក្នុងទឹក    _ ការនេសាទ : ការនេសាទទឹកសាប ការនេសាទទឹកប្រៃ  _ ព្រៃឈើ : ផលិតផលឈើ អនុផលព្រៃឈើ(រកឃ្មុំ ជ័រទឹក វល្លិ៍ ផ្តៅ) សត្វព្រៃ ។,ប្រព័ន្ធផលិតកម្មនៅប្រទេសកម្ពុជារួមមាន៖ -ធ្វើស្រែ  -ដាំដុះបន្លែ  -ធ្វើកសិកម្ម  -ដាំកៅស៊ូធ្វើស្រែការនេសាទត្រី,10,3,1,0.3,0.3119658965529403,1,3,0,0
595,តើសង្គមខ្មែរនៅសម័យអង្គរមានប៉ុន្មានវណ្ណៈ? វណ្ណៈអ្វីខ្លះ? ចូលរៀបរាប់។,សង្គមខ្មែរនៅសម័យអង្គរមានប្រាំវណ្ណៈគឺ -វណ្ណៈក្សត្រឬរាជវង្សនុវង្ស (ជាស្ដេចគ្រប់គ្រងប្រទេស -វណ្ណៈមន្ត្រី (អ្នករស់នៅក្នុងរាជវាំងបម្រើស្ដេច) -វណ្ណៈព្រាហ្ម៍ឬបុព្វជិត​(គឺជាអ្នកបួស) -វណ្ណៈអ្នកជាឬកសិករ (អ្នករស់នៅនឹងធ្វើស្រែចម្ការ) -វណ្ណៈអ្នកងារឬទាសករ(ទាសករបម្រើគេតកូនតចៅ)។,សង្គមខ្មែរនៅសម័យអង្គរមានប្រាំវណ្ណៈគឺ -វណ្ណៈក្សត្រឬរាជវង្សានុវង្ស:វណ្ណៈនេះមានបុព្វសិទ្ធ -វណ្ណៈមន្ត្រី -វណ្ណៈបុព្វជិត -វណ្ណៈអ្នកជា -វណ្ណៈទាសករនិងអ្នកងារ។,10,6,2,0.6,0.5462310305229146,2,5,0,1
596,តើឧស្សាហកម្មមានតួនាទីដូចម្ដេចខ្លះចំពោះសេដ្ឋកិច្ចជាតិ?,ឧស្សាហកម្មមាន​តួនាទីចំពោះសេដ្ឋកិច្ចជាតិដូចជា ៖ ​ _ ជួយបង្កើតថវិការជាតិ ​ _ ជួយបង្កើតទិន្នផលជាតិ ​​ _ ជួយឲ្យសេដ្ឋកិច្ចជាតិរីកចម្រើន  _ ប្រជាជនសំបូរធូរធារ  _អភិវឌ្ឍគ្រប់វិស័យ  _ មានទំនាក់ទំនងល្អជាមួយអ្នកជិតខាង  _ មានភាពរុងរឿងនៅក្នុងប្រទេសជាតិ។,ឧស្សាហកម្មមាន​តួនាទីចំពោះសេដ្ឋកិច្ចជាតិដូចជា ៖ ​ _ ជួយបង្កើតថវិការជាតិ ​ _ ជួយបង្កើតទិន្នផលជាតិ ​​ _ ជួយឲ្យសេដ្ឋកិច្ចជាតិរីកចម្រើន  _ ប្រជាជនសំបូរធូរធារ  _អភិវឌ្ឍគ្រប់វិស័យ  _ មានទំនាក់ទំនងល្អជាមួយអ្នកជិតខាង  _ មានភាពរុងរឿងនៅក្នុងប្រទេសជាតិ។,15,15,4,1.0,0.9807828442013805,4,15,0,0
597,តើសេដ្ឋកិច្ចកម្ពុជាពឹងផ្អែកលើវិស័យអ្វីជាសំខាន់?     ក/ ហេតុអ្វីបានជាគេនិយាយថាកម្ពុជាជាប្រទេសកសិកម្ម?     ខ/ តើគេចែកកសិករជាប៉ុន្មានប្រភេទ?អ្វីខ្លះ?,សេដ្ឋកិច្ចកម្ពុជាពឹងផ្អែកលើវិស័យកសិកម្មជាសំខាន់។   ក/ បានជាគេនិយាយថាកម្ពុជាជាប្រទេសឧស្សាហកម្មព្រោះ៖  _  សណ្ឋានដី : ដីមានជីវជាតិល្អនិងសម្បូរទំនាបល្បាប់   _ ផ្លូវទឹក : ផ្លូវទឹកខ្វាត់ខ្វែងងាយស្រួលដល់ការដាំដុះ  _ ប្រជាជន : ប្រជាជនខ្មែរភាគច្រើនចូលចិត្តធ្វើកសិកម្ម  _ អាកាសធាតុ : ទទួលអាកាសធាតុក្តៅសើម  _ កសិកម្មផ្តល់ផល50%នៃផលិតផលជាតិសរុប។  ខ/ គេចែកកសិករទាំងនោះជា4ប្រភេទគឺ៖  _ កសិករធ្វើស្រែឬអ្នកស្រែ : និយមធ្វើស្រែ ស្រូវប្រាំង ស្រូវវស្សា ស្រូវឡើងទឹក  _ កសិករតំបន់ដីខ្ពស់ : គេដាំដំណាំជាអចិន្ត្រៃយ៍(ពោត ដំឡូង ចេក កៅស៊ូសណ្តែក)  _ កសិករធ្វើចម្ការដំណាំស្រូវ : គេដាំដំណាំតាមមាត់ទន្លេ ចិញ្ចឹមសត្វនិងនេសាទ  _ កសិករភូមិភាគឦសាន: គេធ្វើដំណាំព្រៃដុតមានដូចជាពោត ដំឡូង ស្រូវរុក្ខជាតិយកមើមដទៃទៀត និងបរបាញ់សត្វផងដែរ។,សេដ្ឋកិច្ចកម្ពុជាពឹងផ្អែកលើវិស័យកសិកម្មជាសំខាន់។  ក/ បានជាគេនិយាយថាកម្ពុជាជាប្រទេសកសិកម្មព្រោះអនុគ្រោះដល់វិស័យកសិកម្មជាច្រើនដូចជា៖   _ សណ្ឋានដី : មានលក្ខណៈអនុគ្រោះដល់វិស័យនេះពោលគឺសម្បូរវាលទំនាបនិងតំបន់ខ្ពង់រាបទាបៗប្រកបដោយដីមានជីវជាតិល្អសម្រាប់ដាំដុះ ចិញ្ចឹមសត្វ និងព្រៃឈើ។   _ កម្ពុជាស្ថិតនៅតំបន់ត្រូពិចដែលមានអាកាសធាតុក្តៅហើយសើមដោយទទួលរបបខ្យល់មូសុងមានភ្លៀងធ្លាក់ច្រើននិងមានកម្ដៅគ្រប់គ្រាន់ សម្រាប់ដាំដុះ ចិញ្ចឹមសត្វនិងព្រៃឈើ។   _ ប្រទេសកម្ពុជាសម្បូរផ្លូវទឹកអនុគ្រោះដល់ការដាំដុះ ការចិញ្ចឹមសត្វ និងការនេសាទ។   _ ផ្ដល់ការងារសម្រាប់ប្រជាជន     _ កាត់បន្ថយភាពក្រីក្រប្រជាជន   _ កាត់បន្ថយអត្រាអត់ការងារដល់ប្រជាជន   _ ជាស្បៀងអាហារសម្រាប់ប្រជាជន   _ជាវត្ថុធាតុដើមសម្រាប់ឧស្សាហកម្មក្នុងប្រទេស និងនាំចេញជាច្រើន។  ខ/ គេចែកកសិករទាំងនោះជា4ប្រភេទ៖    _ កសិករធ្វើស្រែចម្ការ: កសិករដែលធ្វើស្រែចម្ការ និងការដាំដុះដំណាំផ្សេងៗ    _ កសិករចិញ្ចឹមសត្វ: គឺជាការចិញ្ចឹមគោ ជ្រូក មាន់ ទា ក្របី    _ កសិករតំបន់ខ្ពង់រាប​ : ការធ្វើកសិកម្មការដាំព្រៃឈើយកទៅលក់    _ កសិករភូមិភាគឦសាន: កសិករដែលប្រកបរបរដោយការដុតព្រៃយកដីធ្វើកសិកម្ម។,20,12,2,0.6,0.6558728671543956,3,13,1,1
598,តើការស្ថិតនៅក្រៅសារពាង្គកាយនៃពងស្វាសមានសារៈសំខាន់ដូចម្តេច?,ការស្ថិតនៅក្រោមសារពាង្គកាយនៃពងស្វាសមានសារៈសំខាន់ដូចជាដើម្បីរក្សាសីតុណ្ហភាពឲ្យ ទាបជាងសីតុណ្ហភាពក្នុងខ្លួន ប្រហែលពី(2-3)សីតុណ្ហភាពក្នុងខ្លួន37 ។,ការស្ថិតនៅក្រោមសារពាង្គកាយនៃពងស្វាសមានសារៈសំខាន់ក្នុងការផលិតអរម៉ូនភេទឈ្មោលនិង បង្កើតស្ពែម៉ាតូសូអ៊ីតរក្សាសីតុណ្ហភាពឲ្យទាបជាងសីតុណ្ហភាពក្នុងខ្លួន ប្រហែលពី(2-3) ។,10,3,1,0.3,0.6797863425073305,3,7,2,4
599,បុព្វហេតុអ្វីខ្លះដែលនាំឲ្យអាណាចក្រចេនឡាបែកបាក់ជាពីរគឺអាណាចក្រចេនឡាដីគោកនិងចេនឡាទឹកលិច?,បុព្វហេតុដែលនាំហើយអាណាចក្រចេនឡាបែកជាពីរគឺ -វិសាលភាពទឹកដីធំទូលាយ -ចម្បាំងអត់ឈប់ឈរ -សមន្ដរដ្ឋបះបោរចង់ផ្ដាច់ខ្លួន -វិបត្តិផ្ទៃក្នុង -ព្រះនាងជ័យទេវីគ្មានសមត្ថភាពគ្រប់គ្រង។,បុព្វហេតុដែលនាំហើយអាណាចក្រចេនឡាបែកជាពីរគឺ -វិសាលភាពទឹកដីធំទូលាយ -ចម្បាំងអត់ឈប់ឈរ -សមន្ដរដ្ឋបះបោរចង់ផ្ដាច់ខ្លួន -វិបត្តិផ្ទៃក្នុង -ព្រះនាងជ័យទេវីគ្មានសមត្ថភាពគ្រប់គ្រង។,7,7,4,1.0,0.9774278816832895,4,7,0,0
600,តើប្រព័ន្ធផលិតកម្មកសិកម្មនៅក្នុងប្រទេសកម្ពុជាមានអ្វីខ្លះ?ចូររៀបរាប់​ ។,ប្រព័ន្ធផលិតកម្មកសិកម្មនៅប្រទេសកម្ពុជាមាន៖    _ ដំណាំ : ដំណាំស្រូវ ដំណាំកៅស៊ូ ដំណាំផ្សេងៗទៀត    _ ការចិញ្ចឹមសត្វ : ការចិញ្ចឹមសត្វលើគោក ការចិញ្ចឹមសត្វក្នុងទឹក    _ ការនេសាទ : ការនេសាទទឹកសាប ការនេសាទទឹកប្រៃ  _ ព្រៃឈើ : ផលិតផលឈើ អនុផលព្រៃឈើ(រកឃ្មុំ ជ័រទឹក វល្លិ៍ ផ្តៅ) សត្វព្រៃ ។,ប្រព័ន្ធផលិតកម្មកសិកម្មនៅប្រទេសកម្ពុជាមានដូចជា -ការនាំចេញនាំចូលផលិតផល -ការធ្វើស្រែចម្ការដំណាំស្រូវ -ការដាំដុះបន្លែបង្ការ -ការនាំចេញផលិតផលនៅក្រៅទៅក្រៅប្រទេស -ការធ្វើអាជីវកម្មក្នុងស្រុកនិងក្រៅស្រុក  -ការធ្វើពាណិជ្ជកម្មការធ្វើសេដ្ឋកិច្ចទីផ្សារដើម្បីឲ្យមានការអភិវឌ្ឍខ្ពស់។,10,8,3,0.8,0.7170485673103169,3,7,0,1
601,តើអ្វីជាសង្គ្រាមត្រជាក់? តើសង្គ្រាមត្រជាក់ផ្ដល់ផលវិបាកអ្វីខ្លះដល់កម្ពុជា?,សង្គ្រាមត្រជាក់គឺជាការប្រកួតប្រជែងផ្នែកមនោគមវិទ្យារវាងសេដ្ឋកិច្ចនយោធានិងបច្ចេកវិទ្យា។សង្គ្រាមមជ្ឈមណ្ឌលផលវិបាកដល់កម្ពុជាដូចជា -ការអនុវត្តនយោបាយវិទ្យាក្រឹត្យរបស់សម្ដេចនរោត្តមសីហនុមិនចោទទិសដៅ -ប្រទេសកម្ពុជាធ្លាក់ក្នុងសង្គ្រាមស៊ីវល -ខ្មែរក្រហមឡើងកាន់អំណាច -ប្រទេសកម្ពុជាមានភាពអាណាធិបតេយ្យ -សេដ្ឋកិច្ចកម្ពុជាធ្លាក់ចុះ -ប្រទេសកម្ពុជារស់នៅដែលភាពភ័យខ្លាច -រោងចក្រឧស្សាហកម្មបិទទ្វារ -បែកបាក់សាមគ្គីផ្ទៃក្នុង,សង្គ្រាមត្រជាក់ជាសង្គ្រាមដែលកើតឡើងនៅជុំវិញពិភពលោករបៀបប្រទេសនិងប្រទេសដែលបណ្ដាលឲ្យមានគ្រោះថ្នាក់យ៉ាងខ្លាំង។សង្គ្រាមត្រជាក់ដល់ផលវិបាកដល់ប្រទេសកម្ពុជាយ៉ាងខ្លាំង +សង្គម -ប្រជាជនជាច្រើនលាននាក់ត្រូវបានកេណ្ឌនិងសម្លាប់បាត់បង់ជីវិត -ប្រជាជនរស់នៅដោយភាពភ័យខ្លាច -កើតមានអសន្តិសុខសណ្ដាប់ធ្នាប់ -ភាពវឹកវរនៅក្នុងសង្គម -ប្រជាជនរស់នៅយ៉ាងវេទនា +សេដ្ឋកិច្ច -សេដ្ឋកិច្ចធ្លាក់ចុះ -ទំនិញឡើងថ្លៃ -ការធ្វើពាណិជ្ជកម្មត្រូវរាំងស្ទះ -ធ្លាក់ក្នុងប្រទេសក្រីក្រ -បាត់បង់ប្រាក់ចំណូលចូលជាតិ +នយោបាយ -អស្ថេរភាពនយោបាយ -បាត់បង់ការធ្វើពាណិជ្ជកម្មជាមួយបណ្ដាប្រទេសផ្សេងៗ -ការផ្ដាច់ជំនួយពីប្រទេសមហាអំណាច -ការអនុវត្តគោលនយោបាយមិនពេញលេញ។,10,6,2,0.6,0.5686526076672946,2,6,0,0
602,បុព្វហេតុអ្វីខ្លះដែលនាំឲ្យអាណាចក្រចេនឡាបែកបាក់ជាពីរគឺអាណាចក្រចេនឡាដីគោកនិងចេនឡាទឹកលិច?,បុព្វហេតុដែលនាំហើយអាណាចក្រចេនឡាបែកជាពីរគឺ -វិសាលភាពទឹកដីធំទូលាយ -ចម្បាំងអត់ឈប់ឈរ -សមន្ដរដ្ឋបះបោរចង់ផ្ដាច់ខ្លួន -វិបត្តិផ្ទៃក្នុង -ព្រះនាងជ័យទេវីគ្មានសមត្ថភាពគ្រប់គ្រង។,បុព្វហេតុដែលនាំហើយអាណាចក្រចេនឡាបែកជាពីរគឺ -វិសាលភាពទឹកដីធំទូលាយ -ចម្បាំងអត់ឈប់ឈរ -សមន្ដរដ្ឋបះបោរចង់ផ្ដាច់ខ្លួន -វិបត្តិផ្ទៃក្នុង -ព្រះនាងជ័យទេវីគ្មានសមត្ថភាពគ្រប់គ្រង។,7,7,4,1.0,0.9774278816832895,4,7,0,0
603,តើអាណាចក្រភ្នំមានព្រំប្រទល់ជាប់ប្រទេសណាខ្លះ?,អាណាចក្រភ្នំមានព្រំប្រទល់ជាប់ប្រទេសដូចជា -ខាងជើងជាប់ចិន -ខាងត្បូងជាឈូងសមុទ្រខ្មែរ -ខាងកើតជាប់រដ្ឋចម្ប៉ា -ខាងលិចជាប់រដ្ធមនឬភូមា។,អាណាចក្រភ្នំមានព្រំប្រទល់ជាប់ប្រទេសដូចជា -ខាងជើងជាប់ចិន -ខាងត្បូងជាឈូងសមុទ្រខ្មែរ -ខាងកើតជាប់រដ្ឋចម្ប៉ា -ខាងលិចជាប់រដ្ឋមនឬភូមា។,6,6,4,1.0,0.9900460795956889,4,6,0,0
604,តើគេចែកយុគសម័យបុរេប្រវត្តិសាស្ត្រកម្ពុជាជាប៉ុន្មានយុគសម័យ?អ្វីខ្លះ?,គេចែកយុគសម័យបុរេប្រវត្តិសាស្ត្រកម្ពុជាជាបីយុគសម័យគឺ -យុគថ្មបំបែក (600000 - 12000 ឆ្នាំមុនគ.ស) -យុគថ្មរលីងឬសំលៀង (8000 - 2000 ឆ្នាំមុនគ.ស) -យុគលោហៈ(2000-100 ឆ្នាំមុនគ.ស)។,គេចែកយុគសម័យបុរេប្រវត្តិសាស្ត្រកម្ពុជាជាបីយុគសម័យគឺ -យុគថ្មបំបែក (600000 - 12000 ឆ្នាំមុនគ.ស) -យុគថ្មរលីងឬសំលៀង (8000 - 2000 ឆ្នាំមុនគ.ស) -យុគលោហៈ(2000-100 ឆ្នាំមុនគ.ស)។,5,5,4,1.0,0.9891445407849986,4,5,0,0
605,តើកត្តាអ្វីខ្លះដែលធ្វើអោយសម័យអង្គររីកចម្រើនដល់កំពូល?​ ចូលរៀបរាប់។,កត្តាដែលធ្វើអោយសម័យអង្គររីកចម្រើនគឺ: កត្តាព្រះរាជា:ព្រះរាជាចាប់ពីព្រះបាទជ័យវរ្ម័នទី 2 រហូតដល់ព្រះបាទជ័យវរ្ម័នទី 7 សុទ្ធតែជាស្ដេចខ្លាំងពូកែ កត្តានយោបាយ: នយោបាយក្នុងប្រទេសបង្រួបបង្រួមជាតិកសាងនិងការពារទឹកដី នយោបាយក្រៅប្រទេស:ចងសម្ព័ន្ធមិត្តជាមួយប្រទេសធំៗវាយយករដ្ឋតូចដាក់ជាចំណុះ កត្តាសេដ្ឋកិច្ច:រីកចម្រើនលើវិស័យកសិកម្មសិប្បកម្មគណនាគម កត្តាសាសនា:ការឯកភាពគ្នារវាងសាសនាព្រាហ្មនិងព្រះពុទ្ធ កត្តាធនធានមនុស្សបន្សល់ទុកតាំងពីសម័យនគរភ្នំនិងចេនឡាមក។,កត្តាដែលធ្វើអោយសម័យអង្គររីកចម្រើនគឺ: .កត្តាព្រះរាជា:ព្រះរាជាចាប់ពីព្រះបាទជ័យវរ្ម័នទី 2 រហូតដល់ព្រះបាទជ័យវរ្ម័នទី 7 សុទ្ធសឹងតែជាស្ដេចខ្លាំងពូកែ .កត្តានយោបាយ: +នយោបាយក្នុងប្រទេស:បង្រួបបង្រួម​ កសាង និងការពារ។ +នយោបាយក្រៅប្រទេស:ចងសម្ព័ន្ធមិត្តជាមួយប្រទេសធំៗដូចជាចិននិងឥណ្ឌា និងវាយយករដ្ឋតូចដាក់ជាចំណុះ .កត្តាសេដ្ឋកិច្ច:ការរីកចម្រើនលើវិស័យកសិកម្ម សិប្បកម្ម គណនាគមន៍ .កត្តាសាសនា:មានការឯកភាពគ្នារវាងសាសនាព្រាហ្មនិងព្រះពុទ្ធ .កត្តាធនធានមនុស្សបន្សល់ទុកតាំងពីសម័យនគរភ្នំនិងចេនឡាមក។,10,10,4,1.0,0.9710717620824149,4,10,0,0
606,តើកម្ពុជាមានបេតិកភណ្ឌអ្វីខ្លះ ដែលបានចុះបញ្ជីបេតិកភណ្ឌរូបី និង អរូបីពិភពលោករបស់អង្គការយូណេស្កូ? ចូររៀបរាប់ឱ្យបានប្រាំ។,កម្ពុជាមានបេតិកភណ្ឌដែលបានចុះបញ្ជីបេតិកភណ្ឌរូបី និង អរូបីពិភពលោករបស់អង្គការយូណេស្កូដូចជា     +ល្ខោនខោល     +រមណីយដ្ឋានអង្គរ     +ចាប៉ីដងវែង     +ប្រាសាទព្រះវិហហារ     +ល្ខោនស្រមោលស្បែកធំ     +របាំព្រះរាជទ្រព្យ     +ក្រមាខ្មែរ     +គុនល្បុកតោ     +រមណីយដ្ឋានសម្បូរព្រៃគុក,កម្ពុជាមានបេតិកភណ្ឌដែលបានចុះបញ្ជីបេតិ កភណ្ឌរូបិយនិងអរូបិយពិភពលោករបស់ អង្គការយូណេស្កូមានដូចជា÷ -រមណីយដ្ឋានប្រាសាទអង្គរវត្ត  -ប្រាសាទព្រះវិហារ  -ប្រាសាទសំបូរព្រៃគុហ៍ -ល្ខោនស្រមោលស្បែកធំ និងចាប៉ីដងវែង។,5,5,4,1.0,0.9567898666101877,4,5,0,0
607,តើសង្គមខ្មែរនៅសម័យអង្គរមានប៉ុន្មានវណ្ណៈ? វណ្ណៈអ្វីខ្លះ? ចូលរៀបរាប់។,សង្គមខ្មែរនៅសម័យអង្គរមានប្រាំវណ្ណៈគឺ -វណ្ណៈក្សត្រឬរាជវង្សនុវង្ស (ជាស្ដេចគ្រប់គ្រងប្រទេស -វណ្ណៈមន្ត្រី (អ្នករស់នៅក្នុងរាជវាំងបម្រើស្ដេច) -វណ្ណៈព្រាហ្ម៍ឬបុព្វជិត​(គឺជាអ្នកបួស) -វណ្ណៈអ្នកជាឬកសិករ (អ្នករស់នៅនឹងធ្វើស្រែចម្ការ) -វណ្ណៈអ្នកងារឬទាសករ(ទាសករបម្រើគេតកូនតចៅ)។,សង្គមខ្មែរនៅសម័យអង្គរមានប្រាំវណ្ណៈគឺ -វណ្ណៈក្សត្រឬរាជវង្សនុវង្ស: មានបុព្វសិទ្ធណាស់គ្មានការបង់ពន្ធ មានអំណាចគ្រប់គ្រាន់រស់នៅដោយស្រួលមិនចាំបាច់ធ្វើការងារ និងមិននឿយហត់ទេ -វណ្ណៈមន្ត្រី: ឋានានុក្រមរបស់ពួកគេអាចសម្គាល់តាមរយៈឥស្សតិយយសនិងចំនួនផ្ទះប្រកក្បឿងរបស់ពួកគេ។ -វណ្ណៈអ្នកបួសឬបុព្វជិត​: មានពួកប៉ាន់ឃាប ព្រាហ្ម៍បុរោហិត ជូគូនិងប៉ាវីស៊ី។ -វណ្ណៈអ្នកជា:ពួកមានឋន្តះដូចពួកឈ្មួញសិប្បករ កសិករនិងប្រជារាស្រ្ដសាមញ្ញ -វណ្ណៈអ្នកងារឬទាសករ:ពួកនេះជាអ្នកបម្រើគេអស់មួយជីវិតតកូនតចៅនេះមានឋានៈទាបបំផុតហើយត្រូវទៅធ្វើការតាមបញ្ជាគេដាក់ឲ្យនឹងគ្មានប្រាក់កម្រៃទេ។ពួកទាសកនេះមានទាសករឈ្លើយសឹក ទាសករតពូជ ទាសករជាជនជាតិភាគតិចនិងទាសករដែលគេចាប់យកមកលក់។,10,10,4,1.0,0.980860845027153,4,10,0,0
608,ដូចម្តេចដែលហៅថាមេយ៉ូស? ចូរនិយាយពីវគ្គផ្សេងៗនៃមេយ៉ូស។,មេយ៉ូសជាសំណុំនៃចំណែកកោសិកាពីរដងបន្តបន្ទាប់គ្នាដែលបង្កើតបានជាកោសិកាអាលូអុីតបួន ហៅថាមេយ៉ូស ។ _តេឡូផាស1 ស៊ីតូប្លាសចែកខ្លួនបានជាកោសិកាកូនពីរ ។កោសិកាកូននីមួយៗទទួលបានក្រូម៉ូសូម តែមួយពីរគូអូម៉ូឡូក ។ _ប្រផាស1 មានរយៈពេលវែង ។ _អាណាផាស1 ក្រូម៉ូសូមដំរៀបលើផ្លាស់ភ្ជាប់នឹងក្រយ៉ូងក្រូម៉ាទិចដោយសង់ក្រូងទ័ររបស់វា ។ _តេឡូផាស2 ក្រូម៉ូមនីមួយៗបានមកដល់ប៉ូលភ្នាស _មេតាផាស2 ក្រូម៉ូសូមប្រេះតាមបណ្ដោយភ្ជាប់ខ្លួនទៅនិងក្រយ៉ងក្រូម៉ាទិចដោយសង់ _ប្រូដាស2 ត្តយ៉ងអាក្រូម៉ាទិតកើតមានក្នុងកោសិកាគូនីមួយៗ _អាណាផាស2 សង់ក្រូម៉ែធ្វើចំណែកដែលនាំអោយក្រូម៉ាទិចបងប្អូនដាច់ចេញពីគ្នា ។បន្ទាប់មក ក្រូម៉ូសូមកូនទាំង2ធ្វើដំណើរឆ្ពោះទៅប៉ូលផ្ទុយគ្នារបស់ត្រយ៉ូងអាក្រូម៉ាទិច ។,មេយ៉ូសជាសំណុំនៃចំណែកកោសិកាពីរដងបន្តបន្ទាប់គ្នាដែលបង្កើតបានជាកោសិកាអាលូអុីតបួន ហៅថាមេយ៉ូស ។ _ប្រផាស1 មានរយៈពេលវែង ។ _អាណាផាស1 ក្រូម៉ូសូមដំរៀបលើផ្លាស់ភ្ជាប់នឹងក្រយ៉ូងក្រូម៉ាទិចដោយសង់ក្រូងទ័ររបស់វា ។ _តេឡូផាស1 ស៊ីតូប្លាសចែកខ្លួនបានជាកោសិកាកូនពីរ ។កោសិកាកូននីមួយៗទទួលបានក្រូម៉ូសូម តែមួយពីរគូអូម៉ូឡូក ។ _តេឡូផាស2 ក្រូម៉ូមនីមួយៗបានមកដល់ប៉ូលភ្នាស _មេតាផាស2 ក្រូម៉ូសូមប្រេះតាមបណ្ដោយភ្ជាប់ខ្លួនទៅនិងក្រយ៉ងក្រូម៉ាទិចដោយសង់ _ប្រូដាស2 ត្តយ៉ងអាក្រូម៉ាទិតកើតមានក្នុងកោសិកាគូនីមួយៗ,10,8,3,0.8,0.6931834005292626,3,7,0,1
609,តើអាណាចក្រភ្នំមានព្រំប្រទល់ជាប់ប្រទេសណាខ្លះ?,អាណាចក្រភ្នំមានព្រំប្រទល់ជាប់ប្រទេសដូចជា -ខាងជើងជាប់ចិន -ខាងត្បូងជាឈូងសមុទ្រខ្មែរ -ខាងកើតជាប់រដ្ឋចម្ប៉ា -ខាងលិចជាប់រដ្ធមនឬភូមា។,អាណាចក្រភ្នំមានព្រំប្រទល់ជាប់ប្រទេសដូចជា -ខាងជើងជាប់ចិន -ខាងត្បូងជាឈូងសមុទ្រខ្មែរ -ខាងកើតជាប់រដ្ឋចម្ប៉ា -ខាងលិចជាប់រដ្ឋមនឬភូមា។,6,6,4,1.0,0.9900460795956889,4,6,0,0
610,តើសេដ្ឋកិច្ចកម្ពុជាពឹងផ្អែកលើវិស័យអ្វីជាសំខាន់?     ក/ ហេតុអ្វីបានជាគេនិយាយថាកម្ពុជាជាប្រទេសកសិកម្ម?     ខ/ តើគេចែកកសិករជាប៉ុន្មានប្រភេទ?អ្វីខ្លះ?,សេដ្ឋកិច្ចកម្ពុជាពឹងផ្អែកលើវិស័យកសិកម្មជាសំខាន់។   ក/ បានជាគេនិយាយថាកម្ពុជាជាប្រទេសឧស្សាហកម្មព្រោះ៖  _  សណ្ឋានដី : ដីមានជីវជាតិល្អនិងសម្បូរទំនាបល្បាប់   _ ផ្លូវទឹក : ផ្លូវទឹកខ្វាត់ខ្វែងងាយស្រួលដល់ការដាំដុះ  _ ប្រជាជន : ប្រជាជនខ្មែរភាគច្រើនចូលចិត្តធ្វើកសិកម្ម  _ អាកាសធាតុ : ទទួលអាកាសធាតុក្តៅសើម  _ កសិកម្មផ្តល់ផល50%នៃផលិតផលជាតិសរុប។  ខ/ គេចែកកសិករទាំងនោះជា4ប្រភេទគឺ៖  _ កសិករធ្វើស្រែឬអ្នកស្រែ : និយមធ្វើស្រែ ស្រូវប្រាំង ស្រូវវស្សា ស្រូវឡើងទឹក  _ កសិករតំបន់ដីខ្ពស់ : គេដាំដំណាំជាអចិន្ត្រៃយ៍(ពោត ដំឡូង ចេក កៅស៊ូសណ្តែក)  _ កសិករធ្វើចម្ការដំណាំស្រូវ : គេដាំដំណាំតាមមាត់ទន្លេ ចិញ្ចឹមសត្វនិងនេសាទ  _ កសិករភូមិភាគឦសាន: គេធ្វើដំណាំព្រៃដុតមានដូចជាពោត ដំឡូង ស្រូវរុក្ខជាតិយកមើមដទៃទៀត និងបរបាញ់សត្វផងដែរ។,សេដ្ឋកិច្ចកម្ពុជាពឹងផ្អែកលើវិស័យកសិកម្មសំខាន់។  ក/ បានជាគេនិយាយថា កម្ពុជាជាប្រទេសកសិកម្មព្រោះ   _ ប្រទេសកម្ពុជាមានការដាំដុះស្រូវកន្លែងផ្សេងៗ   _ សម្បូរទៅដោយព្រៃឈើ   _ សម្បូរទៅដោយធម្មជាតិ   _ មានការដាំដុះបានទិន្នផលខ្ពស់។  ខ/ គេបានគេចែកកសិករទាំងនោះជា4ប្រភេទគឺ    _ កសិករដាំស្រូវ    _ កសិករមិនដាំស្រូវ    _ កសិករដីខ្ពស់     _ កសិករភូមិភាគឥសាន។,20,13,3,0.65,0.5119967378159945,2,10,1,3
611,តើអាណាចក្រភ្នំមានព្រំប្រទល់ជាប់ប្រទេសណាខ្លះ?,អាណាចក្រភ្នំមានព្រំប្រទល់ជាប់ប្រទេសដូចជា -ខាងជើងជាប់ចិន -ខាងត្បូងជាឈូងសមុទ្រខ្មែរ -ខាងកើតជាប់រដ្ឋចម្ប៉ា -ខាងលិចជាប់រដ្ធមនឬភូមា។,អាណាចក្រភ្នំមានព្រំប្រទល់ជាប់ប្រទេសដូចជា -ខាងជើងជាប់ចិន -ខាងត្បូងជាឈូងសមុទ្រខ្មែរ -ខាងកើតជាប់រដ្ឋចម្ប៉ា -ខាងលិចជាប់រដ្ឋមនឬភូមា។,6,6,4,1.0,0.9900460795956889,4,6,0,0
612,ហេតុអ្វីបានជាមនុស្សស្រូបយកខ្យល់ដែលមានកាបូនម៉ណូអុកស៊ីតអាចបង្កគ្រោះថ្នាក់ដល់ស្លាប់បាន?,បានជាមនុស្សស្រូបយកខ្យល់ដែលមានកាបូនម៉ូណូអុកស៊ីដអាចបង្កឲ្យមានគ្រោះថ្នាក់ដល់ស្លាប់ បានព្រោះកាបូនម៉ូណូអុកស៊ីដមានសមត្ថភាពចាប់យក ក្នុងឈាមបានខ្លាំងជាងអុកស៊ីសែន វារារាំងឈាមមិនឲ្យដឹកនាំអុកស៊ីសែនទៅចិញ្ចឹមសរីរាង្គជាពិសេសខួរក្បាលដែលបណ្តាលឲ្យ ស្លាប់និង សន្លប់ ។,បានជាមនុស្សស្រូបយកខ្យល់ដែលមានកាបូនម៉ូណូអុកស៊ីដអាចបង្កឲ្យមានគ្រោះថ្នាក់ដល់ស្លាប់ បានព្រោះកាបូនម៉ូណូអុកស៊ីដមានសមត្ថភាពចាប់យក ក្នុងឈាមបានខ្លាំងជាងអុកស៊ីសែន វារារាំងឈាមមិនឲ្យដឹកនាំអុកស៊ីសែនទៅចិញ្ចឹមសរីរាង្គជាពិសេសខួរក្បាលដែលបណ្តាលឲ្យ ស្លាប់និង សន្លប់ ។,5,4,3,0.8,0.8233145449565399,3,4,0,0
613,តើកត្តាអ្វីខ្លះដែលធ្វើអោយសម័យអង្គររីកចម្រើនដល់កំពូល?​ ចូលរៀបរាប់។,កត្តាដែលធ្វើអោយសម័យអង្គររីកចម្រើនគឺ: កត្តាព្រះរាជា:ព្រះរាជាចាប់ពីព្រះបាទជ័យវរ្ម័នទី 2 រហូតដល់ព្រះបាទជ័យវរ្ម័នទី 7 សុទ្ធតែជាស្ដេចខ្លាំងពូកែ កត្តានយោបាយ: នយោបាយក្នុងប្រទេសបង្រួបបង្រួមជាតិកសាងនិងការពារទឹកដី នយោបាយក្រៅប្រទេស:ចងសម្ព័ន្ធមិត្តជាមួយប្រទេសធំៗវាយយករដ្ឋតូចដាក់ជាចំណុះ កត្តាសេដ្ឋកិច្ច:រីកចម្រើនលើវិស័យកសិកម្មសិប្បកម្មគណនាគម កត្តាសាសនា:ការឯកភាពគ្នារវាងសាសនាព្រាហ្មនិងព្រះពុទ្ធ កត្តាធនធានមនុស្សបន្សល់ទុកតាំងពីសម័យនគរភ្នំនិងចេនឡាមក។,កត្តាដែលធ្វើអោយសម័យអង្គររីកចម្រើនគឺ: .កត្តាព្រះរាជា:ព្រះរាជាចាប់ពីព្រះបាទជ័យវរ្ម័នទី 2 រហូតដល់ព្រះបាទជ័យវរ្ម័នទី 7 សុទ្ធសឹងតែជាស្ដេចខ្លាំងពូកែ .កត្តានយោបាយ: +នយោបាយក្នុងប្រទេស:បង្រួបបង្រួម​ កសាង និងការពារ។ +នយោបាយក្រៅប្រទេស:ចងសម្ព័ន្ធមិត្តជាមួយប្រទេសធំៗដូចជាចិននិងឥណ្ឌា និងវាយយករដ្ឋតូចដាក់ជាចំណុះ .កត្តាសេដ្ឋកិច្ច:ការរីកចម្រើនលើវិស័យកសិកម្ម សិប្បកម្ម គណនាគមន៍ .កត្តាសាសនា:មានការឯកភាពគ្នារវាងសាសនាព្រាហ្មនិងព្រះពុទ្ធ .កត្តាធនធានមនុស្សបន្សល់ទុកតាំងពីសម័យនគរភ្នំនិងចេនឡាមក។,10,10,4,1.0,0.9710717620824149,4,10,0,0
614,តើអ្វីជាសង្គ្រាមត្រជាក់? តើសង្គ្រាមត្រជាក់ផ្ដល់ផលវិបាកអ្វីខ្លះដល់កម្ពុជា?,សង្គ្រាមត្រជាក់ជាការប្រឈមមុខដាក់គ្នាដោយប្រយោលរវាងសហរដ្ឋអាមេរិចនិងសហភាពសូវៀត ដោយធ្វើការប្រណាំងប្រជែងគ្នាលើផ្នែក  សេដ្ឋកិច សព្វាវុធ យោធា និងបច្ចេកទេស។ សង្រ្គាមត្រជាក់បានផ្ដល់ផលវិបាកកម្ពុជាដូចជា៖ -គ្រាប់បែករបស់សហរដ្ឋអាមេរិក 1669 ដល់ 1973  -សង្គ្រាមស៊ីវិលក្នុងប្រទេសពីឆ្នាំ 1970 ដល់ 1975 និងកើតមានម្តងទៀតពីឆ្នាំ 1979 ដល់ឆ្នាំ 1991 ដែលកើតចេញពីការប្រឆាំងគ្នារវាងក្រុមកុម្មុយនិស្តនិងសេរីនិយម -ការសម្លាប់ប្រជាជនឯងក្រោមរបស់ប្រល័យពូជសាសន៍ឆ្នាំ 1975 និងឆ្នាំ 1979  -ការផ្លាស់ប្ដូរនយោបាយជាញឹកញាប់រហូតមានការមានកិច្ចព្រមព្រៀងសន្តិភាពក្រុងប៉ារីសថ្ងៃទី 23 តុលាឆ្នាំ 1991។,ដែលហៅថាសង្គ្រាមត្រជាក់ គឺជាសង្គ្រាមដែលកើតឡើងរវាងប្រទេសមហាអំណាច និងប្រទេសដទៃទៀត។ សង្រ្គាមត្រជាក់បានផ្ដល់ផលវិបាកកម្ពុជាដូចជា៖ -ប៉ះពាល់ដល់វិស័យពាណិជ្ជកម្មក្នុងប្រទេសកម្ពុជា -សេដ្ឋកិច្ចធ្លាក់ចុះ -ប៉ះពាល់ដល់ប្រព័ន្ធអប់រំ -អាចបិទផ្លូវគមនាគមន៌ -ប្រទេសមានចលាចលបាត់បង់ការគ្រប់គ្រង់ក្នុងប្រទេស -បក្សពួកនិយមធ្វើការប្រឆាំងនឹងព្រះមហាក្សត្រ -ធ្វើឱ្យនយោបាយអព្យាក្រឹតដើរមិនចំទិស -កម្ពុជាធ្លាក់ក្នុងភ្នក់ភ្លើងសង្គ្រាម -កង្វះខាតស្បៀងអាហារ -តម្លៃទំនិញឡើងថ្លៃ។,10,7,3,0.7,0.5395955646750316,2,5,1,2
615,តើសេដ្ឋកិច្ចកម្ពុជាពឹងផ្អែកលើវិស័យអ្វីជាសំខាន់?     ក/ ហេតុអ្វីបានជាគេនិយាយថាកម្ពុជាជាប្រទេសកសិកម្ម?     ខ/ តើគេចែកកសិករជាប៉ុន្មានប្រភេទ?អ្វីខ្លះ?,សេដ្ឋកិច្ចកម្ពុជាពឹងផ្អែកលើវិស័យកសិកម្មជាសំខាន់។   ក/ បានជាគេនិយាយថាកម្ពុជាជាប្រទេសឧស្សាហកម្មព្រោះ៖  _  សណ្ឋានដី : ដីមានជីវជាតិល្អនិងសម្បូរទំនាបល្បាប់   _ ផ្លូវទឹក : ផ្លូវទឹកខ្វាត់ខ្វែងងាយស្រួលដល់ការដាំដុះ  _ ប្រជាជន : ប្រជាជនខ្មែរភាគច្រើនចូលចិត្តធ្វើកសិកម្ម  _ អាកាសធាតុ : ទទួលអាកាសធាតុក្តៅសើម  _ កសិកម្មផ្តល់ផល50%នៃផលិតផលជាតិសរុប។  ខ/ គេចែកកសិករទាំងនោះជា4ប្រភេទគឺ៖  _ កសិករធ្វើស្រែឬអ្នកស្រែ : និយមធ្វើស្រែ ស្រូវប្រាំង ស្រូវវស្សា ស្រូវឡើងទឹក  _ កសិករតំបន់ដីខ្ពស់ : គេដាំដំណាំជាអចិន្ត្រៃយ៍(ពោត ដំឡូង ចេក កៅស៊ូសណ្តែក)  _ កសិករធ្វើចម្ការដំណាំស្រូវ : គេដាំដំណាំតាមមាត់ទន្លេ ចិញ្ចឹមសត្វនិងនេសាទ  _ កសិករភូមិភាគឦសាន: គេធ្វើដំណាំព្រៃដុតមានដូចជាពោត ដំឡូង ស្រូវរុក្ខជាតិយកមើមដទៃទៀត និងបរបាញ់សត្វផងដែរ។,សេដ្ឋកិច្ចកម្ពុជាពឹងផ្អែកលើវិស័យកសិកម្មជាសំខាន់ -ក៏បានគេគេថាកម្ពុជាជាប្រទេសកសិកម្មដូចជា -ប្រទេសកម្ពុជាសម្បូរទៅដោយដីមានជាវិជ្ជាសុំខាននូវការធ្វើស្រូវ -មានព្រៃឈើ -នៅកម្ពុជាសម្បូរទៅដោយធនធានធម្មជាតិ  -ការនាំចេញផលិតផលកសិកម្មទៅក្រៅស្រុកនៅមានការវិនិយោគពីក្រៅប្រទេស +កសិករស្រែចម្ការ -កសិករដំណាំស្រូវថាគេចែកចេញជាពីរ។ +កសិករបើចំណាត់ការ និងកសិករ -ដំណាំស្រូវកសិករស្រែចម្ការការ ដំណាំពោតសណ្តែក -ដំណាំចេញផលទៅលក់នៅទីផ្សារ -ការដាំដំណាំដោយធម្មជាតិគ្មានប្រើប្រាស់ជីគីមី -កសិករធ្វើស្រែចម្ការនេះមិនសំដៅទៅលើកសិករដែលធ្វើដំណាំស្រូវទេនោះគឺសំដៅទៅលើការដាំដំណាំហូបផ្លែ នាំចេញផលិតផលទៅក្រៅស្រុក +កសិករដំណាំស្រូវ -ការដាំដំណាំស្រូបយកអង្ករ -គ្រួសារខ្លះធ្វើស្រូវដាំសម្រាប់ផ្គត់ផ្គង់គ្រួសារតែគ្រួសារខ្លះទៀតធ្វើស្រូវសម្រាប់លក់ខ្លះនិងទុកហូបខ្លះ -ការដាំស្រូវជាតម្រូវការរបស់ប្រជាជនខ្មែរទាំងអស់។,20,14,3,0.7,0.5815339217519446,2,12,1,2
616,បុព្វហេតុអ្វីខ្លះដែលនាំឲ្យអាណាចក្រចេនឡាបែកបាក់ជាពីរគឺអាណាចក្រចេនឡាដីគោកនិងចេនឡាទឹកលិច?,បុព្វហេតុដែលនាំហើយអាណាចក្រចេនឡាបែកជាពីរគឺ -វិសាលភាពទឹកដីធំទូលាយ -ចម្បាំងអត់ឈប់ឈរ -សមន្ដរដ្ឋបះបោរចង់ផ្ដាច់ខ្លួន -វិបត្តិផ្ទៃក្នុង -ព្រះនាងជ័យទេវីគ្មានសមត្ថភាពគ្រប់គ្រង។,បុព្វហេតុដែលនាំហើយអាណាចក្រចេនឡាបែកជាពីរគឺ -វិសាលភាពទឹកដីធំទូលាយ -ចម្បាំងអត់ឈប់ឈរ -សមន្ដរដ្ឋបះបោរចង់ផ្ដាច់ខ្លួន -វិបត្តិផ្ទៃក្នុង -ព្រះនាងជ័យទេវីគ្មានសមត្ថភាពគ្រប់គ្រង។,7,7,4,1.0,0.9774278816832895,4,7,0,0
617,បុព្វហេតុអ្វីខ្លះដែលនាំឲ្យអាណាចក្រចេនឡាបែកបាក់ជាពីរគឺអាណាចក្រចេនឡាដីគោកនិងចេនឡាទឹកលិច?,បុព្វហេតុដែលនាំហើយអាណាចក្រចេនឡាបែកជាពីរគឺ -វិសាលភាពទឹកដីធំទូលាយ -ចម្បាំងអត់ឈប់ឈរ -សមន្ដរដ្ឋបះបោរចង់ផ្ដាច់ខ្លួន -វិបត្តិផ្ទៃក្នុង -ព្រះនាងជ័យទេវីគ្មានសមត្ថភាពគ្រប់គ្រង។,បុព្វហេតុដែលនាំហើយអាណាចក្រចេនឡាបែកជាពីរគឺ -វិសាលភាពទឹកដីធំទូលាយ -ចម្បាំងអត់ឈប់ឈរ -សមន្ដរដ្ឋបះបោរចង់ផ្ដាច់ខ្លួន -វិបត្តិផ្ទៃក្នុង -ព្រះនាងជ័យទេវីគ្មានសមត្ថភាពគ្រប់គ្រង។,7,7,4,1.0,0.9774278816832895,4,7,0,0
618,តើមូលហេតុអ្វីបានជាព្រះបាទពញាយ៉ាត ជ្រើសរើសយកចតុមុខធ្វើជារាជធានី?,បានជាព្រះបាទពញាយ៉ាតជ្រើសរើសក្រុងចតុមុខជារាជធានីព្រោះ មានទីតាំងភូមិសាស្ត្រល្អ គេចពីសត្រូវឈ្លានពានសៀម ដីមានជីវជាតិងាយស្រួលក្នុងការធ្វើកសិកម្ម ជាទីប្រសព្វនៃជំនួសទាំងផ្លូវគោកនិងផ្លូវទឹក សម្បូរផ្លូវក្នុងការធ្វើកសិកម្មនិងជំនួញ ភាពខាងត្បូងដីមានប្រជាជនច្រើននិងធនធានដើម្បីកសាងសេដ្ឋកិច្ចជាតិ។,បានជាព្រះបាទពញាយ៉ាតជ្រើសរើសក្រុងចតុមុខជារាជធានីព្រោះ មានទីតាំងភូមិសាស្ត្រល្អ គេចពីសត្រូវឈ្លានពានសៀម ដីមានជីវជាតិងាយស្រួលក្នុងការធ្វើកសិកម្ម ជាទីប្រសព្វនៃជំនួសទាំងផ្លូវគោកនិងផ្លូវទឹក សម្បូរផ្លូវក្នុងការធ្វើកសិកម្មនិងជំនួញ ភាពខាងត្បូងដីមានប្រជាជនច្រើននិងធនធានដើម្បីកសាងសេដ្ឋកិច្ចជាតិ។,10,10,4,1.0,0.9827668995036225,4,10,0,0
619,តើប្រព័ន្ធផលិតកម្មកសិកម្មនៅក្នុងប្រទេសកម្ពុជាមានអ្វីខ្លះ?ចូររៀបរាប់​ ។,ប្រព័ន្ធផលិតកម្មកសិកម្មនៅប្រទេសកម្ពុជាមាន៖    _ ដំណាំ : ដំណាំស្រូវ ដំណាំកៅស៊ូ ដំណាំផ្សេងៗទៀត    _ ការចិញ្ចឹមសត្វ : ការចិញ្ចឹមសត្វលើគោក ការចិញ្ចឹមសត្វក្នុងទឹក    _ ការនេសាទ : ការនេសាទទឹកសាប ការនេសាទទឹកប្រៃ  _ ព្រៃឈើ : ផលិតផលឈើ អនុផលព្រៃឈើ(រកឃ្មុំ ជ័រទឹក វល្លិ៍ ផ្តៅ) សត្វព្រៃ ។,ប្រព័ន្ធផលិតកម្មកសិកម្មនៅប្រទេសកម្ពុជាមាន៖    _ ដំណាំ : ដំណាំស្រូវ ដំណាំកៅស៊ូ ដំណាំផ្សេងៗទៀត    _ ការចិញ្ចឹមសត្វ : ការចិញ្ចឹមសត្វលើគោក ការចិញ្ចឹមសត្វក្នុងទឹក    _ ការនេសាទ : ការនេសាទទឹកសាប ការនេសាទទឹកប្រៃ  _ ព្រៃឈើ : ផលិតផលឈើ អនុផលព្រៃឈើ(រកឃ្មុំ ជ័រទឹក វល្លិ៍ ផ្តៅ) សត្វព្រៃ ។,10,10,4,1.0,0.9376539373736332,4,9,0,1
620,តើកត្តាអ្វីខ្លះដែលបណ្ដាលឲ្យសៀមវាយបែកបន្ទាយលង្វែក?,កត្តាដែលបណ្ដាលឲ្យសៀមវាយបន្ទាយលង្វែកព្រះរាជាព្រះសត្ថាទីមួយឆោតល្ងង់ទៅជួយរំដោះក្រុងឰយុធ្យារបស់សៀមមកពីការត្រួតត្រាភូមាសៀមរមិលគុណប្រើល្បិចបញ្ជូនសល់ពីរអង្គ យកការវិបត្តិផ្ទៃក្នុងជាជួរជលសារលោករវល់ នាដើមម៉ឺនមន្ត្រីប្រជារាស្ត្រមិនពេញចិត្តដែលតែងទៅកូនអាយុដប់មួយវស្សា ឲ្យកូនរៀននៅ ក្នុងនាម មហាឧបរាជ ធ្វើឲ្យប្រជារាស្ត្របាត់បង់ស្មារតីប្រយុទ្ធប្រជារាស្ត្រខ្មែរក្រីក្រឆោតល្ងង់ចង់បានប្រាក់ដួលក៏នាំគ្នាកាប់ឆ្ការគុម្ពឫស្សីដែលជារបងការពារបន្ទាយលង្វែកដ៏រឹងមាំ រីប្រទេសខ្មែរហាក់បីដូចជាបាត់បង់សាមគ្គីដូចជាស្ថានីយមួយនាំកូនទាំងពីររត់ភៀសខ្លួនទៅប្រទេសឡាវមិនគិតពីប្រជារាស្ត្រនាំឲ្យប្រជាជន អស់ជំនឿ,កត្តាដែលបណ្ដាលឲ្យសៀមវាយបន្ទាយលង្វែកព្រះរាជាព្រះសត្ថាទីមួយឆោតល្ងង់ទៅជួយរំដោះក្រុងឰយុធ្យារបស់សៀមមកពីការត្រួតត្រាភូមាសៀមរមិលគុណប្រើល្បិចបញ្ជូនសល់ពីរអង្គ យកការវិបត្តិផ្ទៃក្នុងជាជួរជលសារលោករវល់ នាដើមម៉ឺនមន្ត្រីប្រជារាស្ត្រមិនពេញចិត្តដែលតែងទៅកូនអាយុដប់មួយវស្សា ឲ្យកូនរៀននៅ ក្នុងនាម មហាឧបរាជ ធ្វើឲ្យប្រជារាស្ត្របាត់បង់ស្មារតីប្រយុទ្ធប្រជារាស្ត្រខ្មែរក្រីក្រឆោតល្ងង់ចង់បានប្រាក់ដួលក៏នាំគ្នាកាប់ឆ្ការគុម្ពឫស្សីដែលជារបងការពារបន្ទាយលង្វែកដ៏រឹងមាំ រីប្រទេសខ្មែរហាក់បីដូចជាបាត់បង់សាមគ្គីដូចជាស្ថានីយមួយនាំកូនទាំងពីររត់ភៀសខ្លួនទៅប្រទេសឡាវមិនគិតពីប្រជារាស្ត្រនាំឲ្យប្រជាជន អស់ជំនឿ,10,9,4,0.9,0.971920121462595,4,10,0,1
621,តើព្រះអង្គឌួងមានស្នាព្រហស្ថអ្វីខ្លះចំពោះប្រទេសជាតិនិងប្រជារាស្ត្រខ្មែរ?,ព្រះបាទអង្គឌួងមានស្នាព្រហស្តដូចជាផ្នែករដ្ឋបាលរៀបចំប្រព័ន្ធរដ្ឋបាលនិងច្បាប់ទម្លាប់ស្ដារឡើងវិញមានរបៀបផ្នែកសេដ្ឋកិច្ចលើកស្ទួយវិស័យកសិកម្មជួសជុលប្រព័ន្ធ សេះនិងពាណិជ្ជកម្ម ភ្នែកបរទេសស្វែងរកជំនួយពីបារាំងដើម្បីទប់ទល់នឹងការត្រួតត្រាយួននិងសៀម ផ្នែកវប្បធម៌លើកស្ទួយវប្បធម៌អក្សរសាស្ត្រខ្មែរនិង សាសនា កត្តាផ្ទៃក្នុង ការបែកបាក់រាជវង្សានុវង្សបែកបាក់សាមគ្គី។,ព្រះអង្គដួលមានស្នាព្រហស្តចំពោះប្រទេសជាតិនិងប្រជារាស្ត្រខ្មែរ ការពារទឹកដីខ្មែរពីចោរកម្មសៀមនិងយួន ទាក់ទងជាមួយបារាំងដើម្បីការពារប្រទេសកម្ពុជា កសាងក្រុងឧដុង្គកំពង់ផែកំពតកំពង់ផែ ថៃកំពង់ផែហ្វូងកសាងផ្លូវគមនាគមន៍ កសាងវប្បធម៌ខ្មែរវត្តអារាមសាលារៀនសាកលវិទ្យាល័យអក្សរសាស្ត្រគំរាមច្បាប់ស្រី រៀបចំរដ្ឋបាលស្រុកទេសច្បាប់ទម្លាប់ហាមនេសាទត្រីល្មើសច្បាប់ដាក់ទណ្ឌកម្មដល់អ្នកញៀនអាភៀនស្រាល្បែង។,15,15,4,1.0,0.9665939441487892,4,14,0,1
622,ហេតុអ្វីបានជាផ្នែកឯកជនជាកម្លាំងដ៏សំខាន់សម្រាប់វិនិយោគនិងធ្វើឲ្យមានកំណើនសេដ្ឋកិច្ចក្នុងប្រទេស?,បានជាផ្នែកឯកជនជាកម្លាំងដ៏សំខាន់សម្រាប់វិនិយោគនិងធ្វើឲ្យមានកំណើនសេដ្ឋកិច្ចក្នុងប្រទេស ព្រោះប្រទេសកម្ពុជាជាប្រទេសអភិវឌ្ឍន៍ សេដ្ឋកិច្ចទីផ្សារដោយបានធ្វើកំណែទម្រង់សហគ្រាសឧស្សាហកម្មឲ្យក្លាយទៅជាកម្មសិទ្ធិឯកជន ។ សេដ្ឋកិច្ចទីផ្សារសេរីនេះនាំឲ្យអ្នករកស៊ីបរទេសចូលចិត្តមកវិនិយោគ ហើយកាលណាផ្នែកឯកជនរឹងមាំមកវិនិយោគ ហើយកាលណាផ្នែកឯកជនមិនរឹងមាំអាចបំពេញបន្ថែមវិនិយោគនិងវិស័យសង្គមកិច្ចមានន័យថាវិស័យឯកជនស្រូបយកកម្លាំងការងារកាន់តែកើនឡើង។,បានជាផ្នែកឯកជនជាកម្លាំងដ៏សំខាន់សម្រាប់វិនិយោគ និងធ្វើឱ្យមានកំណើនសេដ្ឋកិច្ចក្នុងប្រទេសមានដូចជា៖  _ ទទួលបានប្រាក់ចំណូលចូលជាតិ ប្រាក់ចូលទៅរដ្ឋ  _ ផលិតផលមានគុណភាព និងស្តង់ដារជាងមុន  _ មានភ្ញៀវទេសចរណ៍ច្រើនជាងមុន  _ មានការចំណេញរាល់គ្រប់ការងារ ទាំងក្នុងនិងក្រៅប្រទេស  _កែច្នៃផលិតផលចាស់ទៅជាផលិតផលថ្មី  _ ប្រទេសមានការអភិវឌ្ឍន៍និងការរីកចម្រើន។,15,5,1,0.3333333333333333,0.26958734921523025,1,4,0,1
623,តើប្រទេសកម្ពុជាចូលជាសមាជិក សហគមន៍អាស៊ីអាគ្នេយ៍ទទួលផលវិជ្ជមាននិងអវិជ្ជមានដូចម្តេចខ្លះ?,ពណ៌នាពីពីការអភិវឌ្ឍសេដ្ឋកិច្ច សង្គម នៅកម្ពុជាពីឆ្នាំ១៩៩៣ មកទល់សព្វថ្ងៃ .វិស័យសេដ្ឋកិច្ច:  +សេដ្ឋកិច្ចកម្ពុជាមានការរីកចម្រើនឡើងជាបន្តបន្ទាប់ដែលធ្វើឲ្យប្រទេសកម្ពុជាមានជីវភាពល្អប្រសើរ។ +កសិកម្មរីកចម្រើនខាងដាំដំណាំស្រូវទទួលបានទិន្នផលខ្ពស់ជាបន្តបន្ទាប់ +ឧស្សាហកម្មមានតំណាងរោងចក្រច្រើនកន្លែងនិងលើកឡើងនៅសហគ្រឿងធំៗដែលបានផ្ដល់ចំណូលដល់ប្រជាពលរដ្ឋ +ពាណិជ្ជកម្មកាលនាំចូលមកក្នុងប្រទេសនិងមានវិនិយោគក្នុងប្រទេស +គមនាគមន៍កសាងស្ពានផ្លូវថ្នល់អាកាសយានដ្ឋានផ្គត់ផ្គង់ប្រព័ន្ធទឹកពីទីក្រុងដល់ជនបទ កំពុងផែ +ហិរញ្ញវត្ថុមានស្ថេរភាពក្នុងអត្រាប្ដូរប្រាក់ +ធនាគារលើកឡើងនៅធនាគារជាតិហ្នឹងឯកជនជាច្រើន .វិស័យសង្គម +ការអប់រំសិក្សា បង្កើតសាលារៀនគ្រប់កម្រិតពីមត្តីរហូតដល់ឧត្តមសិក្សាបណ្ដុះបណ្ដាលធនធានមនុស្សនិងបញ្ជូននិស្សិតឲ្យទៅរៀននៅក្រៅប្រទេស។ +វប្បធម៌អរិយធម៌ ស្ដារវប្បធម៌ឡើងវិញនិងដាក់បញ្ចូលជាសម្បត្តិបេតិកភណ្ឌពិភពលោកចាប់ផ្ដើមប្រជាជនមានសិទ្ធិជឿលើសាសនា។ +សុខាភិបាលបង្កើតឲ្យមានមន្ទីរពេទ្យលោកសុខភាពនិងឱសថសាស្ត្រ +សិល្បៈបង្កើតឲ្យមានសាលាសាកលវិទ្យាល័យសិល្បៈ.,+ផលវិជ្ជមាន -កម្ពុជាអាចមានទំនាក់ទំនងពាណិជ្ជកម្មជាមួយនឹងប្រទេសដែលជាសមាជិកក្នុងតំបន់ -កម្ពុជាមានឱកាសគប់ប្រជែងខ្ពស់ជាមួយនឹងប្រទេសក្នុងតំបន់ដែលអាចធ្វើឲ្យសេដ្ឋកិច្ចខ្មែររីកចម្រើន -កម្ពុជាទទួលបានកំណើនទេសចរណ៍និងភ្ញៀវទេសចរណ៍អន្តរជាតិ -កម្ពុជាចូលរួមក្នុងការដោះស្រាយបញ្ហាជាមួយនឹងប្រទេសដែលជាសមាជិកអាស៊ាន -មានការផ្លាស់ប្ដូរនៅផ្នែកចំណេះដឹងសង្គមវប្បធម៌និងកីឡាពីប្រទេសផ្សេងៗដែលជាសមាជិកអាស៊ាន -មានការប្ដូរគ្នាទៅវិញទៅមកនៅវិស័យអប់រំជាសាបខ្សែវិទ្យាព័ត៌មានថ្មីៗបន្ថែមទៀត -កម្ពុជាទទួលបានផលវិជ្ជមានដ្ឋាននិងសេដ្ឋកិច្ចរីកចម្រើននិងមានមុខមាត់លើឆាកអន្តរជាតិហើយគេស្គាល់ប្រទេសកម្ពុជាជាច្រើន -កម្ពុជាមានទំនាក់ទំនងល្អជាមួយប្រទេសផ្សេងៗជាភាសាទប្រទេសដែលជាសមាជិកអាស៊ាន +ផលអវិជ្ជមាន -កម្ពុជាមិនមែនជាដៃគូរគោកប្រជែងជាមួយប្រទេសដែលជាសម័យអាស៊ានទេ។ -ការនាំចេញមានគំនិតទាបជាងការនាំចូល -កម្ពុជាជាទីផ្សាររបស់គេ -កម្ពុជាត្រូវការជំនួយពីបរទេស -ប្រធានមនុស្សនិងសម្ភារៈនៅមានកម្រិតនៅឡើយ។,10,10,4,1.0,0.9357561475270639,4,9,0,1
624,តើព្រះបាទពញាយ៉ាតមានបុត្រប៉ុន្មានអង្គព្រះនាមអ្វីខ្លះ?ជាមួយអ្នកម្នាងណាខ្លះ?,ព្រះបាទពញាយ៉ាតមានបុត្របីអង្គគឺ នារាយណ៍រាជា ជាបុត្រជាមួយម្នាងទេវី ស្រីរាជាជាបុត្រជាមួយបុទុមកេសរ និងធម្មរាជាជាបុត្រជាមួយសុីសង៉ាម(បុត្រីស្ដេចសៀម)។,ព្រះបាទពញាយ៉ាតមានបុត្របីនាក់ធម្មរាជាស្រីសុរិយោពណ៌ស្រីរាជា។,5,3,2,0.6,0.5199618516009608,2,3,0,0
625,ដូចម្តេចដែលហៅថាមេយ៉ូស? ចូរនិយាយពីវគ្គផ្សេងៗនៃមេយ៉ូស។,មេយ៉ូសជាសំណុំនៃចំណែកកោសិកាពីរដងបន្តបន្ទាប់គ្នាដែលបង្កើតបានជាកោសិកាអាលូអុីតបួន ហៅថាមេយ៉ូស ។ _តេឡូផាស1 ស៊ីតូប្លាសចែកខ្លួនបានជាកោសិកាកូនពីរ ។កោសិកាកូននីមួយៗទទួលបានក្រូម៉ូសូម តែមួយពីរគូអូម៉ូឡូក ។ _ប្រផាស1 មានរយៈពេលវែង ។ _អាណាផាស1 ក្រូម៉ូសូមដំរៀបលើផ្លាស់ភ្ជាប់នឹងក្រយ៉ូងក្រូម៉ាទិចដោយសង់ក្រូងទ័ររបស់វា ។ _តេឡូផាស2 ក្រូម៉ូមនីមួយៗបានមកដល់ប៉ូលភ្នាស _មេតាផាស2 ក្រូម៉ូសូមប្រេះតាមបណ្ដោយភ្ជាប់ខ្លួនទៅនិងក្រយ៉ងក្រូម៉ាទិចដោយសង់ _ប្រូដាស2 ត្តយ៉ងអាក្រូម៉ាទិតកើតមានក្នុងកោសិកាគូនីមួយៗ _អាណាផាស2 សង់ក្រូម៉ែធ្វើចំណែកដែលនាំអោយក្រូម៉ាទិចបងប្អូនដាច់ចេញពីគ្នា ។បន្ទាប់មក ក្រូម៉ូសូមកូនទាំង2ធ្វើដំណើរឆ្ពោះទៅប៉ូលផ្ទុយគ្នារបស់ត្រយ៉ូងអាក្រូម៉ាទិច ។,ដែលហៅថាមេយ៉ូសគឺជាសំណុំនៃចំណែកកោសិកាពីដងបន្តបន្ទាប់គ្នាបង្កើតបានជាកោសិកា អាប្លូអុីត4 ។វគ្គផ្សេងនៃមេយ៉ូសមានដូចជា  _ប្រផាស1 មានរយៈពេលវែង ។ _អាណាផាស1 ក្រូម៉ូសូមដំរៀបលើផ្លាស់ភ្ជាប់នឹងក្រយ៉ូងក្រូម៉ាទិចដោយសង់ក្រូងទ័ររបស់វា ។ _តេឡូផាស1 ស៊ីតូប្លាសចែកខ្លួនបានជាកោសិកាកូនពីរ ។កោសិកាកូននីមួយៗទទួលបានក្រូម៉ូសូម តែមួយពីរគូអូម៉ូឡូក ។,10,6,2,0.6,0.6073809441601797,2,6,0,0
