idx,Question,Reference,Answer,Max Score,true_raw,true_label,true_score,pred_score,pred_label,pred_raw,abs_error,raw_abs_error
0,ដូចម្តេចដែលហៅថាមេយ៉ូស? ចូរនិយាយពីវគ្គផ្សេងៗនៃមេយ៉ូស។,មេយ៉ូសជាសំណុំនៃចំណែកកោសិកាពីរដងបន្តបន្ទាប់គ្នាដែលបង្កើតបានជាកោសិកាអាលូអុីតបួន ហៅថាមេយ៉ូស ។ _តេឡូផាស1 ស៊ីតូប្លាសចែកខ្លួនបានជាកោសិកាកូនពីរ ។កោសិកាកូននីមួយៗទទួលបានក្រូម៉ូសូម តែមួយពីរគូអូម៉ូឡូក ។ _ប្រផាស1 មានរយៈពេលវែង ។ _អាណាផាស1 ក្រូម៉ូសូមដំរៀបលើផ្លាស់ភ្ជាប់នឹងក្រយ៉ូងក្រូម៉ាទិចដោយសង់ក្រូងទ័ររបស់វា ។ _តេឡូផាស2 ក្រូម៉ូមនីមួយៗបានមកដល់ប៉ូលភ្នាស _មេតាផាស2 ក្រូម៉ូសូមប្រេះតាមបណ្ដោយភ្ជាប់ខ្លួនទៅនិងក្រយ៉ងក្រូម៉ាទិចដោយសង់ _ប្រូដាស2 ត្តយ៉ងអាក្រូម៉ាទិតកើតមានក្នុងកោសិកាគូនីមួយៗ _អាណាផាស2 សង់ក្រូម៉ែធ្វើចំណែកដែលនាំអោយក្រូម៉ាទិចបងប្អូនដាច់ចេញពីគ្នា ។បន្ទាប់មក ក្រូម៉ូសូមកូនទាំង2ធ្វើដំណើរឆ្ពោះទៅប៉ូលផ្ទុយគ្នារបស់ត្រយ៉ូងអាក្រូម៉ាទិច ។,មេយ៉ូសជាសំណុំនៃចំណែកកោសិកាពីរដងបន្តបន្ទាប់គ្នាដែលបង្កើតបានជាកោសិកាអាលូអុីតបួន ហៅថាមេយ៉ូស ។មានបួនវគ្គគឺ ប្រូផាស អាណាផាស មេតាផាស និង តេឡូផាស ។,10,4,2,0.4,0.3872975717277597,2,4,0,0
1,បុព្វហេតុអ្វីខ្លះដែលនាំឲ្យអាណាចក្រចេនឡាបែកបាក់ជាពីរគឺអាណាចក្រចេនឡាដីគោកនិងចេនឡាទឹកលិច?,បុព្វហេតុដែលនាំហើយអាណាចក្រចេនឡាបែកជាពីរគឺ -វិសាលភាពទឹកដីធំទូលាយ -ចម្បាំងអត់ឈប់ឈរ -សមន្ដរដ្ឋបះបោរចង់ផ្ដាច់ខ្លួន -វិបត្តិផ្ទៃក្នុង -ព្រះនាងជ័យទេវីគ្មានសមត្ថភាពគ្រប់គ្រង។,បុព្វហេតុដែលនាំហើយអាណាចក្រចេនឡាបែកជាពីរគឺ -វិសាលភាពទឹកដីធំទូលាយ -ចម្បាំងអត់ឈប់ឈរ -សមន្ដរដ្ឋបះបោរចង់ផ្ដាច់ខ្លួន -វិបត្តិផ្ទៃក្នុង -ព្រះនាងជ័យទេវីគ្មានសមត្ថភាពគ្រប់គ្រង។,7,7,4,1.0,1.0,4,7,0,0
2,តើកត្តាអ្វីខ្លះដែលធ្វើអោយសម័យអង្គររីកចម្រើនដល់កំពូល?​ ចូលរៀបរាប់។,កត្តាដែលធ្វើអោយសម័យអង្គររីកចម្រើនគឺ: កត្តាព្រះរាជា:ព្រះរាជាចាប់ពីព្រះបាទជ័យវរ្ម័នទី 2 រហូតដល់ព្រះបាទជ័យវរ្ម័នទី 7 សុទ្ធតែជាស្ដេចខ្លាំងពូកែ កត្តានយោបាយ: នយោបាយក្នុងប្រទេសបង្រួបបង្រួមជាតិកសាងនិងការពារទឹកដី នយោបាយក្រៅប្រទេស:ចងសម្ព័ន្ធមិត្តជាមួយប្រទេសធំៗវាយយករដ្ឋតូចដាក់ជាចំណុះ កត្តាសេដ្ឋកិច្ច:រីកចម្រើនលើវិស័យកសិកម្មសិប្បកម្មគណនាគម កត្តាសាសនា:ការឯកភាពគ្នារវាងសាសនាព្រាហ្មនិងព្រះពុទ្ធ កត្តាធនធានមនុស្សបន្សល់ទុកតាំងពីសម័យនគរភ្នំនិងចេនឡាមក។,កត្តាដែលធ្វើអោយសម័យអង្គររីកចម្រើនគឺ: កត្តាព្រះរាជា:ព្រះរាជាចាប់ពីព្រះបាទជ័យវរ្ម័នទី 2 រហូតដល់ព្រះបាទជ័យវរ្ម័នទី 7 សុទ្ធសឹងតែជាស្ដេចខ្លាំងពូកែ កត្តានយោបាយ: នយោបាយក្នុងប្រទេសបង្រួបបង្រួមជាតិកសាងនិងការពារទឹកដី នយោបាយក្រៅប្រទេស:ចងសម្ព័ន្ធមិត្តជាមួយប្រទេសធំៗវាយយករដ្ឋតូចដាក់ជាចំណុះ កត្តាសេដ្ឋកិច្ច:រីកចម្រើនលើវិស័យកសិកម្មសិប្បកម្មគណនាគមន៍ កត្តាសាសនា:ការឯកភាពគ្នារវាងសាសនាព្រាហ្មនិងព្រះពុទ្ធ កត្តាធនធានមនុស្សបន្សល់ទុកតាំងពីសម័យនគរភ្នំនិងចេនឡាមក។,10,10,4,1.0,0.9859486729814584,4,10,0,0
3,ចូរប្រៀបធៀបលក្ខណៈខុសគ្នានៃផ្សិត និងរុក្ខជាតិ។,លក្ខណៈខុសគ្នានៃផ្សិតនិងរុក្ខជាតិ +ផ្សិត  -ផ្សិតបន្តពូជតាមរយៈស្ប៉ -ផ្សិតមិនធ្វើរស្មីសំយោគ -អុីប -វារស់នៅកន្លែងសើម +រុក្ខជាតិ -បន្តពូជដោយគ្រាប់ -វាត្រូវការធ្វើរស្មីសំយោគ -វារស់នៅកន្លែងដែលមានពន្លឺ,ប្រៀបធៀបលក្ខណ:ខុសគ្នារវាងផ្សិតនិងរុក្ខជាតិ  +ផ្សិត -បរជីព -អុីបក្រោមដី -ស្ប៉ +រុក្ខជាតិ -ស្វ័យជីព -គ្រាប់ -ឬស,12,7,2,0.5833333333333334,0.33934295232248135,1,4,1,3
4,តើផ្សិតមានរូបរាងខុសៗគ្នាអាស្រ័យនឹងអ្វី? ស្រូបសារធាតុចិញ្ចឹមតាមរយៈអ្វី?,ផ្សិតមានរូបរាងខុសៗគ្នាអាស្រ័យនឹងការតម្រៀបអុីបរបស់វា។ផ្សិតស្រូបសារធាតុចិញ្ចឹមតាមរយ:អុីបដែលដុះចូលទៅក្នុងប្រភពអាហារ។,ផ្សិតមានរូបរាងខុសៗគ្នាអាស្រ័យលើការតម្រៀបរបស់អុីប។ផ្សិតខ្លះ អុីបមានរាងសរសៃឆ្មារៗបែកមែកប្រទាក់ក្រឡាគ្នា ណ្ហេលៗ(រង្វិល) ។ ផ្សិតខ្លះទៀតអុីបរបស់វាតម្រៀបគ្នាយ៉ាងណែន ។ វាស្រូបសារធាតុចិញ្ចឹមតាមរយ:អុីប។,10,3,1,0.3,0.5023994932323168,2,5,1,2
5,បុព្វហេតុអ្វីខ្លះដែលនាំឲ្យអាណាចក្រចេនឡាបែកបាក់ជាពីរគឺអាណាចក្រចេនឡាដីគោកនិងចេនឡាទឹកលិច?,បុព្វហេតុដែលនាំហើយអាណាចក្រចេនឡាបែកជាពីរគឺ -វិសាលភាពទឹកដីធំទូលាយ -ចម្បាំងអត់ឈប់ឈរ -សមន្ដរដ្ឋបះបោរចង់ផ្ដាច់ខ្លួន -វិបត្តិផ្ទៃក្នុង -ព្រះនាងជ័យទេវីគ្មានសមត្ថភាពគ្រប់គ្រង។,បុព្វហេតុដែលនាំហើយអាណាចក្រចេនឡាបែកជាពីរគឺ -វិសាលភាពទឹកដីធំទូលាយ -ចម្បាំងអត់ឈប់ឈរ -សមន្ដរដ្ឋបះបោរចង់ផ្ដាច់ខ្លួន -វិបត្តិផ្ទៃក្នុង -ព្រះនាងជ័យទេវីគ្មានសមត្ថភាពគ្រប់គ្រង។,7,7,4,1.0,1.0,4,7,0,0
6,តើអាមីបរស់នៅកន្លែងណា ?វាបង្កជំងឺអ្វី?,អាមីបរស់នៅកន្លែងដូចជាស្ទឹងបឹងអូរត្រពាំងទន្លេទឹកជ្រោះ។ វាបង្កជំងឺដូចជា ជំងឺរាគមួល ធ្វើឲ្យយើងចុកពោះដោយផឹកទឹកមិនស្អាត,អាមីបរស់នៅកន្លែងសើម វាបង្កជំងឺរាគមួលនិងឡើងកន្ទួលក្រហមលើស្បែក,8,7,4,0.875,0.3401940383489992,1,3,3,4
7,តើព្រះអង្គឌួងមានស្នាព្រហស្ថអ្វីខ្លះចំពោះប្រទេសជាតិនិងប្រជារាស្ត្រខ្មែរ?,ព្រះបាទអង្គឌួងមានស្នាព្រហស្តដូចជាផ្នែករដ្ឋបាលរៀបចំប្រព័ន្ធរដ្ឋបាលនិងច្បាប់ទម្លាប់ស្ដារឡើងវិញមានរបៀបផ្នែកសេដ្ឋកិច្ចលើកស្ទួយវិស័យកសិកម្មជួសជុលប្រព័ន្ធ សេះនិងពាណិជ្ជកម្ម ភ្នែកបរទេសស្វែងរកជំនួយពីបារាំងដើម្បីទប់ទល់នឹងការត្រួតត្រាយួននិងសៀម ផ្នែកវប្បធម៌លើកស្ទួយវប្បធម៌អក្សរសាស្ត្រខ្មែរនិង សាសនា កត្តាផ្ទៃក្នុង ការបែកបាក់រាជវង្សានុវង្សបែកបាក់សាមគ្គី។,ព្រះអង្គឌួងមានស្នាព្រហស្តដូចជានយោបាយទាមទារទឹកដីដែលបាត់បង់មកវិញនិងស្វែងរកកិច្ចការពារពីប្រទេសបារាំងដើម្បីប្រទេសពីការ ត្រួតត្រារបស់សៀមយួន វប្បធម៌ លើកស្ទួយអក្សរសាស្ត្រខ្មែរនិពន្ធរឿងកាកីនិងជួសជុលវត្តអារាម សេដ្ឋកិច្ច បោះពុម្ពប្រាក់ដួងប្រើប្រាស់និងកសាងផ្លូវថ្នល់ផ្លូវពីឧត្តុង្គទៅកំពត។,15,13,3,0.8666666666666667,0.38340446699547304,2,6,1,7
8,តើសង្គមខ្មែរនៅសម័យអង្គរមានប៉ុន្មានវណ្ណៈ? វណ្ណៈអ្វីខ្លះ? ចូលរៀបរាប់។,សង្គមខ្មែរនៅសម័យអង្គរមានប្រាំវណ្ណៈគឺ -វណ្ណៈក្សត្រឬរាជវង្សនុវង្ស (ជាស្ដេចគ្រប់គ្រងប្រទេស -វណ្ណៈមន្ត្រី (អ្នករស់នៅក្នុងរាជវាំងបម្រើស្ដេច) -វណ្ណៈព្រាហ្ម៍ឬបុព្វជិត​(គឺជាអ្នកបួស) -វណ្ណៈអ្នកជាឬកសិករ (អ្នករស់នៅនឹងធ្វើស្រែចម្ការ) -វណ្ណៈអ្នកងារឬទាសករ(ទាសករបម្រើគេតកូនតចៅ)។,សង្គមខ្មែរនៅសម័យអង្គរមានប្រាំវណ្ណៈគឺ -វណ្ណៈក្សត្រឬរាជវង្សនុវង្ស (ជាអ្នកធំជាងគេដែលមាននាទីគ្រប់គ្រងរដ្ឋឬបញ្ជាកងទ័ព ) -វណ្ណៈមន្ត្រី (មានសិទ្ធិក្នុងការកាត់ទោសឬកាត់ច្បាប់នីមួយៗ) -វណ្ណៈព្រាហ្ម៍ឬបុព្វជិត​(អ្នកកាន់ធម៍ឬអ្នកយល់ដឹង) -វណ្ណៈអ្នកជាឬកសិករ (ជាមនុស្សដែលគ្មានឋានអ្វីឡើយឬហៅជាប្រជាជន) -វណ្ណៈអ្នកងារឬទាសករ(ទាសករបម្រើព្រះរាជាឬមន្រ្ដីរាជការ)។,10,10,4,1.0,0.7586310202484335,3,8,1,2
9,តើឧស្សាហកម្មមានតួនាទីចំពោះសេដ្ឋកិច្ចជាតិយ៉ាងដូចម្ដេច?,ឧស្សាហកម្មមានតួនាទីសម្រាប់សេដ្ឋកិច្ចជាតិដូចជា -ជួយបង្កើតប្រាក់ចំណូលចូលជាតិ -បង្កើតការងារដល់ប្រជាជន -បង្កើតប្រាក់ចំណូលចូលក្នុងគ្រួសារ -ប្រជាជនមានជីវភាពធូរធារ -ជួយរក្សាជញ្ជីងពាណិជ្ជកម្ម -ជួយបង្កើតទិន្នផលសម្រាប់ការនាំចេញនាំចូល -បង្កើននូវសង្ឃភារៈសម្រាប់ប្រើប្រាស់។,ឧស្សាហកម្មមានតួនាទីចំពោះសេដ្ឋកិច្ចជាតិដូចជា៖ -បង្កើនប្រាក់ចំណូលចូលចិត្ត -សេដ្ឋកិច្ចជាតិមានប្រាក់ចំណូលចូលអាចផ្គត់ផ្គង់ជីវភាណបាន -អាចលក់ចេញ និងអភិវឌ្ឍន៍សេដ្ឋកិច្ចឲ្យកាន់តែខ្លាំង -ទិន្នផលកាន់តែកើនឡើងជាលំដាប់ -ផ្គត់ផ្គង់សេដ្ឋកិច្ច -បានរក្សាកម្មសិទ្ធឯកជន -ផលិតសម្ភារៈនិងរបស់របរផ្សេងទៀត -បង្កើនផលិតផល -ធ្វើឲ្យសេដ្ឋកិច្ចកាន់តែល្អប្រសើរលើវិស័យឧស្សាហកម្ម។,15,15,4,1.0,0.35998795382665416,1,5,3,10
10,តើសេដ្ឋកិច្ចកម្ពុជាពឹងផ្អែកលើវិស័យអ្វីជាសំខាន់?     ក/ ហេតុអ្វីបានជាគេនិយាយថាកម្ពុជាជាប្រទេសកសិកម្ម?     ខ/ តើគេចែកកសិករជាប៉ុន្មានប្រភេទ?អ្វីខ្លះ?,សេដ្ឋកិច្ចកម្ពុជាពឹងផ្អែកលើវិស័យកសិកម្មជាសំខាន់។   ក/ បានជាគេនិយាយថាកម្ពុជាជាប្រទេសឧស្សាហកម្មព្រោះ៖  _  សណ្ឋានដី : ដីមានជីវជាតិល្អនិងសម្បូរទំនាបល្បាប់   _ ផ្លូវទឹក : ផ្លូវទឹកខ្វាត់ខ្វែងងាយស្រួលដល់ការដាំដុះ  _ ប្រជាជន : ប្រជាជនខ្មែរភាគច្រើនចូលចិត្តធ្វើកសិកម្ម  _ អាកាសធាតុ : ទទួលអាកាសធាតុក្តៅសើម  _ កសិកម្មផ្តល់ផល50%នៃផលិតផលជាតិសរុប។  ខ/ គេចែកកសិករទាំងនោះជា4ប្រភេទគឺ៖  _ កសិករធ្វើស្រែឬអ្នកស្រែ : និយមធ្វើស្រែ ស្រូវប្រាំង ស្រូវវស្សា ស្រូវឡើងទឹក  _ កសិករតំបន់ដីខ្ពស់ : គេដាំដំណាំជាអចិន្ត្រៃយ៍(ពោត ដំឡូង ចេក កៅស៊ូសណ្តែក)  _ កសិករធ្វើចម្ការដំណាំស្រូវ : គេដាំដំណាំតាមមាត់ទន្លេ ចិញ្ចឹមសត្វនិងនេសាទ  _ កសិករភូមិភាគឦសាន: គេធ្វើដំណាំព្រៃដុតមានដូចជាពោត ដំឡូង ស្រូវរុក្ខជាតិយកមើមដទៃទៀត និងបរបាញ់សត្វផងដែរ។,បានជាគេនិយាយថាកម្ពុជាជាប្រទេសកសិកម្មព្រោះស្ថានដែល -ប្រទេសកម្ពុជាស្ថិតនៅគម្លាតដែលមានអំណោយផលដល់កសិកម្មប្រទេសកម្ពុជាមាន ជាអ្នកដាំស្រូវ៧០.៣០%  -ប្រទេសកម្ពុជាស្ថិតនៅក្នុងតំបន់មូលសានក្ដៅសើមដែលអនុគ្រោះដល់ កសិករដែលធ្វើឲ្យមាននូវពីច្បាស់លាស់គឺរដូវប្រាំងនិងរដូវវស្សា -ប្រព័ន្ធធារាសាស្ត្រឯងដែលងាយស្រួលដល់ការធ្វើកសិកម្ម -ជាប្រភពអាហារសម្រាប់អាហារប្រជាជនគ្រប់រូប  -កាត់បន្ថយ អត្រាអត់ការងារធ្វើដល់ប្រជាជន -កាត់បន្ថយភាពក្រីក្ររបស់ប្រជាជន -ជាវត្ថុធាតុដើម នៅក្នុងវិស័យឧស្សាហកម្មការនាំចេញនិងការនាំចូលច្រើនជាងគេ។  ខគេចែកកសិករ ទាំងនោះ  -កសិករធ្វើស្រែដាំស្រូវជាកសិករដែលដាំស្រូវតែមួយមុខគត់មិនដាំដំណាំអ្វីផ្សេងឡើយពេលធ្វើស្រែតាមរដូវ។ -កសិករចិញ្ចឹមសត្វគឺជាកសិករដែលចិញ្ចឹមតែមួយគត់សម្រាប់ទុកទ្រង់ជីវភាពរស់នៅប្រចាំថ្ងៃ -កសិករមិនដាំស្រូវគឺជាកសិករតែធ្វើការដាំដំណាំផ្សេងផ្សេង តែចាំសួរនៅឡើយ  -កសិករធ្វើស្រែចម្ការគឺជាកសិករធ្វើស្រែដាំស្រូវតាមរដូវនិងដាំដំណាំផ្សេងៗផងដែរ។,20,12,2,0.6,0.46715496991164535,2,9,0,3
11,តើផ្សិតមានរូបរាងខុសៗគ្នាអាស្រ័យនឹងអ្វី? ស្រូបសារធាតុចិញ្ចឹមតាមរយៈអ្វី?,ផ្សិតមានរូបរាងខុសៗគ្នាអាស្រ័យនឹងការតម្រៀបអុីបរបស់វា។ផ្សិតស្រូបសារធាតុចិញ្ចឹមតាមរយ:អុីបដែលដុះចូលទៅក្នុងប្រភពអាហារ។,ផ្សិតមានរូបរាងខុសៗគ្នាអាស្រ័យនឹងការតម្រៀបអុីបរបស់វា។ ស្រូបសារធាតុចិញ្ចឹមតាមរយ:អុីប។,10,4,2,0.4,0.8328256355280018,3,8,1,4
12,ចូរនិយាយពីកំណកាម៉ែតញី។,ការស្ថិតនៅក្រោមសារពាង្គកាយនៃពងស្វាសមានសារៈសំខាន់ដូចជាដើម្បីរក្សាសីតុណ្ហភាពឲ្យ ទាបជាងសីតុណ្ហភាពក្នុងខ្លួន ប្រហែលពី(2-3)សីតុណ្ហភាពក្នុងខ្លួន37 ។,កំណកាម៉ែតញីដំបូងកោសិកាពូជមួយរួមចំណែកពីរដងបន្តបន្ទាប់គ្នា បានកោសិកាអូវ៉ូកូរី4 ។ អូវ៉ូកូរីនីមួយៗរីកមាឌអាចជាអូវ៉ូស៊ីត1 ។អូវ៉ូស៊ីតមួយរងចំណែកមួយនៃមេយោធាហើយត្រូវបាន ឈប់គាំងនៅវគ្គប្រផ្ដាស1 ។ក្រោយមកពេលគ្រប់អូវ៉ូស៊ីតមួយបន្តធ្វើចំណែកហើយត្រូវបានបញ្ចប់ នៅរយៈពេល6ម៉ោងមុនដំណើរអូវ៉ុលនិងធ្លាក់មកក្រៅជាអូវ៉ូស៊ីត2 ។ប្រសិនបើជួបស្ពែម៉ាតូសូអុីត បង្កើតបានជាអូវុល ។,10,8,3,0.8,0.02410828921328755,0,0,3,8
13,តើគេចែកប្រូទីសជាប៉ុន្មានក្រុម?អ្វីខ្លះ?,ប្រូទីសសត្វចែកជា 4 ក្រុមតាមរបៀបរស់នៅនឹងផ្លាស់ទីរបស់វា  +ប្រូតូសូអ៊ែផ្លាស់ទីដោយជើងបញ្ឆោត: អាមីប +ប្រូតូសូអ៊ែផ្លាស់ទីដោយផ្លាសែល : សាឌីយ៉ា +ប្រូតូសូអ៊ែបន្តពូជតាមរយ:ស្ប៉ :ស្ប៉រ៉ូសូអ៊ែ។,គេចែកប្រូទីសសត្វជា 4ប្រភេទគឺ-ប្រូទីសផ្លាស់ទីដោយជើងបញ្ឆោត : អាមីប-ប្រូទីស ផ្លាស់ទីដោយរោមញ័រ : ប៉ារ៉ាមេសុី-ប្រូទីសផ្លាស់ទីដោយ ប្លាសែល-ប្រូទីសផ្លាស់ទីដោយ ស្ប៉។,8,3,2,0.375,0.45550507006015967,2,4,0,1
14,តើដំណាក់កាលទាំងពីរនៃវដ្ដជីវីតរបស់រុក្ខជាតិមានអ្វីខ្លះ? ចូររៀបរាប់។,ដំណាក់កាល ទាំងពីរនៃវដ្ដជីវិតរបស់រុក្ខជាតិមាន  - ដំណាក់កាលស្ប៉រ៉ូភីត គឺជារុក្ខជាតិផលិតស្ប៉។ វាជាកោសិកាតូចៗដែលអាចលូតលាស់ជាសារពាង្គកាយថ្មី  -ស្ប៉លូតលាស់ក្នុងដំណាក់កាលផ្សេងទៀតនៃរុក្ខជាតិ ហៅថាកាម៉ែតូភីត។ ក្នុងដំណាក់កាលនៃរុក្ខជាតិផលិតកោសិកាភេទពីរបែប គឺកាម៉ែតឈ្មោល និងកាម៉ែតញី ។ កាម៉ែតញី និង កាម៉ែតឈ្មោលលាយចូលគ្នា បង្កើតបានជាសុីកូត។ បន្ទាប់មកទៀត សុីកូតលូតលាស់ទៅជាស្ប៉រ៉ូភីត។ស្ប៉រ៉ូភីតផលិតស្ប៉លូតលាស់ក្នុងកាម៉ែតូភីត កាម៉ែតូភីតផលិតកាម៉ែតញី និងកាម៉ែតឈ្មោល ហើយវដ្ដផ្ដើមសារជាថ្មី។,ដំណាក់កាល ទាំងពីរនៃវដ្ដជីវិតរបស់រុក្ខជាតិមាន  - ដំណាក់កាលស្ប៉រ៉ូភីត គឺជារុក្ខជាតិផលិតស្ប៉។ វាជាកោសិកាតូចៗដែលអាចលូតលាស់ជាសារពាង្គកាយថ្មី  -ស្ប៉លូតលាស់ក្នុងដំណាក់កាលផ្សេងទៀតនៃរុក្ខជាតិ ហៅថាកាម៉ែតូភីត។ ក្នុងដំណាក់កាលនៃរុក្ខជាតិផលិតកោសិកាភេទពីរបែប គឺកាម៉ែតឈ្មោល និងកាម៉ែតញី ។ កាម៉ែតញី និង កាម៉ែតឈ្មោលលាយចូលគ្នា បង្កើតបានជាសុីកូត។ បន្ទាប់មកទៀត សុីកូតលូតលាស់ទៅជាស្ប៉រ៉ូភីត។ស្ប៉រ៉ូភីតផលិតស្ប៉លូតលាស់ក្នុងកាម៉ែតូភីត កាម៉ែតូភីតផលិតកាម៉ែតញី និងកាម៉ែតឈ្មោល ហើយវដ្ដផ្ដើមសារជាថ្មី។,15,15,4,1.0,1.0,4,15,0,0
15,តើឧស្សាហកម្មមានតួនាទីដូចម្ដេចខ្លះចំពោះសេដ្ឋកិច្ចជាតិ?,ឧស្សាហកម្មមាន​តួនាទីចំពោះសេដ្ឋកិច្ចជាតិដូចជា ៖ ​ _ ជួយបង្កើតថវិការជាតិ ​ _ ជួយបង្កើតទិន្នផលជាតិ ​​ _ ជួយឲ្យសេដ្ឋកិច្ចជាតិរីកចម្រើន  _ ប្រជាជនសំបូរធូរធារ  _អភិវឌ្ឍគ្រប់វិស័យ  _ មានទំនាក់ទំនងល្អជាមួយអ្នកជិតខាង  _ មានភាពរុងរឿងនៅក្នុងប្រទេសជាតិ។,ឧស្សាហកម្មមានតួនាទីចំពោះសេដ្ឋកិច្ចជាតិដូចជា -ផ្តល់ចំណូលសេដ្ឋកិច្ចជាតិ -ផ្តល់កាងារឲ្យប្រជាជនធ្វើ -ផ្ដល់ចំណូលដល់សេដ្ឋកិច្ចជាតិមាន២៤.៨%ឆ្នាំ២០០៨ -ផ្ដល់ប្រាក់ចំណូលដល់គ្រួសារ -ប្រជាជនកាត់បន្ថយភាពក្រីក្រ -ផ្ដល់អាហារជាច្រើនដល់ប្រជាជនដើម្បីផ្គត់ផ្គង់ដល់គ្រួសារ -ប្រទេសជាតិកាត់បន្ថយការនាំចូល -ប្រទេសជាតិបាននាំទំនិញចេញក្រៅ ប្រទេស -កាត់បន្ថយការប្រើប្រាស់របស់នាំចូល  -នាំទំនិញចេញក្រៅប្រទេសធ្វើឲ្យប្រទេសឲ្យធ្វើឲ្យសេដ្ឋកិច្ចជាតិកើនឡើង -កាត់បន្ថយការនាំចូលពីបរទេស។,15,15,4,1.0,0.267380709718272,1,4,3,11
16,ចូរប្រៀបធៀបលក្ខណៈខុសគ្នានៃផ្សិត និងរុក្ខជាតិ។,លក្ខណៈខុសគ្នានៃផ្សិតនិងរុក្ខជាតិ +ផ្សិត  -ផ្សិតបន្តពូជតាមរយៈស្ប៉ -ផ្សិតមិនធ្វើរស្មីសំយោគ -អុីប -វារស់នៅកន្លែងសើម +រុក្ខជាតិ -បន្តពូជដោយគ្រាប់ -វាត្រូវការធ្វើរស្មីសំយោគ -វារស់នៅកន្លែងដែលមានពន្លឺ,ប្រៀបធៀបលក្ខណ:ខុសគ្នារវាងផ្សិតនិងរុក្ខជាតិ  +ផ្សិត -បរជីព -អុីបក្រោមដី -ស្ប៉ +រុក្ខជាតិ -ស្វ័យជីព -គ្រាប់ -ឬស,12,4,1,0.3333333333333333,0.33934295232248135,1,4,0,0
17,ចូរនិយាយពីកំណកាម៉ែតញី។,ការស្ថិតនៅក្រោមសារពាង្គកាយនៃពងស្វាសមានសារៈសំខាន់ដូចជាដើម្បីរក្សាសីតុណ្ហភាពឲ្យ ទាបជាងសីតុណ្ហភាពក្នុងខ្លួន ប្រហែលពី(2-3)សីតុណ្ហភាពក្នុងខ្លួន37 ។,កំណកាម៉ែតញីដំបូងកោសិកាពូជមួយរួមចំណែកពីរដងបន្តបន្ទាប់គ្នា បានកោសិកាអូវ៉ូកូរី4 ។ អូវ៉ូកូរីនីមួយៗរីកមាឌអាចជាអូវ៉ូស៊ីត1 ។អូវ៉ូស៊ីតមួយរងចំណែកមួយនៃមេយោធាហើយត្រូវបាន ឈប់គាំង ។,10,2,1,0.2,0.016424879128960405,0,0,1,2
18,តើសង្គមខ្មែរនៅសម័យអង្គរមានប៉ុន្មានវណ្ណៈ? វណ្ណៈអ្វីខ្លះ? ចូលរៀបរាប់។,សង្គមខ្មែរនៅសម័យអង្គរមានប្រាំវណ្ណៈគឺ -វណ្ណៈក្សត្រឬរាជវង្សនុវង្ស (ជាស្ដេចគ្រប់គ្រងប្រទេស -វណ្ណៈមន្ត្រី (អ្នករស់នៅក្នុងរាជវាំងបម្រើស្ដេច) -វណ្ណៈព្រាហ្ម៍ឬបុព្វជិត​(គឺជាអ្នកបួស) -វណ្ណៈអ្នកជាឬកសិករ (អ្នករស់នៅនឹងធ្វើស្រែចម្ការ) -វណ្ណៈអ្នកងារឬទាសករ(ទាសករបម្រើគេតកូនតចៅ)។,សង្គមខ្មែរនៅសម័យអង្គរមានប្រាំវណ្ណៈគឺ -វណ្ណៈក្សត្រឬរាជវង្សានុវង្ស -វណ្ណៈមន្ត្រី -វណ្ណៈបុព្វជិត -វណ្ណៈអ្នកជា -វណ្ណៈទាសករនិងអ្នកងារ។,10,6,2,0.6,0.7494250337701416,3,7,1,1
19,តើអាមីបរស់នៅកន្លែងណា ?វាបង្កជំងឺអ្វី?,អាមីបរស់នៅកន្លែងដូចជាស្ទឹងបឹងអូរត្រពាំងទន្លេទឹកជ្រោះ។ វាបង្កជំងឺដូចជា ជំងឺរាគមួល ធ្វើឲ្យយើងចុកពោះដោយផឹកទឹកមិនស្អាត,អាមីបរស់នៅកន្លែងមិនស្អាតដូចជា ដីភក់ ទឹកកង្វក់ វាអាចរស់នៅក្នុងពោះវៀនមនុស្ស។ ហើយវាអាចបង្កជំងឺរាគរូស។,8,8,4,1.0,0.2989088780451282,1,2,3,6
20,ចូររៀបរាប់អំពីទំនាក់ទំនងរវាងការដាំដុះអាជីវកម្មព្រៃឈើនិងនេសាទ។,ទំនាក់ទំនងរវាង ការដាំដុះអាជីវកម្មព្រៃឈើ និងការនេសាទ៖  _ ការដាំដុះអាជីវកម្មព្រៃឈើ និងការនេសាទ ជាភោគទ្រព្យយ៉ាងសំខាន់សម្រាប់ប្រជាជនក្នុងការទ្រទ្រង់ក្នុងជីវភាពរស់នៅនិងការអភិវឌ្ឍន៍ប្រទេសជាតិ   _ ដើម្បីបំពេញតម្រូវការក្នុងកសិកម្មផលិតកម្មនិងត្រូវការផ្សេងៗ មនុស្សនាំគ្នាកាប់ព្រៃឈើដើម្បីធ្វើអាជីវកម្មព្រៃឈើជាមូលហេតុធ្វើឲ្យអាកាសធាតុប្រែប្រួលប៉ះពាល់ដល់ជីវិតមនុស្ស សត្វ និងរុក្ខជាតិ  ​ _ អតិផលនៃប្រព័ន្ធកសិកម្ម នាំឲ្យមានកំណើននៃការប្រើប្រាស់គីមីនិងថ្នាំសម្លាប់សត្វល្អិត។ ជីគីមី និងថ្នាំសម្លាប់សត្វល្អិត ទាំងនោះហូរទៅផ្ដុំគ្នានៅតាមផ្លូវទឹកនានា បំផ្លាញជីវិតសត្វនិងពូជធម្មជាតិ។,រៀបរាប់ពីទំនាក់ទំនងរវាងការដាំដុះអាជីវកម្មព្រៃឈើនិងការនេសាទការដាំដុះអាជីវកម្មព្រៃឈើនិងការនេសាទ -ជាផលពិតទ្រព្យដែលមានសារៈសំខាន់សម្រាប់ទ្រទ្រង់ជីវិតមនុស្សនៅក្នុងជីវភាពរស់នៅនិងអភិវឌ្ឍប្រទេសជាតិ -កម្រផ្នែកកសិកម្មនិងផ្នែកផ្សេងផ្សេងទៀតជាតម្រូវ ការរបស់មនុស្សរាប់រយនៅក្នុងការផលិតការធ្វើ អាជីវកម្មដល់បណ្តាលឲ្យមានការប្រើប្រាស់ថ្នាំសម្លាប់សត្វល្អិតជីគីមីថ្នាំសម្លាប់សត្វល្អិតនិងជីគីមីបានហូបនាំមក កុំគ្នាទៅតាមទឹកនានាដែលអាច ដែលអាចសម្លាប់ជីវិតនាំពស់ឋិតនៅប្រាសាទ មច្ឆាជាតិ។,15,3,1,0.2,0.6430744053760764,3,10,2,7
21,ហេតុអ្វីបានជាមនុស្សស្រូបយកខ្យល់ដែលមានកាបូនម៉ណូអុកស៊ីតអាចបង្កគ្រោះថ្នាក់ដល់ស្លាប់បាន?,បានជាមនុស្សស្រូបយកខ្យល់ដែលមានកាបូនម៉ូណូអុកស៊ីដអាចបង្កឲ្យមានគ្រោះថ្នាក់ដល់ស្លាប់ បានព្រោះកាបូនម៉ូណូអុកស៊ីដមានសមត្ថភាពចាប់យក ក្នុងឈាមបានខ្លាំងជាងអុកស៊ីសែន វារារាំងឈាមមិនឲ្យដឹកនាំអុកស៊ីសែនទៅចិញ្ចឹមសរីរាង្គជាពិសេសខួរក្បាលដែលបណ្តាលឲ្យ ស្លាប់និង សន្លប់ ។,បានជាមនុស្សស្រូបយកខ្យល់ដែលមានកាបូនម៉ូណូអុកស៊ីដអាចបង្កឲ្យមានគ្រោះថ្នាក់ដល់ស្លាប់ បានព្រោះកាបូនម៉ូណូអុកស៊ីដមានសមត្ថភាពចាប់យក ក្នុងឈាមបានខ្លាំងជាងអុកស៊ីសែន វារារាំងឈាមមិនឲ្យដឹកនាំអុកស៊ីសែនទៅចិញ្ចឹមសរីរាង្គជាពិសេសខួរក្បាលដែលបណ្តាលឲ្យ ស្លាប់និង សន្លប់ ។,5,4,3,0.8,1.0,4,5,1,1
22,តើអាណាចក្រភ្នំមានព្រំប្រទល់ជាប់ប្រទេសណាខ្លះ?,អាណាចក្រភ្នំមានព្រំប្រទល់ជាប់ប្រទេសដូចជា -ខាងជើងជាប់ចិន -ខាងត្បូងជាឈូងសមុទ្រខ្មែរ -ខាងកើតជាប់រដ្ឋចម្ប៉ា -ខាងលិចជាប់រដ្ធមនឬភូមា។,អាណាចក្រភ្នំមានព្រំប្រទល់ជាប់ប្រទេសដូចជា -ខាងជើងជាប់ចិន -ខាងត្បូងជាឈូងសមុទ្រខ្មែរ -ខាងកើតជាប់រដ្ឋចម្ប៉ា -ខាងលិចជាប់រដ្ឋមនឬភូមា។,6,6,4,1.0,0.9690658986445712,4,6,0,0
23,តើកត្តាអ្វីខ្លះដែលធ្វើអោយសម័យអង្គររីកចម្រើនដល់កំពូល?​ ចូលរៀបរាប់។,កត្តាដែលធ្វើអោយសម័យអង្គររីកចម្រើនគឺ: កត្តាព្រះរាជា:ព្រះរាជាចាប់ពីព្រះបាទជ័យវរ្ម័នទី 2 រហូតដល់ព្រះបាទជ័យវរ្ម័នទី 7 សុទ្ធតែជាស្ដេចខ្លាំងពូកែ កត្តានយោបាយ: នយោបាយក្នុងប្រទេសបង្រួបបង្រួមជាតិកសាងនិងការពារទឹកដី នយោបាយក្រៅប្រទេស:ចងសម្ព័ន្ធមិត្តជាមួយប្រទេសធំៗវាយយករដ្ឋតូចដាក់ជាចំណុះ កត្តាសេដ្ឋកិច្ច:រីកចម្រើនលើវិស័យកសិកម្មសិប្បកម្មគណនាគម កត្តាសាសនា:ការឯកភាពគ្នារវាងសាសនាព្រាហ្មនិងព្រះពុទ្ធ កត្តាធនធានមនុស្សបន្សល់ទុកតាំងពីសម័យនគរភ្នំនិងចេនឡាមក។,កត្តាដែលធ្វើអោយសម័យអង្គររីកចម្រើនគឺ: កត្តាព្រះរាជា:ព្រះរាជាចាប់ពីព្រះបាទជ័យវរ្ម័នទី 2 រហូតដល់ព្រះបាទជ័យវរ្ម័នទី 7 សុទ្ធសឹងតែជាស្ដេចខ្លាំងពូកែ កត្តានយោបាយ: នយោបាយក្នុងប្រទេសបង្រួបបង្រួមជាតិកសាងនិងការពារទឹកដី នយោបាយក្រៅប្រទេស:ចងសម្ព័ន្ធមិត្តជាមួយប្រទេសធំៗវាយយករដ្ឋតូចដាក់ជាចំណុះ កត្តាសេដ្ឋកិច្ច:រីកចម្រើនលើវិស័យកសិកម្មសិប្បកម្មគណនាគមន៍ កត្តាសាសនា:ការឯកភាពគ្នារវាងសាសនាព្រាហ្មនិងព្រះពុទ្ធ កត្តាធនធានមនុស្សបន្សល់ទុកតាំងពីសម័យនគរភ្នំនិងចេនឡាមក។,10,10,4,1.0,0.9859486729814584,4,10,0,0
24,តើប្រព័ន្ធផលិតកម្មកសិកម្មនៅក្នុងប្រទេសកម្ពុជាមានអ្វីខ្លះ?ចូររៀបរាប់​ ។,ប្រព័ន្ធផលិតកម្មកសិកម្មនៅប្រទេសកម្ពុជាមាន៖    _ ដំណាំ : ដំណាំស្រូវ ដំណាំកៅស៊ូ ដំណាំផ្សេងៗទៀត    _ ការចិញ្ចឹមសត្វ : ការចិញ្ចឹមសត្វលើគោក ការចិញ្ចឹមសត្វក្នុងទឹក    _ ការនេសាទ : ការនេសាទទឹកសាប ការនេសាទទឹកប្រៃ  _ ព្រៃឈើ : ផលិតផលឈើ អនុផលព្រៃឈើ(រកឃ្មុំ ជ័រទឹក វល្លិ៍ ផ្តៅ) សត្វព្រៃ ។,ប្រព័ន្ធផលិតកម្មកសិកម្មនៅប្រទេសកម្ពុជាមានដូចជា៖  _ វិស័យឧស្សាហកម្ម  _ វិស័យកសិកម្ម  _ វិស័យពាណិជ្ជកម្ម  _ វិស័យទេសចរណ៍  _ វិស័យគមនាគម៏។,10,2,1,0.2,0.15305280179237862,1,2,0,0
25,តើផ្សិតមានរូបរាងខុសៗគ្នាអាស្រ័យនឹងអ្វី? ស្រូបសារធាតុចិញ្ចឹមតាមរយៈអ្វី?,ផ្សិតមានរូបរាងខុសៗគ្នាអាស្រ័យនឹងការតម្រៀបអុីបរបស់វា។ផ្សិតស្រូបសារធាតុចិញ្ចឹមតាមរយ:អុីបដែលដុះចូលទៅក្នុងប្រភពអាហារ។,ផ្សិតមានរូបរាងខុសៗគ្នាអាស្រ័យលើការតម្រៀបអុីបរបស់វា។ហើយវាស្រូបសារធាតុចិញ្ចឹមតាមរយៈអុីបក្រោមដីទៅក្នុងបំពង់អាហារ។,10,8,3,0.8,0.7045300801470359,3,7,0,1
26,បុព្វហេតុអ្វីខ្លះដែលនាំឲ្យអាណាចក្រចេនឡាបែកបាក់ជាពីរគឺអាណាចក្រចេនឡាដីគោកនិងចេនឡាទឹកលិច?,បុព្វហេតុដែលនាំហើយអាណាចក្រចេនឡាបែកជាពីរគឺ -វិសាលភាពទឹកដីធំទូលាយ -ចម្បាំងអត់ឈប់ឈរ -សមន្ដរដ្ឋបះបោរចង់ផ្ដាច់ខ្លួន -វិបត្តិផ្ទៃក្នុង -ព្រះនាងជ័យទេវីគ្មានសមត្ថភាពគ្រប់គ្រង។,បុព្វហេតុដែលនាំហើយអាណាចក្រចេនឡាបែកជាពីរគឺ -វិសាលភាពទឹកដីធំទូលាយ -ចម្បាំងអត់ឈប់ឈរ -សមន្ដរដ្ឋបះបោរចង់ផ្ដាច់ខ្លួន -វិបត្តិផ្ទៃក្នុង -ព្រះនាងជ័យទេវីគ្មានសមត្ថភាពគ្រប់គ្រង។,7,7,4,1.0,1.0,4,7,0,0
27,តើអ្វីជាសង្គ្រាមត្រជាក់? តើសង្គ្រាមត្រជាក់ផ្ដល់ផលវិបាកអ្វីខ្លះដល់កម្ពុជា?,សង្គ្រាមត្រជាក់គឺជាការប្រកួតប្រជែងផ្នែកមនោគមវិទ្យារវាងសេដ្ឋកិច្ចនយោធានិងបច្ចេកវិទ្យា។សង្គ្រាមមជ្ឈមណ្ឌលផលវិបាកដល់កម្ពុជាដូចជា -ការអនុវត្តនយោបាយវិទ្យាក្រឹត្យរបស់សម្ដេចនរោត្តមសីហនុមិនចោទទិសដៅ -ប្រទេសកម្ពុជាធ្លាក់ក្នុងសង្គ្រាមស៊ីវល -ខ្មែរក្រហមឡើងកាន់អំណាច -ប្រទេសកម្ពុជាមានភាពអាណាធិបតេយ្យ -សេដ្ឋកិច្ចកម្ពុជាធ្លាក់ចុះ -ប្រទេសកម្ពុជារស់នៅដែលភាពភ័យខ្លាច -រោងចក្រឧស្សាហកម្មបិទទ្វារ -បែកបាក់សាមគ្គីផ្ទៃក្នុង,សង្គ្រាមត្រជាក់គឺជាការប្រកួតប្រជែងផ្នែកមនោគមវិទ្យារវាងសេដ្ឋកិច្ចនយោធានិងបច្ចេកវិទ្យា។សង្គ្រាមមជ្ឈមណ្ឌលផលវិបាកដល់កម្ពុជាដូចជា -ការអនុវត្តនយោបាយវិទ្យាក្រឹត្យរបស់សម្ដេចនរោត្តមសីហនុមិនចោទទិសដៅ -ប្រទេសកម្ពុជាធ្លាក់ក្នុងសង្គ្រាមស៊ីវល -ខ្មែរក្រហមឡើងកាន់អំណាច -ប្រទេសកម្ពុជាមានភាពអាណាធិបតេយ្យ -សេដ្ឋកិច្ចកម្ពុជាធ្លាក់ចុះ -ប្រទេសកម្ពុជារស់នៅដែលភាពភ័យខ្លាច -រោងចក្រឧស្សាហកម្មបិទទ្វារ -បែកបាក់សាមគ្គីផ្ទៃក្នុង,10,10,4,1.0,1.0,4,10,0,0
28,ចូររៀបរាប់អំពីទំនាក់ទំនងរវាងការដាំដុះអាជីវកម្មព្រៃឈើនិងនេសាទ។,ទំនាក់ទំនងរវាង ការដាំដុះអាជីវកម្មព្រៃឈើ និងការនេសាទ៖  _ ការដាំដុះអាជីវកម្មព្រៃឈើ និងការនេសាទ ជាភោគទ្រព្យយ៉ាងសំខាន់សម្រាប់ប្រជាជនក្នុងការទ្រទ្រង់ក្នុងជីវភាពរស់នៅនិងការអភិវឌ្ឍន៍ប្រទេសជាតិ   _ ដើម្បីបំពេញតម្រូវការក្នុងកសិកម្មផលិតកម្មនិងត្រូវការផ្សេងៗ មនុស្សនាំគ្នាកាប់ព្រៃឈើដើម្បីធ្វើអាជីវកម្មព្រៃឈើជាមូលហេតុធ្វើឲ្យអាកាសធាតុប្រែប្រួលប៉ះពាល់ដល់ជីវិតមនុស្ស សត្វ និងរុក្ខជាតិ  ​ _ អតិផលនៃប្រព័ន្ធកសិកម្ម នាំឲ្យមានកំណើននៃការប្រើប្រាស់គីមីនិងថ្នាំសម្លាប់សត្វល្អិត។ ជីគីមី និងថ្នាំសម្លាប់សត្វល្អិត ទាំងនោះហូរទៅផ្ដុំគ្នានៅតាមផ្លូវទឹកនានា បំផ្លាញជីវិតសត្វនិងពូជធម្មជាតិ។,ទំនាក់ទំនងរវាងការដាំដុះ អាជីវកម្មព្រៃឈើនិងការនេសាទ -ការដាំដុះគឺជាការដាំដុះនូវដំណាំផ្សេងផ្សេងដូចជាស្រូវបន្លែជាច្រើនការដាំដុះនេះភាគច្រើនគេដាំវានៅតាមជនបទដើម្បីយកទៅលក់នៅទីផ្សារដើម្បីយកប្រាក់មកដោះដូរជីវភាព ប្រជាជនខ្លះដាំដុះនេះដើម្បីទុកបរិភោគខ្លួនឯងដោយកាត់បន្ថយទៅលើការចំណាយហើយការដាំដុះនេះ សារៈសំខាន់ចំពោះជាតិផងដែរការដាំដុះនេះអាចនាំចេញទៅក្រៅស្រុកបាន ផងដែរ អ្នកខ្លះទៀតយកការដាំដុះនេះជាមុខរបរនាំយកទៅទីក្រុងដើម្បីលក់ដូរ។ -អាជីវកម្មព្រៃឈើប្រជាជនមួយបានយកការកាប់ព្រៃឈើធ្វើជាអាជីវកម្មដើម្បីចិញ្ចឹមជីវិតហើយអាជីវកម្ម នេះមួយចំនួនអាចយកធ្វើជាអុសធ្យូងផ្ទះគ្រែកៅអីជាដើមគឺទាំងអស់នេះ ក៏ជាការសំខាន់ដែរដើម្បីយកទៅលក់ដូរដើម្បីដោះដូរជីវភាពបានប៉ុន្តែការធ្វើអាជីវកម្មព្រៃឈើនេះក៏អាចបង្កដល់អំពើខុសច្បាប់ដែរហើយអាចមានសំឡេងរំខានដល់អ្នកដទៃផងដែរ។ -ការនេសាទក៏អាចដោះដូរជីវភាពបានតែប្រជាជនមួយចំនួនបានយកការនេសាទនេះ ចិញ្ចឹមជីវិតនិងគ្រួសារការនេសាទឬមានច្រើនបែបណាដូចជាការនេសាទត្រីការនេសាទសត្វ ការនេសាទនៅសមុទ្រជាដើម។,15,5,1,0.3333333333333333,0.3534594440280237,1,5,0,0
29,ដូចម្តេចដែលហៅថាមេយ៉ូស? ចូរនិយាយពីវគ្គផ្សេងៗនៃមេយ៉ូស។,មេយ៉ូសជាសំណុំនៃចំណែកកោសិកាពីរដងបន្តបន្ទាប់គ្នាដែលបង្កើតបានជាកោសិកាអាលូអុីតបួន ហៅថាមេយ៉ូស ។ _តេឡូផាស1 ស៊ីតូប្លាសចែកខ្លួនបានជាកោសិកាកូនពីរ ។កោសិកាកូននីមួយៗទទួលបានក្រូម៉ូសូម តែមួយពីរគូអូម៉ូឡូក ។ _ប្រផាស1 មានរយៈពេលវែង ។ _អាណាផាស1 ក្រូម៉ូសូមដំរៀបលើផ្លាស់ភ្ជាប់នឹងក្រយ៉ូងក្រូម៉ាទិចដោយសង់ក្រូងទ័ររបស់វា ។ _តេឡូផាស2 ក្រូម៉ូមនីមួយៗបានមកដល់ប៉ូលភ្នាស _មេតាផាស2 ក្រូម៉ូសូមប្រេះតាមបណ្ដោយភ្ជាប់ខ្លួនទៅនិងក្រយ៉ងក្រូម៉ាទិចដោយសង់ _ប្រូដាស2 ត្តយ៉ងអាក្រូម៉ាទិតកើតមានក្នុងកោសិកាគូនីមួយៗ _អាណាផាស2 សង់ក្រូម៉ែធ្វើចំណែកដែលនាំអោយក្រូម៉ាទិចបងប្អូនដាច់ចេញពីគ្នា ។បន្ទាប់មក ក្រូម៉ូសូមកូនទាំង2ធ្វើដំណើរឆ្ពោះទៅប៉ូលផ្ទុយគ្នារបស់ត្រយ៉ូងអាក្រូម៉ាទិច ។,មេយ៉ូសជាសំណុំនៃចំណែកកោសិកាពីរដងបន្តបន្ទាប់គ្នាដែលបង្កើតបានជាកោសិកាអាលូអុីតបួន ហៅថាមេយ៉ូស ។ _ប្រផាស1 មានរយៈពេលវែង ។ _អាណាផាស1 ក្រូម៉ូសូមដំរៀបលើផ្លាស់ភ្ជាប់នឹងក្រយ៉ូងក្រូម៉ាទិចដោយសង់ក្រូងទ័ររបស់វា ។ _តេឡូផាស2 ក្រូម៉ូមនីមួយៗបានមកដល់ប៉ូលភ្នាស _មេតាផាស2 ក្រូម៉ូសូមប្រេះតាមបណ្ដោយភ្ជាប់ខ្លួនទៅនិងក្រយ៉ងក្រូម៉ាទិចដោយសង់ _ប្រូដាស2 ត្តយ៉ងអាក្រូម៉ាទិតកើតមានក្នុងកោសិកាគូនីមួយៗ,10,6,2,0.6,0.9092700950147807,4,9,2,3
30,ចូរប្រៀបធៀបលក្ខណៈខុសគ្នានៃផ្សិត និងរុក្ខជាតិ។,លក្ខណៈខុសគ្នានៃផ្សិតនិងរុក្ខជាតិ +ផ្សិត  -ផ្សិតបន្តពូជតាមរយៈស្ប៉ -ផ្សិតមិនធ្វើរស្មីសំយោគ -អុីប -វារស់នៅកន្លែងសើម +រុក្ខជាតិ -បន្តពូជដោយគ្រាប់ -វាត្រូវការធ្វើរស្មីសំយោគ -វារស់នៅកន្លែងដែលមានពន្លឺ,លក្ខណ:ខុសគ្នារវាងផ្សិត និង រុក្ខជាតិ +ផ្សិត -ជាភាវ:រស់បរជីព -មានអុីបក្រោមដី -បន្តពូជតាមរយ:ស្ប៉ +រុក្ខជាតិ -ជាភាវ:រស់ស្វ័យជីព -មានឬស -បន្តពូជតាមរយ:គ្រាប់ ។,12,6,2,0.5,0.36742979754689137,1,4,1,2
31,តើកម្ពុជាមានបេតិកភណ្ឌអ្វីខ្លះ ដែលបានចុះបញ្ជីបេតិកភណ្ឌរូបី និង អរូបីពិភពលោករបស់អង្គការយូ ណេស្កូ? ចូររៀបរាប់ឲ្យបានប្រាំ។,បេតិកភណ្ឌរូបិយនិងអរូបិយមានដូចជា -ប្រាសាទព្រះវិហារ -ប្រាសាទអង្គវត្ត -ប្រាសាតសម្បូរព្រៃគុក -ប្រាសាទកោះកេរ្ត៍ -របាំព្រះរាជទ្រព្យ -ល្ខោនខោល -ល្បែងប្រជាប្រិយ។,+បេតិកភណ្ឌរូបី -ប្រាសាទព្រះវិហារ -ប្រាសាទអង្គវត្ត -ប្រាសាតសម្បូរព្រៃគុក -ប្រាសាទកោះកេរ្ត៍ -គុកទួលស្លែង '+បេតិកអភណ្ឌរូបី -របាំ -ចាបុី -ល្ខោន -ស្បៃខ្មែរ -របាំស្បែកធំ,5,5,4,1.0,0.7210669945106261,3,4,1,1
32,តើអាណាចក្រភ្នំមានព្រំប្រទល់ជាប់ប្រទេសណាខ្លះ?,អាណាចក្រភ្នំមានព្រំប្រទល់ជាប់ប្រទេសដូចជា -ខាងជើងជាប់ចិន -ខាងត្បូងជាឈូងសមុទ្រខ្មែរ -ខាងកើតជាប់រដ្ឋចម្ប៉ា -ខាងលិចជាប់រដ្ធមនឬភូមា។,អាណាចក្រភ្នំមានព្រំប្រទល់ខាងជើងជាប់នឹងប្រទេសចិន(រដ្ឋណានឆាវនិងតុងតឹង)ខាងកើតជាប់រដ្ឋចម្ប៉ា(ឈូងសមុទ្រចិន)និងខាងត្បូងជាប់និងឈូងសមុទ្រខ្មែរ(នគរភ្នំ)និងខាងលិចជាប់រដ្ឋមនឬភូមា។,6,6,4,1.0,0.6647821859686388,3,4,1,2
33,តើគេចែកយុគសម័យបុរេប្រវត្តិសាស្ត្រកម្ពុជាជាប៉ុន្មានយុគសម័យ?អ្វីខ្លះ?,គេចែកយុគសម័យបុរេប្រវត្តិសាស្ត្រកម្ពុជាជាបីយុគសម័យគឺ -យុគថ្មបំបែក (600000 - 12000 ឆ្នាំមុនគ.ស) -យុគថ្មរលីងឬសំលៀង (8000 - 2000 ឆ្នាំមុនគ.ស) -យុគលោហៈ(2000-100 ឆ្នាំមុនគ.ស)។,គេចែកយុគសម័យបុរេប្រវត្តិសាស្ត្រកម្ពុជាជាបីយុគសម័យគឺ -យុគថ្មបំបែក -យុគថ្មរលីងឬសំលៀង -យុគលោហៈ។,5,3,2,0.6,0.5786223192958814,2,3,0,0
34,ចូររៀបរាប់អំពីទំនាក់ទំនងរវាងការដាំដុះអាជីវកម្មព្រៃឈើនិងនេសាទ។,ទំនាក់ទំនងរវាង ការដាំដុះអាជីវកម្មព្រៃឈើ និងការនេសាទ៖  _ ការដាំដុះអាជីវកម្មព្រៃឈើ និងការនេសាទ ជាភោគទ្រព្យយ៉ាងសំខាន់សម្រាប់ប្រជាជនក្នុងការទ្រទ្រង់ក្នុងជីវភាពរស់នៅនិងការអភិវឌ្ឍន៍ប្រទេសជាតិ   _ ដើម្បីបំពេញតម្រូវការក្នុងកសិកម្មផលិតកម្មនិងត្រូវការផ្សេងៗ មនុស្សនាំគ្នាកាប់ព្រៃឈើដើម្បីធ្វើអាជីវកម្មព្រៃឈើជាមូលហេតុធ្វើឲ្យអាកាសធាតុប្រែប្រួលប៉ះពាល់ដល់ជីវិតមនុស្ស សត្វ និងរុក្ខជាតិ  ​ _ អតិផលនៃប្រព័ន្ធកសិកម្ម នាំឲ្យមានកំណើននៃការប្រើប្រាស់គីមីនិងថ្នាំសម្លាប់សត្វល្អិត។ ជីគីមី និងថ្នាំសម្លាប់សត្វល្អិត ទាំងនោះហូរទៅផ្ដុំគ្នានៅតាមផ្លូវទឹកនានា បំផ្លាញជីវិតសត្វនិងពូជធម្មជាតិ។,រៀបរាប់ពីទំនាក់ទំនងរវាងការដាំដុះអាជីវកម្មព្រៃឈើនិងការនេសាទ៖,15,0,0,0.0,0.4170068207448629,2,6,2,6
35,តើសង្គមខ្មែរនៅសម័យអង្គរមានប៉ុន្មានវណ្ណៈ? វណ្ណៈអ្វីខ្លះ? ចូលរៀបរាប់។,សង្គមខ្មែរនៅសម័យអង្គរមានប្រាំវណ្ណៈគឺ -វណ្ណៈក្សត្រឬរាជវង្សនុវង្ស (ជាស្ដេចគ្រប់គ្រងប្រទេស -វណ្ណៈមន្ត្រី (អ្នករស់នៅក្នុងរាជវាំងបម្រើស្ដេច) -វណ្ណៈព្រាហ្ម៍ឬបុព្វជិត​(គឺជាអ្នកបួស) -វណ្ណៈអ្នកជាឬកសិករ (អ្នករស់នៅនឹងធ្វើស្រែចម្ការ) -វណ្ណៈអ្នកងារឬទាសករ(ទាសករបម្រើគេតកូនតចៅ)។,សង្គមខ្មែរនៅសម័យអង្គរមានប្រាំវណ្ណៈគឺ -វណ្ណៈក្សត្រឬរាជវង្សនុវង្ស: មានបុព្វសិទ្ធណាស់គ្មានការបង់ពន្ធ មានអំណាចគ្រប់គ្រាន់រស់នៅដោយស្រួលមិនចាំបាច់ធ្វើការងារ និងមិននឿយហត់ទេ -វណ្ណៈមន្ត្រី: ឋានានុក្រមរបស់ពួកគេអាចសម្គាល់តាមរយៈឥស្សតិយយសនិងចំនួនផ្ទះប្រកក្បឿងរបស់ពួកគេ។ -វណ្ណៈអ្នកបួសឬបុព្វជិត​: មានពួកប៉ាន់ឃាប ព្រាហ្ម៍បុរោហិត ជូគូនិងប៉ាវីស៊ី។ -វណ្ណៈអ្នកជា:ពួកមានឋន្តះដូចពួកឈ្មួញសិប្បករ កសិករនិងប្រជារាស្រ្ដសាមញ្ញ -វណ្ណៈអ្នកងារឬទាសករ:ពួកនេះជាអ្នកបម្រើគេអស់មួយជីវិតតកូនតចៅនេះមានឋានៈទាបបំផុតហើយត្រូវទៅធ្វើការតាមបញ្ជាគេដាក់ឲ្យនឹងគ្មានប្រាក់កម្រៃទេ។ពួកទាសកនេះមានទាសករឈ្លើយសឹក ទាសករតពូជ ទាសករជាជនជាតិភាគតិចនិងទាសករដែលគេចាប់យកមកលក់។,10,10,4,1.0,0.5097273177048157,2,5,2,5
36,តើផ្សិតមានរូបរាងខុសៗគ្នាអាស្រ័យនឹងអ្វី? ស្រូបសារធាតុចិញ្ចឹមតាមរយៈអ្វី?,ផ្សិតមានរូបរាងខុសៗគ្នាអាស្រ័យនឹងការតម្រៀបអុីបរបស់វា។ផ្សិតស្រូបសារធាតុចិញ្ចឹមតាមរយ:អុីបដែលដុះចូលទៅក្នុងប្រភពអាហារ។,ផ្សិតមានរូបរាងខុសៗគ្នាអាស្រ័យនឹងការតម្រៀបអុីបរបស់វា។ផ្សិតស្រូបសារធាតុចិញ្ចឹមតាមរយ:អុីបដែលដុះចូលទៅក្នុងប្រភពអាហារ។,10,7,3,0.7,0.9999999999999999,4,10,1,3
37,តើឧស្សាហកម្មមានតួនាទីដូចម្ដេចខ្លះចំពោះសេដ្ឋកិច្ចជាតិ?,ឧស្សាហកម្មមាន​តួនាទីចំពោះសេដ្ឋកិច្ចជាតិដូចជា ៖ ​ _ ជួយបង្កើតថវិការជាតិ ​ _ ជួយបង្កើតទិន្នផលជាតិ ​​ _ ជួយឲ្យសេដ្ឋកិច្ចជាតិរីកចម្រើន  _ ប្រជាជនសំបូរធូរធារ  _អភិវឌ្ឍគ្រប់វិស័យ  _ មានទំនាក់ទំនងល្អជាមួយអ្នកជិតខាង  _ មានភាពរុងរឿងនៅក្នុងប្រទេសជាតិ។,ឧស្សាហកម្មមានតួនាទីចំពោះសេដ្ឋកិច្ចជាតិដូចជា ៖ _ ជួយបង្កើនប្រាក់ចំណូលជូនជាតិ23.8%ឆ្នាំ2008 _ បង្កើតការងារជូនប្រជាជន  _ បង្កើតប្រាក់ចំណូលជូនគ្រួសារ  _ ប្រជាជនមានជីវភាពធូរធារ _ ជួយរក្សាលំនឹងជញ្ជីងពាណិជ្ជកម្ម  _ ផ្ដល់ផលិតផលសម្រាប់នាំចេញ  _ ផ្ដល់ផលិតផលសម្រាប់ប្រើប្រាស់។,15,10,3,0.6666666666666666,0.30197126382669454,1,5,2,5
38,ហេតុអ្វីបានជាផ្នែកឯកជនជាកម្លាំងដ៏សំខាន់សម្រាប់វិនិយោគនិងធ្វើឲ្យមានកំណើនសេដ្ឋកិច្ចក្នុងប្រទេស?,បានជាផ្នែកឯកជនជាកម្លាំងដ៏សំខាន់សម្រាប់វិនិយោគនិងធ្វើឲ្យមានកំណើនសេដ្ឋកិច្ចក្នុងប្រទេស ព្រោះប្រទេសកម្ពុជាជាប្រទេសអភិវឌ្ឍន៍ សេដ្ឋកិច្ចទីផ្សារដោយបានធ្វើកំណែទម្រង់សហគ្រាសឧស្សាហកម្មឲ្យក្លាយទៅជាកម្មសិទ្ធិឯកជន ។ សេដ្ឋកិច្ចទីផ្សារសេរីនេះនាំឲ្យអ្នករកស៊ីបរទេសចូលចិត្តមកវិនិយោគ ហើយកាលណាផ្នែកឯកជនរឹងមាំមកវិនិយោគ ហើយកាលណាផ្នែកឯកជនមិនរឹងមាំអាចបំពេញបន្ថែមវិនិយោគនិងវិស័យសង្គមកិច្ចមានន័យថាវិស័យឯកជនស្រូបយកកម្លាំងការងារកាន់តែកើនឡើង។,បានជាផ្នែកឯកជនជាកំណើនដ៏សំខាន់សម្រាប់វិនិយោគនិងធ្វើឲ្យមានកំណើនសេដ្ឋកិច្ចក្នុងប្រទេសដោយសារ -ទីផ្សារសេរីធ្វើសហគ្រាសមានសេដ្ឋកិច្ចឯកជន -ផ្នែកឯកជនផ្ដល់កូនចូលសេដ្ឋកិច្ចជាតិ -ជួយបំពេញទីផ្សារសង្គមឲ្យរីកចម្រើន  -សហគ្រាសឯកជនមានឧស្សាហកម្មសិប្បកម្មដែលជួយបំពេញតម្រូវការក្នុងស្រុក -ផ្តល់ការងារដល់ប្រជាជន -ទាក់ទាញឲ្យបរទេសចូលចិត្តមកវិនិយោគក្នុងប្រទេស -ការកាត់បន្ថយប្រជាជនធ្វើចលនាបំផ្លាស់លំនៅ -ឯកជនមានកម្លាំងកាត់បន្ថយបន្ទុកសម្រាប់ជាតិឬកាត់បន្ថយភាពក្រីក្ររបស់ប្រជាជន -ឯកជនរីកចម្រើនធ្វើឲ្យឧស្សាហកម្មមានកម្រិតខ្ពស់ដែលធ្វើប្រទេសអភិវឌ្ឍន៍លឿន.....។,15,10,3,0.6666666666666666,0.528985377443599,2,8,1,2
39,ដូចម្តេចដែលហៅថាមេយ៉ូស? ចូរនិយាយពីវគ្គផ្សេងៗនៃមេយ៉ូស។,មេយ៉ូសជាសំណុំនៃចំណែកកោសិកាពីរដងបន្តបន្ទាប់គ្នាដែលបង្កើតបានជាកោសិកាអាលូអុីតបួន ហៅថាមេយ៉ូស ។ _តេឡូផាស1 ស៊ីតូប្លាសចែកខ្លួនបានជាកោសិកាកូនពីរ ។កោសិកាកូននីមួយៗទទួលបានក្រូម៉ូសូម តែមួយពីរគូអូម៉ូឡូក ។ _ប្រផាស1 មានរយៈពេលវែង ។ _អាណាផាស1 ក្រូម៉ូសូមដំរៀបលើផ្លាស់ភ្ជាប់នឹងក្រយ៉ូងក្រូម៉ាទិចដោយសង់ក្រូងទ័ររបស់វា ។ _តេឡូផាស2 ក្រូម៉ូមនីមួយៗបានមកដល់ប៉ូលភ្នាស _មេតាផាស2 ក្រូម៉ូសូមប្រេះតាមបណ្ដោយភ្ជាប់ខ្លួនទៅនិងក្រយ៉ងក្រូម៉ាទិចដោយសង់ _ប្រូដាស2 ត្តយ៉ងអាក្រូម៉ាទិតកើតមានក្នុងកោសិកាគូនីមួយៗ _អាណាផាស2 សង់ក្រូម៉ែធ្វើចំណែកដែលនាំអោយក្រូម៉ាទិចបងប្អូនដាច់ចេញពីគ្នា ។បន្ទាប់មក ក្រូម៉ូសូមកូនទាំង2ធ្វើដំណើរឆ្ពោះទៅប៉ូលផ្ទុយគ្នារបស់ត្រយ៉ូងអាក្រូម៉ាទិច ។,មេយ៉ូសជាសំណុំនៃចំណែកកោសិកាពីរដងបន្តបន្ទាប់គ្នាដែលបង្កើតបានជាកោសិកាអាលូអុីតបួន ហៅថាមេយ៉ូស ។ _តេឡូផាស1 ស៊ីតូប្លាសចែកខ្លួនបានជាកោសិកាកូនពីរ ។កោសិកាកូននីមួយៗទទួលបានក្រូម៉ូសូម តែមួយពីរគូអូម៉ូឡូក ។ _អាណាផាស1 ក្រូម៉ូសូមដំរៀបលើផ្លាស់ភ្ជាប់នឹងក្រយ៉ូងក្រូម៉ាទិចដោយសង់ក្រូងទ័ររបស់វា ។ _តេឡូផាស2 ក្រូម៉ូមនីមួយៗបានមកដល់ប៉ូលភ្នាស _មេតាផាស2 ក្រូម៉ូសូមប្រេះតាមបណ្ដោយភ្ជាប់ខ្លួនទៅនិងក្រយ៉ងក្រូម៉ាទិចដោយសង់ _ប្រូដាស2 ត្តយ៉ងអាក្រូម៉ាទិតកើតមានក្នុងកោសិកាគូនីមួយៗ,10,6,2,0.6,0.9389638398726352,4,9,2,3
40,តើដំណាក់កាលទាំងពីរនៃវដ្ដជីវីតរបស់រុក្ខជាតិមានអ្វីខ្លះ? ចូររៀបរាប់។,ដំណាក់កាល ទាំងពីរនៃវដ្ដជីវិតរបស់រុក្ខជាតិមាន  - ដំណាក់កាលស្ប៉រ៉ូភីត គឺជារុក្ខជាតិផលិតស្ប៉។ វាជាកោសិកាតូចៗដែលអាចលូតលាស់ជាសារពាង្គកាយថ្មី  -ស្ប៉លូតលាស់ក្នុងដំណាក់កាលផ្សេងទៀតនៃរុក្ខជាតិ ហៅថាកាម៉ែតូភីត។ ក្នុងដំណាក់កាលនៃរុក្ខជាតិផលិតកោសិកាភេទពីរបែប គឺកាម៉ែតឈ្មោល និងកាម៉ែតញី ។ កាម៉ែតញី និង កាម៉ែតឈ្មោលលាយចូលគ្នា បង្កើតបានជាសុីកូត។ បន្ទាប់មកទៀត សុីកូតលូតលាស់ទៅជាស្ប៉រ៉ូភីត។ស្ប៉រ៉ូភីតផលិតស្ប៉លូតលាស់ក្នុងកាម៉ែតូភីត កាម៉ែតូភីតផលិតកាម៉ែតញី និងកាម៉ែតឈ្មោល ហើយវដ្ដផ្ដើមសារជាថ្មី។,ដំណាក់កាល ទាំងពីរនៃវដ្ដជីវិតរបស់រុក្ខជាតិមាន 2 គឺ ស្ប៉រ៉ូភីត និង កាម៉ែតូភីត។ +ដំណាក់កាលស្ប៉រ៉ូភីត : គឺជារុក្ខជាតិផលិតស្ប៉ ។វាជាកោសិកាតូចៗ ដែលអាចលូតលាសៀជាសារពាង្គកាយថ្មី។ +ស្ប៉លូតលាស់ក្នុងដំណាក់កាលមួយផ្សេងទៀតនៃរុក្ខជាតិហៅថាកាម៉ែតភីត ។ក្នុងដំណាក់កាលនេះរុក្ខជាតិផលិតកោសិកាពីរបែបគឺ កាម៉ែតឈ្មោល និង កាម៉ែតញី។,15,8,2,0.5333333333333333,0.8381459560901626,3,13,1,5
41,ចូររៀបរាប់អំពីទំនាក់ទំនងរវាងការដាំដុះអាជីវកម្មព្រៃឈើនិងនេសាទ។,ទំនាក់ទំនងរវាង ការដាំដុះអាជីវកម្មព្រៃឈើ និងការនេសាទ៖  _ ការដាំដុះអាជីវកម្មព្រៃឈើ និងការនេសាទ ជាភោគទ្រព្យយ៉ាងសំខាន់សម្រាប់ប្រជាជនក្នុងការទ្រទ្រង់ក្នុងជីវភាពរស់នៅនិងការអភិវឌ្ឍន៍ប្រទេសជាតិ   _ ដើម្បីបំពេញតម្រូវការក្នុងកសិកម្មផលិតកម្មនិងត្រូវការផ្សេងៗ មនុស្សនាំគ្នាកាប់ព្រៃឈើដើម្បីធ្វើអាជីវកម្មព្រៃឈើជាមូលហេតុធ្វើឲ្យអាកាសធាតុប្រែប្រួលប៉ះពាល់ដល់ជីវិតមនុស្ស សត្វ និងរុក្ខជាតិ  ​ _ អតិផលនៃប្រព័ន្ធកសិកម្ម នាំឲ្យមានកំណើននៃការប្រើប្រាស់គីមីនិងថ្នាំសម្លាប់សត្វល្អិត។ ជីគីមី និងថ្នាំសម្លាប់សត្វល្អិត ទាំងនោះហូរទៅផ្ដុំគ្នានៅតាមផ្លូវទឹកនានា បំផ្លាញជីវិតសត្វនិងពូជធម្មជាតិ។,រៀបរាប់ពីទំនាក់ទំនងរវាងការដាំដុះ ការចិញ្ចឹមសត្វ និងការនេសាទ៖ព្រៃលិចទឹកអាចធ្វើការដាំដុះបានអាជីវកម្មព្រៃឈើបានដឹងថាការនេសាទផង។,15,0,0,0.0,0.3700208878184483,1,6,1,6
42,តើសេដ្ឋកិច្ចកម្ពុជាពឹងផ្អែកលើវិស័យអ្វីជាសំខាន់?     ក/ ហេតុអ្វីបានជាគេនិយាយថាកម្ពុជាជាប្រទេសកសិកម្ម?     ខ/ តើគេចែកកសិករជាប៉ុន្មានប្រភេទ?អ្វីខ្លះ?,សេដ្ឋកិច្ចកម្ពុជាពឹងផ្អែកលើវិស័យកសិកម្មជាសំខាន់។   ក/ បានជាគេនិយាយថាកម្ពុជាជាប្រទេសឧស្សាហកម្មព្រោះ៖  _  សណ្ឋានដី : ដីមានជីវជាតិល្អនិងសម្បូរទំនាបល្បាប់   _ ផ្លូវទឹក : ផ្លូវទឹកខ្វាត់ខ្វែងងាយស្រួលដល់ការដាំដុះ  _ ប្រជាជន : ប្រជាជនខ្មែរភាគច្រើនចូលចិត្តធ្វើកសិកម្ម  _ អាកាសធាតុ : ទទួលអាកាសធាតុក្តៅសើម  _ កសិកម្មផ្តល់ផល50%នៃផលិតផលជាតិសរុប។  ខ/ គេចែកកសិករទាំងនោះជា4ប្រភេទគឺ៖  _ កសិករធ្វើស្រែឬអ្នកស្រែ : និយមធ្វើស្រែ ស្រូវប្រាំង ស្រូវវស្សា ស្រូវឡើងទឹក  _ កសិករតំបន់ដីខ្ពស់ : គេដាំដំណាំជាអចិន្ត្រៃយ៍(ពោត ដំឡូង ចេក កៅស៊ូសណ្តែក)  _ កសិករធ្វើចម្ការដំណាំស្រូវ : គេដាំដំណាំតាមមាត់ទន្លេ ចិញ្ចឹមសត្វនិងនេសាទ  _ កសិករភូមិភាគឦសាន: គេធ្វើដំណាំព្រៃដុតមានដូចជាពោត ដំឡូង ស្រូវរុក្ខជាតិយកមើមដទៃទៀត និងបរបាញ់សត្វផងដែរ។,សេដ្ឋកិច្ចជាតិផ្អែកលើវិស័យកសិកម្មជាសំខាន់ព្រោះវិស័យនេះសំខាន់ដល់ជាតិដូចជា៖  -មានលក្ខណៈអនុគ្រោះដល់អ្នកវិភាគវិស័យនេះពោលគឺសម្បូរទៅដោយឡែក រាបនិងខ្ពស់រាបស្មើប្រកបដោយក្តីជីវជាតិល្អសម្រាប់ការដាំដុះការចិញ្ចឹមសត្វនិងព្រៃឈើ -កម្ពុជាឋិតនៅក្នុង តំបន់ត្រូពិកដែលអាកាសធាតុ នឹងខ្យល់ហើយទទួលបានពីខ្យល់មូសុងមានភ្លៀងធ្លាក់ច្រើននិងមានកម្ដៅគ្រប់គ្រាន់ សម្រាប់ដាំដុះចិញ្ចឹមសត្វនិងនេសាទ -វិស័យនេះផ្ដល់ជូនការងារប្រជាជនជាច្រើន ជាប្រភពស្បៀងអាហារជាប្រភពនៃវត្ថុធាតុដើមសម្រាប់ឧស្សាហកម្មក្នុងស្រុកនិងដើមចេញ ច្រើនជាងគេ -ការកាត់បន្ថយអត់ការងារធ្វើរបស់ប្រជាជន -ការកាត់បន្ថយភាពក្រក្រី ប្រជាជន  -គេបែកចែកកសិករ ទាំងនោះជាបួនប្រភេទកសិករ។  ដំណាំស្រូវកសិករស្រែចម្ការការ ដំណាំពោតសណ្តែក -ដំណាំចេញផលទៅលក់នៅទីផ្សារ -ការដាំដំណាំដោយធម្មជាតិគ្មានប្រើប្រាស់ជីគីមី -កសិករធ្វើស្រែចម្ការនេះមិនសំដៅទៅលើកសិករដែលធ្វើដំណាំស្រូវទេនោះគឺសំដៅទៅលើការដាំដំណាំហូបផ្លែ នាំចេញផលិតផលទៅក្រៅស្រុក +កសិករដំណាំស្រូវ -ការដាំដំណាំស្រូបយកអង្ករ -គ្រួសារខ្លះធ្វើស្រូវដាំសម្រាប់ផ្គត់ផ្គង់គ្រួសារតែគ្រួសារខ្លះទៀតធ្វើស្រូវសម្រាប់លក់ខ្លះនិងទុកហូបខ្លះ -ការដាំស្រូវជាតម្រូវការរបស់ប្រជាជនខ្មែរទាំងអស់។,20,20,4,1.0,0.46121388645645467,2,9,2,11
43,ចូរប្រៀបធៀបលក្ខណៈខុសគ្នានៃផ្សិត និងរុក្ខជាតិ។,លក្ខណៈខុសគ្នានៃផ្សិតនិងរុក្ខជាតិ +ផ្សិត  -ផ្សិតបន្តពូជតាមរយៈស្ប៉ -ផ្សិតមិនធ្វើរស្មីសំយោគ -អុីប -វារស់នៅកន្លែងសើម +រុក្ខជាតិ -បន្តពូជដោយគ្រាប់ -វាត្រូវការធ្វើរស្មីសំយោគ -វារស់នៅកន្លែងដែលមានពន្លឺ,ប្រៀបធៀបលក្ខណ:ខុសគ្នារវាងផ្សិតនិងរុក្ខជាតិ  +ផ្សិត -បរជីព -អុីបក្រោមដី -ស្ប៉ +រុក្ខជាតិ -ស្វ័យជីព -គ្រាប់ -ឬស,12,5,2,0.4166666666666667,0.33934295232248135,1,4,1,1
44,តើកម្ពុជាមានបេតិកភណ្ឌអ្វីខ្លះ ដែលបានចុះបញ្ជីបេតិកភណ្ឌរូបី និង អរូបីពិភពលោករបស់អង្គការយូណេស្កូ? ចូររៀបរាប់ឱ្យបានប្រាំ។,កម្ពុជាមានបេតិកភណ្ឌដែលបានចុះបញ្ជីបេតិកភណ្ឌរូបី និង អរូបីពិភពលោករបស់អង្គការយូណេស្កូដូចជា     +ល្ខោនខោល     +រមណីយដ្ឋានអង្គរ     +ចាប៉ីដងវែង     +ប្រាសាទព្រះវិហហារ     +ល្ខោនស្រមោលស្បែកធំ     +របាំព្រះរាជទ្រព្យ     +ក្រមាខ្មែរ     +គុនល្បុកតោ     +រមណីយដ្ឋានសម្បូរព្រៃគុក,កម្ពុជាមានបេតិកភណ្ឌដែលបានចុះបញ្ជីបេតិ កភណ្ឌរូបិយនិងអរូបិយពិភពលោករបស់ អង្គការយូណេស្កូមានដូចជា÷ -ប្រាសាទព្រះវិហារ  -ប្រាសាទអង្គរវត្ត  -ប្រាសាទកោះកេរ្ត៌ិ -ប្រាសាទតាមាន់។,5,3,2,0.6,0.4438209886882584,2,2,0,1
45,ចូរប្រៀបធៀបលក្ខណៈខុសគ្នានៃផ្សិត និងរុក្ខជាតិ។,លក្ខណៈខុសគ្នានៃផ្សិតនិងរុក្ខជាតិ +ផ្សិត  -ផ្សិតបន្តពូជតាមរយៈស្ប៉ -ផ្សិតមិនធ្វើរស្មីសំយោគ -អុីប -វារស់នៅកន្លែងសើម +រុក្ខជាតិ -បន្តពូជដោយគ្រាប់ -វាត្រូវការធ្វើរស្មីសំយោគ -វារស់នៅកន្លែងដែលមានពន្លឺ,លក្ខណ:ខុសគ្នារវាងផ្សិត និង រុក្ខជាតិ +ផ្សិត -ជាភាវ:រស់បរជីព -មានអុីបក្រោមដី -បន្តពូជតាមរយ:ស្ប៉ +រុក្ខជាតិ -ជាភាវ:រស់ស្វ័យជីព -មានឬស -បន្តពូជតាមរយ:គ្រាប់ ។,12,9,3,0.75,0.36742979754689137,1,4,2,5
46,តើដំណាក់កាលទាំងពីរនៃវដ្ដជីវីតរបស់រុក្ខជាតិមានអ្វីខ្លះ? ចូររៀបរាប់។,ដំណាក់កាល ទាំងពីរនៃវដ្ដជីវិតរបស់រុក្ខជាតិមាន  - ដំណាក់កាលស្ប៉រ៉ូភីត គឺជារុក្ខជាតិផលិតស្ប៉។ វាជាកោសិកាតូចៗដែលអាចលូតលាស់ជាសារពាង្គកាយថ្មី  -ស្ប៉លូតលាស់ក្នុងដំណាក់កាលផ្សេងទៀតនៃរុក្ខជាតិ ហៅថាកាម៉ែតូភីត។ ក្នុងដំណាក់កាលនៃរុក្ខជាតិផលិតកោសិកាភេទពីរបែប គឺកាម៉ែតឈ្មោល និងកាម៉ែតញី ។ កាម៉ែតញី និង កាម៉ែតឈ្មោលលាយចូលគ្នា បង្កើតបានជាសុីកូត។ បន្ទាប់មកទៀត សុីកូតលូតលាស់ទៅជាស្ប៉រ៉ូភីត។ស្ប៉រ៉ូភីតផលិតស្ប៉លូតលាស់ក្នុងកាម៉ែតូភីត កាម៉ែតូភីតផលិតកាម៉ែតញី និងកាម៉ែតឈ្មោល ហើយវដ្ដផ្ដើមសារជាថ្មី។,ដំណាក់កាល ទាំងពីរនៃវដ្ដជីវិតរបស់រុក្ខជាតិមាន 2 គឺ ស្ប៉រ៉ូភីត និង កាម៉ែតូភីត។ +ដំណាក់កាលស្ប៉រ៉ូភីត : គឺជារុក្ខជាតិផលិតស្ប៉ ។វាជាកោសិកាតូចៗ ដែលអាចលូតលាសៀជាសារពាង្គកាយថ្មី។ +ស្ប៉លូតលាស់ក្នុងដំណាក់កាលមួយផ្សេងទៀតនៃរុក្ខជាតិហៅថាកាម៉ែតភីត ។ក្នុងដំណាក់កាលនេះរុក្ខជាតិផលិតកោសិកាពីរបែបគឺ កាម៉ែតឈ្មោល និង កាម៉ែតញី។,15,4,1,0.26666666666666666,0.8381459560901626,3,13,2,9
47,ចូរប្រៀបធៀបលក្ខណៈខុសគ្នានៃផ្សិត និងរុក្ខជាតិ។,លក្ខណៈខុសគ្នានៃផ្សិតនិងរុក្ខជាតិ +ផ្សិត  -ផ្សិតបន្តពូជតាមរយៈស្ប៉ -ផ្សិតមិនធ្វើរស្មីសំយោគ -អុីប -វារស់នៅកន្លែងសើម +រុក្ខជាតិ -បន្តពូជដោយគ្រាប់ -វាត្រូវការធ្វើរស្មីសំយោគ -វារស់នៅកន្លែងដែលមានពន្លឺ,លក្ខណ:ខុសគ្នារវាងផ្សិត និង រុក្ខជាតិ +ផ្សិត -ជាភាវ:រស់បរជីព -មានអុីបក្រោមដី -បន្តពូជតាមរយ:ស្ប៉ +រុក្ខជាតិ -ជាភាវ:រស់ស្វ័យជីព -មានឬស -បន្តពូជតាមរយ:គ្រាប់ ។,12,12,4,1.0,0.36742979754689137,1,4,3,8
48,ចូរប្រៀបធៀបលក្ខណៈខុសគ្នានៃផ្សិត និងរុក្ខជាតិ។,លក្ខណៈខុសគ្នានៃផ្សិតនិងរុក្ខជាតិ +ផ្សិត  -ផ្សិតបន្តពូជតាមរយៈស្ប៉ -ផ្សិតមិនធ្វើរស្មីសំយោគ -អុីប -វារស់នៅកន្លែងសើម +រុក្ខជាតិ -បន្តពូជដោយគ្រាប់ -វាត្រូវការធ្វើរស្មីសំយោគ -វារស់នៅកន្លែងដែលមានពន្លឺ,ប្រៀបធៀបលក្ខណ:ខុសគ្នារវាងផ្សិតនិងរុក្ខជាតិ  +ផ្សិត -បរជីព -អុីបក្រោមដី -ស្ប៉ +រុក្ខជាតិ -ស្វ័យជីព -គ្រាប់ -ឬស,12,10,3,0.8333333333333334,0.33934295232248135,1,4,2,6
49,តើឧស្សាហកម្មមានតួនាទីដូចម្ដេចខ្លះចំពោះសេដ្ឋកិច្ចជាតិ?,ឧស្សាហកម្មមាន​តួនាទីចំពោះសេដ្ឋកិច្ចជាតិដូចជា ៖ ​ _ ជួយបង្កើតថវិការជាតិ ​ _ ជួយបង្កើតទិន្នផលជាតិ ​​ _ ជួយឲ្យសេដ្ឋកិច្ចជាតិរីកចម្រើន  _ ប្រជាជនសំបូរធូរធារ  _អភិវឌ្ឍគ្រប់វិស័យ  _ មានទំនាក់ទំនងល្អជាមួយអ្នកជិតខាង  _ មានភាពរុងរឿងនៅក្នុងប្រទេសជាតិ។,ឧស្សាហកម្មមានតួនាទីចំពោះសេដ្ឋកិច្ចដូចជា៖ -ផ្តល់កាងារឲ្យប្រជាជនធ្វើ -ផ្ដល់ចំណូលដល់សេដ្ឋកិច្ចជាតិមាន២៣.៨%ឆ្នាំ២០០៨ -ផ្ដល់ផលិតផលសម្រាប់នាំចេញ -ផ្ដល់ផលិតផលសម្រាប់ប្រើប្រាស់ -ជួយរក្សាលំនឹងជញ្ជីងពាណិជ្ជកម្ម -និងផ្ដល់ប្រាក់ចំណូលដល់គ្រួសារ។,15,15,4,1.0,0.19910947281927038,1,3,3,12
50,ដូចម្តេចដែលហៅថាមេយ៉ូស? ចូរនិយាយពីវគ្គផ្សេងៗនៃមេយ៉ូស។,មេយ៉ូសជាសំណុំនៃចំណែកកោសិកាពីរដងបន្តបន្ទាប់គ្នាដែលបង្កើតបានជាកោសិកាអាលូអុីតបួន ហៅថាមេយ៉ូស ។ _តេឡូផាស1 ស៊ីតូប្លាសចែកខ្លួនបានជាកោសិកាកូនពីរ ។កោសិកាកូននីមួយៗទទួលបានក្រូម៉ូសូម តែមួយពីរគូអូម៉ូឡូក ។ _ប្រផាស1 មានរយៈពេលវែង ។ _អាណាផាស1 ក្រូម៉ូសូមដំរៀបលើផ្លាស់ភ្ជាប់នឹងក្រយ៉ូងក្រូម៉ាទិចដោយសង់ក្រូងទ័ររបស់វា ។ _តេឡូផាស2 ក្រូម៉ូមនីមួយៗបានមកដល់ប៉ូលភ្នាស _មេតាផាស2 ក្រូម៉ូសូមប្រេះតាមបណ្ដោយភ្ជាប់ខ្លួនទៅនិងក្រយ៉ងក្រូម៉ាទិចដោយសង់ _ប្រូដាស2 ត្តយ៉ងអាក្រូម៉ាទិតកើតមានក្នុងកោសិកាគូនីមួយៗ _អាណាផាស2 សង់ក្រូម៉ែធ្វើចំណែកដែលនាំអោយក្រូម៉ាទិចបងប្អូនដាច់ចេញពីគ្នា ។បន្ទាប់មក ក្រូម៉ូសូមកូនទាំង2ធ្វើដំណើរឆ្ពោះទៅប៉ូលផ្ទុយគ្នារបស់ត្រយ៉ូងអាក្រូម៉ាទិច ។,មេយ៉ូសជាសំណុំនៃចំណែកកោសិកាពីរដងបន្តបន្ទាប់គ្នាដែលបង្កើតបានជាកោសិកាអាលូអុីតបួន ហៅថាមេយ៉ូស ។ _តេឡូផាស1 _ប្រផាស1  _អាណាផាស1 _មេតាផាស2  _ប្រូដាស2,10,5,2,0.5,0.4849226957984123,2,5,0,0
51,តើឧស្សាហកម្មមានអ្នកតួនាទីចំពោះសេដ្ឋកិច្ចយ៉ាងដូចម្ដេច?,ឧស្សាហកម្មមានតួនាទីសម្រាប់សេដ្ឋកិច្ចជាតិដូចជា -ជួយបង្កើតប្រាក់ចំណូលចូលជាតិ -បង្កើតការងារដល់ប្រជាជន -បង្កើតប្រាក់ចំណូលចូលក្នុងគ្រួសារ -ប្រជាជនមានជីវភាពធូរធារ -ជួយរក្សាជញ្ជីងពាណិជ្ជកម្ម -ជួយបង្កើតទិន្នផលសម្រាប់ការនាំចេញនាំចូល -បង្កើននូវសង្ឃភារៈសម្រាប់ប្រើប្រាស់។,ឧស្សាហកម្មមានតួនាទីសម្រាប់សេដ្ឋកិច្ចជាតិដូចជា -ជួយបង្កើតប្រាក់ចំណូលចូលជាតិ -បង្កើតការងារដល់ប្រជាជន -បង្កើតប្រាក់ចំណូលចូលក្នុងគ្រួសារ -ប្រជាជនមានជីវភាពធូរធារ -ជួយរក្សាជញ្ជីងពាណិជ្ជកម្ម -ជួយបង្កើតទិន្នផលសម្រាប់ការនាំចេញនាំចូល -បង្កើននូវសង្ឃភារៈសម្រាប់ប្រើប្រាស់។,15,15,4,1.0,0.9999999999999999,4,15,0,0
52,ចូររៀបរាប់ពីទំនាក់ទំនងរវាងការដាំដុះ​ អាជីវកម្មព្រៃឈើ និងការនេសាទ។,ទំនាក់ទំនងរវាងការដាំដុះ អាជីវកម្មព្រៃឈើ និងការនេសាទមានដូចជា៖ -ការដាំដុះដោយប្រើជីធម្មជាតិ -ការប្រើប្រាស់ជីគីមី -ដាំដុះនិងធ្វើតាមរដូវ -អាជីវកម្មព្រៃឈើ -ការកាប់បំផ្លាញព្រៃឈើ -ការដុតព្រៃឈើ -ការកាប់ឈើយកទៅធ្វើអាជីវកម្ម +ការនេសាទ -ការនេសាទត្រីពេលត្រីពក -ការនេសាទដោយប្រើអគ្គិសនី -ការនេសាទហួសកម្រិត -ការនេសាទគឺជាមុខរបរប្រចាំថ្ងៃាបស់ប្រជាជន -នឹងជាអាហារប្រចាំថ្ងៃរបស់ប្រជាជន -ការនេសាទធ្វើប្រជាជនមានមុខរបររកស៊ីត្រឹមត្រូវ -ការនេសាទប្រើប្រាស់ឧបករណ៍នេសាទខុសច្បាប់ -ការបំផ្លាញជំរកត្រី -ការបកហូរទឹកចេញពី,ទំនាក់ទំនងរវាងការដាំដុះ អាជីវកម្មព្រៃឈើ និងការនេសាទមានដូចជា៖ -ការដាំដុះដោយប្រើជីធម្មជាតិ -ការប្រើប្រាស់ជីគីមី -ដាំដុះនិងធ្វើតាមរដូវ -អាជីវកម្មព្រៃឈើ -ការកាប់បំផ្លាញព្រៃឈើ -ការដុតព្រៃឈើ -ការកាប់ឈើយកទៅធ្វើអាជីវកម្ម +ការនេសាទ -ការនេសាទត្រីពេលត្រីពក -ការនេសាទដោយប្រើអគ្គិសនី -ការនេសាទហួសកម្រិត -ការនេសាទគឺជាមុខរបរប្រចាំថ្ងៃាបស់ប្រជាជន -នឹងជាអាហារប្រចាំថ្ងៃរបស់ប្រជាជន -ការនេសាទធ្វើប្រជាជនមានមុខរបររកស៊ីត្រឹមត្រូវ -ការនេសាទប្រើប្រាស់ឧបករណ៍នេសាទខុសច្បាប់ -ការបំផ្លាញជំរកត្រី -ការបកហូរទឹកចេញពី,15,4,1,0.26666666666666666,1.0,4,15,3,11
53,តើកត្តាអ្វីខ្លះដែលធ្វើអោយសម័យអង្គររីកចម្រើនដល់កំពូល?​ ចូលរៀបរាប់។,កត្តាដែលធ្វើអោយសម័យអង្គររីកចម្រើនគឺ: កត្តាព្រះរាជា:ព្រះរាជាចាប់ពីព្រះបាទជ័យវរ្ម័នទី 2 រហូតដល់ព្រះបាទជ័យវរ្ម័នទី 7 សុទ្ធតែជាស្ដេចខ្លាំងពូកែ កត្តានយោបាយ: នយោបាយក្នុងប្រទេសបង្រួបបង្រួមជាតិកសាងនិងការពារទឹកដី នយោបាយក្រៅប្រទេស:ចងសម្ព័ន្ធមិត្តជាមួយប្រទេសធំៗវាយយករដ្ឋតូចដាក់ជាចំណុះ កត្តាសេដ្ឋកិច្ច:រីកចម្រើនលើវិស័យកសិកម្មសិប្បកម្មគណនាគម កត្តាសាសនា:ការឯកភាពគ្នារវាងសាសនាព្រាហ្មនិងព្រះពុទ្ធ កត្តាធនធានមនុស្សបន្សល់ទុកតាំងពីសម័យនគរភ្នំនិងចេនឡាមក។,កត្តាដែលធ្វើអោយសម័យអង្គររីកចម្រើនគឺ: កត្តាព្រះរាជា:ព្រះរាជាចាប់ពីព្រះបាទជ័យវរ្ម័នទី 2 រហូតដល់ព្រះបាទជ័យវរ្ម័នទី 7 សុទ្ធសឹងតែជាស្ដេចខ្លាំងពូកែ កត្តានយោបាយ: នយោបាយក្នុងប្រទេសបង្រួបបង្រួមជាតិកសាងនិងការពារទឹកដី នយោបាយក្រៅប្រទេស:ចងសម្ព័ន្ធមិត្តជាមួយប្រទេសធំៗវាយយករដ្ឋតូចដាក់ជាចំណុះ កត្តាសេដ្ឋកិច្ច:រីកចម្រើនលើវិស័យកសិកម្មសិប្បកម្មគណនាគមន៍ កត្តាសាសនា:ការឯកភាពគ្នារវាងសាសនាព្រាហ្មនិងព្រះពុទ្ធ កត្តាធនធាន:មនុស្សបន្សល់ទុកតាំងពីសម័យនគរភ្នំនិងចេនឡាមក។,10,10,4,1.0,0.9820286341106705,4,10,0,0
54,តើសង្គមខ្មែរនៅសម័យអង្គរមានប៉ុន្មានវណ្ណៈ? វណ្ណៈអ្វីខ្លះ? ចូលរៀបរាប់។,សង្គមខ្មែរនៅសម័យអង្គរមានប្រាំវណ្ណៈគឺ -វណ្ណៈក្សត្រឬរាជវង្សនុវង្ស (ជាស្ដេចគ្រប់គ្រងប្រទេស -វណ្ណៈមន្ត្រី (អ្នករស់នៅក្នុងរាជវាំងបម្រើស្ដេច) -វណ្ណៈព្រាហ្ម៍ឬបុព្វជិត​(គឺជាអ្នកបួស) -វណ្ណៈអ្នកជាឬកសិករ (អ្នករស់នៅនឹងធ្វើស្រែចម្ការ) -វណ្ណៈអ្នកងារឬទាសករ(ទាសករបម្រើគេតកូនតចៅ)។,សង្គមខ្មែរនៅសម័យអង្គរមានប្រាំវណ្ណៈគឺ -វណ្ណៈក្សត្រ -វណ្ណៈមន្ត្រី -វណ្ណៈបុព្វជិត -វណ្ណៈអ្នកជា -វណ្ណៈទាសករ។,10,5,2,0.5,0.7164528162944629,3,7,1,2
55,ហេតុអ្វីបានជាផ្នែកឯកជនជាកម្លាំងដ៏សំខាន់សម្រាប់ការវិនិយោគសេដ្ឋកិច្ច?,សេដ្ឋកិច្ចកម្ពុជាពឹងផ្អែកលើវិស័យកសិកម្មជាសំខាន់ៗ 5 គឺឧស្សាហកម្មកសិកម្មពាណិជ្ជកម្មគមនាគមន៍និងទេសចរណ៍ ក៏បានជាគេនិយាយថាកម្ពុជាប្រទេសកសិកម្មនៅប្រទេសកម្ពុជាមនុស្សមួយចំនួនធំគឺធ្វើកសិកម្ម។ច្រើនសុទ្ធតែជាកសិករកម្ពុជាសម្បូរជីកសិកម្មមានជីវជាតិសម្រាប់ឲ្យយើងធ្វើកសិកម្មចិញ្ចឹមសត្វនិងការដណ្ដប់ជួយបង្កើនចំណូលជូនជាងការងារចេញនៅក្រៅប្រទេសស្ករស្រូវដំឡូងកៅស៊ូ ខ. គេចែកកសិករទាំងនេះជាបួនប្រភេទកសិករតំបន់វាលខ្ពស់កសិករធ្វើស្រែឬមិនធ្វើស្រែកសិករភូមិភាគឥសានកសិករធ្វើតែស្រែ,សេដ្ឋកិច្ចកម្ពុជាពឹងផ្អៃលើវិស័យកសិកម្មជាសំខាន់ក៏បានជាគេនិយាយថាកម្ពុជាជាប្រទេសកសិកម្មពីព្រោះប្រទេសកម្ពុជាគឺជាប្រទេសមួយដែលមានរាងជាបាតផ្ទះដូច្នេះហើយទើបវាមានអាកាសធាតុសមស្របដែលងាយក្នុងការធ្វើកសិកម្មដែលរដូវនៅប្រទេសកម្ពុជាមានពីរដូវគឺរដូវប្រាំងនិងរដូវវស្សា។ហេតុដូចនេះហើយទើបធ្វើឲ្យយើងមានទឹកគ្រប់គ្រាន់និងដីដែលមានជីវជាតិផងដែរដែលដំណាំនៃកម្ពុជាមានដូចជាស្រូវពោតដំឡូងកប្បៈសំដែងអំពៅត្នោតចេកនិងបន្លែធម្មជាតិជាច្រើនទៀតហេតុដូចនេះហើយប្រទេសកម្ពុជាគឺជាតំបន់មួយដែលសមស្របក្នុងការដាំដុះផ្នែកកសិកម្ម។ខកគេចែកកសិករជាពីរប្រភេទគឺកសិករប្រមូលផលនិងកសិករទីផ្សារកសិករប្រមូលផលគឺជាកសិករដែលធ្វើដំណាំស្រាចំការដោយមើលថែដំណាំស៊ីឈ្នួលឬធ្វើដោយខ្លួនឯង។កសិករទីផ្សារគឺជាកសិករដែលនាំចេញទំនិញនៅទីផ្សារដើម្បីចែកចាយទៅតាមទីកន្លែងនេះហើយដែរតាមផ្ទះកសិកររួចប្រមូលផ្ដុំដើម្បីនាំចេញទៅទីផ្សារសេរី,15,8,2,0.5333333333333333,0.42485792821451984,2,6,0,2
56,ចូរប្រៀបធៀបលក្ខណៈខុសគ្នានៃផ្សិត និងរុក្ខជាតិ។,លក្ខណៈខុសគ្នានៃផ្សិតនិងរុក្ខជាតិ +ផ្សិត  -ផ្សិតបន្តពូជតាមរយៈស្ប៉ -ផ្សិតមិនធ្វើរស្មីសំយោគ -អុីប -វារស់នៅកន្លែងសើម +រុក្ខជាតិ -បន្តពូជដោយគ្រាប់ -វាត្រូវការធ្វើរស្មីសំយោគ -វារស់នៅកន្លែងដែលមានពន្លឺ,លក្ខណ:ខុសគ្នានៃផ្សិតនិងរុក្ខជាតិ  +ផ្សិត -បរជីព -អុីបក្រោមដី -ស្ប៉ +រុក្ខជាតិ -ស្វ័យជីព -គ្រាប់ -ឬស,12,10,3,0.8333333333333334,0.4030556137630548,2,5,1,5
57,ចូរនិយាយពីកំណកាម៉ែតញី។,ការស្ថិតនៅក្រោមសារពាង្គកាយនៃពងស្វាសមានសារៈសំខាន់ដូចជាដើម្បីរក្សាសីតុណ្ហភាពឲ្យ ទាបជាងសីតុណ្ហភាពក្នុងខ្លួន ប្រហែលពី(2-3)សីតុណ្ហភាពក្នុងខ្លួន37 ។,កំណកាម៉ែតញីដំបូងកោសិកាពូជមួយរួមចំណែកពីរដងបន្តបន្ទាប់គ្នា បានកោសិកាអូវ៉ូកូរី4 ។ អូវ៉ូកូរីនីមួយៗរីកមាឌអាចជាអូវ៉ូស៊ីត1 ។អូវ៉ូស៊ីតមួយរងចំណែកមួយនៃមេយោធាហើយត្រូវបាន ឈប់គាំងនៅវគ្គប្រផ្ដាស1 ។ក្រោយមកពេលគ្រប់អូវ៉ូស៊ីតមួយបន្តធ្វើចំណែកហើយត្រូវបានបញ្ចប់ នៅរយៈពេល6ម៉ោងមុនដំណើរអូវ៉ុលនិងធ្លាក់មកក្រៅជាអូវ៉ូស៊ីត2 ។ប្រសិនបើជួបស្ពែម៉ាតូសូអុីត បង្កើតបានជាអូវុល ។,10,8,3,0.8,0.02410828921328755,0,0,3,8
58,តើសង្គមខ្មែរនៅសម័យអង្គរមានប៉ុន្មានវណ្ណៈ? វណ្ណៈអ្វីខ្លះ? ចូលរៀបរាប់។,សង្គមខ្មែរនៅសម័យអង្គរមានប្រាំវណ្ណៈគឺ -វណ្ណៈក្សត្រឬរាជវង្សនុវង្ស (ជាស្ដេចគ្រប់គ្រងប្រទេស -វណ្ណៈមន្ត្រី (អ្នករស់នៅក្នុងរាជវាំងបម្រើស្ដេច) -វណ្ណៈព្រាហ្ម៍ឬបុព្វជិត​(គឺជាអ្នកបួស) -វណ្ណៈអ្នកជាឬកសិករ (អ្នករស់នៅនឹងធ្វើស្រែចម្ការ) -វណ្ណៈអ្នកងារឬទាសករ(ទាសករបម្រើគេតកូនតចៅ)។,សង្គមខ្មែរនៅសម័យអង្គរមានប្រាំវណ្ណៈគឺ -វណ្ណៈក្សត្រឬរាជវង្សនុវង្ស ជាអ្នកដឹកនាំប្រទេសនានា -វណ្ណៈមន្ត្រី អ្នកកាត់ទោសឬច្បាប់ផ្សេងៗ -វណ្ណៈ​​ព្រះសង្ឃ និងព្រះព្រារណ៍  អ្នកកាន់ធម៍ -វណ្ណៈអ្នកជាឬកសិករ អ្នកដែលគ្មានឬអ្នកសាមញ្ញ -វណ្ណៈអ្នកងារឬទាសករអ្នកដែលបម្រើរាជា។,10,10,4,1.0,0.723842284671014,3,7,1,3
59,ដូចម្តេចដែលហៅថាមេយ៉ូស? ចូរនិយាយពីវគ្គផ្សេងៗនៃមេយ៉ូស។,មេយ៉ូសជាសំណុំនៃចំណែកកោសិកាពីរដងបន្តបន្ទាប់គ្នាដែលបង្កើតបានជាកោសិកាអាលូអុីតបួន ហៅថាមេយ៉ូស ។ _តេឡូផាស1 ស៊ីតូប្លាសចែកខ្លួនបានជាកោសិកាកូនពីរ ។កោសិកាកូននីមួយៗទទួលបានក្រូម៉ូសូម តែមួយពីរគូអូម៉ូឡូក ។ _ប្រផាស1 មានរយៈពេលវែង ។ _អាណាផាស1 ក្រូម៉ូសូមដំរៀបលើផ្លាស់ភ្ជាប់នឹងក្រយ៉ូងក្រូម៉ាទិចដោយសង់ក្រូងទ័ររបស់វា ។ _តេឡូផាស2 ក្រូម៉ូមនីមួយៗបានមកដល់ប៉ូលភ្នាស _មេតាផាស2 ក្រូម៉ូសូមប្រេះតាមបណ្ដោយភ្ជាប់ខ្លួនទៅនិងក្រយ៉ងក្រូម៉ាទិចដោយសង់ _ប្រូដាស2 ត្តយ៉ងអាក្រូម៉ាទិតកើតមានក្នុងកោសិកាគូនីមួយៗ _អាណាផាស2 សង់ក្រូម៉ែធ្វើចំណែកដែលនាំអោយក្រូម៉ាទិចបងប្អូនដាច់ចេញពីគ្នា ។បន្ទាប់មក ក្រូម៉ូសូមកូនទាំង2ធ្វើដំណើរឆ្ពោះទៅប៉ូលផ្ទុយគ្នារបស់ត្រយ៉ូងអាក្រូម៉ាទិច ។,ដែលហៅថាមេយ៉ូសគឺជាសំណុំនៃចំណែកកោសិកាពីដងបន្តបន្ទាប់គ្នាបង្កើតបានជាកោសិកា អាប្លូអុីត4 ។វគ្គផ្សេងនៃមេយ៉ូសមានដូចជា  _ប្រផាស1 មានរយៈពេលវែង ។ _អាណាផាស1 ក្រូម៉ូសូមដំរៀបលើផ្លាស់ភ្ជាប់នឹងក្រយ៉ូងក្រូម៉ាទិចដោយសង់ក្រូងទ័ររបស់វា ។ _តេឡូផាស1 ស៊ីតូប្លាសចែកខ្លួនបានជាកោសិកាកូនពីរ ។កោសិកាកូននីមួយៗទទួលបានក្រូម៉ូសូម តែមួយពីរគូអូម៉ូឡូក ។ _មេតាផាស ក្រូម៉ូសូមប្រេះតាមបណ្ដោយភ្ជាប់ខ្លួនទៅនិងក្រយ៉ងក្រូម៉ាទិចដោយសង់,10,8,3,0.8,0.8492845070117361,3,8,0,0
60,ហេតុអ្វីបានជាមនុស្សស្រូបយកខ្យល់ដែលមានកាបូនម៉ណូអុកស៊ីតអាចបង្កគ្រោះថ្នាក់ដល់ស្លាប់បាន?,បានជាមនុស្សស្រូបយកខ្យល់ដែលមានកាបូនម៉ូណូអុកស៊ីដអាចបង្កឲ្យមានគ្រោះថ្នាក់ដល់ស្លាប់ បានព្រោះកាបូនម៉ូណូអុកស៊ីដមានសមត្ថភាពចាប់យក ក្នុងឈាមបានខ្លាំងជាងអុកស៊ីសែន វារារាំងឈាមមិនឲ្យដឹកនាំអុកស៊ីសែនទៅចិញ្ចឹមសរីរាង្គជាពិសេសខួរក្បាលដែលបណ្តាលឲ្យ ស្លាប់និង សន្លប់ ។,បានជាមនុស្សស្រូបយកខ្យល់ដែលមានកាបូនម៉ូណូអុកស៊ីដអាចបង្កឲ្យមានគ្រោះថ្នាក់ដល់ស្លាប់ បានព្រោះកាបូនម៉ូណូអុកស៊ីដមានសមត្ថភាពចាប់យក ក្នុងឈាមបានខ្លាំងជាងអុកស៊ីសែន វារារាំងឈាមមិនឲ្យដឹកនាំអុកស៊ីសែនទៅចិញ្ចឹមសរីរាង្គជាពិសេសខួរក្បាលដែលបណ្តាលឲ្យ ស្លាប់និង សន្លប់ ។,5,4,3,0.8,1.0,4,5,1,1
61,ហេតុអ្វីបានជាមនុស្សស្រូបយកខ្យល់ដែលមានកាបូនម៉ណូអុកស៊ីតអាចបង្កគ្រោះថ្នាក់ដល់ស្លាប់បាន?,បានជាមនុស្សស្រូបយកខ្យល់ដែលមានកាបូនម៉ូណូអុកស៊ីដអាចបង្កឲ្យមានគ្រោះថ្នាក់ដល់ស្លាប់ បានព្រោះកាបូនម៉ូណូអុកស៊ីដមានសមត្ថភាពចាប់យក ក្នុងឈាមបានខ្លាំងជាងអុកស៊ីសែន វារារាំងឈាមមិនឲ្យដឹកនាំអុកស៊ីសែនទៅចិញ្ចឹមសរីរាង្គជាពិសេសខួរក្បាលដែលបណ្តាលឲ្យ ស្លាប់និង សន្លប់ ។,បានជាមនុស្សស្រូបយកខ្យល់ដែលមានកាបូនម៉ូណូអុកស៊ីតអាចបង្កគ្រោះថ្នាក់ដល់ស្លាប់បានគឺ ឧស្ម័នកាបូនម៉ូណូអុកស៊ីតជាឧស្ម័នពុល ។,5,4,3,0.8,0.5677737011007331,2,3,1,1
62,បុព្វហេតុអ្វីខ្លះដែលនាំឲ្យអាណាចក្រចេនឡាបែកបាក់ជាពីរគឺអាណាចក្រចេនឡាដីគោកនិងចេនឡាទឹកលិច?,បុព្វហេតុដែលនាំហើយអាណាចក្រចេនឡាបែកជាពីរគឺ -វិសាលភាពទឹកដីធំទូលាយ -ចម្បាំងអត់ឈប់ឈរ -សមន្ដរដ្ឋបះបោរចង់ផ្ដាច់ខ្លួន -វិបត្តិផ្ទៃក្នុង -ព្រះនាងជ័យទេវីគ្មានសមត្ថភាពគ្រប់គ្រង។,បុព្វហេតុដែលនាំហើយអាណាចក្រចេនឡាបែកជាពីរគឺ -វិសាលភាពទឹកដីធំទូលាយ -ចម្បាំងអត់ឈប់ឈរ -សមន្ដរដ្ឋបះបោរចង់ផ្ដាច់ខ្លួន -វិបត្តិផ្ទៃក្នុង -ព្រះនាងជ័យទេវីគ្មានសមត្ថភាពគ្រប់គ្រង។,7,7,4,1.0,1.0,4,7,0,0
63,តើគេចែកប្រូទីសជាប៉ុន្មានក្រុម?អ្វីខ្លះ?,ប្រូទីសសត្វចែកជា 4 ក្រុមតាមរបៀបរស់នៅនឹងផ្លាស់ទីរបស់វា  +ប្រូតូសូអ៊ែផ្លាស់ទីដោយជើងបញ្ឆោត: អាមីប +ប្រូតូសូអ៊ែផ្លាស់ទីដោយផ្លាសែល : សាឌីយ៉ា +ប្រូតូសូអ៊ែបន្តពូជតាមរយ:ស្ប៉ :ស្ប៉រ៉ូសូអ៊ែ។,ប្រូទីសសត្វចែកជា 4 ក្រុមតាមរបៀបរស់នៅនឹងផ្លាស់ទីរបស់វា  +ប្រូតូសូអ៊ែផ្លាស់ទីដោយជើងបញ្ឆោត: អាមីប +ប្រូតូសូអ៊ែផ្លាស់ទីដោយផ្លាសែល : សាឌីយ៉ា +ប្រូតូសូអ៊ែបន្តពូជតាមរយ:ស្ប៉ :ស្ប៉រ៉ូសូអ៊ែ។,8,7,4,0.875,1.0,4,8,0,1
64,តើឧស្សាហកម្មមានអ្នកតួនាទីចំពោះសេដ្ឋកិច្ចយ៉ាងដូចម្ដេច?,ឧស្សាហកម្មមានតួនាទីសម្រាប់សេដ្ឋកិច្ចជាតិដូចជា -ជួយបង្កើតប្រាក់ចំណូលចូលជាតិ -បង្កើតការងារដល់ប្រជាជន -បង្កើតប្រាក់ចំណូលចូលក្នុងគ្រួសារ -ប្រជាជនមានជីវភាពធូរធារ -ជួយរក្សាជញ្ជីងពាណិជ្ជកម្ម -ជួយបង្កើតទិន្នផលសម្រាប់ការនាំចេញនាំចូល -បង្កើននូវសង្ឃភារៈសម្រាប់ប្រើប្រាស់។,ឧស្សាហកម្មមានតួនាទីចំពោះសេដ្ឋកិច្ចជាតិដូចជាផ្លូវឧស្សាហកម្មងាយស្រួលធ្វើដំណើរងាយស្រួលនាំចេញចូលងាយស្រួលបង់ពន្ធងាយស្រួលធ្វើផលិតផលងាយស្រួលដាំដំណាំងាយស្រួលការចិញ្ចឹមសត្វ។,15,7,2,0.4666666666666667,0.14407241566442683,1,2,1,5
65,តើអាមីបរស់នៅកន្លែងណា ?វាបង្កជំងឺអ្វី?,អាមីបរស់នៅកន្លែងដូចជាស្ទឹងបឹងអូរត្រពាំងទន្លេទឹកជ្រោះ។ វាបង្កជំងឺដូចជា ជំងឺរាគមួល ធ្វើឲ្យយើងចុកពោះដោយផឹកទឹកមិនស្អាត,អាមីបរស់នៅកន្លែងដែលមិនស្អាតដូចជា ដីភក់ ទឹកកខ្វក់ វាអាចរស់នៅក្នុងពោះវៀនមនុស្សដែលបង្កឲមានជំងឺរាគមួល។,8,3,2,0.375,0.326877768253581,1,3,1,0
66,តើឧស្សាហកម្មមានតួនាទីដូចម្ដេចខ្លះចំពោះសេដ្ឋកិច្ចជាតិ?,ឧស្សាហកម្មមាន​តួនាទីចំពោះសេដ្ឋកិច្ចជាតិដូចជា ៖ ​ _ ជួយបង្កើតថវិការជាតិ ​ _ ជួយបង្កើតទិន្នផលជាតិ ​​ _ ជួយឲ្យសេដ្ឋកិច្ចជាតិរីកចម្រើន  _ ប្រជាជនសំបូរធូរធារ  _អភិវឌ្ឍគ្រប់វិស័យ  _ មានទំនាក់ទំនងល្អជាមួយអ្នកជិតខាង  _ មានភាពរុងរឿងនៅក្នុងប្រទេសជាតិ។,ឧស្សាហកម្មមានតួនាទីចំពោះសេដ្ឋកិច្ចដូចជា៖ -ធ្វើឲ្យសេដ្ឋកិច្ចសង្កេតការណ៍ជាតិរីកចម្រើន  -ធ្វើឲ្យវាមានកំណើនសេដ្ឋកិច្ចគិតថាជាតិ  -ធ្វើឲ្យអ្នកវិនិយោគទុនតាមមកវិនិយោគច្រើនលើផ្នែកសេដ្ឋកិច្ចកិច្ចជាតិ  -ធ្វើឲ្យសេដ្ឋកិច្ចជាតិមានច្រើនជាងមុន -ធ្វើឲ្យសេដ្ឋកិច្ចមានការអភិវឌ្ឍធ្វើឲ្យសេដ្ឋកិច្ចជាតិដើរទៅមុខព្រោះ ប្រជាជនមានការងារធ្វើ ជញ្ជីងឃើញមានសកម្មភាព  -ការឡើង ធ្វើឲ្យផ្នែកផ្សេងរីកចម្រើនសេដ្ឋកិច្ចជាតិកើនឡើងធ្វើឲ្យមាន -ការនាំចេញនាំចូលច្រើនជាង កំណើនសេដ្ឋកិច្ចជាតិ ។,15,15,4,1.0,0.3420509106625717,1,5,3,10
67,តើគេចែកយុគសម័យបុរេប្រវត្តិសាស្ត្រកម្ពុជាជាប៉ុន្មានយុគសម័យ?អ្វីខ្លះ?,គេចែកយុគសម័យបុរេប្រវត្តិសាស្ត្រកម្ពុជាជាបីយុគសម័យគឺ -យុគថ្មបំបែក (600000 - 12000 ឆ្នាំមុនគ.ស) -យុគថ្មរលីងឬសំលៀង (8000 - 2000 ឆ្នាំមុនគ.ស) -យុគលោហៈ(2000-100 ឆ្នាំមុនគ.ស)។,គេចែកយុគសម័យបុរេប្រវត្តិសាស្ត្រកម្ពុជាជាបីយុគសម័យគឺ -យុគថ្មបំបែក (600000 - 12000 ឆ្នាំមុនគ.ស) -យុគថ្មរលីងឬសំលៀង (8000 - 2000 ឆ្នាំមុនគ.ស) -យុគលោហៈ(2000-100 ឆ្នាំមុនគ.ស)។,5,5,4,1.0,1.0,4,5,0,0
68,តើកម្ពុជាមានបេតិកភណ្ឌអ្វីខ្លះ ដែលបានចុះបញ្ជីបេតិកភណ្ឌរូបី និង អរូបីពិភពលោករបស់អង្គការយូ ណេស្កូ? ចូររៀបរាប់ឲ្យបានប្រាំ។,បេតិកភណ្ឌរូបិយនិងអរូបិយមានដូចជា -ប្រាសាទព្រះវិហារ -ប្រាសាទអង្គវត្ត -ប្រាសាតសម្បូរព្រៃគុក -ប្រាសាទកោះកេរ្ត៍ -របាំព្រះរាជទ្រព្យ -ល្ខោនខោល -ល្បែងប្រជាប្រិយ។,ប្រាសាទព្រះវិហារ -ប្រាសាទអង្គវត្ត -ប្រាសាទកោះកេរ -ល្ខោនខោល -ល្ខោនស្បែកធំ,5,5,4,1.0,0.6323050456676631,3,3,1,2
69,បុព្វហេតុអ្វីខ្លះដែលនាំឲ្យអាណាចក្រចេនឡាបែកបាក់ជាពីរគឺអាណាចក្រចេនឡាដីគោកនិងចេនឡាទឹកលិច?,បុព្វហេតុដែលនាំហើយអាណាចក្រចេនឡាបែកជាពីរគឺ -វិសាលភាពទឹកដីធំទូលាយ -ចម្បាំងអត់ឈប់ឈរ -សមន្ដរដ្ឋបះបោរចង់ផ្ដាច់ខ្លួន -វិបត្តិផ្ទៃក្នុង -ព្រះនាងជ័យទេវីគ្មានសមត្ថភាពគ្រប់គ្រង។,បុព្វហេតុដែលនាំហើយអាណាចក្រចេនឡាបែកជាពីរគឺ -វិសាលភាពទឹកដីធំទូលាយ -ចម្បាំងអត់ឈប់ឈរ -សមន្ដរដ្ឋបះបោរចង់ផ្ដាច់ខ្លួន -វិបត្តិផ្ទៃក្នុង -ព្រះនាងជ័យទេវីគ្មានសមត្ថភាពគ្រប់គ្រង។,7,7,4,1.0,1.0,4,7,0,0
70,តើដំណាក់កាលទាំងពីរនៃវដ្ដជីវីតរបស់រុក្ខជាតិមានអ្វីខ្លះ? ចូររៀបរាប់។,ដំណាក់កាល ទាំងពីរនៃវដ្ដជីវិតរបស់រុក្ខជាតិមាន  - ដំណាក់កាលស្ប៉រ៉ូភីត គឺជារុក្ខជាតិផលិតស្ប៉។ វាជាកោសិកាតូចៗដែលអាចលូតលាស់ជាសារពាង្គកាយថ្មី  -ស្ប៉លូតលាស់ក្នុងដំណាក់កាលផ្សេងទៀតនៃរុក្ខជាតិ ហៅថាកាម៉ែតូភីត។ ក្នុងដំណាក់កាលនៃរុក្ខជាតិផលិតកោសិកាភេទពីរបែប គឺកាម៉ែតឈ្មោល និងកាម៉ែតញី ។ កាម៉ែតញី និង កាម៉ែតឈ្មោលលាយចូលគ្នា បង្កើតបានជាសុីកូត។ បន្ទាប់មកទៀត សុីកូតលូតលាស់ទៅជាស្ប៉រ៉ូភីត។ស្ប៉រ៉ូភីតផលិតស្ប៉លូតលាស់ក្នុងកាម៉ែតូភីត កាម៉ែតូភីតផលិតកាម៉ែតញី និងកាម៉ែតឈ្មោល ហើយវដ្ដផ្ដើមសារជាថ្មី។,ដំណាក់កាល ទាំងពីរនៃការវិរត្តរបស់រុក្ខជាតិមានស្ប៉រ៉ូភីត និង កាម៉ែតូភីត  ។ +ដំណាក់កាលស្ប៉រ៉ូភីត គឺរុក្ខជាតិផលិតស្ប៉។ វាជាកោសិកាតូចៗ ដែលអាចលូតលាស់ជាសារពាង្គកាយថ្មី។ +ដំណាក់កាលកាម៉ែតូភីត គឺជាស្ប៉ដែលលូតលាស់ជាសារពាង្គកាយថ្មីៗ។ ដំណាក់កាលនេះរុក្ខជាតិ ផលិតកោសិកាភេទពីរបែប គឺកាម៉ែតញី និងកាម៉ែតឈ្មោល ។ កាម៉ែតញី និង កាម៉ែតឈ្មោល រលាយចូលគ្នាបង្កើតបានជាសុីកូត។ បន្ទាប់មកសុីកូតលូតលាស់ទៅជាស្ប៉រ៉ូភីត។,15,8,2,0.5333333333333333,0.8779591845725502,4,13,2,5
71,តើដំណាក់កាលទាំងពីរនៃវដ្ដជីវីតរបស់រុក្ខជាតិមានអ្វីខ្លះ? ចូររៀបរាប់។,ដំណាក់កាល ទាំងពីរនៃវដ្ដជីវិតរបស់រុក្ខជាតិមាន  - ដំណាក់កាលស្ប៉រ៉ូភីត គឺជារុក្ខជាតិផលិតស្ប៉។ វាជាកោសិកាតូចៗដែលអាចលូតលាស់ជាសារពាង្គកាយថ្មី  -ស្ប៉លូតលាស់ក្នុងដំណាក់កាលផ្សេងទៀតនៃរុក្ខជាតិ ហៅថាកាម៉ែតូភីត។ ក្នុងដំណាក់កាលនៃរុក្ខជាតិផលិតកោសិកាភេទពីរបែប គឺកាម៉ែតឈ្មោល និងកាម៉ែតញី ។ កាម៉ែតញី និង កាម៉ែតឈ្មោលលាយចូលគ្នា បង្កើតបានជាសុីកូត។ បន្ទាប់មកទៀត សុីកូតលូតលាស់ទៅជាស្ប៉រ៉ូភីត។ស្ប៉រ៉ូភីតផលិតស្ប៉លូតលាស់ក្នុងកាម៉ែតូភីត កាម៉ែតូភីតផលិតកាម៉ែតញី និងកាម៉ែតឈ្មោល ហើយវដ្ដផ្ដើមសារជាថ្មី។,ដំណាក់កាល ទាំងពីរនៃវដ្ដជីវិតរបស់រុក្ខជាតិមាន  - ដំណាក់កាលស្ប៉រ៉ូភីត គឺជារុក្ខជាតិផលិតស្ប៉។ វាជាកោសិកាតូចៗដែលអាចលូតលាស់ជាសារពាង្គកាយថ្មី  -ស្ប៉លូតលាស់ក្នុងដំណាក់កាលផ្សេងទៀតនៃរុក្ខជាតិ ហៅថាកាម៉ែតូភីត។ ក្នុងដំណាក់កាលនៃរុក្ខជាតិផលិតកោសិកាភេទពីរបែប គឺកាម៉ែតឈ្មោល និងកាម៉ែតញី ។ កាម៉ែតញី និង កាម៉ែតឈ្មោលលាយចូលគ្នា បង្កើតបានជាសុីកូត។ បន្ទាប់មកទៀត សុីកូតលូតលាស់ទៅជាស្ប៉រ៉ូភីត។ស្ប៉រ៉ូភីតផលិតស្ប៉លូតលាស់ក្នុងកាម៉ែតូភីត កាម៉ែតូភីតផលិតកាម៉ែតញី និងកាម៉ែតឈ្មោល ហើយវដ្ដផ្ដើមសារជាថ្មី។,15,12,3,0.8,1.0,4,15,1,3
72,ចូររៀបរាប់អំពីទំនាក់ទំនងរវាងការដាំដុះអាជីវកម្មព្រៃឈើនិងនេសាទ។,ទំនាក់ទំនងរវាង ការដាំដុះអាជីវកម្មព្រៃឈើ និងការនេសាទ៖  _ ការដាំដុះអាជីវកម្មព្រៃឈើ និងការនេសាទ ជាភោគទ្រព្យយ៉ាងសំខាន់សម្រាប់ប្រជាជនក្នុងការទ្រទ្រង់ក្នុងជីវភាពរស់នៅនិងការអភិវឌ្ឍន៍ប្រទេសជាតិ   _ ដើម្បីបំពេញតម្រូវការក្នុងកសិកម្មផលិតកម្មនិងត្រូវការផ្សេងៗ មនុស្សនាំគ្នាកាប់ព្រៃឈើដើម្បីធ្វើអាជីវកម្មព្រៃឈើជាមូលហេតុធ្វើឲ្យអាកាសធាតុប្រែប្រួលប៉ះពាល់ដល់ជីវិតមនុស្ស សត្វ និងរុក្ខជាតិ  ​ _ អតិផលនៃប្រព័ន្ធកសិកម្ម នាំឲ្យមានកំណើននៃការប្រើប្រាស់គីមីនិងថ្នាំសម្លាប់សត្វល្អិត។ ជីគីមី និងថ្នាំសម្លាប់សត្វល្អិត ទាំងនោះហូរទៅផ្ដុំគ្នានៅតាមផ្លូវទឹកនានា បំផ្លាញជីវិតសត្វនិងពូជធម្មជាតិ។,ទំនាក់ទំនងរវាងការដាំដុះអាជីវកម្មព្រៃឈើនិងការនេសាទ ការដាំដុះ ការដាំដំណាំផ្លែឈើពោតសណ្ដែកដំឡូងស្រូវ -ដីមានជីវជាតិល្អនិងដីមានសុំស្នើគ្រប់គ្រាន់  -ការនាំចេញផលិតផលគ្រប់ប្រភេទយកទៅក្រៅប្រទេស +អាជីវកម្មព្រៃឈើការកាប់ព្រៃឈើយកទៅលក់ -ការយកឈើធ្វើលំនៅឋានរស់នៅ ការកាប់ព្រៃឈើធ្វើឲ្យមានកម្ដៅឡើងខ្លាំង គ្មានជម្រក ដល់សត្វព្រៃ ការលក់ព្រៃឈើយកទៅស្រុសផ្កាក្រៅការដុះ +នេសាទ  -កុំកាប់ព្រៃលិចទឹក -កុំឆាប់រហ័សនៃ -ការបាត់បង់ធម្មជាតិ។,15,10,3,0.6666666666666666,0.4202028193799386,2,6,1,4
73,ចូរនិយាយពីកំណកាម៉ែតញី។,ការស្ថិតនៅក្រោមសារពាង្គកាយនៃពងស្វាសមានសារៈសំខាន់ដូចជាដើម្បីរក្សាសីតុណ្ហភាពឲ្យ ទាបជាងសីតុណ្ហភាពក្នុងខ្លួន ប្រហែលពី(2-3)សីតុណ្ហភាពក្នុងខ្លួន37 ។,កំណកាម៉ែតញីដំបូងកោសិកាពូជមួយរួមចំណែកពីរដងបន្តបន្ទាប់គ្នា បានកោសិកាអូវ៉ូកូរី4 ។ អូវ៉ូកូរីនីមួយៗរីកមាឌអាចជាអូវ៉ូស៊ីត1 ។អូវ៉ូស៊ីតមួយរងចំណែកមួយនៃមេយោធាហើយត្រូវបាន ឈប់គាំងនៅវគ្គប្រផ្ដាស1 ។,10,4,2,0.4,0.01770656090734037,0,0,2,4
74,ដូចម្តេចដែលហៅថាមេយ៉ូស? ចូរនិយាយពីវគ្គផ្សេងៗនៃមេយ៉ូស។,មេយ៉ូសជាសំណុំនៃចំណែកកោសិកាពីរដងបន្តបន្ទាប់គ្នាដែលបង្កើតបានជាកោសិកាអាលូអុីតបួន ហៅថាមេយ៉ូស ។ _តេឡូផាស1 ស៊ីតូប្លាសចែកខ្លួនបានជាកោសិកាកូនពីរ ។កោសិកាកូននីមួយៗទទួលបានក្រូម៉ូសូម តែមួយពីរគូអូម៉ូឡូក ។ _ប្រផាស1 មានរយៈពេលវែង ។ _អាណាផាស1 ក្រូម៉ូសូមដំរៀបលើផ្លាស់ភ្ជាប់នឹងក្រយ៉ូងក្រូម៉ាទិចដោយសង់ក្រូងទ័ររបស់វា ។ _តេឡូផាស2 ក្រូម៉ូមនីមួយៗបានមកដល់ប៉ូលភ្នាស _មេតាផាស2 ក្រូម៉ូសូមប្រេះតាមបណ្ដោយភ្ជាប់ខ្លួនទៅនិងក្រយ៉ងក្រូម៉ាទិចដោយសង់ _ប្រូដាស2 ត្តយ៉ងអាក្រូម៉ាទិតកើតមានក្នុងកោសិកាគូនីមួយៗ _អាណាផាស2 សង់ក្រូម៉ែធ្វើចំណែកដែលនាំអោយក្រូម៉ាទិចបងប្អូនដាច់ចេញពីគ្នា ។បន្ទាប់មក ក្រូម៉ូសូមកូនទាំង2ធ្វើដំណើរឆ្ពោះទៅប៉ូលផ្ទុយគ្នារបស់ត្រយ៉ូងអាក្រូម៉ាទិច ។,ដែលហៅថាមេយ៉ូសគឺជាសំណុំនៃចំណែកកោសិកាពីដងបន្តបន្ទាប់គ្នាបង្កើតបានជាកោសិកា អាប្លូអុីត4 ។វគ្គផ្សេងនៃមេយ៉ូសមានដូចជា  _ប្រផាស1 មានរយៈពេលវែង ។ _អាណាផាស1 ក្រូម៉ូសូមដំរៀបលើផ្លាស់ភ្ជាប់នឹងក្រយ៉ូងក្រូម៉ាទិចដោយសង់ក្រូងទ័ររបស់វា ។,10,5,2,0.5,0.6565954486467257,3,7,1,2
75,តើសេដ្ឋកិច្ចកម្ពុជាពឹងផ្អែកលើវិស័យអ្វីជាសំខាន់?     ក/ ហេតុអ្វីបានជាគេនិយាយថាកម្ពុជាជាប្រទេសកសិកម្ម?     ខ/ តើគេចែកកសិករជាប៉ុន្មានប្រភេទ?អ្វីខ្លះ?,សេដ្ឋកិច្ចកម្ពុជាពឹងផ្អែកលើវិស័យកសិកម្មជាសំខាន់។   ក/ បានជាគេនិយាយថាកម្ពុជាជាប្រទេសឧស្សាហកម្មព្រោះ៖  _  សណ្ឋានដី : ដីមានជីវជាតិល្អនិងសម្បូរទំនាបល្បាប់   _ ផ្លូវទឹក : ផ្លូវទឹកខ្វាត់ខ្វែងងាយស្រួលដល់ការដាំដុះ  _ ប្រជាជន : ប្រជាជនខ្មែរភាគច្រើនចូលចិត្តធ្វើកសិកម្ម  _ អាកាសធាតុ : ទទួលអាកាសធាតុក្តៅសើម  _ កសិកម្មផ្តល់ផល50%នៃផលិតផលជាតិសរុប។  ខ/ គេចែកកសិករទាំងនោះជា4ប្រភេទគឺ៖  _ កសិករធ្វើស្រែឬអ្នកស្រែ : និយមធ្វើស្រែ ស្រូវប្រាំង ស្រូវវស្សា ស្រូវឡើងទឹក  _ កសិករតំបន់ដីខ្ពស់ : គេដាំដំណាំជាអចិន្ត្រៃយ៍(ពោត ដំឡូង ចេក កៅស៊ូសណ្តែក)  _ កសិករធ្វើចម្ការដំណាំស្រូវ : គេដាំដំណាំតាមមាត់ទន្លេ ចិញ្ចឹមសត្វនិងនេសាទ  _ កសិករភូមិភាគឦសាន: គេធ្វើដំណាំព្រៃដុតមានដូចជាពោត ដំឡូង ស្រូវរុក្ខជាតិយកមើមដទៃទៀត និងបរបាញ់សត្វផងដែរ។,"សេដ្ឋកិច្ចជាតិផ្អែកលើវិស័យកសិកម្មជាសំខាន់ព្រោះវិស័យនេះសំខាន់ដល់ជាតិដូចជា៖ -ប្រទេសកម្ពុជាគឺជាប្រទេសដែលមានសណ្ឋានដីងាយស្រួលក្នុងការដាំដំណាំនិងទទួលផលច្រើន -នៅប្រទេសកម្ពុជាការដាំដុះទទួលបានផលរីកចម្រើន ដូចជាស្រូវពោតសណ្តែកកៅស៊ូជាប្រទេសងាយស្រួលក្នុងការ សាច់គោ , សត្វគោក្របីជាដើម -ក្នុងវិស័យផលិតកម្មកសិកម្មនិងឧស្សាហកម្មមាន ការដំណើរការបានល្អដីសម្បូរទៅដោយជីវវិទ្យាដែល ភាពជោគជ័យយ៉ាងសំខាន់សម្រាប់ប្រទេសជាតិ -ប្រទេសកម្ពុជានៅក្រោមអាកាសធាតុត្រូពិក មូសុងក្រៅហើយសើមធ្វើឲ្យងាយស្រួលក្នុងការដាំដំណាំនិងធ្វើស្រែចម្ការ -កសិករភាគច្រើនចូលចិត្តដាំដំណាំនិងធ្វើស្រែចម្ការតាមរដូវវស្សារដូវប្រាំងនិងរដូវទឹកឡើង +គេបែងចែកកសិករជាបីប្រភេទដូចជា  -កសិករដាំស្រូវឬអ្នកធ្វើស្រែក -កសិករតំបន់ដីខ្ពស់ កសិករធ្វើចម្ការនិងកសិករមិនស្រូវ។",20,10,2,0.5,0.5215969437119349,2,10,0,0
76,ចូរប្រៀបធៀបលក្ខណៈខុសគ្នានៃផ្សិត និងរុក្ខជាតិ។,លក្ខណៈខុសគ្នានៃផ្សិតនិងរុក្ខជាតិ +ផ្សិត  -ផ្សិតបន្តពូជតាមរយៈស្ប៉ -ផ្សិតមិនធ្វើរស្មីសំយោគ -អុីប -វារស់នៅកន្លែងសើម +រុក្ខជាតិ -បន្តពូជដោយគ្រាប់ -វាត្រូវការធ្វើរស្មីសំយោគ -វារស់នៅកន្លែងដែលមានពន្លឺ,ប្រៀបធៀបលក្ខណ:ខុសគ្នារវាងផ្សិតនិងរុក្ខជាតិ  +ផ្សិត -បរជីព -អុីបក្រោមដី -ស្ប៉ +រុក្ខជាតិ -ស្វ័យជីព -គ្រាប់ -ឬស,12,7,2,0.5833333333333334,0.33934295232248135,1,4,1,3
77,តើថ្ងៃរំដោះ៧មករា១៩៧៩ មានអត្ថន័យយ៉ាងណាខ្លះចំពោះប្រវត្តិសាស្ត្រកម្ពុជា?,ថ្ងៃរំដោះ 7 មករា 1979 មានអត្ថន័យជាប្រវត្តិសាស្រ្តដូចជា÷ -ជាថ្ងៃដែលប្រជាជនរួចផុតពីរបបប្រល័យពូជសាសន៍ -ជាថ្ងៃដែលរបបកម្ពុជាប្រជាធិបតេយ្យដួលរលំ -ជាថ្ងៃកំណើតទី 2 របស់ប្រជាជនខ្មែរ -ជាថ្ងៃដែលកងទ័ពរណសិរ្យសាមគ្គីនិងកងទ័ពរំដោះប្រជាជន បានរំដោះប្រជាជនចេញពីរបបប្រល័យពូជសាស្ត្រកម្ពុជា។,ថ្ងៃរំដោះ៧មករា១៩៧៩ មានអត្ថន័យចំពោះប្រវត្តិសាស្ត្រកម្ពុជាដូចជា៖ -បើកទ្វាសាលារៀនគ្រប់កម្រិតថ្នាក់ទូទាំងប្រទេស -ជាថ្ងៃដែលប្រជាជនរួចផុតពីការសម្លាប់រង្គាលនៃរបបលទ្ធិប្រជាធិបតេយ្យ -ជាថ្ងៃដួលរលំរបបខ្មែរក្រហម -ជាថ្ងៃប្រជាជនកម្ពុជាទទួលបានសិទ្ធិសេរីភាព -ជាការរស់រានឡើងវិញនូវវប្បធម៌ជាតិ -ជាថ្ងៃស្ដារនិងកសាងជាតិឡើងវិញ -ជាថ្ងៃស្ដារនិងកសាងប្រទេសឡើងវិញលើឆាកតំបន់និងអន្តរជាតិ -ជាថ្ងៃដែលបណ្ដាលឱ្យមានវត្តមានកងទ័ពវៀតណាមជាថ្មីម្ដងទៀតលើទឹកដីកម្ពុជា។,8,8,4,1.0,0.5470067952568847,2,4,2,4
78,តើកត្តាអ្វីខ្លះដែលធ្វើអោយសម័យអង្គររីកចម្រើនដល់កំពូល?​ ចូលរៀបរាប់។,កត្តាដែលធ្វើអោយសម័យអង្គររីកចម្រើនគឺ: កត្តាព្រះរាជា:ព្រះរាជាចាប់ពីព្រះបាទជ័យវរ្ម័នទី 2 រហូតដល់ព្រះបាទជ័យវរ្ម័នទី 7 សុទ្ធតែជាស្ដេចខ្លាំងពូកែ កត្តានយោបាយ: នយោបាយក្នុងប្រទេសបង្រួបបង្រួមជាតិកសាងនិងការពារទឹកដី នយោបាយក្រៅប្រទេស:ចងសម្ព័ន្ធមិត្តជាមួយប្រទេសធំៗវាយយករដ្ឋតូចដាក់ជាចំណុះ កត្តាសេដ្ឋកិច្ច:រីកចម្រើនលើវិស័យកសិកម្មសិប្បកម្មគណនាគម កត្តាសាសនា:ការឯកភាពគ្នារវាងសាសនាព្រាហ្មនិងព្រះពុទ្ធ កត្តាធនធានមនុស្សបន្សល់ទុកតាំងពីសម័យនគរភ្នំនិងចេនឡាមក។,កត្តាដែលធ្វើអោយសម័យអង្គររីកចម្រើនគឺ: .កត្តាព្រះរាជា:ព្រះរាជាចាប់ពីព្រះបាទជ័យវរ្ម័នទី 2 រហូតដល់ព្រះបាទជ័យវរ្ម័នទី 7 សុទ្ធសឹងតែជាស្ដេចខ្លាំងពូកែ .កត្តានយោបាយ: +នយោបាយក្នុងប្រទេស:បង្រួបបង្រួម​ កសាង និងការពារ។ +នយោបាយក្រៅប្រទេស:ចងសម្ព័ន្ធមិត្តជាមួយប្រទេសធំៗដូចជាចិននិងឥណ្ឌា និងវាយយករដ្ឋតូចដាក់ជាចំណុះ .កត្តាសេដ្ឋកិច្ច:ការរីកចម្រើនលើវិស័យកសិកម្ម សិប្បកម្ម គណនាគមន៍ .កត្តាសាសនា:មានការឯកភាពគ្នារវាងសាសនាព្រាហ្មនិងព្រះពុទ្ធ .កត្តាធនធានមនុស្សបន្សល់ទុកតាំងពីសម័យនគរភ្នំនិងចេនឡាមក។,10,10,4,1.0,0.9273986502678749,4,9,0,1
79,តើសង្គមខ្មែរនៅសម័យអង្គរមានប៉ុន្មានវណ្ណៈ? វណ្ណៈអ្វីខ្លះ? ចូលរៀបរាប់។,សង្គមខ្មែរនៅសម័យអង្គរមានប្រាំវណ្ណៈគឺ -វណ្ណៈក្សត្រឬរាជវង្សនុវង្ស (ជាស្ដេចគ្រប់គ្រងប្រទេស -វណ្ណៈមន្ត្រី (អ្នករស់នៅក្នុងរាជវាំងបម្រើស្ដេច) -វណ្ណៈព្រាហ្ម៍ឬបុព្វជិត​(គឺជាអ្នកបួស) -វណ្ណៈអ្នកជាឬកសិករ (អ្នករស់នៅនឹងធ្វើស្រែចម្ការ) -វណ្ណៈអ្នកងារឬទាសករ(ទាសករបម្រើគេតកូនតចៅ)។,សង្គមខ្មែរនៅសម័យអង្គរមានប្រាំវណ្ណៈគឺ -វណ្ណៈក្សត្រឬរាជវង្សនុវង្ស: មានបុព្វសិទ្ធណាស់គ្មានការបង់ពន្ធ មានអំណាចគ្រប់គ្រាន់រស់នៅដោយស្រួលមិនចាំបាច់ធ្វើការងារ និងមិននឿយហត់ទេ -វណ្ណៈមន្ត្រី: ឋានានុក្រមរបស់ពួកគេអាចសម្គាល់តាមរយៈឥស្សតិយយសនិងចំនួនផ្ទះប្រកក្បឿងរបស់ពួកគេ។ -វណ្ណៈអ្នកបួសឬបុព្វជិត​: មានពួកប៉ាន់ឃាប ព្រាហ្ម៍បុរោហិត ជូគូនិងប៉ាវីស៊ី។ -វណ្ណៈអ្នកជា:ពួកមានឋន្តះដូចពួកឈ្មួញសិប្បករ កសិករនិងប្រជារាស្រ្ដសាមញ្ញ -វណ្ណៈអ្នកងារឬទាសករ:ពួកនេះជាបម្រើគេអស់មួយជីវិតតកូនតចៅនេះមានឋានៈទាបបំផុតហើយត្រូវទៅធ្វើការតាមបញ្ជាគេដាក់ឲ្យនឹងគ្មានប្រាក់កម្រៃទេ។ពួកទាសកនេះមានទាសករឈ្លើយសឹក ទាសករតពូជ ទាសករជាជនជាតិភាគតិចនិងទាសករដែលគេចាប់យកមកលក់។,10,10,4,1.0,0.5008770217187244,2,5,2,5
80,តើផ្សិតមានរូបរាងខុសៗគ្នាអាស្រ័យនឹងអ្វី? ស្រូបសារធាតុចិញ្ចឹមតាមរយៈអ្វី?,ផ្សិតមានរូបរាងខុសៗគ្នាអាស្រ័យនឹងការតម្រៀបអុីបរបស់វា។ផ្សិតស្រូបសារធាតុចិញ្ចឹមតាមរយ:អុីបដែលដុះចូលទៅក្នុងប្រភពអាហារ។,ផ្សិតមានរូបរាងខុសៗគ្នាអាស្រ័យនឹងការតម្រៀបអុីបរបស់វា។ផ្សិតស្រូបសារធាតុចិញ្ចឹមតាមរយ:អុីបដែលដុះចូលទៅក្នុងប្រភពអាហារ។,10,9,4,0.9,0.9999999999999999,4,10,0,1
81,បុព្វហេតុអ្វីខ្លះដែលនាំឲ្យអាណាចក្រចេនឡាបែកបាក់ជាពីរគឺអាណាចក្រចេនឡាដីគោកនិងចេនឡាទឹកលិច?,បុព្វហេតុដែលនាំហើយអាណាចក្រចេនឡាបែកជាពីរគឺ -វិសាលភាពទឹកដីធំទូលាយ -ចម្បាំងអត់ឈប់ឈរ -សមន្ដរដ្ឋបះបោរចង់ផ្ដាច់ខ្លួន -វិបត្តិផ្ទៃក្នុង -ព្រះនាងជ័យទេវីគ្មានសមត្ថភាពគ្រប់គ្រង។,បុព្វហេតុដែលនាំហើយអាណាចក្រចេនឡាបែកជាពីរគឺ -វិសាលភាពទឹកដីធំទូលាយ -ចម្បាំងអត់ឈប់ឈរ -សមន្ដរដ្ឋបះបោរចង់ផ្ដាច់ខ្លួន -វិបត្តិផ្ទៃក្នុង -ព្រះនាងជ័យទេវីគ្មានសមត្ថភាពគ្រប់គ្រង។,7,7,4,1.0,1.0,4,7,0,0
82,តើការស្ថិតនៅក្រៅសារពាង្គកាយនៃពងស្វាសមានសារៈសំខាន់ដូចម្តេច?,ការស្ថិតនៅក្រោមសារពាង្គកាយនៃពងស្វាសមានសារៈសំខាន់ដូចជាដើម្បីរក្សាសីតុណ្ហភាពឲ្យ ទាបជាងសីតុណ្ហភាពក្នុងខ្លួន ប្រហែលពី(2-3)សីតុណ្ហភាពក្នុងខ្លួន37 ។,ការស្ថិតនៅក្រោមសារពាង្គកាយនៃពងស្វាសមានសារៈសំខាន់ក្នុងការផលិតអរម៉ូនភេទឈ្មោលនិង បង្កើតស្ពែម៉ាតូសូអ៊ីតរក្សាសីតុណ្ហភាពឲ្យទាបជាងសីតុណ្ហភាពក្នុងខ្លួន ប្រហែលពី(2-3) ។,10,8,3,0.8,0.722435714290658,3,7,0,1
83,តើការស្ថិតនៅក្រៅសារពាង្គកាយនៃពងស្វាសមានសារៈសំខាន់ដូចម្តេច?,ការស្ថិតនៅក្រោមសារពាង្គកាយនៃពងស្វាសមានសារៈសំខាន់ដូចជាដើម្បីរក្សាសីតុណ្ហភាពឲ្យ ទាបជាងសីតុណ្ហភាពក្នុងខ្លួន ប្រហែលពី(2-3)សីតុណ្ហភាពក្នុងខ្លួន37 ។,ការស្ថិតនៅក្រោមសារពាង្គកាយនៃពងស្វាសមានសារៈសំខាន់ក្នុងការផលិតអរម៉ូនភេទឈ្មោលនិង បង្កើតស្ពែម៉ាតូសូអ៊ីត ។,10,3,1,0.3,0.28458921400642256,1,3,0,0
84,ចូររៀបរាប់អំពីទំនាក់ទំនងរវាងការដាំដុះអាជីវកម្មព្រៃឈើនិងនេសាទ។,ទំនាក់ទំនងរវាង ការដាំដុះអាជីវកម្មព្រៃឈើ និងការនេសាទ៖  _ ការដាំដុះអាជីវកម្មព្រៃឈើ និងការនេសាទ ជាភោគទ្រព្យយ៉ាងសំខាន់សម្រាប់ប្រជាជនក្នុងការទ្រទ្រង់ក្នុងជីវភាពរស់នៅនិងការអភិវឌ្ឍន៍ប្រទេសជាតិ   _ ដើម្បីបំពេញតម្រូវការក្នុងកសិកម្មផលិតកម្មនិងត្រូវការផ្សេងៗ មនុស្សនាំគ្នាកាប់ព្រៃឈើដើម្បីធ្វើអាជីវកម្មព្រៃឈើជាមូលហេតុធ្វើឲ្យអាកាសធាតុប្រែប្រួលប៉ះពាល់ដល់ជីវិតមនុស្ស សត្វ និងរុក្ខជាតិ  ​ _ អតិផលនៃប្រព័ន្ធកសិកម្ម នាំឲ្យមានកំណើននៃការប្រើប្រាស់គីមីនិងថ្នាំសម្លាប់សត្វល្អិត។ ជីគីមី និងថ្នាំសម្លាប់សត្វល្អិត ទាំងនោះហូរទៅផ្ដុំគ្នានៅតាមផ្លូវទឹកនានា បំផ្លាញជីវិតសត្វនិងពូជធម្មជាតិ។,ទំនាក់ទំនងរវាងការដាំដុះឈើហូបផ្លែ និងការនេសាទមាន -កសិកម្ម ជួយផ្តល់ចំណីឱ្យត្រី ដែលវាអាចកាត់បន្ថយការនេសាទពីធម្មជាតិ -ការដាំដុះបែបពាណិជ្ជកម្ម ដែលត្រូវការផ្ទៃដីដាំដុះ និងត្រូវកាប់ព្រៃឈើ -ការដាំដើមឈើជួយការបន្ថយសំណឹក និងជួយសម្រួលការកាប់បំផ្លាញព្រៃឈើ -ផ្ដល់ចំណូលចូលសេដ្ធកិច្ចជាតិដូចគ្នា  -ផ្ដល់កាងារនឹងចំណូលក្នុងគ្រួសារប្រជាជន -ជាវិស័យកសិកម្មសំខាន់ៗរបស់សេដ្ធកិច្ចជាតិ…។,15,5,1,0.3333333333333333,0.372551526119998,1,6,0,1
85,តើគេចែកប្រូទីសជាប៉ុន្មានក្រុម?អ្វីខ្លះ?,ប្រូទីសសត្វចែកជា 4 ក្រុមតាមរបៀបរស់នៅនឹងផ្លាស់ទីរបស់វា  +ប្រូតូសូអ៊ែផ្លាស់ទីដោយជើងបញ្ឆោត: អាមីប +ប្រូតូសូអ៊ែផ្លាស់ទីដោយផ្លាសែល : សាឌីយ៉ា +ប្រូតូសូអ៊ែបន្តពូជតាមរយ:ស្ប៉ :ស្ប៉រ៉ូសូអ៊ែ។,គេចែកប្រូទីសសត្វជា3 ក្រុម -ប្រូទីសសត្វ  -ប្រូទីសរុក្ខជាតិ - និងប្រូទីសផ្សិត។,8,3,2,0.375,0.22240262839816222,1,2,1,1
86,ចូររៀបរាប់អំពីទំនាក់ទំនងរវាងការដាំដុះអាជីវកម្មព្រៃឈើនិងនេសាទ។,ទំនាក់ទំនងរវាង ការដាំដុះអាជីវកម្មព្រៃឈើ និងការនេសាទ៖  _ ការដាំដុះអាជីវកម្មព្រៃឈើ និងការនេសាទ ជាភោគទ្រព្យយ៉ាងសំខាន់សម្រាប់ប្រជាជនក្នុងការទ្រទ្រង់ក្នុងជីវភាពរស់នៅនិងការអភិវឌ្ឍន៍ប្រទេសជាតិ   _ ដើម្បីបំពេញតម្រូវការក្នុងកសិកម្មផលិតកម្មនិងត្រូវការផ្សេងៗ មនុស្សនាំគ្នាកាប់ព្រៃឈើដើម្បីធ្វើអាជីវកម្មព្រៃឈើជាមូលហេតុធ្វើឲ្យអាកាសធាតុប្រែប្រួលប៉ះពាល់ដល់ជីវិតមនុស្ស សត្វ និងរុក្ខជាតិ  ​ _ អតិផលនៃប្រព័ន្ធកសិកម្ម នាំឲ្យមានកំណើននៃការប្រើប្រាស់គីមីនិងថ្នាំសម្លាប់សត្វល្អិត។ ជីគីមី និងថ្នាំសម្លាប់សត្វល្អិត ទាំងនោះហូរទៅផ្ដុំគ្នានៅតាមផ្លូវទឹកនានា បំផ្លាញជីវិតសត្វនិងពូជធម្មជាតិ។,ទំនាក់ទំនងរវាងការដាំដុះអាជីវកម្មព្រៃឈើនិងការនេសាទ៖ ​ + ការដាំដុះ : ការដាំដើមឈើ ដាំដំណាំកសិកម្ម ដំណាំចម្ការ ការដាំដំណាំឧស្សាហកម្ម  + អាជីវកម្មព្រៃឈើ : ការកាប់ព្រៃឈើ ការដុតព្រៃឈើ ប្រមាញ់សត្វព្រៃ ការកាប់ព្រៃឈើធ្វើអាជីវកម្ម  + ការនេសាទ : នៅពេលដែលកាប់ព្រៃឈើ ព្រៃឈើធ្លាក់ចូលក្នុងទឹកកន្លែងត្រីកំពុងពង ប្រើប្រាស់ជីគីមីចាក់ចូលក្នុងទឹក ការនេសាទហួសហេតុ ការនេសាទប្រើឧបករណ៍ទំនើប និង ធាតុផ្ទុះ និង ការកាប់បំផ្លាញព្រៃលិចទឹក។,15,5,1,0.3333333333333333,0.4869569656063406,2,7,1,2
87,តើអាមីបរស់នៅកន្លែងណា ?វាបង្កជំងឺអ្វី?,អាមីបរស់នៅកន្លែងដូចជាស្ទឹងបឹងអូរត្រពាំងទន្លេទឹកជ្រោះ។ វាបង្កជំងឺដូចជា ជំងឺរាគមួល ធ្វើឲ្យយើងចុកពោះដោយផឹកទឹកមិនស្អាត,អាមីបរស់នៅកន្លែងដែលមិនស្អាតដូចជា ដីភក់ ទឹកកខ្វក់ វាអាចរស់នៅក្នុងពោះវៀនមនុស្សដែលបង្កឲមានជំងឺរាគមួល។,8,3,2,0.375,0.326877768253581,1,3,1,0
88,តើអាមីបរស់នៅកន្លែងណា ?វាបង្កជំងឺអ្វី?,អាមីបរស់នៅកន្លែងដូចជាស្ទឹងបឹងអូរត្រពាំងទន្លេទឹកជ្រោះ។ វាបង្កជំងឺដូចជា ជំងឺរាគមួល ធ្វើឲ្យយើងចុកពោះដោយផឹកទឹកមិនស្អាត,អាមីបរស់នៅកន្លែងដែលមិនស្អាតដូចជា ដីភក់ ទឹកកខ្វក់ វាអាចរស់នៅក្នុងពោះវៀនមនុស្សដែលបង្កឲមានជំងឺរាគមួល។,8,5,2,0.625,0.326877768253581,1,3,1,2
89,តើកត្តាអ្វីខ្លះដែលធ្វើអោយសម័យអង្គររីកចម្រើនដល់កំពូល?​ ចូលរៀបរាប់។,កត្តាដែលធ្វើអោយសម័យអង្គររីកចម្រើនគឺ: កត្តាព្រះរាជា:ព្រះរាជាចាប់ពីព្រះបាទជ័យវរ្ម័នទី 2 រហូតដល់ព្រះបាទជ័យវរ្ម័នទី 7 សុទ្ធតែជាស្ដេចខ្លាំងពូកែ កត្តានយោបាយ: នយោបាយក្នុងប្រទេសបង្រួបបង្រួមជាតិកសាងនិងការពារទឹកដី នយោបាយក្រៅប្រទេស:ចងសម្ព័ន្ធមិត្តជាមួយប្រទេសធំៗវាយយករដ្ឋតូចដាក់ជាចំណុះ កត្តាសេដ្ឋកិច្ច:រីកចម្រើនលើវិស័យកសិកម្មសិប្បកម្មគណនាគម កត្តាសាសនា:ការឯកភាពគ្នារវាងសាសនាព្រាហ្មនិងព្រះពុទ្ធ កត្តាធនធានមនុស្សបន្សល់ទុកតាំងពីសម័យនគរភ្នំនិងចេនឡាមក។,កត្តាដែលធ្វើអោយសម័យអង្គររីកចម្រើនគឺ: .កត្តាព្រះរាជា:ព្រះរាជាចាប់ពីព្រះបាទជ័យវរ្ម័នទី 2 រហូតដល់ព្រះបាទជ័យវរ្ម័នទី 7 សុទ្ធសឹងតែជាស្ដេចខ្លាំងពូកែ .កត្តានយោបាយ: +នយោបាយក្នុងប្រទេស:បង្រួបបង្រួម​ កសាង និងការពារ។ +នយោបាយក្រៅប្រទេស:ចងសម្ព័ន្ធមិត្តជាមួយប្រទេសធំៗដូចជាចិននិងឥណ្ឌា និងវាយយករដ្ឋតូចដាក់ជាចំណុះ .កត្តាសេដ្ឋកិច្ច:ការរីកចម្រើនលើវិស័យកសិកម្ម សិប្បកម្ម គណនាគមន៍ .កត្តាសាសនា:មានការឯកភាពគ្នារវាងសាសនាព្រាហ្មនិងព្រះពុទ្ធ .កត្តាធនធានមនុស្សបន្សល់ទុកតាំងពីសម័យនគរភ្នំនិងចេនឡាមក។,10,10,4,1.0,0.9273986502678749,4,9,0,1
90,តើកម្ពុជាមានបេតិកភណ្ឌអ្វីខ្លះ ដែលបានចុះបញ្ជីបេតិកភណ្ឌរូបី និង អរូបីពិភពលោករបស់អង្គការយូណេស្កូ? ចូររៀបរាប់ឱ្យបានប្រាំ។,កម្ពុជាមានបេតិកភណ្ឌដែលបានចុះបញ្ជីបេតិកភណ្ឌរូបី និង អរូបីពិភពលោករបស់អង្គការយូណេស្កូដូចជា     +ល្ខោនខោល     +រមណីយដ្ឋានអង្គរ     +ចាប៉ីដងវែង     +ប្រាសាទព្រះវិហហារ     +ល្ខោនស្រមោលស្បែកធំ     +របាំព្រះរាជទ្រព្យ     +ក្រមាខ្មែរ     +គុនល្បុកតោ     +រមណីយដ្ឋានសម្បូរព្រៃគុក,កម្ពុជាមានប្រទេសកភណ្ឌដែលបានចុះបញ្ជីបេតិកភណ្ឌរូបីនិងអរូបីពិភពលោករបស់អង្គការយូណេស្កូដូចជា៖ -ល្ខោនខោល -រមណីយដ្ឋានអង្គរ -ល្បែងទាញព្រ័ត្រ -ចាប៉ីដងវែង -ប្រាសាទព្រះវិហារ -ល្ខោនស្រមោលស្បែកធំ -របាំព្រះរាជទ្រព្យ -ក្រមាខ្មែរ -គុនល្បុក្កតោរ -មណីយដ្ឋានសំបូរព្រៃគុក។,5,5,4,1.0,0.917714299404099,4,5,0,0
91,តើការស្ថិតនៅក្រៅសារពាង្គកាយនៃពងស្វាសមានសារៈសំខាន់ដូចម្តេច?,ការស្ថិតនៅក្រោមសារពាង្គកាយនៃពងស្វាសមានសារៈសំខាន់ដូចជាដើម្បីរក្សាសីតុណ្ហភាពឲ្យ ទាបជាងសីតុណ្ហភាពក្នុងខ្លួន ប្រហែលពី(2-3)សីតុណ្ហភាពក្នុងខ្លួន37 ។,ការស្ថិតនៅក្រោមសារពាង្គកាយនៃពងស្វាសមានសារៈសំខាន់ក្នុងការផលិតអរម៉ូនភេទឈ្មោលនិង បង្កើតស្ពែម៉ាតូសូអ៊ីត ។រក្សាសីតុណ្ហភាពឲ្យទាបជាងសីតុណ្ហភាពក្នុងខ្លួន ប្រហែលពី(2-3)សីតុណ្ហភាព ក្នុងខ្លួន37 ។,10,10,4,1.0,0.804062449715198,3,8,1,2
92,ហេតុអ្វីបានជាផ្នែកឯកជនជាកម្លាំងដ៏សំខាន់សម្រាប់វិនិយោគនិងធ្វើឲ្យមានកំណើនសេដ្ឋកិច្ចក្នុងប្រទេស?,បានជាផ្នែកឯកជនជាកម្លាំងដ៏សំខាន់សម្រាប់វិនិយោគនិងធ្វើឲ្យមានកំណើនសេដ្ឋកិច្ចក្នុងប្រទេស ព្រោះប្រទេសកម្ពុជាជាប្រទេសអភិវឌ្ឍន៍ សេដ្ឋកិច្ចទីផ្សារដោយបានធ្វើកំណែទម្រង់សហគ្រាសឧស្សាហកម្មឲ្យក្លាយទៅជាកម្មសិទ្ធិឯកជន ។ សេដ្ឋកិច្ចទីផ្សារសេរីនេះនាំឲ្យអ្នករកស៊ីបរទេសចូលចិត្តមកវិនិយោគ ហើយកាលណាផ្នែកឯកជនរឹងមាំមកវិនិយោគ ហើយកាលណាផ្នែកឯកជនមិនរឹងមាំអាចបំពេញបន្ថែមវិនិយោគនិងវិស័យសង្គមកិច្ចមានន័យថាវិស័យឯកជនស្រូបយកកម្លាំងការងារកាន់តែកើនឡើង។,ព្រោះវិស័យឯកជនជាក្បាលម៉ាស៊ីនសំខាន់សម្រាប់វិនិយោគនិងធ្វើឱ្យមានកំណើនសេដ្ឋកិច្ចក្នុងប្រទេសព្រោះ៖ -ផ្នែកឯកជនក៏ជាកម្លាំងសំខាន់ធ្វើឲ្យមនុស្សមានការងារធ្វើ  ផ្នែកឯកជនជាតិហូឡង់សងខាងអត់ទេ -បង្កើតការងារ សម្រាប់ការវិនិយោគទៅលើ អភិវឌ្ឍប្រទេសជាតិខ្លួន  -ប្រព័ន្ធឧស្សាហកម្ម មុនដំបូងគាត់ប្តូរមកឯកជន ទាំងពីរឆ្នាំ1993 ដោយមានការវិនិយោគទាំង។,15,7,2,0.4666666666666667,0.48474190681553236,2,7,0,0
93,តើប្រព័ន្ធផលិតកម្មកសិកម្មនៅក្នុងប្រទេសកម្ពុជាមានអ្វីខ្លះ?ចូររៀបរាប់​ ។,ប្រព័ន្ធផលិតកម្មកសិកម្មនៅប្រទេសកម្ពុជាមាន៖    _ ដំណាំ : ដំណាំស្រូវ ដំណាំកៅស៊ូ ដំណាំផ្សេងៗទៀត    _ ការចិញ្ចឹមសត្វ : ការចិញ្ចឹមសត្វលើគោក ការចិញ្ចឹមសត្វក្នុងទឹក    _ ការនេសាទ : ការនេសាទទឹកសាប ការនេសាទទឹកប្រៃ  _ ព្រៃឈើ : ផលិតផលឈើ អនុផលព្រៃឈើ(រកឃ្មុំ ជ័រទឹក វល្លិ៍ ផ្តៅ) សត្វព្រៃ ។,ក្រុមហ៊ុនផលិតកម្មកសិកម្មនិងប្រទេសកម្ពុជាមាន ការនាំចេញនាំចូលផលិតផល ការធ្វើស្រែចម្ការដាំដំណាំស្រូវការដាំដុះបន្លែបង្គា ការនាំចេញផលិតផលទៅក្រៅប្រទេស ការធ្វើអាជីវកម្មក្នុងស្រុកនិងក្រៅស្រុក ការធ្វើអាជីវកម្មការធ្វើសេដ្ឋកិច្ចទីផ្សារដើម្បីឲ្យមាន បៀវត្សរ៍ខ្ពស់។,10,8,3,0.8,0.22796215592172644,1,2,2,6
94,ចូរនិយាយពីកំណកាម៉ែតញី។,ការស្ថិតនៅក្រោមសារពាង្គកាយនៃពងស្វាសមានសារៈសំខាន់ដូចជាដើម្បីរក្សាសីតុណ្ហភាពឲ្យ ទាបជាងសីតុណ្ហភាពក្នុងខ្លួន ប្រហែលពី(2-3)សីតុណ្ហភាពក្នុងខ្លួន37 ។,កំណកាម៉ែតញីដំបូងកោសិកាពូជមួយរួមចំណែកពីរដងបន្តបន្ទាប់គ្នា បានកោសិកាអូវ៉ូកូរី4 ។ អូវ៉ូកូរីនីមួយៗរីកមាឌអាចជាអូវ៉ូស៊ីត1 ។អូវ៉ូស៊ីតមួយរងចំណែកមួយនៃមេយោធាហើយត្រូវបាន ឈប់គាំងនៅវគ្គប្រផ្ដាស1 ។ក្រោយមកពេលគ្រប់អូវ៉ូស៊ីតមួយបន្តធ្វើចំណែកហើយត្រូវបានបញ្ចប់ នៅរយៈពេល6ម៉ោង ។,10,5,2,0.5,0.02001275760461689,0,0,2,5
95,តើសម័យឧដុង្គចាប់ពីឆ្នាំណាដល់ឆ្នាំណា?ហេតុអ្វីបានជាប្រទេសកម្ពុជាធ្លាក់ចុះខ្សោយកាន់តែខ្លាំងនៅសម័យឧដុង្គ។ចូរពន្យល់,សម័យឧដុង្គចាប់ពីឆ្នាំ បានជាប្រទេសកម្ពុជាធ្លាក់ចុះខ្សោយកាន់តែខ្លាំងនៅសម័យឧដុង្គព្រោះ សង្គ្រាមផ្ទៃក្នុងញឹកញាប់និងការជាវជ្រៀតជ្រែកពីសៀមនិងយួន ការប្រកួតប្រជែងដណ្ដើមរាជ្យបានឡើងក្នុងចំណោមព្រះរាជវង្សានុវង្ស បែកបាក់សាមគ្គីផ្ទៃក្នុងគ្មានការសាមគ្គីរួបរួមនៅក្នុងប្រទេសជិតខាង កម្ពុជាត្រូវបែកជាពីរផ្នែកដោយសារសៀមត្រួតត្រាផ្នែកខាងលិចបាត់ដំបងសៀមរាបត្រួតត្រាខាងត្បូង បាត់បង់ទឹកដីដោយសារខេត្តជាច្រើននៅភាគខាងលិចបាត់ដំបងសៀមរាបមង្គលបុរី ត្រូវបានធ្លាក់ក្នុងកណ្ដាប់ដៃសៀមនៅឆ្នាំនិងមុនបាត់បង់ដីភាគខាងកើតនៅវៀតណាម សេដ្ឋកិច្ចពឹងផ្អែកលើវិស័យកសិកម្មបុរាណដែល សួយសារអាករឲ្យគេ ចំណែកវប្បធម៌វិញវត្តអារាមត្រូវបានបំផ្លិចបំផ្លាញ ប្រទេសជាតិខ្សោយគ្មានកម្លាំងទប់ទល់នឹងការវាយលុកពីខាងក្រៅមន្ត្រីក្បត់ជាតិច្រើន ដោយសារ រាជវង្សផ្ទៃក្នុងការដណ្ដើមអំណាចគ្នា។,សម័យឧដុង្គចាប់ពីឆ្នាំដល់ បានជាប្រទេសកម្ពុជាធ្លាក់ចុះខ្សោយកាន់តែខ្លាំងឡើងទៅនៅសម័យឧដុង្គព្រោះមានសង្គ្រាមជាបន្តបន្ទាប់ជាមួយសៀមដែលធ្វើឲ្យប្រទេសបាត់បង់ធនធានមនុស្សនិងទ្រព្យសម្បត្តិយ៉ាងធ្ងន់ធ្ងរជាមួយ សៀមបានជ្រៀតជ្រែកកិច្ចការផ្ទៃក្នុងកាន់តែខ្លាំងរហូតដល់មន្ត្រីរបស់ខ្លួនមកត្រួតត្រាប្រទេសខ្មែរ ខ្មែរបានបាត់បង់ទឹកដីមួយចំនួនទៅឲ្យពួកសៀមព្រះរាជាកាន់អំណាចខ្សោយហើយប្រទេសជាតិបែងចែកជាពីរចំណែកដែលគ្រប់គ្រងដោយយួននិងសៀម។,15,14,4,0.9333333333333333,0.43603690580200727,2,7,2,7
96,បុព្វហេតុអ្វីខ្លះដែលនាំឲ្យអាណាចក្រចេនឡាបែកបាក់ជាពីរគឺអាណាចក្រចេនឡាដីគោកនិងចេនឡាទឹកលិច?,បុព្វហេតុដែលនាំហើយអាណាចក្រចេនឡាបែកជាពីរគឺ -វិសាលភាពទឹកដីធំទូលាយ -ចម្បាំងអត់ឈប់ឈរ -សមន្ដរដ្ឋបះបោរចង់ផ្ដាច់ខ្លួន -វិបត្តិផ្ទៃក្នុង -ព្រះនាងជ័យទេវីគ្មានសមត្ថភាពគ្រប់គ្រង។,បុព្វហេតុដែលនាំហើយអាណាចក្រចេនឡាបែកជាពីរគឺ -វិសាលភាពទឹកដីធំទូលាយ -ចម្បាំងអត់ឈប់ឈរ -សមន្ដរដ្ឋបះបោរចង់ផ្ដាច់ខ្លួន -វិបត្តិផ្ទៃក្នុង -ព្រះនាងជ័យទេវីគ្មានសមត្ថភាពគ្រប់គ្រង។,7,7,4,1.0,1.0,4,7,0,0
97,តើសង្គមខ្មែរនៅសម័យអង្គរមានប៉ុន្មានវណ្ណៈ? វណ្ណៈអ្វីខ្លះ? ចូលរៀបរាប់។,សង្គមខ្មែរនៅសម័យអង្គរមានប្រាំវណ្ណៈគឺ -វណ្ណៈក្សត្រឬរាជវង្សនុវង្ស (ជាស្ដេចគ្រប់គ្រងប្រទេស -វណ្ណៈមន្ត្រី (អ្នករស់នៅក្នុងរាជវាំងបម្រើស្ដេច) -វណ្ណៈព្រាហ្ម៍ឬបុព្វជិត​(គឺជាអ្នកបួស) -វណ្ណៈអ្នកជាឬកសិករ (អ្នករស់នៅនឹងធ្វើស្រែចម្ការ) -វណ្ណៈអ្នកងារឬទាសករ(ទាសករបម្រើគេតកូនតចៅ)។,សង្គមខ្មែរនៅសម័យអង្គរមានប្រាំវណ្ណៈគឺ -វណ្ណៈក្សត្រឬរាជវង្សានុវង្ស -វណ្ណៈមន្ត្រី -វណ្ណៈបុព្វជិត -វណ្ណៈអ្នកជា -វណ្ណៈទាសករឬអ្នកងារ។,10,5,2,0.5,0.7583843422067227,3,8,1,3
98,បុព្វហេតុអ្វីខ្លះដែលនាំឲ្យអាណាចក្រចេនឡាបែកបាក់ជាពីរគឺអាណាចក្រចេនឡាដីគោកនិងចេនឡាទឹកលិច?,បុព្វហេតុដែលនាំហើយអាណាចក្រចេនឡាបែកជាពីរគឺ -វិសាលភាពទឹកដីធំទូលាយ -ចម្បាំងអត់ឈប់ឈរ -សមន្ដរដ្ឋបះបោរចង់ផ្ដាច់ខ្លួន -វិបត្តិផ្ទៃក្នុង -ព្រះនាងជ័យទេវីគ្មានសមត្ថភាពគ្រប់គ្រង។,បុព្វហេតុដែលនាំហើយអាណាចក្រចេនឡាបែកជាពីរគឺ -វិសាលភាពទឹកដីធំទូលាយ -ចម្បាំងអត់ឈប់ឈរ -សមន្ដរដ្ឋបះបោរចង់ផ្ដាច់ខ្លួន -វិបត្តិផ្ទៃក្នុង -ព្រះនាងជ័យទេវីគ្មានសមត្ថភាពគ្រប់គ្រង។,7,7,4,1.0,1.0,4,7,0,0
99,តើការស្ថិតនៅក្រៅសារពាង្គកាយនៃពងស្វាសមានសារៈសំខាន់ដូចម្តេច?,ការស្ថិតនៅក្រោមសារពាង្គកាយនៃពងស្វាសមានសារៈសំខាន់ដូចជាដើម្បីរក្សាសីតុណ្ហភាពឲ្យ ទាបជាងសីតុណ្ហភាពក្នុងខ្លួន ប្រហែលពី(2-3)សីតុណ្ហភាពក្នុងខ្លួន37 ។,ការស្ថិតនៅក្រោមសារពាង្គកាយនៃពងស្វាសមានសារៈសំខាន់ក្នុងការផលិតអរម៉ូនភេទឈ្មោលនិង បង្កើតស្ពែម៉ាតូសូអ៊ីត ។,10,2,1,0.2,0.28458921400642256,1,3,0,1
100,តើកត្តាអ្វីខ្លះដែលធ្វើអោយសម័យអង្គររីកចម្រើនដល់កំពូល?​ ចូលរៀបរាប់។,កត្តាដែលធ្វើអោយសម័យអង្គររីកចម្រើនគឺ: កត្តាព្រះរាជា:ព្រះរាជាចាប់ពីព្រះបាទជ័យវរ្ម័នទី 2 រហូតដល់ព្រះបាទជ័យវរ្ម័នទី 7 សុទ្ធតែជាស្ដេចខ្លាំងពូកែ កត្តានយោបាយ: នយោបាយក្នុងប្រទេសបង្រួបបង្រួមជាតិកសាងនិងការពារទឹកដី នយោបាយក្រៅប្រទេស:ចងសម្ព័ន្ធមិត្តជាមួយប្រទេសធំៗវាយយករដ្ឋតូចដាក់ជាចំណុះ កត្តាសេដ្ឋកិច្ច:រីកចម្រើនលើវិស័យកសិកម្មសិប្បកម្មគណនាគម កត្តាសាសនា:ការឯកភាពគ្នារវាងសាសនាព្រាហ្មនិងព្រះពុទ្ធ កត្តាធនធានមនុស្សបន្សល់ទុកតាំងពីសម័យនគរភ្នំនិងចេនឡាមក។,កត្តាដែលធ្វើអោយសម័យអង្គររីកចម្រើនគឺ: .កត្តាព្រះរាជា:ព្រះរាជាចាប់ពីព្រះបាទជ័យវរ្ម័នទី 2 រហូតដល់ព្រះបាទជ័យវរ្ម័នទី 7 សុទ្ធសឹងតែជាស្ដេចខ្លាំងពូកែ .កត្តាសេដ្ឋកិច្ច: +នយោបាយក្នុងប្រទេស:បង្រួបបង្រួម​ កសាង និងការពារ។ +នយោបាយក្រៅប្រទេស:ចងសម្ព័ន្ធមិត្តជាមួយប្រទេសធំៗដូចជាចិននិងឥណ្ឌា និងវាយយករដ្ឋតូចដាក់ជាចំណុះ .កត្តាប្រទេសជាតិ:មានការរីកចម្រើនខ្លាំងខ្លា .កត្តាធនធានមនុស្សបន្សល់ទុកតាំងពីសម័យនគរភ្នំនិងចេនឡាមក។,10,9,4,0.9,0.8513160888993553,3,9,1,0
101,តើដំណាក់កាលទាំងពីរនៃវដ្ដជីវីតរបស់រុក្ខជាតិមានអ្វីខ្លះ? ចូររៀបរាប់។,ដំណាក់កាល ទាំងពីរនៃវដ្ដជីវិតរបស់រុក្ខជាតិមាន  - ដំណាក់កាលស្ប៉រ៉ូភីត គឺជារុក្ខជាតិផលិតស្ប៉។ វាជាកោសិកាតូចៗដែលអាចលូតលាស់ជាសារពាង្គកាយថ្មី  -ស្ប៉លូតលាស់ក្នុងដំណាក់កាលផ្សេងទៀតនៃរុក្ខជាតិ ហៅថាកាម៉ែតូភីត។ ក្នុងដំណាក់កាលនៃរុក្ខជាតិផលិតកោសិកាភេទពីរបែប គឺកាម៉ែតឈ្មោល និងកាម៉ែតញី ។ កាម៉ែតញី និង កាម៉ែតឈ្មោលលាយចូលគ្នា បង្កើតបានជាសុីកូត។ បន្ទាប់មកទៀត សុីកូតលូតលាស់ទៅជាស្ប៉រ៉ូភីត។ស្ប៉រ៉ូភីតផលិតស្ប៉លូតលាស់ក្នុងកាម៉ែតូភីត កាម៉ែតូភីតផលិតកាម៉ែតញី និងកាម៉ែតឈ្មោល ហើយវដ្ដផ្ដើមសារជាថ្មី។,ដំណាក់កាល ទាំងពីរនៃវដ្ដជីវិតមាន  -ស្ប៉រ៉ូភីល គឺជារុក្ខជាតិផលិតស្ប៉។វាជាកោសិកាតូចៗដែលអាចលូតលាស់សារពាង្គកាយ។,15,9,2,0.6,0.5237792370758652,2,8,0,1
102,ចូរប្រៀបធៀបលក្ខណៈខុសគ្នានៃផ្សិត និងរុក្ខជាតិ។,លក្ខណៈខុសគ្នានៃផ្សិតនិងរុក្ខជាតិ +ផ្សិត  -ផ្សិតបន្តពូជតាមរយៈស្ប៉ -ផ្សិតមិនធ្វើរស្មីសំយោគ -អុីប -វារស់នៅកន្លែងសើម +រុក្ខជាតិ -បន្តពូជដោយគ្រាប់ -វាត្រូវការធ្វើរស្មីសំយោគ -វារស់នៅកន្លែងដែលមានពន្លឺ,ប្រៀបធៀបលក្ខណ:ខុសគ្នារវាងផ្សិតនិងរុក្ខជាតិ  +ផ្សិត -បរជីព -អុីបក្រោមដី -ស្ប៉ +រុក្ខជាតិ -ស្វ័យជីព -គ្រាប់ -ឬស,12,12,4,1.0,0.33934295232248135,1,4,3,8
103,តើដំណាក់កាលទាំងពីរនៃវដ្ដជីវីតរបស់រុក្ខជាតិមានអ្វីខ្លះ? ចូររៀបរាប់។,ដំណាក់កាល ទាំងពីរនៃវដ្ដជីវិតរបស់រុក្ខជាតិមាន  - ដំណាក់កាលស្ប៉រ៉ូភីត គឺជារុក្ខជាតិផលិតស្ប៉។ វាជាកោសិកាតូចៗដែលអាចលូតលាស់ជាសារពាង្គកាយថ្មី  -ស្ប៉លូតលាស់ក្នុងដំណាក់កាលផ្សេងទៀតនៃរុក្ខជាតិ ហៅថាកាម៉ែតូភីត។ ក្នុងដំណាក់កាលនៃរុក្ខជាតិផលិតកោសិកាភេទពីរបែប គឺកាម៉ែតឈ្មោល និងកាម៉ែតញី ។ កាម៉ែតញី និង កាម៉ែតឈ្មោលលាយចូលគ្នា បង្កើតបានជាសុីកូត។ បន្ទាប់មកទៀត សុីកូតលូតលាស់ទៅជាស្ប៉រ៉ូភីត។ស្ប៉រ៉ូភីតផលិតស្ប៉លូតលាស់ក្នុងកាម៉ែតូភីត កាម៉ែតូភីតផលិតកាម៉ែតញី និងកាម៉ែតឈ្មោល ហើយវដ្ដផ្ដើមសារជាថ្មី។,ដំណាក់កាល ទាំងពីរនៃវដ្តជីវិតររបស់រុក្ខជាតិមានស្ប៉រ៉ូភីត និងកាម៉ែតូភីត +ដំណាក់កាល ស្ប៉រ៉ូភីត រុក្ខជាតិផលិតស្ប៉។ +កាម៉ែតូភីតស៉្បលូតលាស់ក្នុងដំណាក់កាលមួយផ្សេងទៀត +កាម៉ែតញី និងកាម៉ែតឈ្មោលបង្កើតបានសុីកូត។,15,9,2,0.6,0.8300627384728902,3,12,1,3
104,ដូចម្តេចដែលហៅថាវដ្តទឹក? ចូរពន្យល់ពីដំណាក់កាលនីមួយៗ អោយបានត្រឹមត្រូវ។,ដែលហៅថាវត្តទឹកគឺការហ្វឹកហ្វុលឥតឈប់ឈរមុននឹងបង្កើតជាទឹកភ្លៀងទឹករោងនៅកម្ដៅព្រះអាទិត្យបង្កើតបានជាចំហាយទឹកខ្យល់ស្រុកយកចំហែលទឹកទៅអាកាសធ្វើឲ្យចំហាយទឹកកំណក បង្កើតបានជាពពកធ្លាក់មកជាភ្លៀងក្នុងប្រជាទឹក,ដែលហៅថាវដ្តទឹកគឺជាទឹកដែលហូរទៅលើលំហរអាកាសនៅពេលត្រូវកំដៅថ្ងៃ។ដំណាក់កាលនីមួយៗនៅវដ្តទឹកមាន,12,6,2,0.5,0.2642054800667377,1,3,1,3
105,តើអាមីបរស់នៅកន្លែងណា ?វាបង្កជំងឺអ្វី?,អាមីបរស់នៅកន្លែងដូចជាស្ទឹងបឹងអូរត្រពាំងទន្លេទឹកជ្រោះ។ វាបង្កជំងឺដូចជា ជំងឺរាគមួល ធ្វើឲ្យយើងចុកពោះដោយផឹកទឹកមិនស្អាត,អាមីបរស់នៅកន្លែងដែលមិនស្អាតដូចជា ដីភក់ ទឹកកខ្វក់ វាអាចរស់នៅក្នុងពោះវៀនមនុស្សដែលបង្កឲមានជំងឺរាគមួល។,8,4,2,0.5,0.326877768253581,1,3,1,1
106,តើប្រទេសកម្ពុជាចូលជាសមាជិក សហគមន៍អាសុីអាគ្នេយ៍ទទួលបានផលវិជ្ជមាននិងផលអវិជ្ជមានដូចម្ដេចខ្លះ?,ប្រទេសកម្ពុជាចូលជាសមាជិកសាមាសហគមន៍អាស៊ីអាគ្នេយ៍ទទួលផលវិជ្ជមាននឹងអវិជ្ជមានដូចជា៖ +ផលវិជ្ជមាន៖ -កម្ពុជាលែងឯកោទៅទៀត -បានចូលរួមនៅរាល់ការសម្រេចចិត្តនានាក្នុងតំបន់ -កម្ពុជាបានឈរស្មើមុខមាត់ជាមួយបណ្ដាប្រទេសជាសមាជិកអាស៊ាន -កម្ពុជាមានដៃគូច្រើនទាំងក្នុងតំបន់និងពិភព -កម្ពុជាអាចពង្រីកអនុភាពនិងបង្កើតតួនាទីរបស់ខ្លួនកាន់តែសកម្មភាពដែលក្នុងតំបន់នៃអន្តរជាតិ -កម្ពុជាមានសិទ្ធពេញលេញក្រោមការរៀបចំកិច្ចប្រជុំធំៗក្នុងប្រទេសខ្លួនលក្ខណៈតំបន់និងពិភពលោក -ការលើកលែងទិដ្ឋការ -កម្ពុជាក្លាយជាកន្លែងវិនិយោគដ៏មានសក្តានុពលពាណិជ្ជកម្មរវាងពាណិជ្ជកម្មនិងស្រួលជាងមុនចំពោះទីផ្សារ -សេដ្ឋកិច្ចកម្ពុជាមានកំណើនរៀងរាល់ឆ្នាំ -ប្រជាជនអាចរកការងារធ្វើទាំងក្នុងប្រទេសក្នុងតំបន់និងក្រៅតំបន់ -កំណើនភ្ញៀវទេសចរជាច្រើន +ផលអវិជ្ជមាន៖ -ពាណិជ្ជកម្មសេដ្ឋកិច្ចដំណើរការមិនល្អ -កម្ពុជាបាត់បង់ជំនឿសាសនាប្រពៃណីទំនៀមទម្លាប់,ប្រទេសកម្ពុជាចូលជាសមាជិកសាមាសហគមន៍អាស៑ននៅថ្ងៃទី 30 មេសា 1999 ទទួលផលវិជ្ជមាននឹងអវិជ្ជមានដូចជា៖ +ផលវិជ្ជមាន៖ -កម្ពុជាលែងឯកោតែឯង -មានទំនាក់ទំនងល្អជាមួយប្រតេសក្នុងតំបន់អាស៑ាន -បានចូលរួមនៅរាល់ការសម្រេចចិត្តនានាក្នុងតំបន់ -កម្ពុជាឈរស្មផមុខស្មើមាត់លើឆាកអន្តរជាតិជាមួយប្រទេសក្នុងសមាគមន៌អាសុីអាគ្នេយ៌ -អគ្គលេខាអាស៊ានបានផ្ដល់ថវិកាដើម្បីឱ្យកម្ពុជាយកមកអភិវឌ្ឈប្រទេស -កម្ពុជាមានសុខសន្តិភាព -កិច្ចសហប្រតិបត្តិ សេដ្ឋកិច្ច ពាណិជ្ជកម្ម និង ឧស្សាហកម្មជាមួយប្រទេសក្នុងតំបន់ -បញ្ជូននិស្សិតទៅសិក្សានៅក្នុងប្រទេសដែលស្ថិតនៅក្នុងតំបន់អាស៊ីអាគ្នេយ៌ -ផ្ដល់ជំនួយដល់កម្ពុជាយ៉ាងច្រើន -ពង្រឹងវិស័យនយោបាយឱ្យមានភាពរឹងមាំ។,10,9,4,0.9,0.6634703131679077,3,7,1,2
107,តើអាមីបរស់នៅកន្លែងណា ?វាបង្កជំងឺអ្វី?,អាមីបរស់នៅកន្លែងដូចជាស្ទឹងបឹងអូរត្រពាំងទន្លេទឹកជ្រោះ។ វាបង្កជំងឺដូចជា ជំងឺរាគមួល ធ្វើឲ្យយើងចុកពោះដោយផឹកទឹកមិនស្អាត,អាមីបរស់នៅកន្លែងដែលមិនស្អាតដូចជា ដីភក់ ទឹកកខ្វក់ វាអាចរស់នៅក្នុងពោះវៀនមនុស្សដែលបង្កឲមានជំងឺរាគមួល។,8,7,4,0.875,0.326877768253581,1,3,3,4
108,តើសង្គមខ្មែរនៅសម័យអង្គរមានប៉ុន្មានវណ្ណៈ? វណ្ណៈអ្វីខ្លះ? ចូលរៀបរាប់។,សង្គមខ្មែរនៅសម័យអង្គរមានប្រាំវណ្ណៈគឺ -វណ្ណៈក្សត្រឬរាជវង្សនុវង្ស (ជាស្ដេចគ្រប់គ្រងប្រទេស -វណ្ណៈមន្ត្រី (អ្នករស់នៅក្នុងរាជវាំងបម្រើស្ដេច) -វណ្ណៈព្រាហ្ម៍ឬបុព្វជិត​(គឺជាអ្នកបួស) -វណ្ណៈអ្នកជាឬកសិករ (អ្នករស់នៅនឹងធ្វើស្រែចម្ការ) -វណ្ណៈអ្នកងារឬទាសករ(ទាសករបម្រើគេតកូនតចៅ)។,សង្គមខ្មែរនៅសម័យអង្គរមានប្រាំវណ្ណៈគឺ -វណ្ណៈក្សត្រ:វណ្ណៈនេះមានបុព្វសិទ្ធណាស់ដូចជាគ្មានការបង់ពន្ធ មិនជាប់កំណែននិងមិនត្រូវធ្វើការងារធ្ងន់ជាដើម។ -វណ្ណៈមន្ត្រី:ឋាននុក្រមរបស់ពួកគេអាចសម្គាល់តាមរយៈឥស្សតិយយសនិងចំនួនផ្ទះប្រកក្បឿងរបស់ពួកគេ។ -វណ្ណៈអ្នកបួស: .ពួកប៉ាងឃៀបគឺពួកព្រាហ្មណ៍ពួកនេះស្លៀកពាក់ដូចគេទៀតដែរ ខុសត្រង់មានពាក់ខ្សែរអំបោះដវេញមួយខ្សែរនៅក ជាសញ្ញាថាអ្នកចេះដឹងខ្ពង់ខ្ពស់។ .ពួកជូគូគឺជាភិគូឬសាមលោកព្រះសង្ឃខាងពុទ្ធសាសនាក្រុមនេះកោរសក់និងក្រងជីវពណ៌លឿង .ពួកប៉ាស៊ីវីឬសួកសាបស្លៀកពាក់ដូចអ្នកស្រុកធម្មតាតែជូតក្បាលនិងកំណាត់ពណ៍ក្រហម .ព្រាហ្មណ៍បុរោហិតជាអ្នកពិនិត្យជាអ្នកថែរក្សាវត្តសក្តិសិទ្ធនិងព្រះទេវរូបនៅក្នុងរាជវាំងនិងអ្នកផ្ដល់ពត៍មានដល់ព្រះមហាក្សត្រ -វណ្ណៈអ្នកជា:ពួកគេជាវណ្ណៈកណ្ដាលក្នុងសង្គម​ ដែលមានឋានន្ដរមានប្រហាក់ប្រហែលនិងពួកឈ្មួញសិប្បកម្ម សិប្បករនិងប្រជារាស្ត្រសាមញ្ញ -វណ្ណៈទាសករ:ពួកគេជាវណ្ណៈទាបបំផុតនៅក្នុងសង្គមដែលជាអ្នកបម្រើគេអស់មួយជីវិតនិងតពូជទៀតផង។,10,10,4,1.0,0.4565073156596501,2,5,2,5
109,ចូរនិយាយពីកំណកាម៉ែតញី។,ការស្ថិតនៅក្រោមសារពាង្គកាយនៃពងស្វាសមានសារៈសំខាន់ដូចជាដើម្បីរក្សាសីតុណ្ហភាពឲ្យ ទាបជាងសីតុណ្ហភាពក្នុងខ្លួន ប្រហែលពី(2-3)សីតុណ្ហភាពក្នុងខ្លួន37 ។,កំណកាម៉ែតញីដំបូងកោសិកាពូជមួយរួមចំណែកពីរដងបន្តបន្ទាប់គ្នា បានកោសិកាអូវ៉ូកូរី4 ។ អូវ៉ូកូរីនីមួយៗរីកមាឌអាចជាអូវ៉ូស៊ីត1 ។អូវ៉ូស៊ីតមួយរងចំណែកមួយនៃមេយោធាហើយត្រូវបាន ឈប់គាំងនៅវគ្គប្រផ្ដាស1 ។ក្រោយមកពេលគ្រប់អូវ៉ូស៊ីតមួយបន្តធ្វើចំណែក ។,10,3,1,0.3,0.020646635162302786,0,0,1,3
110,ដូចម្តេចដែលហៅថាមេយ៉ូស? ចូរនិយាយពីវគ្គផ្សេងៗនៃមេយ៉ូស។,មេយ៉ូសជាសំណុំនៃចំណែកកោសិកាពីរដងបន្តបន្ទាប់គ្នាដែលបង្កើតបានជាកោសិកាអាលូអុីតបួន ហៅថាមេយ៉ូស ។ _តេឡូផាស1 ស៊ីតូប្លាសចែកខ្លួនបានជាកោសិកាកូនពីរ ។កោសិកាកូននីមួយៗទទួលបានក្រូម៉ូសូម តែមួយពីរគូអូម៉ូឡូក ។ _ប្រផាស1 មានរយៈពេលវែង ។ _អាណាផាស1 ក្រូម៉ូសូមដំរៀបលើផ្លាស់ភ្ជាប់នឹងក្រយ៉ូងក្រូម៉ាទិចដោយសង់ក្រូងទ័ររបស់វា ។ _តេឡូផាស2 ក្រូម៉ូមនីមួយៗបានមកដល់ប៉ូលភ្នាស _មេតាផាស2 ក្រូម៉ូសូមប្រេះតាមបណ្ដោយភ្ជាប់ខ្លួនទៅនិងក្រយ៉ងក្រូម៉ាទិចដោយសង់ _ប្រូដាស2 ត្តយ៉ងអាក្រូម៉ាទិតកើតមានក្នុងកោសិកាគូនីមួយៗ _អាណាផាស2 សង់ក្រូម៉ែធ្វើចំណែកដែលនាំអោយក្រូម៉ាទិចបងប្អូនដាច់ចេញពីគ្នា ។បន្ទាប់មក ក្រូម៉ូសូមកូនទាំង2ធ្វើដំណើរឆ្ពោះទៅប៉ូលផ្ទុយគ្នារបស់ត្រយ៉ូងអាក្រូម៉ាទិច ។,ដែលហៅថាមេយ៉ូសគឺជាសំណុំនៃចំណែកកោសិកាពីដងបន្តបន្ទាប់គ្នាបង្កើតបានជាកោសិកា អាប្លូអុីត4 ។វគ្គផ្សេងនៃមេយ៉ូសមានដូចជា  _ប្រផាស1 មានរយៈពេលវែង ។ _អាណាផាស1 ក្រូម៉ូសូមដំរៀបលើផ្លាស់ភ្ជាប់នឹងក្រយ៉ូងក្រូម៉ាទិចដោយសង់ក្រូងទ័ររបស់វា ។ _តេឡូផាស1 ស៊ីតូប្លាសចែកខ្លួនបានជាកោសិកាកូនពីរ ។កោសិកាកូននីមួយៗទទួលបានក្រូម៉ូសូម តែមួយពីរគូអូម៉ូឡូក ។,10,6,2,0.6,0.7732054138837972,3,8,1,2
111,ចូររៀបរាប់អំពីទំនាក់ទំនងរវាងការដាំដុះអាជីវកម្មព្រៃឈើនិងនេសាទ។,ទំនាក់ទំនងរវាង ការដាំដុះអាជីវកម្មព្រៃឈើ និងការនេសាទ៖  _ ការដាំដុះអាជីវកម្មព្រៃឈើ និងការនេសាទ ជាភោគទ្រព្យយ៉ាងសំខាន់សម្រាប់ប្រជាជនក្នុងការទ្រទ្រង់ក្នុងជីវភាពរស់នៅនិងការអភិវឌ្ឍន៍ប្រទេសជាតិ   _ ដើម្បីបំពេញតម្រូវការក្នុងកសិកម្មផលិតកម្មនិងត្រូវការផ្សេងៗ មនុស្សនាំគ្នាកាប់ព្រៃឈើដើម្បីធ្វើអាជីវកម្មព្រៃឈើជាមូលហេតុធ្វើឲ្យអាកាសធាតុប្រែប្រួលប៉ះពាល់ដល់ជីវិតមនុស្ស សត្វ និងរុក្ខជាតិ  ​ _ អតិផលនៃប្រព័ន្ធកសិកម្ម នាំឲ្យមានកំណើននៃការប្រើប្រាស់គីមីនិងថ្នាំសម្លាប់សត្វល្អិត។ ជីគីមី និងថ្នាំសម្លាប់សត្វល្អិត ទាំងនោះហូរទៅផ្ដុំគ្នានៅតាមផ្លូវទឹកនានា បំផ្លាញជីវិតសត្វនិងពូជធម្មជាតិ។,រៀបរាប់ពីទំនាក់ទំនងរវាងការដាំដុះ ការចិញ្ចឹមសត្វ និងការនេសាទ៖ -ការទំនាក់ទំនងរវាងការដាំដុះអាជីវកម្មព្រៃឈើនិង ការនេសាទ  +ការដាំដុះ  -ការដាំដុះដំណាំតាមមាត់ទន្លេស្ទឹងព្រោះដីនៅទីនោះសម្បូរជីវជាតិនិងអំណោយផលដល់ ការដាំដុះ -ការប្រើប្រាស់ជីគីមីសម្លាប់ ដាំដុះដំណាំទទួលផល ទិន្នផលបានលឿន ធ្វើឲ្យបាត់បង់ ជា ជាតិ ជីវជាតិ  -ការប្រមូលពន្ធឬលឿន លុបចោល ការពង្រឹង ផ្ទៃដី ដងដើម្បីដាំដំណាំ -ការដុតព្រៃឈើសម្រាប់ការដាំដុះការប្រើប្រាស់ជីគីមី ឲ្យហូរចូលរួមប្រភពទឹកខូចបរិស្ថានទឹក -ការបង្ហូរកាកសំណល់គីមីចូលក្នុងដបទឹក  +អាជីវកម្មព្រៃឈើ -ការកាប់ព្រៃឈើដើម្បីបំពេញតម្រូវការដូចជាការសាងសង់លំនៅឋានការលក់ទៅក្រៅប្រទេស  -ការកាប់ ប៊ូលី ព្រៃឈើ ការដុតព្រៃសដើម្បីចាប់សត្វគឺដើម្បីយកឃ្មុំ -ការធ្វើអាជីវកម្មព្រៃឈើទូត ទ្រង់ទ្រាយធំខុសច្បាប់ គ្រប់រូបភាព  -ការបំផ្លាញព្រៃឈើលិចទឹកដែលជាជម្រករបស់ត្រី ត្រីពងទន្រ្ទានឈើកេងកង +ការនេសាទ -ការប្រើប្រាស់ឧបករណ៍ខុសច្បាប់ឆក់ត្រី -ការប្រើប្រាស់អាវុធ ផ្ទុះគ្រាប់បែកចូលទឹកស្រះដើម្បីចាប់ត្រី  -ការនេសាទនៅរដូវត្រីពងមិថុនា បង្គន់  -ការប្រើប្រាស់មងសំណាញ់ដែល បាទទឹក ជ្រោះ ក្នុងទឹក -ការហូរភក់ការបម្រែបម្រួលអាកាសធាតុ។,15,5,1,0.3333333333333333,0.49120995694047587,2,7,1,2
112,តើព្រះអង្គឌួងមានស្នាព្រហស្ថអ្វីខ្លះចំពោះប្រទេសជាតិនិងប្រជារាស្ត្រខ្មែរ?,ព្រះបាទអង្គឌួងមានស្នាព្រហស្តដូចជាផ្នែករដ្ឋបាលរៀបចំប្រព័ន្ធរដ្ឋបាលនិងច្បាប់ទម្លាប់ស្ដារឡើងវិញមានរបៀបផ្នែកសេដ្ឋកិច្ចលើកស្ទួយវិស័យកសិកម្មជួសជុលប្រព័ន្ធ សេះនិងពាណិជ្ជកម្ម ភ្នែកបរទេសស្វែងរកជំនួយពីបារាំងដើម្បីទប់ទល់នឹងការត្រួតត្រាយួននិងសៀម ផ្នែកវប្បធម៌លើកស្ទួយវប្បធម៌អក្សរសាស្ត្រខ្មែរនិង សាសនា កត្តាផ្ទៃក្នុង ការបែកបាក់រាជវង្សានុវង្សបែកបាក់សាមគ្គី។,ព្រះអង្គដួលមានស្នាព្រហស្តចំពោះប្រទេសជាតិនិងប្រជារាស្ត្រខ្មែរ ការពារទឹកដីខ្មែរពីចោរកម្មសៀមនិងយួន ទាក់ទងជាមួយបារាំងដើម្បីការពារប្រទេសកម្ពុជា កសាងក្រុងឧដុង្គកំពង់ផែកំពតកំពង់ផែ ថៃកំពង់ផែហ្វូងកសាងផ្លូវគមនាគមន៍ កសាងវប្បធម៌ខ្មែរវត្តអារាមសាលារៀនសាកលវិទ្យាល័យអក្សរសាស្ត្រគំរាមច្បាប់ស្រី រៀបចំរដ្ឋបាលស្រុកទេសច្បាប់ទម្លាប់ហាមនេសាទត្រីល្មើសច្បាប់ដាក់ទណ្ឌកម្មដល់អ្នកញៀនអាភៀនស្រាល្បែង។,15,15,4,1.0,0.2618269739704206,1,4,3,11
113,តើឧស្សាហកម្មមានតួនាទីដូចម្ដេចខ្លះចំពោះសេដ្ឋកិច្ចជាតិ?,ឧស្សាហកម្មមាន​តួនាទីចំពោះសេដ្ឋកិច្ចជាតិដូចជា ៖ ​ _ ជួយបង្កើតថវិការជាតិ ​ _ ជួយបង្កើតទិន្នផលជាតិ ​​ _ ជួយឲ្យសេដ្ឋកិច្ចជាតិរីកចម្រើន  _ ប្រជាជនសំបូរធូរធារ  _អភិវឌ្ឍគ្រប់វិស័យ  _ មានទំនាក់ទំនងល្អជាមួយអ្នកជិតខាង  _ មានភាពរុងរឿងនៅក្នុងប្រទេសជាតិ។,ឧស្សាហកម្មមានតួនាទីចំពោះសេដ្ឋកិច្ចដូចជា៖-ផ្តល់កាងារឲ្យប្រជាជនធ្វើ -ផ្ដល់ចំណូលដល់សេដ្ឋកិច្ចជាតិមាន២៣.៨%ឆ្នាំ២០០៨ ផ្ដល់ផលិតផលសម្រាប់នាំចេញ ផ្ដល់ផលិតផលសម្រាប់ប្រើប្រាស់ ជួយរក្សាលំនឹងជញ្ជីងពាណិជ្ជកម្ម និងផ្ដល់ប្រាក់ចំណូលដល់គ្រួសារ។,15,15,4,1.0,0.19910947281927038,1,3,3,12
114,តើដំណាក់កាលទាំងពីរនៃវដ្ដជីវីតរបស់រុក្ខជាតិមានអ្វីខ្លះ? ចូររៀបរាប់។,ដំណាក់កាល ទាំងពីរនៃវដ្ដជីវិតរបស់រុក្ខជាតិមាន  - ដំណាក់កាលស្ប៉រ៉ូភីត គឺជារុក្ខជាតិផលិតស្ប៉។ វាជាកោសិកាតូចៗដែលអាចលូតលាស់ជាសារពាង្គកាយថ្មី  -ស្ប៉លូតលាស់ក្នុងដំណាក់កាលផ្សេងទៀតនៃរុក្ខជាតិ ហៅថាកាម៉ែតូភីត។ ក្នុងដំណាក់កាលនៃរុក្ខជាតិផលិតកោសិកាភេទពីរបែប គឺកាម៉ែតឈ្មោល និងកាម៉ែតញី ។ កាម៉ែតញី និង កាម៉ែតឈ្មោលលាយចូលគ្នា បង្កើតបានជាសុីកូត។ បន្ទាប់មកទៀត សុីកូតលូតលាស់ទៅជាស្ប៉រ៉ូភីត។ស្ប៉រ៉ូភីតផលិតស្ប៉លូតលាស់ក្នុងកាម៉ែតូភីត កាម៉ែតូភីតផលិតកាម៉ែតញី និងកាម៉ែតឈ្មោល ហើយវដ្ដផ្ដើមសារជាថ្មី។,ដំណាក់កាល ទាំងពីរនៃការវិរត្តរបស់រុក្ខជាតិមានស្ប៉រ៉ូភីត និង កាម៉ែតូភីត  ។ +ដំណាក់កាលស្ប៉រ៉ូភីត គឺរុក្ខជាតិផលិតស្ប៉។ វាជាកោសិកាតូចៗ ដែលអាចលូតលាស់ជាសារពាង្គកាយថ្មី។ +ដំណាក់កាលកាម៉ែតូភីត គឺជាស្ប៉ដែលលូតលាស់ជាសារពាង្គកាយថ្មីៗ។ ដំណាក់កាលនេះរុក្ខជាតិ ផលិតកោសិកាភេទពីរបែប គឺកាម៉ែតញី និងកាម៉ែតឈ្មោល ។ កាម៉ែតញី និង កាម៉ែតឈ្មោល រលាយចូលគ្នាបង្កើតបានជាសុីកូត។ បន្ទាប់មកសុីកូតលូតលាស់ទៅជាស្ប៉រ៉ូភីត។,15,11,3,0.7333333333333333,0.8779591845725502,4,13,1,2
115,តើគេចែកប្រូទីសជាប៉ុន្មានក្រុម?អ្វីខ្លះ?,ប្រូទីសសត្វចែកជា 4 ក្រុមតាមរបៀបរស់នៅនឹងផ្លាស់ទីរបស់វា  +ប្រូតូសូអ៊ែផ្លាស់ទីដោយជើងបញ្ឆោត: អាមីប +ប្រូតូសូអ៊ែផ្លាស់ទីដោយផ្លាសែល : សាឌីយ៉ា +ប្រូតូសូអ៊ែបន្តពូជតាមរយ:ស្ប៉ :ស្ប៉រ៉ូសូអ៊ែ។,គេចែកប្រូទីសសត្វជា 4 ក្រុមដូចជា  -អាមីប  -ភ្នាសសុីតូប្លាស -ប៉ារ៉ាមេសុី -ប្លាសែន,8,6,3,0.75,0.19427581198606214,1,2,2,4
116,តើគេចែកយុគសម័យបុរេប្រវត្តិសាស្ត្រកម្ពុជាជាប៉ុន្មានយុគសម័យ?អ្វីខ្លះ?,គេចែកយុគសម័យបុរេប្រវត្តិសាស្ត្រកម្ពុជាជាបីយុគសម័យគឺ -យុគថ្មបំបែក (600000 - 12000 ឆ្នាំមុនគ.ស) -យុគថ្មរលីងឬសំលៀង (8000 - 2000 ឆ្នាំមុនគ.ស) -យុគលោហៈ(2000-100 ឆ្នាំមុនគ.ស)។,គេចែកយុគសម័យបុរេប្រវត្តិសាស្ត្រកម្ពុជាជាបីយុគសម័យគឺ -យុគថ្មបំបែក (600000 - 12000 ឆ្នាំមុនគ.ស) -យុគថ្មរលីងឬសំលៀង (8000 - 2000 ឆ្នាំមុនគ.ស) -យុគលោហៈ(2000-100 ឆ្នាំមុនគ.ស)។,5,5,4,1.0,1.0,4,5,0,0
117,តើសេដ្ឋកិច្ចកម្ពុជាពឹងផ្អែកលើវិស័យអ្វីជាសំខាន់?     ក/ ហេតុអ្វីបានជាគេនិយាយថាកម្ពុជាជាប្រទេសកសិកម្ម?     ខ/ តើគេចែកកសិករជាប៉ុន្មានប្រភេទ?អ្វីខ្លះ?,សេដ្ឋកិច្ចកម្ពុជាពឹងផ្អែកលើវិស័យកសិកម្មជាសំខាន់។   ក/ បានជាគេនិយាយថាកម្ពុជាជាប្រទេសឧស្សាហកម្មព្រោះ៖  _  សណ្ឋានដី : ដីមានជីវជាតិល្អនិងសម្បូរទំនាបល្បាប់   _ ផ្លូវទឹក : ផ្លូវទឹកខ្វាត់ខ្វែងងាយស្រួលដល់ការដាំដុះ  _ ប្រជាជន : ប្រជាជនខ្មែរភាគច្រើនចូលចិត្តធ្វើកសិកម្ម  _ អាកាសធាតុ : ទទួលអាកាសធាតុក្តៅសើម  _ កសិកម្មផ្តល់ផល50%នៃផលិតផលជាតិសរុប។  ខ/ គេចែកកសិករទាំងនោះជា4ប្រភេទគឺ៖  _ កសិករធ្វើស្រែឬអ្នកស្រែ : និយមធ្វើស្រែ ស្រូវប្រាំង ស្រូវវស្សា ស្រូវឡើងទឹក  _ កសិករតំបន់ដីខ្ពស់ : គេដាំដំណាំជាអចិន្ត្រៃយ៍(ពោត ដំឡូង ចេក កៅស៊ូសណ្តែក)  _ កសិករធ្វើចម្ការដំណាំស្រូវ : គេដាំដំណាំតាមមាត់ទន្លេ ចិញ្ចឹមសត្វនិងនេសាទ  _ កសិករភូមិភាគឦសាន: គេធ្វើដំណាំព្រៃដុតមានដូចជាពោត ដំឡូង ស្រូវរុក្ខជាតិយកមើមដទៃទៀត និងបរបាញ់សត្វផងដែរ។,សេដ្ឋកិច្ចកម្ពុជាពឹងផ្អែកលើវិស័យកសិកម្មជាសំខាន់។  ក/ បានជាគេនិយាយថាកម្ពុជាជាប្រទេសកសិកម្មព្រោះអនុគ្រោះដល់វិស័យកសិកម្មជាច្រើនដូចជា៖   _ សណ្ឋានដី : មានលក្ខណៈអនុគ្រោះដល់វិស័យនេះពោលគឺសម្បូរវាលទំនាបនិងតំបន់ខ្ពង់រាបទាបៗប្រកបដោយដីមានជីវជាតិល្អសម្រាប់ដាំដុះ ចិញ្ចឹមសត្វ និងព្រៃឈើ។   _ កម្ពុជាស្ថិតនៅតំបន់ត្រូពិចដែលមានអាកាសធាតុក្តៅហើយសើមដោយទទួលរបបខ្យល់មូសុងមានភ្លៀងធ្លាក់ច្រើននិងមានកម្ដៅគ្រប់គ្រាន់ សម្រាប់ដាំដុះ ចិញ្ចឹមសត្វនិងព្រៃឈើ។   _ ប្រទេសកម្ពុជាសម្បូរផ្លូវទឹកអនុគ្រោះដល់ការដាំដុះ ការចិញ្ចឹមសត្វ និងការនេសាទ។   _ ផ្ដល់ការងារសម្រាប់ប្រជាជន 30.72%    _ កាត់បន្ថយភាពក្រីក្រប្រជាជន   _ កាត់បន្ថយអត្រាអត់ការងារដល់ប្រជាជន   _ ជាស្បៀងអាហារសម្រាប់ប្រជាជន   _ជាវត្ថុធាតុដើមសម្រាប់ឧស្សាហកម្មក្នុងប្រទេស និងនាំចេញជាច្រើន។  ខ/ គេចែកកសិករទាំងនោះជា3ប្រភេទ៖   _ កសិករកសិកម្ម   _ កសិករចិញ្ចឹមសត្វ និងដាំដុះ   _ កសិករភូមិភាគឥឦន។,20,12,2,0.6,0.43470861383718984,2,9,0,3
118,ហេតុអ្វីបានជាផ្នែកឯកជនជាកម្លាំងដ៏សំខាន់សម្រាប់វិនិយោគនិងធ្វើឲ្យមានកំណើនសេដ្ឋកិច្ចក្នុងប្រទេស?,បានជាផ្នែកឯកជនជាកម្លាំងដ៏សំខាន់សម្រាប់វិនិយោគនិងធ្វើឲ្យមានកំណើនសេដ្ឋកិច្ចក្នុងប្រទេស ព្រោះប្រទេសកម្ពុជាជាប្រទេសអភិវឌ្ឍន៍ សេដ្ឋកិច្ចទីផ្សារដោយបានធ្វើកំណែទម្រង់សហគ្រាសឧស្សាហកម្មឲ្យក្លាយទៅជាកម្មសិទ្ធិឯកជន ។ សេដ្ឋកិច្ចទីផ្សារសេរីនេះនាំឲ្យអ្នករកស៊ីបរទេសចូលចិត្តមកវិនិយោគ ហើយកាលណាផ្នែកឯកជនរឹងមាំមកវិនិយោគ ហើយកាលណាផ្នែកឯកជនមិនរឹងមាំអាចបំពេញបន្ថែមវិនិយោគនិងវិស័យសង្គមកិច្ចមានន័យថាវិស័យឯកជនស្រូបយកកម្លាំងការងារកាន់តែកើនឡើង។,ព្រោះវិស័យឯកជនជាក្បាលម៉ាស៊ីនសំខាន់សម្រាប់វិនិយោគនិងធ្វើឱ្យមានកំណើនសេដ្ឋកិច្ចក្នុងប្រទេសព្រោះ៖ -ប្រទេសកម្ពុជាត្រូវការការវិនិយោគទុនពីក្រៅប្រទេសដូចជារោងចក្រសហគ្រាសតូចធំនិងជាពិសេសទៅទៀត  ប្រទេសកម្ពុជាអនុវត្តទីផ្សារសេរីតាំងពីឆ្នាំមួយពាន់ប្រាំបួនរយកៅសិបបី មកម្ល៉េះ ដែលប្រែប្រួល ក្លាយជាសហគ្រាសទៅជាកម្មសិទ្ធិឯកជន ជាមូលហេតុនាំឲ្យមានអ្នកវិនិយោគទុននិងអន្តរជាតិចូលវិនិយោគទុនបានជួយសេដ្ឋកិច្ចក្នុងប្រទេសជាតិ លំដាប់លំដាប់ មិនតែ ប៉ុណ្ណោះវិស័យឯកជនបានចូលរួមចំណែកដល់ សេដ្ឋកិច្ចក្នុងប្រទេសពីការវិនិយោគនៅនិងនៅក្រៅតែធ្វើឲ្យសេដ្ឋកិច្ចជាតិមានកំណើនជារៀងរាល់ឆ្នាំក៏បានចូលរួមចំណែកអភិវឌ្ឍប្រទេសឲ្យមាន ការរីកចម្រើនដូចជាផ្ដល់ការងារដល់ជន បង្កើនប្រាក់ចំណូល ក្នុងគ្រួសារកាត់បន្ថយភាពក្រីក្រអភិវឌ្ឍកម្រិតជីវភាពជីឌីភី  ការផ្ដល់ប្រាក់ចំណូលចូលជាតិសេដ្ឋកិច្ចកម្ពុជាពឹងផ្អែកទាំងស្រុងលើសការវិនិយោគទុននៅក្រៅប្រទេសការបង្កើតរោងចក្រសហគ្រាសនិងឯកជន។,15,15,4,1.0,0.46168996384031674,2,7,2,8
119,ចូររៀបរាប់អំពីទំនាក់ទំនងរវាងការដាំដុះអាជីវកម្មព្រៃឈើនិងនេសាទ។,ទំនាក់ទំនងរវាង ការដាំដុះអាជីវកម្មព្រៃឈើ និងការនេសាទ៖  _ ការដាំដុះអាជីវកម្មព្រៃឈើ និងការនេសាទ ជាភោគទ្រព្យយ៉ាងសំខាន់សម្រាប់ប្រជាជនក្នុងការទ្រទ្រង់ក្នុងជីវភាពរស់នៅនិងការអភិវឌ្ឍន៍ប្រទេសជាតិ   _ ដើម្បីបំពេញតម្រូវការក្នុងកសិកម្មផលិតកម្មនិងត្រូវការផ្សេងៗ មនុស្សនាំគ្នាកាប់ព្រៃឈើដើម្បីធ្វើអាជីវកម្មព្រៃឈើជាមូលហេតុធ្វើឲ្យអាកាសធាតុប្រែប្រួលប៉ះពាល់ដល់ជីវិតមនុស្ស សត្វ និងរុក្ខជាតិ  ​ _ អតិផលនៃប្រព័ន្ធកសិកម្ម នាំឲ្យមានកំណើននៃការប្រើប្រាស់គីមីនិងថ្នាំសម្លាប់សត្វល្អិត។ ជីគីមី និងថ្នាំសម្លាប់សត្វល្អិត ទាំងនោះហូរទៅផ្ដុំគ្នានៅតាមផ្លូវទឹកនានា បំផ្លាញជីវិតសត្វនិងពូជធម្មជាតិ។,ទំនាក់ទំនងរវាងការដាំដុះអាជីវកម្មព្រៃឈើនិងការនេសាទ៖ ​ + ការដាំដុះ : ការដាំដើមកៅស៊ូ ការដាំព្រៃឈើ ការដាំដំណាំឧស្សាហកម្ម  + អាជីវកម្មព្រៃឈើ : ការកាប់បំផ្លាញព្រៃឈើ ការដុតព្រៃឈើ ការជីកព្រៃសម្រាប់ធ្វើអាជីវកម្ម  + ការនេសាទ : ការចាប់ត្រីដោយប្រើប្រាស់គ្រឿងផ្ទុះ ការឆក់ត្រី ការនេសាទត្រីនៅរដូវត្រីពង ការចាប់ត្រីជាលក្ខណៈអាជីព។,15,5,1,0.3333333333333333,0.45263279683730945,2,7,1,2
120,តើគេចែកយុគសម័យបុរេប្រវត្តិសាស្ត្រកម្ពុជាជាប៉ុន្មានយុគសម័យ?អ្វីខ្លះ?,គេចែកយុគសម័យបុរេប្រវត្តិសាស្ត្រកម្ពុជាជាបីយុគសម័យគឺ -យុគថ្មបំបែក (600000 - 12000 ឆ្នាំមុនគ.ស) -យុគថ្មរលីងឬសំលៀង (8000 - 2000 ឆ្នាំមុនគ.ស) -យុគលោហៈ(2000-100 ឆ្នាំមុនគ.ស)។,គេចែកយុគសម័យបុរេប្រវត្តិសាស្ត្រកម្ពុជាជាបីយុគសម័យគឺ -យុគថ្មបំបែក (600000 - 12000 ឆ្នាំមុនគ.ស) -យុគថ្មរលីងឬសំលៀង (8000 - 2000 ឆ្នាំមុនគ.ស) -យុគលោហៈ(2000-100 ឆ្នាំមុនគ.ស)។,5,5,4,1.0,1.0,4,5,0,0
121,តើការស្ថិតនៅក្រៅសារពាង្គកាយនៃពងស្វាសមានសារៈសំខាន់ដូចម្តេច?,ការស្ថិតនៅក្រោមសារពាង្គកាយនៃពងស្វាសមានសារៈសំខាន់ដូចជាដើម្បីរក្សាសីតុណ្ហភាពឲ្យ ទាបជាងសីតុណ្ហភាពក្នុងខ្លួន ប្រហែលពី(2-3)សីតុណ្ហភាពក្នុងខ្លួន37 ។,ការស្ថិតនៅក្រោមសារពាង្គកាយនៃពងស្វាសមានសារៈសំខាន់ក្នុងការផលិតអរម៉ូនភេទឈ្មោលនិង បង្កើតស្ពែម៉ាតូសូអ៊ីត ។,10,3,1,0.3,0.28458921400642256,1,3,0,0
122,តើគេចែកប្រូទីសជាប៉ុន្មានក្រុម?អ្វីខ្លះ?,ប្រូទីសសត្វចែកជា 4 ក្រុមតាមរបៀបរស់នៅនឹងផ្លាស់ទីរបស់វា  +ប្រូតូសូអ៊ែផ្លាស់ទីដោយជើងបញ្ឆោត: អាមីប +ប្រូតូសូអ៊ែផ្លាស់ទីដោយផ្លាសែល : សាឌីយ៉ា +ប្រូតូសូអ៊ែបន្តពូជតាមរយ:ស្ប៉ :ស្ប៉រ៉ូសូអ៊ែ។,ប្រូទីសសត្វចែកជា 4 ក្រុមតាមរបៀបរស់នៅនឹងផ្លាស់ទីរបស់វា  +ប្រូតូសូអ៊ែផ្លាស់ទីដោយជើងបញ្ឆោត: អាមីប +ប្រូតូសូអ៊ែផ្លាស់ទីដោយផ្លាសែល : សាឌីយ៉ា +ប្រូតូសូអ៊ែបន្តពូជតាមរយ:ស្ប៉ :ស្ប៉រ៉ូសូអ៊ែ។,8,5,2,0.625,1.0,4,8,2,3
123,តើអាណាចក្រភ្នំមានព្រំប្រទល់ជាប់ប្រទេសណាខ្លះ?,អាណាចក្រភ្នំមានព្រំប្រទល់ជាប់ប្រទេសដូចជា -ខាងជើងជាប់ចិន -ខាងត្បូងជាឈូងសមុទ្រខ្មែរ -ខាងកើតជាប់រដ្ឋចម្ប៉ា -ខាងលិចជាប់រដ្ធមនឬភូមា។,អាណាចក្រភ្នំមានព្រំប្រទល់ជាប់ប្រទេសដូចជា -ខាងជើងជាប់ចិន -ខាងត្បូងជាឈូងសមុទ្រខ្មែរ -ខាងកើតជាប់រដ្ឋចម្ប៉ា -ខាងលិចជាប់រដ្ឋមនឬភូមា។,6,6,4,1.0,0.9690658986445712,4,6,0,0
124,តើប្រព័ន្ធផលិតកម្មកសិកម្មនៅក្នុងប្រទេសកម្ពុជាមានអ្វីខ្លះ?ចូររៀបរាប់​ ។,ប្រព័ន្ធផលិតកម្មកសិកម្មនៅប្រទេសកម្ពុជាមាន៖    _ ដំណាំ : ដំណាំស្រូវ ដំណាំកៅស៊ូ ដំណាំផ្សេងៗទៀត    _ ការចិញ្ចឹមសត្វ : ការចិញ្ចឹមសត្វលើគោក ការចិញ្ចឹមសត្វក្នុងទឹក    _ ការនេសាទ : ការនេសាទទឹកសាប ការនេសាទទឹកប្រៃ  _ ព្រៃឈើ : ផលិតផលឈើ អនុផលព្រៃឈើ(រកឃ្មុំ ជ័រទឹក វល្លិ៍ ផ្តៅ) សត្វព្រៃ ។,ប្រព័ន្ធផលិតកម្មកសិកម្មនៅប្រទេសកម្ពុជាមានដូចជា -អនុផលព្រៃឈេី(កៅស៊ូ...) -ការចិញ្ចឹមសត្វ -ការនេសាទ -ការចិញ្ចឹមត្រី (វារីវប្បកម្ម) -ការធ្វើស្រែចម្ការ (ស្រូវ ពោត ដំឡូងមី...) -កសិកម្មបែបគ្រួសារ...។,10,9,4,0.9,0.5470982897474579,2,5,2,4
125,តើកត្តាអ្វីខ្លះដែលបណ្ដាលឲ្យសៀមវាយបែកបន្ទាយលង្វែក?,កត្តាដែលបណ្ដាលឲ្យសៀមវាយបន្ទាយលង្វែកព្រះរាជាព្រះសត្ថាទីមួយឆោតល្ងង់ទៅជួយរំដោះក្រុងឰយុធ្យារបស់សៀមមកពីការត្រួតត្រាភូមាសៀមរមិលគុណប្រើល្បិចបញ្ជូនសល់ពីរអង្គ យកការវិបត្តិផ្ទៃក្នុងជាជួរជលសារលោករវល់ នាដើមម៉ឺនមន្ត្រីប្រជារាស្ត្រមិនពេញចិត្តដែលតែងទៅកូនអាយុដប់មួយវស្សា ឲ្យកូនរៀននៅ ក្នុងនាម មហាឧបរាជ ធ្វើឲ្យប្រជារាស្ត្របាត់បង់ស្មារតីប្រយុទ្ធប្រជារាស្ត្រខ្មែរក្រីក្រឆោតល្ងង់ចង់បានប្រាក់ដួលក៏នាំគ្នាកាប់ឆ្ការគុម្ពឫស្សីដែលជារបងការពារបន្ទាយលង្វែកដ៏រឹងមាំ រីប្រទេសខ្មែរហាក់បីដូចជាបាត់បង់សាមគ្គីដូចជាស្ថានីយមួយនាំកូនទាំងពីររត់ភៀសខ្លួនទៅប្រទេសឡាវមិនគិតពីប្រជារាស្ត្រនាំឲ្យប្រជាជន អស់ជំនឿ,កត្តាដែលបណ្ដាលឲ្យសៀមវាយបែកបន្ទាយលង្វែកព្រោះសៀមបានប្រើល្បិចបញ្ជូនព្រះសង្ឃពីរអង្គមកខ្មែរដើម្បីស៊ើបការណ៍ពីប្រជាជននៅលង្វែកហើយបានដឹងថាខ្មែរមានដើមឫស្សីដើម្បីការពារ សង្គ្រាម សៀមបានស៊ើបដឹងថាប្រជាជនខ្មែរមានភាពក្រខ្សត់និងខ្វះខាត បន្ទាប់ពីសៀមបានដឹងពីបញ្ហាផ្ទៃក្នុងរបស់ប្រជាជនវាក៏បានប្រើល្បិចយកប្រាក់ដួងទៅបាចនៅក្នុងគុម្ពឫស្សីហើយពេលដែលប្រជាជនខ្មែរឃើញក៏នាំគ្នាកាប់គាស់ដើមឫស្សីដើម្បីយកប្រាក់ដួង ព្រោះតែភាពក្រខ្សត់និងខ្វះខាតនិងភាពចង់បានហើយបានធ្វើឲ្យដើមឫស្សីបាត់អស់ គ្មានកន្លែងទប់ទល់ធ្វើជាខែលសម្រាប់ការពារបន្ទាយលង្វែកឡើយ បន្ទាប់ពីសៀមបានដឹងថាខ្មែរកាប់ដើមឫស្សីអស់ក៏បានលើកទ័ពមកវាយធ្វើឲ្យបាក់និងបានវាយបែកបន្ទាយលង្វែក។,10,8,3,0.8,0.36618171560462864,1,4,2,4
126,ចូរពណ៌នាពីពីការអភិវឌ្ឍសេដ្ឋកិច្ច សង្គម នៅកម្ពុជាពីឆ្នាំ១៩៩៣ មកទល់សព្វថ្ងៃ?,ពណ៌នាពីពីការអភិវឌ្ឍសេដ្ឋកិច្ច សង្គម នៅកម្ពុជាពីឆ្នាំ១៩៩៣ មកទល់សព្វថ្ងៃ .វិស័យសេដ្ឋកិច្ច:  +សេដ្ឋកិច្ចកម្ពុជាមានការរីកចម្រើនឡើងជាបន្តបន្ទាប់ដែលធ្វើឲ្យប្រទេសកម្ពុជាមានជីវភាពល្អប្រសើរ។ +កសិកម្មរីកចម្រើនខាងដាំដំណាំស្រូវទទួលបានទិន្នផលខ្ពស់ជាបន្តបន្ទាប់ +ឧស្សាហកម្មមានតំណាងរោងចក្រច្រើនកន្លែងនិងលើកឡើងនៅសហគ្រឿងធំៗដែលបានផ្ដល់ចំណូលដល់ប្រជាពលរដ្ឋ +ពាណិជ្ជកម្មកាលនាំចូលមកក្នុងប្រទេសនិងមានវិនិយោគក្នុងប្រទេស +គមនាគមន៍កសាងស្ពានផ្លូវថ្នល់អាកាសយានដ្ឋានផ្គត់ផ្គង់ប្រព័ន្ធទឹកពីទីក្រុងដល់ជនបទ កំពុងផែ +ហិរញ្ញវត្ថុមានស្ថេរភាពក្នុងអត្រាប្ដូរប្រាក់ +ធនាគារលើកឡើងនៅធនាគារជាតិហ្នឹងឯកជនជាច្រើន .វិស័យសង្គម +ការអប់រំសិក្សា បង្កើតសាលារៀនគ្រប់កម្រិតពីមត្តីរហូតដល់ឧត្តមសិក្សាបណ្ដុះបណ្ដាលធនធានមនុស្សនិងបញ្ជូននិស្សិតឲ្យទៅរៀននៅក្រៅប្រទេស។ +វប្បធម៌អរិយធម៌ ស្ដារវប្បធម៌ឡើងវិញនិងដាក់បញ្ចូលជាសម្បត្តិបេតិកភណ្ឌពិភពលោកចាប់ផ្ដើមប្រជាជនមានសិទ្ធិជឿលើសាសនា។ +សុខាភិបាលបង្កើតឲ្យមានមន្ទីរពេទ្យលោកសុខភាពនិងឱសថសាស្ត្រ +សិល្បៈបង្កើតឲ្យមានសាលាសាកលវិទ្យាល័យសិល្បៈ.,ពណ៌នាពីពីការអភិវឌ្ឍសេដ្ឋកិច្ច សង្គម នៅកម្ពុជាពីឆ្នាំ១៩៩៣ មកទល់សព្វថ្ងៃ +វិស័យសេដ្ឋកិច្ច -សេដ្ឋកិច្ចកម្ពុជាមានការកើនឡើងរាល់ឆ្នាំធ្វើឲ្យប្រជាជនមានជីវភាពធូរធារ +វិស័យកសិកម្ម -មានកំណើតរោងចក្រឧស្សាហកម្មមានកំណើនកសិកម្មព្រោះមានទីផ្សារ +វិស័យឧស្សាហកម្ម -មានកំណើតរោងចក្រឧស្សាហកម្មបង្កើតការងារដល់ប្រជាជន +វិស័យពាណិជ្ជកម្ម +វិស័យហិរញ្ញវត្ថុ +វិស័យអប់រំ +វិស័យវប្បធម៌,10,8,3,0.8,0.38281502202294365,2,4,1,4
127,តើអាណាចក្រភ្នំមានព្រំប្រទល់ជាប់ប្រទេសណាខ្លះ?,អាណាចក្រភ្នំមានព្រំប្រទល់ជាប់ប្រទេសដូចជា -ខាងជើងជាប់ចិន -ខាងត្បូងជាឈូងសមុទ្រខ្មែរ -ខាងកើតជាប់រដ្ឋចម្ប៉ា -ខាងលិចជាប់រដ្ធមនឬភូមា។,អាណាចក្រភ្នំមានព្រំប្រទល់ជាប់ប្រទេសដូចជា -ខាងជើងជាប់ចិន -ខាងត្បូងជាឈូងសមុទ្រខ្មែរ -ខាងកើតជាប់រដ្ឋចម្ប៉ា -ខាងលិចជាប់រដ្ឋមនឬភូមា។,6,6,4,1.0,0.9690658986445712,4,6,0,0
128,ហេតុអ្វីបានជាផ្នែកឯកជនជាកម្លាំងដ៏សំខាន់សម្រាប់វិនិយោគនិងធ្វើឲ្យមានកំណើនសេដ្ឋកិច្ចក្នុងប្រទេស?,បានជាផ្នែកឯកជនជាកម្លាំងដ៏សំខាន់សម្រាប់វិនិយោគនិងធ្វើឲ្យមានកំណើនសេដ្ឋកិច្ចក្នុងប្រទេស ព្រោះប្រទេសកម្ពុជាជាប្រទេសអភិវឌ្ឍន៍ សេដ្ឋកិច្ចទីផ្សារដោយបានធ្វើកំណែទម្រង់សហគ្រាសឧស្សាហកម្មឲ្យក្លាយទៅជាកម្មសិទ្ធិឯកជន ។ សេដ្ឋកិច្ចទីផ្សារសេរីនេះនាំឲ្យអ្នករកស៊ីបរទេសចូលចិត្តមកវិនិយោគ ហើយកាលណាផ្នែកឯកជនរឹងមាំមកវិនិយោគ ហើយកាលណាផ្នែកឯកជនមិនរឹងមាំអាចបំពេញបន្ថែមវិនិយោគនិងវិស័យសង្គមកិច្ចមានន័យថាវិស័យឯកជនស្រូបយកកម្លាំងការងារកាន់តែកើនឡើង។,បានជាផ្នែកឯកជនជាកម្លាំងដ៏សំខាន់សម្រាប់វិនិយោគនិងធ្វើឲ្យមានកំណើនសេដ្ឋកិច្ចក្នុងប្រទេសព្រោះ៖ _ កម្ពុជាជាប្រទេសអនុវត្តសេដ្ឋកិច្ចទីផ្សារសេរីឆ្នាំ1993 ដោយធ្វើកំណែទម្រង់សហគ្រាសឲ្យក្លាយទៅជាកម្មសិទ្ធិឯកជន  _ សេដ្ឋកិច្ចទីផ្សារសេរីនេះនាំឲ្យអ្នករកស៊ីបរទេសចូលចិត្តវិនិយោគ _ កាលណាផ្នែកឯកជនរឹងមាំអាចបំពេញបន្ថែមវិនិយោគសាធារណៈក្នុងវិស័យសង្គមកិច្ចមានន័យថាវិស័យឯកជនអាចស្រូបយកកម្លាំងការងារកាន់តែច្រើនឡើង។,15,15,4,1.0,0.8345522778983203,3,13,1,2
129,សេដ្ឋកិច្ចកម្ពុជាពឹងផ្អែកលើវិស័យកសិកម្មជាសំខាន់៖ ​ក.​ ហេតុអ្វីបានជាគេនិយាយថាកម្ពុជាជាប្រទេសកសិកម្ម? ខ. តើគេចែកកសិករទាំងនោះជាប៉ុន្មានប្រភេទ?,សេដ្ឋកិច្ចកម្ពុជាបានផ្អែកលើវិស័យកសិកម្មជាសំខាន់៖ ក​. បានជាគេនិយាយថាប្រទេសកម្ពុជាជាប្រទេសកសិកម្មដោយសារ -ផ្ទៃដីនៅប្រទេសកម្ពុជាប្រហែល៩០ភាគរយសិតតែដំណាំស្រូវ -ប្រជាជនកកម្ពុជា ៧០.៣ភាគរយធ្វើកសិកម្ម -កសិកម្មជួយឲ្យប្រជាជនកម្ពុជាមានការងារធ្វើ -ប្រជាជននិយមធ្វើកសិកម្ម -ដីនៅកម្ពុជាប្រកបជាមួយកាធ្វើកសិកម្ម -កម្ពុជាមានអាកាសធាតុសមស្របសម្រាប់ធ្វើកសិកម្ម ខ. គេចែកកសិកម្មទាំងនោះជាពីរប្រភេទ៖ +កសិករខ្នាតតូច -ធ្វើកសិកម្មដើម្បីជីវិត -ធ្វើលក្ខណៈតិចតួច ទុកតែបរិភោគសម្រាប់គ្រួសារ -មិនលក់ឲ្យអ្នកណា +កសិករខ្នាតធំ -ធ្វើកសិកម្មច្រើនហើយទុកសម្រាប់លក់ឬនាំចេញទៅក្រៅប្រទេស -ធ្វើមួយឆ្នាំអាចទៅពីរលើក -ធ្វើលក្ខណៈច្រើន ដើម្បីលក់និងនាំចេញ។,ក. បានជាគេនិយាយថា កម្ពុជាជាប្រទេសកសិកម្ម ព្រោះស្ថិតនៅក្នុងជាប្រទេសកំពុងអភិវឌ្ឍនៅឡើយ ហើយប្រទេសកម្ពុជា យើងនិងគឺពឹងលើវិស័យកសិកម្មនៅក្នុងប្រទេសដោយប្រទេសយើងនឹង នៅមានកម្រិតនៅឡើង ផ្ទុយពីប្រទេសដោយពឹងផ្អែក វិស័យឧស្សាហកម្មដូចជាប្រទេសអាមេរិកដែលប្រទេសគេនឹងពឹងផ្អែកលើវិស័យឧស្សាហកម្មដោយសេដ្ឋកិច្ចដើរលឿនខ្លាំង។ ខ. គេចែកកសិករជា២ប្រភេទ៖ +កសិករខ្នាតធំ៖ -កសិករខ្នាតធំមានកម្មករច្រើន -ប្រើដោយគ្រឿងចក្រខ្នាតធំមានកម្មករច្រើន -មានដីចំដែលធ្វើឲ្យមានទិន្នផល -មានរោងចក្រដែកគេនិងប្រមូលផលបានគេយកទៅរោងចក្ររបស់គេ។ +កសិករខ្នាតតូច៖ -ការធ្វើបែបគ្រួសារ -មិនប្រើប្រាស់គ្រឿងចក្រធំៗ -មានកម្លាំងតិច -មិនមានដីធំចូលលាយសម្រាប់ -ទិន្នផលតិចវផ្សេងៗទៀត...។,15,2,1,0.13333333333333333,0.41954183100430265,2,6,1,4
130,តើព្រះអង្គឌួងមានស្នាព្រហស្ថអ្វីខ្លះចំពោះប្រទេសជាតិនិងប្រជារាស្ត្រខ្មែរ?,ព្រះបាទអង្គឌួងមានស្នាព្រហស្តដូចជាផ្នែករដ្ឋបាលរៀបចំប្រព័ន្ធរដ្ឋបាលនិងច្បាប់ទម្លាប់ស្ដារឡើងវិញមានរបៀបផ្នែកសេដ្ឋកិច្ចលើកស្ទួយវិស័យកសិកម្មជួសជុលប្រព័ន្ធ សេះនិងពាណិជ្ជកម្ម ភ្នែកបរទេសស្វែងរកជំនួយពីបារាំងដើម្បីទប់ទល់នឹងការត្រួតត្រាយួននិងសៀម ផ្នែកវប្បធម៌លើកស្ទួយវប្បធម៌អក្សរសាស្ត្រខ្មែរនិង សាសនា កត្តាផ្ទៃក្នុង ការបែកបាក់រាជវង្សានុវង្សបែកបាក់សាមគ្គី។,ព្រះអង្គឌួងមានស្នាព្រះហស្ថ ផ្នែករដ្ឋបាល រៀបចំប្រព័ន្ធរដ្ឋបាលនិងច្បាប់ទម្លាប់ស្ដារឡើងវិញមានរបៀបរៀបរយ ផ្នែកសេដ្ឋកិច្ច លើកស្ទួយវិស័យកសិកម្មជួសជុលប្រព័ន្ធធារាសាស្ត្រនិងលើកទឹកចិត្តពាណិជ្ជកម្ម ភ្នែកបរទេស ស្វែងរកជំនួយពីបារាំងដើម្បីទប់ទល់នឹងការត្រួតត្រារបស់យួននិងសៀម ផ្នែកវប្បធម៌ លើកស្ទួយព្រះពុទ្ធសាសនានិងអក្សរសាស្ត្រខ្មែរ កត្តាផ្ទៃក្នុង ការបែកបាក់រាជវង្សនិងការដណ្ដើមរាជ្យពីគ្នាទៅវិញទៅមកខ្វះការសាមគ្គីផ្ទៃក្នុង ជួរមន្ត្រីនិងប្រជារាស្ត្រ កត្តាផ្ទៃក្រៅ ការវាយលុកឥតឈប់ឈរយូរអង្វែងពីសំណាក់កងទ័ពសៀមក៏ល្បីសៀមក្នុងការបិទផ្លូវស្បៀងនិងការជាតំបន់ទឹកជុំវិញបន្ទាយ។,15,15,4,1.0,0.7286949675500313,3,11,1,4
131,តើសេដ្ឋកិច្ចកម្ពុជាពឹងផ្អែកលើវិស័យអ្វីជាសំខាន់?     ក/ ហេតុអ្វីបានជាគេនិយាយថាកម្ពុជាជាប្រទេសកសិកម្ម?     ខ/ តើគេចែកកសិករជាប៉ុន្មានប្រភេទ?អ្វីខ្លះ?,សេដ្ឋកិច្ចកម្ពុជាពឹងផ្អែកលើវិស័យកសិកម្មជាសំខាន់។   ក/ បានជាគេនិយាយថាកម្ពុជាជាប្រទេសឧស្សាហកម្មព្រោះ៖  _  សណ្ឋានដី : ដីមានជីវជាតិល្អនិងសម្បូរទំនាបល្បាប់   _ ផ្លូវទឹក : ផ្លូវទឹកខ្វាត់ខ្វែងងាយស្រួលដល់ការដាំដុះ  _ ប្រជាជន : ប្រជាជនខ្មែរភាគច្រើនចូលចិត្តធ្វើកសិកម្ម  _ អាកាសធាតុ : ទទួលអាកាសធាតុក្តៅសើម  _ កសិកម្មផ្តល់ផល50%នៃផលិតផលជាតិសរុប។  ខ/ គេចែកកសិករទាំងនោះជា4ប្រភេទគឺ៖  _ កសិករធ្វើស្រែឬអ្នកស្រែ : និយមធ្វើស្រែ ស្រូវប្រាំង ស្រូវវស្សា ស្រូវឡើងទឹក  _ កសិករតំបន់ដីខ្ពស់ : គេដាំដំណាំជាអចិន្ត្រៃយ៍(ពោត ដំឡូង ចេក កៅស៊ូសណ្តែក)  _ កសិករធ្វើចម្ការដំណាំស្រូវ : គេដាំដំណាំតាមមាត់ទន្លេ ចិញ្ចឹមសត្វនិងនេសាទ  _ កសិករភូមិភាគឦសាន: គេធ្វើដំណាំព្រៃដុតមានដូចជាពោត ដំឡូង ស្រូវរុក្ខជាតិយកមើមដទៃទៀត និងបរបាញ់សត្វផងដែរ។,សេដ្ឋកិច្ចកម្ពុជាពឹងផ្អែកលើវិស័យកសិកម្មជាសំខាន់។ ក/ បានជាគេនិយាយថា កម្ពុជាជាប្រទេសកសិកម្មពីព្រោះដោយសារតែប្រទេសកម្ពុជាស្ថិតនៅក្នុងតំបន់ត្រូពិចទទួលរងនៅរបបខ្យល់ម៉ូសុងដែលមានអាកាសធាតុក្តៅហើយសើម និងមានភ្លៀងធ្លាក់កន្លះឆ្នាំដែលធ្វើឪ្យប្រទេសកម្ពុជាក្លាយជាប្រទេសដែលគេនិយាយថាកម្ពុជាជាប្រទេសកសិកម្មដែលនៅតំបន់ប្រទេសកម្ពុជាជាសម្បូរនៅដីដែលមានជីវជាតិសម្រាប់ការដាំដុះ ការចិញ្ចឹមសត្វ និងព្រៃឈើ។  _ ផ្ទៃដីប្រមាណ 72.3% ជាកសិករ  _ ផ្តល់ថវិការដល់ជាតិប្រមាណ 34.4%  _ ផ្តល់អាហារដល់មនុស្ស និងសត្វគ្រប់គ្រាន់  _ ផ្តល់វត្ថុធាតុដើម។ ខ/ គេចែកកសិករទាំងអស់ជា ៤ ប្រភេទដូចជា៖  _ ការនេសាទ  _ កសិករដាំស្រូវ ឬធ្វើស្រែ  _ កសិករតំបន់ដីខ្ពស់ តំបន់វាលទំនាបនិងខ្ពង់រាប  _ កសិករធ្វើចំការផ្សេងៗ។,20,12,2,0.6,0.4533931355824708,2,9,0,3
132,តើផ្សិតមានរូបរាងខុសៗគ្នាអាស្រ័យនឹងអ្វី? ស្រូបសារធាតុចិញ្ចឹមតាមរយៈអ្វី?,ផ្សិតមានរូបរាងខុសៗគ្នាអាស្រ័យនឹងការតម្រៀបអុីបរបស់វា។ផ្សិតស្រូបសារធាតុចិញ្ចឹមតាមរយ:អុីបដែលដុះចូលទៅក្នុងប្រភពអាហារ។,ផ្សិតមានរូបរាងខុសៗគ្នាអាស្រ័យនឹងការតម្រៀបអុីបរបស់វា។ផ្សិតស្រូបសារធាតុចិញ្ចឹមតាមរយ:អុីបដែលដុះចូលទៅក្នុងប្រភពអាហារ។,10,4,2,0.4,0.9999999999999999,4,10,2,6
133,តើដំណាក់កាលទាំងពីរនៃវដ្ដជីវីតរបស់រុក្ខជាតិមានអ្វីខ្លះ? ចូររៀបរាប់។,ដំណាក់កាល ទាំងពីរនៃវដ្ដជីវិតរបស់រុក្ខជាតិមាន  - ដំណាក់កាលស្ប៉រ៉ូភីត គឺជារុក្ខជាតិផលិតស្ប៉។ វាជាកោសិកាតូចៗដែលអាចលូតលាស់ជាសារពាង្គកាយថ្មី  -ស្ប៉លូតលាស់ក្នុងដំណាក់កាលផ្សេងទៀតនៃរុក្ខជាតិ ហៅថាកាម៉ែតូភីត។ ក្នុងដំណាក់កាលនៃរុក្ខជាតិផលិតកោសិកាភេទពីរបែប គឺកាម៉ែតឈ្មោល និងកាម៉ែតញី ។ កាម៉ែតញី និង កាម៉ែតឈ្មោលលាយចូលគ្នា បង្កើតបានជាសុីកូត។ បន្ទាប់មកទៀត សុីកូតលូតលាស់ទៅជាស្ប៉រ៉ូភីត។ស្ប៉រ៉ូភីតផលិតស្ប៉លូតលាស់ក្នុងកាម៉ែតូភីត កាម៉ែតូភីតផលិតកាម៉ែតញី និងកាម៉ែតឈ្មោល ហើយវដ្ដផ្ដើមសារជាថ្មី។,ដំណាក់កាល ទាំងពីរនៃវដ្ដជីវិតរបស់រុក្ខជាតិមាន 2 គឺ ស្ប៉រ៉ូភីត និង កាម៉ែតូភីត។ +ដំណាក់កាលស្ប៉រ៉ូភីត : គឺជារុក្ខជាតិផលិតស្ប៉ ។វាជាកោសិកាតូចៗ ដែលអាចលូតលាសៀជាសារពាង្គកាយថ្មី។ +ស្ប៉លូតលាស់ក្នុងដំណាក់កាលមួយផ្សេងទៀតនៃរុក្ខជាតិហៅថាកាម៉ែតភីត ។ក្នុងដំណាក់កាលនេះរុក្ខជាតិផលិតកោសិកាពីរបែបគឺ កាម៉ែតឈ្មោល និង កាម៉ែតញី។,15,11,3,0.7333333333333333,0.8381459560901626,3,13,0,2
134,ហេតុអ្វីបានជាផ្នែកឯកជនជាកម្លាំងដ៏សំខាន់សម្រាប់ការវិនិយោគសេដ្ឋកិច្ច?,សេដ្ឋកិច្ចកម្ពុជាពឹងផ្អែកលើវិស័យកសិកម្មជាសំខាន់ៗ 5 គឺឧស្សាហកម្មកសិកម្មពាណិជ្ជកម្មគមនាគមន៍និងទេសចរណ៍ ក៏បានជាគេនិយាយថាកម្ពុជាប្រទេសកសិកម្មនៅប្រទេសកម្ពុជាមនុស្សមួយចំនួនធំគឺធ្វើកសិកម្ម។ច្រើនសុទ្ធតែជាកសិករកម្ពុជាសម្បូរជីកសិកម្មមានជីវជាតិសម្រាប់ឲ្យយើងធ្វើកសិកម្មចិញ្ចឹមសត្វនិងការដណ្ដប់ជួយបង្កើនចំណូលជូនជាងការងារចេញនៅក្រៅប្រទេសស្ករស្រូវដំឡូងកៅស៊ូ ខ. គេចែកកសិករទាំងនេះជាបួនប្រភេទកសិករតំបន់វាលខ្ពស់កសិករធ្វើស្រែឬមិនធ្វើស្រែកសិករភូមិភាគឥសានកសិករធ្វើតែស្រែ,សេដ្ឋកិច្ចកម្ពុជាពឹងផ្អែកលើវិស័យកសិកម្មជាសំខាន់ពីព្រោះ  ក.គេថាកម្ពុជាជាប្រទេសកសិកម្មដោយសារ -ប្រទេសកម្ពុជាជាប្រទេសដែលមានដែលអំណោយផលសម្រាប់ការធ្វើកសិកម្ម -ប្រទេសកម្ពុជាមានផ្លូវទឹកច្រើនសម្រាប់ការធ្វើកសិកម្ម -ប្រទេសកម្ពុជាជាប្រទេសដែលមានដីមានជាច្រើន -ប្រទេសកម្ពុជាមានរដូវចំនួនពីរដែលទាងទាត់គឺ រដូវប្រាំងនិងរដូវវស្សា -ប្រទេសកម្ពុជាជាប្រទេសដែលធ្វើកសិកម្មប្រមូលផលបានច្រើន -ប្រជាជននៅប្រទេសកម្ពុជាភាគច្រើនជាកសិករ។ ខ.គេចែកកសិករទាំងនោះដូចជាកសិករចំណាកស្រុកនិងកសិករស្រុកស្រែ -កសិករចំណាកស្រុកគឺជាកសិករដែលធ្វើស្រែចម្ការនៅពេលដែលផលចាប់ផ្ដើមដុះគេនិងចំណាកស្រុកទៅរកការងារធ្វើផ្សេងដូចជាកាត់ដេរឬកសិករជាដើម -កសិករស្រុកស្រែនៅពេលដែលធ្វើស្រែចម្ការគេនឹងនៅផ្ទះហើយធ្វើការងារផ្ទះហ្នឹងមើលស្រែចម្ការរបស់ខ្លួនរហូតប្រមូលផល។,15,10,3,0.6666666666666666,0.49858240190752007,2,7,1,3
135,ហេតុអ្វីបានជាផ្នែកឯកជនជាកម្លាំងដ៏សំខាន់សម្រាប់ការវិនិយោគសេដ្ឋកិច្ច?,សេដ្ឋកិច្ចកម្ពុជាពឹងផ្អែកលើវិស័យកសិកម្មជាសំខាន់ៗ 5 គឺឧស្សាហកម្មកសិកម្មពាណិជ្ជកម្មគមនាគមន៍និងទេសចរណ៍ ក៏បានជាគេនិយាយថាកម្ពុជាប្រទេសកសិកម្មនៅប្រទេសកម្ពុជាមនុស្សមួយចំនួនធំគឺធ្វើកសិកម្ម។ច្រើនសុទ្ធតែជាកសិករកម្ពុជាសម្បូរជីកសិកម្មមានជីវជាតិសម្រាប់ឲ្យយើងធ្វើកសិកម្មចិញ្ចឹមសត្វនិងការដណ្ដប់ជួយបង្កើនចំណូលជូនជាងការងារចេញនៅក្រៅប្រទេសស្ករស្រូវដំឡូងកៅស៊ូ ខ. គេចែកកសិករទាំងនេះជាបួនប្រភេទកសិករតំបន់វាលខ្ពស់កសិករធ្វើស្រែឬមិនធ្វើស្រែកសិករភូមិភាគឥសានកសិករធ្វើតែស្រែ,សេដ្ឋកិច្ចកម្ពុជាប្រុងប្រែងលើវិស័យកសិកម្មវិធីសំខាន់ក៏បានជាគេនិយាយថាកម្ពុជាជាប្រទេសកសិកម្មព្រោះប្រជាជនកម្ពុជាភាគច្រើននិយមធ្វើស្រែចម្ការ។ហើយប្រទេសកម្ពុជាមានផ្ទៃដីធំទូលាយសម្បូរដីសម្បូរដីមានជីជាតិអាកាសធាតុអំណោយផលដល់ដំណាំស្រូវនិងប្រជាជនច្រើននៅតាមជនបទដំណាំមានទីផ្សារនាំចេញនិងអាចដាំដំណាំឬធ្វើស្រែចំការសម្រាប់ចិញ្ចឹមប្រមូលផលបានច្រើនសំបូរដីសម្រាប់ដាំដុះ។ ខគេចែកកសិធម៌ទាំងនោះជាពីប្រភេទកាស៊ូឧស្សាហកម្មណាកសិកម្មកសិករឧស្សាហកម្មសម្រាប់ដំណាំដែលមានអាចយកចូលទៅធ្វើឲ្យរោងចក្របានដូចជាដំណាំកៅស៊ូអាចយកទៅធ្វើជាកង់ឡានកង់ម៉ូតូដំណាំកប្បាលសម្រាប់យកទៅធ្វើខោអាវដំណាំផ្លែឈើយកទៅធ្វើជាផ្លែឈើកំប៉ុងដំណាំឈើយកធ្វើជាគ្រូសង្ហារឹមតុទូកៅអីកសិកម្មនេសាទត្រី យកធ្វើត្រីខកំប៉ុង ធ្វើជីកំប៉ុងកសិករកសិកម្មដាំបន្លែរកត្រីនេសាទដាំដើមកៅស៊ូដាំស្រូវធ្វើចំការធ្វើអាជីវកម្មដំណាំផ្លែឈើ។,15,14,4,0.9333333333333333,0.38040325377081796,2,6,2,8
136,ចូរប្រៀបធៀបលក្ខណៈខុសគ្នានៃផ្សិត និងរុក្ខជាតិ។,លក្ខណៈខុសគ្នានៃផ្សិតនិងរុក្ខជាតិ +ផ្សិត  -ផ្សិតបន្តពូជតាមរយៈស្ប៉ -ផ្សិតមិនធ្វើរស្មីសំយោគ -អុីប -វារស់នៅកន្លែងសើម +រុក្ខជាតិ -បន្តពូជដោយគ្រាប់ -វាត្រូវការធ្វើរស្មីសំយោគ -វារស់នៅកន្លែងដែលមានពន្លឺ,ប្រៀបធៀបលក្ខណ:ខុសគ្នារវាងផ្សិតនិងរុក្ខជាតិ  +ផ្សិត -បរជីព -អុីបក្រោមដី -ស្ប៉ +រុក្ខជាតិ -ស្វ័យជីព -គ្រាប់ -ឬស,12,7,2,0.5833333333333334,0.33934295232248135,1,4,1,3
137,តើប្រព័ន្ធផលិតកម្មកសិកម្មនៅក្នុងប្រទេសកម្ពុជាមានអ្វីខ្លះ?ចូររៀបរាប់​ ។,ប្រព័ន្ធផលិតកម្មកសិកម្មនៅប្រទេសកម្ពុជាមាន៖    _ ដំណាំ : ដំណាំស្រូវ ដំណាំកៅស៊ូ ដំណាំផ្សេងៗទៀត    _ ការចិញ្ចឹមសត្វ : ការចិញ្ចឹមសត្វលើគោក ការចិញ្ចឹមសត្វក្នុងទឹក    _ ការនេសាទ : ការនេសាទទឹកសាប ការនេសាទទឹកប្រៃ  _ ព្រៃឈើ : ផលិតផលឈើ អនុផលព្រៃឈើ(រកឃ្មុំ ជ័រទឹក វល្លិ៍ ផ្តៅ) សត្វព្រៃ ។,ប្រព័ន្ធផលិតកម្មកសិកម្មនៅប្រទេសកម្ពុជាមាន3ប្រភេទគឺ៖  _ រដូវវស្សា (ឧសភា-តុលា)  _ រដូវប្រាំង (វិច្ឆិកា-មេសា)  _ ស្រូវឡើងទឹកឬស្រូវប្រដេញទឹក។,10,2,1,0.2,0.21261486162969997,1,2,0,0
138,ចូរនិយាយពីកំណកាម៉ែតញី។,ការស្ថិតនៅក្រោមសារពាង្គកាយនៃពងស្វាសមានសារៈសំខាន់ដូចជាដើម្បីរក្សាសីតុណ្ហភាពឲ្យ ទាបជាងសីតុណ្ហភាពក្នុងខ្លួន ប្រហែលពី(2-3)សីតុណ្ហភាពក្នុងខ្លួន37 ។,កំណកាម៉ែតញីដំបូងកោសិកាពូជមួយរួមចំណែកពីរដងបន្តបន្ទាប់គ្នា បានកោសិកាអូវ៉ូកូរី4 ។ អូវ៉ូកូរីនីមួយៗរីកមាឌអាចជាអូវ៉ូស៊ីត1 ។អូវ៉ូស៊ីតមួយរងចំណែកមួយនៃមេយោធាហើយត្រូវបាន ឈប់គាំងនៅវគ្គប្រផ្ដាស1 ។ក្រោយមកពេលគ្រប់អូវ៉ូស៊ីតមួយបន្តធ្វើចំណែកហើយត្រូវបានបញ្ចប់ នៅរយៈពេល6ម៉ោងមុនដំណើរអូវ៉ុលនិងធ្លាក់មកក្រៅជាអូវ៉ូស៊ីត2 ។ប្រសិនបើជួបស្ពែម៉ាតូសូអុីត បង្កើតបានជាអូវុល ។,10,10,4,1.0,0.02410828921328755,0,0,4,10
139,តើអាណាចក្រភ្នំមានព្រំប្រទល់ជាប់ប្រទេសណាខ្លះ?,អាណាចក្រភ្នំមានព្រំប្រទល់ជាប់ប្រទេសដូចជា -ខាងជើងជាប់ចិន -ខាងត្បូងជាឈូងសមុទ្រខ្មែរ -ខាងកើតជាប់រដ្ឋចម្ប៉ា -ខាងលិចជាប់រដ្ធមនឬភូមា។,អាណាចក្រភ្នំមានព្រំប្រទល់ជាប់ប្រទេសដូចជា -ខាងជើងជាប់ចិន -ខាងត្បូងជាឈូងសមុទ្រខ្មែរ -ខាងកើតជាប់រដ្ឋចម្ប៉ា -ខាងលិចជាប់រដ្ឋមនឬភូមា។,6,6,4,1.0,0.9690658986445712,4,6,0,0
140,តើប្រព័ន្ធផលិតកម្មកសិកម្មនៅក្នុងប្រទេសកម្ពុជាមានអ្វីខ្លះ?ចូររៀបរាប់​ ។,ប្រព័ន្ធផលិតកម្មកសិកម្មនៅប្រទេសកម្ពុជាមាន៖    _ ដំណាំ : ដំណាំស្រូវ ដំណាំកៅស៊ូ ដំណាំផ្សេងៗទៀត    _ ការចិញ្ចឹមសត្វ : ការចិញ្ចឹមសត្វលើគោក ការចិញ្ចឹមសត្វក្នុងទឹក    _ ការនេសាទ : ការនេសាទទឹកសាប ការនេសាទទឹកប្រៃ  _ ព្រៃឈើ : ផលិតផលឈើ អនុផលព្រៃឈើ(រកឃ្មុំ ជ័រទឹក វល្លិ៍ ផ្តៅ) សត្វព្រៃ ។,ប្រព័ន្ធផលិតកម្មកសិកម្មនៅប្រទេសកម្ពុជាមាន៖    _ ដំណាំ : ដំណាំស្រូវ ដំណាំកៅស៊ូ ដំណាំផ្សេងៗទៀត    _ ការចិញ្ចឹមសត្វ : ការចិញ្ចឹមសត្វលើគោក ការចិញ្ចឹមសត្វក្នុងទឹក    _ ការនេសាទ : ការនេសាទទឹកសាប ការនេសាទទឹកប្រៃ  _ ព្រៃឈើ : ផលិតផលឈើ អនុផលព្រៃឈើ(រកឃ្មុំ ជ័រទឹក វល្លិ៍ ផ្តៅ) សត្វព្រៃ ។,10,10,4,1.0,1.0,4,10,0,0
141,តើអ្វីជាសង្គ្រាមត្រជាក់? តើសង្គ្រាមត្រជាក់ផ្ដល់ផលវិបាកអ្វីខ្លះដល់កម្ពុជា?,សង្គ្រាមត្រជាក់ជាការប្រឈមមុខដាក់គ្នាដោយប្រយោលរវាងសហរដ្ឋអាមេរិចនិងសហភាពសូវៀត ដោយធ្វើការប្រណាំងប្រជែងគ្នាលើផ្នែក  សេដ្ឋកិច សព្វាវុធ យោធា និងបច្ចេកទេស។ សង្រ្គាមត្រជាក់បានផ្ដល់ផលវិបាកកម្ពុជាដូចជា៖ -គ្រាប់បែករបស់សហរដ្ឋអាមេរិក 1669 ដល់ 1973  -សង្គ្រាមស៊ីវិលក្នុងប្រទេសពីឆ្នាំ 1970 ដល់ 1975 និងកើតមានម្តងទៀតពីឆ្នាំ 1979 ដល់ឆ្នាំ 1991 ដែលកើតចេញពីការប្រឆាំងគ្នារវាងក្រុមកុម្មុយនិស្តនិងសេរីនិយម -ការសម្លាប់ប្រជាជនឯងក្រោមរបស់ប្រល័យពូជសាសន៍ឆ្នាំ 1975 និងឆ្នាំ 1979  -ការផ្លាស់ប្ដូរនយោបាយជាញឹកញាប់រហូតមានការមានកិច្ចព្រមព្រៀងសន្តិភាពក្រុងប៉ារីសថ្ងៃទី 23 តុលាឆ្នាំ 1991។,សង្គ្រាមត្រជាក់គឺជាការប្រគួតប្រជែងមួយឧត្តមភាពរវាងមនោគមន៍វិជ្ជាសេរី និងគម្មុយនីស ដែលឈានទៅរកការប្រណាំងខាងបច្ចេកវិទ្យានិងសព្វាវុធ  ពោលគឺជាការកាច់បំបាក់គ្នារវាងសហរដ្ឋអាមេរិកនិងសហភាពសូវៀត។  ផលវិបាកនៃសង្គ្រាមត្រជាក់ចំពោះប្រទេសកម្ពុជាមានដូច៖ -មានវិនាសកម្មការទម្លាក់គ្រាប់បែករបស់សហរដ្ឋអាមេរិក 1969 ដល់ 1973  -សង្រ្គាមស៊ីវិលក្នុងប្រទេសពីឆ្នាំ 1970 ដល់ឆ្នាំ 1975 និងកើតម្ដងទៀតពីឆ្នាំ 1975 ដល់ 1980 ដែលកើតចេញពីការប្រឆាំងគ្នារវាងក្រុមគម្មុយនីសនឹងសេរីនិយម,10,7,3,0.7,0.6913739425329092,3,7,0,0
142,តើកម្ពុជាមានបេតិកភណ្ឌអ្វីខ្លះ ដែលបានចុះបញ្ជីបេតិកភណ្ឌរូបី និង អរូបីពិភពលោករបស់អង្គការយូ ណេស្កូ? ចូររៀបរាប់ឲ្យបានប្រាំ។,បេតិកភណ្ឌរូបិយនិងអរូបិយមានដូចជា -ប្រាសាទព្រះវិហារ -ប្រាសាទអង្គវត្ត -ប្រាសាតសម្បូរព្រៃគុក -ប្រាសាទកោះកេរ្ត៍ -របាំព្រះរាជទ្រព្យ -ល្ខោនខោល -ល្បែងប្រជាប្រិយ។,ប្រាសាទព្រះវិហារ -ប្រាសាទសំបូរព្រៃគុក -ប្រាសាទកោះកេរ -របាំព្រះរាជទ្រព្យ -ល្ខោនខោ -ល្ខោនស្បែកធំ -ល្បុក្កតោ,5,5,4,1.0,0.6544492930148319,3,3,1,2
143,ចូរប្រៀបធៀបលក្ខណៈខុសគ្នានៃផ្សិត និងរុក្ខជាតិ។,លក្ខណៈខុសគ្នានៃផ្សិតនិងរុក្ខជាតិ +ផ្សិត  -ផ្សិតបន្តពូជតាមរយៈស្ប៉ -ផ្សិតមិនធ្វើរស្មីសំយោគ -អុីប -វារស់នៅកន្លែងសើម +រុក្ខជាតិ -បន្តពូជដោយគ្រាប់ -វាត្រូវការធ្វើរស្មីសំយោគ -វារស់នៅកន្លែងដែលមានពន្លឺ,លក្ខណៈខុសគ្នានៃផ្សិតនិងរុក្ខជាតិ +ផ្សិត  -ផ្សិតបន្តពូជតាមរយៈស្ប៉ -ផ្សិតមិនធ្វើរស្មីសំយោគ -អុីប -វារស់នៅកន្លែងសើម +រុក្ខជាតិ -បន្តពូជដោយគ្រាប់ -វាត្រូវការធ្វើរស្មីសំយោគ -វារស់នៅកន្លែងដែលមានពន្លឺ,12,6,2,0.5,1.0,4,12,2,6
144,តើឧស្សាហកម្មមានតួនាទីដូចម្ដេចខ្លះចំពោះសេដ្ឋកិច្ចជាតិ?,ឧស្សាហកម្មមាន​តួនាទីចំពោះសេដ្ឋកិច្ចជាតិដូចជា ៖ ​ _ ជួយបង្កើតថវិការជាតិ ​ _ ជួយបង្កើតទិន្នផលជាតិ ​​ _ ជួយឲ្យសេដ្ឋកិច្ចជាតិរីកចម្រើន  _ ប្រជាជនសំបូរធូរធារ  _អភិវឌ្ឍគ្រប់វិស័យ  _ មានទំនាក់ទំនងល្អជាមួយអ្នកជិតខាង  _ មានភាពរុងរឿងនៅក្នុងប្រទេសជាតិ។,ឧស្សាហកម្មមានតួនាទីចំពោះសេដ្ឋកិច្ចជាតិដូចជា -ផ្តល់កាងារឲ្យប្រជាជនធ្វើ -ផ្ដល់ចំណូលដល់សេដ្ឋកិច្ចជាតិមាន២៣.៨%ឆ្នាំ២០០៨ ផ្ដល់ផលិតផលសម្រាប់នាំចេញ ផ្ដល់ផលិតផលសម្រាប់ប្រើប្រាស់ ជួយរក្សាលំនឹងជញ្ជីងពាណិជ្ជកម្ម និងផ្ដល់ប្រាក់ចំណូលដល់គ្រួសារ។,15,15,4,1.0,0.22965098936304287,1,3,3,12
145,ចូរប្រៀបធៀបលក្ខណៈខុសគ្នានៃផ្សិត និងរុក្ខជាតិ។,លក្ខណៈខុសគ្នានៃផ្សិតនិងរុក្ខជាតិ +ផ្សិត  -ផ្សិតបន្តពូជតាមរយៈស្ប៉ -ផ្សិតមិនធ្វើរស្មីសំយោគ -អុីប -វារស់នៅកន្លែងសើម +រុក្ខជាតិ -បន្តពូជដោយគ្រាប់ -វាត្រូវការធ្វើរស្មីសំយោគ -វារស់នៅកន្លែងដែលមានពន្លឺ,លក្ខណៈខុសគ្នានៃផ្សិតនិងរុក្ខជាតិ +ផ្សិត  -ផ្សិតបន្តពូជតាមរយៈស្ប៉ -ផ្សិតមិនធ្វើរស្មីសំយោគ -អុីប -វារស់នៅកន្លែងសើម +រុក្ខជាតិ -បន្តពូជដោយគ្រាប់ -វាត្រូវការធ្វើរស្មីសំយោគ -វារស់នៅកន្លែងដែលមានពន្លឺ,12,8,3,0.6666666666666666,1.0,4,12,1,4
146,តើការស្ថិតនៅក្រៅសារពាង្គកាយនៃពងស្វាសមានសារៈសំខាន់ដូចម្តេច?,ការស្ថិតនៅក្រោមសារពាង្គកាយនៃពងស្វាសមានសារៈសំខាន់ដូចជាដើម្បីរក្សាសីតុណ្ហភាពឲ្យ ទាបជាងសីតុណ្ហភាពក្នុងខ្លួន ប្រហែលពី(2-3)សីតុណ្ហភាពក្នុងខ្លួន37 ។,ការស្ថិតនៅក្រោមសារពាង្គកាយនៃពងស្វាសមានសារៈសំខាន់ក្នុងការផលិតអរម៉ូនភេទឈ្មោលនិង បង្កើតស្ពែម៉ាតូសូអ៊ីត ។,10,5,2,0.5,0.28458921400642256,1,3,1,2
147,តើឧស្សាហកម្មមានតួនាទីដូចម្ដេចខ្លះចំពោះសេដ្ឋកិច្ចជាតិ?,ឧស្សាហកម្មមាន​តួនាទីចំពោះសេដ្ឋកិច្ចជាតិដូចជា ៖ ​ _ ជួយបង្កើតថវិការជាតិ ​ _ ជួយបង្កើតទិន្នផលជាតិ ​​ _ ជួយឲ្យសេដ្ឋកិច្ចជាតិរីកចម្រើន  _ ប្រជាជនសំបូរធូរធារ  _អភិវឌ្ឍគ្រប់វិស័យ  _ មានទំនាក់ទំនងល្អជាមួយអ្នកជិតខាង  _ មានភាពរុងរឿងនៅក្នុងប្រទេសជាតិ។,ឧស្សាហកម្មមានតួនាទីចំពោះសេដ្ឋកិច្ចជាតិដូចជា ៖ _ ជួយបង្កើនប្រាក់ចំណូលជូនជាតិ23.8% ឆ្នាំ2008 _ បង្កើតការងារជូនប្រជាជន  _ បង្កើតប្រាក់ចំណូលក្នុងគ្រួសារ  _ ប្រជាជនមានជីវភាពធូរធារ _ ជួយរក្សាលំនឹងជញ្ជីងពាណិជ្ជកម្ម  _ ផ្ដល់ផលិតផលសម្រាប់នាំចេញ  _ ផ្ដល់ផលិតផលសម្រាប់ប្រើប្រាស់។,15,15,4,1.0,0.3099234401801557,1,5,3,10
148,តើដំណាក់កាលទាំងពីរនៃវដ្ដជីវីតរបស់រុក្ខជាតិមានអ្វីខ្លះ? ចូររៀបរាប់។,ដំណាក់កាល ទាំងពីរនៃវដ្ដជីវិតរបស់រុក្ខជាតិមាន  - ដំណាក់កាលស្ប៉រ៉ូភីត គឺជារុក្ខជាតិផលិតស្ប៉។ វាជាកោសិកាតូចៗដែលអាចលូតលាស់ជាសារពាង្គកាយថ្មី  -ស្ប៉លូតលាស់ក្នុងដំណាក់កាលផ្សេងទៀតនៃរុក្ខជាតិ ហៅថាកាម៉ែតូភីត។ ក្នុងដំណាក់កាលនៃរុក្ខជាតិផលិតកោសិកាភេទពីរបែប គឺកាម៉ែតឈ្មោល និងកាម៉ែតញី ។ កាម៉ែតញី និង កាម៉ែតឈ្មោលលាយចូលគ្នា បង្កើតបានជាសុីកូត។ បន្ទាប់មកទៀត សុីកូតលូតលាស់ទៅជាស្ប៉រ៉ូភីត។ស្ប៉រ៉ូភីតផលិតស្ប៉លូតលាស់ក្នុងកាម៉ែតូភីត កាម៉ែតូភីតផលិតកាម៉ែតញី និងកាម៉ែតឈ្មោល ហើយវដ្ដផ្ដើមសារជាថ្មី។,ដំណាក់កាល ទាំងពីរនៃជីវិតរបស់រុក្ខជាតិមាន 2 គឺ ស្ប៉រ៉ូភីតនិងកាម៉ែតូភីត +ដំណាក់កាលស្ប៉រ៉ូភីត គឺរុក្ខជាតិផលិតស្ប៉។វាជាកោសិកាតូចៗដែលអាចលូតលាស់ជាសារពាង្គកាយថ្មី។ +ស្ប៉លូតលាស់ក្នុងដំណាក់កាលមួយផ្សេងនៃរុក្ខជាតិហៅថា កាម៉ែតភីត។,15,9,2,0.6,0.75256290859661,3,11,1,2
149,តើគេចែកយុគសម័យបុរេប្រវត្តិសាស្ត្រកម្ពុជាជាប៉ុន្មានយុគសម័យ?អ្វីខ្លះ?,គេចែកយុគសម័យបុរេប្រវត្តិសាស្ត្រកម្ពុជាជាបីយុគសម័យគឺ -យុគថ្មបំបែក (600000 - 12000 ឆ្នាំមុនគ.ស) -យុគថ្មរលីងឬសំលៀង (8000 - 2000 ឆ្នាំមុនគ.ស) -យុគលោហៈ(2000-100 ឆ្នាំមុនគ.ស)។,គេចែកយុគសម័យបុរេប្រវត្តិសាស្ត្រកម្ពុជាជាបីយុគសម័យគឺ -យុគថ្មបំបែក (600000 - 12000 ឆ្នាំមុនគ.ស) -យុគថ្មរលីងឬសំលៀង  -យុគលោហៈ,5,3,2,0.6,0.890971125758446,4,4,2,1
150,តើប្រព័ន្ធផលិតកម្មកសិកម្មនៅក្នុងប្រទេសកម្ពុជាមានអ្វីខ្លះ?ចូររៀបរាប់​ ។,ប្រព័ន្ធផលិតកម្មកសិកម្មនៅប្រទេសកម្ពុជាមាន៖    _ ដំណាំ : ដំណាំស្រូវ ដំណាំកៅស៊ូ ដំណាំផ្សេងៗទៀត    _ ការចិញ្ចឹមសត្វ : ការចិញ្ចឹមសត្វលើគោក ការចិញ្ចឹមសត្វក្នុងទឹក    _ ការនេសាទ : ការនេសាទទឹកសាប ការនេសាទទឹកប្រៃ  _ ព្រៃឈើ : ផលិតផលឈើ អនុផលព្រៃឈើ(រកឃ្មុំ ជ័រទឹក វល្លិ៍ ផ្តៅ) សត្វព្រៃ ។,ប្រព័ន្ធផលិតកម្មកសិកម្មនៅប្រទេសកម្ពុជាមានដូចជា៖  _ ប្រព័ន្ធឧស្សាហកម្ម  _ ប្រព័ន្ធពាណិជ្ជកម្ម  _ ប្រព័ន្ធសេដ្ឋកិច្ច  _ ប្រព័ន្ធនាំចេញនិងនាំចូល  _ ប្រព័ន្ធដឹកជញ្ជូននិងប្រព័ន្ធនយោបាយ។,10,2,1,0.2,0.18016142460355106,1,2,0,0
151,តើសេដ្ឋកិច្ចកម្ពុជាពឹងផ្អែកលើវិស័យអ្វីជាសំខាន់?     ក/ ហេតុអ្វីបានជាគេនិយាយថាកម្ពុជាជាប្រទេសកសិកម្ម?     ខ/ តើគេចែកកសិករជាប៉ុន្មានប្រភេទ?អ្វីខ្លះ?,សេដ្ឋកិច្ចកម្ពុជាពឹងផ្អែកលើវិស័យកសិកម្មជាសំខាន់។   ក/ បានជាគេនិយាយថាកម្ពុជាជាប្រទេសឧស្សាហកម្មព្រោះ៖  _  សណ្ឋានដី : ដីមានជីវជាតិល្អនិងសម្បូរទំនាបល្បាប់   _ ផ្លូវទឹក : ផ្លូវទឹកខ្វាត់ខ្វែងងាយស្រួលដល់ការដាំដុះ  _ ប្រជាជន : ប្រជាជនខ្មែរភាគច្រើនចូលចិត្តធ្វើកសិកម្ម  _ អាកាសធាតុ : ទទួលអាកាសធាតុក្តៅសើម  _ កសិកម្មផ្តល់ផល50%នៃផលិតផលជាតិសរុប។  ខ/ គេចែកកសិករទាំងនោះជា4ប្រភេទគឺ៖  _ កសិករធ្វើស្រែឬអ្នកស្រែ : និយមធ្វើស្រែ ស្រូវប្រាំង ស្រូវវស្សា ស្រូវឡើងទឹក  _ កសិករតំបន់ដីខ្ពស់ : គេដាំដំណាំជាអចិន្ត្រៃយ៍(ពោត ដំឡូង ចេក កៅស៊ូសណ្តែក)  _ កសិករធ្វើចម្ការដំណាំស្រូវ : គេដាំដំណាំតាមមាត់ទន្លេ ចិញ្ចឹមសត្វនិងនេសាទ  _ កសិករភូមិភាគឦសាន: គេធ្វើដំណាំព្រៃដុតមានដូចជាពោត ដំឡូង ស្រូវរុក្ខជាតិយកមើមដទៃទៀត និងបរបាញ់សត្វផងដែរ។,សេដ្ឋកិច្ចជាតិផ្អែកលើវិស័យកសិកម្មជាសំខាន់ព្រោះវិស័យនេះសំខាន់ដល់ជាតិដូចជា៖ -និយាយថាកម្ពុជាជាប្រទេសកសិកម្មព្រោះសម្បូរទៅដោយដីមានជីវជាតិល្អ -អនុផលការដាំដុះក្នុងព្រៃឈើដំណាំស្រូវអង្ករជាងគេនៅក្នុងប្រទេសជុំវិញអាស៊ី -កសិកម្មព្រៃដុតគឺដុតព្រៃឈើកសិកម្ម -អាកាសធាតុអំណោយផលដល់ការដាំដុះ -ការចិញ្ចឹមត្រី -កសិកម្មនេសាទត្រីមាសទីបីកក្កដា តាមព្រៃ  ដាំដុះស្រូវក៏គោលបំណងនៃការចិញ្ចឹមសត្វមាន់ទា  +គេបែងចែក៤នោះមួយគឺ -កសិករមិនដាំស្រូវគឺ -ជាកសិករតែធ្វើការដាំដំណាំផ្សេងផ្សេង តែចាំសួរនៅឡើយ  -កសិករធ្វើស្រែចម្ការគឺជាកសិករធ្វើស្រែដាំស្រូវតាមរដូវនិងដាំដំណាំផ្សេងៗផងដែរ,20,14,3,0.7,0.493006945383572,2,10,1,4
152,តើថ្ងៃរំដោះ៧មករា១៩៧៩ មានអត្ថន័យយ៉ាងណាខ្លះចំពោះប្រវត្តិសាស្ត្រកម្ពុជា?,ជាថ្ងៃដែលប្រជាជនខ្មែររួចផុតពីសង្គ្រាមនិងការសម្លាប់ -ជាថ្ងៃដែលប្រជាជនខ្មែរស្គាល់ច្បាប់ពីតម្លៃនៃសន្តិភាព -ជាថ្ងៃដែលប្រជាជនខ្មែរស្គាល់ច្បាប់ពីតម្លៃនៃសន្តិភាព -ប្រទេសកម្ពុជាទទួលបានអធិបតេយ្យភាពនិងបូរណាភាពទឹកដី -ប្រទេសកម្ពុជាទទួលបានឯករាជ្យ -ប្រទេសកម្ពុជាអាចអភិវឌ្ឍន៍ប្រទេសជាតិរបស់ខ្លួន -ប្រទេសកម្ពុជាអាចឈរស្មើមុខមាត់លើឆាកអន្តរជាតិ -ប្រទេសកម្ពុជាកសាងនិងស្ដាយប្រទេសជាតិខ្លួនឯងឡើងវិញ -ប្រទេសកម្ពុជាអាចធ្វើទំនាក់ទំនងជាមួយបណ្ដាប្រទេសនានា.,-ជាថ្ងៃដែលប្រជាជនកម្ពុជាលួចផុតពីការសម្លាប់រង្គានៃរបបខ្មែរក្រហម -ជាថ្ងៃដែលប្រជាជនកម្ពុជាមានសិទ្ធិសេរីភាពពេញលេញរួចផុតពីការគៀបសង្កត់ -ជាថ្ងៃដែលប្រជាជនអាចសម្រេចជោគវាសនាលើប្រទេសខ្លួនឯងដោយផ្ទាល់ -វិជ្ជាជនបានរំដោះវប្បធម៌ជំនឿសាសនាប្រពៃណីទំនៀមទម្លាប់ -ជាថ្ងៃដែលប្រជាជនកម្ពុជាទៅកាន់របបសេរីវិញ -ជាថ្ងៃដែលប្រជាជនកម្ពុជារក្សានៅឯករាជ្យអធិបតេយ្យភាពនិងបូរណៈភាពទឹកដី -ជាថ្ងៃដែលប្រជាជនកម្ពុជារួចផុតពីរបបប្រល័យពូជសាសន៍ខ្មែរក្រហម។,8,8,4,1.0,0.4734313525860813,2,4,2,4
153,ចូរប្រៀបធៀបលក្ខណៈខុសគ្នានៃផ្សិត និងរុក្ខជាតិ។,លក្ខណៈខុសគ្នានៃផ្សិតនិងរុក្ខជាតិ +ផ្សិត  -ផ្សិតបន្តពូជតាមរយៈស្ប៉ -ផ្សិតមិនធ្វើរស្មីសំយោគ -អុីប -វារស់នៅកន្លែងសើម +រុក្ខជាតិ -បន្តពូជដោយគ្រាប់ -វាត្រូវការធ្វើរស្មីសំយោគ -វារស់នៅកន្លែងដែលមានពន្លឺ,ប្រៀបធៀបលក្ខណ:ខុសគ្នារវាងផ្សិតនិងរុក្ខជាតិ  +ផ្សិត -បរជីព -អុីបក្រោមដី -ស្ប៉ +រុក្ខជាតិ -ស្វ័យជីព -គ្រាប់ -ឬស,12,9,3,0.75,0.33934295232248135,1,4,2,5
154,តើគេចែកប្រូទីសជាប៉ុន្មានក្រុម?អ្វីខ្លះ?,ប្រូទីសសត្វចែកជា 4 ក្រុមតាមរបៀបរស់នៅនឹងផ្លាស់ទីរបស់វា  +ប្រូតូសូអ៊ែផ្លាស់ទីដោយជើងបញ្ឆោត: អាមីប +ប្រូតូសូអ៊ែផ្លាស់ទីដោយផ្លាសែល : សាឌីយ៉ា +ប្រូតូសូអ៊ែបន្តពូជតាមរយ:ស្ប៉ :ស្ប៉រ៉ូសូអ៊ែ។,គេបែងចែកប្រូទីសសត្វជា4 ក្រុមដូចជា  - ក្រុមផ្លាស់ទីដោយរោមញ័រ -ក្រុមផ្លាស់ទីដោយប្លាសែល -ក្រុមផ្លាស់ទីដោយជើងបញ្ឆោត -ក្រុមបន្តពូជដោយតាមរយ:ស្ប៉ ។,8,4,2,0.5,0.4089091179234169,2,3,0,1
155,បុព្វហេតុអ្វីខ្លះដែលនាំឲ្យអាណាចក្រចេនឡាបែកបាក់ជាពីរគឺអាណាចក្រចេនឡាដីគោកនិងចេនឡាទឹកលិច?,បុព្វហេតុដែលនាំហើយអាណាចក្រចេនឡាបែកជាពីរគឺ -វិសាលភាពទឹកដីធំទូលាយ -ចម្បាំងអត់ឈប់ឈរ -សមន្ដរដ្ឋបះបោរចង់ផ្ដាច់ខ្លួន -វិបត្តិផ្ទៃក្នុង -ព្រះនាងជ័យទេវីគ្មានសមត្ថភាពគ្រប់គ្រង។,បុព្វហេតុដែលនាំហើយអាណាចក្រចេនឡាបែកជាពីរគឺ -វិសាលភាពទឹកដីធំទូលាយ -ចម្បាំងអត់ឈប់ឈរ -សមន្ដរដ្ឋបះបោរចង់ផ្ដាច់ខ្លួន -វិបត្តិផ្ទៃក្នុង -ព្រះនាងជ័យទេវីគ្មានសមត្ថភាពគ្រប់គ្រង។,7,7,4,1.0,1.0,4,7,0,0
156,តើគេចែកយុគសម័យបុរេប្រវត្តិសាស្ត្រកម្ពុជាជាប៉ុន្មានយុគសម័យ?អ្វីខ្លះ?,គេចែកយុគសម័យបុរេប្រវត្តិសាស្ត្រកម្ពុជាជាបីយុគសម័យគឺ -យុគថ្មបំបែក (600000 - 12000 ឆ្នាំមុនគ.ស) -យុគថ្មរលីងឬសំលៀង (8000 - 2000 ឆ្នាំមុនគ.ស) -យុគលោហៈ(2000-100 ឆ្នាំមុនគ.ស)។,គេចែកយុគសម័យបុរេប្រវត្តិសាស្ត្រកម្ពុជាជាបីយុគសម័យគឺ -យុគថ្មបំបែក (600000 - 12000 ឆ្នាំមុនគ.ស) -យុគថ្មរលីងឬសំលៀង (8000 - 2000 ឆ្នាំមុនគ.ស) -យុគលោហៈ(2000-100 ឆ្នាំមុនគ.ស)។,5,5,4,1.0,1.0,4,5,0,0
157,តើប្រព័ន្ធផលិតកម្មកសិកម្មនៅក្នុងប្រទេសកម្ពុជាមានអ្វីខ្លះ?ចូររៀបរាប់​ ។,ប្រព័ន្ធផលិតកម្មកសិកម្មនៅប្រទេសកម្ពុជាមាន៖    _ ដំណាំ : ដំណាំស្រូវ ដំណាំកៅស៊ូ ដំណាំផ្សេងៗទៀត    _ ការចិញ្ចឹមសត្វ : ការចិញ្ចឹមសត្វលើគោក ការចិញ្ចឹមសត្វក្នុងទឹក    _ ការនេសាទ : ការនេសាទទឹកសាប ការនេសាទទឹកប្រៃ  _ ព្រៃឈើ : ផលិតផលឈើ អនុផលព្រៃឈើ(រកឃ្មុំ ជ័រទឹក វល្លិ៍ ផ្តៅ) សត្វព្រៃ ។,ប្រព័ន្ធផលិតកម្មកសិកម្មនៅប្រទេសកម្ពុជាមានដូចជា -ការនាំចេញនាំចូលផលិតផល -ការធ្វើស្រែចម្ការដំណាំស្រូវ -ការដាំដុះបន្លែបង្ការ -ការនាំចេញផលិតផលនៅក្រៅទៅក្រៅប្រទេស -ការធ្វើអាជីវកម្មក្នុងស្រុកនិងក្រៅស្រុក  -ការធ្វើពាណិជ្ជកម្មការធ្វើសេដ្ឋកិច្ចទីផ្សារដើម្បីឲ្យមានការអភិវឌ្ឍខ្ពស់។,10,8,3,0.8,0.2660066495120482,1,3,2,5
158,តើគេចែកប្រូទីសជាប៉ុន្មានក្រុម?អ្វីខ្លះ?,ប្រូទីសសត្វចែកជា 4 ក្រុមតាមរបៀបរស់នៅនឹងផ្លាស់ទីរបស់វា  +ប្រូតូសូអ៊ែផ្លាស់ទីដោយជើងបញ្ឆោត: អាមីប +ប្រូតូសូអ៊ែផ្លាស់ទីដោយផ្លាសែល : សាឌីយ៉ា +ប្រូតូសូអ៊ែបន្តពូជតាមរយ:ស្ប៉ :ស្ប៉រ៉ូសូអ៊ែ។,ប្រូទីសសត្វចែកជា 4 ក្រុមតាមរបៀបរស់នៅនឹងផ្លាស់ទីរបស់វា  +ប្រូតូសូអ៊ែផ្លាស់ទីដោយជើងបញ្ឆោត: អាមីប +ប្រូតូសូអ៊ែផ្លាស់ទីដោយផ្លាសែល : សាឌីយ៉ា +ប្រូតូសូអ៊ែបន្តពូជតាមរយ:ស្ប៉ :ស្ប៉រ៉ូសូអ៊ែ។,8,5,2,0.625,1.0,4,8,2,3
159,តើអាមីបរស់នៅកន្លែងណា ?វាបង្កជំងឺអ្វី?,អាមីបរស់នៅកន្លែងដូចជាស្ទឹងបឹងអូរត្រពាំងទន្លេទឹកជ្រោះ។ វាបង្កជំងឺដូចជា ជំងឺរាគមួល ធ្វើឲ្យយើងចុកពោះដោយផឹកទឹកមិនស្អាត,អាមីបរស់នៅកន្លែងមិនស្អាតដូចជា ដីភក់ ទឹកកង្វក់ វាអាចរស់នៅក្នុងពោះវៀនមនុស្ស។ ហើយវាអាចបង្កជំងឺរាគរូស។,8,5,2,0.625,0.2989088780451282,1,2,1,3
160,តើកត្តាអ្វីខ្លះដែលធ្វើអោយសម័យអង្គររីកចម្រើនដល់កំពូល?​ ចូលរៀបរាប់។,កត្តាដែលធ្វើអោយសម័យអង្គររីកចម្រើនគឺ: កត្តាព្រះរាជា:ព្រះរាជាចាប់ពីព្រះបាទជ័យវរ្ម័នទី 2 រហូតដល់ព្រះបាទជ័យវរ្ម័នទី 7 សុទ្ធតែជាស្ដេចខ្លាំងពូកែ កត្តានយោបាយ: នយោបាយក្នុងប្រទេសបង្រួបបង្រួមជាតិកសាងនិងការពារទឹកដី នយោបាយក្រៅប្រទេស:ចងសម្ព័ន្ធមិត្តជាមួយប្រទេសធំៗវាយយករដ្ឋតូចដាក់ជាចំណុះ កត្តាសេដ្ឋកិច្ច:រីកចម្រើនលើវិស័យកសិកម្មសិប្បកម្មគណនាគម កត្តាសាសនា:ការឯកភាពគ្នារវាងសាសនាព្រាហ្មនិងព្រះពុទ្ធ កត្តាធនធានមនុស្សបន្សល់ទុកតាំងពីសម័យនគរភ្នំនិងចេនឡាមក។,កត្តាដែលធ្វើអោយសម័យអង្គររីកចម្រើនគឺ: .កត្តាព្រះរាជា:ព្រះរាជាចាប់ពីព្រះបាទជ័យវរ្ម័នទី 2 រហូតដល់ព្រះបាទជ័យវរ្ម័នទី 7 សុទ្ធសឹងតែជាស្ដេចខ្លាំងពូកែ .កត្តានយោបាយ: +នយោបាយក្នុងប្រទេស:បង្រួបបង្រួម​ កសាង និងការពារ។ +នយោបាយក្រៅប្រទេស:ចងសម្ព័ន្ធមិត្តជាមួយប្រទេសធំៗដូចជាចិននិងឥណ្ឌា និងវាយយករដ្ឋតូចដាក់ជាចំណុះ .កត្តាសេដ្ឋកិច្ច:ការរីកចម្រើនលើវិស័យកសិកម្ម សិប្បកម្ម គណនាគមន៍ .កត្តាសាសនា:មានការឯកភាពគ្នារវាងសាសនាព្រាហ្មនិងព្រះពុទ្ធ .កត្តាធនធានមនុស្សបន្សល់ទុកតាំងពីសម័យនគរភ្នំនិងចេនឡាមក។,10,10,4,1.0,0.9273986502678749,4,9,0,1
161,តើឧស្សាហកម្មមានតួនាទីដូចម្ដេចខ្លះចំពោះសេដ្ឋកិច្ចជាតិ?,ឧស្សាហកម្មមាន​តួនាទីចំពោះសេដ្ឋកិច្ចជាតិដូចជា ៖ ​ _ ជួយបង្កើតថវិការជាតិ ​ _ ជួយបង្កើតទិន្នផលជាតិ ​​ _ ជួយឲ្យសេដ្ឋកិច្ចជាតិរីកចម្រើន  _ ប្រជាជនសំបូរធូរធារ  _អភិវឌ្ឍគ្រប់វិស័យ  _ មានទំនាក់ទំនងល្អជាមួយអ្នកជិតខាង  _ មានភាពរុងរឿងនៅក្នុងប្រទេសជាតិ។,ឧស្សាហកម្មមានតួនាទីចំពោះសេដ្ឋកិច្ចដូចជា៖,15,0,0,0.0,0.3156819172270453,1,5,1,5
162,តើអាមីបរស់នៅកន្លែងណា ?វាបង្កជំងឺអ្វី?,អាមីបរស់នៅកន្លែងដូចជាស្ទឹងបឹងអូរត្រពាំងទន្លេទឹកជ្រោះ។ វាបង្កជំងឺដូចជា ជំងឺរាគមួល ធ្វើឲ្យយើងចុកពោះដោយផឹកទឹកមិនស្អាត,អាមីបរស់នៅកន្លែងសើម។វាបង្កជំងឺដូចជា រាគមួល និង ឡើងកន្ទួលក្រហមលើស្បែក។,8,3,2,0.375,0.3807192179117436,2,3,0,0
163,តើអាមីបរស់នៅកន្លែងណា ?វាបង្កជំងឺអ្វី?,អាមីបរស់នៅកន្លែងដូចជាស្ទឹងបឹងអូរត្រពាំងទន្លេទឹកជ្រោះ។ វាបង្កជំងឺដូចជា ជំងឺរាគមួល ធ្វើឲ្យយើងចុកពោះដោយផឹកទឹកមិនស្អាត,អាមីបរស់នៅកន្លែងដែលមិនស្អាតដូចជា ដីភក់ ទឹកកខ្វក់ វាអាចរស់នៅក្នុងពោះវៀនមនុស្សដែលបង្កឲមានជំងឺរាគមួល។,8,6,3,0.75,0.326877768253581,1,3,2,3
164,ហេតុអ្វីបានជាមនុស្សស្រូបយកខ្យល់ដែលមានកាបូនម៉ណូអុកស៊ីតអាចបង្កគ្រោះថ្នាក់ដល់ស្លាប់បាន?,បានជាមនុស្សស្រូបយកខ្យល់ដែលមានកាបូនម៉ូណូអុកស៊ីដអាចបង្កឲ្យមានគ្រោះថ្នាក់ដល់ស្លាប់ បានព្រោះកាបូនម៉ូណូអុកស៊ីដមានសមត្ថភាពចាប់យក ក្នុងឈាមបានខ្លាំងជាងអុកស៊ីសែន វារារាំងឈាមមិនឲ្យដឹកនាំអុកស៊ីសែនទៅចិញ្ចឹមសរីរាង្គជាពិសេសខួរក្បាលដែលបណ្តាលឲ្យ ស្លាប់និង សន្លប់ ។,បានជាមនុស្សស្រូបយកខ្យល់ដែលមានកាបូនម៉ូណូអុកស៊ីដអាចបង្កឲ្យមានគ្រោះថ្នាក់ដល់ស្លាប់ បានព្រោះកាបូនម៉ូណូអុកស៊ីដមានសមត្ថភាពចាប់យក ក្នុងឈាមបានខ្លាំងជាងអុកស៊ីសែន វារារាំងឈាមមិនឲ្យដឹកនាំអុកស៊ីសែនទៅចិញ្ចឹមសរីរាង្គជាពិសេសខួរក្បាលដែលបណ្តាលឲ្យ ស្លាប់និង សន្លប់ ។,5,4,3,0.8,1.0,4,5,1,1
165,តើព្រះអង្គឌួងមានស្នាព្រហស្ថអ្វីខ្លះចំពោះប្រទេសជាតិនិងប្រជារាស្ត្រខ្មែរ?,ព្រះបាទអង្គឌួងមានស្នាព្រហស្តដូចជាផ្នែករដ្ឋបាលរៀបចំប្រព័ន្ធរដ្ឋបាលនិងច្បាប់ទម្លាប់ស្ដារឡើងវិញមានរបៀបផ្នែកសេដ្ឋកិច្ចលើកស្ទួយវិស័យកសិកម្មជួសជុលប្រព័ន្ធ សេះនិងពាណិជ្ជកម្ម ភ្នែកបរទេសស្វែងរកជំនួយពីបារាំងដើម្បីទប់ទល់នឹងការត្រួតត្រាយួននិងសៀម ផ្នែកវប្បធម៌លើកស្ទួយវប្បធម៌អក្សរសាស្ត្រខ្មែរនិង សាសនា កត្តាផ្ទៃក្នុង ការបែកបាក់រាជវង្សានុវង្សបែកបាក់សាមគ្គី។,ព្រះអង្គដួលមានស្នាព្រហស្តចំពោះប្រទេសជាតិនិងប្រជារាស្ត្រខ្មែរ ការពារទឹកដីខ្មែរពីចោរកម្មសៀមនិងយួន ទាក់ទងជាមួយបារាំងដើម្បីការពារប្រទេសកម្ពុជា កសាងក្រុងឧដុង្គកំពង់ផែកំពតកំពង់ផែ ថៃកំពង់ផែហ្វូងកសាងផ្លូវគមនាគមន៍ កសាងវប្បធម៌ខ្មែរវត្តអារាមសាលារៀនសាកលវិទ្យាល័យអក្សរសាស្ត្រគំរាមច្បាប់ស្រី រៀបចំរដ្ឋបាលស្រុកទេសច្បាប់ទម្លាប់ហាមនេសាទត្រីល្មើសច្បាប់ដាក់ទណ្ឌកម្មដល់អ្នកញៀនអាភៀនស្រាល្បែង។,15,15,4,1.0,0.2618269739704206,1,4,3,11
166,ចូររៀបរាប់ពីទំនាក់ទំនងរវាងការដាំដុះ​ អាជីវកម្មព្រៃឈើ និងការនេសាទ។,ទំនាក់ទំនងរវាងការដាំដុះ អាជីវកម្មព្រៃឈើ និងការនេសាទមានដូចជា៖ -ការដាំដុះដោយប្រើជីធម្មជាតិ -ការប្រើប្រាស់ជីគីមី -ដាំដុះនិងធ្វើតាមរដូវ -អាជីវកម្មព្រៃឈើ -ការកាប់បំផ្លាញព្រៃឈើ -ការដុតព្រៃឈើ -ការកាប់ឈើយកទៅធ្វើអាជីវកម្ម +ការនេសាទ -ការនេសាទត្រីពេលត្រីពក -ការនេសាទដោយប្រើអគ្គិសនី -ការនេសាទហួសកម្រិត -ការនេសាទគឺជាមុខរបរប្រចាំថ្ងៃាបស់ប្រជាជន -នឹងជាអាហារប្រចាំថ្ងៃរបស់ប្រជាជន -ការនេសាទធ្វើប្រជាជនមានមុខរបររកស៊ីត្រឹមត្រូវ -ការនេសាទប្រើប្រាស់ឧបករណ៍នេសាទខុសច្បាប់ -ការបំផ្លាញជំរកត្រី -ការបកហូរទឹកចេញពី,រៀបរាប់ពីទំនាក់ទំនងនៃការដាំដុះ អាជីវកម្មព្រៃឈើ និងការនេសាទគឺប្រទេសកម្ពុជាមានការដាំដំណាំបានល្អមាន ជីវជាតិងាយស្រួលធ្វើកសិកម្មដំណាំផ្សេងៗសម្បូរទៅធម្មជាតិនិងដើមជួយជាច្រើនដែលនឹងប្រទេសកម្ពុជាយើង ព្រោះប្រទេសកម្ពុជាសម្បូរប្រព័ន្ធផ្លូវទេកនិងដីខ្ពង់រាបទាបៗហើយការនេសាទមិនទាន់មានការរីកចម្រើនទេដោយ ការចិញ្ចឹមត្រីមច្ឆាជាតិមិនទាន់មានការអភិវឌ្ឍនៅឡើយទេ។,15,5,1,0.3333333333333333,0.3319423504419166,1,5,0,0
167,តើអាមីបរស់នៅកន្លែងណា ?វាបង្កជំងឺអ្វី?,អាមីបរស់នៅកន្លែងដូចជាស្ទឹងបឹងអូរត្រពាំងទន្លេទឹកជ្រោះ។ វាបង្កជំងឺដូចជា ជំងឺរាគមួល ធ្វើឲ្យយើងចុកពោះដោយផឹកទឹកមិនស្អាត,អាមីបរស់នៅកន្លែងមិនស្អាតដូចជា ដីភក់ ទឹកកង្វក់ វាអាចរស់នៅក្នុងពោះវៀនមនុស្ស។ ហើយវាអាចបង្កជំងឺរាគរូស។,8,7,4,0.875,0.2989088780451282,1,2,3,5
168,តើឧស្សាហកម្មមានអ្នកតួនាទីចំពោះសេដ្ឋកិច្ចយ៉ាងដូចម្ដេច?,ឧស្សាហកម្មមានតួនាទីសម្រាប់សេដ្ឋកិច្ចជាតិដូចជា -ជួយបង្កើតប្រាក់ចំណូលចូលជាតិ -បង្កើតការងារដល់ប្រជាជន -បង្កើតប្រាក់ចំណូលចូលក្នុងគ្រួសារ -ប្រជាជនមានជីវភាពធូរធារ -ជួយរក្សាជញ្ជីងពាណិជ្ជកម្ម -ជួយបង្កើតទិន្នផលសម្រាប់ការនាំចេញនាំចូល -បង្កើននូវសង្ឃភារៈសម្រាប់ប្រើប្រាស់។,ឧស្សាហកម្មមានតួនាទីចំពោះសេដ្ឋកិច្ចដូចជា -ជួយធ្វើឲ្យប្រជាជនមានការងារធ្វើច្រើន -ជួយធ្វើឲ្យប្រទេសមកវិនិយោគក្នុងប្រទេស -ជួយប្រទេសអភិវឌ្ឍន៍បានយ៉ាងឆាប់រហ័ស -ជួយធ្វើឲ្យផលដែលប្រមូលពីកសិកម្មមានទីផ្សារ -ជួយធ្វើឱ្យប្រជាជនងើបពីភាពក្រីក្រ -ជួយធ្វើឲ្យសេដ្ឋកិច្ចជាតិមានភាពរីកចម្រើន។,15,15,4,1.0,0.22469821845321064,1,3,3,12
169,ចូររៀបរាប់ពីទំនាក់ទំនងរវាងការដាំដុះ​ អាជីវកម្មព្រៃឈើ និងការនេសាទ។,ទំនាក់ទំនងរវាងការដាំដុះ អាជីវកម្មព្រៃឈើ និងការនេសាទមានដូចជា៖ -ការដាំដុះដោយប្រើជីធម្មជាតិ -ការប្រើប្រាស់ជីគីមី -ដាំដុះនិងធ្វើតាមរដូវ -អាជីវកម្មព្រៃឈើ -ការកាប់បំផ្លាញព្រៃឈើ -ការដុតព្រៃឈើ -ការកាប់ឈើយកទៅធ្វើអាជីវកម្ម +ការនេសាទ -ការនេសាទត្រីពេលត្រីពក -ការនេសាទដោយប្រើអគ្គិសនី -ការនេសាទហួសកម្រិត -ការនេសាទគឺជាមុខរបរប្រចាំថ្ងៃាបស់ប្រជាជន -នឹងជាអាហារប្រចាំថ្ងៃរបស់ប្រជាជន -ការនេសាទធ្វើប្រជាជនមានមុខរបររកស៊ីត្រឹមត្រូវ -ការនេសាទប្រើប្រាស់ឧបករណ៍នេសាទខុសច្បាប់ -ការបំផ្លាញជំរកត្រី -ការបកហូរទឹកចេញពី,រៀបរាប់ពីទំនាក់ទំនងនៃការដាំដុះ អាជីវកម្មព្រៃឈើ និងការនេសាទ៖ -ការដាំដុះមានការទទួលបានទិន្នន័យទៅតាមរដូវផ្សេងៗជួនទទួកបានតិចជួនទទួលបានច្រើន វាអាស្រ័យទៅតាមរដូវទាមទារឲ្យបាន ការថែទាំជានឿយៗ ហើយក៏មានផលពិបាកខ្លះដែរ។ -អាជីវកម្មព្រៃឈើ ការធ្វើអាជីវកម្មព្រៃឈើអាចធ្វើឲ្យ​បាត់បង់ព្រៃឈើមួយដ៏ធំនៅក្នុងប្រទេស។ អាជីវកម្មនេះបានធ្វើឲ្យបាត់បង់នូវ ជម្រកសត្វព្រៃអាចធ្វើឲ្យងាយជួបគ្រោះផ្សេងៗដែលនិងកើតឡើងប្រសិនបើការធ្វើអាជីវកម្មព្រៃឈើហួសហេតុពេក។ -ការនេសាទៈការនេសាទអាចជួយចិញ្ចឹមមនុស្ស។,15,2,1,0.13333333333333333,0.44710753656914864,2,7,1,5
170,ហេតុអ្វីបានជាផ្នែកឯកជនជាកម្លាំងដ៏សំខាន់សម្រាប់វិនិយោគនិងធ្វើឲ្យមានកំណើនសេដ្ឋកិច្ចក្នុងប្រទេស?,បានជាផ្នែកឯកជនជាកម្លាំងដ៏សំខាន់សម្រាប់វិនិយោគនិងធ្វើឲ្យមានកំណើនសេដ្ឋកិច្ចក្នុងប្រទេស ព្រោះប្រទេសកម្ពុជាជាប្រទេសអភិវឌ្ឍន៍ សេដ្ឋកិច្ចទីផ្សារដោយបានធ្វើកំណែទម្រង់សហគ្រាសឧស្សាហកម្មឲ្យក្លាយទៅជាកម្មសិទ្ធិឯកជន ។ សេដ្ឋកិច្ចទីផ្សារសេរីនេះនាំឲ្យអ្នករកស៊ីបរទេសចូលចិត្តមកវិនិយោគ ហើយកាលណាផ្នែកឯកជនរឹងមាំមកវិនិយោគ ហើយកាលណាផ្នែកឯកជនមិនរឹងមាំអាចបំពេញបន្ថែមវិនិយោគនិងវិស័យសង្គមកិច្ចមានន័យថាវិស័យឯកជនស្រូបយកកម្លាំងការងារកាន់តែកើនឡើង។,ព្រោះវិស័យឯកជនជាក្បាលម៉ាស៊ីនសំខាន់សម្រាប់វិនិយោគនិងធ្វើឱ្យមានកំណើនសេដ្ឋកិច្ចក្នុងប្រទេសព្រោះ៖ -មិនបាច់ទៅការការដឹកនាំរបស់រដ្ឋ -មិនមិនមានការ សង្កេតពីរដ្ឋ  -ចំណេញប្រាក់ច្រើន -ងាយស្រួលនាំចេញនាំចូល -មានការគាំទ្រពីរដ្ឋ -ងាយស្រួលរកស៊ីរាក់វិនិយោគនៅក្រៅប្រទេសចូលចិត្តមកវិនិយោគ -ងាយស្រួលរកឯកសារ,15,6,2,0.4,0.36088891210824475,1,5,1,1
171,ហេតុអ្វីបានជាមនុស្សស្រូបយកខ្យល់ដែលមានកាបូនម៉ណូអុកស៊ីតអាចបង្កគ្រោះថ្នាក់ដល់ស្លាប់បាន?,បានជាមនុស្សស្រូបយកខ្យល់ដែលមានកាបូនម៉ូណូអុកស៊ីដអាចបង្កឲ្យមានគ្រោះថ្នាក់ដល់ស្លាប់ បានព្រោះកាបូនម៉ូណូអុកស៊ីដមានសមត្ថភាពចាប់យក ក្នុងឈាមបានខ្លាំងជាងអុកស៊ីសែន វារារាំងឈាមមិនឲ្យដឹកនាំអុកស៊ីសែនទៅចិញ្ចឹមសរីរាង្គជាពិសេសខួរក្បាលដែលបណ្តាលឲ្យ ស្លាប់និង សន្លប់ ។,បានជាមនុស្សស្រូបយកខ្យល់ដែលមាន កាបូនម៉ូណូអុកស៊ីដអាចបង្កគ្រោះថ្នាក់ដល់ស្លាប់បានព្រោះ វាជាខ្យល់ពុលដែលមានពោរពេញដោយបរិយាកាសជុំវិញខ្លួន ។,5,2,2,0.4,0.5146551740393446,2,3,0,1
172,ហេតុអ្វីបានជាប្រទេសកម្ពុជាពឹងផ្អែកទៅលើវិស័យកសិកម្ម?,បានជាផ្នែកឯកជនជាកម្លាំងដ៏សំខាន់សម្រាប់កំណើនសេដ្ឋកិច្ចកម្ពុជាព្រោះ -កម្ពុជាបានអនុវត្តសេដ្ឋកិច្ចទីផ្សារសេរីដោយបានធ្វើកំណែទម្រង់ពីសហគ្រាសរដ្ឋឲ្យក្លាយទៅជាកម្មសិទ្ធិឯកជន -សេដ្ឋកិច្ចទីផ្សារសេរីនាំឲ្យអ្នករកស៊ីចូលចិត្តមករកស៊ីនិងដាក់វិនិយោគទុន -កាលណាភ្នែកឯកជនរឹងមាំអាចជួយបំពេញបន្ថែមលើវិនិយោគសាធារណៈក្នុងវិស័យសេដ្ឋកិច្ចគឺផ្នែកឯកជនអាចស្រូបយកកម្លាំងពលកម្មកើនឡើង។,បានជាផ្នែកឯកជនជាកម្លាំងដ៏សំខាន់សម្រាប់វិនិយោគនិងធ្វើឲ្យមានកំណើនសេដ្ឋកិច្ចក្នុងប្រទេសព្រោះប្រទេសកម្ពុជាអនុវត្តសេដ្ឋកិច្ចទីផ្សារដើម្បីឲ្យបរទេសមកវិនិយោគទុនដែលនាំឲ្យប្រទេសក្លាយជាកម្មសិទ្ធិឯកជនដូច្នេះប្រសិនប្រទេសយើងមានការរីកចម្រើសផ្នែកឧស្សាហកម្មនោះប្រទេសយើងនិងមានជម្រើសបុគ្គលិកនិងកម្មករជាច្រើន។,15,10,3,0.6666666666666666,0.44577010189958854,2,7,1,3
173,តើកត្តាអ្វីខ្លះដែលបណ្ដាលឲ្យសៀមវាយបែកបន្ទាយលង្វែក?,កត្តាដែលបណ្ដាលឲ្យសៀមវាយបន្ទាយលង្វែកព្រះរាជាព្រះសត្ថាទីមួយឆោតល្ងង់ទៅជួយរំដោះក្រុងឰយុធ្យារបស់សៀមមកពីការត្រួតត្រាភូមាសៀមរមិលគុណប្រើល្បិចបញ្ជូនសល់ពីរអង្គ យកការវិបត្តិផ្ទៃក្នុងជាជួរជលសារលោករវល់ នាដើមម៉ឺនមន្ត្រីប្រជារាស្ត្រមិនពេញចិត្តដែលតែងទៅកូនអាយុដប់មួយវស្សា ឲ្យកូនរៀននៅ ក្នុងនាម មហាឧបរាជ ធ្វើឲ្យប្រជារាស្ត្របាត់បង់ស្មារតីប្រយុទ្ធប្រជារាស្ត្រខ្មែរក្រីក្រឆោតល្ងង់ចង់បានប្រាក់ដួលក៏នាំគ្នាកាប់ឆ្ការគុម្ពឫស្សីដែលជារបងការពារបន្ទាយលង្វែកដ៏រឹងមាំ រីប្រទេសខ្មែរហាក់បីដូចជាបាត់បង់សាមគ្គីដូចជាស្ថានីយមួយនាំកូនទាំងពីររត់ភៀសខ្លួនទៅប្រទេសឡាវមិនគិតពីប្រជារាស្ត្រនាំឲ្យប្រជាជន អស់ជំនឿ,កត្តាដែលបណ្ដាលឲ្យសៀមវាយបន្ទាយលង្វែកព្រះរាជាព្រះសត្ថាទីមួយឆោតល្ងង់ទៅជួយរំដោះក្រុងឰយុធ្យារបស់សៀមមកពីការត្រួតត្រាភូមាសៀមរមិលគុណប្រើល្បិចបញ្ជូនសល់ពីរអង្គ យកការវិបត្តិផ្ទៃក្នុងជាជួរជលសារលោករវល់ នាដើមម៉ឺនមន្ត្រីប្រជារាស្ត្រមិនពេញចិត្តដែលតែងទៅកូនអាយុដប់មួយវស្សា ឲ្យកូនរៀននៅ ក្នុងនាម មហាឧបរាជ ធ្វើឲ្យប្រជារាស្ត្របាត់បង់ស្មារតីប្រយុទ្ធប្រជារាស្ត្រខ្មែរក្រីក្រឆោតល្ងង់ចង់បានប្រាក់ដួលក៏នាំគ្នាកាប់ឆ្ការគុម្ពឫស្សីដែលជារបងការពារបន្ទាយលង្វែកដ៏រឹងមាំ រីប្រទេសខ្មែរហាក់បីដូចជាបាត់បង់សាមគ្គីដូចជាស្ថានីយមួយនាំកូនទាំងពីររត់ភៀសខ្លួនទៅប្រទេសឡាវមិនគិតពីប្រជារាស្ត្រនាំឲ្យប្រជាជន អស់ជំនឿ,10,9,4,0.9,0.9999999999999996,4,10,0,1
174,តើប្រព័ន្ធផលិតកម្មកសិកម្មនៅប្រទេសកម្ពុជាមានអ្វីខ្លះ?,ប្រព័ន្ធផលិតកម្មកសិកម្មនៅកម្ពុជាមានដូចជាដំណាំដំណាំស្រូវនិងកៅស៊ូដឹកនាំផ្សេងៗទៀតការចិញ្ចឹមសត្វបានចិញ្ចឹមសត្វលើគោកការចិញ្ចឹមសត្វក្នុងទឹកការនេសាទការនេសាទទឹកសាបការនេសាទទឹកប្រៃ  ព្រៃឈើអនុផលព្រៃឈើរកឃ្មុំជ័រទឹកក្តៅសត្វព្រៃ,ប្រព័ន្ធផលិតកម្មកសិកម្មនៅប្រទេសកម្ពុជាមាន +ដំណាំ -ដំណាំស្រូវ -ដំណឹងកៅស៊ូ -ដំណាំផ្សេងៗទៀត។ +ការចិញ្ចឹមសត្វ -ការចិញ្ចឹមសត្វលើគោក -ការចិញ្ចឹមសត្វក្នុងទឹក +ការនេសាទ -ការនេសាទទឹកសាប -ការនេសាទទឹកប្រៃ។,15,7,2,0.4666666666666667,0.6996028825678228,3,10,1,3
175,តើការស្ថិតនៅក្រៅសារពាង្គកាយនៃពងស្វាសមានសារៈសំខាន់ដូចម្តេច?,ការស្ថិតនៅក្រោមសារពាង្គកាយនៃពងស្វាសមានសារៈសំខាន់ដូចជាដើម្បីរក្សាសីតុណ្ហភាពឲ្យ ទាបជាងសីតុណ្ហភាពក្នុងខ្លួន ប្រហែលពី(2-3)សីតុណ្ហភាពក្នុងខ្លួន37 ។,ការស្ថិតនៅក្រោមសារពាង្គកាយនៃពងស្វាសមានសារៈសំខាន់ក្នុងការផលិតអរម៉ូនភេទឈ្មោលនិង បង្កើតស្ពែម៉ាតូសូអ៊ីត ។,10,3,1,0.3,0.28458921400642256,1,3,0,0
176,តើកត្តាអ្វីខ្លះដែលធ្វើអោយសម័យអង្គររីកចម្រើនដល់កំពូល?​ ចូលរៀបរាប់។,កត្តាដែលធ្វើអោយសម័យអង្គររីកចម្រើនគឺ: កត្តាព្រះរាជា:ព្រះរាជាចាប់ពីព្រះបាទជ័យវរ្ម័នទី 2 រហូតដល់ព្រះបាទជ័យវរ្ម័នទី 7 សុទ្ធតែជាស្ដេចខ្លាំងពូកែ កត្តានយោបាយ: នយោបាយក្នុងប្រទេសបង្រួបបង្រួមជាតិកសាងនិងការពារទឹកដី នយោបាយក្រៅប្រទេស:ចងសម្ព័ន្ធមិត្តជាមួយប្រទេសធំៗវាយយករដ្ឋតូចដាក់ជាចំណុះ កត្តាសេដ្ឋកិច្ច:រីកចម្រើនលើវិស័យកសិកម្មសិប្បកម្មគណនាគម កត្តាសាសនា:ការឯកភាពគ្នារវាងសាសនាព្រាហ្មនិងព្រះពុទ្ធ កត្តាធនធានមនុស្សបន្សល់ទុកតាំងពីសម័យនគរភ្នំនិងចេនឡាមក។,កត្តាដែលធ្វើអោយសម័យអង្គររីកចម្រើនគឺ: កត្តាព្រះរាជា:ព្រះរាជាចាប់ពីព្រះបាទជ័យវរ្ម័នទី 2 រហូតដល់ព្រះបាទជ័យវរ្ម័នទី 7 សុទ្ធសឹងតែជាស្ដេចខ្លាំងពូកែ កត្តានយោបាយ: នយោបាយក្នុងប្រទេសបង្រួបបង្រួមជាតិកសាងនិងការពារទឹកដី នយោបាយក្រៅប្រទេស:ចងសម្ព័ន្ធមិត្តជាមួយប្រទេសធំៗវាយយករដ្ឋតូចដាក់ជាចំណុះ,10,5,2,0.5,0.8482496152534896,3,8,1,3
177,តើកម្ពុជាមានបេតិកភណ្ឌអ្វីខ្លះ ដែលបានចុះបញ្ជីបេតិកភណ្ឌរូបី និង អរូបីពិភពលោករបស់អង្គការយូ ណេស្កូ? ចូររៀបរាប់ឲ្យបានប្រាំ។,បេតិកភណ្ឌរូបិយនិងអរូបិយមានដូចជា -ប្រាសាទព្រះវិហារ -ប្រាសាទអង្គវត្ត -ប្រាសាតសម្បូរព្រៃគុក -ប្រាសាទកោះកេរ្ត៍ -របាំព្រះរាជទ្រព្យ -ល្ខោនខោល -ល្បែងប្រជាប្រិយ។,បេតិកភណ្ឌរូបិយនិងអរូបិយមានដូចជា -ប្រាសាទព្រះវិហារ -ប្រាសាទអង្គវត្ត -ប្រាសាតសម្បូរព្រៃគុក -ប្រាសាទកោះកេរ្ត៍ -របាំព្រះរាជទ្រព្យ -ល្ខោនខោល -ល្បែងប្រជាប្រិយ។,5,5,4,1.0,1.0,4,5,0,0
178,តើសង្គមខ្មែរនៅសម័យអង្គរមានប៉ុន្មានវណ្ណៈ? វណ្ណៈអ្វីខ្លះ? ចូលរៀបរាប់។,សង្គមខ្មែរនៅសម័យអង្គរមានប្រាំវណ្ណៈគឺ -វណ្ណៈក្សត្រឬរាជវង្សនុវង្ស (ជាស្ដេចគ្រប់គ្រងប្រទេស -វណ្ណៈមន្ត្រី (អ្នករស់នៅក្នុងរាជវាំងបម្រើស្ដេច) -វណ្ណៈព្រាហ្ម៍ឬបុព្វជិត​(គឺជាអ្នកបួស) -វណ្ណៈអ្នកជាឬកសិករ (អ្នករស់នៅនឹងធ្វើស្រែចម្ការ) -វណ្ណៈអ្នកងារឬទាសករ(ទាសករបម្រើគេតកូនតចៅ)។,សង្គមខ្មែរនៅសម័យអង្គរមានប្រាំវណ្ណៈគឺ -វណ្ណៈមហាក្សត្រ -វណ្ណៈមន្ត្រី -វណ្ណៈព្រះសង្ឃនិងព្រះព្រារណ៍ -វណ្ណៈអ្នកជា -វណ្ណៈទាសករ។,10,3,1,0.3,0.6817580487397865,3,7,2,4
179,តើព្រះអង្គឌួងមានស្នាព្រហស្ថអ្វីខ្លះចំពោះប្រទេសជាតិនិងប្រជារាស្ត្រខ្មែរ?,ព្រះបាទអង្គឌួងមានស្នាព្រហស្តដូចជាផ្នែករដ្ឋបាលរៀបចំប្រព័ន្ធរដ្ឋបាលនិងច្បាប់ទម្លាប់ស្ដារឡើងវិញមានរបៀបផ្នែកសេដ្ឋកិច្ចលើកស្ទួយវិស័យកសិកម្មជួសជុលប្រព័ន្ធ សេះនិងពាណិជ្ជកម្ម ភ្នែកបរទេសស្វែងរកជំនួយពីបារាំងដើម្បីទប់ទល់នឹងការត្រួតត្រាយួននិងសៀម ផ្នែកវប្បធម៌លើកស្ទួយវប្បធម៌អក្សរសាស្ត្រខ្មែរនិង សាសនា កត្តាផ្ទៃក្នុង ការបែកបាក់រាជវង្សានុវង្សបែកបាក់សាមគ្គី។,ព្រះបាទអង្គឌួងមានស្នាព្រហស្តដូចជាការពារទឹកដីខ្មែរពីចូលសៀមនិងយួនទាក់ទងជាមួយបារាំងដើម្បីការពារប្រទេសខ្មែរ កសាងក្រុងឧដុង្គកំពង់ដែនកំពតកំពង់ហ្លូង កសាងគមនាគមន៍កសាងវប្បធម៌ខ្មែរវត្តអារាមសាលារៀនសាកលវិទ្យាល័យអក្សរសាស្ត្រ អក្សរសាស្ត្រកំណាព្យ ច្បាប់ស្រី។,15,15,4,1.0,0.2867171317492308,1,4,3,11
180,តើប្រទេសកម្ពុជាចូលជាសមាជិក សហគមន៍អាស៊ីអាគ្នេយ៍ទទួលផលវិជ្ជមាននិងអវិជ្ជមានដូចម្តេចខ្លះ?,ពណ៌នាពីពីការអភិវឌ្ឍសេដ្ឋកិច្ច សង្គម នៅកម្ពុជាពីឆ្នាំ១៩៩៣ មកទល់សព្វថ្ងៃ .វិស័យសេដ្ឋកិច្ច:  +សេដ្ឋកិច្ចកម្ពុជាមានការរីកចម្រើនឡើងជាបន្តបន្ទាប់ដែលធ្វើឲ្យប្រទេសកម្ពុជាមានជីវភាពល្អប្រសើរ។ +កសិកម្មរីកចម្រើនខាងដាំដំណាំស្រូវទទួលបានទិន្នផលខ្ពស់ជាបន្តបន្ទាប់ +ឧស្សាហកម្មមានតំណាងរោងចក្រច្រើនកន្លែងនិងលើកឡើងនៅសហគ្រឿងធំៗដែលបានផ្ដល់ចំណូលដល់ប្រជាពលរដ្ឋ +ពាណិជ្ជកម្មកាលនាំចូលមកក្នុងប្រទេសនិងមានវិនិយោគក្នុងប្រទេស +គមនាគមន៍កសាងស្ពានផ្លូវថ្នល់អាកាសយានដ្ឋានផ្គត់ផ្គង់ប្រព័ន្ធទឹកពីទីក្រុងដល់ជនបទ កំពុងផែ +ហិរញ្ញវត្ថុមានស្ថេរភាពក្នុងអត្រាប្ដូរប្រាក់ +ធនាគារលើកឡើងនៅធនាគារជាតិហ្នឹងឯកជនជាច្រើន .វិស័យសង្គម +ការអប់រំសិក្សា បង្កើតសាលារៀនគ្រប់កម្រិតពីមត្តីរហូតដល់ឧត្តមសិក្សាបណ្ដុះបណ្ដាលធនធានមនុស្សនិងបញ្ជូននិស្សិតឲ្យទៅរៀននៅក្រៅប្រទេស។ +វប្បធម៌អរិយធម៌ ស្ដារវប្បធម៌ឡើងវិញនិងដាក់បញ្ចូលជាសម្បត្តិបេតិកភណ្ឌពិភពលោកចាប់ផ្ដើមប្រជាជនមានសិទ្ធិជឿលើសាសនា។ +សុខាភិបាលបង្កើតឲ្យមានមន្ទីរពេទ្យលោកសុខភាពនិងឱសថសាស្ត្រ +សិល្បៈបង្កើតឲ្យមានសាលាសាកលវិទ្យាល័យសិល្បៈ.,ផលវិជ្ជមាន.[នយោបាយ]  -ទាក់ទាញអ្នកវិនិយោគទុន -ងាយស្រួលក្នុងការធ្វើពាណិជ្ជកម្ម -បង្កើតការងារដល់ប្រជាជនក្នុងស្រុកកាត់បន្ថយ -បង្កើតភ្ញៀវទេសចរណ៍ចូលមកលេង.[សេដ្ឋកិច្ច]  -ចូលប្រធានសហការដែលជាប្រទេសកម្ពុជា +ផលអវិជ្ជមាន,10,5,2,0.5,0.18588751573430948,1,2,1,3
181,តើគេចែកយុគសម័យបុរេប្រវត្តិសាស្ត្រកម្ពុជាជាប៉ុន្មានយុគសម័យ?អ្វីខ្លះ?,គេចែកយុគសម័យបុរេប្រវត្តិសាស្ត្រកម្ពុជាជាបីយុគសម័យគឺ -យុគថ្មបំបែក (600000 - 12000 ឆ្នាំមុនគ.ស) -យុគថ្មរលីងឬសំលៀង (8000 - 2000 ឆ្នាំមុនគ.ស) -យុគលោហៈ(2000-100 ឆ្នាំមុនគ.ស)។,គេចែកយុគសម័យបុរេប្រវត្តិសាស្ត្រកម្ពុជាជាបីយុគសម័យគឺ -យុគថ្មបំបែក -យុគថ្មរំលីងឬសំលៀង -យុគលោហៈ។,5,3,2,0.6,0.5711815587277663,2,3,0,0
182,តើសេដ្ឋកិច្ចកម្ពុជាពឹងផ្អែកលើវិស័យអ្វីជាសំខាន់?     ក/ ហេតុអ្វីបានជាគេនិយាយថាកម្ពុជាជាប្រទេសកសិកម្ម?     ខ/ តើគេចែកកសិករជាប៉ុន្មានប្រភេទ?អ្វីខ្លះ?,សេដ្ឋកិច្ចកម្ពុជាពឹងផ្អែកលើវិស័យកសិកម្មជាសំខាន់។   ក/ បានជាគេនិយាយថាកម្ពុជាជាប្រទេសឧស្សាហកម្មព្រោះ៖  _  សណ្ឋានដី : ដីមានជីវជាតិល្អនិងសម្បូរទំនាបល្បាប់   _ ផ្លូវទឹក : ផ្លូវទឹកខ្វាត់ខ្វែងងាយស្រួលដល់ការដាំដុះ  _ ប្រជាជន : ប្រជាជនខ្មែរភាគច្រើនចូលចិត្តធ្វើកសិកម្ម  _ អាកាសធាតុ : ទទួលអាកាសធាតុក្តៅសើម  _ កសិកម្មផ្តល់ផល50%នៃផលិតផលជាតិសរុប។  ខ/ គេចែកកសិករទាំងនោះជា4ប្រភេទគឺ៖  _ កសិករធ្វើស្រែឬអ្នកស្រែ : និយមធ្វើស្រែ ស្រូវប្រាំង ស្រូវវស្សា ស្រូវឡើងទឹក  _ កសិករតំបន់ដីខ្ពស់ : គេដាំដំណាំជាអចិន្ត្រៃយ៍(ពោត ដំឡូង ចេក កៅស៊ូសណ្តែក)  _ កសិករធ្វើចម្ការដំណាំស្រូវ : គេដាំដំណាំតាមមាត់ទន្លេ ចិញ្ចឹមសត្វនិងនេសាទ  _ កសិករភូមិភាគឦសាន: គេធ្វើដំណាំព្រៃដុតមានដូចជាពោត ដំឡូង ស្រូវរុក្ខជាតិយកមើមដទៃទៀត និងបរបាញ់សត្វផងដែរ។,សេដ្ឋកិច្ចកម្ពុជាពឹងផ្អែកលើវិស័យកសិកម្មសំខាន់ៗចំនួន ៥ រួមមាន៖  • វិស័យឧស្សាហកម្ម  • វិស័យកសិកម្ម  • វិស័យពាណិជ្ជកម្ម  • វិស័យទេសចរណ៍  • វិស័យអប់រំរដ្ឋបាល ។ ក. បានជាគេនិយាយថា កម្ពុជាជាប្រទេសកសិកម្មព្រោះ៖  • ប្រទេសកម្ពុជាមានផ្ទៃដីដាំដុះធ្វើកសិកម្ម  • ប្រជាជនភាគច្រើនជាកសិករ  • ប្រទេសកម្ពុជាសំបូរដីមានជីជាតិសម្រាប់ធ្វើកសិកម្ម រួមមានដីល្បាប់ និងដីកសិកម្ម  • ការចិញ្ចឹមសត្វ និងការនេសាទ  • មានធនធានទឹកសាប  • និងមានដីទំនាប និងខ្ពង់រាបសម្រាប់ឱ្យប្រជាជនធ្វើកសិកម្ម ។ ខ. ភូមិភាគកសិកម្មទាំង ៤ រួមមាន៖  • កសិកម្មភូមិភាគជុំវិញបឹងទន្លេសាប៖ ធ្វើកសិកម្មរកប្រាក់ចំណូល និងចិញ្ចឹមសត្វ និងនេសាទព្រមទាំងមានផ្ទៃដីធំទូលាយ ទឹកសំបូរ ភាគច្រើនគេដាំស្រូវនៅតំបន់ទំនាប។  • កសិកម្មនៅតំបន់ខ្ពង់រាប៖ ជាប្រភេទដីដែលស្ថិតនៅតាមតំបន់ភ្នំ ខ្ពង់រាបសម្រាប់ដាំដំណាំកៅស៊ូ ហើយប្រជាជនមានវិសាលភាពប្រាក់ចំណូលក្នុងតំបន់ទំនាបដែរ។  • កសិកម្មភូមិភាគមាត់សមុទ្រ៖ ជាប្រភពដាំដុះរបស់ប្រជាជនកសិករ  • កសិកម្មភូមិភាគកណ្តាល៖ ជាកសិករ,20,15,3,0.75,0.36465998264776,1,7,2,8
183,តើសេដ្ឋកិច្ចកម្ពុជាពឹងផ្អែកលើវិស័យអ្វីជាសំខាន់?     ក/ ហេតុអ្វីបានជាគេនិយាយថាកម្ពុជាជាប្រទេសកសិកម្ម?     ខ/ តើគេចែកកសិករជាប៉ុន្មានប្រភេទ?អ្វីខ្លះ?,សេដ្ឋកិច្ចកម្ពុជាពឹងផ្អែកលើវិស័យកសិកម្មជាសំខាន់។   ក/ បានជាគេនិយាយថាកម្ពុជាជាប្រទេសឧស្សាហកម្មព្រោះ៖  _  សណ្ឋានដី : ដីមានជីវជាតិល្អនិងសម្បូរទំនាបល្បាប់   _ ផ្លូវទឹក : ផ្លូវទឹកខ្វាត់ខ្វែងងាយស្រួលដល់ការដាំដុះ  _ ប្រជាជន : ប្រជាជនខ្មែរភាគច្រើនចូលចិត្តធ្វើកសិកម្ម  _ អាកាសធាតុ : ទទួលអាកាសធាតុក្តៅសើម  _ កសិកម្មផ្តល់ផល50%នៃផលិតផលជាតិសរុប។  ខ/ គេចែកកសិករទាំងនោះជា4ប្រភេទគឺ៖  _ កសិករធ្វើស្រែឬអ្នកស្រែ : និយមធ្វើស្រែ ស្រូវប្រាំង ស្រូវវស្សា ស្រូវឡើងទឹក  _ កសិករតំបន់ដីខ្ពស់ : គេដាំដំណាំជាអចិន្ត្រៃយ៍(ពោត ដំឡូង ចេក កៅស៊ូសណ្តែក)  _ កសិករធ្វើចម្ការដំណាំស្រូវ : គេដាំដំណាំតាមមាត់ទន្លេ ចិញ្ចឹមសត្វនិងនេសាទ  _ កសិករភូមិភាគឦសាន: គេធ្វើដំណាំព្រៃដុតមានដូចជាពោត ដំឡូង ស្រូវរុក្ខជាតិយកមើមដទៃទៀត និងបរបាញ់សត្វផងដែរ។,សេដ្ឋកិច្ចជាតិផ្អែកលើវិស័យកសិកម្មជាសំខាន់ព្រោះវិស័យនេះសំខាន់ដល់ជាតិដូចជា៖ -បានជានិយាយថាកម្ពុជាជាប្រទេសកម្មកសិកម្មព្រោះកម្ពុជាស្ថិតនៅក្នុងតំបន់ត្រូពិកដែលមានអាកាសធាតុក្តៅហើយសើមទទួលនូវរបបខ្យល់មូសុងមានភ្លៀងធ្លាក់ច្រើននោះមានកម្ដៅគ្រប់គ្រាន់សម្រាប់ដាំដុះចិញ្ចឹមសត្វព្រៃឈើ  -គេចែកកសិករ3ទាំងនោះជាដីប្រភេទ -កសិករគ្រប់ផលិតផលស្រូវអ្នកស្រែមានចំនួនច្រើនជាងគេ ធ្វើស្រូវ -កសិករនៅតំបន់ខ្ពស់:ពួកគេនេះយកមកដាំដំណាំអចិន្ត្រៃយ៍នៅតាមរដូវដូចជាសណ្តែកពោតសត្វខ្លះទៀតចេញ សត្វ។,20,2,0,0.1,0.4381195147021417,2,9,2,7
184,តើប្រព័ន្ធផលិតកម្មកសិកម្មនៅក្នុងប្រទេសកម្ពុជាមានអ្វីខ្លះ?ចូររៀបរាប់​ ។,ប្រព័ន្ធផលិតកម្មកសិកម្មនៅប្រទេសកម្ពុជាមាន៖    _ ដំណាំ : ដំណាំស្រូវ ដំណាំកៅស៊ូ ដំណាំផ្សេងៗទៀត    _ ការចិញ្ចឹមសត្វ : ការចិញ្ចឹមសត្វលើគោក ការចិញ្ចឹមសត្វក្នុងទឹក    _ ការនេសាទ : ការនេសាទទឹកសាប ការនេសាទទឹកប្រៃ  _ ព្រៃឈើ : ផលិតផលឈើ អនុផលព្រៃឈើ(រកឃ្មុំ ជ័រទឹក វល្លិ៍ ផ្តៅ) សត្វព្រៃ ។,ប្រព័ន្ធផលិតកម្មកសិកម្មនៅប្រទេសកម្ពុជាមាន៖  _ កសិកម្ម = គឺជាការដាំដុះ ការចិញ្ចឹមសត្វ ការនេសាទ ការដាំដុះ និងផលអនុផលព្រៃឈើ ។ _ ឧស្សាហកម្ម = គឺជាការផលិតរបស់ប្រើប្រាស់ ដើម្បីបម្រើតម្រូវការប្រជាជនក្នុងការប្រើប្រាស់ប្រចាំថ្ងៃ ។ _ ពាណិជ្ជកម្ម = គឺជាការធ្វើជំនួញ ការដោះដូរផលិតផល ការលក់ដូរ ការនាំចេញ និងនាំចូល ។ _ ទេសចរណ៍ = គឺជាការរកចំណូលបានពីភ្ញៀវទេសចរដែលមកកម្សាន្តនៅក្នុងប្រទេស ។ _ គមនាគមន៍ =,10,3,1,0.3,0.34222024446103966,1,3,0,0
185,ចូរពណ៌នាពីពីការអភិវឌ្ឍសេដ្ឋកិច្ច សង្គម នៅកម្ពុជាពីឆ្នាំ១៩៩៣ មកទល់សព្វថ្ងៃ?,ពណ៌នាពីពីការអភិវឌ្ឍសេដ្ឋកិច្ច សង្គម នៅកម្ពុជាពីឆ្នាំ១៩៩៣ មកទល់សព្វថ្ងៃ .វិស័យសេដ្ឋកិច្ច:  +សេដ្ឋកិច្ចកម្ពុជាមានការរីកចម្រើនឡើងជាបន្តបន្ទាប់ដែលធ្វើឲ្យប្រទេសកម្ពុជាមានជីវភាពល្អប្រសើរ។ +កសិកម្មរីកចម្រើនខាងដាំដំណាំស្រូវទទួលបានទិន្នផលខ្ពស់ជាបន្តបន្ទាប់ +ឧស្សាហកម្មមានតំណាងរោងចក្រច្រើនកន្លែងនិងលើកឡើងនៅសហគ្រឿងធំៗដែលបានផ្ដល់ចំណូលដល់ប្រជាពលរដ្ឋ +ពាណិជ្ជកម្មកាលនាំចូលមកក្នុងប្រទេសនិងមានវិនិយោគក្នុងប្រទេស +គមនាគមន៍កសាងស្ពានផ្លូវថ្នល់អាកាសយានដ្ឋានផ្គត់ផ្គង់ប្រព័ន្ធទឹកពីទីក្រុងដល់ជនបទ កំពុងផែ +ហិរញ្ញវត្ថុមានស្ថេរភាពក្នុងអត្រាប្ដូរប្រាក់ +ធនាគារលើកឡើងនៅធនាគារជាតិហ្នឹងឯកជនជាច្រើន .វិស័យសង្គម +ការអប់រំសិក្សា បង្កើតសាលារៀនគ្រប់កម្រិតពីមត្តីរហូតដល់ឧត្តមសិក្សាបណ្ដុះបណ្ដាលធនធានមនុស្សនិងបញ្ជូននិស្សិតឲ្យទៅរៀននៅក្រៅប្រទេស។ +វប្បធម៌អរិយធម៌ ស្ដារវប្បធម៌ឡើងវិញនិងដាក់បញ្ចូលជាសម្បត្តិបេតិកភណ្ឌពិភពលោកចាប់ផ្ដើមប្រជាជនមានសិទ្ធិជឿលើសាសនា។ +សុខាភិបាលបង្កើតឲ្យមានមន្ទីរពេទ្យលោកសុខភាពនិងឱសថសាស្ត្រ +សិល្បៈបង្កើតឲ្យមានសាលាសាកលវិទ្យាល័យសិល្បៈ.,ពណ៌នាពីពីការអភិវឌ្ឍសេដ្ឋកិច្ច សង្គម នៅកម្ពុជាពីឆ្នាំ១៩៩៣ មកទល់សព្វថ្ងៃ +សេដ្ឋកិច្ច -រាជរដ្ឋាភិបាលបានអនុវត្តគោលនយោបាយឈ្នះឈ្នះដែលធ្វើឲ្យសេដ្ឋកិច្ចកម្ពុជារីកចម្រើន -នយោបាយចតុកោណដែលជាការអភិវឌ្ឍន៍តាមជំហានគីង្គក់ប៉ុន្តែបច្ចុប្បន្ននាយករដ្ឋមន្ត្រីថ្មីបានអនុវត្តនយោបាយចតុកោណដំណាក់កាលចុងក្រោយ -កម្ពុជាបានធ្វើកិច្ចសហប្រតិបត្តិការជាមួយបណ្ដាប្រទេសនានា -សេដ្ឋកិច្ចកម្ពុជាមានការលូតលាស់យ៉ាងឆាប់រហ័ស -កម្ពុជាទទួលបានជំនួយយ៉ាងច្រើនពីបណ្ដាប្រទេសលើលោក -ឧស្សាហកម្មនៅប្រទេសកម្ពុជាមានការកើនឡើងដោយមានកំណើនរោងចក្រកាត់ដេរដែលបានបង្កើតឱកាសការងារដល់ប្រជាជន -កម្ពុជាមានការធ្វើពាណិជ្ជកម្មជាមួយប្រទេសជាច្រើនតាមរយៈផ្លូវទឹក -កម្ពុជាប្រកាន់យកលទ្ធិប្រជាធិបតេយ្យ -កម្ពុជាចូលជាសមាជិកអាស៊ាននៅថ្ងៃទី 30 ខែមេសាឆ្នាំ១៩៩៩ -ចូលជាសមាជិកអង្គការពាណិជ្ជកម្មពិភពលោកនៅឆ្នាំ២០០៤ -កម្ពុជាធ្វើជាម្ចាស់ផ្ទះអាស៊ាននៅឆ្នាំ 2002 និងឆ្នាំ 2012 និងឆ្នាំ 2022 +សង្គម -ការអប់រំ: រាជរដ្ឋាភិបាលបានចូលរួមកសាងសាលារៀនជាច្រើននៅតាមទីជនបទនិងប្រជុំជននិងបានបញ្ជូនសិស្សនិងនិស្សិតជាច្រើនអ្នកទៅរៀននៅក្រៅប្រទេសនិងបង្កើតក្រសួងអប់រំយុវជននិងកីឡា -វប្បធម៌: បានបង្កើតសាលាវិចិត្រសិល្បៈនិងលើកទឹកចិត្តដល់ធនធានសិល្បករគ្រប់រូបឲ្យខិតខំប្រឹងប្រែងរក្សាកេរដំណែល -ហេដ្ឋារចនាសម្ព័ន្ធ: បានកសាងផ្លូវថ្នល់ស្ពានជាច្រើនទាំងនៅតាមខេត្តនិងទីប្រជុំជននានាជាពិសេសបានអភិវឌ្ឍន៍នៅទីក្រុងភ្នំពេញដែលសំបូរផ្លូវថ្នល់ខ្វែតខ្វែងស្ពានអាការនានាដែលជួយសម្រាលដល់ការកក់ស្ទះចរាចរណ៍,10,10,4,1.0,0.46315650814655474,2,5,2,5
186,ហេតុអ្វីបានជាមនុស្សស្រូបយកខ្យល់ដែលមានកាបូនម៉ណូអុកស៊ីតអាចបង្កគ្រោះថ្នាក់ដល់ស្លាប់បាន?,បានជាមនុស្សស្រូបយកខ្យល់ដែលមានកាបូនម៉ូណូអុកស៊ីដអាចបង្កឲ្យមានគ្រោះថ្នាក់ដល់ស្លាប់ បានព្រោះកាបូនម៉ូណូអុកស៊ីដមានសមត្ថភាពចាប់យក ក្នុងឈាមបានខ្លាំងជាងអុកស៊ីសែន វារារាំងឈាមមិនឲ្យដឹកនាំអុកស៊ីសែនទៅចិញ្ចឹមសរីរាង្គជាពិសេសខួរក្បាលដែលបណ្តាលឲ្យ ស្លាប់និង សន្លប់ ។,បានជាមនុស្សស្រូបយកខ្យល់ដែលមានកាបូនម៉ូណូអុកស៊ីដអាចបង្កឲ្យមានគ្រោះថ្នាក់ដល់ស្លាប់ បានព្រោះកាបូនម៉ូណូអុកស៊ីដមានសមត្ថភាពចាប់យក ក្នុងឈាមបានខ្លាំងជាងអុកស៊ីសែន វារារាំងឈាមមិនឲ្យដឹកនាំអុកស៊ីសែនទៅចិញ្ចឹមសរីរាង្គជាពិសេសខួរក្បាលដែលបណ្តាលឲ្យ ស្លាប់និង សន្លប់ ។,5,4,3,0.8,1.0,4,5,1,1
187,តើគេចែកប្រូទីសជាប៉ុន្មានក្រុម?អ្វីខ្លះ?,ប្រូទីសសត្វចែកជា 4 ក្រុមតាមរបៀបរស់នៅនឹងផ្លាស់ទីរបស់វា  +ប្រូតូសូអ៊ែផ្លាស់ទីដោយជើងបញ្ឆោត: អាមីប +ប្រូតូសូអ៊ែផ្លាស់ទីដោយផ្លាសែល : សាឌីយ៉ា +ប្រូតូសូអ៊ែបន្តពូជតាមរយ:ស្ប៉ :ស្ប៉រ៉ូសូអ៊ែ។,ប្រូទីសសត្វចែកជា 4 ក្រុមតាមរបៀបរស់នៅនឹងផ្លាស់ទីរបស់វា  +ប្រូតូសូអ៊ែផ្លាស់ទីដោយជើងបញ្ឆោត: អាមីប +ប្រូតូសូអ៊ែផ្លាស់ទីដោយផ្លាសែល : សាឌីយ៉ា +ប្រូតូសូអ៊ែបន្តពូជតាមរយ:ស្ប៉ :ស្ប៉រ៉ូសូអ៊ែ។,8,7,4,0.875,1.0,4,8,0,1
188,តើសង្គមខ្មែរនៅសម័យអង្គរមានប៉ុន្មានវណ្ណៈ? វណ្ណៈអ្វីខ្លះ? ចូលរៀបរាប់។,សង្គមខ្មែរនៅសម័យអង្គរមានប្រាំវណ្ណៈគឺ -វណ្ណៈក្សត្រឬរាជវង្សនុវង្ស (ជាស្ដេចគ្រប់គ្រងប្រទេស -វណ្ណៈមន្ត្រី (អ្នករស់នៅក្នុងរាជវាំងបម្រើស្ដេច) -វណ្ណៈព្រាហ្ម៍ឬបុព្វជិត​(គឺជាអ្នកបួស) -វណ្ណៈអ្នកជាឬកសិករ (អ្នករស់នៅនឹងធ្វើស្រែចម្ការ) -វណ្ណៈអ្នកងារឬទាសករ(ទាសករបម្រើគេតកូនតចៅ)។,សង្គមខ្មែរនៅសម័យអង្គរមានប្រាំវណ្ណៈគឺ -វណ្ណៈក្សត្រ:វណ្ណៈនេះមានបុព្វសិទ្ធណាស់ដូចជាគ្មានការបង់ពន្ធ មិនជាប់កំណែននិងមិនត្រូវធ្វើការងារធ្ងន់ជាដើម។ -វណ្ណៈមន្ត្រី:ឋាននុក្រមរបស់ពួកគេអាចសម្គាល់តាមរយៈឥស្សតិយយសនិងចំនួនផ្ទះប្រកក្បឿងរបស់ពួកគេ។ -វណ្ណៈអ្នកបួស: .ពួកប៉ាងឃៀបគឺពួកព្រាហ្មណ៍ពួកនេះស្លៀកពាក់ដូចគេទៀតដែរ ខុសត្រង់មានពាក់ខ្សែរអំបោះដវេញមួយខ្សែរនៅក ជាសញ្ញាថាអ្នកចេះដឹងខ្ពង់ខ្ពស់។ .ពួកជូគូគឺជាភិគូឬសាមលោកព្រះសង្ឃខាងពុទ្ធសាសនាក្រុមនេះកោរសក់និងក្រងជីវពណ៌លឿង .ពួកប៉ាស៊ីវីឬសួកសាបស្លៀកពាក់ដូចអ្នកស្រុកធម្មតាតែជូតក្បាលនិងកំណាត់ពណ៍ក្រហម .ព្រាហ្មណ៍បុរោហិតជាអ្នកពិនិត្យជាអ្នកថែរក្សាវត្តសក្តិសិទ្ធនិងព្រះទេវរូបនៅក្នុងរាជវាំងនិងអ្នកផ្ដល់ពត៍មានដល់ព្រះមហាក្សត្រ -វណ្ណៈអ្នកជា:ពួកគេជាវណ្ណៈកណ្ដាលក្នុងសង្គម​ ដែលមានឋានន្ដរមានប្រហាក់ប្រហែលនិងពួកឈ្មួញសិប្បកម្ម សិប្បករនិងប្រជារាស្ត្រសាមញ្ញ -វណ្ណៈទាសករ:ពួកគេជាវណ្ណៈទាបបំផុតនៅក្នុងសង្គមដែលជាអ្នកបម្រើគេអស់មួយជីវិតនិងតពូជទៀតផង។,10,10,4,1.0,0.4565073156596501,2,5,2,5
189,តើថ្ងៃរំដោះ៧មករា១៩៧៩ មានអត្ថន័យយ៉ាងណាខ្លះចំពោះប្រវត្តិសាស្ត្រកម្ពុជា?,ថ្ងៃរំដោះ 7 មករា 1979 មានអត្ថន័យជាប្រវត្តិសាស្រ្តដូចជា÷ -ជាថ្ងៃដែលប្រជាជនរួចផុតពីរបបប្រល័យពូជសាសន៍ -ជាថ្ងៃដែលរបបកម្ពុជាប្រជាធិបតេយ្យដួលរលំ -ជាថ្ងៃកំណើតទី 2 របស់ប្រជាជនខ្មែរ -ជាថ្ងៃដែលកងទ័ពរណសិរ្យសាមគ្គីនិងកងទ័ពរំដោះប្រជាជន បានរំដោះប្រជាជនចេញពីរបបប្រល័យពូជសាស្ត្រកម្ពុជា។,ថ្ងៃរំដោះ 7 មករា 1979 បានផ្ដល់អត្ថន័យជាប្រវត្តិសាស្រ្តចំពោះកម្ពុជាដូចជា÷ -ជាថ្ងៃដែលប្រជាជនកម្ពុជារួចផុតពីការសម្លាប់យ៉ាងរង្គាលនៃរបបប្រល័យពូជសាសន៍កម្ពុជាប្រជាធិបតេយ្យ -ជាថ្ងៃដួលរលំនៃរបបកម្ពុជាប្រជាធិបតេយ្យ ជាថ្ងៃចាប់បដិសន្ធិរបបសាធារណរដ្ឋប្រជាមានិតកម្ពុជា -ជាថ្ងៃដែលប្រជាជនកម្ពុជាទទួលបាននូវសិទ្ធិសេរីភាព សិទ្ធិនៃការសម្រេចចិត្តលើជោគវាសនាខ្លួន -ជាការរស់រានឡើងវិញនូវវប្បធម៌ជាតិ -ជាថ្ងៃស្ដារនិងកសាងប្រទេសឡើងវិញគ្រប់វិស័យតាមឆន្ទះនិងគោលបំណងប្រជាជន -ថ្ងៃដែលកម្ពុជាឈានទៅរកឯករាជ្យ សន្តិភាព សេរីភាព និងសុភមង្គល -ជាថ្ងៃស្ដារនិងកសាងប្រទេសឡើងវិញលើឆាកតំបន់និងអន្តរជាតិ -ជាថ្ងៃដែលបណ្ដាលឱ្យមានវត្តមានកងទ័ពវៀតណាមជាថ្មីម្ដងទៀតលើទឹកដីកម្ពុជា។,8,8,4,1.0,0.6158171919468396,2,5,2,3
190,តើឧស្សាហកម្មមានតួនាទីដូចម្ដេចខ្លះចំពោះសេដ្ឋកិច្ចជាតិ?,ឧស្សាហកម្មមាន​តួនាទីចំពោះសេដ្ឋកិច្ចជាតិដូចជា ៖ ​ _ ជួយបង្កើតថវិការជាតិ ​ _ ជួយបង្កើតទិន្នផលជាតិ ​​ _ ជួយឲ្យសេដ្ឋកិច្ចជាតិរីកចម្រើន  _ ប្រជាជនសំបូរធូរធារ  _អភិវឌ្ឍគ្រប់វិស័យ  _ មានទំនាក់ទំនងល្អជាមួយអ្នកជិតខាង  _ មានភាពរុងរឿងនៅក្នុងប្រទេសជាតិ។,ឧស្សាហកម្មមានតួនាទីចំពោះសេដ្ឋកិច្ចជាតិដូចជា ៖ _ ជួយបង្កើនប្រាក់ចំណូលជូនជាតិ23.8% ឆ្នាំ2008 _ បង្កើតការងារជូនប្រជាជន  _ បង្កើតប្រាក់ចំណូលក្នុងគ្រួសារ  _ ប្រជាជនមានជីវភាពធូរធារ _ ជួយរក្សាលំនឹងជញ្ជីងពាណិជ្ជកម្ម  _ ផ្ដល់ផលិតផលសម្រាប់នាំចេញ  _ ផ្ដល់ផលិតផលសម្រាប់ប្រើប្រាស់។,15,15,4,1.0,0.3099234401801557,1,5,3,10
191,ហេតុអ្វីបានជាផ្នែកឯកជនជាកម្លាំងដ៏សំខាន់សម្រាប់វិនិយោគនិងធ្វើឲ្យមានកំណើនសេដ្ឋកិច្ចក្នុងប្រទេស?,បានជាផ្នែកឯកជនជាកម្លាំងដ៏សំខាន់សម្រាប់វិនិយោគនិងធ្វើឲ្យមានកំណើនសេដ្ឋកិច្ចក្នុងប្រទេស ព្រោះប្រទេសកម្ពុជាជាប្រទេសអភិវឌ្ឍន៍ សេដ្ឋកិច្ចទីផ្សារដោយបានធ្វើកំណែទម្រង់សហគ្រាសឧស្សាហកម្មឲ្យក្លាយទៅជាកម្មសិទ្ធិឯកជន ។ សេដ្ឋកិច្ចទីផ្សារសេរីនេះនាំឲ្យអ្នករកស៊ីបរទេសចូលចិត្តមកវិនិយោគ ហើយកាលណាផ្នែកឯកជនរឹងមាំមកវិនិយោគ ហើយកាលណាផ្នែកឯកជនមិនរឹងមាំអាចបំពេញបន្ថែមវិនិយោគនិងវិស័យសង្គមកិច្ចមានន័យថាវិស័យឯកជនស្រូបយកកម្លាំងការងារកាន់តែកើនឡើង។,ព្រោះវិស័យឯកជនជាក្បាលម៉ាស៊ីនសំខាន់សម្រាប់វិនិយោគនិងធ្វើឱ្យមានកំណើនសេដ្ឋកិច្ចក្នុងប្រទេសព្រោះ៖ -ផ្នែកឯកជនជាកម្លាំងដ៏សំខាន់ណាស់សម្រាប់ប្រទេសជាតិព្រោះបើមកក៏ធនធានមនុស្សផ្នែកបច្ចេកវិទ្យានិងបច្ចេកទេស -ផ្នែកឯកជនបានផ្តល់ដូរដូចជាឱកាសការងារ -នាំចេញឈើមានការអភិវឌ្ឍគ្រប់វិស័យ -ប្រជាជនមានជីវភាពធូរធារជាងមុន -រក្សាចែកចេញជាកម្មសេវាកម្មមានតម្លៃថោក -មានទំនិញនាំចេញនាំចូលទៅក្រៅស្រុក  -សេដ្ឋកិច្ចទីផ្សារសេរីដែលនាំឲ្យអ្នករកស៊ីមកពីបរទេស។,15,12,3,0.8,0.4768706429656632,2,7,1,5
192,តើដំណាក់កាលទាំងពីរនៃវដ្ដជីវីតរបស់រុក្ខជាតិមានអ្វីខ្លះ? ចូររៀបរាប់។,ដំណាក់កាល ទាំងពីរនៃវដ្ដជីវិតរបស់រុក្ខជាតិមាន  - ដំណាក់កាលស្ប៉រ៉ូភីត គឺជារុក្ខជាតិផលិតស្ប៉។ វាជាកោសិកាតូចៗដែលអាចលូតលាស់ជាសារពាង្គកាយថ្មី  -ស្ប៉លូតលាស់ក្នុងដំណាក់កាលផ្សេងទៀតនៃរុក្ខជាតិ ហៅថាកាម៉ែតូភីត។ ក្នុងដំណាក់កាលនៃរុក្ខជាតិផលិតកោសិកាភេទពីរបែប គឺកាម៉ែតឈ្មោល និងកាម៉ែតញី ។ កាម៉ែតញី និង កាម៉ែតឈ្មោលលាយចូលគ្នា បង្កើតបានជាសុីកូត។ បន្ទាប់មកទៀត សុីកូតលូតលាស់ទៅជាស្ប៉រ៉ូភីត។ស្ប៉រ៉ូភីតផលិតស្ប៉លូតលាស់ក្នុងកាម៉ែតូភីត កាម៉ែតូភីតផលិតកាម៉ែតញី និងកាម៉ែតឈ្មោល ហើយវដ្ដផ្ដើមសារជាថ្មី។,ដំណាក់កាលស្ប៉រ៉ូភីត -ដំណាក់កាល កាម៉ែតូភីត + ដំណាក់កាលស្ប៉រ៉ូភីត គឺរុក្ខជាតិផលិតស្ប៉ + ដំណាក់កាល កាម៉ែតូភីត គឺ កាម៉ែតឈ្មោលនិងកាម៉ែតញី,15,4,1,0.26666666666666666,0.7364240502581414,3,11,2,7
193,ចូររៀបរាប់អំពីទំនាក់ទំនងរវាងការដាំដុះអាជីវកម្មព្រៃឈើនិងនេសាទ។,ទំនាក់ទំនងរវាង ការដាំដុះអាជីវកម្មព្រៃឈើ និងការនេសាទ៖  _ ការដាំដុះអាជីវកម្មព្រៃឈើ និងការនេសាទ ជាភោគទ្រព្យយ៉ាងសំខាន់សម្រាប់ប្រជាជនក្នុងការទ្រទ្រង់ក្នុងជីវភាពរស់នៅនិងការអភិវឌ្ឍន៍ប្រទេសជាតិ   _ ដើម្បីបំពេញតម្រូវការក្នុងកសិកម្មផលិតកម្មនិងត្រូវការផ្សេងៗ មនុស្សនាំគ្នាកាប់ព្រៃឈើដើម្បីធ្វើអាជីវកម្មព្រៃឈើជាមូលហេតុធ្វើឲ្យអាកាសធាតុប្រែប្រួលប៉ះពាល់ដល់ជីវិតមនុស្ស សត្វ និងរុក្ខជាតិ  ​ _ អតិផលនៃប្រព័ន្ធកសិកម្ម នាំឲ្យមានកំណើននៃការប្រើប្រាស់គីមីនិងថ្នាំសម្លាប់សត្វល្អិត។ ជីគីមី និងថ្នាំសម្លាប់សត្វល្អិត ទាំងនោះហូរទៅផ្ដុំគ្នានៅតាមផ្លូវទឹកនានា បំផ្លាញជីវិតសត្វនិងពូជធម្មជាតិ។,ទំនាក់ទំនងរវាង ការដាំដុះអាជីវកម្មព្រៃឈើ និងការនេសាទ៖  _ ការដាំដុះអាជីវកម្មព្រៃឈើ និងការនេសាទ ជាភោគទ្រព្យយ៉ាងសំខាន់សម្រាប់ប្រជាជនក្នុងការទ្រទ្រង់ក្នុងជីវភាពរស់នៅនិងការអភិវឌ្ឍន៍ប្រទេសជាតិ   _ ដើម្បីបំពេញតម្រូវការក្នុងកសិកម្មផលិតកម្មនិងត្រូវការផ្សេងៗ មនុស្សនាំគ្នាកាប់ព្រៃឈើដើម្បីធ្វើអាជីវកម្មព្រៃឈើជាមូលហេតុធ្វើឲ្យអាកាសធាតុប្រែប្រួលប៉ះពាល់ដល់ជីវិតមនុស្ស សត្វ និងរុក្ខជាតិ  ​ _ អតិផលនៃប្រព័ន្ធកសិកម្ម នាំឲ្យមានកំណើននៃការប្រើប្រាស់គីមីនិងថ្នាំសម្លាប់សត្វល្អិត។ ជីគីមី និងថ្នាំសម្លាប់សត្វល្អិត ទាំងនោះហូរទៅផ្ដុំគ្នានៅតាមផ្លូវទឹកនានា បំផ្លាញជីវិតសត្វនិងពូជធម្មជាតិ។,15,15,4,1.0,0.9999999999999997,4,15,0,0
194,តើគេចែកយុគសម័យបុរេប្រវត្តិសាស្ត្រកម្ពុជាជាប៉ុន្មានយុគសម័យ?អ្វីខ្លះ?,គេចែកយុគសម័យបុរេប្រវត្តិសាស្ត្រកម្ពុជាជាបីយុគសម័យគឺ -យុគថ្មបំបែក (600000 - 12000 ឆ្នាំមុនគ.ស) -យុគថ្មរលីងឬសំលៀង (8000 - 2000 ឆ្នាំមុនគ.ស) -យុគលោហៈ(2000-100 ឆ្នាំមុនគ.ស)។,គេចែកយុគសម័យបុរេប្រវត្តិសាស្ត្រកម្ពុជាជាបីយុគសម័យគឺ -យុគថ្មបំបែក (600000 - 12000 ឆ្នាំមុនគ.ស) -យុគថ្មរលីងឬសំលៀង (8000 - 2000 ឆ្នាំមុនគ.ស) -យុគលោហៈ(2000-100 ឆ្នាំមុនគ.ស)។,5,5,4,1.0,1.0,4,5,0,0
195,ចូរពន្យល់ពាក្យ : ប៉ង់សៀ; បរិយាកាស; ដៃទន្លេ; ភ្នំភ្លើង។,ប៉ង់សៀ -បរិយាកាសគឺជាឧស្ម័នដែលនៅជុំវិញផែនដី -ដៃទន្លេជាទឹកសាបដែលហូរចូលទៅក្នុងស្ទឹងបឹងនឹងមានទីតាំងជាវង្សប្រាំង -ភ្នំភ្លើងគឺជារន្ធមួយនៅសំបកផែនដីដែលតាមរយៈនោះកម្អែលផេះហូរចេញ,-ភ្នំភ្លើងគេនិយាយភ្នំដែលកើតឡើងនៅពេលដែលសិលារលាយហៅថាម៉ាក់ម៉ាមានចេញមក -បរិយាកាសដំបូន្មានពីរគឺអ៊ីដ្រូសែន២អែក្យូម។,8,3,2,0.375,0.18227520508338402,1,1,1,2
196,ហេតុអ្វីបានជាផ្នែកឯកជនជាកម្លាំងដ៏សំខាន់សម្រាប់វិនិយោគនិងធ្វើឲ្យមានកំណើនសេដ្ឋកិច្ចក្នុងប្រទេស?,បានជាផ្នែកឯកជនជាកម្លាំងដ៏សំខាន់សម្រាប់វិនិយោគនិងធ្វើឲ្យមានកំណើនសេដ្ឋកិច្ចក្នុងប្រទេស ព្រោះប្រទេសកម្ពុជាជាប្រទេសអភិវឌ្ឍន៍ សេដ្ឋកិច្ចទីផ្សារដោយបានធ្វើកំណែទម្រង់សហគ្រាសឧស្សាហកម្មឲ្យក្លាយទៅជាកម្មសិទ្ធិឯកជន ។ សេដ្ឋកិច្ចទីផ្សារសេរីនេះនាំឲ្យអ្នករកស៊ីបរទេសចូលចិត្តមកវិនិយោគ ហើយកាលណាផ្នែកឯកជនរឹងមាំមកវិនិយោគ ហើយកាលណាផ្នែកឯកជនមិនរឹងមាំអាចបំពេញបន្ថែមវិនិយោគនិងវិស័យសង្គមកិច្ចមានន័យថាវិស័យឯកជនស្រូបយកកម្លាំងការងារកាន់តែកើនឡើង។,បានជាផ្នែកឯកជនជាកម្លាំងដ៏សំខាន់សម្រាប់វិនិយោគ និងធ្វើឱ្យមានកំណើនសេដ្ឋកិច្ចក្នុងប្រទេសមានព្រោះ៖ _ ទទួលបានប្រាក់ចំណូលចូលជាតិយ៉ាងច្រើន  _ បានប្រាក់ចំណូលចូលរដ្ឋ  _ មានភ្ញៀវទេសចរណ៍ច្រើនកុះករចូលមកក្នុងប្រទេស  _ មានការចំណេញលើគ្រប់ការងារទាំងក្នុងនិងក្រៅប្រទេស  _ ប្រជាជនអាចមានការងារធ្វើច្រើនដោយសារការវិនិយោគទន់  _ ធ្វើផលិតផលចាស់ឪ្យទៅជាផលិតថ្មី  _ ផលិតផលមានគុណភាព និងស្ដង់ដារជាងមុន  _ ប្រទេសមានការអភិវឌ្ឍនិងរីកចម្រើនជាងមុន។,15,5,1,0.3333333333333333,0.35689069685208674,1,5,0,0
197,តើគេចែកយុគសម័យបុរេប្រវត្តិសាស្ត្រកម្ពុជាជាប៉ុន្មានយុគសម័យ?អ្វីខ្លះ?,គេចែកយុគសម័យបុរេប្រវត្តិសាស្ត្រកម្ពុជាជាបីយុគសម័យគឺ -យុគថ្មបំបែក (600000 - 12000 ឆ្នាំមុនគ.ស) -យុគថ្មរលីងឬសំលៀង (8000 - 2000 ឆ្នាំមុនគ.ស) -យុគលោហៈ(2000-100 ឆ្នាំមុនគ.ស)។,គេចែកយុគសម័យបុរេប្រវត្តិសាស្ត្រកម្ពុជាជាបីយុគសម័យគឺ -យុគថ្មបំបែក (600000 - 12000 ឆ្នាំមុនគ.ស) -យុគថ្មរលីងឬសំលៀង (8000 - 2000 ឆ្នាំមុនគ.ស) -យុគលោហៈ(2000-100 ឆ្នាំមុនគ.ស)។,5,5,4,1.0,1.0,4,5,0,0
198,តើអាណាចក្រភ្នំមានព្រំប្រទល់ជាប់ប្រទេសណាខ្លះ?,អាណាចក្រភ្នំមានព្រំប្រទល់ជាប់ប្រទេសដូចជា -ខាងជើងជាប់ចិន -ខាងត្បូងជាឈូងសមុទ្រខ្មែរ -ខាងកើតជាប់រដ្ឋចម្ប៉ា -ខាងលិចជាប់រដ្ធមនឬភូមា។,អាណាចក្រភ្នំមានព្រំប្រទល់ខាងជើងជាប់នឹងប្រទេសចិន(រដ្ឋណានឆាវនិងតុងតឹង)ខាងកើតជាប់រដ្ឋចម្ប៉ា(ឈូងសមុទ្រចិន)និងខាងត្បូងជាប់និងឈូងសមុទ្រខ្មែរ(នគរភ្នំ)និងខាងលិចជាប់រដ្ឋមនឬភូមា។,6,6,4,1.0,0.6647821859686388,3,4,1,2
199,តើអាមីបរស់នៅកន្លែងណា ?វាបង្កជំងឺអ្វី?,អាមីបរស់នៅកន្លែងដូចជាស្ទឹងបឹងអូរត្រពាំងទន្លេទឹកជ្រោះ។ វាបង្កជំងឺដូចជា ជំងឺរាគមួល ធ្វើឲ្យយើងចុកពោះដោយផឹកទឹកមិនស្អាត,អាមីបគឺជាសត្វឯកកោសិកា ប្រូទីសដែលអាចរស់នៅបានច្រើនកន្លែង ក្នុងទឹក ក្នុងដី ។ វាបង្កជំងឺដូចជា -ជំងឺរាគមួល អាមីប -ជំងឺរលាកស្រោមខួរក្បាល -ការឆ្លងមេរោគនៅភ្នែកឬស្បែក។,8,8,4,1.0,0.3631220089921023,1,3,3,5
200,តើកម្ពុជាមានបេតិកភណ្ឌអ្វីខ្លះ ដែលបានចុះបញ្ជីបេតិកភណ្ឌរូបី និង អរូបីពិភពលោករបស់អង្គការយូណេស្កូ? ចូររៀបរាប់ឱ្យបានប្រាំ។,កម្ពុជាមានបេតិកភណ្ឌដែលបានចុះបញ្ជីបេតិកភណ្ឌរូបី និង អរូបីពិភពលោករបស់អង្គការយូណេស្កូដូចជា     +ល្ខោនខោល     +រមណីយដ្ឋានអង្គរ     +ចាប៉ីដងវែង     +ប្រាសាទព្រះវិហហារ     +ល្ខោនស្រមោលស្បែកធំ     +របាំព្រះរាជទ្រព្យ     +ក្រមាខ្មែរ     +គុនល្បុកតោ     +រមណីយដ្ឋានសម្បូរព្រៃគុក,កម្ពុជាមានបេតិកភណ្ឌដែលបានចុះបញ្ជីបេតិ កភណ្ឌរូបិយនិងអរូបិយពិភពលោករបស់ អង្គការយូណេស្កូមានដូចជា÷ -រមណីយដ្ឋានប្រាសាទអង្គរវត្ត  -ប្រាសាទព្រះវិហារ  -ប្រាសាទសំបូរព្រៃគុក -ល្ខោនស្បែក -ចាប៉ីដងវែង។,5,5,4,1.0,0.6778457244355882,3,3,1,2
201,បុព្វហេតុអ្វីខ្លះដែលនាំឲ្យអាណាចក្រចេនឡាបែកបាក់ជាពីរគឺអាណាចក្រចេនឡាដីគោកនិងចេនឡាទឹកលិច?,បុព្វហេតុដែលនាំហើយអាណាចក្រចេនឡាបែកជាពីរគឺ -វិសាលភាពទឹកដីធំទូលាយ -ចម្បាំងអត់ឈប់ឈរ -សមន្ដរដ្ឋបះបោរចង់ផ្ដាច់ខ្លួន -វិបត្តិផ្ទៃក្នុង -ព្រះនាងជ័យទេវីគ្មានសមត្ថភាពគ្រប់គ្រង។,បុព្វហេតុដែលនាំហើយអាណាចក្រចេនឡាបែកជាពីរគឺ -វិសាលភាពទឹកដីធំទូលាយ -ចម្បាំងអត់ឈប់ឈរ -សមន្ដរដ្ឋបះបោរចង់ផ្ដាច់ខ្លួន -វិបត្តិផ្ទៃក្នុង -ព្រះនាងជ័យទេវីគ្មានសមត្ថភាពគ្រប់គ្រង។,7,7,4,1.0,1.0,4,7,0,0
202,តើកត្តាអ្វីខ្លះដែលធ្វើអោយសម័យអង្គររីកចម្រើនដល់កំពូល?​ ចូលរៀបរាប់។,កត្តាដែលធ្វើអោយសម័យអង្គររីកចម្រើនគឺ: កត្តាព្រះរាជា:ព្រះរាជាចាប់ពីព្រះបាទជ័យវរ្ម័នទី 2 រហូតដល់ព្រះបាទជ័យវរ្ម័នទី 7 សុទ្ធតែជាស្ដេចខ្លាំងពូកែ កត្តានយោបាយ: នយោបាយក្នុងប្រទេសបង្រួបបង្រួមជាតិកសាងនិងការពារទឹកដី នយោបាយក្រៅប្រទេស:ចងសម្ព័ន្ធមិត្តជាមួយប្រទេសធំៗវាយយករដ្ឋតូចដាក់ជាចំណុះ កត្តាសេដ្ឋកិច្ច:រីកចម្រើនលើវិស័យកសិកម្មសិប្បកម្មគណនាគម កត្តាសាសនា:ការឯកភាពគ្នារវាងសាសនាព្រាហ្មនិងព្រះពុទ្ធ កត្តាធនធានមនុស្សបន្សល់ទុកតាំងពីសម័យនគរភ្នំនិងចេនឡាមក។,កត្តាដែលធ្វើអោយសម័យអង្គររីកចម្រើនគឺ: .កត្តាព្រះរាជា .កត្តានយោបាយ .កត្តាសេដ្ឋកិច្ច .កត្តាសាសនា .កត្តាធនធានមនុស្ស,10,6,2,0.6,0.6256299383617957,3,6,1,0
203,តើគេចែកយុគសម័យបុរេប្រវត្តិសាស្ត្រកម្ពុជាជាប៉ុន្មានយុគសម័យ?អ្វីខ្លះ?,គេចែកយុគសម័យបុរេប្រវត្តិសាស្ត្រកម្ពុជាជាបីយុគសម័យគឺ -យុគថ្មបំបែក (600000 - 12000 ឆ្នាំមុនគ.ស) -យុគថ្មរលីងឬសំលៀង (8000 - 2000 ឆ្នាំមុនគ.ស) -យុគលោហៈ(2000-100 ឆ្នាំមុនគ.ស)។,គេចែកយុគសម័យបុរេប្រវត្តិសាស្ត្រកម្ពុជាជាបីយុគសម័យគឺ -យុគថ្មបំបែក (600000 - 12000 ឆ្នាំមុនគ.ស) -យុគថ្មរលីងឬសំលៀង (8000 - 2000 ឆ្នាំមុនគ.ស) -យុគលោហៈ(2000-100 ឆ្នាំមុនគ.ស)។,5,5,4,1.0,1.0,4,5,0,0
204,តើកត្តាអ្វីខ្លះដែលធ្វើអោយសម័យអង្គររីកចម្រើនដល់កំពូល?​ ចូលរៀបរាប់។,កត្តាដែលធ្វើអោយសម័យអង្គររីកចម្រើនគឺ: កត្តាព្រះរាជា:ព្រះរាជាចាប់ពីព្រះបាទជ័យវរ្ម័នទី 2 រហូតដល់ព្រះបាទជ័យវរ្ម័នទី 7 សុទ្ធតែជាស្ដេចខ្លាំងពូកែ កត្តានយោបាយ: នយោបាយក្នុងប្រទេសបង្រួបបង្រួមជាតិកសាងនិងការពារទឹកដី នយោបាយក្រៅប្រទេស:ចងសម្ព័ន្ធមិត្តជាមួយប្រទេសធំៗវាយយករដ្ឋតូចដាក់ជាចំណុះ កត្តាសេដ្ឋកិច្ច:រីកចម្រើនលើវិស័យកសិកម្មសិប្បកម្មគណនាគម កត្តាសាសនា:ការឯកភាពគ្នារវាងសាសនាព្រាហ្មនិងព្រះពុទ្ធ កត្តាធនធានមនុស្សបន្សល់ទុកតាំងពីសម័យនគរភ្នំនិងចេនឡាមក។,កត្តាដែលធ្វើអោយសម័យអង្គររីកចម្រើនគឺ: .កត្តាព្រះរាជា:ព្រះរាជាចាប់ពីព្រះបាទជ័យវរ្ម័នទី 2 រហូតដល់ព្រះបាទជ័យវរ្ម័នទី 7 សុទ្ធសឹងតែជាស្ដេចខ្លាំងពូកែ .កត្តានយោបាយ: +នយោបាយក្នុងប្រទេស:បង្រួបបង្រួម​ កសាង និងការពារ។ +នយោបាយក្រៅប្រទេស:ចងសម្ព័ន្ធមិត្តជាមួយប្រទេសធំៗដូចជាចិននិងឥណ្ឌា និងវាយយករដ្ឋតូចដាក់ជាចំណុះ .កត្តាសេដ្ឋកិច្ច:ការរីកចម្រើនលើវិស័យកសិកម្ម សិប្បកម្ម គណនាគមន៍ .កត្តាសាសនា:មានការឯកភាពគ្នារវាងសាសនាព្រាហ្មនិងព្រះពុទ្ធ .កត្តាធនធានមនុស្សបន្សល់ទុកតាំងពីសម័យនគរភ្នំនិងចេនឡាមក។,10,10,4,1.0,0.9273986502678749,4,9,0,1
205,តើព្រះបាទពញាយ៉ាតមានបុត្រប៉ុន្មានអង្គព្រះនាមអ្វីខ្លះ?ជាមួយអ្នកម្នាងណាខ្លះ?,ព្រះបាទពញាយ៉ាតមានបុត្របីអង្គគឺ នារាយណ៍រាជា ជាបុត្រជាមួយម្នាងទេវី ស្រីរាជាជាបុត្រជាមួយបុទុមកេសរ និងធម្មរាជាជាបុត្រជាមួយសុីសង៉ាម(បុត្រីស្ដេចសៀម)។,ព្រះបាទពញាយ៉ាតមានបុត្របីអង្គគឺ នារាយណ៍រាជា ជាបុត្រជាមួយម្នាងទេវី ស្រីរាជាជាបុត្រជាមួយបុទុមកេសរ និងធម្មរាជាជាបុត្រជាមួយសុីសង៉ាម(បុត្រីស្ដេចសៀម)។,5,5,4,1.0,0.9999999999999998,4,5,0,0
206,ហេតុអ្វីបានជាមនុស្សស្រូបយកខ្យល់ដែលមានកាបូនម៉ណូអុកស៊ីតអាចបង្កគ្រោះថ្នាក់ដល់ស្លាប់បាន?,បានជាមនុស្សស្រូបយកខ្យល់ដែលមានកាបូនម៉ូណូអុកស៊ីដអាចបង្កឲ្យមានគ្រោះថ្នាក់ដល់ស្លាប់ បានព្រោះកាបូនម៉ូណូអុកស៊ីដមានសមត្ថភាពចាប់យក ក្នុងឈាមបានខ្លាំងជាងអុកស៊ីសែន វារារាំងឈាមមិនឲ្យដឹកនាំអុកស៊ីសែនទៅចិញ្ចឹមសរីរាង្គជាពិសេសខួរក្បាលដែលបណ្តាលឲ្យ ស្លាប់និង សន្លប់ ។,បានជាមនុស្សស្រូបយកខ្យល់ដែលមានកាបូនម៉ូណូអុកស៊ីដអាចបង្កឲ្យមានគ្រោះថ្នាក់ដល់ស្លាប់ បានព្រោះកាបូនម៉ូណូអុកស៊ីដមានសមត្ថភាពចាប់យក ក្នុងឈាមបានខ្លាំងជាងអុកស៊ីសែន វារារាំងឈាមមិនឲ្យដឹកនាំអុកស៊ីសែនទៅចិញ្ចឹមសរីរាង្គជាពិសេសខួរក្បាលដែលបណ្តាលឲ្យ ស្លាប់និង សន្លប់ ។,5,4,3,0.8,1.0,4,5,1,1
207,ចូរប្រៀបធៀបលក្ខណៈខុសគ្នានៃផ្សិត និងរុក្ខជាតិ។,លក្ខណៈខុសគ្នានៃផ្សិតនិងរុក្ខជាតិ +ផ្សិត  -ផ្សិតបន្តពូជតាមរយៈស្ប៉ -ផ្សិតមិនធ្វើរស្មីសំយោគ -អុីប -វារស់នៅកន្លែងសើម +រុក្ខជាតិ -បន្តពូជដោយគ្រាប់ -វាត្រូវការធ្វើរស្មីសំយោគ -វារស់នៅកន្លែងដែលមានពន្លឺ,លក្ខណ:ខុសគ្នារវាងផ្សិត និង រុក្ខជាតិ +ផ្សិត -ជាភាវ:រស់បរជីព -មានអុីបក្រោមដី -បន្តពូជតាមរយ:ស្ប៉ +រុក្ខជាតិ -ជាភាវ:រស់ស្វ័យជីព -មានឬស -បន្តពូជតាមរយ:គ្រាប់ ។,12,9,3,0.75,0.36742979754689137,1,4,2,5
208,តើគេចែកប្រូទីសជាប៉ុន្មានក្រុម?អ្វីខ្លះ?,ប្រូទីសសត្វចែកជា 4 ក្រុមតាមរបៀបរស់នៅនឹងផ្លាស់ទីរបស់វា  +ប្រូតូសូអ៊ែផ្លាស់ទីដោយជើងបញ្ឆោត: អាមីប +ប្រូតូសូអ៊ែផ្លាស់ទីដោយផ្លាសែល : សាឌីយ៉ា +ប្រូតូសូអ៊ែបន្តពូជតាមរយ:ស្ប៉ :ស្ប៉រ៉ូសូអ៊ែ។,គេចែកប្រូទីសសត្វជា 4 ក្រុមដូចជា  -អាមីប  -ភ្នាសសុីតូប្លាស -ប៉ារ៉ាមេសុី -ប្លាសែន,8,8,4,1.0,0.19427581198606214,1,2,3,6
209,តើអាមីបរស់នៅកន្លែងណា ?វាបង្កជំងឺអ្វី?,អាមីបរស់នៅកន្លែងដូចជាស្ទឹងបឹងអូរត្រពាំងទន្លេទឹកជ្រោះ។ វាបង្កជំងឺដូចជា ជំងឺរាគមួល ធ្វើឲ្យយើងចុកពោះដោយផឹកទឹកមិនស្អាត,អាមីបរស់នៅកន្លែងសើម។វាបង្កជំងឺដូចជា រាគមួល និង ឡើងកន្ទួលក្រហមលើស្បែក។,8,3,2,0.375,0.3807192179117436,2,3,0,0
210,ហេតុអ្វីបានជាផ្នែកឯកជនជាកម្លាំងដ៏សំខាន់សម្រាប់វិនិយោគនិងធ្វើឲ្យមានកំណើនសេដ្ឋកិច្ចក្នុងប្រទេស?,បានជាផ្នែកឯកជនជាកម្លាំងដ៏សំខាន់សម្រាប់វិនិយោគនិងធ្វើឲ្យមានកំណើនសេដ្ឋកិច្ចក្នុងប្រទេស ព្រោះប្រទេសកម្ពុជាជាប្រទេសអភិវឌ្ឍន៍ សេដ្ឋកិច្ចទីផ្សារដោយបានធ្វើកំណែទម្រង់សហគ្រាសឧស្សាហកម្មឲ្យក្លាយទៅជាកម្មសិទ្ធិឯកជន ។ សេដ្ឋកិច្ចទីផ្សារសេរីនេះនាំឲ្យអ្នករកស៊ីបរទេសចូលចិត្តមកវិនិយោគ ហើយកាលណាផ្នែកឯកជនរឹងមាំមកវិនិយោគ ហើយកាលណាផ្នែកឯកជនមិនរឹងមាំអាចបំពេញបន្ថែមវិនិយោគនិងវិស័យសង្គមកិច្ចមានន័យថាវិស័យឯកជនស្រូបយកកម្លាំងការងារកាន់តែកើនឡើង។,បានជាផ្នែកឯកជនជាកម្លាំងដ៏សំខាន់សម្រាប់វិនិយោគលើធ្វើឲ្យមានកំណើនសេដ្ឋកិច្ចក្នុងប្រទេសព្រោះ -កម្ពុជាជាប្រទេសអភិវឌ្ឍន៍សេដ្ឋកិច្ចទីផ្សារសេរីការ -ឯកជនរឹងមាំវិស័យសង្គមអំពី វិស័យសង្គមសេដ្ឋកិច្ចកាន់តែស្រូបយក។,15,2,1,0.13333333333333333,0.6211373522531444,2,9,1,7
211,ចូររៀបរាប់អំពីទំនាក់ទំនងរវាងការដាំដុះអាជីវកម្មព្រៃឈើនិងនេសាទ។,ទំនាក់ទំនងរវាង ការដាំដុះអាជីវកម្មព្រៃឈើ និងការនេសាទ៖  _ ការដាំដុះអាជីវកម្មព្រៃឈើ និងការនេសាទ ជាភោគទ្រព្យយ៉ាងសំខាន់សម្រាប់ប្រជាជនក្នុងការទ្រទ្រង់ក្នុងជីវភាពរស់នៅនិងការអភិវឌ្ឍន៍ប្រទេសជាតិ   _ ដើម្បីបំពេញតម្រូវការក្នុងកសិកម្មផលិតកម្មនិងត្រូវការផ្សេងៗ មនុស្សនាំគ្នាកាប់ព្រៃឈើដើម្បីធ្វើអាជីវកម្មព្រៃឈើជាមូលហេតុធ្វើឲ្យអាកាសធាតុប្រែប្រួលប៉ះពាល់ដល់ជីវិតមនុស្ស សត្វ និងរុក្ខជាតិ  ​ _ អតិផលនៃប្រព័ន្ធកសិកម្ម នាំឲ្យមានកំណើននៃការប្រើប្រាស់គីមីនិងថ្នាំសម្លាប់សត្វល្អិត។ ជីគីមី និងថ្នាំសម្លាប់សត្វល្អិត ទាំងនោះហូរទៅផ្ដុំគ្នានៅតាមផ្លូវទឹកនានា បំផ្លាញជីវិតសត្វនិងពូជធម្មជាតិ។,រៀបរាប់ពីទំនាក់ទំនងរវាងការដាំដុះ ការចិញ្ចឹមសត្វ និងការនេសាទ៖ -ការដាំដុះគឺជាការដាំដុះនូវដំណាំផ្សេងផ្សេងដូចជាស្រូវបន្លែជាច្រើនការដាំដុះនេះ ភាគច្រើនគេដាំវានៅតាមជនបទដើម្បីយកទៅលក់នៅទីផ្សារដើម្បីយកប្រាក់មកដោះដូរជីវភាព ប្រជាជនខ្លះដាំដុះនេះដើម្បីទុកបរិភោគខ្លួនឯងដោយកាត់បន្ថយទៅលើការចំណាយហើយការដាំដុះនេះ សារៈសំខាន់ចំពោះជាតិផងដែរការដាំដុះនេះអាចនាំចេញទៅក្រៅស្រុកបាន ផងដែរ អ្នកខ្លះទៀតយកការដាំដុះនេះជាមុខរបរនាំយកទៅទីក្រុងដើម្បីលក់ដូរ។ -អាជីវកម្មព្រៃឈើប្រជាជនមួយបានយកការកាប់ព្រៃឈើធ្វើជាអាជីវកម្មដើម្បីចិញ្ចឹមជីវិតហើយអាជីវកម្ម នេះមួយចំនួនអាចយកធ្វើជាអុសធ្យូងផ្ទះគ្រែកៅអីជាដើមគឺទាំងអស់នេះ ក៏ជាការសំខាន់ដែរដើម្បីយកទៅលក់ដូរដើម្បីដោះដូរជីវភាពបានប៉ុន្តែការធ្វើអាជីវកម្មព្រៃឈើនេះក៏អាចបង្កដល់អំពើខុសច្បាប់ដែរហើយអាចមានសំឡេងរំខានដល់អ្នកដទៃផងដែរ។ -ការនេសាទក៏អាចដោះដូរជីវភាពបានតែប្រជាជនមួយចំនួនបានយកការនេសាទនេះ ចិញ្ចឹមជីវិតនិងគ្រួសារការនេសាទឬមានច្រើនបែបណាដូចជាការនេសាទត្រីការនេសាទសត្វ ការនេសាទនៅសមុទ្រជាដើម។,15,5,1,0.3333333333333333,0.3362003632737921,1,5,0,0
212,តើសេដ្ឋកិច្ចកម្ពុជាពឹងផ្អែកលើវិស័យអ្វីជាសំខាន់?     ក/ ហេតុអ្វីបានជាគេនិយាយថាកម្ពុជាជាប្រទេសកសិកម្ម?     ខ/ តើគេចែកកសិករជាប៉ុន្មានប្រភេទ?អ្វីខ្លះ?,សេដ្ឋកិច្ចកម្ពុជាពឹងផ្អែកលើវិស័យកសិកម្មជាសំខាន់។   ក/ បានជាគេនិយាយថាកម្ពុជាជាប្រទេសឧស្សាហកម្មព្រោះ៖  _  សណ្ឋានដី : ដីមានជីវជាតិល្អនិងសម្បូរទំនាបល្បាប់   _ ផ្លូវទឹក : ផ្លូវទឹកខ្វាត់ខ្វែងងាយស្រួលដល់ការដាំដុះ  _ ប្រជាជន : ប្រជាជនខ្មែរភាគច្រើនចូលចិត្តធ្វើកសិកម្ម  _ អាកាសធាតុ : ទទួលអាកាសធាតុក្តៅសើម  _ កសិកម្មផ្តល់ផល50%នៃផលិតផលជាតិសរុប។  ខ/ គេចែកកសិករទាំងនោះជា4ប្រភេទគឺ៖  _ កសិករធ្វើស្រែឬអ្នកស្រែ : និយមធ្វើស្រែ ស្រូវប្រាំង ស្រូវវស្សា ស្រូវឡើងទឹក  _ កសិករតំបន់ដីខ្ពស់ : គេដាំដំណាំជាអចិន្ត្រៃយ៍(ពោត ដំឡូង ចេក កៅស៊ូសណ្តែក)  _ កសិករធ្វើចម្ការដំណាំស្រូវ : គេដាំដំណាំតាមមាត់ទន្លេ ចិញ្ចឹមសត្វនិងនេសាទ  _ កសិករភូមិភាគឦសាន: គេធ្វើដំណាំព្រៃដុតមានដូចជាពោត ដំឡូង ស្រូវរុក្ខជាតិយកមើមដទៃទៀត និងបរបាញ់សត្វផងដែរ។,សេដ្ឋកិច្ចកម្ពុជាពឹងផ្អែកលើវិស័យកសិកម្មជាសំខាន់។  ក/ បានជាគេនិយាយថាកម្ពុជាជាប្រទេសកសិកម្មព្រោះអនុគ្រោះដល់វិស័យកសិកម្មជាច្រើនដូចជា៖   _ សណ្ឋានដី : មានលក្ខណៈអនុគ្រោះដល់វិស័យនេះពោលគឺសម្បូរវាលទំនាបនិងតំបន់ខ្ពង់រាបទាបៗប្រកបដោយដីមានជីវជាតិល្អសម្រាប់ដាំដុះ ចិញ្ចឹមសត្វ និងព្រៃឈើ។   _ កម្ពុជាស្ថិតនៅតំបន់ត្រូពិចដែលមានអាកាសធាតុក្តៅហើយសើមដោយទទួលរបបខ្យល់មូសុងមានភ្លៀងធ្លាក់ច្រើននិងមានកម្ដៅគ្រប់គ្រាន់ សម្រាប់ដាំដុះ ចិញ្ចឹមសត្វនិងព្រៃឈើ។   _ ប្រទេសកម្ពុជាសម្បូរផ្លូវទឹកអនុគ្រោះដល់ការដាំដុះ ការចិញ្ចឹមសត្វ និងការនេសាទ។   _ ផ្ដល់ការងារសម្រាប់ប្រជាជន     _ កាត់បន្ថយភាពក្រីក្រប្រជាជន   _ កាត់បន្ថយអត្រាអត់ការងារដល់ប្រជាជន   _ ជាស្បៀងអាហារសម្រាប់ប្រជាជន   _ជាវត្ថុធាតុដើមសម្រាប់ឧស្សាហកម្មក្នុងប្រទេស និងនាំចេញជាច្រើន។  ខ/ គេចែកកសិករទាំងនោះជា4ប្រភេទ៖    _ កសិករធ្វើស្រែចម្ការ: កសិករដែលធ្វើស្រែចម្ការ និងការដាំដុះដំណាំផ្សេងៗ    _ កសិករចិញ្ចឹមសត្វ: គឺជាការចិញ្ចឹមគោ ជ្រូក មាន់ ទា ក្របី    _ កសិករតំបន់ខ្ពង់រាប​ : ការធ្វើកសិកម្មការដាំព្រៃឈើយកទៅលក់    _ កសិករភូមិភាគឦសាន: កសិករដែលប្រកបរបរដោយការដុតព្រៃយកដីធ្វើកសិកម្ម។,20,12,2,0.6,0.4963667686975446,2,10,0,2
213,ហេតុអ្វីបានជាផ្នែកឯកជនជាកម្លាំងដ៏សំខាន់សម្រាប់វិនិយោគ និងធ្វើឲ្យមានកំណើនសេដ្ឋកិច្ចក្នុងប្រទេស?,បានជាផ្នែកឯកជនជាកម្លាំងដ៏សំខាន់សម្រាប់កំណើនសេដ្ឋកិច្ចកម្ពុជាព្រោះ -កម្ពុជាបានអនុវត្តសេដ្ឋកិច្ចទីផ្សារសេរីដោយបានធ្វើកំណែទម្រង់ពីសហគ្រាសរដ្ឋឲ្យក្លាយទៅជាកម្មសិទ្ធិឯកជន -សេដ្ឋកិច្ចទីផ្សារសេរីនាំឲ្យអ្នករកស៊ីចូលចិត្តមករកស៊ីនិងដាក់វិនិយោគទុន -កាលណាភ្នែកឯកជនរឹងមាំអាចជួយបំពេញបន្ថែមលើវិនិយោគសាធារណៈក្នុងវិស័យសេដ្ឋកិច្ចគឺផ្នែកឯកជនអាចស្រូបយកកម្លាំងពលកម្មកើនឡើង។,បានជាផ្នែកឯកជនជាកម្លាំងដ៏សំខាន់សម្រាប់វិនិយោគនិងធ្វើឲ្យមានកំណើនសេដ្ឋកិច្ចក្នុងប្រទេសព្រោះ៖ -ធ្វើឲ្យចំណូលចូលជាតិច្រើន -ធ្វើឲ្យប្រទេសជាតិមានការអភិវឌ្ឍន៍សង្គមមានការទាក់ទាញចំណាប់អារម្មណ៍ពីភ្ញៀវទេសចរណ៍ -ទទួលការចាប់អារម្មណ៍ពីភ្ញៀវបរទេស -ព្រោះមានការធានានយោបាយ -ការមានសន្តិភាពលើការអ្នកវិនិយោគ -ធានាសុវត្ថិភាព -អនុវត្តផ្លូវមនាគមន៍។,15,6,2,0.4,0.26227767883631636,1,4,1,2
214,តើកម្ពុជាមានបេតិកភណ្ឌអ្វីខ្លះ ដែលបានចុះបញ្ជីបេតិកភណ្ឌរូបី និង អរូបីពិភពលោករបស់អង្គការយូណេស្កូ? ចូររៀបរាប់ឱ្យបានប្រាំ។,កម្ពុជាមានបេតិកភណ្ឌដែលបានចុះបញ្ជីបេតិកភណ្ឌរូបី និង អរូបីពិភពលោករបស់អង្គការយូណេស្កូដូចជា     +ល្ខោនខោល     +រមណីយដ្ឋានអង្គរ     +ចាប៉ីដងវែង     +ប្រាសាទព្រះវិហហារ     +ល្ខោនស្រមោលស្បែកធំ     +របាំព្រះរាជទ្រព្យ     +ក្រមាខ្មែរ     +គុនល្បុកតោ     +រមណីយដ្ឋានសម្បូរព្រៃគុក,កម្ពុជាមានបេតិកភណ្ឌដែលបានចុះបញ្ជីបេតិកភណ្ឌរូបី និង អរូបីពិភពលោករបស់អង្គការយូណេស្កូដូចជា     +ល្ខោនខោល     +រមណីយដ្ឋានអង្គរ     +ចាប៉ីដងវែង     +ប្រាសាទព្រះវិហហារ     +ល្ខោនស្រមោលស្បែកធំ     +របាំព្រះរាជទ្រព្យ     +ក្រមាខ្មែរ     +គុនល្បុកតោ     +រមណីយដ្ឋានសម្បូរព្រៃគុក,5,5,4,1.0,1.0,4,5,0,0
215,តើសង្គមខ្មែរនៅសម័យអង្គរមានប៉ុន្មានវណ្ណៈ? វណ្ណៈអ្វីខ្លះ? ចូលរៀបរាប់។,សង្គមខ្មែរនៅសម័យអង្គរមានប្រាំវណ្ណៈគឺ -វណ្ណៈក្សត្រឬរាជវង្សនុវង្ស (ជាស្ដេចគ្រប់គ្រងប្រទេស -វណ្ណៈមន្ត្រី (អ្នករស់នៅក្នុងរាជវាំងបម្រើស្ដេច) -វណ្ណៈព្រាហ្ម៍ឬបុព្វជិត​(គឺជាអ្នកបួស) -វណ្ណៈអ្នកជាឬកសិករ (អ្នករស់នៅនឹងធ្វើស្រែចម្ការ) -វណ្ណៈអ្នកងារឬទាសករ(ទាសករបម្រើគេតកូនតចៅ)។,សង្គមខ្មែរនៅសម័យអង្គរមានប្រាំវណ្ណៈគឺ -វណ្ណៈក្សត្រឬរាជវង្សនុវង្ស: មានបុព្វសិទ្ធណាស់គ្មានការបង់ពន្ធ មានអំណាចគ្រប់គ្រាន់រស់នៅដោយស្រួលមិនចាំបាច់ធ្វើការងារ និងមិននឿយហត់ទេ -វណ្ណៈមន្ត្រី: ឋានានុក្រមរបស់ពួកគេអាចសម្គាល់តាមរយៈឥស្សតិយយសនិងចំនួនផ្ទះប្រកក្បឿងរបស់ពួកគេ។ -វណ្ណៈអ្នកបួសឬបុព្វជិត​: មានពួកប៉ាន់ឃាប ព្រាហ្ម៍បុរោហិត ជូគូនិងប៉ាវីស៊ី។ -វណ្ណៈអ្នកជា:ពួកមានឋន្តះដូចពួកឈ្មួញសិប្បករ កសិករនិងប្រជារាស្រ្ដសាមញ្ញ -វណ្ណៈអ្នកងារឬទាសករ:ពួកនេះជាបម្រើគេអស់មួយជីវិតតកូនតចៅនេះមានឋានៈទាបបំផុតហើយត្រូវទៅធ្វើការតាមបញ្ជាគេដាក់ឲ្យនឹងគ្មានប្រាក់កម្រៃទេ។ពួកទាសកនេះមានទាសករឈ្លើយសឹក ទាសករតពូជ ទាសករជាជនជាតិភាគតិចនិងទាសករដែលគេចាប់យកមកលក់។,10,10,4,1.0,0.5008770217187244,2,5,2,5
216,តើគេចែកប្រូទីសជាប៉ុន្មានក្រុម?អ្វីខ្លះ?,ប្រូទីសសត្វចែកជា 4 ក្រុមតាមរបៀបរស់នៅនឹងផ្លាស់ទីរបស់វា  +ប្រូតូសូអ៊ែផ្លាស់ទីដោយជើងបញ្ឆោត: អាមីប +ប្រូតូសូអ៊ែផ្លាស់ទីដោយផ្លាសែល : សាឌីយ៉ា +ប្រូតូសូអ៊ែបន្តពូជតាមរយ:ស្ប៉ :ស្ប៉រ៉ូសូអ៊ែ។,គេចែកប្រូទីសសត្វជា 4ប្រភេទគឺ-ប្រូទីសផ្លាស់ទីដោយជើងបញ្ឆោត : អាមីប-ប្រូទីស ផ្លាស់ទីដោយរោមញ័រ : ប៉ារ៉ាមេសុី-ប្រូទីសផ្លាស់ទីដោយ ប្លាសែល-ប្រូទីសផ្លាស់ទីដោយ ស្ប៉។,8,4,2,0.5,0.45550507006015967,2,4,0,0
217,តើព្រះបាទពញាយ៉ាតមានបុត្រប៉ុន្មានអង្គព្រះនាមអ្វីខ្លះ?ជាមួយអ្នកម្នាងណាខ្លះ?,ព្រះបាទពញាយ៉ាតមានបុត្របីអង្គគឺ នារាយណ៍រាជា ជាបុត្រជាមួយម្នាងទេវី ស្រីរាជាជាបុត្រជាមួយបុទុមកេសរ និងធម្មរាជាជាបុត្រជាមួយសុីសង៉ាម(បុត្រីស្ដេចសៀម)។,ព្រះបាទពញាយ៉ាតមានបុត្របីអង្គគឺ នារាយណ៍រាជា ជាបុត្រជាមួយម្នាងទេវី ស្រីរាជាជាបុត្រជាមួយបុទុមកេសរ និងធម្មរាជាជាបុត្រជាមួយសុីសង៉ាម(បុត្រីស្ដេចសៀម)។,5,5,4,1.0,0.9999999999999998,4,5,0,0
218,តើសង្គមខ្មែរនៅសម័យអង្គរមានប៉ុន្មានវណ្ណៈ? វណ្ណៈអ្វីខ្លះ? ចូលរៀបរាប់។,សង្គមខ្មែរនៅសម័យអង្គរមានប្រាំវណ្ណៈគឺ -វណ្ណៈក្សត្រឬរាជវង្សនុវង្ស (ជាស្ដេចគ្រប់គ្រងប្រទេស -វណ្ណៈមន្ត្រី (អ្នករស់នៅក្នុងរាជវាំងបម្រើស្ដេច) -វណ្ណៈព្រាហ្ម៍ឬបុព្វជិត​(គឺជាអ្នកបួស) -វណ្ណៈអ្នកជាឬកសិករ (អ្នករស់នៅនឹងធ្វើស្រែចម្ការ) -វណ្ណៈអ្នកងារឬទាសករ(ទាសករបម្រើគេតកូនតចៅ)។,សង្គមខ្មែរនៅសម័យអង្គរមានប្រាំវណ្ណៈគឺ -វណ្ណៈក្សត្រ -វណ្ណៈមន្ត្រី -វណ្ណៈបុព្វជិត -វណ្ណៈអ្នកជា -វណ្ណៈទាសករ។,10,5,2,0.5,0.7164528162944629,3,7,1,2
219,ហេតុអ្វីបានជាផ្នែកឯកជនជាកម្លាំងដ៏សំខាន់សម្រាប់វិនិយោគនិងធ្វើឲ្យមានកំណើនសេដ្ឋកិច្ចក្នុងប្រទេស?,បានជាផ្នែកឯកជនជាកម្លាំងដ៏សំខាន់សម្រាប់វិនិយោគនិងធ្វើឲ្យមានកំណើនសេដ្ឋកិច្ចក្នុងប្រទេស ព្រោះប្រទេសកម្ពុជាជាប្រទេសអភិវឌ្ឍន៍ សេដ្ឋកិច្ចទីផ្សារដោយបានធ្វើកំណែទម្រង់សហគ្រាសឧស្សាហកម្មឲ្យក្លាយទៅជាកម្មសិទ្ធិឯកជន ។ សេដ្ឋកិច្ចទីផ្សារសេរីនេះនាំឲ្យអ្នករកស៊ីបរទេសចូលចិត្តមកវិនិយោគ ហើយកាលណាផ្នែកឯកជនរឹងមាំមកវិនិយោគ ហើយកាលណាផ្នែកឯកជនមិនរឹងមាំអាចបំពេញបន្ថែមវិនិយោគនិងវិស័យសង្គមកិច្ចមានន័យថាវិស័យឯកជនស្រូបយកកម្លាំងការងារកាន់តែកើនឡើង។,បានជាផ្នែកឯកជនជាកម្លាំងដ៏សំខាន់វិនិយោគនិងធ្វើឲ្យមានកំណើនសេដ្ឋកិច្ចក្នុងប្រទេសព្រោះ -កម្ពុជាជាប្រទេសអនុវត្តសេដ្ឋកិច្ចទីផ្សារសេរីចាប់ពីឆ្នាំមួយពាន់ប្រាំបួនរយកៅសិបបីដែលបានធ្វើកំណែទម្រង់សហគ្រាសឲ្យក្លាយទៅជាកម្មសិទ្ធិឯកជន -សេដ្ឋកិច្ចទីផ្សារសេរីបាននាំឲ្យនៅរស់ស៊ីបរទេស វិនិយោគិន ណាផ្នែកឯកជនដ៏រឹងមាំអាចបំពេញបន្ថែមវិនិយោគជាសាធារណៈក្នុងវិស័យសង្គមកិច្ចមានន័យថាវិស័យឯកជនអាចស្រូបយក-----កម្លាំងការងារកាន់តែច្រើនឡើង។,15,4,1,0.26666666666666666,0.765400881216531,3,11,2,7
220,តើគេចែកប្រូទីសជាប៉ុន្មានក្រុម?អ្វីខ្លះ?,ប្រូទីសសត្វចែកជា 4 ក្រុមតាមរបៀបរស់នៅនឹងផ្លាស់ទីរបស់វា  +ប្រូតូសូអ៊ែផ្លាស់ទីដោយជើងបញ្ឆោត: អាមីប +ប្រូតូសូអ៊ែផ្លាស់ទីដោយផ្លាសែល : សាឌីយ៉ា +ប្រូតូសូអ៊ែបន្តពូជតាមរយ:ស្ប៉ :ស្ប៉រ៉ូសូអ៊ែ។,គេចែកប្រូទីសជា 4 ក្រុមដូចជា  -អាមីប -ភ្នាសសុីតូប្លាស -ប៉ារ៉ាមេសុី -ប្លាសសែល,8,5,2,0.625,0.18335939791611527,1,1,1,4
221,តើកត្តាអ្វីខ្លះដែលធ្វើអោយសម័យអង្គររីកចម្រើនដល់កំពូល?​ ចូលរៀបរាប់។,កត្តាដែលធ្វើអោយសម័យអង្គររីកចម្រើនគឺ: កត្តាព្រះរាជា:ព្រះរាជាចាប់ពីព្រះបាទជ័យវរ្ម័នទី 2 រហូតដល់ព្រះបាទជ័យវរ្ម័នទី 7 សុទ្ធតែជាស្ដេចខ្លាំងពូកែ កត្តានយោបាយ: នយោបាយក្នុងប្រទេសបង្រួបបង្រួមជាតិកសាងនិងការពារទឹកដី នយោបាយក្រៅប្រទេស:ចងសម្ព័ន្ធមិត្តជាមួយប្រទេសធំៗវាយយករដ្ឋតូចដាក់ជាចំណុះ កត្តាសេដ្ឋកិច្ច:រីកចម្រើនលើវិស័យកសិកម្មសិប្បកម្មគណនាគម កត្តាសាសនា:ការឯកភាពគ្នារវាងសាសនាព្រាហ្មនិងព្រះពុទ្ធ កត្តាធនធានមនុស្សបន្សល់ទុកតាំងពីសម័យនគរភ្នំនិងចេនឡាមក។,កត្តាដែលធ្វើអោយសម័យអង្គររីកចម្រើនគឺ: កត្តាព្រះរាជា:ព្រះរាជាចាប់ពីព្រះបាទជ័យវរ្ម័នទី 2 រហូតដល់ព្រះបាទជ័យវរ្ម័នទី 7 សុទ្ធសឹងតែជាស្ដេចខ្លាំងពូកែ កត្តានយោបាយ: នយោបាយក្នុងប្រទេសបង្រួបបង្រួមជាតិកសាងនិងការពារទឹកដី នយោបាយក្រៅប្រទេស:ចងសម្ព័ន្ធមិត្តជាមួយប្រទេសធំៗវាយយករដ្ឋតូចដាក់ជាចំណុះ កត្តាសេដ្ឋកិច្ច:រីកចម្រើនលើវិស័យកសិកម្មសិប្បកម្មគណនាគមន៍ កត្តាសាសនា:ការឯកភាពគ្នារវាងសាសនាព្រាហ្មនិងព្រះពុទ្ធ កត្តាធនធានមនុស្ស:មនុស្សបន្សល់ទុកតាំងពីសម័យនគរភ្នំនិងចេនឡាមក។,10,10,4,1.0,0.9824347263428653,4,10,0,0
222,តើផ្សិតមានរូបរាងខុសៗគ្នាអាស្រ័យនឹងអ្វី? ស្រូបសារធាតុចិញ្ចឹមតាមរយៈអ្វី?,ផ្សិតមានរូបរាងខុសៗគ្នាអាស្រ័យនឹងការតម្រៀបអុីបរបស់វា។ផ្សិតស្រូបសារធាតុចិញ្ចឹមតាមរយ:អុីបដែលដុះចូលទៅក្នុងប្រភពអាហារ។,ផ្សិតមានរូបរាងខុសៗគ្នាអាស្រ័យនឹងការតម្រៀបអុីបរបស់វា។ផ្សិតស្រូបសារធាតុចិញ្ចឹមតាមរយ:អុីបដែលដុះចូលទៅក្នុងប្រភពអាហារ។,10,9,4,0.9,0.9999999999999999,4,10,0,1
223,តើគេចែកប្រូទីសជាប៉ុន្មានក្រុម?អ្វីខ្លះ?,ប្រូទីសសត្វចែកជា 4 ក្រុមតាមរបៀបរស់នៅនឹងផ្លាស់ទីរបស់វា  +ប្រូតូសូអ៊ែផ្លាស់ទីដោយជើងបញ្ឆោត: អាមីប +ប្រូតូសូអ៊ែផ្លាស់ទីដោយផ្លាសែល : សាឌីយ៉ា +ប្រូតូសូអ៊ែបន្តពូជតាមរយ:ស្ប៉ :ស្ប៉រ៉ូសូអ៊ែ។,គេចែកប្រូទីសសត្វជា 4 ក្រុមគឺ  -ប្រូតូសូអ៊ែ ផ្លាស់ទីតាមរយៈស្ប៉(ប្លាស្លូស្យូម) -ប្រូតូសូអ៊ែ ផ្លាស់ទីដោយរោមញ័រ(ប៉ារ៉ាមេសុី) -ប្រូតូសូអ៊ែ ផ្លាស់ទីដោយជើងបញ្ឆោត(អាមីប),8,3,2,0.375,0.7362032320872802,3,6,1,3
224,តើថ្ងៃរំដោះ៧មករា១៩៧៩ មានអត្ថន័យយ៉ាងណាខ្លះចំពោះប្រវត្តិសាស្ត្រកម្ពុជា?,ជាថ្ងៃដែលប្រជាជនខ្មែររួចផុតពីសង្គ្រាមនិងការសម្លាប់ -ជាថ្ងៃដែលប្រជាជនខ្មែរស្គាល់ច្បាប់ពីតម្លៃនៃសន្តិភាព -ជាថ្ងៃដែលប្រជាជនខ្មែរស្គាល់ច្បាប់ពីតម្លៃនៃសន្តិភាព -ប្រទេសកម្ពុជាទទួលបានអធិបតេយ្យភាពនិងបូរណាភាពទឹកដី -ប្រទេសកម្ពុជាទទួលបានឯករាជ្យ -ប្រទេសកម្ពុជាអាចអភិវឌ្ឍន៍ប្រទេសជាតិរបស់ខ្លួន -ប្រទេសកម្ពុជាអាចឈរស្មើមុខមាត់លើឆាកអន្តរជាតិ -ប្រទេសកម្ពុជាកសាងនិងស្ដាយប្រទេសជាតិខ្លួនឯងឡើងវិញ -ប្រទេសកម្ពុជាអាចធ្វើទំនាក់ទំនងជាមួយបណ្ដាប្រទេសនានា.,-ជាថ្ងៃដែលប្រជាជនកម្ពុជារួចផុតពីការសម្លាប់រងារនិងរបបប្រល័យពូជសាសន៍ប៉ុលពត -ជាថ្ងៃដែលដួលរលំនៃរបបកម្ពុជាប្រជាធិបតេយ្យនិងជាថ្ងៃនិងជាថ្ងៃចាប់ផ្ដើមបដិសិទ្ធិនៃរបបសាធារណរដ្ឋប្រជាមតិកម្ពុជា -ជាថ្ងៃដែលប្រជាជនកម្ពុជាទទួលបានសិទ្ធិសេរីភាពនិងសិទ្ធិនៃការសម្រេចជោគវាសនាខ្លួន -ជាថ្ងៃដែលស្ដារនិងស្ករសាមប្រទេសឡើងវិញលើគ្រប់វិស័យស្របតាមឆន្ទៈនិងគោលបំណងរបស់ប្រជាជន -ជាការរស់រាននៅវប្បធម៌ជាតិជំនឿប្រពៃណីសាសនាទំនៀមទម្លាប់និងសិល្បៈ -ជាថ្ងៃដែលកម្ពុជាឈឿនទៅរកឯករាជ្យជាតិសុវត្ថិភាពជាតិសន្តិភាពនិងស្ថុភមង្គល -ជាតិឆ្ងាយស្ដារមុខមាត់ប្រទេសកម្ពុជាឡើងវិញលើឆាកអន្តរជាតិ -ជាថ្ងៃបណ្ដាលឲ្យមានវត្តមានកងទ័ពវៀតណាមជាថ្មីម្ដងទៀតលើទឹកដីកម្ពុជា។,8,8,4,1.0,0.5028787761996489,2,4,2,4
225,ហេតុអ្វីបានជាមនុស្សស្រូបយកខ្យល់ដែលមានកាបូនម៉ណូអុកស៊ីតអាចបង្កគ្រោះថ្នាក់ដល់ស្លាប់បាន?,បានជាមនុស្សស្រូបយកខ្យល់ដែលមានកាបូនម៉ូណូអុកស៊ីដអាចបង្កឲ្យមានគ្រោះថ្នាក់ដល់ស្លាប់ បានព្រោះកាបូនម៉ូណូអុកស៊ីដមានសមត្ថភាពចាប់យក ក្នុងឈាមបានខ្លាំងជាងអុកស៊ីសែន វារារាំងឈាមមិនឲ្យដឹកនាំអុកស៊ីសែនទៅចិញ្ចឹមសរីរាង្គជាពិសេសខួរក្បាលដែលបណ្តាលឲ្យ ស្លាប់និង សន្លប់ ។,បានជាមនុស្សស្រូបយកខ្យល់ដែលមានកាបូនម៉ូណូអុកស៊ីដអាចបង្កគ្រោះថ្នាក់ដល់ស្លាប់បានព្រោះ អុកស៊ីតដែលមនុស្សត្រូវការ ឧស្ម័នកាបូនិចនិងទឹក ទើបអាចរស់បាន ។,5,2,2,0.4,0.5618173220160908,2,3,0,1
226,តើប្រព័ន្ធផលិតកម្មកសិកម្មនៅក្នុងប្រទេសកម្ពុជាមានអ្វីខ្លះ?ចូររៀបរាប់​ ។,ប្រព័ន្ធផលិតកម្មកសិកម្មនៅប្រទេសកម្ពុជាមាន៖    _ ដំណាំ : ដំណាំស្រូវ ដំណាំកៅស៊ូ ដំណាំផ្សេងៗទៀត    _ ការចិញ្ចឹមសត្វ : ការចិញ្ចឹមសត្វលើគោក ការចិញ្ចឹមសត្វក្នុងទឹក    _ ការនេសាទ : ការនេសាទទឹកសាប ការនេសាទទឹកប្រៃ  _ ព្រៃឈើ : ផលិតផលឈើ អនុផលព្រៃឈើ(រកឃ្មុំ ជ័រទឹក វល្លិ៍ ផ្តៅ) សត្វព្រៃ ។,ប្រព័ន្ធផលិតកម្មកសិកម្មនៅប្រទេសកម្ពុជាមាន៖    _ ដំណាំ : ដំណាំស្រូវ ដំណាំកៅស៊ូ ដំណាំផ្សេងៗទៀត    _ ការចិញ្ចឹមសត្វ : ការចិញ្ចឹមសត្វលើគោក ការចិញ្ចឹមសត្វក្នុងទឹក    _ ការនេសាទ : ការនេសាទទឹកសាប ការនេសាទទឹកប្រៃ,10,7,3,0.7,0.8815597257788369,4,9,1,2
227,តើអាមីបរស់នៅកន្លែងណា ?វាបង្កជំងឺអ្វី?,អាមីបរស់នៅកន្លែងដូចជាស្ទឹងបឹងអូរត្រពាំងទន្លេទឹកជ្រោះ។ វាបង្កជំងឺដូចជា ជំងឺរាគមួល ធ្វើឲ្យយើងចុកពោះដោយផឹកទឹកមិនស្អាត,អាមីបគឺជាសត្វឯកកោសិកា ប្រូទីសដែលអាចរស់នៅបានច្រើនកន្លែង ក្នុងទឹក ក្នុងដី ។ វាបង្កជំងឺដូចជា -ជំងឺរាគមួល អាមីប -ជំងឺរលាកស្រោមខួរក្បាល -ការឆ្លងមេរោគនៅភ្នែកឬស្បែក។,8,7,4,0.875,0.3631220089921023,1,3,3,4
228,តើប្រព័ន្ធផលិតកម្មកសិកម្មនៅប្រទេសកម្ពុជាមានអ្វីខ្លះ?,ប្រព័ន្ធផលិតកម្មកសិកម្មនៅកម្ពុជាមានដូចជាដំណាំដំណាំស្រូវនិងកៅស៊ូដឹកនាំផ្សេងៗទៀតការចិញ្ចឹមសត្វបានចិញ្ចឹមសត្វលើគោកការចិញ្ចឹមសត្វក្នុងទឹកការនេសាទការនេសាទទឹកសាបការនេសាទទឹកប្រៃ  ព្រៃឈើអនុផលព្រៃឈើរកឃ្មុំជ័រទឹកក្តៅសត្វព្រៃ,ប្រព័ន្ធផលិតកម្មកសិកម្មនៅប្រទេសកម្ពុជាមាន​ដូចជា៖ -ដំណាំមាន ៥០.៧%(ស្រូវ ពោត ដំឡូង ក្រចៅ ថ្នាំជក់ ចម្ការកោស៊ូ) -ការចិញ្ចិមសត្វ ១៥.៥%(គោ មាន់ ទា​ ក្របី ត្រី និងការនេសាទ) -ការនេសាទ២៥% ការឆក់ត្រី ទឹកសាប ទឹកប្រៃ -ព្រៃឈើអាជីវកម្ម ៦.៨% (ការប្រកបរបរអាំជីវកម្មព្រៃឈើ)។,15,10,3,0.6666666666666666,0.4289484848985823,2,6,1,4
229,តើគេចែកយុគសម័យបុរេប្រវត្តិសាស្ត្រកម្ពុជាជាប៉ុន្មានយុគសម័យ?អ្វីខ្លះ?,គេចែកយុគសម័យបុរេប្រវត្តិសាស្ត្រកម្ពុជាជាបីយុគសម័យគឺ -យុគថ្មបំបែក (600000 - 12000 ឆ្នាំមុនគ.ស) -យុគថ្មរលីងឬសំលៀង (8000 - 2000 ឆ្នាំមុនគ.ស) -យុគលោហៈ(2000-100 ឆ្នាំមុនគ.ស)។,គេចែកយុគសម័យបុរេប្រវត្តិសាស្ត្រកម្ពុជាជាបីយុគសម័យគឺ -យុគថ្មបំបែក -យុគថ្មរលីង -យុគលោហៈ។,5,3,2,0.6,0.5595966628725768,2,3,0,0
230,តើអ្វីជាសង្គ្រាមត្រជាក់? តើសង្គ្រាមត្រជាក់ផ្ដល់ផលវិបាកអ្វីខ្លះដល់កម្ពុជា?,សង្គ្រាមត្រជាក់ជាការប្រឈមមុខដាក់គ្នាដោយប្រយោលរវាងសហរដ្ឋអាមេរិចនិងសហភាពសូវៀត ដោយធ្វើការប្រណាំងប្រជែងគ្នាលើផ្នែក  សេដ្ឋកិច សព្វាវុធ យោធា និងបច្ចេកទេស។ សង្រ្គាមត្រជាក់បានផ្ដល់ផលវិបាកកម្ពុជាដូចជា៖ -គ្រាប់បែករបស់សហរដ្ឋអាមេរិក 1669 ដល់ 1973  -សង្គ្រាមស៊ីវិលក្នុងប្រទេសពីឆ្នាំ 1970 ដល់ 1975 និងកើតមានម្តងទៀតពីឆ្នាំ 1979 ដល់ឆ្នាំ 1991 ដែលកើតចេញពីការប្រឆាំងគ្នារវាងក្រុមកុម្មុយនិស្តនិងសេរីនិយម -ការសម្លាប់ប្រជាជនឯងក្រោមរបស់ប្រល័យពូជសាសន៍ឆ្នាំ 1975 និងឆ្នាំ 1979  -ការផ្លាស់ប្ដូរនយោបាយជាញឹកញាប់រហូតមានការមានកិច្ចព្រមព្រៀងសន្តិភាពក្រុងប៉ារីសថ្ងៃទី 23 តុលាឆ្នាំ 1991។,ដែលហៅថាសង្គ្រាមត្រជាក់ គឺជាសង្គ្រាមដែលកើតឡើងរវាងប្រទេសមហាអំណាច និងប្រទេសដទៃទៀត។ សង្រ្គាមត្រជាក់បានផ្ដល់ផលវិបាកកម្ពុជាដូចជា៖ -ប៉ះពាល់ដល់វិស័យពាណិជ្ជកម្មក្នុងប្រទេសកម្ពុជា -សេដ្ឋកិច្ចធ្លាក់ចុះ -ប៉ះពាល់ដល់ប្រព័ន្ធអប់រំ -អាចបិទផ្លូវគមនាគមន៌ -ប្រទេសមានចលាចលបាត់បង់ការគ្រប់គ្រង់ក្នុងប្រទេស -បក្សពួកនិយមធ្វើការប្រឆាំងនឹងព្រះមហាក្សត្រ -ធ្វើឱ្យនយោបាយអព្យាក្រឹតដើរមិនចំទិស -កម្ពុជាធ្លាក់ក្នុងភ្នក់ភ្លើងសង្គ្រាម -កង្វះខាតស្បៀងអាហារ -តម្លៃទំនិញឡើងថ្លៃ។,10,7,3,0.7,0.27088473934178703,1,3,2,4
231,តើគេចែកប្រូទីសជាប៉ុន្មានក្រុម?អ្វីខ្លះ?,ប្រូទីសសត្វចែកជា 4 ក្រុមតាមរបៀបរស់នៅនឹងផ្លាស់ទីរបស់វា  +ប្រូតូសូអ៊ែផ្លាស់ទីដោយជើងបញ្ឆោត: អាមីប +ប្រូតូសូអ៊ែផ្លាស់ទីដោយផ្លាសែល : សាឌីយ៉ា +ប្រូតូសូអ៊ែបន្តពូជតាមរយ:ស្ប៉ :ស្ប៉រ៉ូសូអ៊ែ។,ប្រូទីសសត្វចែកជា 4 ក្រុមតាមរបៀបរស់នៅនឹងផ្លាស់ទីរបស់វា  +ប្រូតូសូអ៊ែផ្លាស់ទីដោយជើងបញ្ឆោត: អាមីប +ប្រូតូសូអ៊ែផ្លាស់ទីដោយផ្លាសែល : សាឌីយ៉ា +ប្រូតូសូអ៊ែបន្តពូជតាមរយ:ស្ប៉ :ស្ប៉រ៉ូសូអ៊ែ។,8,5,2,0.625,1.0,4,8,2,3
232,តើកត្តាអ្វីខ្លះដែលធ្វើអោយសម័យអង្គររីកចម្រើនដល់កំពូល?​ ចូលរៀបរាប់។,កត្តាដែលធ្វើអោយសម័យអង្គររីកចម្រើនគឺ: កត្តាព្រះរាជា:ព្រះរាជាចាប់ពីព្រះបាទជ័យវរ្ម័នទី 2 រហូតដល់ព្រះបាទជ័យវរ្ម័នទី 7 សុទ្ធតែជាស្ដេចខ្លាំងពូកែ កត្តានយោបាយ: នយោបាយក្នុងប្រទេសបង្រួបបង្រួមជាតិកសាងនិងការពារទឹកដី នយោបាយក្រៅប្រទេស:ចងសម្ព័ន្ធមិត្តជាមួយប្រទេសធំៗវាយយករដ្ឋតូចដាក់ជាចំណុះ កត្តាសេដ្ឋកិច្ច:រីកចម្រើនលើវិស័យកសិកម្មសិប្បកម្មគណនាគម កត្តាសាសនា:ការឯកភាពគ្នារវាងសាសនាព្រាហ្មនិងព្រះពុទ្ធ កត្តាធនធានមនុស្សបន្សល់ទុកតាំងពីសម័យនគរភ្នំនិងចេនឡាមក។,កត្តាដែលធ្វើអោយសម័យអង្គររីកចម្រើនគឺ: កត្តាព្រះរាជា:ព្រះរាជាចាប់ពីព្រះបាទជ័យវរ្ម័នទី 2 រហូតដល់ព្រះបាទជ័យវរ្ម័នទី 7 សុទ្ធសឹងតែជាស្ដេចខ្លាំងពូកែ កត្តានយោបាយ: នយោបាយក្នុងប្រទេសបង្រួបបង្រួមជាតិកសាងនិងការពារទឹកដី នយោបាយក្រៅប្រទេស:ចងសម្ព័ន្ធមិត្តជាមួយប្រទេសធំៗវាយយករដ្ឋតូចដាក់ជាចំណុះ កត្តាសេដ្ឋកិច្ច:រីកចម្រើនលើវិស័យកសិកម្មសិប្បកម្មគណនាគមន៍ កត្តាសាសនា:ការឯកភាពគ្នារវាងសាសនាព្រាហ្មនិងព្រះពុទ្ធ កត្តាធនធាន:មនុស្សបន្សល់ទុកតាំងពីសម័យនគរភ្នំនិងចេនឡាមក។,10,10,4,1.0,0.9820286341106705,4,10,0,0
233,តើអាមីបរស់នៅកន្លែងណា ?វាបង្កជំងឺអ្វី?,អាមីបរស់នៅកន្លែងដូចជាស្ទឹងបឹងអូរត្រពាំងទន្លេទឹកជ្រោះ។ វាបង្កជំងឺដូចជា ជំងឺរាគមួល ធ្វើឲ្យយើងចុកពោះដោយផឹកទឹកមិនស្អាត,អាមីបរស់នៅកន្លែងមិនស្អាតដូចជា ដីភក់ ទឹកកង្វក់ វាអាចរស់នៅក្នុងពោះវៀនមនុស្ស។ ហើយវាអាចបង្កជំងឺរាគរូស។,8,3,2,0.375,0.2989088780451282,1,2,1,1
234,តើអាមីបរស់នៅកន្លែងណា ?វាបង្កជំងឺអ្វី?,អាមីបរស់នៅកន្លែងដូចជាស្ទឹងបឹងអូរត្រពាំងទន្លេទឹកជ្រោះ។ វាបង្កជំងឺដូចជា ជំងឺរាគមួល ធ្វើឲ្យយើងចុកពោះដោយផឹកទឹកមិនស្អាត,អាមីបរស់នៅកន្លែងមិនស្អាតដូចជា ដីភក់ ទឹកកង្វក់ វាអាចរស់នៅក្នុងពោះវៀនមនុស្ស។ ហើយវាអាចបង្កជំងឺរាគរូស។,8,6,3,0.75,0.2989088780451282,1,2,2,4
235,សេដ្ឋកិច្ចកម្ពុជាពឹងផ្អែកលើវិស័យកសិកម្មជាសំខាន់៖ ​ក.​ ហេតុអ្វីបានជាគេនិយាយថាកម្ពុជាជាប្រទេសកសិកម្ម? ខ. តើគេចែកកសិករទាំងនោះជាប៉ុន្មានប្រភេទ?,សេដ្ឋកិច្ចកម្ពុជាបានផ្អែកលើវិស័យកសិកម្មជាសំខាន់៖ ក​. បានជាគេនិយាយថាប្រទេសកម្ពុជាជាប្រទេសកសិកម្មដោយសារ -ផ្ទៃដីនៅប្រទេសកម្ពុជាប្រហែល៩០ភាគរយសិតតែដំណាំស្រូវ -ប្រជាជនកកម្ពុជា ៧០.៣ភាគរយធ្វើកសិកម្ម -កសិកម្មជួយឲ្យប្រជាជនកម្ពុជាមានការងារធ្វើ -ប្រជាជននិយមធ្វើកសិកម្ម -ដីនៅកម្ពុជាប្រកបជាមួយកាធ្វើកសិកម្ម -កម្ពុជាមានអាកាសធាតុសមស្របសម្រាប់ធ្វើកសិកម្ម ខ. គេចែកកសិកម្មទាំងនោះជាពីរប្រភេទ៖ +កសិករខ្នាតតូច -ធ្វើកសិកម្មដើម្បីជីវិត -ធ្វើលក្ខណៈតិចតួច ទុកតែបរិភោគសម្រាប់គ្រួសារ -មិនលក់ឲ្យអ្នកណា +កសិករខ្នាតធំ -ធ្វើកសិកម្មច្រើនហើយទុកសម្រាប់លក់ឬនាំចេញទៅក្រៅប្រទេស -ធ្វើមួយឆ្នាំអាចទៅពីរលើក -ធ្វើលក្ខណៈច្រើន ដើម្បីលក់និងនាំចេញ។,សេដ្ឋកិច្ចកម្ពុជាបានផ្អែកលើវិស័យកសិកម្មជាសំខាន់ព្រោះ៖ ក. បានជាគេនិយាយថាកម្ពុជាជាប្រទេសកសិកម្មព្រោះប្រជាជននៅតាមទីជនបទជាកសិករធ្វើចម្ការ និងដាំស្រូវ ហើយផ្ទៃដីនៅ ប្រទេសកម្ពុជាគឺអំណោយផកដីមានជីជាតិដែលអនុគ្រោះដល់វិស័យកសិកម្ម។ ខ. គេចែកកសិករទាំងនោះជា៣ប្រភេទ៖ -កសិករដាំស្រូវ -កសិករមិនធ្វើស្រែ -កសិករធ្វើចម្ការតែមិនដាំស្រូវ។,15,9,2,0.6,0.482763150427396,2,7,0,2
236,តើអ្វីជាសង្គ្រាមត្រជាក់? តើសង្គ្រាមត្រជាក់ផ្ដល់ផលវិបាកអ្វីខ្លះដល់កម្ពុជា?,សង្គ្រាមត្រជាក់ជាការប្រឈមមុខដាក់គ្នាដោយប្រយោលរវាងសហរដ្ឋអាមេរិចនិងសហភាពសូវៀត ដោយធ្វើការប្រណាំងប្រជែងគ្នាលើផ្នែក  សេដ្ឋកិច សព្វាវុធ យោធា និងបច្ចេកទេស។ សង្រ្គាមត្រជាក់បានផ្ដល់ផលវិបាកកម្ពុជាដូចជា៖ -គ្រាប់បែករបស់សហរដ្ឋអាមេរិក 1669 ដល់ 1973  -សង្គ្រាមស៊ីវិលក្នុងប្រទេសពីឆ្នាំ 1970 ដល់ 1975 និងកើតមានម្តងទៀតពីឆ្នាំ 1979 ដល់ឆ្នាំ 1991 ដែលកើតចេញពីការប្រឆាំងគ្នារវាងក្រុមកុម្មុយនិស្តនិងសេរីនិយម -ការសម្លាប់ប្រជាជនឯងក្រោមរបស់ប្រល័យពូជសាសន៍ឆ្នាំ 1975 និងឆ្នាំ 1979  -ការផ្លាស់ប្ដូរនយោបាយជាញឹកញាប់រហូតមានការមានកិច្ចព្រមព្រៀងសន្តិភាពក្រុងប៉ារីសថ្ងៃទី 23 តុលាឆ្នាំ 1991។,សង្គ្រាមត្រជាក់ជាការប្រឈមមុខដាក់គ្នាដោយប្រយោលរវាងសហរដ្ឋអាមេរិចនិងសហភាពសូវៀត ដោយធ្វើការប្រណាំងប្រជែងគ្នាលើផ្នែក  សេដ្ឋកិច សព្វាវុធ យោធា និងបច្ចេកទេស។ សង្រ្គាមត្រជាក់បានផ្ដល់ផលវិបាកកម្ពុជាដូចជា៖ -គ្រាប់បែករបស់សហរដ្ឋអាមេរិក 1669 ដល់ 1973  -សង្គ្រាមស៊ីវិលក្នុងប្រទេសពីឆ្នាំ 1970 ដល់ 1975 និងកើតមានម្តងទៀតពីឆ្នាំ 1979 ដល់ឆ្នាំ 1991 ដែលកើតចេញពីការប្រឆាំងគ្នារវាងក្រុមកុម្មុយនិស្តនិងសេរីនិយម -ការសម្លាប់ប្រជាជនឯងក្រោមរបស់ប្រល័យពូជសាសន៍ឆ្នាំ 1975 និងឆ្នាំ 1979  -ការផ្លាស់ប្ដូរនយោបាយជាញឹកញាប់រហូតមានការមានកិច្ចព្រមព្រៀងសន្តិភាពក្រុងប៉ារីសថ្ងៃទី 23 តុលាឆ្នាំ 1991។,10,9,4,0.9,1.0,4,10,0,1
237,ហេតុអ្វីបានជាផ្នែកឯកជនជាកម្លាំងដ៏សំខាន់សម្រាប់វិនិយោគនិងធ្វើឲ្យមានកំណើនសេដ្ឋកិច្ចក្នុងប្រទេស?,បានជាផ្នែកឯកជនជាកម្លាំងដ៏សំខាន់សម្រាប់វិនិយោគនិងធ្វើឲ្យមានកំណើនសេដ្ឋកិច្ចក្នុងប្រទេស ព្រោះប្រទេសកម្ពុជាជាប្រទេសអភិវឌ្ឍន៍ សេដ្ឋកិច្ចទីផ្សារដោយបានធ្វើកំណែទម្រង់សហគ្រាសឧស្សាហកម្មឲ្យក្លាយទៅជាកម្មសិទ្ធិឯកជន ។ សេដ្ឋកិច្ចទីផ្សារសេរីនេះនាំឲ្យអ្នករកស៊ីបរទេសចូលចិត្តមកវិនិយោគ ហើយកាលណាផ្នែកឯកជនរឹងមាំមកវិនិយោគ ហើយកាលណាផ្នែកឯកជនមិនរឹងមាំអាចបំពេញបន្ថែមវិនិយោគនិងវិស័យសង្គមកិច្ចមានន័យថាវិស័យឯកជនស្រូបយកកម្លាំងការងារកាន់តែកើនឡើង។,បានជាផ្នែកឯកជនជាកម្លាំងដ៏សំខាន់សម្រាប់វិនិយោគនិងធ្វើឪ្យមានកំណើនសេដ្ឋកិច្ចក្នុងប្រទេសព្រោះដោយសារតែ ឯកជនគឺជាមុខងារដ៏សំខាន់សម្រាប់វិនិយោគលើគ្រប់វិស័យដែលមាននៅក្នុងប្រទេសសម្រាប់ការនាំចេញនូវអ្វីដែលពួកឯកជនបានវិនិយោគយកទៅក្រៅស្រុកដើម្បីធ្វើមានកំណើនចូលមកក្នុងប្រទេសជាតិ ឯកជនជាមុខងារសំខាន់មួយដែលភ្នាក់ងារដែលអ្នកផលិតផលផ្សេងៗសម្រាប់យកពួកឯកជនមកវិនិយោគជាមួយដើម្បីនាំយកចេញទៅក្រៅស្រុកនិងជាផ្នែកមួយដ៏សំខាន់ដែលធ្វើឪ្យមានកំណើនសេដ្ឋកិច្ចក្នុងប្រទេសជាតិ។,15,8,2,0.5333333333333333,0.4808357211114148,2,7,0,1
238,តើដំណាក់កាលទាំងពីរនៃវដ្ដជីវីតរបស់រុក្ខជាតិមានអ្វីខ្លះ? ចូររៀបរាប់។,ដំណាក់កាល ទាំងពីរនៃវដ្ដជីវិតរបស់រុក្ខជាតិមាន  - ដំណាក់កាលស្ប៉រ៉ូភីត គឺជារុក្ខជាតិផលិតស្ប៉។ វាជាកោសិកាតូចៗដែលអាចលូតលាស់ជាសារពាង្គកាយថ្មី  -ស្ប៉លូតលាស់ក្នុងដំណាក់កាលផ្សេងទៀតនៃរុក្ខជាតិ ហៅថាកាម៉ែតូភីត។ ក្នុងដំណាក់កាលនៃរុក្ខជាតិផលិតកោសិកាភេទពីរបែប គឺកាម៉ែតឈ្មោល និងកាម៉ែតញី ។ កាម៉ែតញី និង កាម៉ែតឈ្មោលលាយចូលគ្នា បង្កើតបានជាសុីកូត។ បន្ទាប់មកទៀត សុីកូតលូតលាស់ទៅជាស្ប៉រ៉ូភីត។ស្ប៉រ៉ូភីតផលិតស្ប៉លូតលាស់ក្នុងកាម៉ែតូភីត កាម៉ែតូភីតផលិតកាម៉ែតញី និងកាម៉ែតឈ្មោល ហើយវដ្ដផ្ដើមសារជាថ្មី។,ដំណាក់កាល ទាំងពីរនៃជីវិតរបស់រុក្ខជាតិមាន 2 គឺ ស្ប៉រ៉ូភីតនិងកាម៉ែតូភីត +ដំណាក់កាលស្ប៉រ៉ូភីត គឺរុក្ខជាតិផលិតស្ប៉។វាជាកោសិកាតូចៗដែលអាចលូតលាស់ជាសារពាង្គកាយថ្មី។ +ស្ប៉លូតលាស់ក្នុងដំណាក់កាលមួយផ្សេងនៃរុក្ខជាតិហៅថា កាម៉ែតភីត។,15,13,3,0.8666666666666667,0.75256290859661,3,11,0,2
239,តើគេចែកយុគសម័យបុរេប្រវត្តិសាស្ត្រកម្ពុជាជាប៉ុន្មានយុគសម័យ?អ្វីខ្លះ?,គេចែកយុគសម័យបុរេប្រវត្តិសាស្ត្រកម្ពុជាជាបីយុគសម័យគឺ -យុគថ្មបំបែក (600000 - 12000 ឆ្នាំមុនគ.ស) -យុគថ្មរលីងឬសំលៀង (8000 - 2000 ឆ្នាំមុនគ.ស) -យុគលោហៈ(2000-100 ឆ្នាំមុនគ.ស)។,គេចែកយុគសម័យបុរេប្រវត្តិសាស្ត្រកម្ពុជាជាបីយុគសម័យគឺ -យុគថ្មបំបែក (600000 - 12000 ឆ្នាំមុនគ.ស) -យុគថ្មរលីងឬសំលៀង (8000 - 2000 ឆ្នាំមុនគ.ស) -យុគលោហៈ(2000-100 ឆ្នាំមុនគ.ស)។,5,5,4,1.0,1.0,4,5,0,0
240,ចូរពណ៌នាពីពីការអភិវឌ្ឍសេដ្ឋកិច្ច សង្គម នៅកម្ពុជាពីឆ្នាំ១៩៩៣ មកទល់សព្វថ្ងៃ?,ពណ៌នាពីពីការអភិវឌ្ឍសេដ្ឋកិច្ច សង្គម នៅកម្ពុជាពីឆ្នាំ១៩៩៣ មកទល់សព្វថ្ងៃ .វិស័យសេដ្ឋកិច្ច:  +សេដ្ឋកិច្ចកម្ពុជាមានការរីកចម្រើនឡើងជាបន្តបន្ទាប់ដែលធ្វើឲ្យប្រទេសកម្ពុជាមានជីវភាពល្អប្រសើរ។ +កសិកម្មរីកចម្រើនខាងដាំដំណាំស្រូវទទួលបានទិន្នផលខ្ពស់ជាបន្តបន្ទាប់ +ឧស្សាហកម្មមានតំណាងរោងចក្រច្រើនកន្លែងនិងលើកឡើងនៅសហគ្រឿងធំៗដែលបានផ្ដល់ចំណូលដល់ប្រជាពលរដ្ឋ +ពាណិជ្ជកម្មកាលនាំចូលមកក្នុងប្រទេសនិងមានវិនិយោគក្នុងប្រទេស +គមនាគមន៍កសាងស្ពានផ្លូវថ្នល់អាកាសយានដ្ឋានផ្គត់ផ្គង់ប្រព័ន្ធទឹកពីទីក្រុងដល់ជនបទ កំពុងផែ +ហិរញ្ញវត្ថុមានស្ថេរភាពក្នុងអត្រាប្ដូរប្រាក់ +ធនាគារលើកឡើងនៅធនាគារជាតិហ្នឹងឯកជនជាច្រើន .វិស័យសង្គម +ការអប់រំសិក្សា បង្កើតសាលារៀនគ្រប់កម្រិតពីមត្តីរហូតដល់ឧត្តមសិក្សាបណ្ដុះបណ្ដាលធនធានមនុស្សនិងបញ្ជូននិស្សិតឲ្យទៅរៀននៅក្រៅប្រទេស។ +វប្បធម៌អរិយធម៌ ស្ដារវប្បធម៌ឡើងវិញនិងដាក់បញ្ចូលជាសម្បត្តិបេតិកភណ្ឌពិភពលោកចាប់ផ្ដើមប្រជាជនមានសិទ្ធិជឿលើសាសនា។ +សុខាភិបាលបង្កើតឲ្យមានមន្ទីរពេទ្យលោកសុខភាពនិងឱសថសាស្ត្រ +សិល្បៈបង្កើតឲ្យមានសាលាសាកលវិទ្យាល័យសិល្បៈ.,ពណ៌នាពីពីការអភិវឌ្ឍសេដ្ឋកិច្ច សង្គម នៅកម្ពុជាពីឆ្នាំ១៩៩៣ មកទល់សព្វថ្ងៃ -កម្ពុជាមានការកើនឡើងនៅផលិតផលនិងការនាំចេញទៅក្រៅប្រទេសជាមួយប្រទេសធំៗលើពិភពលោកពិសេសប្រទេសមហាអំណាចធំៗ -មានការរីកចម្រើនផ្នែកឧស្សាហកម្មសំបូរទៅដោយរោងចក្រកាត់ដេរដែលធ្វើប្រជាជនមានការងារធ្វើ +វិស័យ -វិស័យហិរញ្ញវត្ថុមានអតិភាពក្រដាសប្រាក់ -វិស័យទេសចរណ៍ការកើនឡើងនៅភ្ញៀវទេសចរណ៍បង្កើតការងារប្រាក់ចំណូលដល់ប្រជាពលរដ្ឋដោយបំពាក់ប្រព័ន្ធទឹកភ្លើងពីទីក្រុងដើរជនបទ +វិស័យសង្គមវប្បធម៌ -អប់រំសិក្សាបង្កើតសាលារៀនគ្រប់កម្រិតគ្រប់ទីកន្លែងនិងបង្កើតធនធានមនុស្ស -សុខាភិបាលសាងសង់មន្ទីរពេទ្យមនុស្សសុខភាពពីទីក្រុងដល់ជនបទ -វប្បធម៌កោះកែរស់យកវប្បធម៌ឡើងវិញ -សាសនាសុខដុមរមនាកម្មខាងសាសនា -អរិយធម៌របៀបរបបប្រពៃណីនៃការរស់នៅ,10,8,3,0.8,0.5260476876102821,2,5,1,3
241,ហេតុអ្វីបានជាផ្នែកឯកជនជាកម្លាំងដ៏សំខាន់សម្រាប់វិនិយោគនិងធ្វើឲ្យមានកំណើនសេដ្ឋកិច្ចក្នុងប្រទេស?,បានជាផ្នែកឯកជនជាកម្លាំងដ៏សំខាន់សម្រាប់វិនិយោគនិងធ្វើឲ្យមានកំណើនសេដ្ឋកិច្ចក្នុងប្រទេស ព្រោះប្រទេសកម្ពុជាជាប្រទេសអភិវឌ្ឍន៍ សេដ្ឋកិច្ចទីផ្សារដោយបានធ្វើកំណែទម្រង់សហគ្រាសឧស្សាហកម្មឲ្យក្លាយទៅជាកម្មសិទ្ធិឯកជន ។ សេដ្ឋកិច្ចទីផ្សារសេរីនេះនាំឲ្យអ្នករកស៊ីបរទេសចូលចិត្តមកវិនិយោគ ហើយកាលណាផ្នែកឯកជនរឹងមាំមកវិនិយោគ ហើយកាលណាផ្នែកឯកជនមិនរឹងមាំអាចបំពេញបន្ថែមវិនិយោគនិងវិស័យសង្គមកិច្ចមានន័យថាវិស័យឯកជនស្រូបយកកម្លាំងការងារកាន់តែកើនឡើង។,បានជាផ្នែកឯកជនជាកម្លាំងដ៏សំខាន់សម្រាប់វិនិយោគនិងធ្វើឲ្យមានកំណើនសេដ្ឋកិច្ចក្នុងប្រទេសពីព្រោះ កម្ពុជាបានចូលជាអង្គការសេដ្ឋកិច្ចទីផ្សារសេរីឆ្នាំ 1993 ដែលធ្វើឲ្យសេដ្ឋកិច្ចទីផ្សារសេរីសំបូរបរទេសមកវិនិយោគបរទេសចូលចិត្តមកដាក់ពន្ធនៅប្រទេសកម្ពុជាសម្បូរឧស្សាហកម្ម រ៉ែធម្មជាតិជាច្រើនដែលធ្វើឲ្យពួកបរទេសចូលមកវិនិយោគប្រទេសកម្ពុជាយើង។,15,13,3,0.8666666666666667,0.5588923827435527,2,8,1,5
242,តើគេចែកប្រូទីសជាប៉ុន្មានក្រុម?អ្វីខ្លះ?,ប្រូទីសសត្វចែកជា 4 ក្រុមតាមរបៀបរស់នៅនឹងផ្លាស់ទីរបស់វា  +ប្រូតូសូអ៊ែផ្លាស់ទីដោយជើងបញ្ឆោត: អាមីប +ប្រូតូសូអ៊ែផ្លាស់ទីដោយផ្លាសែល : សាឌីយ៉ា +ប្រូតូសូអ៊ែបន្តពូជតាមរយ:ស្ប៉ :ស្ប៉រ៉ូសូអ៊ែ។,ប្រូទីសសត្វចែកជា 4 ក្រុមតាមរបៀបរស់នៅនឹងផ្លាស់ទីរបស់វា  +ប្រូតូសូអ៊ែផ្លាស់ទីដោយជើងបញ្ឆោត: អាមីប +ប្រូតូសូអ៊ែផ្លាស់ទីដោយផ្លាសែល : សាឌីយ៉ា +ប្រូតូសូអ៊ែបន្តពូជតាមរយ:ស្ប៉ :ស្ប៉រ៉ូសូអ៊ែ។,8,4,2,0.5,1.0,4,8,2,4
243,តើកត្តាអ្វីខ្លះដែលបណ្ដាលឲ្យសៀមវាយបែកបន្ទាយលង្វែក?,កត្តាដែលបណ្ដាលឲ្យសៀមវាយបន្ទាយលង្វែកព្រះរាជាព្រះសត្ថាទីមួយឆោតល្ងង់ទៅជួយរំដោះក្រុងឰយុធ្យារបស់សៀមមកពីការត្រួតត្រាភូមាសៀមរមិលគុណប្រើល្បិចបញ្ជូនសល់ពីរអង្គ យកការវិបត្តិផ្ទៃក្នុងជាជួរជលសារលោករវល់ នាដើមម៉ឺនមន្ត្រីប្រជារាស្ត្រមិនពេញចិត្តដែលតែងទៅកូនអាយុដប់មួយវស្សា ឲ្យកូនរៀននៅ ក្នុងនាម មហាឧបរាជ ធ្វើឲ្យប្រជារាស្ត្របាត់បង់ស្មារតីប្រយុទ្ធប្រជារាស្ត្រខ្មែរក្រីក្រឆោតល្ងង់ចង់បានប្រាក់ដួលក៏នាំគ្នាកាប់ឆ្ការគុម្ពឫស្សីដែលជារបងការពារបន្ទាយលង្វែកដ៏រឹងមាំ រីប្រទេសខ្មែរហាក់បីដូចជាបាត់បង់សាមគ្គីដូចជាស្ថានីយមួយនាំកូនទាំងពីររត់ភៀសខ្លួនទៅប្រទេសឡាវមិនគិតពីប្រជារាស្ត្រនាំឲ្យប្រជាជន អស់ជំនឿ,កត្តាដែលបណ្តាលឲ្យសៀមវាយបែកបន្ទាយលង្វែកគឺ កម្លាំងខ្សោយខាងទ័ពនឹងការពារ សៀមមាននយោបាយខ្លាំង ការខ្វះភាពរួបរួមប្រទេស ការបែកបាក់ផ្ទៃក្នុងពីរាជ។,10,5,2,0.5,0.24049005974953458,1,2,1,3
244,តើសង្គមខ្មែរនៅសម័យអង្គរមានប៉ុន្មានវណ្ណៈ? វណ្ណៈអ្វីខ្លះ? ចូលរៀបរាប់។,សង្គមខ្មែរនៅសម័យអង្គរមានប្រាំវណ្ណៈគឺ -វណ្ណៈក្សត្រឬរាជវង្សនុវង្ស (ជាស្ដេចគ្រប់គ្រងប្រទេស -វណ្ណៈមន្ត្រី (អ្នករស់នៅក្នុងរាជវាំងបម្រើស្ដេច) -វណ្ណៈព្រាហ្ម៍ឬបុព្វជិត​(គឺជាអ្នកបួស) -វណ្ណៈអ្នកជាឬកសិករ (អ្នករស់នៅនឹងធ្វើស្រែចម្ការ) -វណ្ណៈអ្នកងារឬទាសករ(ទាសករបម្រើគេតកូនតចៅ)។,សង្គមខ្មែរនៅសម័យអង្គរមានប្រាំវណ្ណៈគឺ -វណ្ណៈក្សត្រឬរាជវង្សនុវង្សជាអ្នកធំជាងគេដែលមាននាទីគ្រប់គ្រងរដ្ឋឬបញ្ជាកងទ័ព  -វណ្ណៈមន្ត្រីមានសិទ្ធិក្នុងការកាត់ទោសឬកាត់ច្បាប់នីមួយៗ -វណ្ណៈព្រាហ្ម៍ឬបុព្វជិត​អ្នកកាន់ធម៍ឬអ្នកយល់ដឹង -វណ្ណៈអ្នកជាឬកសិករ ជាមនុស្សដែលគ្មានឋានអ្វីឡើយឬហៅជាប្រជាជន -វណ្ណៈអ្នកងារឬទាសករទាសករបម្រើព្រះរាជាឬមន្រ្ដីរាជការ។,10,10,4,1.0,0.7448820195806103,3,7,1,3
245,តើប្រព័ន្ធផលិតកម្មកសិកម្មនៅក្នុងប្រទេសកម្ពុជាមានអ្វីខ្លះ?ចូររៀបរាប់​ ។,ប្រព័ន្ធផលិតកម្មកសិកម្មនៅប្រទេសកម្ពុជាមាន៖    _ ដំណាំ : ដំណាំស្រូវ ដំណាំកៅស៊ូ ដំណាំផ្សេងៗទៀត    _ ការចិញ្ចឹមសត្វ : ការចិញ្ចឹមសត្វលើគោក ការចិញ្ចឹមសត្វក្នុងទឹក    _ ការនេសាទ : ការនេសាទទឹកសាប ការនេសាទទឹកប្រៃ  _ ព្រៃឈើ : ផលិតផលឈើ អនុផលព្រៃឈើ(រកឃ្មុំ ជ័រទឹក វល្លិ៍ ផ្តៅ) សត្វព្រៃ ។,ប្រព័ន្ធផលិតកម្មកសិកម្មនៅប្រទេសកម្ពុជាមានដូចជា៖  _ ឧស្សាហកម្ម  _ កសិកម្ម  _ ពាណិជ្ជកម្ម  _ ទេសចរណ៍  _ ទូរគមនាគម៏ ​ _ ត្បាញហូលផាមួង។,10,2,1,0.2,0.20050499704743568,1,2,0,0
246,សេដ្ឋកិច្ចកម្ពុជាពឹងផ្អែកលើវិស័យកសិកម្មជាសំខាន់៖ ​ក.​ ហេតុអ្វីបានជាគេនិយាយថាកម្ពុជាជាប្រទេសកសិកម្ម? ខ. តើគេចែកកសិករទាំងនោះជាប៉ុន្មានប្រភេទ?,សេដ្ឋកិច្ចកម្ពុជាបានផ្អែកលើវិស័យកសិកម្មជាសំខាន់៖ ក​. បានជាគេនិយាយថាប្រទេសកម្ពុជាជាប្រទេសកសិកម្មដោយសារ -ផ្ទៃដីនៅប្រទេសកម្ពុជាប្រហែល៩០ភាគរយសិតតែដំណាំស្រូវ -ប្រជាជនកកម្ពុជា ៧០.៣ភាគរយធ្វើកសិកម្ម -កសិកម្មជួយឲ្យប្រជាជនកម្ពុជាមានការងារធ្វើ -ប្រជាជននិយមធ្វើកសិកម្ម -ដីនៅកម្ពុជាប្រកបជាមួយកាធ្វើកសិកម្ម -កម្ពុជាមានអាកាសធាតុសមស្របសម្រាប់ធ្វើកសិកម្ម ខ. គេចែកកសិកម្មទាំងនោះជាពីរប្រភេទ៖ +កសិករខ្នាតតូច -ធ្វើកសិកម្មដើម្បីជីវិត -ធ្វើលក្ខណៈតិចតួច ទុកតែបរិភោគសម្រាប់គ្រួសារ -មិនលក់ឲ្យអ្នកណា +កសិករខ្នាតធំ -ធ្វើកសិកម្មច្រើនហើយទុកសម្រាប់លក់ឬនាំចេញទៅក្រៅប្រទេស -ធ្វើមួយឆ្នាំអាចទៅពីរលើក -ធ្វើលក្ខណៈច្រើន ដើម្បីលក់និងនាំចេញ។,សេដ្ឋកិច្ចកម្ពុជាបានផ្អែកលើវិស័យកសិកម្មជាសំខាន់៖ ក​. បានជាគេនិយាយថាប្រទេសកម្ពុជាជាប្រទេសកសិកម្មដោយសារ -ផ្ទៃដីនៅប្រទេសកម្ពុជាប្រហែល៩០ភាគរយសិតតែដំណាំស្រូវ -ប្រជាជនកកម្ពុជា ៧០.៣ភាគរយធ្វើកសិកម្ម -កសិកម្មជួយឲ្យប្រជាជនកម្ពុជាមានការងារធ្វើ -ប្រជាជននិយមធ្វើកសិកម្ម -ដីនៅកម្ពុជាប្រកបជាមួយកាធ្វើកសិកម្ម -កម្ពុជាមានអាកាសធាតុសមស្របសម្រាប់ធ្វើកសិកម្ម ខ. គេចែកកសិកម្មទាំងនោះជាពីរប្រភេទ៖ +កសិករខ្នាតតូច -ធ្វើកសិកម្មដើម្បីជីវិត -ធ្វើលក្ខណៈតិចតួច ទុកតែបរិភោគសម្រាប់គ្រួសារ -មិនលក់ឲ្យអ្នកណា +កសិករខ្នាតធំ -ធ្វើកសិកម្មច្រើនហើយទុកសម្រាប់លក់ឬនាំចេញទៅក្រៅប្រទេស -ធ្វើមួយឆ្នាំអាចទៅពីរលើក -ធ្វើលក្ខណៈច្រើន ដើម្បីលក់និងនាំចេញ។,15,15,4,1.0,0.9999999999999997,4,15,0,0
247,ដូចម្តេចដែលហៅថាវដ្តទឹក? ចូរពន្យល់ពីដំណាក់កាលនីមួយៗ អោយបានត្រឹមត្រូវ។,ដែលហៅថាវត្តទឹកគឺការហ្វឹកហ្វុលឥតឈប់ឈរមុននឹងបង្កើតជាទឹកភ្លៀងទឹករោងនៅកម្ដៅព្រះអាទិត្យបង្កើតបានជាចំហាយទឹកខ្យល់ស្រុកយកចំហែលទឹកទៅអាកាសធ្វើឲ្យចំហាយទឹកកំណក បង្កើតបានជាពពកធ្លាក់មកជាភ្លៀងក្នុងប្រជាទឹក,ដែលហៅថាវត្តទឹកគឺការហ្វឹកហ្វុលឥតឈប់ឈរមុននឹងបង្កើតជាទឹកភ្លៀងទឹករោងនៅកម្ដៅព្រះអាទិត្យបង្កើតបានជាចំហាយទឹកខ្យល់ស្រុកយកចំហែលទឹកទៅអាកាសធ្វើឲ្យចំហាយទឹកកំណក បង្កើតបានជាពពកធ្លាក់មកជាភ្លៀងក្នុងប្រជាទឹក,12,12,4,1.0,1.0,4,12,0,0
248,បុព្វហេតុអ្វីខ្លះដែលនាំឲ្យអាណាចក្រចេនឡាបែកបាក់ជាពីរគឺអាណាចក្រចេនឡាដីគោកនិងចេនឡាទឹកលិច?,បុព្វហេតុដែលនាំហើយអាណាចក្រចេនឡាបែកជាពីរគឺ -វិសាលភាពទឹកដីធំទូលាយ -ចម្បាំងអត់ឈប់ឈរ -សមន្ដរដ្ឋបះបោរចង់ផ្ដាច់ខ្លួន -វិបត្តិផ្ទៃក្នុង -ព្រះនាងជ័យទេវីគ្មានសមត្ថភាពគ្រប់គ្រង។,បុព្វហេតុដែលនាំហើយអាណាចក្រចេនឡាបែកជាពីរគឺ -វិសាលភាពទឹកដីធំទូលាយ -ចម្បាំងអត់ឈប់ឈរ -សមន្ដរដ្ឋបះបោរចង់ផ្ដាច់ខ្លួន -វិបត្តិផ្ទៃក្នុង -ព្រះនាងជ័យទេវីគ្មានសមត្ថភាពគ្រប់គ្រង។,7,7,4,1.0,1.0,4,7,0,0
249,បុព្វហេតុអ្វីខ្លះដែលនាំឲ្យអាណាចក្រចេនឡាបែកបាក់ជាពីរគឺអាណាចក្រចេនឡាដីគោកនិងចេនឡាទឹកលិច?,បុព្វហេតុដែលនាំហើយអាណាចក្រចេនឡាបែកជាពីរគឺ -វិសាលភាពទឹកដីធំទូលាយ -ចម្បាំងអត់ឈប់ឈរ -សមន្ដរដ្ឋបះបោរចង់ផ្ដាច់ខ្លួន -វិបត្តិផ្ទៃក្នុង -ព្រះនាងជ័យទេវីគ្មានសមត្ថភាពគ្រប់គ្រង។,បុព្វហេតុដែលនាំហើយអាណាចក្រចេនឡាបែកជាពីរគឺ -វិសាលភាពទឹកដីធំទូលាយ -ចម្បាំងអត់ឈប់ឈរ -សមន្ដរដ្ឋបះបោរចង់ផ្ដាច់ខ្លួន -វិបត្តិផ្ទៃក្នុង -ព្រះនាងជ័យទេវីគ្មានសមត្ថភាពគ្រប់គ្រង។,7,7,4,1.0,1.0,4,7,0,0
250,តើគេចែកយុគសម័យបុរេប្រវត្តិសាស្ត្រកម្ពុជាជាប៉ុន្មានយុគសម័យ?អ្វីខ្លះ?,គេចែកយុគសម័យបុរេប្រវត្តិសាស្ត្រកម្ពុជាជាបីយុគសម័យគឺ -យុគថ្មបំបែក (600000 - 12000 ឆ្នាំមុនគ.ស) -យុគថ្មរលីងឬសំលៀង (8000 - 2000 ឆ្នាំមុនគ.ស) -យុគលោហៈ(2000-100 ឆ្នាំមុនគ.ស)។,គេចែកយុគសម័យបុរេប្រវត្តិសាស្ត្រកម្ពុជាជាបីយុគសម័យគឺ -យុគថ្មបំបែក (600000 - 12000 ឆ្នាំមុនគ.ស) -យុគថ្មរលីងឬសំលៀង (8000 - 2000 ឆ្នាំមុនគ.ស) -យុគលោហៈ(2000-100 ឆ្នាំមុនគ.ស)។,5,5,4,1.0,1.0,4,5,0,0
251,តើព្រះបាទពញាយ៉ាតមានបុត្រប៉ុន្មានអង្គព្រះនាមអ្វីខ្លះ?ជាមួយអ្នកម្នាងណាខ្លះ?,ព្រះបាទពញាយ៉ាតមានបុត្របីអង្គគឺ នារាយណ៍រាជា ជាបុត្រជាមួយម្នាងទេវី ស្រីរាជាជាបុត្រជាមួយបុទុមកេសរ និងធម្មរាជាជាបុត្រជាមួយសុីសង៉ាម(បុត្រីស្ដេចសៀម)។,ព្រះបាទពញាយ៉ាតមានបុត្របីអង្គគឺ នារាយណ៍រាជា ជាបុត្រជាមួយម្នាងទេវី ស្រីរាជាជាបុត្រជាមួយបុទុមកេសរ និងធម្មរាជាជាបុត្រជាមួយសុីសង៉ាម(បុត្រីស្ដេចសៀម)។,5,5,4,1.0,0.9999999999999998,4,5,0,0
252,តើសង្គមខ្មែរនៅសម័យអង្គរមានប៉ុន្មានវណ្ណៈ? វណ្ណៈអ្វីខ្លះ? ចូលរៀបរាប់។,សង្គមខ្មែរនៅសម័យអង្គរមានប្រាំវណ្ណៈគឺ -វណ្ណៈក្សត្រឬរាជវង្សនុវង្ស (ជាស្ដេចគ្រប់គ្រងប្រទេស -វណ្ណៈមន្ត្រី (អ្នករស់នៅក្នុងរាជវាំងបម្រើស្ដេច) -វណ្ណៈព្រាហ្ម៍ឬបុព្វជិត​(គឺជាអ្នកបួស) -វណ្ណៈអ្នកជាឬកសិករ (អ្នករស់នៅនឹងធ្វើស្រែចម្ការ) -វណ្ណៈអ្នកងារឬទាសករ(ទាសករបម្រើគេតកូនតចៅ)។,សង្គមខ្មែរនៅសម័យអង្គរមានប្រាំវណ្ណៈគឺ -វណ្ណៈក្សត្រឬរាជវង្សនុវង្ស: មានបុព្វសិទ្ធណាស់គ្មានការបង់ពន្ធ មានអំណាចគ្រប់គ្រាន់រស់នៅដោយស្រួលមិនចាំបាច់ធ្វើការងារ និងមិននឿយហត់ទេ -វណ្ណៈមន្ត្រី: ឋានានុក្រមរបស់ពួកគេអាចសម្គាល់តាមរយៈឥស្សតិយយសនិងចំនួនផ្ទះប្រកក្បឿងរបស់ពួកគេ។ -វណ្ណៈអ្នកបួសឬបុព្វជិត​: មានពួកប៉ាន់ឃាប ព្រាហ្ម៍បុរោហិត ជូគូនិងប៉ាវីស៊ី។ -វណ្ណៈអ្នកជា:ពួកមានឋន្តះដូចពួកឈ្មួញសិប្បករ កសិករនិងប្រជារាស្រ្ដសាមញ្ញ -វណ្ណៈអ្នកងារឬទាសករ:ពួកនេះជាបម្រើគេអស់មួយជីវិតតកូនតចៅនេះមានឋានៈទាបបំផុតហើយត្រូវទៅធ្វើការតាមបញ្ជាគេដាក់ឲ្យនឹងគ្មានប្រាក់កម្រៃទេ។ពួកទាសកនេះមានទាសករឈ្លើយសឹក ទាសករតពូជ ទាសករជាជនជាតិភាគតិចនិងទាសករដែលគេចាប់យកមកលក់។,10,10,4,1.0,0.5008770217187244,2,5,2,5
253,ហេតុអ្វីបានជាផ្នែកឯកជនជាកម្លាំងដ៏សំខាន់សម្រាប់វិនិយោគ និងធ្វើឲ្យមានកំណើនសេដ្ឋកិច្ចក្នុងប្រទេស?,បានជាផ្នែកឯកជនជាកម្លាំងដ៏សំខាន់សម្រាប់កំណើនសេដ្ឋកិច្ចកម្ពុជាព្រោះ -កម្ពុជាបានអនុវត្តសេដ្ឋកិច្ចទីផ្សារសេរីដោយបានធ្វើកំណែទម្រង់ពីសហគ្រាសរដ្ឋឲ្យក្លាយទៅជាកម្មសិទ្ធិឯកជន -សេដ្ឋកិច្ចទីផ្សារសេរីនាំឲ្យអ្នករកស៊ីចូលចិត្តមករកស៊ីនិងដាក់វិនិយោគទុន -កាលណាភ្នែកឯកជនរឹងមាំអាចជួយបំពេញបន្ថែមលើវិនិយោគសាធារណៈក្នុងវិស័យសេដ្ឋកិច្ចគឺផ្នែកឯកជនអាចស្រូបយកកម្លាំងពលកម្មកើនឡើង។,បានជាផ្នែកឯកជនជាកម្លាំងដ៏សំខាន់សម្រាប់វិនិយោគនិងធ្វើឲ្យមានកំណើនសេដ្ឋកិច្ចក្នុងប្រទេសព្រោះបានជាផ្នែក ឯកជនជាកម្លាំងដ៏សំខាន់សម្រាប់វិនិយោគនិងធ្វើឲ្យមានកំណើនសេដ្ឋកិច្ចក្នុងប្រទេសព្រោះដោយសារតែគេមិនដែលឲ្យ មានការវិនិច្ឆ័យខ្វែងនេះឡើយធ្វើងារមិនគ្មានដែលមិនបានចូលរៀបរាប់ពីការធ្វើតាមធ្វើតាមដើររបស់លើកលែងដែល ធ្វើឲ្យការធ្វើកិត្តិយសក្មេងឡើយដែលនៅក្នុងពិភពផែនដីតែមួយហើយបានជាគេឡើងក្រោយបានតែគ្មានខ្វៃនេះឡើយ ធ្វើឲ្យការកំណើតដោយសារតែមានការសរសេរព្រៃឈើដើម្បីមានចំណាត់លែងមានមិនអាចចាប់យកកាប់បានទេរាប់នៅ តាមបន្ទាត់តាមនាំប្រទេសមានការទិញនិងលក់ដែលបានត្រូវធ្វើមានការត្រូវបានប្រមូលគ្មានតែមួយទេ។,15,3,1,0.2,0.3144634458683666,1,5,0,2
254,តើផ្សិតមានរូបរាងខុសៗគ្នាអាស្រ័យនឹងអ្វី? ស្រូបសារធាតុចិញ្ចឹមតាមរយៈអ្វី?,ផ្សិតមានរូបរាងខុសៗគ្នាអាស្រ័យនឹងការតម្រៀបអុីបរបស់វា។ផ្សិតស្រូបសារធាតុចិញ្ចឹមតាមរយ:អុីបដែលដុះចូលទៅក្នុងប្រភពអាហារ។,ផ្សិតមានរូបរាងខុសៗគ្នាអាស្រ័យនឹងការតម្រៀបអុីបរបស់វា។ផ្សិតស្រូបសារធាតុចិញ្ចឹមតាមរយ:អុីបដែលដុះចូលទៅក្នុងប្រភពអាហារ។,10,4,2,0.4,0.9999999999999999,4,10,2,6
255,តើគេចែកប្រូទីសជាប៉ុន្មានក្រុម?អ្វីខ្លះ?,ប្រូទីសសត្វចែកជា 4 ក្រុមតាមរបៀបរស់នៅនឹងផ្លាស់ទីរបស់វា  +ប្រូតូសូអ៊ែផ្លាស់ទីដោយជើងបញ្ឆោត: អាមីប +ប្រូតូសូអ៊ែផ្លាស់ទីដោយផ្លាសែល : សាឌីយ៉ា +ប្រូតូសូអ៊ែបន្តពូជតាមរយ:ស្ប៉ :ស្ប៉រ៉ូសូអ៊ែ។,គេបែងចែកប្រូទីសសត្វជា4 ក្រុមដូចជា  - ក្រុមផ្លាស់ទីដោយរោមញ័រ -ក្រុមផ្លាស់ទីដោយប្លាសែល -ក្រុមផ្លាស់ទីដោយជើងបញ្ឆោត -ក្រុមបន្តពូជដោយតាមរយ:ស្ប៉ ។,8,5,2,0.625,0.4089091179234169,2,3,0,2
256,តើអាមីបរស់នៅកន្លែងណា ?វាបង្កជំងឺអ្វី?,អាមីបរស់នៅកន្លែងដូចជាស្ទឹងបឹងអូរត្រពាំងទន្លេទឹកជ្រោះ។ វាបង្កជំងឺដូចជា ជំងឺរាគមួល ធ្វើឲ្យយើងចុកពោះដោយផឹកទឹកមិនស្អាត,អាមីបរស់នៅកន្លែងមិនស្អាតដូចជា ដីភក់ ទឹកកង្វក់ វាអាចរស់នៅក្នុងពោះវៀនមនុស្ស។ ហើយវាអាចបង្កជំងឺរាគរូស។,8,5,2,0.625,0.2989088780451282,1,2,1,3
257,តើផ្សិតមានរូបរាងខុសៗគ្នាអាស្រ័យនឹងអ្វី? ស្រូបសារធាតុចិញ្ចឹមតាមរយៈអ្វី?,ផ្សិតមានរូបរាងខុសៗគ្នាអាស្រ័យនឹងការតម្រៀបអុីបរបស់វា។ផ្សិតស្រូបសារធាតុចិញ្ចឹមតាមរយ:អុីបដែលដុះចូលទៅក្នុងប្រភពអាហារ។,ផ្សិតមានរូបរាងខុសៗគ្នាអាស្រ័យនឹងការតម្រៀបអុីបរបស់វា។ផ្សិតស្រូបសារធាតុចិញ្ចឹមតាមរយ:អុីបដែលដុះចូលទៅក្នុងប្រភពអាហារ។,10,9,4,0.9,0.9999999999999999,4,10,0,1
258,ហេតុអ្វីបានជាផ្នែកឯកជនជាកម្លាំងដ៏សំខាន់សម្រាប់វិនិយោគនិងធ្វើឲ្យមានកំណើនសេដ្ឋកិច្ចក្នុងប្រទេស?,បានជាផ្នែកឯកជនជាកម្លាំងដ៏សំខាន់សម្រាប់វិនិយោគនិងធ្វើឲ្យមានកំណើនសេដ្ឋកិច្ចក្នុងប្រទេស ព្រោះប្រទេសកម្ពុជាជាប្រទេសអភិវឌ្ឍន៍ សេដ្ឋកិច្ចទីផ្សារដោយបានធ្វើកំណែទម្រង់សហគ្រាសឧស្សាហកម្មឲ្យក្លាយទៅជាកម្មសិទ្ធិឯកជន ។ សេដ្ឋកិច្ចទីផ្សារសេរីនេះនាំឲ្យអ្នករកស៊ីបរទេសចូលចិត្តមកវិនិយោគ ហើយកាលណាផ្នែកឯកជនរឹងមាំមកវិនិយោគ ហើយកាលណាផ្នែកឯកជនមិនរឹងមាំអាចបំពេញបន្ថែមវិនិយោគនិងវិស័យសង្គមកិច្ចមានន័យថាវិស័យឯកជនស្រូបយកកម្លាំងការងារកាន់តែកើនឡើង។,បានជាផ្នែកឯកជនជាកម្លាំងដ៏សំខាន់សម្រាប់វាយោក្នុងធ្វើឲ្យមានកំណើនសេដ្ឋកិច្ចក្នុងការប្រទេសមួយដោយសារ តែវិស័យផ្នែកឯកជនមានការយល់ចិត្តដាក់ខ្ពស់ទៅលើសេវាកម្មដែលបំពេញនិងមានវិន័យទាំងតឺងរឹងមុីងម៉ាត់ឱ្យបុគ្គលិកធ្វើការអនុវត្តតាម ឲ្យខានតែបានដូចជាបុគ្គលិកត្រូវបំពេញសេវាកម្មរបស់ខ្លួននិងការគោរពពេលវេលាឲ្យបានភ្ជាប់ខ្លួនបើមិនដូច្នេះទេ នឹងត្រូវវិន័យកាត់ប្រាក់បៀវត្សជាដើម។ដែលធ្វើការពង្រឹងរបស់ផ្នែកឯកជនបែរនេះហើយទើបធ្វើឲ្យមានសេវាកម្មល្អដែលធ្វើឲ្យមានកំណើតសេដ្ឋកិច្ចនៅក្នុងប្រទេស។,15,5,1,0.3333333333333333,0.39426724123099044,2,6,1,1
259,តើដំណាក់កាលទាំងពីរនៃវដ្ដជីវីតរបស់រុក្ខជាតិមានអ្វីខ្លះ? ចូររៀបរាប់។,ដំណាក់កាល ទាំងពីរនៃវដ្ដជីវិតរបស់រុក្ខជាតិមាន  - ដំណាក់កាលស្ប៉រ៉ូភីត គឺជារុក្ខជាតិផលិតស្ប៉។ វាជាកោសិកាតូចៗដែលអាចលូតលាស់ជាសារពាង្គកាយថ្មី  -ស្ប៉លូតលាស់ក្នុងដំណាក់កាលផ្សេងទៀតនៃរុក្ខជាតិ ហៅថាកាម៉ែតូភីត។ ក្នុងដំណាក់កាលនៃរុក្ខជាតិផលិតកោសិកាភេទពីរបែប គឺកាម៉ែតឈ្មោល និងកាម៉ែតញី ។ កាម៉ែតញី និង កាម៉ែតឈ្មោលលាយចូលគ្នា បង្កើតបានជាសុីកូត។ បន្ទាប់មកទៀត សុីកូតលូតលាស់ទៅជាស្ប៉រ៉ូភីត។ស្ប៉រ៉ូភីតផលិតស្ប៉លូតលាស់ក្នុងកាម៉ែតូភីត កាម៉ែតូភីតផលិតកាម៉ែតញី និងកាម៉ែតឈ្មោល ហើយវដ្ដផ្ដើមសារជាថ្មី។,ដំណាក់កាល ទាំងពីរនៃការវិរត្តរបស់រុក្ខជាតិមានស្ប៉រ៉ូភីត និង កាម៉ែតូភីត  ។ +ដំណាក់កាលស្ប៉រ៉ូភីត គឺរុក្ខជាតិផលិតស្ប៉។ វាជាកោសិកាតូចៗ ដែលអាចលូតលាស់ជាសារពាង្គកាយថ្មី។ +ដំណាក់កាលកាម៉ែតូភីត គឺជាស្ប៉ដែលលូតលាស់ជាសារពាង្គកាយថ្មីៗ។ ដំណាក់កាលនេះរុក្ខជាតិ ផលិតកោសិកាភេទពីរបែប គឺកាម៉ែតញី និងកាម៉ែតឈ្មោល ។ កាម៉ែតញី និង កាម៉ែតឈ្មោល រលាយចូលគ្នាបង្កើតបានជាសុីកូត។ បន្ទាប់មកសុីកូតលូតលាស់ទៅជាស្ប៉រ៉ូភីត។,15,11,3,0.7333333333333333,0.8779591845725502,4,13,1,2
260,តើអាមីបរស់នៅកន្លែងណា ?វាបង្កជំងឺអ្វី?,អាមីបរស់នៅកន្លែងដូចជាស្ទឹងបឹងអូរត្រពាំងទន្លេទឹកជ្រោះ។ វាបង្កជំងឺដូចជា ជំងឺរាគមួល ធ្វើឲ្យយើងចុកពោះដោយផឹកទឹកមិនស្អាត,អាមីបរស់នៅកន្លែងដែលមិនស្អាតដូចជា ដីភក់ ទឹកកខ្វក់ វាអាចរស់នៅក្នុងពោះវៀនមនុស្សដែលបង្កឲមានជំងឺរាគមួល។,8,4,2,0.5,0.326877768253581,1,3,1,1
261,តើដំណាក់កាលទាំងពីរនៃវដ្ដជីវីតរបស់រុក្ខជាតិមានអ្វីខ្លះ? ចូររៀបរាប់។,ដំណាក់កាល ទាំងពីរនៃវដ្ដជីវិតរបស់រុក្ខជាតិមាន  - ដំណាក់កាលស្ប៉រ៉ូភីត គឺជារុក្ខជាតិផលិតស្ប៉។ វាជាកោសិកាតូចៗដែលអាចលូតលាស់ជាសារពាង្គកាយថ្មី  -ស្ប៉លូតលាស់ក្នុងដំណាក់កាលផ្សេងទៀតនៃរុក្ខជាតិ ហៅថាកាម៉ែតូភីត។ ក្នុងដំណាក់កាលនៃរុក្ខជាតិផលិតកោសិកាភេទពីរបែប គឺកាម៉ែតឈ្មោល និងកាម៉ែតញី ។ កាម៉ែតញី និង កាម៉ែតឈ្មោលលាយចូលគ្នា បង្កើតបានជាសុីកូត។ បន្ទាប់មកទៀត សុីកូតលូតលាស់ទៅជាស្ប៉រ៉ូភីត។ស្ប៉រ៉ូភីតផលិតស្ប៉លូតលាស់ក្នុងកាម៉ែតូភីត កាម៉ែតូភីតផលិតកាម៉ែតញី និងកាម៉ែតឈ្មោល ហើយវដ្ដផ្ដើមសារជាថ្មី។,ដំណាក់កាល ទាំងពីរនៃវដ្ដជីវិតរបស់រុក្ខជាតិមាន 2 គឺ ស្ប៉រ៉ូភីត និង កាម៉ែតូភីត។ +ដំណាក់កាលស្ប៉រ៉ូភីត : គឺជារុក្ខជាតិផលិតស្ប៉ ។វាជាកោសិកាតូចៗ ដែលអាចលូតលាសៀជាសារពាង្គកាយថ្មី។ +ស្ប៉លូតលាស់ក្នុងដំណាក់កាលមួយផ្សេងទៀតនៃរុក្ខជាតិហៅថាកាម៉ែតភីត ។ក្នុងដំណាក់កាលនេះរុក្ខជាតិផលិតកោសិកាពីរបែបគឺ កាម៉ែតឈ្មោល និង កាម៉ែតញី។,15,13,3,0.8666666666666667,0.8381459560901626,3,13,0,0
262,ចូរនិយាយពីកំណកាម៉ែតញី។,ការស្ថិតនៅក្រោមសារពាង្គកាយនៃពងស្វាសមានសារៈសំខាន់ដូចជាដើម្បីរក្សាសីតុណ្ហភាពឲ្យ ទាបជាងសីតុណ្ហភាពក្នុងខ្លួន ប្រហែលពី(2-3)សីតុណ្ហភាពក្នុងខ្លួន37 ។,កំណកាម៉ែតញីដំបូងកោសិកាពូជមួយរួមចំណែកពីរដងបន្តបន្ទាប់គ្នា បានកោសិកាអូវ៉ូកូរី4 ។ អូវ៉ូកូរីនីមួយៗរីកមាឌអាចជាអូវ៉ូស៊ីត1 ។អូវ៉ូស៊ីតមួយរងចំណែកមួយនៃមេយោធាហើយត្រូវបាន ឈប់គាំងនៅវគ្គប្រផ្ដាស1 ។ក្រោយមកពេលគ្រប់អូវ៉ូស៊ីតមួយបន្តធ្វើចំណែកហើយត្រូវបានបញ្ចប់ នៅរយៈពេល6ម៉ោងមុនដំណើរអូវ៉ុលនិងធ្លាក់មកក្រៅជាអូវ៉ូស៊ីត2 ។ប្រសិនបើជួបស្ពែម៉ាតូសូអុីត បង្កើតបានជាអូវុល ។,10,8,3,0.8,0.02410828921328755,0,0,3,8
263,តើសង្គមខ្មែរនៅសម័យអង្គរមានប៉ុន្មានវណ្ណៈ? វណ្ណៈអ្វីខ្លះ? ចូលរៀបរាប់។,សង្គមខ្មែរនៅសម័យអង្គរមានប្រាំវណ្ណៈគឺ -វណ្ណៈក្សត្រឬរាជវង្សនុវង្ស (ជាស្ដេចគ្រប់គ្រងប្រទេស -វណ្ណៈមន្ត្រី (អ្នករស់នៅក្នុងរាជវាំងបម្រើស្ដេច) -វណ្ណៈព្រាហ្ម៍ឬបុព្វជិត​(គឺជាអ្នកបួស) -វណ្ណៈអ្នកជាឬកសិករ (អ្នករស់នៅនឹងធ្វើស្រែចម្ការ) -វណ្ណៈអ្នកងារឬទាសករ(ទាសករបម្រើគេតកូនតចៅ)។,សង្គមខ្មែរនៅសម័យអង្គរមានប្រាំវណ្ណៈគឺ -វណ្ណៈក្សត្រឬរាជវង្សានុវង្ស -វណ្ណៈព្រាហ្ម -វណ្ណៈបុព្វជិត -វណ្ណៈអ្នកជា -វណ្ណៈទាសករឬអ្នកងារ។,10,5,2,0.5,0.7582586791525092,3,8,1,3
264,ហេតុអ្វីបានជាផ្នែកឯកជនជាកម្លាំងដ៏សំខាន់សម្រាប់វិនិយោគនិងធ្វើឲ្យមានកំណើនសេដ្ឋកិច្ចក្នុងប្រទេស?,បានជាផ្នែកឯកជនជាកម្លាំងដ៏សំខាន់សម្រាប់វិនិយោគនិងធ្វើឲ្យមានកំណើនសេដ្ឋកិច្ចក្នុងប្រទេស ព្រោះប្រទេសកម្ពុជាជាប្រទេសអភិវឌ្ឍន៍ សេដ្ឋកិច្ចទីផ្សារដោយបានធ្វើកំណែទម្រង់សហគ្រាសឧស្សាហកម្មឲ្យក្លាយទៅជាកម្មសិទ្ធិឯកជន ។ សេដ្ឋកិច្ចទីផ្សារសេរីនេះនាំឲ្យអ្នករកស៊ីបរទេសចូលចិត្តមកវិនិយោគ ហើយកាលណាផ្នែកឯកជនរឹងមាំមកវិនិយោគ ហើយកាលណាផ្នែកឯកជនមិនរឹងមាំអាចបំពេញបន្ថែមវិនិយោគនិងវិស័យសង្គមកិច្ចមានន័យថាវិស័យឯកជនស្រូបយកកម្លាំងការងារកាន់តែកើនឡើង។,បានជាផ្នែកឯកជនជាកម្លាំងដ៏សំខាន់សម្រាប់វិនិយោគ និងធ្វើឲមានកំណើនសេដ្ឋកិច្ចក្នុងប្រទេសព្រោះ៖  _ កម្ពុជាជាប្រទេសអនុវត្តសេដ្ឋកិច្ចទីផ្សាសេរីចាប់តាំងពីឆ្នាំ1993ដោយបានធ្វើកំណែទម្រង់សហគ្រាសឲក្លាយទៅជាកម្មសិទ្ធិឯកជន  _ សេដ្ឋកិច្ចទីផ្សារសេរីនេះទាក់ទាញអ្នកវិនិយោគបរទេស  _ កាលណាផ្នែកឯកជនរឹងមាំអាចបំពេញបន្ថែមវិនិយោគសាធារណៈ មានន័យថាកម្លាំងឯកជនអាចស្រូបយកការងារកាន់តែច្រើនឡើង។,15,15,4,1.0,0.7600128500772085,3,11,1,4
265,តើសង្គមខ្មែរនៅសម័យអង្គរមានប៉ុន្មានវណ្ណៈ? វណ្ណៈអ្វីខ្លះ? ចូលរៀបរាប់។,សង្គមខ្មែរនៅសម័យអង្គរមានប្រាំវណ្ណៈគឺ -វណ្ណៈក្សត្រឬរាជវង្សនុវង្ស (ជាស្ដេចគ្រប់គ្រងប្រទេស -វណ្ណៈមន្ត្រី (អ្នករស់នៅក្នុងរាជវាំងបម្រើស្ដេច) -វណ្ណៈព្រាហ្ម៍ឬបុព្វជិត​(គឺជាអ្នកបួស) -វណ្ណៈអ្នកជាឬកសិករ (អ្នករស់នៅនឹងធ្វើស្រែចម្ការ) -វណ្ណៈអ្នកងារឬទាសករ(ទាសករបម្រើគេតកូនតចៅ)។,សង្គមខ្មែរនៅសម័យអង្គរមានប្រាំវណ្ណៈគឺ -វណ្ណៈក្សត្រ -វណ្ណៈមន្ត្រី -វណ្ណៈបុព្វជិត -វណ្ណៈអ្នកជា -វណ្ណៈទាសករ។,10,5,2,0.5,0.7164528162944629,3,7,1,2
266,តើកម្ពុជាមានបេតិកភណ្ឌអ្វីខ្លះ ដែលបានចុះបញ្ជីបេតិកភណ្ឌរូបី និង អរូបីពិភពលោករបស់អង្គការយូណេស្កូ? ចូររៀបរាប់ឱ្យបានប្រាំ។,កម្ពុជាមានបេតិកភណ្ឌដែលបានចុះបញ្ជីបេតិកភណ្ឌរូបី និង អរូបីពិភពលោករបស់អង្គការយូណេស្កូដូចជា     +ល្ខោនខោល     +រមណីយដ្ឋានអង្គរ     +ចាប៉ីដងវែង     +ប្រាសាទព្រះវិហហារ     +ល្ខោនស្រមោលស្បែកធំ     +របាំព្រះរាជទ្រព្យ     +ក្រមាខ្មែរ     +គុនល្បុកតោ     +រមណីយដ្ឋានសម្បូរព្រៃគុក,1 -ប្រាសាទព្រះវិហារ -ប្រាសាទបាយ័ន -ប្រាសាទបន្ទាយស្រី -ប្រាសាទសម្បូរព្រៃគុក,5,5,4,1.0,0.22152667061789894,1,1,3,4
267,ចូររៀបរាប់អំពីទំនាក់ទំនងរវាងការដាំដុះអាជីវកម្មព្រៃឈើនិងនេសាទ។,ទំនាក់ទំនងរវាង ការដាំដុះអាជីវកម្មព្រៃឈើ និងការនេសាទ៖  _ ការដាំដុះអាជីវកម្មព្រៃឈើ និងការនេសាទ ជាភោគទ្រព្យយ៉ាងសំខាន់សម្រាប់ប្រជាជនក្នុងការទ្រទ្រង់ក្នុងជីវភាពរស់នៅនិងការអភិវឌ្ឍន៍ប្រទេសជាតិ   _ ដើម្បីបំពេញតម្រូវការក្នុងកសិកម្មផលិតកម្មនិងត្រូវការផ្សេងៗ មនុស្សនាំគ្នាកាប់ព្រៃឈើដើម្បីធ្វើអាជីវកម្មព្រៃឈើជាមូលហេតុធ្វើឲ្យអាកាសធាតុប្រែប្រួលប៉ះពាល់ដល់ជីវិតមនុស្ស សត្វ និងរុក្ខជាតិ  ​ _ អតិផលនៃប្រព័ន្ធកសិកម្ម នាំឲ្យមានកំណើននៃការប្រើប្រាស់គីមីនិងថ្នាំសម្លាប់សត្វល្អិត។ ជីគីមី និងថ្នាំសម្លាប់សត្វល្អិត ទាំងនោះហូរទៅផ្ដុំគ្នានៅតាមផ្លូវទឹកនានា បំផ្លាញជីវិតសត្វនិងពូជធម្មជាតិ។,រៀបរាប់ពីទំនាក់ទំនងរវាងការដាំដុះ ការចិញ្ចឹមសត្វ និងការនេសាទ៖ -ការដាំដុះអាជីវកម្មព្រៃឈើមានទំនាក់ទំនងការកាប់ឈើធ្វើ -អាជីវកម្មលើឈើធ្វើតុទូកៅអីណានាំចេញទៅលួចកាប់ព្រៃឈើដើម្បីសាងអគារការដាំដុះនិង -ការនេសាទមានទំនាក់ទំនង ឈើជាជម្រកត្រីពងព្រៃឈើជាកន្លែងដែលត្រីរស់នៅបង្កើតជាមនុស្សកុំទឹកក្ដៅពេកអាជីវកម្មព្រៃឈើនិង -ការនេសាទបាត់បង់ជម្រកសម្រាប់ស្ត្រីពរបាត់បងប្អូនក្រអ្នកនេសាទងាយស្រួលដោយសារ,15,5,1,0.3333333333333333,0.4475603772717244,2,7,1,2
268,តើគេចែកប្រូទីសជាប៉ុន្មានក្រុម?អ្វីខ្លះ?,ប្រូទីសសត្វចែកជា 4 ក្រុមតាមរបៀបរស់នៅនឹងផ្លាស់ទីរបស់វា  +ប្រូតូសូអ៊ែផ្លាស់ទីដោយជើងបញ្ឆោត: អាមីប +ប្រូតូសូអ៊ែផ្លាស់ទីដោយផ្លាសែល : សាឌីយ៉ា +ប្រូតូសូអ៊ែបន្តពូជតាមរយ:ស្ប៉ :ស្ប៉រ៉ូសូអ៊ែ។,គេចែកប្រូទីសសត្វជា 4ប្រភេទគឺ-ប្រូទីសផ្លាស់ទីដោយជើងបញ្ឆោត : អាមីប-ប្រូទីស ផ្លាស់ទីដោយរោមញ័រ : ប៉ារ៉ាមេសុី-ប្រូទីសផ្លាស់ទីដោយ ប្លាសែល-ប្រូទីសផ្លាស់ទីដោយ ស្ប៉។,8,7,4,0.875,0.45550507006015967,2,4,2,3
269,ហេតុអ្វីបានជាមនុស្សស្រូបយកខ្យល់ដែលមានកាបូនម៉ណូអុកស៊ីតអាចបង្កគ្រោះថ្នាក់ដល់ស្លាប់បាន?,បានជាមនុស្សស្រូបយកខ្យល់ដែលមានកាបូនម៉ូណូអុកស៊ីដអាចបង្កឲ្យមានគ្រោះថ្នាក់ដល់ស្លាប់ បានព្រោះកាបូនម៉ូណូអុកស៊ីដមានសមត្ថភាពចាប់យក ក្នុងឈាមបានខ្លាំងជាងអុកស៊ីសែន វារារាំងឈាមមិនឲ្យដឹកនាំអុកស៊ីសែនទៅចិញ្ចឹមសរីរាង្គជាពិសេសខួរក្បាលដែលបណ្តាលឲ្យ ស្លាប់និង សន្លប់ ។,បានជាមនុស្សស្រូបយកខ្យល់ដែលមាន កាបូនម៉ូណូអុកស៊ីដអាចបង្កគ្រោះថ្នាក់ដល់ស្លាប់បានព្រោះ វាជាខ្យល់ពុលដែលមានពោរពេញដោយបរិយាកាសជុំវិញខ្លួន ។,5,2,2,0.4,0.5146551740393446,2,3,0,1
270,តើផ្សិតមានរូបរាងខុសៗគ្នាអាស្រ័យនឹងអ្វី? ស្រូបសារធាតុចិញ្ចឹមតាមរយៈអ្វី?,ផ្សិតមានរូបរាងខុសៗគ្នាអាស្រ័យនឹងការតម្រៀបអុីបរបស់វា។ផ្សិតស្រូបសារធាតុចិញ្ចឹមតាមរយ:អុីបដែលដុះចូលទៅក្នុងប្រភពអាហារ។,ផ្សិតមានរូបរាងខុសៗគ្នាអាស្រ័យនឹងការតម្រៀបអុីបរបស់វា។ ស្រូបសារធាតុចិញ្ចឹមតាមរយ:អុីប។,10,7,3,0.7,0.8328256355280018,3,8,0,1
271,តើកត្តាអ្វីខ្លះដែលធ្វើអោយសម័យអង្គររីកចម្រើនដល់កំពូល?​ ចូលរៀបរាប់។,កត្តាដែលធ្វើអោយសម័យអង្គររីកចម្រើនគឺ: កត្តាព្រះរាជា:ព្រះរាជាចាប់ពីព្រះបាទជ័យវរ្ម័នទី 2 រហូតដល់ព្រះបាទជ័យវរ្ម័នទី 7 សុទ្ធតែជាស្ដេចខ្លាំងពូកែ កត្តានយោបាយ: នយោបាយក្នុងប្រទេសបង្រួបបង្រួមជាតិកសាងនិងការពារទឹកដី នយោបាយក្រៅប្រទេស:ចងសម្ព័ន្ធមិត្តជាមួយប្រទេសធំៗវាយយករដ្ឋតូចដាក់ជាចំណុះ កត្តាសេដ្ឋកិច្ច:រីកចម្រើនលើវិស័យកសិកម្មសិប្បកម្មគណនាគម កត្តាសាសនា:ការឯកភាពគ្នារវាងសាសនាព្រាហ្មនិងព្រះពុទ្ធ កត្តាធនធានមនុស្សបន្សល់ទុកតាំងពីសម័យនគរភ្នំនិងចេនឡាមក។,កត្តាដែលធ្វើអោយសម័យអង្គររីកចម្រើនគឺ: .កត្តាព្រះរាជា:ព្រះរាជាចាប់ពីព្រះបាទជ័យវរ្ម័នទី 2 រហូតដល់ព្រះបាទជ័យវរ្ម័នទី 7 សុទ្ធសឹងតែជាស្ដេចខ្លាំងពូកែ .កត្តានយោបាយ: +នយោបាយក្នុងប្រទេស:បង្រួបបង្រួម​ កសាង និងការពារ។ +នយោបាយក្រៅប្រទេស:ចងសម្ព័ន្ធមិត្តជាមួយប្រទេសធំៗដូចជាចិននិងឥណ្ឌា និងវាយយករដ្ឋតូចដាក់ជាចំណុះ .កត្តាសេដ្ឋកិច្ច:ការរីកចម្រើនលើវិស័យកសិកម្ម សិប្បកម្ម គណនាគមន៍ .កត្តាសាសនា:មានការឯកភាពគ្នារវាងសាសនាព្រាហ្មនិងព្រះពុទ្ធ .កត្តាធនធានមនុស្សបន្សល់ទុកតាំងពីសម័យនគរភ្នំនិងចេនឡាមក។,10,10,4,1.0,0.9273986502678749,4,9,0,1
272,តើកម្ពុជាមានបេតិកភណ្ឌអ្វីខ្លះ ដែលបានចុះបញ្ជីបេតិកភណ្ឌរូបី និង អរូបីពិភពលោករបស់អង្គការយូណេស្កូ? ចូររៀបរាប់ឱ្យបានប្រាំ។,កម្ពុជាមានបេតិកភណ្ឌដែលបានចុះបញ្ជីបេតិកភណ្ឌរូបី និង អរូបីពិភពលោករបស់អង្គការយូណេស្កូដូចជា     +ល្ខោនខោល     +រមណីយដ្ឋានអង្គរ     +ចាប៉ីដងវែង     +ប្រាសាទព្រះវិហហារ     +ល្ខោនស្រមោលស្បែកធំ     +របាំព្រះរាជទ្រព្យ     +ក្រមាខ្មែរ     +គុនល្បុកតោ     +រមណីយដ្ឋានសម្បូរព្រៃគុក,កម្ពុជាមានបេតិកភណ្ឌដែលបានចុះបញ្ជីបេតិ កភណ្ឌរូបិយនិងអរូបិយពិភពលោករបស់ អង្គការយូណេស្កូមានដូចជា÷ -រមណីយដ្ឋានប្រាសាទអង្គរវត្ត  -ប្រាសាទព្រះវិហារ  -ប្រាសាទសំបូរព្រៃគុហ៍ -ល្ខោនស្រមោលស្បែកធំ -ចាប៉ីដងវែង។,5,5,4,1.0,0.70515435089426,3,4,1,1
273,ចូរប្រៀបធៀបលក្ខណៈខុសគ្នានៃផ្សិត និងរុក្ខជាតិ។,លក្ខណៈខុសគ្នានៃផ្សិតនិងរុក្ខជាតិ +ផ្សិត  -ផ្សិតបន្តពូជតាមរយៈស្ប៉ -ផ្សិតមិនធ្វើរស្មីសំយោគ -អុីប -វារស់នៅកន្លែងសើម +រុក្ខជាតិ -បន្តពូជដោយគ្រាប់ -វាត្រូវការធ្វើរស្មីសំយោគ -វារស់នៅកន្លែងដែលមានពន្លឺ,លក្ខណ:ខុសគ្នារវាងផ្សិត និង រុក្ខជាតិ +ផ្សិត -ជាភាវ:រស់បរជីព -មានអុីបក្រោមដី -បន្តពូជតាមរយ:ស្ប៉ +រុក្ខជាតិ -ជាភាវ:រស់ស្វ័យជីព -មានឬស -បន្តពូជតាមរយ:គ្រាប់ ។,12,4,1,0.3333333333333333,0.36742979754689137,1,4,0,0
274,បុព្វហេតុអ្វីខ្លះដែលនាំឲ្យអាណាចក្រចេនឡាបែកបាក់ជាពីរគឺអាណាចក្រចេនឡាដីគោកនិងចេនឡាទឹកលិច?,បុព្វហេតុដែលនាំហើយអាណាចក្រចេនឡាបែកជាពីរគឺ -វិសាលភាពទឹកដីធំទូលាយ -ចម្បាំងអត់ឈប់ឈរ -សមន្ដរដ្ឋបះបោរចង់ផ្ដាច់ខ្លួន -វិបត្តិផ្ទៃក្នុង -ព្រះនាងជ័យទេវីគ្មានសមត្ថភាពគ្រប់គ្រង។,បុព្វហេតុដែលនាំហើយអាណាចក្រចេនឡាបែកជាពីរគឺ -វិសាលភាពទឹកដីធំទូលាយ -ចម្បាំងអត់ឈប់ឈរ -សមន្ដរដ្ឋបះបោរចង់ផ្ដាច់ខ្លួន -វិបត្តិផ្ទៃក្នុង -ព្រះនាងជ័យទេវីគ្មានសមត្ថភាពគ្រប់គ្រង។,7,7,4,1.0,1.0,4,7,0,0
275,តើអាមីបរស់នៅកន្លែងណា ?វាបង្កជំងឺអ្វី?,អាមីបរស់នៅកន្លែងដូចជាស្ទឹងបឹងអូរត្រពាំងទន្លេទឹកជ្រោះ។ វាបង្កជំងឺដូចជា ជំងឺរាគមួល ធ្វើឲ្យយើងចុកពោះដោយផឹកទឹកមិនស្អាត,អាមីបរស់នៅកន្លែងមិនស្អាតដូចជា ដីភក់ ទឹកកង្វក់ វាអាចរស់នៅក្នុងពោះវៀនមនុស្ស។ ហើយវាអាចបង្កជំងឺរាគរូស។,8,4,2,0.5,0.2989088780451282,1,2,1,2
276,តើសម័យឧដុង្គចាប់ពីឆ្នាំណាដល់ឆ្នាំណា?ហេតុអ្វីបានជាប្រទេសកម្ពុជាធ្លាក់ចុះខ្សោយកាន់តែខ្លាំងនៅសម័យឧដុង្គ។ចូរពន្យល់,សម័យឧដុង្គចាប់ពីឆ្នាំ បានជាប្រទេសកម្ពុជាធ្លាក់ចុះខ្សោយកាន់តែខ្លាំងនៅសម័យឧដុង្គព្រោះ សង្គ្រាមផ្ទៃក្នុងញឹកញាប់និងការជាវជ្រៀតជ្រែកពីសៀមនិងយួន ការប្រកួតប្រជែងដណ្ដើមរាជ្យបានឡើងក្នុងចំណោមព្រះរាជវង្សានុវង្ស បែកបាក់សាមគ្គីផ្ទៃក្នុងគ្មានការសាមគ្គីរួបរួមនៅក្នុងប្រទេសជិតខាង កម្ពុជាត្រូវបែកជាពីរផ្នែកដោយសារសៀមត្រួតត្រាផ្នែកខាងលិចបាត់ដំបងសៀមរាបត្រួតត្រាខាងត្បូង បាត់បង់ទឹកដីដោយសារខេត្តជាច្រើននៅភាគខាងលិចបាត់ដំបងសៀមរាបមង្គលបុរី ត្រូវបានធ្លាក់ក្នុងកណ្ដាប់ដៃសៀមនៅឆ្នាំនិងមុនបាត់បង់ដីភាគខាងកើតនៅវៀតណាម សេដ្ឋកិច្ចពឹងផ្អែកលើវិស័យកសិកម្មបុរាណដែល សួយសារអាករឲ្យគេ ចំណែកវប្បធម៌វិញវត្តអារាមត្រូវបានបំផ្លិចបំផ្លាញ ប្រទេសជាតិខ្សោយគ្មានកម្លាំងទប់ទល់នឹងការវាយលុកពីខាងក្រៅមន្ត្រីក្បត់ជាតិច្រើន ដោយសារ រាជវង្សផ្ទៃក្នុងការដណ្ដើមអំណាចគ្នា។,សម័យឧដុង្គចាប់ពីឆ្នាំ មូលហេតុដែលចុះខ្សោយផ្លូវ សង្គ្រាមក្នុងស្រុក ការដណ្ដើមរាជ្យសម្បត្តិគ្នាក្នុងរាជវង្សានុវង្ស ការលូកដៃពីបរទេសស្ដេចខ្មែរខ្លះពឹងសៀមខ្លះពន្លឿនធ្វើឲ្យបរទេសទាំងពីរមានឱកាសត្រួតត្រានិងលេបយកទឹកដីខ្មែរ សេដ្ឋកិច្ចធ្លាក់ចុះដោយសារសង្គ្រាម ចាប់រហូតធ្វើឲ្យប្រជាជនគ្មានពេល បង្កបង្កើនផល។,15,13,3,0.8666666666666667,0.36367988533096224,1,5,2,8
277,តើសង្គមខ្មែរនៅសម័យអង្គរមានប៉ុន្មានវណ្ណៈ? វណ្ណៈអ្វីខ្លះ? ចូលរៀបរាប់។,សង្គមខ្មែរនៅសម័យអង្គរមានប្រាំវណ្ណៈគឺ -វណ្ណៈក្សត្រឬរាជវង្សនុវង្ស (ជាស្ដេចគ្រប់គ្រងប្រទេស -វណ្ណៈមន្ត្រី (អ្នករស់នៅក្នុងរាជវាំងបម្រើស្ដេច) -វណ្ណៈព្រាហ្ម៍ឬបុព្វជិត​(គឺជាអ្នកបួស) -វណ្ណៈអ្នកជាឬកសិករ (អ្នករស់នៅនឹងធ្វើស្រែចម្ការ) -វណ្ណៈអ្នកងារឬទាសករ(ទាសករបម្រើគេតកូនតចៅ)។,សង្គមខ្មែរនៅសម័យអង្គរមានបួនវណ្ណៈគឺ -វណ្ណៈព្រាហ្មណ៍ឬបុព្វចិត្តមាន .ពួកប៉ាងឃៀបឬពួកព្រាហ្មណ៍គឺជាពួកដែលមានចំណេះដឹងខ្ពស់ .ពួកជូគូឬចៅគូគឺពួកព្រះសង្ឃដែលគោរពព្រះពុទ្ធនិងបង់ជីពពណ៌លឿង .ពួកតាបសគឺអ្នករស់នៅក្នុងព្រៃឬលើភ្នំសាននិងកំណាច់ក្រហមលើក្បាល -វណ្ណៈក្សត្រ រាជវង្សានុវង្សគឺជាអ្នកដែលរស់នៅស្រណុកមិនបង់ពន្ធនិងរស់នៅក្នុងនគរ -វណ្ណៈអ្នកជាឬមន្ត្រីគឺជាប្រជារាស្ត្ររស់នៅដោយសេរីបង់ពន្ធ -វណ្ណៈទាសករឬអ្នកងារគឺជាពួកអ្នកបម្រើគេអស់មួយជីវិតហើយតបកូនតចៅពួកគេភាគច្រើនជាជនជាតិភាគតិចដែលត្រូវគេទិញមក,10,9,4,0.9,0.49448625646566235,2,5,2,4
278,តើដំណាក់កាលទាំងពីរនៃវដ្ដជីវីតរបស់រុក្ខជាតិមានអ្វីខ្លះ? ចូររៀបរាប់។,ដំណាក់កាល ទាំងពីរនៃវដ្ដជីវិតរបស់រុក្ខជាតិមាន  - ដំណាក់កាលស្ប៉រ៉ូភីត គឺជារុក្ខជាតិផលិតស្ប៉។ វាជាកោសិកាតូចៗដែលអាចលូតលាស់ជាសារពាង្គកាយថ្មី  -ស្ប៉លូតលាស់ក្នុងដំណាក់កាលផ្សេងទៀតនៃរុក្ខជាតិ ហៅថាកាម៉ែតូភីត។ ក្នុងដំណាក់កាលនៃរុក្ខជាតិផលិតកោសិកាភេទពីរបែប គឺកាម៉ែតឈ្មោល និងកាម៉ែតញី ។ កាម៉ែតញី និង កាម៉ែតឈ្មោលលាយចូលគ្នា បង្កើតបានជាសុីកូត។ បន្ទាប់មកទៀត សុីកូតលូតលាស់ទៅជាស្ប៉រ៉ូភីត។ស្ប៉រ៉ូភីតផលិតស្ប៉លូតលាស់ក្នុងកាម៉ែតូភីត កាម៉ែតូភីតផលិតកាម៉ែតញី និងកាម៉ែតឈ្មោល ហើយវដ្ដផ្ដើមសារជាថ្មី។,ដំណាក់កាល ទាំងពីរនៃវដ្ដជីវិតរបស់រុក្ខជាតិមាន  - ដំណាក់កាលស្ប៉រ៉ូភីត គឺជារុក្ខជាតិផលិតស្ប៉។ វាជាកោសិកាតូចៗដែលអាចលូតលាស់ជាសារពាង្គកាយថ្មី  -ស្ប៉លូតលាស់ក្នុងដំណាក់កាលផ្សេងទៀតនៃរុក្ខជាតិ ហៅថាកាម៉ែតូភីត។ ក្នុងដំណាក់កាលនៃរុក្ខជាតិផលិតកោសិកាភេទពីរបែប គឺកាម៉ែតឈ្មោល និងកាម៉ែតញី ។ កាម៉ែតញី និង កាម៉ែតឈ្មោលលាយចូលគ្នា បង្កើតបានជាសុីកូត។ បន្ទាប់មកទៀត សុីកូតលូតលាស់ទៅជាស្ប៉រ៉ូភីត។ស្ប៉រ៉ូភីតផលិតស្ប៉លូតលាស់ក្នុងកាម៉ែតូភីត កាម៉ែតូភីតផលិតកាម៉ែតញី និងកាម៉ែតឈ្មោល ហើយវដ្ដផ្ដើមសារជាថ្មី។,15,13,3,0.8666666666666667,1.0,4,15,1,2
279,តើគេចែកយុគសម័យបុរេប្រវត្តិសាស្ត្រកម្ពុជាជាប៉ុន្មានយុគសម័យ?អ្វីខ្លះ?,គេចែកយុគសម័យបុរេប្រវត្តិសាស្ត្រកម្ពុជាជាបីយុគសម័យគឺ -យុគថ្មបំបែក (600000 - 12000 ឆ្នាំមុនគ.ស) -យុគថ្មរលីងឬសំលៀង (8000 - 2000 ឆ្នាំមុនគ.ស) -យុគលោហៈ(2000-100 ឆ្នាំមុនគ.ស)។,គេចែកយុគសម័យបុរេប្រវត្តិសាស្ត្រកម្ពុជាជាបីយុគសម័យគឺ -យុគថ្មបំបែក (600000 - 12000 ឆ្នាំមុនគ.ស) -យុគថ្មរលីងឬសំលៀង (8000 - 2000 ឆ្នាំមុនគ.ស) -យុគលោហៈ(2000-100 ឆ្នាំមុនគ.ស)។,5,5,4,1.0,1.0,4,5,0,0
280,តើដំណាក់កាលទាំងពីរនៃវដ្ដជីវីតរបស់រុក្ខជាតិមានអ្វីខ្លះ? ចូររៀបរាប់។,ដំណាក់កាល ទាំងពីរនៃវដ្ដជីវិតរបស់រុក្ខជាតិមាន  - ដំណាក់កាលស្ប៉រ៉ូភីត គឺជារុក្ខជាតិផលិតស្ប៉។ វាជាកោសិកាតូចៗដែលអាចលូតលាស់ជាសារពាង្គកាយថ្មី  -ស្ប៉លូតលាស់ក្នុងដំណាក់កាលផ្សេងទៀតនៃរុក្ខជាតិ ហៅថាកាម៉ែតូភីត។ ក្នុងដំណាក់កាលនៃរុក្ខជាតិផលិតកោសិកាភេទពីរបែប គឺកាម៉ែតឈ្មោល និងកាម៉ែតញី ។ កាម៉ែតញី និង កាម៉ែតឈ្មោលលាយចូលគ្នា បង្កើតបានជាសុីកូត។ បន្ទាប់មកទៀត សុីកូតលូតលាស់ទៅជាស្ប៉រ៉ូភីត។ស្ប៉រ៉ូភីតផលិតស្ប៉លូតលាស់ក្នុងកាម៉ែតូភីត កាម៉ែតូភីតផលិតកាម៉ែតញី និងកាម៉ែតឈ្មោល ហើយវដ្ដផ្ដើមសារជាថ្មី។,ដំណាក់កាល ទាំងពីរនៃការវិរត្តរបស់រុក្ខជាតិមានស្ប៉រ៉ូភីត និង កាម៉ែតូភីត  ។ +ដំណាក់កាលស្ប៉រ៉ូភីត គឺរុក្ខជាតិផលិតស្ប៉។ វាជាកោសិកាតូចៗ ដែលអាចលូតលាស់ជាសារពាង្គកាយថ្មី។ +ដំណាក់កាលកាម៉ែតូភីត គឺជាស្ប៉ដែលលូតលាស់ជាសារពាង្គកាយថ្មីៗ។ ដំណាក់កាលនេះរុក្ខជាតិ ផលិតកោសិកាភេទពីរបែប គឺកាម៉ែតញី និងកាម៉ែតឈ្មោល ។ កាម៉ែតញី និង កាម៉ែតឈ្មោល រលាយចូលគ្នាបង្កើតបានជាសុីកូត។ បន្ទាប់មកសុីកូតលូតលាស់ទៅជាស្ប៉រ៉ូភីត។,15,11,3,0.7333333333333333,0.8779591845725502,4,13,1,2
281,តើសង្គមខ្មែរនៅសម័យអង្គរមានប៉ុន្មានវណ្ណៈ? វណ្ណៈអ្វីខ្លះ? ចូលរៀបរាប់។,សង្គមខ្មែរនៅសម័យអង្គរមានប្រាំវណ្ណៈគឺ -វណ្ណៈក្សត្រឬរាជវង្សនុវង្ស (ជាស្ដេចគ្រប់គ្រងប្រទេស -វណ្ណៈមន្ត្រី (អ្នករស់នៅក្នុងរាជវាំងបម្រើស្ដេច) -វណ្ណៈព្រាហ្ម៍ឬបុព្វជិត​(គឺជាអ្នកបួស) -វណ្ណៈអ្នកជាឬកសិករ (អ្នករស់នៅនឹងធ្វើស្រែចម្ការ) -វណ្ណៈអ្នកងារឬទាសករ(ទាសករបម្រើគេតកូនតចៅ)។,សង្គមខ្មែរនៅសម័យអង្គរមានប្រាំវណ្ណៈគឺ -វណ្ណៈក្សត្រឬរាជវង្សនុវង្ស ជាអ្នកគ្រប់គ្រងប្រទេសទាំងមូល  -វណ្ណៈមន្ត្រី ជាអ្នកធ្វើការអោយព្រះមហាក្សត្រ -វណ្ណៈព្រាហ្ម៍ឬបុព្វជិត​គឺជាអ្នកត្រាស់ដឹងអ្នកគោរពសាសនា -វណ្ណៈប្រជាពលរដ្ធទូទៅជាប្រជាជនទូទៅ -វណ្ណៈអ្នកងារឬទាសករជាអ្នកបម្រើព្រះរាជាឬមន្រ្តីរាជការ។,10,10,4,1.0,0.7348914284307837,3,7,1,3
282,ចូរប្រៀបធៀបលក្ខណៈខុសគ្នានៃផ្សិត និងរុក្ខជាតិ។,លក្ខណៈខុសគ្នានៃផ្សិតនិងរុក្ខជាតិ +ផ្សិត  -ផ្សិតបន្តពូជតាមរយៈស្ប៉ -ផ្សិតមិនធ្វើរស្មីសំយោគ -អុីប -វារស់នៅកន្លែងសើម +រុក្ខជាតិ -បន្តពូជដោយគ្រាប់ -វាត្រូវការធ្វើរស្មីសំយោគ -វារស់នៅកន្លែងដែលមានពន្លឺ,ប្រៀបធៀបលក្ខណ:ខុសគ្នារវាងផ្សិតនិងរុក្ខជាតិ  +ផ្សិត -បរជីព -អុីបក្រោមដី -ស្ប៉ +រុក្ខជាតិ -ស្វ័យជីព -គ្រាប់ -ឬស,12,11,4,0.9166666666666666,0.33934295232248135,1,4,3,7
283,ចូរនិយាយពីកំណកាម៉ែតញី។,ការស្ថិតនៅក្រោមសារពាង្គកាយនៃពងស្វាសមានសារៈសំខាន់ដូចជាដើម្បីរក្សាសីតុណ្ហភាពឲ្យ ទាបជាងសីតុណ្ហភាពក្នុងខ្លួន ប្រហែលពី(2-3)សីតុណ្ហភាពក្នុងខ្លួន37 ។,កំណកាម៉ែនញី ដំបូងកោសិកាពូជមួយរកចម្ងាយពីរដងទម្លាប់គ្នាបានកោសិកាអូវ៉ូកូនី4 ។ អូវុលរីកមាឌក្លាយជាអូវូស៊ីត1 ។អូវ៉ូស៊ីតមួយរងចំណែកមួយនៃមេយ៉ូសហើយត្រូវបានជាប់គាំងនៅចុង វគ្គមួយ ។,10,5,2,0.5,0.020160195339673392,0,0,2,5
284,ដូចម្តេចដែលហៅថាមេយ៉ូស? ចូរនិយាយពីវគ្គផ្សេងៗនៃមេយ៉ូស។,មេយ៉ូសជាសំណុំនៃចំណែកកោសិកាពីរដងបន្តបន្ទាប់គ្នាដែលបង្កើតបានជាកោសិកាអាលូអុីតបួន ហៅថាមេយ៉ូស ។ _តេឡូផាស1 ស៊ីតូប្លាសចែកខ្លួនបានជាកោសិកាកូនពីរ ។កោសិកាកូននីមួយៗទទួលបានក្រូម៉ូសូម តែមួយពីរគូអូម៉ូឡូក ។ _ប្រផាស1 មានរយៈពេលវែង ។ _អាណាផាស1 ក្រូម៉ូសូមដំរៀបលើផ្លាស់ភ្ជាប់នឹងក្រយ៉ូងក្រូម៉ាទិចដោយសង់ក្រូងទ័ររបស់វា ។ _តេឡូផាស2 ក្រូម៉ូមនីមួយៗបានមកដល់ប៉ូលភ្នាស _មេតាផាស2 ក្រូម៉ូសូមប្រេះតាមបណ្ដោយភ្ជាប់ខ្លួនទៅនិងក្រយ៉ងក្រូម៉ាទិចដោយសង់ _ប្រូដាស2 ត្តយ៉ងអាក្រូម៉ាទិតកើតមានក្នុងកោសិកាគូនីមួយៗ _អាណាផាស2 សង់ក្រូម៉ែធ្វើចំណែកដែលនាំអោយក្រូម៉ាទិចបងប្អូនដាច់ចេញពីគ្នា ។បន្ទាប់មក ក្រូម៉ូសូមកូនទាំង2ធ្វើដំណើរឆ្ពោះទៅប៉ូលផ្ទុយគ្នារបស់ត្រយ៉ូងអាក្រូម៉ាទិច ។,មេយ៉ូសជាសំណុំនៃចំណែកកោសិកាពីរដងបន្តបន្ទាប់គ្នាដែលបង្កើតបានជាកោសិកាអាលូអុីតបួន ហៅថាមេយ៉ូស ។ _តេឡូផាស1 _ប្រផាស1  _អាណាផាស1 _មេតាផាស1 _ប្រូដាស2  _អាណាផាស2 _មេតាផាស2 _តេឡូផាស2,10,5,2,0.5,0.4763250613126828,2,5,0,0
285,តើផ្សិតមានរូបរាងខុសៗគ្នាអាស្រ័យនឹងអ្វី? ស្រូបសារធាតុចិញ្ចឹមតាមរយៈអ្វី?,ផ្សិតមានរូបរាងខុសៗគ្នាអាស្រ័យនឹងការតម្រៀបអុីបរបស់វា។ផ្សិតស្រូបសារធាតុចិញ្ចឹមតាមរយ:អុីបដែលដុះចូលទៅក្នុងប្រភពអាហារ។,ផ្សិតមានរូបរាងខុសៗគ្នាដោយអាស្រ័យទៅនឹង ប្រភេទនៃស្ប៉ បរិស្ថានរស់នៅ  និង ប្រភេទសរសៃភីប។ ស្រូបសារធាតុចិញ្ចឹមតាមរយ:សរសៃភីប។,10,4,2,0.4,0.4299350702619291,2,4,0,0
286,តើអាណាចក្រភ្នំមានព្រំប្រទល់ជាប់ប្រទេសណាខ្លះ?,អាណាចក្រភ្នំមានព្រំប្រទល់ជាប់ប្រទេសដូចជា -ខាងជើងជាប់ចិន -ខាងត្បូងជាឈូងសមុទ្រខ្មែរ -ខាងកើតជាប់រដ្ឋចម្ប៉ា -ខាងលិចជាប់រដ្ធមនឬភូមា។,អាណាចក្រភ្នំមានព្រំប្រទល់ជាប់ប្រទេសដូចជា -ខាងជើងជាប់ចិន(រដ្ឋណានឆាវតុងកឹង) -ខាងត្បូងជាឈូងសមុទ្រខ្មែរ(ឈូងនគរភ្នំ) -ខាងកើតជាប់រដ្ឋចម្ប៉ា -ខាងលិចជាប់រដ្ឋមនឬភូមា។,6,6,4,1.0,0.8895036352736647,4,5,0,1
287,តើកម្ពុជាមានបេតិកភណ្ឌអ្វីខ្លះ ដែលបានចុះបញ្ជីបេតិកភណ្ឌរូបី និង អរូបីពិភពលោករបស់អង្គការយូណេស្កូ? ចូររៀបរាប់ឱ្យបានប្រាំ។,កម្ពុជាមានបេតិកភណ្ឌដែលបានចុះបញ្ជីបេតិកភណ្ឌរូបី និង អរូបីពិភពលោករបស់អង្គការយូណេស្កូដូចជា     +ល្ខោនខោល     +រមណីយដ្ឋានអង្គរ     +ចាប៉ីដងវែង     +ប្រាសាទព្រះវិហហារ     +ល្ខោនស្រមោលស្បែកធំ     +របាំព្រះរាជទ្រព្យ     +ក្រមាខ្មែរ     +គុនល្បុកតោ     +រមណីយដ្ឋានសម្បូរព្រៃគុក,កម្ពុជាមានបេតិកភណ្ឌដែលបានចុះបញ្ជីបេតិកភណ្ឌរូបី និង អរូបីពិភពលោករបស់អង្គការយូណេស្កូដូចជា     +ល្ខោនខោល     +រមណីយដ្ឋានអង្គរ     +ល្បែងទាយព្រ័ត្រ     +ល្ខោនស្រមោលស្បែកធំ     +ប្រាសាទព្រះវិហហារ     +ក្រមា     +របាំព្រះរាជទ្រព្យ     +ក្រមាខ្មែរ     +គុនល្បុកតោ     +រមណីយដ្ឋានសម្បូរព្រៃគុក។,5,5,4,1.0,0.9565774165858855,4,5,0,0
288,តើអាណាចក្រភ្នំមានព្រំប្រទល់ជាប់ប្រទេសណាខ្លះ?,អាណាចក្រភ្នំមានព្រំប្រទល់ជាប់ប្រទេសដូចជា -ខាងជើងជាប់ចិន -ខាងត្បូងជាឈូងសមុទ្រខ្មែរ -ខាងកើតជាប់រដ្ឋចម្ប៉ា -ខាងលិចជាប់រដ្ធមនឬភូមា។,អាណាចក្រភ្នំមានព្រំប្រទល់ជាប់ប្រទេសដូចជា -ខាងជើងជាប់ឈូងសមុទ្រចិន -ខាងត្បូងជាប់ឈូងសមុទ្រនគរខ្មែរ -ខាងកើតជាប់រដ្ឋចម្ប៉ានិងឈូងសមុទ្រចិន -ខាងលិចជាប់ភូមានិងឈូងសមុទ្របេងហ្គាល់។,6,6,4,1.0,0.7176515483548311,3,4,1,2
289,សេដ្ឋកិច្ចកម្ពុជាពឹងផ្អែកលើវិស័យកសិកម្មជាសំខាន់៖ ​ក.​ ហេតុអ្វីបានជាគេនិយាយថាកម្ពុជាជាប្រទេសកសិកម្ម? ខ. តើគេចែកកសិករទាំងនោះជាប៉ុន្មានប្រភេទ?,សេដ្ឋកិច្ចកម្ពុជាបានផ្អែកលើវិស័យកសិកម្មជាសំខាន់៖ ក​. បានជាគេនិយាយថាប្រទេសកម្ពុជាជាប្រទេសកសិកម្មដោយសារ -ផ្ទៃដីនៅប្រទេសកម្ពុជាប្រហែល៩០ភាគរយសិតតែដំណាំស្រូវ -ប្រជាជនកកម្ពុជា ៧០.៣ភាគរយធ្វើកសិកម្ម -កសិកម្មជួយឲ្យប្រជាជនកម្ពុជាមានការងារធ្វើ -ប្រជាជននិយមធ្វើកសិកម្ម -ដីនៅកម្ពុជាប្រកបជាមួយកាធ្វើកសិកម្ម -កម្ពុជាមានអាកាសធាតុសមស្របសម្រាប់ធ្វើកសិកម្ម ខ. គេចែកកសិកម្មទាំងនោះជាពីរប្រភេទ៖ +កសិករខ្នាតតូច -ធ្វើកសិកម្មដើម្បីជីវិត -ធ្វើលក្ខណៈតិចតួច ទុកតែបរិភោគសម្រាប់គ្រួសារ -មិនលក់ឲ្យអ្នកណា +កសិករខ្នាតធំ -ធ្វើកសិកម្មច្រើនហើយទុកសម្រាប់លក់ឬនាំចេញទៅក្រៅប្រទេស -ធ្វើមួយឆ្នាំអាចទៅពីរលើក -ធ្វើលក្ខណៈច្រើន ដើម្បីលក់និងនាំចេញ។,សេដ្ឋកិច្ចកម្ពុជាបានផ្អែកលើវិស័យកសិកម្មជាសំខាន់៖ ក. បានជាគេនិយាយថាប្រទេសកម្ពុជាជាប្រទេសកសិកម្មព្រោះ៖ -ប្រទេសកម្ពុជាជាប្រទេសសម្បូរទៅដោយដីមានជីវជាតិ -អ្នករកស៊ីកសិកម្ម -កម្ពុជាជាប្រទេសដែលពឹងផ្អែកលើវិស័យកសិកម្ម -ការដាំដំណាំ ស្រូវ ម្ទេស ម្រិច ចម្ការកៅស៊ូ ដូងប្រេង ត្នោត... -កម្ពុជាជាប្រទេសដែលមានដី ទឹកល្អ ធ្វើកសិកម្មបាន -ទទួលផលបានច្រើន និងលក់បានជាច្រើនកុះករ -លក់បានតាមបណ្តាលខេត្ត​ ភូមិ ឬប្រទេសជិតខាងផងដែរ -ដីល្អ ជីមានគុណភាព -ប្រជាជនប្រកបមុខរបរកសិកម្មច្រើនគ្រួសារ -សេដ្ឋកិច្ចមានប្រាក់កំចៃគ្រប់គ្រាន់​ -គ្រួសារអាចចិញ្ចឹមកូនអាចឲ្យកូនជួយធ្វើកសិកម្ម ខ. គេចែកកសិកម្មទាំងនោះជា​ ៣ ប្រភេទ។ មានដូចជាៈ កសិករអចិន្ទ្រៃយ៍ កសិករនៅលើភ្នំចិន្ទ្រៃយ៍ភាគច្រើនដាំស្រូវរដូវវស្សា។,15,8,2,0.5333333333333333,0.5614230130425916,2,8,0,0
290,តើគេចែកប្រូទីសជាប៉ុន្មានក្រុម?អ្វីខ្លះ?,ប្រូទីសសត្វចែកជា 4 ក្រុមតាមរបៀបរស់នៅនឹងផ្លាស់ទីរបស់វា  +ប្រូតូសូអ៊ែផ្លាស់ទីដោយជើងបញ្ឆោត: អាមីប +ប្រូតូសូអ៊ែផ្លាស់ទីដោយផ្លាសែល : សាឌីយ៉ា +ប្រូតូសូអ៊ែបន្តពូជតាមរយ:ស្ប៉ :ស្ប៉រ៉ូសូអ៊ែ។,គេចែកប្រូទីសសត្វជា 4ប្រភេទគឺ-ប្រូទីសផ្លាស់ទីដោយជើងបញ្ឆោត : អាមីប-ប្រូទីស ផ្លាស់ទីដោយរោមញ័រ : ប៉ារ៉ាមេសុី-ប្រូទីសផ្លាស់ទីដោយ ប្លាសែល-ប្រូទីសផ្លាស់ទីដោយ ស្ប៉។,8,6,3,0.75,0.45550507006015967,2,4,1,2
291,តើការស្ថិតនៅក្រៅសារពាង្គកាយនៃពងស្វាសមានសារៈសំខាន់ដូចម្តេច?,ការស្ថិតនៅក្រោមសារពាង្គកាយនៃពងស្វាសមានសារៈសំខាន់ដូចជាដើម្បីរក្សាសីតុណ្ហភាពឲ្យ ទាបជាងសីតុណ្ហភាពក្នុងខ្លួន ប្រហែលពី(2-3)សីតុណ្ហភាពក្នុងខ្លួន37 ។,ការស្ថិតនៅក្រោមសារពាង្គកាយនៃពងស្វាសមានសារៈសំខាន់ក្នុងការផលិតអរម៉ូនភេទឈ្មោលនិង បង្កើតស្ពែម៉ាតូសូអ៊ីត ។,10,3,1,0.3,0.28458921400642256,1,3,0,0
292,តើការស្ថិតនៅក្រៅសារពាង្គកាយនៃពងស្វាសមានសារៈសំខាន់ដូចម្តេច?,ការស្ថិតនៅក្រោមសារពាង្គកាយនៃពងស្វាសមានសារៈសំខាន់ដូចជាដើម្បីរក្សាសីតុណ្ហភាពឲ្យ ទាបជាងសីតុណ្ហភាពក្នុងខ្លួន ប្រហែលពី(2-3)សីតុណ្ហភាពក្នុងខ្លួន37 ។,ការស្ថិតនៅក្រោមសារពាង្គកាយនៃពងស្វាសមានសារៈសំខាន់ក្នុងការផលិតអរម៉ូនភេទឈ្មោលនិង បង្កើតស្ពែម៉ាតូសូអ៊ីត ។,10,2,1,0.2,0.28458921400642256,1,3,0,1
293,តើប្រព័ន្ធផលិតកម្មកសិកម្មនៅប្រទេសកម្ពុជាមានអ្វីខ្លះ?,ប្រព័ន្ធផលិតកម្មកសិកម្មនៅកម្ពុជាមានដូចជាដំណាំដំណាំស្រូវនិងកៅស៊ូដឹកនាំផ្សេងៗទៀតការចិញ្ចឹមសត្វបានចិញ្ចឹមសត្វលើគោកការចិញ្ចឹមសត្វក្នុងទឹកការនេសាទការនេសាទទឹកសាបការនេសាទទឹកប្រៃ  ព្រៃឈើអនុផលព្រៃឈើរកឃ្មុំជ័រទឹកក្តៅសត្វព្រៃ,ប្រព័ន្ធផលិតកម្មកសិកម្មនៅប្រទេសកម្ពុជាមាន​ដូចជា៖ -ការនេសាទ -ការធ្វើស្រែចម្ការ -ជួយឲ្យប្រជាជនមានការងារធ្វើ -កាត់បន្ថយភាពក្រីក្រ -ប្រជាជនមានប្រាក់ចំណូលចូលក្នុងគ្រួសារ -មានភាពរីកចម្រើន។,15,3,1,0.2,0.1932675710159613,1,3,0,0
294,តើឧស្សាហកម្មមានអ្នកតួនាទីចំពោះសេដ្ឋកិច្ចយ៉ាងដូចម្ដេច?,ឧស្សាហកម្មមានតួនាទីសម្រាប់សេដ្ឋកិច្ចជាតិដូចជា -ជួយបង្កើតប្រាក់ចំណូលចូលជាតិ -បង្កើតការងារដល់ប្រជាជន -បង្កើតប្រាក់ចំណូលចូលក្នុងគ្រួសារ -ប្រជាជនមានជីវភាពធូរធារ -ជួយរក្សាជញ្ជីងពាណិជ្ជកម្ម -ជួយបង្កើតទិន្នផលសម្រាប់ការនាំចេញនាំចូល -បង្កើននូវសង្ឃភារៈសម្រាប់ប្រើប្រាស់។,ឧស្សាហកម្មមាននាទីចំពោះសេដ្ឋកិច្ចជាតិដូចជាជួយឲ្យសេដ្ឋកិច្ចមានការរីកចម្រើនធ្វើឲ្យប្រទេសយើងមានទីផ្សារធំទូលាយជាងធ្វើឲប្រទេសជិតខាងនិងប្រទេសនៅតំបន់អឺរ៉ុបមើលឃើញអំពីគុណសម្បត្តិប្រទេសយើងនាំឲ្យពួកឈ្មួញនិងក្រៅប្រទេសកន្លែកមកវិនិយោគនៅក្នុងប្រទេសងាយស្រួលក្នុងការដឹកទំនិញនាំចេញតាមផ្លូវគមនាគមន៍និងធ្វើឲ្យប្រទេសជាតិ អភិវឌ្ឍន៍ និងរីកចម្រើន ធ្វើឱ្យប្រទេសយើងនាំចេញមានលំហូរនាំចេញនិងនាំចូលតាមផ្លូវគណនាគមន៍ច្រកព្រំដែន។,15,6,2,0.4,0.1732182587237927,1,3,1,3
295,តើផ្សិតមានរូបរាងខុសៗគ្នាអាស្រ័យនឹងអ្វី? ស្រូបសារធាតុចិញ្ចឹមតាមរយៈអ្វី?,ផ្សិតមានរូបរាងខុសៗគ្នាអាស្រ័យនឹងការតម្រៀបអុីបរបស់វា។ផ្សិតស្រូបសារធាតុចិញ្ចឹមតាមរយ:អុីបដែលដុះចូលទៅក្នុងប្រភពអាហារ។,ផ្សិតមានរូបរាងខុសៗគ្នាអាស្រ័យលើការតម្រៀបរបស់អុីប។ផ្សិតខ្លះ អុីបមានរាងសរសៃឆ្មារៗបែកមែកប្រទាក់ក្រឡាគ្នា ណ្ហេលៗ(រង្វិល) ។ ផ្សិតខ្លះទៀតអុីបរបស់វាតម្រៀបគ្នាយ៉ាងណែន ។ វាស្រូបសារធាតុចិញ្ចឹមតាមរយ:អុីប។,10,3,1,0.3,0.5023994932323168,2,5,1,2
296,ចូរនិយាយពីកំណកាម៉ែតញី។,ការស្ថិតនៅក្រោមសារពាង្គកាយនៃពងស្វាសមានសារៈសំខាន់ដូចជាដើម្បីរក្សាសីតុណ្ហភាពឲ្យ ទាបជាងសីតុណ្ហភាពក្នុងខ្លួន ប្រហែលពី(2-3)សីតុណ្ហភាពក្នុងខ្លួន37 ។,កំណកាម៉ែតញីដំបូងកោសិកាពូជមួយរួមចំណែកពីរដងបន្តបន្ទាប់គ្នា បានកោសិកាអូវ៉ូកូរី4 ។ អូវ៉ូកូរីនីមួយៗរីកមាឌអាចជាអូវ៉ូស៊ីត1 ។អូវ៉ូស៊ីតមួយរងចំណែកមួយនៃមេយោធាហើយត្រូវបាន ឈប់គាំងនៅវគ្គប្រផ្ដាស1 ។ក្រោយមកពេលគ្រប់អូវ៉ូស៊ីតមួយបន្តធ្វើចំណែកហើយត្រូវបានបញ្ចប់ នៅរយៈពេល6ម៉ោងមុនដំណើរអូវ៉ុលនិងធ្លាក់មកក្រៅជាអូវ៉ូស៊ីត2 ។ប្រសិនបើជួបស្ពែម៉ាតូសូអុីត បង្កើតបានជាអូវុល ។,10,8,3,0.8,0.02410828921328755,0,0,3,8
297,ចូរនិយាយពីកំណកាម៉ែតញី។,ការស្ថិតនៅក្រោមសារពាង្គកាយនៃពងស្វាសមានសារៈសំខាន់ដូចជាដើម្បីរក្សាសីតុណ្ហភាពឲ្យ ទាបជាងសីតុណ្ហភាពក្នុងខ្លួន ប្រហែលពី(2-3)សីតុណ្ហភាពក្នុងខ្លួន37 ។,កំណកាម៉ែតញីដំបូងកោសិកាពូជមួយរួមចំណែកពីរដងបន្តបន្ទាប់គ្នា បានកោសិកាអូវ៉ូកូរី4 ។ អូវ៉ូកូរីនីមួយៗរីកមាឌអាចជាអូវ៉ូស៊ីត1 ។អូវ៉ូស៊ីតមួយរងចំណែកមួយនៃមេយោធាហើយត្រូវបាន ឈប់គាំងនៅវគ្គប្រផ្ដាស1 ។ក្រោយមកពេលគ្រប់អូវ៉ូស៊ីតមួយបន្តធ្វើចំណែកហើយត្រូវបានបញ្ចប់ នៅរយៈពេល6ម៉ោងមុនដំណើរអូវ៉ុលនិងធ្លាក់មកក្រៅជាអូវ៉ូស៊ីត2 ។ប្រសិនបើជួបស្ពែម៉ាតូសូអុីត បង្កើតបានជាអូវុល ។,10,8,3,0.8,0.02410828921328755,0,0,3,8
298,តើឧស្សាហកម្មមានតួនាទីដូចម្ដេចខ្លះចំពោះសេដ្ឋកិច្ចជាតិ?,ឧស្សាហកម្មមាន​តួនាទីចំពោះសេដ្ឋកិច្ចជាតិដូចជា ៖ ​ _ ជួយបង្កើតថវិការជាតិ ​ _ ជួយបង្កើតទិន្នផលជាតិ ​​ _ ជួយឲ្យសេដ្ឋកិច្ចជាតិរីកចម្រើន  _ ប្រជាជនសំបូរធូរធារ  _អភិវឌ្ឍគ្រប់វិស័យ  _ មានទំនាក់ទំនងល្អជាមួយអ្នកជិតខាង  _ មានភាពរុងរឿងនៅក្នុងប្រទេសជាតិ។,ឧស្សាហកម្មមានតួនាទីចំពោះសេដ្ឋកិច្ចដូចជា៖ • ផ្តល់ការងារដល់ប្រជាជន • ជួយបង្កើនប្រាក់ចំណូលដល់ប្រជាជននិងជាតិ  • សម្រួលដល់ជីវភាពរស់នៅរបស់ប្រជាជន  • ប្រជាជនមានជីវភាពធូរធារ  • ជួយរកលំនឹងទំនិញនៅលើទីផ្សារ  • ផ្តល់ផលសម្រាប់នាំចេញ  • ផ្តល់ផលសម្រាប់ប្រើប្រាស់ ។,15,15,4,1.0,0.2224208208139932,1,3,3,12
299,តើកត្តាអ្វីខ្លះដែលធ្វើអោយសម័យអង្គររីកចម្រើនដល់កំពូល?​ ចូលរៀបរាប់។,កត្តាដែលធ្វើអោយសម័យអង្គររីកចម្រើនគឺ: កត្តាព្រះរាជា:ព្រះរាជាចាប់ពីព្រះបាទជ័យវរ្ម័នទី 2 រហូតដល់ព្រះបាទជ័យវរ្ម័នទី 7 សុទ្ធតែជាស្ដេចខ្លាំងពូកែ កត្តានយោបាយ: នយោបាយក្នុងប្រទេសបង្រួបបង្រួមជាតិកសាងនិងការពារទឹកដី នយោបាយក្រៅប្រទេស:ចងសម្ព័ន្ធមិត្តជាមួយប្រទេសធំៗវាយយករដ្ឋតូចដាក់ជាចំណុះ កត្តាសេដ្ឋកិច្ច:រីកចម្រើនលើវិស័យកសិកម្មសិប្បកម្មគណនាគម កត្តាសាសនា:ការឯកភាពគ្នារវាងសាសនាព្រាហ្មនិងព្រះពុទ្ធ កត្តាធនធានមនុស្សបន្សល់ទុកតាំងពីសម័យនគរភ្នំនិងចេនឡាមក។,កត្តាដែលធ្វើអោយសម័យអង្គររីកចម្រើនគឺ: កត្តាព្រះរាជា:ព្រះរាជាចាប់ពីព្រះបាទជ័យវរ្ម័នទី 2 រហូតដល់ព្រះបាទជ័យវរ្ម័នទី 7 សុទ្ធសឹងតែជាស្ដេចខ្លាំងពូកែ កត្តានយោបាយ: នយោបាយក្នុងប្រទេសបង្រួបបង្រួមជាតិកសាងនិងការពារទឹកដី នយោបាយក្រៅប្រទេស:ចងសម្ព័ន្ធមិត្តជាមួយប្រទេសធំៗវាយយករដ្ឋតូចដាក់ជាចំណុះ កត្តាសេដ្ឋកិច្ច:រីកចម្រើនលើវិស័យកសិកម្មសិប្បកម្មគណនាគមន៍ កត្តាសាសនា:ការឯកភាពគ្នារវាងសាសនាព្រាហ្មនិងព្រះពុទ្ធ កត្តាធនធាន:មនុស្សបន្សល់ទុកតាំងពីសម័យនគរភ្នំនិងចេនឡាមក។,10,10,4,1.0,0.9820286341106705,4,10,0,0
300,ចូរប្រៀបធៀបលក្ខណៈខុសគ្នានៃផ្សិត និងរុក្ខជាតិ។,លក្ខណៈខុសគ្នានៃផ្សិតនិងរុក្ខជាតិ +ផ្សិត  -ផ្សិតបន្តពូជតាមរយៈស្ប៉ -ផ្សិតមិនធ្វើរស្មីសំយោគ -អុីប -វារស់នៅកន្លែងសើម +រុក្ខជាតិ -បន្តពូជដោយគ្រាប់ -វាត្រូវការធ្វើរស្មីសំយោគ -វារស់នៅកន្លែងដែលមានពន្លឺ,ប្រៀបធៀបលក្ខណ:ខុសគ្នារវាងផ្សិតនិងរុក្ខជាតិ  +ផ្សិត -បរជីព -អុីបក្រោមដី -ស្ប៉ +រុក្ខជាតិ -ស្វ័យជីព -គ្រាប់ -ឬស,12,5,2,0.4166666666666667,0.33934295232248135,1,4,1,1
301,ដូចម្តេចដែលហៅថាមេយ៉ូស? ចូរនិយាយពីវគ្គផ្សេងៗនៃមេយ៉ូស។,មេយ៉ូសជាសំណុំនៃចំណែកកោសិកាពីរដងបន្តបន្ទាប់គ្នាដែលបង្កើតបានជាកោសិកាអាលូអុីតបួន ហៅថាមេយ៉ូស ។ _តេឡូផាស1 ស៊ីតូប្លាសចែកខ្លួនបានជាកោសិកាកូនពីរ ។កោសិកាកូននីមួយៗទទួលបានក្រូម៉ូសូម តែមួយពីរគូអូម៉ូឡូក ។ _ប្រផាស1 មានរយៈពេលវែង ។ _អាណាផាស1 ក្រូម៉ូសូមដំរៀបលើផ្លាស់ភ្ជាប់នឹងក្រយ៉ូងក្រូម៉ាទិចដោយសង់ក្រូងទ័ររបស់វា ។ _តេឡូផាស2 ក្រូម៉ូមនីមួយៗបានមកដល់ប៉ូលភ្នាស _មេតាផាស2 ក្រូម៉ូសូមប្រេះតាមបណ្ដោយភ្ជាប់ខ្លួនទៅនិងក្រយ៉ងក្រូម៉ាទិចដោយសង់ _ប្រូដាស2 ត្តយ៉ងអាក្រូម៉ាទិតកើតមានក្នុងកោសិកាគូនីមួយៗ _អាណាផាស2 សង់ក្រូម៉ែធ្វើចំណែកដែលនាំអោយក្រូម៉ាទិចបងប្អូនដាច់ចេញពីគ្នា ។បន្ទាប់មក ក្រូម៉ូសូមកូនទាំង2ធ្វើដំណើរឆ្ពោះទៅប៉ូលផ្ទុយគ្នារបស់ត្រយ៉ូងអាក្រូម៉ាទិច ។,មេយ៉ូសជាសំណុំនៃចំណែកកោសិកាពីរដងបន្តបន្ទាប់គ្នាដែលបង្កើតបានជាកោសិកាអាលូអុីតបួន ហៅថាមេយ៉ូស ។មានបួនវគ្គគឺ ប្រូផាស អាណាផាស មេតាផាស និង តេឡូផាស ។,10,5,2,0.5,0.3872975717277597,2,4,0,1
302,តើអាមីបរស់នៅកន្លែងណា ?វាបង្កជំងឺអ្វី?,អាមីបរស់នៅកន្លែងដូចជាស្ទឹងបឹងអូរត្រពាំងទន្លេទឹកជ្រោះ។ វាបង្កជំងឺដូចជា ជំងឺរាគមួល ធ្វើឲ្យយើងចុកពោះដោយផឹកទឹកមិនស្អាត,អាមីបរស់នៅកន្លែងមិនស្អាតដូចជា ដីភក់ ទឹកកង្វក់ វាអាចរស់នៅក្នុងពោះវៀនមនុស្ស។ ហើយវាអាចបង្កជំងឺរាគរូស។,8,8,4,1.0,0.2989088780451282,1,2,3,6
303,តើគេចែកយុគសម័យបុរេប្រវត្តិសាស្ត្រកម្ពុជាជាប៉ុន្មានយុគសម័យ?អ្វីខ្លះ?,គេចែកយុគសម័យបុរេប្រវត្តិសាស្ត្រកម្ពុជាជាបីយុគសម័យគឺ -យុគថ្មបំបែក (600000 - 12000 ឆ្នាំមុនគ.ស) -យុគថ្មរលីងឬសំលៀង (8000 - 2000 ឆ្នាំមុនគ.ស) -យុគលោហៈ(2000-100 ឆ្នាំមុនគ.ស)។,គេចែកយុគសម័យបុរេប្រវត្តិសាស្ត្រកម្ពុជាជាបីយុគសម័យគឺ -យុគថ្មបំបែក (600000 - 12000 ឆ្នាំមុនគ.ស) -យុគថ្មរលីងឬសំលៀង (8000 - 2000 ឆ្នាំមុនគ.ស) -យុគលោហៈ(2000-100 ឆ្នាំមុនគ.ស)។,5,5,4,1.0,1.0,4,5,0,0
304,តើមូលហេតុអ្វីបានជាព្រះបាទពញាយ៉ាត ជ្រើសរើសយកចតុមុខធ្វើជារាជធានី?,បានជាព្រះបាទពញាយ៉ាតជ្រើសរើសក្រុងចតុមុខជារាជធានីព្រោះ មានទីតាំងភូមិសាស្ត្រល្អ គេចពីសត្រូវឈ្លានពានសៀម ដីមានជីវជាតិងាយស្រួលក្នុងការធ្វើកសិកម្ម ជាទីប្រសព្វនៃជំនួសទាំងផ្លូវគោកនិងផ្លូវទឹក សម្បូរផ្លូវក្នុងការធ្វើកសិកម្មនិងជំនួញ ភាពខាងត្បូងដីមានប្រជាជនច្រើននិងធនធានដើម្បីកសាងសេដ្ឋកិច្ចជាតិ។,មូលហេតុដែលព្រះបាទពញាយ៉ាតជ្រើសរើសយកចតុមុខធ្វើជារាជធានីព្រោះជាទីតាំងយុទ្ធសាស្ត្រ ស្ថិតនៅត្រង់ចំណុចប្រសព្វនៃទន្លេទាំងបួនដែលងាយស្រួលក្នុងការធ្វើពាណិជ្ជកម្ម ការដឹកជញ្ជូននិងការពារខ្លួនពីសត្រូវ។,10,8,3,0.8,0.39342878895519334,2,4,1,4
305,ចូរពន្យល់ពាក្យ : ប៉ង់សៀ; បរិយាកាស; ដៃទន្លេ; ភ្នំភ្លើង។,ប៉ង់សៀ -បរិយាកាសគឺជាឧស្ម័នដែលនៅជុំវិញផែនដី -ដៃទន្លេជាទឹកសាបដែលហូរចូលទៅក្នុងស្ទឹងបឹងនឹងមានទីតាំងជាវង្សប្រាំង -ភ្នំភ្លើងគឺជារន្ធមួយនៅសំបកផែនដីដែលតាមរយៈនោះកម្អែលផេះហូរចេញ,ប៉ង់សៀ -បរិយាកាស -ដៃទន្លេគឺជាប្រលាយស្ទឹងទន្លេនិងប្រេកជាដើម -ភ្នំភ្លើងជាបាតុភូតធម្មជាតិដែលកើតឡើងដោយភ្នែកតិចសូនិចប៉ះគ្នាបណ្ដាលឲ្យកើតមានបន្ទះសក្នុងភ្លើង,8,3,2,0.375,0.3434111477298604,1,3,1,0
306,ចូរនិយាយពីកំណកាម៉ែតញី។,ការស្ថិតនៅក្រោមសារពាង្គកាយនៃពងស្វាសមានសារៈសំខាន់ដូចជាដើម្បីរក្សាសីតុណ្ហភាពឲ្យ ទាបជាងសីតុណ្ហភាពក្នុងខ្លួន ប្រហែលពី(2-3)សីតុណ្ហភាពក្នុងខ្លួន37 ។,កំណកាម៉ែនញី ដំបូងកោសិកាពូជមួយរកចម្ងាយពីរដងទម្លាប់គ្នាបានកោសិកាអូវ៉ូកូនី4 ។អូវុលរីក មាឌក្លាយជាអូវូស៊ីត1 ។អូវ៉ូស៊ីតមួយរងចំណែកមួយនៃមេយ៉ូសហើយត្រូវបានជាប់គាំងនៅចុង វគ្គមួយ ។,10,5,2,0.5,0.020265111967696484,0,0,2,5
307,តើអាមីបរស់នៅកន្លែងណា ?វាបង្កជំងឺអ្វី?,អាមីបរស់នៅកន្លែងដូចជាស្ទឹងបឹងអូរត្រពាំងទន្លេទឹកជ្រោះ។ វាបង្កជំងឺដូចជា ជំងឺរាគមួល ធ្វើឲ្យយើងចុកពោះដោយផឹកទឹកមិនស្អាត,អាមីបរស់នៅកន្លែងមិនស្អាតដូចជា ដីភក់ ទឹកកង្វក់ វាអាចរស់នៅក្នុងពោះវៀនមនុស្ស។ ហើយវាអាចបង្កជំងឺរាគរូស។,8,7,4,0.875,0.2989088780451282,1,2,3,5
308,តើកម្ពុជាមានបេតិកភណ្ឌអ្វីខ្លះ ដែលបានចុះបញ្ជីបេតិកភណ្ឌរូបី និង អរូបីពិភពលោករបស់អង្គការយូណេស្កូ? ចូររៀបរាប់ឱ្យបានប្រាំ។,កម្ពុជាមានបេតិកភណ្ឌដែលបានចុះបញ្ជីបេតិកភណ្ឌរូបី និង អរូបីពិភពលោករបស់អង្គការយូណេស្កូដូចជា     +ល្ខោនខោល     +រមណីយដ្ឋានអង្គរ     +ចាប៉ីដងវែង     +ប្រាសាទព្រះវិហហារ     +ល្ខោនស្រមោលស្បែកធំ     +របាំព្រះរាជទ្រព្យ     +ក្រមាខ្មែរ     +គុនល្បុកតោ     +រមណីយដ្ឋានសម្បូរព្រៃគុក,កម្ពុជាបានចុះបញ្ជីបេតិកភណ្ឌពិភពលោក +រូបី -ប្រាសាទព្រះវិហារ -ប្រាសាទអង្គរវត្ត -ប្រាសាទសម្បូរព្រៃគុក -ប្រាសាទបាយ័ន -ប្រាសាទតាព្រំ +អរូបិ -របាំព្រះរាជទ្រព្យ -យីកេ -ល្ខោនស្រមោលតូច ធំ -ល្ខោនខោល -ល្ខោនបាសាក់។,5,5,4,1.0,0.5574106156419993,2,3,2,2
309,តើឧស្សាហកម្មមានតួនាទីដូចម្ដេចខ្លះចំពោះសេដ្ឋកិច្ចជាតិ?,ឧស្សាហកម្មមាន​តួនាទីចំពោះសេដ្ឋកិច្ចជាតិដូចជា ៖ ​ _ ជួយបង្កើតថវិការជាតិ ​ _ ជួយបង្កើតទិន្នផលជាតិ ​​ _ ជួយឲ្យសេដ្ឋកិច្ចជាតិរីកចម្រើន  _ ប្រជាជនសំបូរធូរធារ  _អភិវឌ្ឍគ្រប់វិស័យ  _ មានទំនាក់ទំនងល្អជាមួយអ្នកជិតខាង  _ មានភាពរុងរឿងនៅក្នុងប្រទេសជាតិ។,ឧស្សាហកម្មមានតួនាទីចំពោះសេដ្ឋកិច្ចជាតិដូចជា ជួយបង្កើនប្រាក់ចំណូលចូលជាតិម្ភៃបីក្បៀសប្រាំបីភាគរយឆ្នាំពីរពាន់ប្រាំបី បង្កើតការងារដល់ប្រជាជន ផ្ដល់ប្រាក់ចំណូលជួយគ្រួសារប្រជាជនមានជីវភាពធូរធារ ជួយរក្សាលំនឹងជញ្ជីងពាណិជ្ជកម្ម ផ្ដល់ធនធានសម្រាប់ដាំចេកផ្តល់ផលិតផលសម្រាប់ប្រើប្រាស់។,15,5,1,0.3333333333333333,0.3025132922907352,1,5,0,0
310,តើគេចែកយុគសម័យបុរេប្រវត្តិសាស្ត្រកម្ពុជាជាប៉ុន្មានយុគសម័យ?អ្វីខ្លះ?,គេចែកយុគសម័យបុរេប្រវត្តិសាស្ត្រកម្ពុជាជាបីយុគសម័យគឺ -យុគថ្មបំបែក (600000 - 12000 ឆ្នាំមុនគ.ស) -យុគថ្មរលីងឬសំលៀង (8000 - 2000 ឆ្នាំមុនគ.ស) -យុគលោហៈ(2000-100 ឆ្នាំមុនគ.ស)។,គេចែកយុគសម័យបុរេប្រវត្តិសាស្ត្រកម្ពុជាជាបីយុគសម័យគឺ -យុគថ្មបំបែក (600000 - 12000 ឆ្នាំមុនគ.ស) -យុគថ្មរលីងឬសំលៀង (8000 - 2000 ឆ្នាំមុនគ.ស) -យុគលោហៈ(2000-100 ឆ្នាំមុនគ.ស)។,5,5,4,1.0,1.0,4,5,0,0
311,ចូរនិយាយពីកំណកាម៉ែតញី។,ការស្ថិតនៅក្រោមសារពាង្គកាយនៃពងស្វាសមានសារៈសំខាន់ដូចជាដើម្បីរក្សាសីតុណ្ហភាពឲ្យ ទាបជាងសីតុណ្ហភាពក្នុងខ្លួន ប្រហែលពី(2-3)សីតុណ្ហភាពក្នុងខ្លួន37 ។,កំណកាម៉ែតញីដំបូងកោសិកាពូជមួយរួមចំណែកពីរដងបន្តបន្ទាប់គ្នា បានកោសិកាអូវ៉ូកូរី4 ។ អូវ៉ូកូរីនីមួយៗរីកមាឌអាចជាអូវ៉ូស៊ីត1 ។អូវ៉ូស៊ីតមួយរងចំណែកមួយនៃមេយោធាហើយត្រូវបាន ឈប់គាំងនៅវគ្គប្រផ្ដាស1 ។ក្រោយមកពេលគ្រប់អូវ៉ូស៊ីតមួយបន្តធ្វើចំណែកហើយត្រូវបានបញ្ចប់ នៅរយៈពេល6ម៉ោង ។,10,6,2,0.6,0.02001275760461689,0,0,2,6
312,តើដំណាក់កាលទាំងពីរនៃវដ្ដជីវីតរបស់រុក្ខជាតិមានអ្វីខ្លះ? ចូររៀបរាប់។,ដំណាក់កាល ទាំងពីរនៃវដ្ដជីវិតរបស់រុក្ខជាតិមាន  - ដំណាក់កាលស្ប៉រ៉ូភីត គឺជារុក្ខជាតិផលិតស្ប៉។ វាជាកោសិកាតូចៗដែលអាចលូតលាស់ជាសារពាង្គកាយថ្មី  -ស្ប៉លូតលាស់ក្នុងដំណាក់កាលផ្សេងទៀតនៃរុក្ខជាតិ ហៅថាកាម៉ែតូភីត។ ក្នុងដំណាក់កាលនៃរុក្ខជាតិផលិតកោសិកាភេទពីរបែប គឺកាម៉ែតឈ្មោល និងកាម៉ែតញី ។ កាម៉ែតញី និង កាម៉ែតឈ្មោលលាយចូលគ្នា បង្កើតបានជាសុីកូត។ បន្ទាប់មកទៀត សុីកូតលូតលាស់ទៅជាស្ប៉រ៉ូភីត។ស្ប៉រ៉ូភីតផលិតស្ប៉លូតលាស់ក្នុងកាម៉ែតូភីត កាម៉ែតូភីតផលិតកាម៉ែតញី និងកាម៉ែតឈ្មោល ហើយវដ្ដផ្ដើមសារជាថ្មី។,ដំណាក់កាល ទាំងពីរនៃវដ្ដជីវិតរបស់រុក្ខជាតិមាន  - ដំណាក់កាលស្ប៉រ៉ូភីត គឺជារុក្ខជាតិផលិតស្ប៉។ វាជាកោសិកាតូចៗដែលអាចលូតលាស់ជាសារពាង្គកាយថ្មី  -ស្ប៉លូតលាស់ក្នុងដំណាក់កាលផ្សេងទៀតនៃរុក្ខជាតិ ហៅថាកាម៉ែតូភីត។ ក្នុងដំណាក់កាលនៃរុក្ខជាតិផលិតកោសិកាភេទពីរបែប គឺកាម៉ែតឈ្មោល និងកាម៉ែតញី ។ កាម៉ែតញី និង កាម៉ែតឈ្មោលលាយចូលគ្នា បង្កើតបានជាសុីកូត។ បន្ទាប់មកទៀត សុីកូតលូតលាស់ទៅជាស្ប៉រ៉ូភីត។ស្ប៉រ៉ូភីតផលិតស្ប៉លូតលាស់ក្នុងកាម៉ែតូភីត កាម៉ែតូភីតផលិតកាម៉ែតញី និងកាម៉ែតឈ្មោល ហើយវដ្ដផ្ដើមសារជាថ្មី។,15,13,3,0.8666666666666667,1.0,4,15,1,2
313,ហេតុអ្វីបានជាមនុស្សស្រូបយកខ្យល់ដែលមានកាបូនម៉ណូអុកស៊ីតអាចបង្កគ្រោះថ្នាក់ដល់ស្លាប់បាន?,បានជាមនុស្សស្រូបយកខ្យល់ដែលមានកាបូនម៉ូណូអុកស៊ីដអាចបង្កឲ្យមានគ្រោះថ្នាក់ដល់ស្លាប់ បានព្រោះកាបូនម៉ូណូអុកស៊ីដមានសមត្ថភាពចាប់យក ក្នុងឈាមបានខ្លាំងជាងអុកស៊ីសែន វារារាំងឈាមមិនឲ្យដឹកនាំអុកស៊ីសែនទៅចិញ្ចឹមសរីរាង្គជាពិសេសខួរក្បាលដែលបណ្តាលឲ្យ ស្លាប់និង សន្លប់ ។,បានជាមនុស្សស្រូបយកខ្យល់ដែលមាន កាបូនម៉ូណូអុកស៊ីដអាចបង្កគ្រោះថ្នាក់ដល់ស្លាប់បានព្រោះ វាជាខ្យល់ពុលដែលមានពោរពេញដោយបរិយាកាសជុំវិញខ្លួន ។,5,2,2,0.4,0.5146551740393446,2,3,0,1
314,ដូចម្តេចដែលហៅថាមេយ៉ូស? ចូរនិយាយពីវគ្គផ្សេងៗនៃមេយ៉ូស។,មេយ៉ូសជាសំណុំនៃចំណែកកោសិកាពីរដងបន្តបន្ទាប់គ្នាដែលបង្កើតបានជាកោសិកាអាលូអុីតបួន ហៅថាមេយ៉ូស ។ _តេឡូផាស1 ស៊ីតូប្លាសចែកខ្លួនបានជាកោសិកាកូនពីរ ។កោសិកាកូននីមួយៗទទួលបានក្រូម៉ូសូម តែមួយពីរគូអូម៉ូឡូក ។ _ប្រផាស1 មានរយៈពេលវែង ។ _អាណាផាស1 ក្រូម៉ូសូមដំរៀបលើផ្លាស់ភ្ជាប់នឹងក្រយ៉ូងក្រូម៉ាទិចដោយសង់ក្រូងទ័ររបស់វា ។ _តេឡូផាស2 ក្រូម៉ូមនីមួយៗបានមកដល់ប៉ូលភ្នាស _មេតាផាស2 ក្រូម៉ូសូមប្រេះតាមបណ្ដោយភ្ជាប់ខ្លួនទៅនិងក្រយ៉ងក្រូម៉ាទិចដោយសង់ _ប្រូដាស2 ត្តយ៉ងអាក្រូម៉ាទិតកើតមានក្នុងកោសិកាគូនីមួយៗ _អាណាផាស2 សង់ក្រូម៉ែធ្វើចំណែកដែលនាំអោយក្រូម៉ាទិចបងប្អូនដាច់ចេញពីគ្នា ។បន្ទាប់មក ក្រូម៉ូសូមកូនទាំង2ធ្វើដំណើរឆ្ពោះទៅប៉ូលផ្ទុយគ្នារបស់ត្រយ៉ូងអាក្រូម៉ាទិច ។,មេយ៉ូសជាសំណុំនៃចំណែកកោសិកាពីរដងបន្តបន្ទាប់គ្នាដែលបង្កើតបានជាកោសិកាអាលូអុីតបួន ហៅថាមេយ៉ូស ។ _តេឡូផាស1 _ប្រផាស1  _អាណាផាស1 _មេតាផាស2  _ប្រូដាស2,10,5,2,0.5,0.4849226957984123,2,5,0,0
315,តើគេចែកប្រូទីសជាប៉ុន្មានក្រុម?អ្វីខ្លះ?,ប្រូទីសសត្វចែកជា 4 ក្រុមតាមរបៀបរស់នៅនឹងផ្លាស់ទីរបស់វា  +ប្រូតូសូអ៊ែផ្លាស់ទីដោយជើងបញ្ឆោត: អាមីប +ប្រូតូសូអ៊ែផ្លាស់ទីដោយផ្លាសែល : សាឌីយ៉ា +ប្រូតូសូអ៊ែបន្តពូជតាមរយ:ស្ប៉ :ស្ប៉រ៉ូសូអ៊ែ។,គេចែកប្រូទីសជា 4 ក្រុមដូចជា  -អាមីប -ភ្នាសសុីតូប្លាស -ប៉ារ៉ាមេសុី -ប្លាសសែល,8,4,2,0.5,0.18335939791611527,1,1,1,3
316,ចូរប្រៀបធៀបលក្ខណៈខុសគ្នានៃផ្សិត និងរុក្ខជាតិ។,លក្ខណៈខុសគ្នានៃផ្សិតនិងរុក្ខជាតិ +ផ្សិត  -ផ្សិតបន្តពូជតាមរយៈស្ប៉ -ផ្សិតមិនធ្វើរស្មីសំយោគ -អុីប -វារស់នៅកន្លែងសើម +រុក្ខជាតិ -បន្តពូជដោយគ្រាប់ -វាត្រូវការធ្វើរស្មីសំយោគ -វារស់នៅកន្លែងដែលមានពន្លឺ,ប្រៀបធៀបលក្ខណ:ខុសគ្នារវាងផ្សិតនិងរុក្ខជាតិ  +ផ្សិត -បរជីព -អុីបក្រោមដី -ស្ប៉ +រុក្ខជាតិ -ស្វ័យជីព -គ្រាប់ -ឬស,12,6,2,0.5,0.33934295232248135,1,4,1,2
317,តើអាមីបរស់នៅកន្លែងណា ?វាបង្កជំងឺអ្វី?,អាមីបរស់នៅកន្លែងដូចជាស្ទឹងបឹងអូរត្រពាំងទន្លេទឹកជ្រោះ។ វាបង្កជំងឺដូចជា ជំងឺរាគមួល ធ្វើឲ្យយើងចុកពោះដោយផឹកទឹកមិនស្អាត,អាមីបរស់នៅកន្លែងមិនស្អាតដូចជា ដីភក់ ទឹកកង្វក់ វាអាចរស់នៅក្នុងពោះវៀនមនុស្ស។ ហើយវាអាចបង្កជំងឺរាគរូស។,8,8,4,1.0,0.2989088780451282,1,2,3,6
318,តើការស្ថិតនៅក្រៅសារពាង្គកាយនៃពងស្វាសមានសារៈសំខាន់ដូចម្តេច?,ការស្ថិតនៅក្រោមសារពាង្គកាយនៃពងស្វាសមានសារៈសំខាន់ដូចជាដើម្បីរក្សាសីតុណ្ហភាពឲ្យ ទាបជាងសីតុណ្ហភាពក្នុងខ្លួន ប្រហែលពី(2-3)សីតុណ្ហភាពក្នុងខ្លួន37 ។,ការស្ថិតនៅក្រោមសារពាង្គកាយនៃពងស្វាសមានសារៈសំខាន់ដូចជាដើម្បីរក្សាសីតុណ្ហភាពឲ្យ ទាបជាងសីតុណ្ហភាពក្នុងខ្លួន ប្រហែលពី(2-3)ដែលជាលក្ខខណ្ឌចាំបាច់សម្រាប់ការផលិត មេជីវិតឈ្មោល ។,10,8,3,0.8,0.8279537350243371,3,8,0,0
319,តើផ្សិតមានរូបរាងខុសៗគ្នាអាស្រ័យនឹងអ្វី? ស្រូបសារធាតុចិញ្ចឹមតាមរយៈអ្វី?,ផ្សិតមានរូបរាងខុសៗគ្នាអាស្រ័យនឹងការតម្រៀបអុីបរបស់វា។ផ្សិតស្រូបសារធាតុចិញ្ចឹមតាមរយ:អុីបដែលដុះចូលទៅក្នុងប្រភពអាហារ។,ផ្សិតមានរូបរាងខុសៗគ្នាដោយអាស្រ័យទៅនឹង ប្រភេទនៃស្ប៉ បរិស្ថានរស់នៅ  និង ប្រភេទសរសៃភីប។ ស្រូបសារធាតុចិញ្ចឹមតាមរយ:សរសៃភីប។,10,10,4,1.0,0.4299350702619291,2,4,2,6
320,ចូររៀបរាប់អំពីទំនាក់ទំនងរវាងការដាំដុះអាជីវកម្មព្រៃឈើនិងនេសាទ។,ទំនាក់ទំនងរវាង ការដាំដុះអាជីវកម្មព្រៃឈើ និងការនេសាទ៖  _ ការដាំដុះអាជីវកម្មព្រៃឈើ និងការនេសាទ ជាភោគទ្រព្យយ៉ាងសំខាន់សម្រាប់ប្រជាជនក្នុងការទ្រទ្រង់ក្នុងជីវភាពរស់នៅនិងការអភិវឌ្ឍន៍ប្រទេសជាតិ   _ ដើម្បីបំពេញតម្រូវការក្នុងកសិកម្មផលិតកម្មនិងត្រូវការផ្សេងៗ មនុស្សនាំគ្នាកាប់ព្រៃឈើដើម្បីធ្វើអាជីវកម្មព្រៃឈើជាមូលហេតុធ្វើឲ្យអាកាសធាតុប្រែប្រួលប៉ះពាល់ដល់ជីវិតមនុស្ស សត្វ និងរុក្ខជាតិ  ​ _ អតិផលនៃប្រព័ន្ធកសិកម្ម នាំឲ្យមានកំណើននៃការប្រើប្រាស់គីមីនិងថ្នាំសម្លាប់សត្វល្អិត។ ជីគីមី និងថ្នាំសម្លាប់សត្វល្អិត ទាំងនោះហូរទៅផ្ដុំគ្នានៅតាមផ្លូវទឹកនានា បំផ្លាញជីវិតសត្វនិងពូជធម្មជាតិ។,ទំនាក់ទំនងរវាងការដាំដុះ អាជីវកម្មព្រៃឈើ និងការនេសាទ៖ + ការដាំដុះ៖    _ ដាំដុះដំណាំ រកចំណូលតិចតួច    _ លក់បម្រើទៅទូប្រទេសទាំងក្នុង និងក្រៅប្រទេស    _ ដាំដុះសម្រាប់ប្រើប្រាស់ផ្ទាល់ខ្លួន + អាជីវកម្មព្រៃឈើ៖    _ ការបំផ្លាញព្រៃឈើ    _ ការដុតព្រៃឈើ    _ ការកាប់ព្រៃឧស្សាហកម្ម  + ការនេសាទ៖    _ ចាប់ត្រីដោយប្រើគ្រឿងផ្ទុះ    _ ការឆក់ត្រី    _ ការនេសាទនៅរដូវត្រីពង។,15,5,1,0.3333333333333333,0.4482999361439396,2,7,1,2
321,តើឧស្សាហកម្មមានតួនាទីដូចម្ដេចខ្លះចំពោះសេដ្ឋកិច្ចជាតិ?,ឧស្សាហកម្មមាន​តួនាទីចំពោះសេដ្ឋកិច្ចជាតិដូចជា ៖ ​ _ ជួយបង្កើតថវិការជាតិ ​ _ ជួយបង្កើតទិន្នផលជាតិ ​​ _ ជួយឲ្យសេដ្ឋកិច្ចជាតិរីកចម្រើន  _ ប្រជាជនសំបូរធូរធារ  _អភិវឌ្ឍគ្រប់វិស័យ  _ មានទំនាក់ទំនងល្អជាមួយអ្នកជិតខាង  _ មានភាពរុងរឿងនៅក្នុងប្រទេសជាតិ។,ឧស្សាហកម្មមាន​តួនាទីចំពោះសេដ្ឋកិច្ចជាតិដូចជា ៖ ​ _ ជួយបង្កើតថវិការជាតិ ​ _ ជួយបង្កើតទិន្នផលជាតិ ​​ _ ជួយឲ្យសេដ្ឋកិច្ចជាតិរីកចម្រើន  _ ប្រជាជនសំបូរធូរធារ  _អភិវឌ្ឍគ្រប់វិស័យ  _ មានទំនាក់ទំនងល្អជាមួយអ្នកជិតខាង  _ មានភាពរុងរឿងនៅក្នុងប្រទេសជាតិ។,15,15,4,1.0,0.9999999999999998,4,15,0,0
322,តើអាណាចក្រភ្នំមានព្រំប្រទល់ជាប់ប្រទេសណាខ្លះ?,អាណាចក្រភ្នំមានព្រំប្រទល់ជាប់ប្រទេសដូចជា -ខាងជើងជាប់ចិន -ខាងត្បូងជាឈូងសមុទ្រខ្មែរ -ខាងកើតជាប់រដ្ឋចម្ប៉ា -ខាងលិចជាប់រដ្ធមនឬភូមា។,អាណាចក្រភ្នំមានព្រំប្រទល់ជាប់ប្រទេសដូចជា -ខាងជើងជាប់ចិន -ខាងត្បូងជាឈូងសមុទ្រខ្មែរ -ខាងកើតជាប់រដ្ឋចម្ប៉ា -ខាងលិចជាប់រដ្ឋមនឬភូមា។,6,6,4,1.0,0.9690658986445712,4,6,0,0
323,ចូរប្រៀបធៀបលក្ខណៈខុសគ្នានៃផ្សិត និងរុក្ខជាតិ។,លក្ខណៈខុសគ្នានៃផ្សិតនិងរុក្ខជាតិ +ផ្សិត  -ផ្សិតបន្តពូជតាមរយៈស្ប៉ -ផ្សិតមិនធ្វើរស្មីសំយោគ -អុីប -វារស់នៅកន្លែងសើម +រុក្ខជាតិ -បន្តពូជដោយគ្រាប់ -វាត្រូវការធ្វើរស្មីសំយោគ -វារស់នៅកន្លែងដែលមានពន្លឺ,ប្រៀបធៀបលក្ខណ:ខុសគ្នារវាងផ្សិតនិងរុក្ខជាតិ  +ផ្សិត -បរជីព -អុីបក្រោមដី -ស្ប៉ +រុក្ខជាតិ -ស្វ័យជីព -គ្រាប់ -ឬស,12,8,3,0.6666666666666666,0.33934295232248135,1,4,2,4
324,តើប្រព័ន្ធផលិតកម្មកសិកម្មនៅប្រទេសកម្ពុជាមានអ្វីខ្លះ?,ប្រព័ន្ធផលិតកម្មកសិកម្មនៅកម្ពុជាមានដូចជាដំណាំដំណាំស្រូវនិងកៅស៊ូដឹកនាំផ្សេងៗទៀតការចិញ្ចឹមសត្វបានចិញ្ចឹមសត្វលើគោកការចិញ្ចឹមសត្វក្នុងទឹកការនេសាទការនេសាទទឹកសាបការនេសាទទឹកប្រៃ  ព្រៃឈើអនុផលព្រៃឈើរកឃ្មុំជ័រទឹកក្តៅសត្វព្រៃ,ប្រព័ន្ធផលិតកម្មកសិកម្មនៅកម្ពុជាមានដូចជាសហគ្រាសធំតូចសិប្បកម្ម។,15,2,1,0.13333333333333333,0.24502218614736215,1,4,0,2
325,ចូរនិយាយពីកំណកាម៉ែតញី។,ការស្ថិតនៅក្រោមសារពាង្គកាយនៃពងស្វាសមានសារៈសំខាន់ដូចជាដើម្បីរក្សាសីតុណ្ហភាពឲ្យ ទាបជាងសីតុណ្ហភាពក្នុងខ្លួន ប្រហែលពី(2-3)សីតុណ្ហភាពក្នុងខ្លួន37 ។,កំណកាម៉ែតញីដំបូងកោសិកាពូជមួយរួមចំណែកពីរដងបន្តបន្ទាប់គ្នា បានកោសិកាអូវ៉ូកូរី4 ។ អូវ៉ូកូរីនីមួយៗរីកមាឌអាចជាអូវ៉ូស៊ីត1 ។អូវ៉ូស៊ីតមួយរងចំណែកមួយនៃមេយោធាហើយត្រូវបាន ឈប់គាំងនៅវគ្គប្រផ្ដាស1 ។,10,5,2,0.5,0.01770656090734037,0,0,2,5
326,តើគេចែកយុគសម័យបុរេប្រវត្តិសាស្ត្រកម្ពុជាជាប៉ុន្មានយុគសម័យ?អ្វីខ្លះ?,គេចែកយុគសម័យបុរេប្រវត្តិសាស្ត្រកម្ពុជាជាបីយុគសម័យគឺ -យុគថ្មបំបែក (600000 - 12000 ឆ្នាំមុនគ.ស) -យុគថ្មរលីងឬសំលៀង (8000 - 2000 ឆ្នាំមុនគ.ស) -យុគលោហៈ(2000-100 ឆ្នាំមុនគ.ស)។,គេចែកយុគសម័យបុរេប្រវត្តិសាស្ត្រកម្ពុជាជាបីយុគសម័យគឺ -យុគថ្មបំបែក (600000 - 12000 ឆ្នាំមុនគ.ស) -យុគថ្មរលីងឬសំលៀង (8000 - 2000 ឆ្នាំមុនគ.ស) -យុគលោហៈ(2000-100 ឆ្នាំមុនគ.ស)។,5,5,4,1.0,1.0,4,5,0,0
327,តើកត្តាអ្វីខ្លះដែលធ្វើអោយសម័យអង្គររីកចម្រើនដល់កំពូល?​ ចូលរៀបរាប់។,កត្តាដែលធ្វើអោយសម័យអង្គររីកចម្រើនគឺ: កត្តាព្រះរាជា:ព្រះរាជាចាប់ពីព្រះបាទជ័យវរ្ម័នទី 2 រហូតដល់ព្រះបាទជ័យវរ្ម័នទី 7 សុទ្ធតែជាស្ដេចខ្លាំងពូកែ កត្តានយោបាយ: នយោបាយក្នុងប្រទេសបង្រួបបង្រួមជាតិកសាងនិងការពារទឹកដី នយោបាយក្រៅប្រទេស:ចងសម្ព័ន្ធមិត្តជាមួយប្រទេសធំៗវាយយករដ្ឋតូចដាក់ជាចំណុះ កត្តាសេដ្ឋកិច្ច:រីកចម្រើនលើវិស័យកសិកម្មសិប្បកម្មគណនាគម កត្តាសាសនា:ការឯកភាពគ្នារវាងសាសនាព្រាហ្មនិងព្រះពុទ្ធ កត្តាធនធានមនុស្សបន្សល់ទុកតាំងពីសម័យនគរភ្នំនិងចេនឡាមក។,កត្តាដែលធ្វើអោយសម័យអង្គររីកចម្រើនគឺ: កត្តាព្រះរាជា:ព្រះរាជាចាប់ពីព្រះបាទជ័យវរ្ម័នទី 2 រហូតដល់ព្រះបាទជ័យវរ្ម័នទី 7 សុទ្ធសឹងតែជាស្ដេចខ្លាំងពូកែ កត្តានយោបាយ: នយោបាយក្នុងប្រទេសបង្រួបបង្រួមជាតិកសាងនិងការពារទឹកដី នយោបាយក្រៅប្រទេស:ចងសម្ព័ន្ធមិត្តជាមួយប្រទេសធំៗវាយយករដ្ឋតូចដាក់ជាចំណុះ កត្តាសេដ្ឋកិច្ច:រីកចម្រើនលើវិស័យកសិកម្មសិប្បកម្មគណនាគមន៍ កត្តាសាសនា:ការឯកភាពគ្នារវាងសាសនាព្រាហ្មនិងព្រះពុទ្ធ កត្តាធនធាន:មនុស្សបន្សល់ទុកតាំងពីសម័យនគរភ្នំនិងចេនឡាមក។,10,10,4,1.0,0.9820286341106705,4,10,0,0
328,តើប្រព័ន្ធផលិតកម្មកសិកម្មនៅក្នុងប្រទេសកម្ពុជាមានអ្វីខ្លះ?ចូររៀបរាប់​ ។,ប្រព័ន្ធផលិតកម្មកសិកម្មនៅប្រទេសកម្ពុជាមាន៖    _ ដំណាំ : ដំណាំស្រូវ ដំណាំកៅស៊ូ ដំណាំផ្សេងៗទៀត    _ ការចិញ្ចឹមសត្វ : ការចិញ្ចឹមសត្វលើគោក ការចិញ្ចឹមសត្វក្នុងទឹក    _ ការនេសាទ : ការនេសាទទឹកសាប ការនេសាទទឹកប្រៃ  _ ព្រៃឈើ : ផលិតផលឈើ អនុផលព្រៃឈើ(រកឃ្មុំ ជ័រទឹក វល្លិ៍ ផ្តៅ) សត្វព្រៃ ។,ប្រព័ន្ធផលិតកម្មកសិកម្មនៅប្រទេសកម្ពុជាមាន៖    _ ដំណាំ : ដំណាំស្រូវ ដំណាំកៅស៊ូ ដំណាំផ្សេងៗទៀត    _ ការចិញ្ចឹមសត្វ : ការចិញ្ចឹមសត្វលើគោក ការចិញ្ចឹមសត្វក្នុងទឹក    _ ការនេសាទ : ការនេសាទទឹកសាប ការនេសាទទឹកប្រៃ  _ ព្រៃឈើ : ផលិតផលឈើ អនុផលព្រៃឈើ(រកឃ្មុំ ជ័រទឹក វល្លិ៍ ផ្តៅ) សត្វព្រៃ ។,10,10,4,1.0,1.0,4,10,0,0
329,តើសេដ្ឋកិច្ចកម្ពុជាពឹងផ្អែកលើវិស័យអ្វីជាសំខាន់?     ក/ ហេតុអ្វីបានជាគេនិយាយថាកម្ពុជាជាប្រទេសកសិកម្ម?     ខ/ តើគេចែកកសិករជាប៉ុន្មានប្រភេទ?អ្វីខ្លះ?,សេដ្ឋកិច្ចកម្ពុជាពឹងផ្អែកលើវិស័យកសិកម្មជាសំខាន់។   ក/ បានជាគេនិយាយថាកម្ពុជាជាប្រទេសឧស្សាហកម្មព្រោះ៖  _  សណ្ឋានដី : ដីមានជីវជាតិល្អនិងសម្បូរទំនាបល្បាប់   _ ផ្លូវទឹក : ផ្លូវទឹកខ្វាត់ខ្វែងងាយស្រួលដល់ការដាំដុះ  _ ប្រជាជន : ប្រជាជនខ្មែរភាគច្រើនចូលចិត្តធ្វើកសិកម្ម  _ អាកាសធាតុ : ទទួលអាកាសធាតុក្តៅសើម  _ កសិកម្មផ្តល់ផល50%នៃផលិតផលជាតិសរុប។  ខ/ គេចែកកសិករទាំងនោះជា4ប្រភេទគឺ៖  _ កសិករធ្វើស្រែឬអ្នកស្រែ : និយមធ្វើស្រែ ស្រូវប្រាំង ស្រូវវស្សា ស្រូវឡើងទឹក  _ កសិករតំបន់ដីខ្ពស់ : គេដាំដំណាំជាអចិន្ត្រៃយ៍(ពោត ដំឡូង ចេក កៅស៊ូសណ្តែក)  _ កសិករធ្វើចម្ការដំណាំស្រូវ : គេដាំដំណាំតាមមាត់ទន្លេ ចិញ្ចឹមសត្វនិងនេសាទ  _ កសិករភូមិភាគឦសាន: គេធ្វើដំណាំព្រៃដុតមានដូចជាពោត ដំឡូង ស្រូវរុក្ខជាតិយកមើមដទៃទៀត និងបរបាញ់សត្វផងដែរ។,សេដ្ឋកិច្ចជាតិផ្អែកលើវិស័យកសិកម្មជាសំខាន់ព្រោះវិស័យនេះសំខាន់ដល់ជាតិដូចជា៖ -មានលក្ខណៈអនុគ្រោះដល់អ្នកវិភាគវិស័យនេះពោលគឺសម្បូរទៅដោយឡែក រាបនិងខ្ពស់រាបស្មើប្រកបដោយក្តីជីវជាតិល្អសម្រាប់ការដាំដុះការចិញ្ចឹមសត្វនិងព្រៃឈើ -កម្ពុជាឋិតនៅក្នុង តំបន់ត្រូពិកដែលអាកាសធាតុ នឹងខ្យល់ហើយទទួលបានពីខ្យល់មូសុងមានភ្លៀងធ្លាក់ច្រើននិងមានកម្ដៅគ្រប់គ្រាន់ សម្រាប់ដាំដុះចិញ្ចឹមសត្វនិងនេសាទ -វិស័យនេះផ្ដល់ជូនការងារប្រជាជនជាច្រើន ជាប្រភពស្បៀងអាហារជាប្រភពនៃវត្ថុធាតុដើមសម្រាប់ឧស្សាហកម្មក្នុងស្រុកនិងដើមចេញ ច្រើនជាងគេ -ការកាត់បន្ថយអត់ការងារធ្វើរបស់ប្រជាជន -ការកាត់បន្ថយភាពក្រក្រី ប្រជាជន  -គេបែកចែកកសិករ ទាំងនោះជាបួនប្រភេទកសិករ។  ដំណាំស្រូវកសិករស្រែចម្ការការ ដំណាំពោតសណ្តែក ក.កសិករប៉ែតសិបភាគរយជាកសិករ -គេបែងចែកកសិកម្មទាំងនោះជាបួនគឺ -កសិករដាំស្រូវ -កសិករមិនដាំស្រូវ  -កសិករដីខ្ពស់ -កសិករភូមិភាគឦសាន,20,10,2,0.5,0.46139259953674316,2,9,0,1
330,តើឧស្សាហកម្មមានតួនាទីចំពោះសេដ្ឋកិច្ចជាតិយ៉ាងដូចម្ដេច?,ឧស្សាហកម្មមានតួនាទីសម្រាប់សេដ្ឋកិច្ចជាតិដូចជា -ជួយបង្កើតប្រាក់ចំណូលចូលជាតិ -បង្កើតការងារដល់ប្រជាជន -បង្កើតប្រាក់ចំណូលចូលក្នុងគ្រួសារ -ប្រជាជនមានជីវភាពធូរធារ -ជួយរក្សាជញ្ជីងពាណិជ្ជកម្ម -ជួយបង្កើតទិន្នផលសម្រាប់ការនាំចេញនាំចូល -បង្កើននូវសង្ឃភារៈសម្រាប់ប្រើប្រាស់។,ឧស្សាហកម្មមានតួនាទីចំពោះសេដ្ឋកិច្ចជាតិដូចជា៖ -បង្កើនប្រាក់ចំណូលដល់សេដ្ឋកិច្ចជាតិ -នាំចេញនាំចូលទំនិញស្របច្បាប់ -មានអ្នកវិនិយោគទុនក្នុងប្រទេស -ផ្ដល់ការងារដល់ប្រជាជនក្នុងស្រុក -មានរោងចក្រផលិតទំនិញដោយខ្លួនឯង -កាត់បន្ថយចំណាកស្រុក -មានការនាំផលិតផលច្រើនជាងនាំចូល -ជួយអភិវឌ្ឍប្រទេស -ជួយកាត់បន្ថយការនាំចូលពីក្រៅប្រទេស -ធ្វើឲ្យប្រជាជនមាននៅប្រាក់ចំណូល -ងាយស្រួលក្នុងការធ្វើអាជីវកម្ម។,15,15,4,1.0,0.41442037318403163,2,6,2,9
331,ចូរប្រៀបធៀបលក្ខណៈខុសគ្នានៃផ្សិត និងរុក្ខជាតិ។,លក្ខណៈខុសគ្នានៃផ្សិតនិងរុក្ខជាតិ +ផ្សិត  -ផ្សិតបន្តពូជតាមរយៈស្ប៉ -ផ្សិតមិនធ្វើរស្មីសំយោគ -អុីប -វារស់នៅកន្លែងសើម +រុក្ខជាតិ -បន្តពូជដោយគ្រាប់ -វាត្រូវការធ្វើរស្មីសំយោគ -វារស់នៅកន្លែងដែលមានពន្លឺ,លក្ខណៈខុសគ្នានៃផ្សិតនិងរុក្ខជាតិ +ផ្សិត  -ផ្សិតបន្តពូជតាមរយៈស្ប៉ -ផ្សិតមិនធ្វើរស្មីសំយោគ -អុីប -វារស់នៅកន្លែងសើម +រុក្ខជាតិ -បន្តពូជដោយគ្រាប់ -វាត្រូវការធ្វើរស្មីសំយោគ -វារស់នៅកន្លែងដែលមានពន្លឺ,12,10,3,0.8333333333333334,1.0,4,12,1,2
332,ចូររៀបរាប់អំពីទំនាក់ទំនងរវាងការដាំដុះអាជីវកម្មព្រៃឈើនិងនេសាទ។,ទំនាក់ទំនងរវាង ការដាំដុះអាជីវកម្មព្រៃឈើ និងការនេសាទ៖  _ ការដាំដុះអាជីវកម្មព្រៃឈើ និងការនេសាទ ជាភោគទ្រព្យយ៉ាងសំខាន់សម្រាប់ប្រជាជនក្នុងការទ្រទ្រង់ក្នុងជីវភាពរស់នៅនិងការអភិវឌ្ឍន៍ប្រទេសជាតិ   _ ដើម្បីបំពេញតម្រូវការក្នុងកសិកម្មផលិតកម្មនិងត្រូវការផ្សេងៗ មនុស្សនាំគ្នាកាប់ព្រៃឈើដើម្បីធ្វើអាជីវកម្មព្រៃឈើជាមូលហេតុធ្វើឲ្យអាកាសធាតុប្រែប្រួលប៉ះពាល់ដល់ជីវិតមនុស្ស សត្វ និងរុក្ខជាតិ  ​ _ អតិផលនៃប្រព័ន្ធកសិកម្ម នាំឲ្យមានកំណើននៃការប្រើប្រាស់គីមីនិងថ្នាំសម្លាប់សត្វល្អិត។ ជីគីមី និងថ្នាំសម្លាប់សត្វល្អិត ទាំងនោះហូរទៅផ្ដុំគ្នានៅតាមផ្លូវទឹកនានា បំផ្លាញជីវិតសត្វនិងពូជធម្មជាតិ។,រៀបរាប់ពីទំនាក់ទំនងរវាងការដាំដុះ ការចិញ្ចឹមសត្វ និងការនេសាទ៖ការដាំដុះអាជីវកម្មព្រៃឈើមានទំនាក់ទំនងការកាប់ឈើធ្វើ អាជីវកម្មលើឈើធ្វើតុទូកៅអីណានាំចេញទៅលួចកាប់ព្រៃឈើដើម្បីសាងអគារការដាំដុះនិង ការនេសាទមានទំនាក់ទំនង ឈើជាជម្រកត្រីពងព្រៃឈើជាកន្លែងដែលត្រីរស់នៅបង្កើតជាមនុស្សកុំទឹកក្ដៅពេកអាជីវកម្មព្រៃឈើនិង ការនេសាទបាត់បង់ជម្រកសម្រាប់ស្ត្រីពរបាត់បងប្អូនក្រអ្នកនេសាទងាយស្រួលដោយសារ,15,5,1,0.3333333333333333,0.4475603772717244,2,7,1,2
333,ចូររៀបរាប់ពីទំនាក់ទំនងរវាងការដាំដុះ​ អាជីវកម្មព្រៃឈើ និងការនេសាទ។,ទំនាក់ទំនងរវាងការដាំដុះ អាជីវកម្មព្រៃឈើ និងការនេសាទមានដូចជា៖ -ការដាំដុះដោយប្រើជីធម្មជាតិ -ការប្រើប្រាស់ជីគីមី -ដាំដុះនិងធ្វើតាមរដូវ -អាជីវកម្មព្រៃឈើ -ការកាប់បំផ្លាញព្រៃឈើ -ការដុតព្រៃឈើ -ការកាប់ឈើយកទៅធ្វើអាជីវកម្ម +ការនេសាទ -ការនេសាទត្រីពេលត្រីពក -ការនេសាទដោយប្រើអគ្គិសនី -ការនេសាទហួសកម្រិត -ការនេសាទគឺជាមុខរបរប្រចាំថ្ងៃាបស់ប្រជាជន -នឹងជាអាហារប្រចាំថ្ងៃរបស់ប្រជាជន -ការនេសាទធ្វើប្រជាជនមានមុខរបររកស៊ីត្រឹមត្រូវ -ការនេសាទប្រើប្រាស់ឧបករណ៍នេសាទខុសច្បាប់ -ការបំផ្លាញជំរកត្រី -ការបកហូរទឹកចេញពី,ទំនាក់ទំនងរវាងការដាំដុះ អាជីវកម្មព្រៃឈើ និងការនេសាទ៖ -ការដាំដុះៈការធ្វើស្រែចម្ការដូចជាស្រូវ ពោត សណ្ដែក ល្ងរ ល្ពៅ និងឈើហូបផ្លែដទៃទៀត ការដាំកៅស៊ូ វល្ថ កប្បាស និងឈើមានតម្លៃ។ -អាជីវកម្មព្រៃឈើៈ ការជួញដូរព្រៃឈើដូចជា ការកាប់ឈើមានតម្លៃយកទៅលក់ ការដាំដុះឈើក្រអូបដើម្បីប្រមូលខ្លឹមតែត្រូវអនុវត្ត ច្បាប់ព្រៃឈើផងដែរ។ -ការនេសាទៈ មានដូចជាការដាក់សន្ទូច បង្កែ លប អួន ទ្រូ តែការនេសាទនេះមិនត្រូវនេសាទនៅរដុវត្រីពងឡើង និងត្រូវគោរព ច្បាប់នេសាទ។,15,2,1,0.13333333333333333,0.5105789218062601,2,8,1,6
334,តើព្រះអង្គឌួងមានស្នាព្រហស្ថអ្វីខ្លះចំពោះប្រទេសជាតិនិងប្រជារាស្ត្រខ្មែរ?,ព្រះបាទអង្គឌួងមានស្នាព្រហស្តដូចជាផ្នែករដ្ឋបាលរៀបចំប្រព័ន្ធរដ្ឋបាលនិងច្បាប់ទម្លាប់ស្ដារឡើងវិញមានរបៀបផ្នែកសេដ្ឋកិច្ចលើកស្ទួយវិស័យកសិកម្មជួសជុលប្រព័ន្ធ សេះនិងពាណិជ្ជកម្ម ភ្នែកបរទេសស្វែងរកជំនួយពីបារាំងដើម្បីទប់ទល់នឹងការត្រួតត្រាយួននិងសៀម ផ្នែកវប្បធម៌លើកស្ទួយវប្បធម៌អក្សរសាស្ត្រខ្មែរនិង សាសនា កត្តាផ្ទៃក្នុង ការបែកបាក់រាជវង្សានុវង្សបែកបាក់សាមគ្គី។,ព្រះអង្គឌួងមានស្នាព្រហស្តចំពោះប្រទេសជាតិនិងប្រទេសខ្មែរដូចជា ផ្នែកអក្សរសាស្ត្រកំណែទម្រង់ផ្នែករដ្ឋបាលកសាងហេដ្ឋារចនាសម្ព័ន្ធមានផ្លូវពីរដងទៅកំពតដែលជាកំពង់ផែសមុទ្រថ្មីការកសាងកំពង់ផែដើម្បីជំនួសកំពង់ផែចាស់ក្នុងខេត្តពាមដែលប្រទេស  លមយកនិងស្ដារមុខមាត់។,15,12,3,0.8,0.25717393600649757,1,4,2,8
335,ហេតុអ្វីបានជាមនុស្សស្រូបយកខ្យល់ដែលមានកាបូនម៉ណូអុកស៊ីតអាចបង្កគ្រោះថ្នាក់ដល់ស្លាប់បាន?,បានជាមនុស្សស្រូបយកខ្យល់ដែលមានកាបូនម៉ូណូអុកស៊ីដអាចបង្កឲ្យមានគ្រោះថ្នាក់ដល់ស្លាប់ បានព្រោះកាបូនម៉ូណូអុកស៊ីដមានសមត្ថភាពចាប់យក ក្នុងឈាមបានខ្លាំងជាងអុកស៊ីសែន វារារាំងឈាមមិនឲ្យដឹកនាំអុកស៊ីសែនទៅចិញ្ចឹមសរីរាង្គជាពិសេសខួរក្បាលដែលបណ្តាលឲ្យ ស្លាប់និង សន្លប់ ។,បានជាមនុស្សស្រូបយកខ្យល់ដែលមានកាបូនម៉ូណូអុកស៊ីដអាចបង្កឲ្យមានគ្រោះថ្នាក់ដល់ស្លាប់ បានព្រោះកាបូនម៉ូណូអុកស៊ីដមានសមត្ថភាពចាប់យក ក្នុងឈាមបានខ្លាំងជាងអុកស៊ីសែន វារារាំងឈាមមិនឲ្យដឹកនាំអុកស៊ីសែនទៅចិញ្ចឹមសរីរាង្គជាពិសេសខួរក្បាលដែលបណ្តាលឲ្យ ស្លាប់និង សន្លប់ ។,5,4,3,0.8,1.0,4,5,1,1
336,តើប្រព័ន្ធផលិតកម្មកសិកម្មនៅក្នុងប្រទេសកម្ពុជាមានអ្វីខ្លះ?ចូររៀបរាប់​ ។,ប្រព័ន្ធផលិតកម្មកសិកម្មនៅប្រទេសកម្ពុជាមាន៖    _ ដំណាំ : ដំណាំស្រូវ ដំណាំកៅស៊ូ ដំណាំផ្សេងៗទៀត    _ ការចិញ្ចឹមសត្វ : ការចិញ្ចឹមសត្វលើគោក ការចិញ្ចឹមសត្វក្នុងទឹក    _ ការនេសាទ : ការនេសាទទឹកសាប ការនេសាទទឹកប្រៃ  _ ព្រៃឈើ : ផលិតផលឈើ អនុផលព្រៃឈើ(រកឃ្មុំ ជ័រទឹក វល្លិ៍ ផ្តៅ) សត្វព្រៃ ។,ប្រព័ន្ធផលិតកម្មនៅប្រទេសកម្ពុជារួមមាន៖ ការដាំដំណាំ ដាំកៅស៊ូដាំ ដំឡូង ដាំស្រូវជាដើម មានការនេសាទ កាេនសាទបែបបុរាណនេះសាបក្រោមក៏រងនូវ ការចិញ្ចឹមសត្វលក្ខណៈ សារនិងការចិញ្ចឹមសត្វ ធ្វើបែបនេះជាមុខរបរ អនុផលព្រៃឈើកាប់ព្រៃឈើធ្វើអាជីវកម្ម។,10,10,4,1.0,0.5332245971319216,2,5,2,5
337,តើដំណាក់កាលទាំងពីរនៃវដ្ដជីវីតរបស់រុក្ខជាតិមានអ្វីខ្លះ? ចូររៀបរាប់។,ដំណាក់កាល ទាំងពីរនៃវដ្ដជីវិតរបស់រុក្ខជាតិមាន  - ដំណាក់កាលស្ប៉រ៉ូភីត គឺជារុក្ខជាតិផលិតស្ប៉។ វាជាកោសិកាតូចៗដែលអាចលូតលាស់ជាសារពាង្គកាយថ្មី  -ស្ប៉លូតលាស់ក្នុងដំណាក់កាលផ្សេងទៀតនៃរុក្ខជាតិ ហៅថាកាម៉ែតូភីត។ ក្នុងដំណាក់កាលនៃរុក្ខជាតិផលិតកោសិកាភេទពីរបែប គឺកាម៉ែតឈ្មោល និងកាម៉ែតញី ។ កាម៉ែតញី និង កាម៉ែតឈ្មោលលាយចូលគ្នា បង្កើតបានជាសុីកូត។ បន្ទាប់មកទៀត សុីកូតលូតលាស់ទៅជាស្ប៉រ៉ូភីត។ស្ប៉រ៉ូភីតផលិតស្ប៉លូតលាស់ក្នុងកាម៉ែតូភីត កាម៉ែតូភីតផលិតកាម៉ែតញី និងកាម៉ែតឈ្មោល ហើយវដ្ដផ្ដើមសារជាថ្មី។,ដំណាក់កាល ទាំងពីរនៃវដ្ដជីវិតរបស់រុក្ខជាតិមាន  - ដំណាក់កាលស្ប៉រ៉ូភីត គឺជារុក្ខជាតិផលិតស្ប៉។ វាជាកោសិកាតូចៗដែលអាចលូតលាស់ជាសារពាង្គកាយថ្មី  -ស្ប៉លូតលាស់ក្នុងដំណាក់កាលផ្សេងទៀតនៃរុក្ខជាតិ ហៅថាកាម៉ែតូភីត។ ក្នុងដំណាក់កាលនៃរុក្ខជាតិផលិតកោសិកាភេទពីរបែប គឺកាម៉ែតឈ្មោល និងកាម៉ែតញី ។ កាម៉ែតញី និង កាម៉ែតឈ្មោលលាយចូលគ្នា បង្កើតបានជាសុីកូត។ បន្ទាប់មកទៀត សុីកូតលូតលាស់ទៅជាស្ប៉រូ៉ភីត។ស្ប៉រូ៉ភីតផលិតស្ប៉លូតលាស់ក្នុងកាម៉ែតូភីត កាម៉ែតូភីតផលិតកាម៉ែតញី និងកាម៉ែតឈ្មោល ហើយវដ្ដផ្ដើមសារជាថ្មី។,15,3,1,0.2,1.0,4,15,3,12
338,ដូចម្តេចដែលហៅថាមេយ៉ូស? ចូរនិយាយពីវគ្គផ្សេងៗនៃមេយ៉ូស។,មេយ៉ូសជាសំណុំនៃចំណែកកោសិកាពីរដងបន្តបន្ទាប់គ្នាដែលបង្កើតបានជាកោសិកាអាលូអុីតបួន ហៅថាមេយ៉ូស ។ _តេឡូផាស1 ស៊ីតូប្លាសចែកខ្លួនបានជាកោសិកាកូនពីរ ។កោសិកាកូននីមួយៗទទួលបានក្រូម៉ូសូម តែមួយពីរគូអូម៉ូឡូក ។ _ប្រផាស1 មានរយៈពេលវែង ។ _អាណាផាស1 ក្រូម៉ូសូមដំរៀបលើផ្លាស់ភ្ជាប់នឹងក្រយ៉ូងក្រូម៉ាទិចដោយសង់ក្រូងទ័ររបស់វា ។ _តេឡូផាស2 ក្រូម៉ូមនីមួយៗបានមកដល់ប៉ូលភ្នាស _មេតាផាស2 ក្រូម៉ូសូមប្រេះតាមបណ្ដោយភ្ជាប់ខ្លួនទៅនិងក្រយ៉ងក្រូម៉ាទិចដោយសង់ _ប្រូដាស2 ត្តយ៉ងអាក្រូម៉ាទិតកើតមានក្នុងកោសិកាគូនីមួយៗ _អាណាផាស2 សង់ក្រូម៉ែធ្វើចំណែកដែលនាំអោយក្រូម៉ាទិចបងប្អូនដាច់ចេញពីគ្នា ។បន្ទាប់មក ក្រូម៉ូសូមកូនទាំង2ធ្វើដំណើរឆ្ពោះទៅប៉ូលផ្ទុយគ្នារបស់ត្រយ៉ូងអាក្រូម៉ាទិច ។,មេយ៉ូសជាសំណុំនៃចំណែកកោសិកាពីរដងបន្តបន្ទាប់គ្នាដែលបង្កើតបានជាកោសិកាអាលូអុីតបួន ហៅថាមេយ៉ូស ។មានបួនវគ្គគឺ ប្រូផាស អាណាផាស មេតាផាស និង តេឡូផាស ។,10,5,2,0.5,0.3872975717277597,2,4,0,1
339,តើគេចែកយុគសម័យបុរេប្រវត្តិសាស្ត្រកម្ពុជាជាប៉ុន្មានយុគសម័យ?អ្វីខ្លះ?,គេចែកយុគសម័យបុរេប្រវត្តិសាស្ត្រកម្ពុជាជាបីយុគសម័យគឺ -យុគថ្មបំបែក (600000 - 12000 ឆ្នាំមុនគ.ស) -យុគថ្មរលីងឬសំលៀង (8000 - 2000 ឆ្នាំមុនគ.ស) -យុគលោហៈ(2000-100 ឆ្នាំមុនគ.ស)។,គេចែកយុគសម័យបុរេប្រវត្តិសាស្ត្រកម្ពុជាជាបីយុគសម័យគឺ -យុគថ្មបំបែក -យុគថ្មរលីងឬសំលៀង -យុគលោហៈ។,5,3,2,0.6,0.5786223192958814,2,3,0,0
340,តើអាណាចក្រភ្នំមានព្រំប្រទល់ជាប់ប្រទេសណាខ្លះ?,អាណាចក្រភ្នំមានព្រំប្រទល់ជាប់ប្រទេសដូចជា -ខាងជើងជាប់ចិន -ខាងត្បូងជាឈូងសមុទ្រខ្មែរ -ខាងកើតជាប់រដ្ឋចម្ប៉ា -ខាងលិចជាប់រដ្ធមនឬភូមា។,អាណាចក្រភ្នំមានព្រំប្រទល់ជាប់ប្រទេសដូចជា -ខាងជើងជាប់ចិន -ខាងត្បូងជាឈូងសមុទ្រខ្មែរ -ខាងកើតជាប់រដ្ឋចម្ប៉ា -ខាងលិចជាប់រដ្ឋមនឬភូមា។,6,6,4,1.0,0.9690658986445712,4,6,0,0
341,តើអាណាចក្រភ្នំមានព្រំប្រទល់ជាប់ប្រទេសណាខ្លះ?,អាណាចក្រភ្នំមានព្រំប្រទល់ជាប់ប្រទេសដូចជា -ខាងជើងជាប់ចិន -ខាងត្បូងជាឈូងសមុទ្រខ្មែរ -ខាងកើតជាប់រដ្ឋចម្ប៉ា -ខាងលិចជាប់រដ្ធមនឬភូមា។,អាណាចក្រភ្នំមានព្រំប្រទល់ជាប់ប្រទេសដូចជា -ខាងជើងជាប់ចិន -ខាងត្បូងជាឈូងសមុទ្រខ្មែរ -ខាងកើតជាប់រដ្ឋចម្ប៉ា -ខាងលិចជាប់រដ្ឋមនឬភូមា។,6,6,4,1.0,0.9690658986445712,4,6,0,0
342,តើគេចែកយុគសម័យបុរេប្រវត្តិសាស្ត្រកម្ពុជាជាប៉ុន្មានយុគសម័យ?អ្វីខ្លះ?,គេចែកយុគសម័យបុរេប្រវត្តិសាស្ត្រកម្ពុជាជាបីយុគសម័យគឺ -យុគថ្មបំបែក (600000 - 12000 ឆ្នាំមុនគ.ស) -យុគថ្មរលីងឬសំលៀង (8000 - 2000 ឆ្នាំមុនគ.ស) -យុគលោហៈ(2000-100 ឆ្នាំមុនគ.ស)។,គេចែកយុគសម័យបុរេប្រវត្តិសាស្ត្រកម្ពុជាជាបីយុគសម័យគឺ -យុគថ្មបំបែក (600000 - 12000 ឆ្នាំមុនគ.ស) -យុគថ្មរលីងឬសំលៀង (8000 - 2000 ឆ្នាំមុនគ.ស) -យុគលោហៈ(2000-100 ឆ្នាំមុនគ.ស)។,5,5,4,1.0,1.0,4,5,0,0
343,តើគេចែកយុគសម័យបុរេប្រវត្តិសាស្ត្រកម្ពុជាជាប៉ុន្មានយុគសម័យ?អ្វីខ្លះ?,គេចែកយុគសម័យបុរេប្រវត្តិសាស្ត្រកម្ពុជាជាបីយុគសម័យគឺ -យុគថ្មបំបែក (600000 - 12000 ឆ្នាំមុនគ.ស) -យុគថ្មរលីងឬសំលៀង (8000 - 2000 ឆ្នាំមុនគ.ស) -យុគលោហៈ(2000-100 ឆ្នាំមុនគ.ស)។,គេចែកយុគសម័យបុរេប្រវត្តិសាស្ត្រកម្ពុជាជាបីយុគសម័យគឺ -យុគថ្មបំបែក (600000 - 12000 ឆ្នាំមុនគ.ស) -យុគថ្មរលីងឬសំលៀង (8000 - 2000 ឆ្នាំមុនគ.ស) -យុគលោហៈ(2000-100 ឆ្នាំមុនគ.ស)។,5,5,4,1.0,1.0,4,5,0,0
344,តើផ្សិតមានរូបរាងខុសៗគ្នាអាស្រ័យនឹងអ្វី? ស្រូបសារធាតុចិញ្ចឹមតាមរយៈអ្វី?,ផ្សិតមានរូបរាងខុសៗគ្នាអាស្រ័យនឹងការតម្រៀបអុីបរបស់វា។ផ្សិតស្រូបសារធាតុចិញ្ចឹមតាមរយ:អុីបដែលដុះចូលទៅក្នុងប្រភពអាហារ។,ផ្សិតមានរូបរាងខុសៗគ្នាអាស្រ័យលើការតម្រៀបរបស់អុីប។ផ្សិតខ្លះ អុីបមានរាងសរសៃឆ្មារៗបែកមែកប្រទាក់ក្រឡាគ្នា ណ្ហេលៗ(រង្វិល) ។ ផ្សិតខ្លះទៀតអុីបរបស់វាតម្រៀបគ្នាយ៉ាងណែន ។ វាស្រូបសារធាតុចិញ្ចឹមតាមរយ:អុីប។,10,3,1,0.3,0.5023994932323168,2,5,1,2
345,តើប្រព័ន្ធផលិតកម្មកសិកម្មនៅក្នុងប្រទេសកម្ពុជាមានអ្វីខ្លះ?ចូររៀបរាប់​ ។,ប្រព័ន្ធផលិតកម្មកសិកម្មនៅប្រទេសកម្ពុជាមាន៖    _ ដំណាំ : ដំណាំស្រូវ ដំណាំកៅស៊ូ ដំណាំផ្សេងៗទៀត    _ ការចិញ្ចឹមសត្វ : ការចិញ្ចឹមសត្វលើគោក ការចិញ្ចឹមសត្វក្នុងទឹក    _ ការនេសាទ : ការនេសាទទឹកសាប ការនេសាទទឹកប្រៃ  _ ព្រៃឈើ : ផលិតផលឈើ អនុផលព្រៃឈើ(រកឃ្មុំ ជ័រទឹក វល្លិ៍ ផ្តៅ) សត្វព្រៃ ។,ប្រព័ន្ធផលិតកម្មកសិកម្មប្រទេសកម្ពុជាមានដូចជា  -ការផលិតស្រូវឱ្យទៅជាអង្ករ  -ការដាំដុះឲ្យបានជាផលដើម្បីប្រមូលផល - ការធ្វើស្រែចម្ការដើម្បីប្រមូលផល  -ការធ្វើអាជីវកម្មព្រៃឈើដើម្បីយកឈើទាំងនោះទៅផលិតកម្មឱ្យបានជាផលអ្វីមួយ  -ការដាំដុះនូវអ្វីមួយយើងសម្រេចវាឲ្យបានជាផល  -មានឧបករណ៍ផលិតស្រូវ -មានឧបករណ៍ទំនើបៗជាច្រើនដើម្បីផលិតកម្មអ្វីមួយ -មានគ្រឿងឧបករណ៍បរិក្ខារដើម្បីផលិតស្រូវពីស្រូវទៅអង្ករ -មានគ្រឿងម៉ាស៊ីនសម្រាប់ផលិតអាហារជាច្រើន។,10,2,1,0.2,0.17494487468002698,1,2,0,0
346,តើគេចែកប្រូទីសជាប៉ុន្មានក្រុម?អ្វីខ្លះ?,ប្រូទីសសត្វចែកជា 4 ក្រុមតាមរបៀបរស់នៅនឹងផ្លាស់ទីរបស់វា  +ប្រូតូសូអ៊ែផ្លាស់ទីដោយជើងបញ្ឆោត: អាមីប +ប្រូតូសូអ៊ែផ្លាស់ទីដោយផ្លាសែល : សាឌីយ៉ា +ប្រូតូសូអ៊ែបន្តពូជតាមរយ:ស្ប៉ :ស្ប៉រ៉ូសូអ៊ែ។,គេចែកប្រូទីសសត្វជា4 ក្រុម គឺ -ណ្វៃយ៉ូ -ជើងបញ្ឆោតអាមីប -សុីតូប្លាស -វ៉ាគុយអូលកន្រ្តាក់,8,4,2,0.5,0.2313195202842589,1,2,1,2
347,ហេតុអ្វីបានជាផ្នែកឯកជនជាកម្លាំងដ៏សំខាន់សម្រាប់វិនិយោគនិងធ្វើឲ្យមានកំណើនសេដ្ឋកិច្ចក្នុងប្រទេស?,បានជាផ្នែកឯកជនជាកម្លាំងដ៏សំខាន់សម្រាប់វិនិយោគនិងធ្វើឲ្យមានកំណើនសេដ្ឋកិច្ចក្នុងប្រទេស ព្រោះប្រទេសកម្ពុជាជាប្រទេសអភិវឌ្ឍន៍ សេដ្ឋកិច្ចទីផ្សារដោយបានធ្វើកំណែទម្រង់សហគ្រាសឧស្សាហកម្មឲ្យក្លាយទៅជាកម្មសិទ្ធិឯកជន ។ សេដ្ឋកិច្ចទីផ្សារសេរីនេះនាំឲ្យអ្នករកស៊ីបរទេសចូលចិត្តមកវិនិយោគ ហើយកាលណាផ្នែកឯកជនរឹងមាំមកវិនិយោគ ហើយកាលណាផ្នែកឯកជនមិនរឹងមាំអាចបំពេញបន្ថែមវិនិយោគនិងវិស័យសង្គមកិច្ចមានន័យថាវិស័យឯកជនស្រូបយកកម្លាំងការងារកាន់តែកើនឡើង។,បានជាផ្នែកឯកជនជាកំណើនដ៏សំខាន់សម្រាប់វិនិយោគនិងធ្វើឲ្យមានកំណើនសេដ្ឋកិច្ចក្នុងប្រទេសដោយសារ -ទីផ្សារសេរីធ្វើសហគ្រាសមានសេដ្ឋកិច្ចឯកជន -ផ្នែកឯកជនផ្ដល់កូនចូលសេដ្ឋកិច្ចជាតិ -ជួយបំពេញទីផ្សារសង្គមឲ្យរីកចម្រើន  -សហគ្រាសឯកជនមានឧស្សាហកម្មសិប្បកម្មដែលជួយបំពេញតម្រូវការក្នុងស្រុក -ផ្តល់ការងារដល់ប្រជាជន -ទាក់ទាញឲ្យបរទេសចូលចិត្តមកវិនិយោគក្នុងប្រទេស -ការកាត់បន្ថយប្រជាជនធ្វើចលនាបំផ្លាស់លំនៅ -ឯកជនមានកម្លាំងកាត់បន្ថយបន្ទុកសម្រាប់ជាតិឬកាត់បន្ថយភាពក្រីក្ររបស់ប្រជាជន -ឯកជនរីកចម្រើនធ្វើឲ្យឧស្សាហកម្មមានកម្រិតខ្ពស់ដែលធ្វើប្រទេសអភិវឌ្ឍន៍លឿន.....។,15,8,2,0.5333333333333333,0.528985377443599,2,8,0,0
348,តើកត្តាអ្វីខ្លះដែលធ្វើអោយសម័យអង្គររីកចម្រើនដល់កំពូល?​ ចូលរៀបរាប់។,កត្តាដែលធ្វើអោយសម័យអង្គររីកចម្រើនគឺ: កត្តាព្រះរាជា:ព្រះរាជាចាប់ពីព្រះបាទជ័យវរ្ម័នទី 2 រហូតដល់ព្រះបាទជ័យវរ្ម័នទី 7 សុទ្ធតែជាស្ដេចខ្លាំងពូកែ កត្តានយោបាយ: នយោបាយក្នុងប្រទេសបង្រួបបង្រួមជាតិកសាងនិងការពារទឹកដី នយោបាយក្រៅប្រទេស:ចងសម្ព័ន្ធមិត្តជាមួយប្រទេសធំៗវាយយករដ្ឋតូចដាក់ជាចំណុះ កត្តាសេដ្ឋកិច្ច:រីកចម្រើនលើវិស័យកសិកម្មសិប្បកម្មគណនាគម កត្តាសាសនា:ការឯកភាពគ្នារវាងសាសនាព្រាហ្មនិងព្រះពុទ្ធ កត្តាធនធានមនុស្សបន្សល់ទុកតាំងពីសម័យនគរភ្នំនិងចេនឡាមក។,កត្តាដែលធ្វើអោយសម័យអង្គររីកចម្រើនគឺ: កត្តាព្រះរាជា:ព្រះរាជាចាប់ពីព្រះបាទជ័យវរ្ម័នទី 2 រហូតដល់ព្រះបាទជ័យវរ្ម័នទី 7 សុទ្ធសឹងតែជាស្ដេចខ្លាំងពូកែ កត្តានយោបាយ: នយោបាយក្នុងប្រទេសបង្រួបបង្រួមជាតិកសាងនិងការពារទឹកដី នយោបាយក្រៅប្រទេស:ចងសម្ព័ន្ធមិត្តជាមួយប្រទេសធំៗវាយយករដ្ឋតូចដាក់ជាចំណុះ កត្តាសេដ្ឋកិច្ច:រីកចម្រើនលើវិស័យកសិកម្មសិប្បកម្មគណនាគមន៍ កត្តាសាសនា:ការឯកភាពគ្នារវាងសាសនាព្រាហ្មនិងព្រះពុទ្ធ កត្តាធនធាន:មនុស្សបន្សល់ទុកតាំងពីសម័យនគរភ្នំនិងចេនឡាមក។,10,10,4,1.0,0.9820286341106705,4,10,0,0
349,តើកត្តាអ្វីខ្លះដែលធ្វើអោយសម័យអង្គររីកចម្រើនដល់កំពូល?​ ចូលរៀបរាប់។,កត្តាដែលធ្វើអោយសម័យអង្គររីកចម្រើនគឺ: កត្តាព្រះរាជា:ព្រះរាជាចាប់ពីព្រះបាទជ័យវរ្ម័នទី 2 រហូតដល់ព្រះបាទជ័យវរ្ម័នទី 7 សុទ្ធតែជាស្ដេចខ្លាំងពូកែ កត្តានយោបាយ: នយោបាយក្នុងប្រទេសបង្រួបបង្រួមជាតិកសាងនិងការពារទឹកដី នយោបាយក្រៅប្រទេស:ចងសម្ព័ន្ធមិត្តជាមួយប្រទេសធំៗវាយយករដ្ឋតូចដាក់ជាចំណុះ កត្តាសេដ្ឋកិច្ច:រីកចម្រើនលើវិស័យកសិកម្មសិប្បកម្មគណនាគម កត្តាសាសនា:ការឯកភាពគ្នារវាងសាសនាព្រាហ្មនិងព្រះពុទ្ធ កត្តាធនធានមនុស្សបន្សល់ទុកតាំងពីសម័យនគរភ្នំនិងចេនឡាមក។,កត្តាដែលធ្វើអោយសម័យអង្គររីកចម្រើនគឺ: .កត្តាព្រះរាជា:ព្រះរាជាចាប់ពីព្រះបាទជ័យវរ្ម័នទី 2 រហូតដល់ព្រះបាទជ័យវរ្ម័នទី 7 សុទ្ធសឹងតែជាស្ដេចខ្លាំងពូកែ .កត្តាសេដ្ឋកិច្ច: +នយោបាយក្នុងប្រទេស:បង្រួបបង្រួម​ កសាង និងការពារ។ +នយោបាយក្រៅប្រទេស:ចងសម្ព័ន្ធមិត្តជាមួយប្រទេសធំៗដូចជាចិននិងឥណ្ឌា និងវាយយករដ្ឋតូចដាក់ជាចំណុះ .កត្តាប្រទេសជាតិ:មានការរីកចម្រើនខ្លាំងខ្លា .កត្តាធនធានមនុស្សបន្សល់ទុកតាំងពីសម័យនគរភ្នំនិងចេនឡាមក។,10,9,4,0.9,0.8513160888993553,3,9,1,0
350,តើអាមីបរស់នៅកន្លែងណា ?វាបង្កជំងឺអ្វី?,អាមីបរស់នៅកន្លែងដូចជាស្ទឹងបឹងអូរត្រពាំងទន្លេទឹកជ្រោះ។ វាបង្កជំងឺដូចជា ជំងឺរាគមួល ធ្វើឲ្យយើងចុកពោះដោយផឹកទឹកមិនស្អាត,អាមីបរស់នៅកន្លែងដែលមិនស្អាតដូចជា ដីភក់ ទឹកកខ្វក់ វាអាចរស់នៅក្នុងពោះវៀនមនុស្សដែលបង្កឲមានជំងឺរាគមួល។,8,4,2,0.5,0.326877768253581,1,3,1,1
351,តើសង្គមខ្មែរនៅសម័យអង្គរមានប៉ុន្មានវណ្ណៈ? វណ្ណៈអ្វីខ្លះ? ចូលរៀបរាប់។,សង្គមខ្មែរនៅសម័យអង្គរមានប្រាំវណ្ណៈគឺ -វណ្ណៈក្សត្រឬរាជវង្សនុវង្ស (ជាស្ដេចគ្រប់គ្រងប្រទេស -វណ្ណៈមន្ត្រី (អ្នករស់នៅក្នុងរាជវាំងបម្រើស្ដេច) -វណ្ណៈព្រាហ្ម៍ឬបុព្វជិត​(គឺជាអ្នកបួស) -វណ្ណៈអ្នកជាឬកសិករ (អ្នករស់នៅនឹងធ្វើស្រែចម្ការ) -វណ្ណៈអ្នកងារឬទាសករ(ទាសករបម្រើគេតកូនតចៅ)។,សង្គមខ្មែរនៅសម័យអង្គរមានប្រាំវណ្ណៈគឺ -វណ្ណៈក្សត្រ:វណ្ណៈនេះមានបុព្វសិទ្ធណាស់ដូចជាគ្មានការបង់ពន្ធ មិនជាប់កំណែននិងមិនត្រូវធ្វើការងារធ្ងន់ជាដើម។ -វណ្ណៈមន្ត្រី:ឋាននុក្រមរបស់ពួកគេអាចសម្គាល់តាមរយៈឥស្សតិយយសនិងចំនួនផ្ទះប្រកក្បឿងរបស់ពួកគេ។ -វណ្ណៈអ្នកបួស: .ពួកប៉ាងឃៀបគឺពួកព្រាហ្មណ៍ពួកនេះស្លៀកពាក់ដូចគេទៀតដែរ ខុសត្រង់មានពាក់ខ្សែរអំបោះដវេញមួយខ្សែរនៅក ជាសញ្ញាថាអ្នកចេះដឹងខ្ពង់ខ្ពស់។ .ពួកជូគូគឺជាភិគូឬសាមលោកព្រះសង្ឃខាងពុទ្ធសាសនាក្រុមនេះកោរសក់និងក្រងជីវពណ៌លឿង .ពួកប៉ាស៊ីវីឬសួកសាបស្លៀកពាក់ដូចអ្នកស្រុកធម្មតាតែជូតក្បាលនិងកំណាត់ពណ៍ក្រហម .ព្រាហ្មណ៍បុរោហិតជាអ្នកពិនិត្យជាអ្នកថែរក្សាវត្តសក្តិសិទ្ធនិងព្រះទេវរូបនៅក្នុងរាជវាំងនិងអ្នកផ្ដល់ពត៍មានដល់ព្រះមហាក្សត្រ -វណ្ណៈអ្នកជា:ពួកគេជាវណ្ណៈកណ្ដាលក្នុងសង្គម​ ដែលមានឋានន្ដរមានប្រហាក់ប្រហែលនិងពួកឈ្មួញសិប្បកម្ម សិប្បករនិងប្រជារាស្ត្រសាមញ្ញ -វណ្ណៈទាសករ:ពួកគេជាវណ្ណៈទាបបំផុតនៅក្នុងសង្គមដែលជាអ្នកបម្រើគេអស់មួយជីវិតនិងតពូជទៀតផង។,10,10,4,1.0,0.4565073156596501,2,5,2,5
352,តើគេចែកប្រូទីសជាប៉ុន្មានក្រុម?អ្វីខ្លះ?,ប្រូទីសសត្វចែកជា 4 ក្រុមតាមរបៀបរស់នៅនឹងផ្លាស់ទីរបស់វា  +ប្រូតូសូអ៊ែផ្លាស់ទីដោយជើងបញ្ឆោត: អាមីប +ប្រូតូសូអ៊ែផ្លាស់ទីដោយផ្លាសែល : សាឌីយ៉ា +ប្រូតូសូអ៊ែបន្តពូជតាមរយ:ស្ប៉ :ស្ប៉រ៉ូសូអ៊ែ។,គេចែកប្រូទីសជា 4 ក្រុមដូចជា  -អាមីប -ភ្នាសសុីតូប្លាស -ប៉ារ៉ាមេសុី -ប្លាសសែល,8,7,4,0.875,0.18335939791611527,1,1,3,6
353,តើអាមីបរស់នៅកន្លែងណា ?វាបង្កជំងឺអ្វី?,អាមីបរស់នៅកន្លែងដូចជាស្ទឹងបឹងអូរត្រពាំងទន្លេទឹកជ្រោះ។ វាបង្កជំងឺដូចជា ជំងឺរាគមួល ធ្វើឲ្យយើងចុកពោះដោយផឹកទឹកមិនស្អាត,អាមីបរស់នៅកន្លែងដែលមិនស្អាតដូចជា ដីភក់ ទឹកកខ្វក់ វាអាចរស់នៅក្នុងពោះវៀនមនុស្សដែលបង្កឲមានជំងឺរាគមួល។,8,4,2,0.5,0.326877768253581,1,3,1,1
354,តើសេដ្ឋកិច្ចកម្ពុជាពឹងផ្អែកលើវិស័យអ្វីជាសំខាន់?     ក/ ហេតុអ្វីបានជាគេនិយាយថាកម្ពុជាជាប្រទេសកសិកម្ម?     ខ/ តើគេចែកកសិករជាប៉ុន្មានប្រភេទ?អ្វីខ្លះ?,សេដ្ឋកិច្ចកម្ពុជាពឹងផ្អែកលើវិស័យកសិកម្មជាសំខាន់។   ក/ បានជាគេនិយាយថាកម្ពុជាជាប្រទេសឧស្សាហកម្មព្រោះ៖  _  សណ្ឋានដី : ដីមានជីវជាតិល្អនិងសម្បូរទំនាបល្បាប់   _ ផ្លូវទឹក : ផ្លូវទឹកខ្វាត់ខ្វែងងាយស្រួលដល់ការដាំដុះ  _ ប្រជាជន : ប្រជាជនខ្មែរភាគច្រើនចូលចិត្តធ្វើកសិកម្ម  _ អាកាសធាតុ : ទទួលអាកាសធាតុក្តៅសើម  _ កសិកម្មផ្តល់ផល50%នៃផលិតផលជាតិសរុប។  ខ/ គេចែកកសិករទាំងនោះជា4ប្រភេទគឺ៖  _ កសិករធ្វើស្រែឬអ្នកស្រែ : និយមធ្វើស្រែ ស្រូវប្រាំង ស្រូវវស្សា ស្រូវឡើងទឹក  _ កសិករតំបន់ដីខ្ពស់ : គេដាំដំណាំជាអចិន្ត្រៃយ៍(ពោត ដំឡូង ចេក កៅស៊ូសណ្តែក)  _ កសិករធ្វើចម្ការដំណាំស្រូវ : គេដាំដំណាំតាមមាត់ទន្លេ ចិញ្ចឹមសត្វនិងនេសាទ  _ កសិករភូមិភាគឦសាន: គេធ្វើដំណាំព្រៃដុតមានដូចជាពោត ដំឡូង ស្រូវរុក្ខជាតិយកមើមដទៃទៀត និងបរបាញ់សត្វផងដែរ។,សេដ្ឋកិច្ចកម្ពុជាពឹងផ្អែកលើវិស័យកសិកម្មសំខាន់ ក- ប្រទេសកម្ពុជាជាប្រទេសកសិកម្មពីព្រោះ -ផ្ទៃដីកម្ពុជាអំណោយផលដល់កសិកម្មគ្រប់ប្រភេទមានវាលទំនាបខ្ពង់រាបអាកាសធាតុទៀងទាត់ខ្យល់មូសុងដែលមានសំណើមនូវកម្ដៅគ្រប់គ្រាន់(ផ្ទៃដីកសិកម្មមាន៩០%) -ប្រជាជនធ្វើកសិកម្មច្រើនតែជួយផ្ដល់ការងារដល់ប្រជាជន(កសិករមាន៧២.៣%) -ជួយដល់សេដ្ឋកិច្ចគ្រួសារនិងជាតិ -សម្រាប់ផ្គត់ផ្គង់ក្នុងស្រុកនិងសសម្រាប់នាំចេញ  -ស្រូវជាអាហារចាំបាច់សម្រាប់ប្រជាជន -ផ្ដល់នូវវត្ថុធាតុដើមសម្រាប់ឧស្សាហកម្ម(កៅស៊ូដំឡូង..) -ការបន្ថយការធ្វើចលនាបម្លាស់ទីលំនៅរបស់ប្រជាជន(កសិកម្មនៅជនបទស្រាប់)...។ ខ.គេចែកកសិករទាំងនោះជាបួនប្រភេទ -កសិករអនុផលព្រៃឈើ(កៅស៊ូ វល្លិ៍ ផ្ដៅ…) -កសិករចិញ្ចឹមត្រី(វារីវប្បកម្មនិងនេសាទ) -កសិករចិញ្ចឹមសត្វ (គោ ជ្រូក ទា…) -កសិករដាំដំណាំ(ស្រូវ ពោត សណ្តែក…)។,20,10,2,0.5,0.47457968101273645,2,9,0,1
355,តើអាណាចក្រភ្នំមានព្រំប្រទល់ជាប់ប្រទេសណាខ្លះ?,អាណាចក្រភ្នំមានព្រំប្រទល់ជាប់ប្រទេសដូចជា -ខាងជើងជាប់ចិន -ខាងត្បូងជាឈូងសមុទ្រខ្មែរ -ខាងកើតជាប់រដ្ឋចម្ប៉ា -ខាងលិចជាប់រដ្ធមនឬភូមា។,អាណាចក្រភ្នំមានព្រំប្រទល់ខាងជើងជាប់នឹងប្រទេសចិន(រដ្ឋណានឆាវនិងតុងតឹង)ខាងកើតជាប់រដ្ឋចម្ប៉ា(ឈូងសមុទ្រចិន)និងខាងត្បូងជាប់និងឈូងសមុទ្រខ្មែរ(នគរភ្នំ)និងខាងលិចជាប់រដ្ឋមនឬភូមា។,6,6,4,1.0,0.6647821859686388,3,4,1,2
356,តើអាមីបរស់នៅកន្លែងណា ?វាបង្កជំងឺអ្វី?,អាមីបរស់នៅកន្លែងដូចជាស្ទឹងបឹងអូរត្រពាំងទន្លេទឹកជ្រោះ។ វាបង្កជំងឺដូចជា ជំងឺរាគមួល ធ្វើឲ្យយើងចុកពោះដោយផឹកទឹកមិនស្អាត,អាមីបរស់នៅកន្លែងសើម។វាបង្កជំងឺដូចជា រាគមួល និង ឡើងកន្ទួលក្រហមលើស្បែក។,8,5,2,0.625,0.3807192179117436,2,3,0,2
357,តើសេដ្ឋកិច្ចកម្ពុជាពឹងផ្អែកលើវិស័យអ្វីជាសំខាន់?     ក/ ហេតុអ្វីបានជាគេនិយាយថាកម្ពុជាជាប្រទេសកសិកម្ម?     ខ/ តើគេចែកកសិករជាប៉ុន្មានប្រភេទ?អ្វីខ្លះ?,សេដ្ឋកិច្ចកម្ពុជាពឹងផ្អែកលើវិស័យកសិកម្មជាសំខាន់។   ក/ បានជាគេនិយាយថាកម្ពុជាជាប្រទេសឧស្សាហកម្មព្រោះ៖  _  សណ្ឋានដី : ដីមានជីវជាតិល្អនិងសម្បូរទំនាបល្បាប់   _ ផ្លូវទឹក : ផ្លូវទឹកខ្វាត់ខ្វែងងាយស្រួលដល់ការដាំដុះ  _ ប្រជាជន : ប្រជាជនខ្មែរភាគច្រើនចូលចិត្តធ្វើកសិកម្ម  _ អាកាសធាតុ : ទទួលអាកាសធាតុក្តៅសើម  _ កសិកម្មផ្តល់ផល50%នៃផលិតផលជាតិសរុប។  ខ/ គេចែកកសិករទាំងនោះជា4ប្រភេទគឺ៖  _ កសិករធ្វើស្រែឬអ្នកស្រែ : និយមធ្វើស្រែ ស្រូវប្រាំង ស្រូវវស្សា ស្រូវឡើងទឹក  _ កសិករតំបន់ដីខ្ពស់ : គេដាំដំណាំជាអចិន្ត្រៃយ៍(ពោត ដំឡូង ចេក កៅស៊ូសណ្តែក)  _ កសិករធ្វើចម្ការដំណាំស្រូវ : គេដាំដំណាំតាមមាត់ទន្លេ ចិញ្ចឹមសត្វនិងនេសាទ  _ កសិករភូមិភាគឦសាន: គេធ្វើដំណាំព្រៃដុតមានដូចជាពោត ដំឡូង ស្រូវរុក្ខជាតិយកមើមដទៃទៀត និងបរបាញ់សត្វផងដែរ។,ក/ សេដ្ឋកិច្ចពឹងផ្អែកលើវិស័យកសិកម្មជាសំខាន់ ព្រោះគេនិយាយថាប្រទេសកម្ពុជាជាប្រទេសកសិកម្ម ព្រោះកម្ពុជាស្ថិតនៅតំបន់ត្រូពិចក្តៅហើយសើម ជាតំបន់ទំនាបកណ្ដាល និងតំបន់ខ្ពង់រាបមានភ្លៀងធ្លាក់ច្រើនសណ្ឋានដីសើម និងក្តៅមានសារធាតុសម្បូរទៅដោយប្រើធារាសាស្រ្ត  និងមានផ្ទៃដីដាំដុះប្រហែល 90% នៃផ្ទៃដីអនុគ្រោះដល់កសិករក្នុងការកសិកម្ម ។ ខ/ គេចែកកសិករទាំងនោះជា ២ ប្រភេទគឺ៖   _សកម្ម   _និងអសកម្ម ។,20,12,2,0.6,0.3560814610219998,1,7,1,5
358,តើដំណាក់កាលទាំងពីរនៃវដ្ដជីវីតរបស់រុក្ខជាតិមានអ្វីខ្លះ? ចូររៀបរាប់។,ដំណាក់កាល ទាំងពីរនៃវដ្ដជីវិតរបស់រុក្ខជាតិមាន  - ដំណាក់កាលស្ប៉រ៉ូភីត គឺជារុក្ខជាតិផលិតស្ប៉។ វាជាកោសិកាតូចៗដែលអាចលូតលាស់ជាសារពាង្គកាយថ្មី  -ស្ប៉លូតលាស់ក្នុងដំណាក់កាលផ្សេងទៀតនៃរុក្ខជាតិ ហៅថាកាម៉ែតូភីត។ ក្នុងដំណាក់កាលនៃរុក្ខជាតិផលិតកោសិកាភេទពីរបែប គឺកាម៉ែតឈ្មោល និងកាម៉ែតញី ។ កាម៉ែតញី និង កាម៉ែតឈ្មោលលាយចូលគ្នា បង្កើតបានជាសុីកូត។ បន្ទាប់មកទៀត សុីកូតលូតលាស់ទៅជាស្ប៉រ៉ូភីត។ស្ប៉រ៉ូភីតផលិតស្ប៉លូតលាស់ក្នុងកាម៉ែតូភីត កាម៉ែតូភីតផលិតកាម៉ែតញី និងកាម៉ែតឈ្មោល ហើយវដ្ដផ្ដើមសារជាថ្មី។,រុក្ខជាតិមានវដ្ដជីវិតសាំញុំរួមមាន២ ដំណាក់កាលគឺ ស្ប៉រ៉ូភីត និង កាម៉ែតូភីត -ស្ប៉រ៉ូភីត គឺជា រុក្ខជាតិផលិតស្ប៉ ។ វាជាកោសិកាតូចៗដែលអាចលូតលាស់ជាសារពាង្គកាយថ្មី។ -កាម៉ែតូភីត គឺជាស្ប៉លូតលាស់ក្នុងដំណាក់កាលមួយនៃរុក្ខជាតិ។វាបង្កើតបានជាភេទ ២ គឺកាម៉ែតញី និង កាម៉ែតឈ្មោល ។,15,3,1,0.2,0.8362997291920437,3,13,2,10
359,តើគេចែកប្រូទីសជាប៉ុន្មានក្រុម?អ្វីខ្លះ?,ប្រូទីសសត្វចែកជា 4 ក្រុមតាមរបៀបរស់នៅនឹងផ្លាស់ទីរបស់វា  +ប្រូតូសូអ៊ែផ្លាស់ទីដោយជើងបញ្ឆោត: អាមីប +ប្រូតូសូអ៊ែផ្លាស់ទីដោយផ្លាសែល : សាឌីយ៉ា +ប្រូតូសូអ៊ែបន្តពូជតាមរយ:ស្ប៉ :ស្ប៉រ៉ូសូអ៊ែ។,ប្រូទីសសត្វចែកជា 4 ក្រុមតាមរបៀបរស់នៅនឹងផ្លាស់ទីរបស់វា  +ប្រូតូសូអ៊ែផ្លាស់ទីដោយជើងបញ្ឆោត: អាមីប +ប្រូតូសូអ៊ែផ្លាស់ទីដោយផ្លាសែល : សាឌីយ៉ា +ប្រូតូសូអ៊ែបន្តពូជតាមរយ:ស្ប៉ :ស្ប៉រ៉ូសូអ៊ែ។,8,7,4,0.875,1.0,4,8,0,1
360,តើផ្សិតមានរូបរាងខុសៗគ្នាអាស្រ័យនឹងអ្វី? ស្រូបសារធាតុចិញ្ចឹមតាមរយៈអ្វី?,ផ្សិតមានរូបរាងខុសៗគ្នាអាស្រ័យនឹងការតម្រៀបអុីបរបស់វា។ផ្សិតស្រូបសារធាតុចិញ្ចឹមតាមរយ:អុីបដែលដុះចូលទៅក្នុងប្រភពអាហារ។,ផ្សិតមានរូបរាងខុសៗគ្នាអាស្រ័យនឹងការតម្រៀបអុីបរបស់វា។ ស្រូបសារធាតុចិញ្ចឹមតាមរយ:អុីប។,10,6,2,0.6,0.8328256355280018,3,8,1,2
361,ដូចម្តេចដែលហៅថាមេយ៉ូស? ចូរនិយាយពីវគ្គផ្សេងៗនៃមេយ៉ូស។,មេយ៉ូសជាសំណុំនៃចំណែកកោសិកាពីរដងបន្តបន្ទាប់គ្នាដែលបង្កើតបានជាកោសិកាអាលូអុីតបួន ហៅថាមេយ៉ូស ។ _តេឡូផាស1 ស៊ីតូប្លាសចែកខ្លួនបានជាកោសិកាកូនពីរ ។កោសិកាកូននីមួយៗទទួលបានក្រូម៉ូសូម តែមួយពីរគូអូម៉ូឡូក ។ _ប្រផាស1 មានរយៈពេលវែង ។ _អាណាផាស1 ក្រូម៉ូសូមដំរៀបលើផ្លាស់ភ្ជាប់នឹងក្រយ៉ូងក្រូម៉ាទិចដោយសង់ក្រូងទ័ររបស់វា ។ _តេឡូផាស2 ក្រូម៉ូមនីមួយៗបានមកដល់ប៉ូលភ្នាស _មេតាផាស2 ក្រូម៉ូសូមប្រេះតាមបណ្ដោយភ្ជាប់ខ្លួនទៅនិងក្រយ៉ងក្រូម៉ាទិចដោយសង់ _ប្រូដាស2 ត្តយ៉ងអាក្រូម៉ាទិតកើតមានក្នុងកោសិកាគូនីមួយៗ _អាណាផាស2 សង់ក្រូម៉ែធ្វើចំណែកដែលនាំអោយក្រូម៉ាទិចបងប្អូនដាច់ចេញពីគ្នា ។បន្ទាប់មក ក្រូម៉ូសូមកូនទាំង2ធ្វើដំណើរឆ្ពោះទៅប៉ូលផ្ទុយគ្នារបស់ត្រយ៉ូងអាក្រូម៉ាទិច ។,មេយ៉ូសជាសំណុំនៃចំណែកកោសិកាពីរដងបន្តបន្ទាប់គ្នាដែលបង្កើតបានជាកោសិកាអាលូអុីតបួន ហៅថាមេយ៉ូស ។មានបួនវគ្គគឺ ប្រូផាស អាណាផាស មេតាផាស និង តេឡូផាស ។,10,4,2,0.4,0.3872975717277597,2,4,0,0
362,តើឧស្សាហកម្មមានតួនាទីដូចម្ដេចខ្លះចំពោះសេដ្ឋកិច្ចជាតិ?,ឧស្សាហកម្មមាន​តួនាទីចំពោះសេដ្ឋកិច្ចជាតិដូចជា ៖ ​ _ ជួយបង្កើតថវិការជាតិ ​ _ ជួយបង្កើតទិន្នផលជាតិ ​​ _ ជួយឲ្យសេដ្ឋកិច្ចជាតិរីកចម្រើន  _ ប្រជាជនសំបូរធូរធារ  _អភិវឌ្ឍគ្រប់វិស័យ  _ មានទំនាក់ទំនងល្អជាមួយអ្នកជិតខាង  _ មានភាពរុងរឿងនៅក្នុងប្រទេសជាតិ។,ឧស្សាហកម្មមានតួនាទីចំពោះសេដ្ឋកិច្ចព្រោះ៖  _ ផ្ដល់ប្រាក់កម្រៃ ជីវភាពរស់  _ ផ្ដល់ចំណូលចូលសេដ្ឋកិច្ច  _ ប្រជាជនមានការងារធ្វើ  _ សង្គមរីកចម្រើនគ្រប់វិស័យ  _ មានការវិនិយោគទុន  _ សម្បូរការដាំដុះ។,15,15,4,1.0,0.28395143483862145,1,4,3,11
363,តើគេចែកយុគសម័យបុរេប្រវត្តិសាស្ត្រកម្ពុជាជាប៉ុន្មានយុគសម័យ?អ្វីខ្លះ?,គេចែកយុគសម័យបុរេប្រវត្តិសាស្ត្រកម្ពុជាជាបីយុគសម័យគឺ -យុគថ្មបំបែក (600000 - 12000 ឆ្នាំមុនគ.ស) -យុគថ្មរលីងឬសំលៀង (8000 - 2000 ឆ្នាំមុនគ.ស) -យុគលោហៈ(2000-100 ឆ្នាំមុនគ.ស)។,គេចែកយុគសម័យបុរេប្រវត្តិសាស្ត្រកម្ពុជាជាបីយុគសម័យគឺ -យុគថ្មបំបែក (600000 - 12000 ឆ្នាំមុនគ.ស) -យុគថ្មរលីងឬសំលៀង (8000 - 2000 ឆ្នាំមុនគ.ស) -យុគលោហៈ(2000-100 ឆ្នាំមុនគ.ស)។,5,5,4,1.0,1.0,4,5,0,0
364,តើផ្សិតមានរូបរាងខុសៗគ្នាអាស្រ័យនឹងអ្វី? ស្រូបសារធាតុចិញ្ចឹមតាមរយៈអ្វី?,ផ្សិតមានរូបរាងខុសៗគ្នាអាស្រ័យនឹងការតម្រៀបអុីបរបស់វា។ផ្សិតស្រូបសារធាតុចិញ្ចឹមតាមរយ:អុីបដែលដុះចូលទៅក្នុងប្រភពអាហារ។,ផ្សិតមានរូបរាងខុសៗគ្នាអាស្រ័យនឹងការតម្រៀបអុីបរបស់វា។ផ្សិតស្រូបសារធាតុចិញ្ចឹមតាមរយ:អុីបដែលដុះចូលទៅក្នុងប្រភពអាហារ។,10,8,3,0.8,0.9999999999999999,4,10,1,2
365,តើឧស្សាហកម្មមានតួនាទីដូចម្ដេចខ្លះចំពោះសេដ្ឋកិច្ចជាតិ?,ឧស្សាហកម្មមាន​តួនាទីចំពោះសេដ្ឋកិច្ចជាតិដូចជា ៖ ​ _ ជួយបង្កើតថវិការជាតិ ​ _ ជួយបង្កើតទិន្នផលជាតិ ​​ _ ជួយឲ្យសេដ្ឋកិច្ចជាតិរីកចម្រើន  _ ប្រជាជនសំបូរធូរធារ  _អភិវឌ្ឍគ្រប់វិស័យ  _ មានទំនាក់ទំនងល្អជាមួយអ្នកជិតខាង  _ មានភាពរុងរឿងនៅក្នុងប្រទេសជាតិ។,ឧស្សាហកម្មមានទេចំពោះសេដ្ឋកិច្ចជាតិដូចជា ជួយបង្កើនប្រាក់ចំណូលចូលចូលជាតិម្ភៃបីក្បៀសប្រាំបីភាគរយឆ្នាំពីរពាន់ប្រាំបី បង្កើតការងារជូនដល់ប្រជាជនផ្តល់ប្រាក់ចំណូលក្នុងគ្រួសារ ប្រជាជនមានជីវភាពធូរធារ  ជួយរក្សាលំនឹងចេញចេញពាណិជ្ជកម្ម ផ្ដល់ផលិតផលសម្រាប់នាំចេញផ្តល់ផលិតផលសម្រាប់ប្រើប្រាស់។,15,5,1,0.3333333333333333,0.27136767594898387,1,4,0,1
366,ចូររៀបរាប់អំពីទំនាក់ទំនងរវាងការដាំដុះអាជីវកម្មព្រៃឈើនិងនេសាទ។,ទំនាក់ទំនងរវាង ការដាំដុះអាជីវកម្មព្រៃឈើ និងការនេសាទ៖  _ ការដាំដុះអាជីវកម្មព្រៃឈើ និងការនេសាទ ជាភោគទ្រព្យយ៉ាងសំខាន់សម្រាប់ប្រជាជនក្នុងការទ្រទ្រង់ក្នុងជីវភាពរស់នៅនិងការអភិវឌ្ឍន៍ប្រទេសជាតិ   _ ដើម្បីបំពេញតម្រូវការក្នុងកសិកម្មផលិតកម្មនិងត្រូវការផ្សេងៗ មនុស្សនាំគ្នាកាប់ព្រៃឈើដើម្បីធ្វើអាជីវកម្មព្រៃឈើជាមូលហេតុធ្វើឲ្យអាកាសធាតុប្រែប្រួលប៉ះពាល់ដល់ជីវិតមនុស្ស សត្វ និងរុក្ខជាតិ  ​ _ អតិផលនៃប្រព័ន្ធកសិកម្ម នាំឲ្យមានកំណើននៃការប្រើប្រាស់គីមីនិងថ្នាំសម្លាប់សត្វល្អិត។ ជីគីមី និងថ្នាំសម្លាប់សត្វល្អិត ទាំងនោះហូរទៅផ្ដុំគ្នានៅតាមផ្លូវទឹកនានា បំផ្លាញជីវិតសត្វនិងពូជធម្មជាតិ។,រៀបរាប់ពីទំនាក់ទំនងរវាងការដាំដុះ ការចិញ្ចឹមសត្វ និងការនេសាទ៖ -ការដាំដុះគឺជាការដាំដុះនូវដំណាំផ្សេងផ្សេងដូចជាស្រូវបន្លែជាច្រើនការដាំដុះនេះភាគច្រើនគេដាំវានៅតាមជនបទដើម្បីយកទៅលក់នៅទីផ្សារដើម្បីយកប្រាក់មកដោះដូរជីវភាព ប្រជាជនខ្លះដាំដុះនេះដើម្បីទុកបរិភោគខ្លួនឯងដោយកាត់បន្ថយទៅលើការចំណាយហើយការដាំដុះនេះ សារៈសំខាន់ចំពោះជាតិផងដែរការដាំដុះនេះអាចនាំចេញទៅក្រៅស្រុកបាន ផងដែរ អ្នកខ្លះទៀតយកការដាំដុះនេះជាមុខរបរនាំយកទៅទីក្រុងដើម្បីលក់ដូរ។ -អាជីវកម្មព្រៃឈើប្រជាជនមួយបានយកការកាប់ព្រៃឈើធ្វើជាអាជីវកម្មដើម្បីចិញ្ចឹមជីវិតហើយអាជីវកម្ម នេះមួយចំនួនអាចយកធ្វើជាអុសធ្យូងផ្ទះគ្រែកៅអីជាដើមគឺទាំងអស់នេះ ក៏ជាការសំខាន់ដែរដើម្បីយកទៅលក់ដូរដើម្បីដោះដូរជីវភាពបានប៉ុន្តែការធ្វើអាជីវកម្មព្រៃឈើនេះក៏អាចបង្កដល់អំពើខុសច្បាប់ដែរហើយអាចមានសំឡេងរំខានដល់អ្នកដទៃផងដែរ។ -ការនេសាទក៏អាចដោះដូរជីវភាពបានតែប្រជាជនមួយចំនួនបានយកការនេសាទនេះ ចិញ្ចឹមជីវិតនិងគ្រួសារការនេសាទឬមានច្រើនបែបណាដូចជាការនេសាទត្រីការនេសាទសត្វ ការនេសាទនៅសមុទ្រជាដើម។,15,15,4,1.0,0.33733707000921115,1,5,3,10
367,តើសង្គមខ្មែរនៅសម័យអង្គរមានប៉ុន្មានវណ្ណៈ? វណ្ណៈអ្វីខ្លះ? ចូលរៀបរាប់។,សង្គមខ្មែរនៅសម័យអង្គរមានប្រាំវណ្ណៈគឺ -វណ្ណៈក្សត្រឬរាជវង្សនុវង្ស (ជាស្ដេចគ្រប់គ្រងប្រទេស -វណ្ណៈមន្ត្រី (អ្នករស់នៅក្នុងរាជវាំងបម្រើស្ដេច) -វណ្ណៈព្រាហ្ម៍ឬបុព្វជិត​(គឺជាអ្នកបួស) -វណ្ណៈអ្នកជាឬកសិករ (អ្នករស់នៅនឹងធ្វើស្រែចម្ការ) -វណ្ណៈអ្នកងារឬទាសករ(ទាសករបម្រើគេតកូនតចៅ)។,សង្គមខ្មែរនៅសម័យអង្គរមានប្រាំវណ្ណៈគឺ -វណ្ណៈក្សត្រឬរាជវង្សានុវង្ស -វណ្ណៈមន្ត្រី -វណ្ណៈបុព្វជិត -វណ្ណៈអ្នកជា -វណ្ណៈទាសករនិងអ្នកងារ។,10,5,2,0.5,0.7494250337701416,3,7,1,2
368,ចូរពណ៏នាពីការអភិវឌ្ឍសេដ្ឋកិច្ច សង្គម នៅកម្ពុជាពីឆ្នាំ១៩៩៣ មកទល់សព្វថ្ងៃ?,ការអភិវឌ្ឈនៅកម្ពុជា +វិស័យសេដ្ឋកិច្ច -ជួយជំរុញវិស័យកសិកម្ម ឧស្សាហកម្ម ពាណិជ្ជកម្ម ទេសចរណ៌ មានការអភិវឌ្ឈ -មានកំណើនការវិនិយោគពីឯកជនបង្កើតទុនបរទេស -មានទំនាក់ទំនងពាណិជ្ជកម្មអន្តរជាតិជាមួយអាស៊ាននិងមហាអំណាចធំៗ -មានកំណើនភ្ញៀវទេសចរណ៌ជាតិនិងអន្តរជាតិ ផ្ដល់ចំណូលដល់ប្រជាជន -កសាងហេដ្ឋារចនាសម្ព័ន្ធ មានផ្លូវថ្នល់ ស្ពានដែក កំពង់ផែ អាកាសយាន្តដ្ឋាន ដោយបំពាក់ប្រព័ន្ធទឹកភ្លើងពីទីក្រុងទៅជនបទ +វិស័យសង្គម -មានការទប់ស្កាត់សង្គ្រាម -លើកស្ទួយការគោរពសិទ្ធិមនុស្ស -ទប់ស្កាត់អំពើពុករលួយ -ធ្វើឱ្យរដ្ឋាភិបាលមានលទ្ធភាពសម្រេចផែនការនានាតាមការកំណត់ -ជួយឱ្យមានរក្សាសន្តិភាព សុខសុវត្ថិភាព -មានការអភិវឌ្ឈសាលារៀន មន្ទីរពេទ្យ -មានសមភាពយែនឌ័រក្នុងសង្គម -កម្ពុជារៀបចំកម្មវិធីធំៗថ្នាក់ជាតិ។,ការអភិវឌ្ឈនៅកម្ពុជា +វិស័យសេដ្ឋកិច្ច -ជួយជំរុញវិស័យកសិកម្ម ឧស្សាហកម្ម ពាណិជ្ជកម្ម ទេសចរណ៌ មានការអភិវឌ្ឈ -មានកំណើនការវិនិយោគពីឯកជនបង្កើតទុនបរទេស -មានទំនាក់ទំនងពាណិជ្ជកម្មអន្តរជាតិជាមួយអាស៊ាននិងមហាអំណាចធំៗ -មានកំណើនភ្ញៀវទេសចរណ៌ជាតិនិងអន្តរជាតិ ផ្ដល់ចំណូលដល់ប្រជាជន -កសាងហេដ្ឋារចនាសម្ព័ន្ធ មានផ្លូវថ្នល់ ស្ពានដែក កំពង់ផែ អាកាសយាន្តដ្ឋាន ដោយបំពាក់ប្រព័ន្ធទឹកភ្លើងពីទីក្រុងទៅជនបទ +វិស័យសង្គម -មានការទប់ស្កាត់សង្គ្រាម -លើកស្ទួយការគោរពសិទ្ធិមនុស្ស -ទប់ស្កាត់អំពើពុករលួយ -ធ្វើឱ្យរដ្ឋាភិបាលមានលទ្ធភាពសម្រេចផែនការនានាតាមការកំណត់ -ជួយឱ្យមានរក្សាសន្តិភាព សុខសុវត្ថិភាព -មានការអភិវឌ្ឈសាលារៀន មន្ទីរពេទ្យ -មានសមភាពយែនឌ័រក្នុងសង្គម -កម្ពុជារៀបចំកម្មវិធីធំៗថ្នាក់ជាតិ។,10,10,4,1.0,0.9999999999999994,4,10,0,0
369,តើកត្តាអ្វីខ្លះដែលធ្វើអោយសម័យអង្គររីកចម្រើនដល់កំពូល?​ ចូលរៀបរាប់។,កត្តាដែលធ្វើអោយសម័យអង្គររីកចម្រើនគឺ: កត្តាព្រះរាជា:ព្រះរាជាចាប់ពីព្រះបាទជ័យវរ្ម័នទី 2 រហូតដល់ព្រះបាទជ័យវរ្ម័នទី 7 សុទ្ធតែជាស្ដេចខ្លាំងពូកែ កត្តានយោបាយ: នយោបាយក្នុងប្រទេសបង្រួបបង្រួមជាតិកសាងនិងការពារទឹកដី នយោបាយក្រៅប្រទេស:ចងសម្ព័ន្ធមិត្តជាមួយប្រទេសធំៗវាយយករដ្ឋតូចដាក់ជាចំណុះ កត្តាសេដ្ឋកិច្ច:រីកចម្រើនលើវិស័យកសិកម្មសិប្បកម្មគណនាគម កត្តាសាសនា:ការឯកភាពគ្នារវាងសាសនាព្រាហ្មនិងព្រះពុទ្ធ កត្តាធនធានមនុស្សបន្សល់ទុកតាំងពីសម័យនគរភ្នំនិងចេនឡាមក។,កត្តាដែលធ្វើអោយសម័យអង្គររីកចម្រើនគឺ: កត្តាព្រះរាជា:ព្រះរាជាចាប់ពីព្រះបាទជ័យវរ្ម័នទី 2 រហូតដល់ព្រះបាទជ័យវរ្ម័នទី 7 សុទ្ធសឹងតែជាស្ដេចខ្លាំងពូកែ កត្តានយោបាយ: នយោបាយក្នុងប្រទេសបង្រួបបង្រួមជាតិកសាងនិងការពារទឹកដី នយោបាយក្រៅប្រទេស:ចងសម្ព័ន្ធមិត្តជាមួយប្រទេសធំៗវាយយករដ្ឋតូចដាក់ជាចំណុះ កត្តាសេដ្ឋកិច្ច:រីកចម្រើនលើវិស័យកសិកម្មសិប្បកម្មគណនាគមន៍ កត្តាសាសនា:ការឯកភាពគ្នារវាងសាសនាព្រាហ្មនិងព្រះពុទ្ធ កត្តាធនធាន:មនុស្សបន្សល់ទុកតាំងពីសម័យនគរភ្នំនិងចេនឡាមក។,10,10,4,1.0,0.9820286341106705,4,10,0,0
370,ហេតុអ្វីបានជាប្រទេសកម្ពុជាពឹងផ្អែកទៅលើវិស័យកសិកម្ម?,បានជាផ្នែកឯកជនជាកម្លាំងដ៏សំខាន់សម្រាប់កំណើនសេដ្ឋកិច្ចកម្ពុជាព្រោះ -កម្ពុជាបានអនុវត្តសេដ្ឋកិច្ចទីផ្សារសេរីដោយបានធ្វើកំណែទម្រង់ពីសហគ្រាសរដ្ឋឲ្យក្លាយទៅជាកម្មសិទ្ធិឯកជន -សេដ្ឋកិច្ចទីផ្សារសេរីនាំឲ្យអ្នករកស៊ីចូលចិត្តមករកស៊ីនិងដាក់វិនិយោគទុន -កាលណាភ្នែកឯកជនរឹងមាំអាចជួយបំពេញបន្ថែមលើវិនិយោគសាធារណៈក្នុងវិស័យសេដ្ឋកិច្ចគឺផ្នែកឯកជនអាចស្រូបយកកម្លាំងពលកម្មកើនឡើង។,បានជាផ្នែកឯកជនជាកម្លាំងដ៏សំខាន់សម្រាប់វិនិយោគនិងឲ្យមានកំណើនសេដ្ឋកិច្ចក្នុងប្រទេស -រដ្ឋាភិបាលប្រកាសនៅរបបទីផ្សារសេរី -ជនបរទេសចូលចិត្តវិនិយោគទីផ្សារសេរីព្រោះងាយស្រួល -ការយកចិត្តទុកដាក់របស់រដ្ឋាភិបាល -បង្កើននូវការនាំចេញបានច្រើនជាងមុន -ការមាននៅទំនាក់ទំនងល្អជាមួយអ្នកវិនិយោគក្នុងនិងក្រៅប្រទេស -រោងចក្រសហគ្រាសកាន់តែច្រើន -បង្កេីនរាក់ចំណូលចូលសេដ្ឋកិច្ចបានច្រើនជាងមុន -ឯកជនជាផ្នែកមានភាពច្បាស់លាស់ក្រឹតក្រម -ការយកចិត្តពីសំណាក់ប្រធានសហគ្រាសផ្សេងៗ -ភាពច្បាស់លាស់បង្កើននូវអ្នកវិនិយោគកាន់តែច្រើន។,15,10,3,0.6666666666666666,0.364760003053733,1,5,2,5
371,តើមូលហេតុអ្វីបានជាព្រះបាទពញាយ៉ាត ជ្រើសរើសយកចតុមុខធ្វើជារាជធានី?,បានជាព្រះបាទពញាយ៉ាតជ្រើសរើសក្រុងចតុមុខជារាជធានីព្រោះ មានទីតាំងភូមិសាស្ត្រល្អ គេចពីសត្រូវឈ្លានពានសៀម ដីមានជីវជាតិងាយស្រួលក្នុងការធ្វើកសិកម្ម ជាទីប្រសព្វនៃជំនួសទាំងផ្លូវគោកនិងផ្លូវទឹក សម្បូរផ្លូវក្នុងការធ្វើកសិកម្មនិងជំនួញ ភាពខាងត្បូងដីមានប្រជាជនច្រើននិងធនធានដើម្បីកសាងសេដ្ឋកិច្ចជាតិ។,បានជាព្រះបាទពញាយ៉ាតជ្រើសរើសក្រុងចតុមុខជារាជធានីព្រោះ មានទីតាំងភូមិសាស្ត្រល្អ គេចពីសត្រូវឈ្លានពានសៀម ដីមានជីវជាតិងាយស្រួលក្នុងការធ្វើកសិកម្ម ជាទីប្រសព្វនៃជំនួសទាំងផ្លូវគោកនិងផ្លូវទឹក សម្បូរផ្លូវក្នុងការធ្វើកសិកម្មនិងជំនួញ ភាពខាងត្បូងដីមានប្រជាជនច្រើននិងធនធានដើម្បីកសាងសេដ្ឋកិច្ចជាតិ។,10,10,4,1.0,1.0,4,10,0,0
372,ហេតុអ្វីបានជាប្រទេសកម្ពុជាពឹងផ្អែកទៅលើវិស័យកសិកម្ម?,បានជាផ្នែកឯកជនជាកម្លាំងដ៏សំខាន់សម្រាប់កំណើនសេដ្ឋកិច្ចកម្ពុជាព្រោះ -កម្ពុជាបានអនុវត្តសេដ្ឋកិច្ចទីផ្សារសេរីដោយបានធ្វើកំណែទម្រង់ពីសហគ្រាសរដ្ឋឲ្យក្លាយទៅជាកម្មសិទ្ធិឯកជន -សេដ្ឋកិច្ចទីផ្សារសេរីនាំឲ្យអ្នករកស៊ីចូលចិត្តមករកស៊ីនិងដាក់វិនិយោគទុន -កាលណាភ្នែកឯកជនរឹងមាំអាចជួយបំពេញបន្ថែមលើវិនិយោគសាធារណៈក្នុងវិស័យសេដ្ឋកិច្ចគឺផ្នែកឯកជនអាចស្រូបយកកម្លាំងពលកម្មកើនឡើង។,បានជាផ្នែកឯកជនជាកម្លាំងដ៏សំខាន់សម្រាប់កំណើនសេដ្ឋកិច្ចកម្ពុជាព្រោះ -កម្ពុជាបានអនុវត្តសេដ្ឋកិច្ចទីផ្សារសេរីដោយបានធ្វើកំណែទម្រង់ពីសហគ្រាសរដ្ឋឲ្យក្លាយទៅជាកម្មសិទ្ធិឯកជន -សេដ្ឋកិច្ចទីផ្សារសេរីនាំឲ្យអ្នករកស៊ីចូលចិត្តមករកស៊ីនិងដាក់វិនិយោគទុន -កាលណាភ្នែកឯកជនរឹងមាំអាចជួយបំពេញបន្ថែមលើវិនិយោគសាធារណៈក្នុងវិស័យសេដ្ឋកិច្ចគឺផ្នែកឯកជនអាចស្រូបយកកម្លាំងពលកម្មកើនឡើង។,15,15,4,1.0,1.0,4,15,0,0
373,តើប្រព័ន្ធផលិតកម្មកសិកម្មនៅក្នុងប្រទេសកម្ពុជាមានអ្វីខ្លះ?ចូររៀបរាប់​ ។,ប្រព័ន្ធផលិតកម្មកសិកម្មនៅប្រទេសកម្ពុជាមាន៖    _ ដំណាំ : ដំណាំស្រូវ ដំណាំកៅស៊ូ ដំណាំផ្សេងៗទៀត    _ ការចិញ្ចឹមសត្វ : ការចិញ្ចឹមសត្វលើគោក ការចិញ្ចឹមសត្វក្នុងទឹក    _ ការនេសាទ : ការនេសាទទឹកសាប ការនេសាទទឹកប្រៃ  _ ព្រៃឈើ : ផលិតផលឈើ អនុផលព្រៃឈើ(រកឃ្មុំ ជ័រទឹក វល្លិ៍ ផ្តៅ) សត្វព្រៃ ។,ប្រព័ន្ធផលិតកម្មនៅប្រទេសកម្ពុជារួមមាន៖ +ដំណាំ  - ដំណាំស្រូវ  -កៅស៊ូ -ដំណាំផ្សេងផ្សេងទៀត +ការចិញ្ចឹមសត្វ -ការចិញ្ចឹមសត្វនៅលើគោក  -ការចិញ្ចឹមសត្វនេសាទ +ព្រៃឈើ -ផលិតកម្មព្រៃឈើអនុផលព្រៃឈើសត្វព្រៃ។,10,10,4,1.0,0.7541549274012569,3,8,1,2
374,ចូរពណ៏នាពីការអភិវឌ្ឍសេដ្ឋកិច្ច សង្គម នៅកម្ពុជាពីឆ្នាំ១៩៩៣ មកទល់សព្វថ្ងៃ?,ការអភិវឌ្ឈនៅកម្ពុជា +វិស័យសេដ្ឋកិច្ច -ជួយជំរុញវិស័យកសិកម្ម ឧស្សាហកម្ម ពាណិជ្ជកម្ម ទេសចរណ៌ មានការអភិវឌ្ឈ -មានកំណើនការវិនិយោគពីឯកជនបង្កើតទុនបរទេស -មានទំនាក់ទំនងពាណិជ្ជកម្មអន្តរជាតិជាមួយអាស៊ាននិងមហាអំណាចធំៗ -មានកំណើនភ្ញៀវទេសចរណ៌ជាតិនិងអន្តរជាតិ ផ្ដល់ចំណូលដល់ប្រជាជន -កសាងហេដ្ឋារចនាសម្ព័ន្ធ មានផ្លូវថ្នល់ ស្ពានដែក កំពង់ផែ អាកាសយាន្តដ្ឋាន ដោយបំពាក់ប្រព័ន្ធទឹកភ្លើងពីទីក្រុងទៅជនបទ +វិស័យសង្គម -មានការទប់ស្កាត់សង្គ្រាម -លើកស្ទួយការគោរពសិទ្ធិមនុស្ស -ទប់ស្កាត់អំពើពុករលួយ -ធ្វើឱ្យរដ្ឋាភិបាលមានលទ្ធភាពសម្រេចផែនការនានាតាមការកំណត់ -ជួយឱ្យមានរក្សាសន្តិភាព សុខសុវត្ថិភាព -មានការអភិវឌ្ឈសាលារៀន មន្ទីរពេទ្យ -មានសមភាពយែនឌ័រក្នុងសង្គម -កម្ពុជារៀបចំកម្មវិធីធំៗថ្នាក់ជាតិ។,ពណ៌នាពីការអភិវឌ្ឍសេដ្ឋកិច្ចសង្គមនៅកម្ពុជាពីឆ្នាំ 1993 មកទល់សព្វថ្ងៃ +នយោបាយឈ្នះ -នយោបាយឈ្នះបានធ្វើឲ្យរាជរដ្ឋាភិបាលបានដាក់ចេញនូវយុទ្ធសាស្ត្រត្រីកោណនិងយុទ្ធសាស្ត្រចតុកោណក្នុងការអភិវឌ្ឍសង្គមតាមរយៈកំណែទម្រង់សាធារណៈ វិមជ្ឈការកំណែទម្រង់ច្បាប់និងប្រព័ន្ធតុលាការសន្តិភាពនយោបាយហិរញ្ញវត្ថុលុបបំបាត់អំពើពុករលួយការគ្រប់គ្រងធនធានធម្មជាតិប្រកបដោយចីរភាព។ +សេដ្ឋកិច្ច -បង្កើតទំនាក់ទំនងពាណិជ្ជកម្មអន្តរជាតិអាស៊ាននិងមហាអំណាចធំៗលើពិភពលោក -អនុវត្តសេដ្ឋកិច្ចទីផ្សារសេរីកម្ពុជាក្លាយជាកន្លែងវិនិយោគទុនដ៏ទាក់ទាញ -ជំរុញនិងលើកទឹកចិត្តការវិនិយោគពីឯកជនបង្កើតទន់បរទេស -ធ្វើអោយអត្រាប្ដូរប្រាក់មានស្ថិរភាព +វិស័យសង្គម -ធ្វើឱ្យមានសមត្ថផលជាច្រើនកើតឡើងដូចជា -កសាងសាលារៀនពីមតេយ្យសិក្សាដល់សាកលវិទ្យាល័យ -កសាងមន្ទីរពេទ្យផ្លូវថ្នល់ស្ពានប្រព័ន្ធធារាសាស្រ្តជាពិសេសសេដ្ឋកិច្ចមានការរីកចម្រើន -ប្រជាជនមានជីវភាពកាន់តែប្រសើរ +ការអនុវត្តច្បាប់,10,9,4,0.9,0.4167851339736323,2,4,2,5
375,តើផ្សិតមានរូបរាងខុសៗគ្នាអាស្រ័យនឹងអ្វី? ស្រូបសារធាតុចិញ្ចឹមតាមរយៈអ្វី?,ផ្សិតមានរូបរាងខុសៗគ្នាអាស្រ័យនឹងការតម្រៀបអុីបរបស់វា។ផ្សិតស្រូបសារធាតុចិញ្ចឹមតាមរយ:អុីបដែលដុះចូលទៅក្នុងប្រភពអាហារ។,ផ្សិតមានរូបរាងខុសៗគ្នាអាស្រ័យទៅលើការតម្រៀបអុីបរបស់វា។ +ហើយវាស្រូបសារធាតុចិញ្ចិមតាមរយៈអុីបក្រោមដី។,10,8,3,0.8,0.6563703603381148,3,7,0,1
376,តើគេចែកយុគសម័យបុរេប្រវត្តិសាស្ត្រកម្ពុជាជាប៉ុន្មានយុគសម័យ?អ្វីខ្លះ?,គេចែកយុគសម័យបុរេប្រវត្តិសាស្ត្រកម្ពុជាជាបីយុគសម័យគឺ -យុគថ្មបំបែក (600000 - 12000 ឆ្នាំមុនគ.ស) -យុគថ្មរលីងឬសំលៀង (8000 - 2000 ឆ្នាំមុនគ.ស) -យុគលោហៈ(2000-100 ឆ្នាំមុនគ.ស)។,គេចែកយុគសម័យបុរេប្រវត្តិសាស្ត្រកម្ពុជាជាបីយុគសម័យគឺ -យុគថ្មបំបែក (600000 - 12000 ឆ្នាំមុនគ.ស) -យុគថ្មរលីងឬសំលៀង (8000 - 2000 ឆ្នាំមុនគ.ស) -យុគលោហៈ(2000-100 ឆ្នាំមុនគ.ស)។,5,5,4,1.0,1.0,4,5,0,0
377,តើការស្ថិតនៅក្រៅសារពាង្គកាយនៃពងស្វាសមានសារៈសំខាន់ដូចម្តេច?,ការស្ថិតនៅក្រោមសារពាង្គកាយនៃពងស្វាសមានសារៈសំខាន់ដូចជាដើម្បីរក្សាសីតុណ្ហភាពឲ្យ ទាបជាងសីតុណ្ហភាពក្នុងខ្លួន ប្រហែលពី(2-3)សីតុណ្ហភាពក្នុងខ្លួន37 ។,ការស្ថិតនៅក្រោមសារពាង្គកាយនៃពងស្វាសមានសារៈសំខាន់ក្នុងការផលិតអរម៉ូនភេទឈ្មោលនិង បង្កើតស្ពែម៉ាតូសូអ៊ីត ។,10,3,1,0.3,0.28458921400642256,1,3,0,0
378,បុព្វហេតុអ្វីខ្លះដែលនាំឲ្យអាណាចក្រចេនឡាបែកបាក់ជាពីរគឺអាណាចក្រចេនឡាដីគោកនិងចេនឡាទឹកលិច?,បុព្វហេតុដែលនាំហើយអាណាចក្រចេនឡាបែកជាពីរគឺ -វិសាលភាពទឹកដីធំទូលាយ -ចម្បាំងអត់ឈប់ឈរ -សមន្ដរដ្ឋបះបោរចង់ផ្ដាច់ខ្លួន -វិបត្តិផ្ទៃក្នុង -ព្រះនាងជ័យទេវីគ្មានសមត្ថភាពគ្រប់គ្រង។,បុព្វហេតុដែលនាំហើយអាណាចក្រចេនឡាបែកជាពីរគឺ -វិសាលភាពទឹកដីធំទូលាយ -ចម្បាំងអត់ឈប់ឈរ -សមន្ដរដ្ឋបះបោរចង់ផ្ដាច់ខ្លួន -វិបត្តិផ្ទៃក្នុង -ព្រះនាងជ័យទេវីគ្មានសមត្ថភាពគ្រប់គ្រង។,7,7,4,1.0,1.0,4,7,0,0
379,តើសង្គមខ្មែរនៅសម័យអង្គរមានប៉ុន្មានវណ្ណៈ? វណ្ណៈអ្វីខ្លះ? ចូលរៀបរាប់។,សង្គមខ្មែរនៅសម័យអង្គរមានប្រាំវណ្ណៈគឺ -វណ្ណៈក្សត្រឬរាជវង្សនុវង្ស (ជាស្ដេចគ្រប់គ្រងប្រទេស -វណ្ណៈមន្ត្រី (អ្នករស់នៅក្នុងរាជវាំងបម្រើស្ដេច) -វណ្ណៈព្រាហ្ម៍ឬបុព្វជិត​(គឺជាអ្នកបួស) -វណ្ណៈអ្នកជាឬកសិករ (អ្នករស់នៅនឹងធ្វើស្រែចម្ការ) -វណ្ណៈអ្នកងារឬទាសករ(ទាសករបម្រើគេតកូនតចៅ)។,សង្គមខ្មែរនៅសម័យអង្គរមានប្រាំវណ្ណៈគឺ -វណ្ណៈក្សត្រឬរាជវង្សានុវង្ស:វណ្ណៈនេះមានបុព្វសិទ្ធ -វណ្ណៈមន្ត្រី -វណ្ណៈបុព្វជិត -វណ្ណៈអ្នកជា -វណ្ណៈទាសករនិងអ្នកងារ។,10,6,2,0.6,0.7257419364590418,3,7,1,1
380,តើគេចែកយុគសម័យបុរេប្រវត្តិសាស្ត្រកម្ពុជាជាប៉ុន្មានយុគសម័យ?អ្វីខ្លះ?,គេចែកយុគសម័យបុរេប្រវត្តិសាស្ត្រកម្ពុជាជាបីយុគសម័យគឺ -យុគថ្មបំបែក (600000 - 12000 ឆ្នាំមុនគ.ស) -យុគថ្មរលីងឬសំលៀង (8000 - 2000 ឆ្នាំមុនគ.ស) -យុគលោហៈ(2000-100 ឆ្នាំមុនគ.ស)។,គេចែកយុគសម័យបុរេប្រវត្តិសាស្ត្រកម្ពុជាជាបីយុគសម័យគឺ -យុគថ្មបំបែក (600000 - 12000 ឆ្នាំមុនគ.ស) -យុគថ្មរលីងឬសំលៀង (8000 - 2000 ឆ្នាំមុនគ.ស) -យុគលោហៈ(2000-100 ឆ្នាំមុនគ.ស)។,5,5,4,1.0,1.0,4,5,0,0
381,តើការស្ថិតនៅក្រៅសារពាង្គកាយនៃពងស្វាសមានសារៈសំខាន់ដូចម្តេច?,ការស្ថិតនៅក្រោមសារពាង្គកាយនៃពងស្វាសមានសារៈសំខាន់ដូចជាដើម្បីរក្សាសីតុណ្ហភាពឲ្យ ទាបជាងសីតុណ្ហភាពក្នុងខ្លួន ប្រហែលពី(2-3)សីតុណ្ហភាពក្នុងខ្លួន37 ។,ការស្ថិតនៅក្រោមសារពាង្គកាយនៃពងស្វាសមានសារៈសំខាន់ក្នុងការផលិតអរម៉ូនភេទឈ្មោលនិង បង្កើតស្ពែម៉ាតូសូអ៊ីត ។រក្សាសីតុណ្ហភាពឲ្យទាបជាងសីតុណ្ហភាពក្នុងខ្លួន ប្រហែលពី(2-3)សីតុណ្ហភាព ក្នុងខ្លួន37 ។,10,10,4,1.0,0.804062449715198,3,8,1,2
382,បុព្វហេតុអ្វីខ្លះដែលនាំឲ្យអាណាចក្រចេនឡាបែកបាក់ជាពីរគឺអាណាចក្រចេនឡាដីគោកនិងចេនឡាទឹកលិច?,បុព្វហេតុដែលនាំហើយអាណាចក្រចេនឡាបែកជាពីរគឺ -វិសាលភាពទឹកដីធំទូលាយ -ចម្បាំងអត់ឈប់ឈរ -សមន្ដរដ្ឋបះបោរចង់ផ្ដាច់ខ្លួន -វិបត្តិផ្ទៃក្នុង -ព្រះនាងជ័យទេវីគ្មានសមត្ថភាពគ្រប់គ្រង។,បុព្វហេតុដែលនាំហើយអាណាចក្រចេនឡាបែកជាពីរគឺ -វិសាលភាពទឹកដីធំទូលាយ -ចម្បាំងអត់ឈប់ឈរ -សមន្ដរដ្ឋបះបោរចង់ផ្ដាច់ខ្លួន -វិបត្តិផ្ទៃក្នុង -ព្រះនាងជ័យទេវីគ្មានសមត្ថភាពគ្រប់គ្រង។,7,7,4,1.0,1.0,4,7,0,0
383,តើផ្សិតមានរូបរាងខុសៗគ្នាអាស្រ័យនឹងអ្វី? ស្រូបសារធាតុចិញ្ចឹមតាមរយៈអ្វី?,ផ្សិតមានរូបរាងខុសៗគ្នាអាស្រ័យនឹងការតម្រៀបអុីបរបស់វា។ផ្សិតស្រូបសារធាតុចិញ្ចឹមតាមរយ:អុីបដែលដុះចូលទៅក្នុងប្រភពអាហារ។,ផ្សិតមានរូបរាងខុសៗគ្នាអាស្រ័យនឹងការតម្រៀបអុីបរបស់វា។ផ្សិតស្រូបសារធាតុចិញ្ចឹមតាមរយ:អុីបដែលដុះចូលទៅក្នុងប្រភពអាហារ។,10,6,2,0.6,0.9999999999999999,4,10,2,4
384,ចូរនិយាយពីកំណកាម៉ែតញី។,ការស្ថិតនៅក្រោមសារពាង្គកាយនៃពងស្វាសមានសារៈសំខាន់ដូចជាដើម្បីរក្សាសីតុណ្ហភាពឲ្យ ទាបជាងសីតុណ្ហភាពក្នុងខ្លួន ប្រហែលពី(2-3)សីតុណ្ហភាពក្នុងខ្លួន37 ។,កំណកាម៉ែតញីដំបូងកោសិកាពូជមួយរួមចំណែកពីរដងបន្តបន្ទាប់គ្នា បានកោសិកាអូវ៉ូកូរី4 ។ អូវ៉ូកូរីនីមួយៗរីកមាឌអាចជាអូវ៉ូស៊ីត1 ។អូវ៉ូស៊ីតមួយរងចំណែកមួយនៃមេយោធាហើយត្រូវបាន ឈប់គាំងនៅវគ្គប្រផ្ដាស1 ។,10,5,2,0.5,0.01770656090734037,0,0,2,5
385,ហេតុអ្វីបានជាមនុស្សស្រូបយកខ្យល់ដែលមានកាបូនម៉ណូអុកស៊ីតអាចបង្កគ្រោះថ្នាក់ដល់ស្លាប់បាន?,បានជាមនុស្សស្រូបយកខ្យល់ដែលមានកាបូនម៉ូណូអុកស៊ីដអាចបង្កឲ្យមានគ្រោះថ្នាក់ដល់ស្លាប់ បានព្រោះកាបូនម៉ូណូអុកស៊ីដមានសមត្ថភាពចាប់យក ក្នុងឈាមបានខ្លាំងជាងអុកស៊ីសែន វារារាំងឈាមមិនឲ្យដឹកនាំអុកស៊ីសែនទៅចិញ្ចឹមសរីរាង្គជាពិសេសខួរក្បាលដែលបណ្តាលឲ្យ ស្លាប់និង សន្លប់ ។,បានជាមនុស្សស្រូបយកខ្យល់ដែលមានកាបូនម៉ូណូអុកស៊ីដអាចបង្កឲ្យមានគ្រោះថ្នាក់ដល់ស្លាប់ បានព្រោះកាបូនម៉ូណូអុកស៊ីដមានសមត្ថភាពចាប់យក ក្នុងឈាមបានខ្លាំងជាងអុកស៊ីសែន វារារាំងឈាមមិនឲ្យដឹកនាំអុកស៊ីសែនទៅចិញ្ចឹមសរីរាង្គជាពិសេសខួរក្បាលដែលបណ្តាលឲ្យ ស្លាប់និង សន្លប់ ។,5,4,3,0.8,1.0,4,5,1,1
386,តើព្រះបាទពញាយ៉ាតមានបុត្រប៉ុន្មានអង្គព្រះនាមអ្វីខ្លះ?ជាមួយអ្នកម្នាងណាខ្លះ?,ព្រះបាទពញាយ៉ាតមានបុត្របីអង្គគឺ នារាយណ៍រាជា ជាបុត្រជាមួយម្នាងទេវី ស្រីរាជាជាបុត្រជាមួយបុទុមកេសរ និងធម្មរាជាជាបុត្រជាមួយសុីសង៉ាម(បុត្រីស្ដេចសៀម)។,ព្រះបាទពញាយ៉ាតមានបុត្របីអង្គគឺ នារាយណ៍រាជា ជាបុត្រជាមួយម្នាងទេវី ស្រីរាជាជាបុត្រជាមួយបុទុមកេសរ និងធម្មរាជាជាបុត្រជាមួយសុីសង៉ាម(បុត្រីស្ដេចសៀម)។,5,5,4,1.0,0.9999999999999998,4,5,0,0
387,តើឧស្សាហកម្មមានតួនាទីដូចម្ដេចខ្លះចំពោះសេដ្ឋកិច្ចជាតិ?,ឧស្សាហកម្មមាន​តួនាទីចំពោះសេដ្ឋកិច្ចជាតិដូចជា ៖ ​ _ ជួយបង្កើតថវិការជាតិ ​ _ ជួយបង្កើតទិន្នផលជាតិ ​​ _ ជួយឲ្យសេដ្ឋកិច្ចជាតិរីកចម្រើន  _ ប្រជាជនសំបូរធូរធារ  _អភិវឌ្ឍគ្រប់វិស័យ  _ មានទំនាក់ទំនងល្អជាមួយអ្នកជិតខាង  _ មានភាពរុងរឿងនៅក្នុងប្រទេសជាតិ។,ឧស្សាហកម្មមានតួនាទីចំពោះសេដ្ឋកិច្ចដូចជា៖ -ក្រុមហ៊ុនផ្តល់ការងារដល់ប្រជាជនក្នុងប្រាក់ចំណូល -ជួយបង្កើនប្រាក់ចំណូលជាតិដើរទៅមុខ -កាត់បន្ថយភាពក្រីក្ -របង្កើតធនធាន  -ការជួយប្រធានបច្ចេកទេសកសិកម្ម  -ប្រជាជនធូរធារ  -ការអភិវឌ្ឍទៅមុខ ជំរុញឲ្យសេដ្ឋកិច្ចដើរទៅមុខ។,15,15,4,1.0,0.3194561408244321,1,5,3,10
388,ចូរនិយាយពីកំណកាម៉ែតញី។,ការស្ថិតនៅក្រោមសារពាង្គកាយនៃពងស្វាសមានសារៈសំខាន់ដូចជាដើម្បីរក្សាសីតុណ្ហភាពឲ្យ ទាបជាងសីតុណ្ហភាពក្នុងខ្លួន ប្រហែលពី(2-3)សីតុណ្ហភាពក្នុងខ្លួន37 ។,កំណកាម៉ែតញីដំបូងកោសិកាពូជមួយរួមចំណែកពីរដងបន្តបន្ទាប់គ្នា បានកោសិកាអូវ៉ូកូរី4 ។ អូវ៉ូកូរីនីមួយៗរីកមាឌអាចជាអូវ៉ូស៊ីត1 ។អូវ៉ូស៊ីតមួយរងចំណែកមួយនៃមេយោធាហើយត្រូវបាន ឈប់គាំងនៅវគ្គប្រផ្ដាស1 ។,10,5,2,0.5,0.01770656090734037,0,0,2,5
389,តើថ្ងៃរំដោះ៧មករា១៩៧៩ មានអត្ថន័យយ៉ាងណាខ្លះចំពោះប្រវត្តិសាស្ត្រកម្ពុជា?,ជាថ្ងៃដែលប្រជាជនខ្មែររួចផុតពីសង្គ្រាមនិងការសម្លាប់ -ជាថ្ងៃដែលប្រជាជនខ្មែរស្គាល់ច្បាប់ពីតម្លៃនៃសន្តិភាព -ជាថ្ងៃដែលប្រជាជនខ្មែរស្គាល់ច្បាប់ពីតម្លៃនៃសន្តិភាព -ប្រទេសកម្ពុជាទទួលបានអធិបតេយ្យភាពនិងបូរណាភាពទឹកដី -ប្រទេសកម្ពុជាទទួលបានឯករាជ្យ -ប្រទេសកម្ពុជាអាចអភិវឌ្ឍន៍ប្រទេសជាតិរបស់ខ្លួន -ប្រទេសកម្ពុជាអាចឈរស្មើមុខមាត់លើឆាកអន្តរជាតិ -ប្រទេសកម្ពុជាកសាងនិងស្ដាយប្រទេសជាតិខ្លួនឯងឡើងវិញ -ប្រទេសកម្ពុជាអាចធ្វើទំនាក់ទំនងជាមួយបណ្ដាប្រទេសនានា.,ជាថ្ងៃដែលប្រជាពលរដ្ឋខ្មែររួចផុតពីរបបខ្មែរងងឹតប្រល័យពូជសាសន៍ -ប្រជាជនមានសិទ្ធិសេរីភាព -រួចផុតពីការគាបសង្កត់របស់ពួកខ្មែរក្រហម -កម្ពុជាមានសិទ្ធិសម្រេចជោគវាសនារបស់ខ្លួន -ប្រជាជនមានអាហារហូបចុកគ្រប់គ្រាន់ -ប្រទេសមានសន្តិភាព,8,6,3,0.75,0.3289092430816837,1,3,2,3
390,ដូចម្តេចដែលហៅថាមេយ៉ូស? ចូរនិយាយពីវគ្គផ្សេងៗនៃមេយ៉ូស។,មេយ៉ូសជាសំណុំនៃចំណែកកោសិកាពីរដងបន្តបន្ទាប់គ្នាដែលបង្កើតបានជាកោសិកាអាលូអុីតបួន ហៅថាមេយ៉ូស ។ _តេឡូផាស1 ស៊ីតូប្លាសចែកខ្លួនបានជាកោសិកាកូនពីរ ។កោសិកាកូននីមួយៗទទួលបានក្រូម៉ូសូម តែមួយពីរគូអូម៉ូឡូក ។ _ប្រផាស1 មានរយៈពេលវែង ។ _អាណាផាស1 ក្រូម៉ូសូមដំរៀបលើផ្លាស់ភ្ជាប់នឹងក្រយ៉ូងក្រូម៉ាទិចដោយសង់ក្រូងទ័ររបស់វា ។ _តេឡូផាស2 ក្រូម៉ូមនីមួយៗបានមកដល់ប៉ូលភ្នាស _មេតាផាស2 ក្រូម៉ូសូមប្រេះតាមបណ្ដោយភ្ជាប់ខ្លួនទៅនិងក្រយ៉ងក្រូម៉ាទិចដោយសង់ _ប្រូដាស2 ត្តយ៉ងអាក្រូម៉ាទិតកើតមានក្នុងកោសិកាគូនីមួយៗ _អាណាផាស2 សង់ក្រូម៉ែធ្វើចំណែកដែលនាំអោយក្រូម៉ាទិចបងប្អូនដាច់ចេញពីគ្នា ។បន្ទាប់មក ក្រូម៉ូសូមកូនទាំង2ធ្វើដំណើរឆ្ពោះទៅប៉ូលផ្ទុយគ្នារបស់ត្រយ៉ូងអាក្រូម៉ាទិច ។,ដែលហៅថាមេយ៉ូសគឺជាសំណុំនៃចំណែកកោសិកាពីដងបន្តបន្ទាប់គ្នាបង្កើតបានជាកោសិកា អាប្លូអុីត4 ។វគ្គផ្សេងនៃមេយ៉ូសមានដូចជា  _ប្រផាស1 មានរយៈពេលវែង ។ _អាណាផាស1 ក្រូម៉ូសូមដំរៀបលើផ្លាស់ភ្ជាប់នឹងក្រយ៉ូងក្រូម៉ាទិចដោយសង់ក្រូងទ័ររបស់វា ។ _តេឡូផាស1 ស៊ីតូប្លាសចែកខ្លួនបានជាកោសិកាកូនពីរ ។កោសិកាកូននីមួយៗទទួលបានក្រូម៉ូសូម តែមួយពីរគូអូម៉ូឡូក ។,10,6,2,0.6,0.7732054138837972,3,8,1,2
391,ចូររៀបរាប់អំពីទំនាក់ទំនងរវាងការដាំដុះអាជីវកម្មព្រៃឈើនិងនេសាទ។,ទំនាក់ទំនងរវាង ការដាំដុះអាជីវកម្មព្រៃឈើ និងការនេសាទ៖  _ ការដាំដុះអាជីវកម្មព្រៃឈើ និងការនេសាទ ជាភោគទ្រព្យយ៉ាងសំខាន់សម្រាប់ប្រជាជនក្នុងការទ្រទ្រង់ក្នុងជីវភាពរស់នៅនិងការអភិវឌ្ឍន៍ប្រទេសជាតិ   _ ដើម្បីបំពេញតម្រូវការក្នុងកសិកម្មផលិតកម្មនិងត្រូវការផ្សេងៗ មនុស្សនាំគ្នាកាប់ព្រៃឈើដើម្បីធ្វើអាជីវកម្មព្រៃឈើជាមូលហេតុធ្វើឲ្យអាកាសធាតុប្រែប្រួលប៉ះពាល់ដល់ជីវិតមនុស្ស សត្វ និងរុក្ខជាតិ  ​ _ អតិផលនៃប្រព័ន្ធកសិកម្ម នាំឲ្យមានកំណើននៃការប្រើប្រាស់គីមីនិងថ្នាំសម្លាប់សត្វល្អិត។ ជីគីមី និងថ្នាំសម្លាប់សត្វល្អិត ទាំងនោះហូរទៅផ្ដុំគ្នានៅតាមផ្លូវទឹកនានា បំផ្លាញជីវិតសត្វនិងពូជធម្មជាតិ។,រៀបរាប់ពីទំនាក់ទំនងរវាងការដាំដុះ ការចិញ្ចឹមសត្វ និងការនេសាទ៖ -អាជីវកម្មព្រៃឈើ -ការកាត់បន្ថយ កាប់ព្រៃឈើ  -ដាំដើមឈើឲ្យបានច្រើន -ព្រៃឈើការពារទឹកជំនន់ - ដើមឈើជាជម្រកដល់សត្វ -ការនេសាទ មុនទៅនេសាទត្រីនៅរដូវខែពងទេ  -នេសាទត្រីផង និងលក់ - នេសាទត្រីទឹកប្រៃនិងនេសាទទឹកសាប  -អ្នកមាននេសាទច្រើនធ្វើឲ្យមានការបោះបង់ច្រើន។,15,5,1,0.3333333333333333,0.3639404576718878,1,5,0,0
392,តើការស្ថិតនៅក្រៅសារពាង្គកាយនៃពងស្វាសមានសារៈសំខាន់ដូចម្តេច?,ការស្ថិតនៅក្រោមសារពាង្គកាយនៃពងស្វាសមានសារៈសំខាន់ដូចជាដើម្បីរក្សាសីតុណ្ហភាពឲ្យ ទាបជាងសីតុណ្ហភាពក្នុងខ្លួន ប្រហែលពី(2-3)សីតុណ្ហភាពក្នុងខ្លួន37 ។,ការស្ថិតនៅក្រោមសារពាង្គកាយនៃពងស្វាសមានសារៈសំខាន់ដូចជា  _សំខាន់ក្នុងការផលិតអរម៉ូនភេទឈ្មោលនិងបង្កើតស្ពែម៉ាតូសូអ៊ីត ។,10,3,1,0.3,0.3063182477486337,1,3,0,0
393,ចូរពណ៌នាពីពីការអភិវឌ្ឍសេដ្ឋកិច្ច សង្គម នៅកម្ពុជាពីឆ្នាំ១៩៩៣ មកទល់សព្វថ្ងៃ?,ពណ៌នាពីពីការអភិវឌ្ឍសេដ្ឋកិច្ច សង្គម នៅកម្ពុជាពីឆ្នាំ១៩៩៣ មកទល់សព្វថ្ងៃ .វិស័យសេដ្ឋកិច្ច:  +សេដ្ឋកិច្ចកម្ពុជាមានការរីកចម្រើនឡើងជាបន្តបន្ទាប់ដែលធ្វើឲ្យប្រទេសកម្ពុជាមានជីវភាពល្អប្រសើរ។ +កសិកម្មរីកចម្រើនខាងដាំដំណាំស្រូវទទួលបានទិន្នផលខ្ពស់ជាបន្តបន្ទាប់ +ឧស្សាហកម្មមានតំណាងរោងចក្រច្រើនកន្លែងនិងលើកឡើងនៅសហគ្រឿងធំៗដែលបានផ្ដល់ចំណូលដល់ប្រជាពលរដ្ឋ +ពាណិជ្ជកម្មកាលនាំចូលមកក្នុងប្រទេសនិងមានវិនិយោគក្នុងប្រទេស +គមនាគមន៍កសាងស្ពានផ្លូវថ្នល់អាកាសយានដ្ឋានផ្គត់ផ្គង់ប្រព័ន្ធទឹកពីទីក្រុងដល់ជនបទ កំពុងផែ +ហិរញ្ញវត្ថុមានស្ថេរភាពក្នុងអត្រាប្ដូរប្រាក់ +ធនាគារលើកឡើងនៅធនាគារជាតិហ្នឹងឯកជនជាច្រើន .វិស័យសង្គម +ការអប់រំសិក្សា បង្កើតសាលារៀនគ្រប់កម្រិតពីមត្តីរហូតដល់ឧត្តមសិក្សាបណ្ដុះបណ្ដាលធនធានមនុស្សនិងបញ្ជូននិស្សិតឲ្យទៅរៀននៅក្រៅប្រទេស។ +វប្បធម៌អរិយធម៌ ស្ដារវប្បធម៌ឡើងវិញនិងដាក់បញ្ចូលជាសម្បត្តិបេតិកភណ្ឌពិភពលោកចាប់ផ្ដើមប្រជាជនមានសិទ្ធិជឿលើសាសនា។ +សុខាភិបាលបង្កើតឲ្យមានមន្ទីរពេទ្យលោកសុខភាពនិងឱសថសាស្ត្រ +សិល្បៈបង្កើតឲ្យមានសាលាសាកលវិទ្យាល័យសិល្បៈ.,ពណ៌នាពីពីការអភិវឌ្ឍសេដ្ឋកិច្ច សង្គម នៅកម្ពុជាពីឆ្នាំ១៩៩៣ មកទល់សព្វថ្ងៃ +វិស័យពាណិជ្ជកម្ម -កម្ពុជាមានការរីកចំឡើងកើនឡើងនៅផលិតផលនិងការនាំចេញក្រៅប្រទេសជាមួយប្រទេសធំៗលើពិភពលោកប្រទេសមហាអំណាចធំៗ -មានការរីកចម្រើនផ្នែកឧស្សាហកម្មសំបូរដោយរោងចក្រកាត់ដេរធ្វើអោយប្រជាជនមានការងារធ្វើ +វិស័យ -វិស័យហិរញ្ញវត្ថុមានអថេរភាព -វិស័យទេសចរណ៍ការកើនឡើងនៅភ្ញៀវទេសចរណ៍បង្កើតការងារប្រាក់ចំណូលដល់ប្រជាពលរដ្ឋដោយបំពាក់ប្រព័ន្ធទឹកភ្លើងពីទីក្រុងនៅជនបទ +វិស័យសង្គមវប្បធម៌ -អប់រំសិក្សាបង្កើតសាលារៀនគប់កម្រិតគ្រប់កន្លែងនិងបង្កើតធនធានមនុស្ស -សុខាភិបាលសាងសង់មន្ទីរពេទ្យ,10,6,2,0.6,0.5018496650592208,2,5,0,1
394,តើផ្សិតមានរូបរាងខុសៗគ្នាអាស្រ័យនឹងអ្វី? ស្រូបសារធាតុចិញ្ចឹមតាមរយៈអ្វី?,ផ្សិតមានរូបរាងខុសៗគ្នាអាស្រ័យនឹងការតម្រៀបអុីបរបស់វា។ផ្សិតស្រូបសារធាតុចិញ្ចឹមតាមរយ:អុីបដែលដុះចូលទៅក្នុងប្រភពអាហារ។,ផ្សិតមានរូបរាងខុសៗគ្នាអាស្រ័យនឹងការតម្រៀបអុីបរបស់វា។ផ្សិតស្រូបសារធាតុចិញ្ចឹមតាមរយ:អុីបដែលដុះចូលទៅក្នុងប្រភពអាហារ។,10,9,4,0.9,0.9999999999999999,4,10,0,1
395,តើអាមីបរស់នៅកន្លែងណា ?វាបង្កជំងឺអ្វី?,អាមីបរស់នៅកន្លែងដូចជាស្ទឹងបឹងអូរត្រពាំងទន្លេទឹកជ្រោះ។ វាបង្កជំងឺដូចជា ជំងឺរាគមួល ធ្វើឲ្យយើងចុកពោះដោយផឹកទឹកមិនស្អាត,អាមីបរស់នៅកន្លែងដែលមិនស្អាតដូចជា ដីភក់ ទឹកកខ្វក់ និងលូទឹកស្អុយ ។វាបង្កជំងឺ រាគមួលដល់មនុស្ស។,8,8,4,1.0,0.374604086307289,1,3,3,5
396,ហេតុអ្វីបានជាផ្នែកឯកជនជាកម្លាំងដ៏សំខាន់សម្រាប់វិនិយោគនិងធ្វើឲ្យមានកំណើនសេដ្ឋកិច្ចក្នុងប្រទេស?,បានជាផ្នែកឯកជនជាកម្លាំងដ៏សំខាន់សម្រាប់វិនិយោគនិងធ្វើឲ្យមានកំណើនសេដ្ឋកិច្ចក្នុងប្រទេស ព្រោះប្រទេសកម្ពុជាជាប្រទេសអភិវឌ្ឍន៍ សេដ្ឋកិច្ចទីផ្សារដោយបានធ្វើកំណែទម្រង់សហគ្រាសឧស្សាហកម្មឲ្យក្លាយទៅជាកម្មសិទ្ធិឯកជន ។ សេដ្ឋកិច្ចទីផ្សារសេរីនេះនាំឲ្យអ្នករកស៊ីបរទេសចូលចិត្តមកវិនិយោគ ហើយកាលណាផ្នែកឯកជនរឹងមាំមកវិនិយោគ ហើយកាលណាផ្នែកឯកជនមិនរឹងមាំអាចបំពេញបន្ថែមវិនិយោគនិងវិស័យសង្គមកិច្ចមានន័យថាវិស័យឯកជនស្រូបយកកម្លាំងការងារកាន់តែកើនឡើង។,បានជាផ្នែកឯកជនជាកម្លាំងដ៏សំខាន់សម្រាប់វិនិយោគនិងធ្វើឲ្យមានកំណើនសេដ្ឋកិច្ចក្នុងប្រទេស ព្រោះប្រទេសកម្ពុជាជាប្រទេសអភិវឌ្ឍន៍ សេដ្ឋកិច្ចទីផ្សារដោយបានធ្វើកំណែទម្រង់សហគ្រាសឧស្សាហកម្មឲ្យក្លាយទៅជាកម្មសិទ្ធិឯកជន ។ សេដ្ឋកិច្ចទីផ្សារសេរីនេះនាំឲ្យអ្នករកស៊ីបរទេសចូលចិត្តមកវិនិយោគ ហើយកាលណាផ្នែកឯកជនរឹងមាំមកវិនិយោគ ហើយកាលណាផ្នែកឯកជនមិនរឹងមាំអាចបំពេញបន្ថែមវិនិយោគនិងវិស័យសង្គមកិច្ចមានន័យថាវិស័យឯកជនស្រូបយកកម្លាំងការងារកាន់តែកើនឡើង។,15,15,4,1.0,1.0,4,15,0,0
397,ចូររៀបរាប់អំពីទំនាក់ទំនងរវាងការដាំដុះអាជីវកម្មព្រៃឈើនិងនេសាទ។,ទំនាក់ទំនងរវាង ការដាំដុះអាជីវកម្មព្រៃឈើ និងការនេសាទ៖  _ ការដាំដុះអាជីវកម្មព្រៃឈើ និងការនេសាទ ជាភោគទ្រព្យយ៉ាងសំខាន់សម្រាប់ប្រជាជនក្នុងការទ្រទ្រង់ក្នុងជីវភាពរស់នៅនិងការអភិវឌ្ឍន៍ប្រទេសជាតិ   _ ដើម្បីបំពេញតម្រូវការក្នុងកសិកម្មផលិតកម្មនិងត្រូវការផ្សេងៗ មនុស្សនាំគ្នាកាប់ព្រៃឈើដើម្បីធ្វើអាជីវកម្មព្រៃឈើជាមូលហេតុធ្វើឲ្យអាកាសធាតុប្រែប្រួលប៉ះពាល់ដល់ជីវិតមនុស្ស សត្វ និងរុក្ខជាតិ  ​ _ អតិផលនៃប្រព័ន្ធកសិកម្ម នាំឲ្យមានកំណើននៃការប្រើប្រាស់គីមីនិងថ្នាំសម្លាប់សត្វល្អិត។ ជីគីមី និងថ្នាំសម្លាប់សត្វល្អិត ទាំងនោះហូរទៅផ្ដុំគ្នានៅតាមផ្លូវទឹកនានា បំផ្លាញជីវិតសត្វនិងពូជធម្មជាតិ។,ទំនាក់ទំនងរវាងការដាំដុះអាជីវកម្មព្រៃឈើ និងការនេសាទព្រោះ៖  _ ផ្ដល់ជាប្រព័ន្ធជីវៈចម្រុះ  _ ផ្ដល់ចំណីដល់សត្វព្រៃ  _ សម្បូរដីដាំដុះ  _ ផ្ដល់ជាជម្រកដល់កសិដ្ឋាន កសិករ  _ ផ្ដល់ជាគម្របព្រៃឈើ  _ ប្រជាជនមានការងារធ្វើ  _ មានជីវភាពសមរម្យ។,15,5,1,0.3333333333333333,0.3787139234425822,2,6,1,1
398,តើឧស្សាហកម្មមានអ្នកតួនាទីចំពោះសេដ្ឋកិច្ចយ៉ាងដូចម្ដេច?,ឧស្សាហកម្មមានតួនាទីសម្រាប់សេដ្ឋកិច្ចជាតិដូចជា -ជួយបង្កើតប្រាក់ចំណូលចូលជាតិ -បង្កើតការងារដល់ប្រជាជន -បង្កើតប្រាក់ចំណូលចូលក្នុងគ្រួសារ -ប្រជាជនមានជីវភាពធូរធារ -ជួយរក្សាជញ្ជីងពាណិជ្ជកម្ម -ជួយបង្កើតទិន្នផលសម្រាប់ការនាំចេញនាំចូល -បង្កើននូវសង្ឃភារៈសម្រាប់ប្រើប្រាស់។,ឧស្សាហកម្មមាននាទីចំពោះសេដ្ឋកិច្ចជាតិដូចជាជួយឲ្យមានប្រាក់ចំណូលពីឧស្សាហកម្មបន្ថែមជួយឲ្យជាតិមានការរីកចម្រើននៅក្នុងសង្គម។ផលិតផលទទួលបានពីឧស្សាហកម្មនាំចេញក្រៅប្រទេសទទួលបានជួយឱ្យជាតិរីកចម្រើនអំពីការប្រមូលអំពីផលិតផលទាំងអស់នោះ។,15,8,2,0.5333333333333333,0.23782023874884312,1,4,1,4
399,តើថ្ងៃរំដោះ៧មករា១៩៧៩ មានអត្ថន័យយ៉ាងណាខ្លះចំពោះប្រវត្តិសាស្ត្រកម្ពុជា?,ជាថ្ងៃដែលប្រជាជនខ្មែររួចផុតពីសង្គ្រាមនិងការសម្លាប់ -ជាថ្ងៃដែលប្រជាជនខ្មែរស្គាល់ច្បាប់ពីតម្លៃនៃសន្តិភាព -ជាថ្ងៃដែលប្រជាជនខ្មែរស្គាល់ច្បាប់ពីតម្លៃនៃសន្តិភាព -ប្រទេសកម្ពុជាទទួលបានអធិបតេយ្យភាពនិងបូរណាភាពទឹកដី -ប្រទេសកម្ពុជាទទួលបានឯករាជ្យ -ប្រទេសកម្ពុជាអាចអភិវឌ្ឍន៍ប្រទេសជាតិរបស់ខ្លួន -ប្រទេសកម្ពុជាអាចឈរស្មើមុខមាត់លើឆាកអន្តរជាតិ -ប្រទេសកម្ពុជាកសាងនិងស្ដាយប្រទេសជាតិខ្លួនឯងឡើងវិញ -ប្រទេសកម្ពុជាអាចធ្វើទំនាក់ទំនងជាមួយបណ្ដាប្រទេសនានា.,ជាថ្ងៃដែលប្រជាជនរួចផុតពីការសម្លាប់រង្គាលរបបខ្មែរក្រហម -ជាថ្ងៃដែលប្រជាជនកម្ពុជាមានសិទ្ធិពេញលេញរួចផុតពីការគាបសង្កត់ -ជាថ្ងៃដែលប្រជាជនអាចសម្ដេចលើតូបវាសនានៃប្រទេសជាតិរបស់ខ្លួន -ប្រជាជនកម្ពុជាមានសិទ្ធិសេរីភាពលើជំនឿសាសនារំលៀមទម្លាប់ -ជាថ្ងៃដែលរបបខ្មែរក្រហមដួលរលំហើយកើតឡើងនៅរបបប្រជាធិបតេយ្យកម្ពុជានិងរដ្ឋកម្ពុជា -ថ្ងៃដែលអន្តរជាតិដាក់ទណ្ឌកម្មទៅលើមេដឹកនាំខ្មែរក្រហម,8,6,3,0.75,0.44554491997527773,2,4,1,2
400,តើដំណាក់កាលទាំងពីរនៃវដ្ដជីវីតរបស់រុក្ខជាតិមានអ្វីខ្លះ? ចូររៀបរាប់។,ដំណាក់កាល ទាំងពីរនៃវដ្ដជីវិតរបស់រុក្ខជាតិមាន  - ដំណាក់កាលស្ប៉រ៉ូភីត គឺជារុក្ខជាតិផលិតស្ប៉។ វាជាកោសិកាតូចៗដែលអាចលូតលាស់ជាសារពាង្គកាយថ្មី  -ស្ប៉លូតលាស់ក្នុងដំណាក់កាលផ្សេងទៀតនៃរុក្ខជាតិ ហៅថាកាម៉ែតូភីត។ ក្នុងដំណាក់កាលនៃរុក្ខជាតិផលិតកោសិកាភេទពីរបែប គឺកាម៉ែតឈ្មោល និងកាម៉ែតញី ។ កាម៉ែតញី និង កាម៉ែតឈ្មោលលាយចូលគ្នា បង្កើតបានជាសុីកូត។ បន្ទាប់មកទៀត សុីកូតលូតលាស់ទៅជាស្ប៉រ៉ូភីត។ស្ប៉រ៉ូភីតផលិតស្ប៉លូតលាស់ក្នុងកាម៉ែតូភីត កាម៉ែតូភីតផលិតកាម៉ែតញី និងកាម៉ែតឈ្មោល ហើយវដ្ដផ្ដើមសារជាថ្មី។,ដំណាក់កាល ទាំងពីរនៃវដ្ដជីវិតរបស់រុក្ខជាតិមាន  - ដំណាក់កាលស្ប៉រ៉ូភីត គឺជារុក្ខជាតិផលិតស្ប៉។ វាជាកោសិកាតូចៗដែលអាចលូតលាស់ជាសារពាង្គកាយថ្មី  -ស្ប៉លូតលាស់ក្នុងដំណាក់កាលផ្សេងទៀតនៃរុក្ខជាតិ ហៅថាកាម៉ែតូភីត។ ក្នុងដំណាក់កាលនៃរុក្ខជាតិផលិតកោសិកាភេទពីរបែប គឺកាម៉ែតឈ្មោល និងកាម៉ែតញី ។ កាម៉ែតញី និង កាម៉ែតឈ្មោលលាយចូលគ្នា បង្កើតបានជាសុីកូត។ បន្ទាប់មកទៀត សុីកូតលូតលាស់ទៅជាស្ប៉រ៉ូភីត។ស្ប៉រ៉ូភីតផលិតស្ប៉លូតលាស់ក្នុងកាម៉ែតូភីត កាម៉ែតូភីតផលិតកាម៉ែតញី និងកាម៉ែតឈ្មោល ហើយវដ្ដផ្ដើមសារជាថ្មី។,15,12,3,0.8,1.0,4,15,1,3
401,តើអាណាចក្រភ្នំមានព្រំប្រទល់ជាប់ប្រទេសណាខ្លះ?,អាណាចក្រភ្នំមានព្រំប្រទល់ជាប់ប្រទេសដូចជា -ខាងជើងជាប់ចិន -ខាងត្បូងជាឈូងសមុទ្រខ្មែរ -ខាងកើតជាប់រដ្ឋចម្ប៉ា -ខាងលិចជាប់រដ្ធមនឬភូមា។,អាណាចក្រភ្នំមានព្រំប្រទល់ជាប់ប្រទេសដូចជា -ខាងជើងជាប់ចិន -ខាងត្បូងជាឈូងសមុទ្រខ្មែរ -ខាងកើតជាប់រដ្ឋចម្ប៉ា -ខាងលិចជាប់រដ្ឋមនឬភូមា។,6,6,4,1.0,0.9690658986445712,4,6,0,0
402,តើកត្តាអ្វីខ្លះដែលធ្វើអោយសម័យអង្គររីកចម្រើនដល់កំពូល?​ ចូលរៀបរាប់។,កត្តាដែលធ្វើអោយសម័យអង្គររីកចម្រើនគឺ: កត្តាព្រះរាជា:ព្រះរាជាចាប់ពីព្រះបាទជ័យវរ្ម័នទី 2 រហូតដល់ព្រះបាទជ័យវរ្ម័នទី 7 សុទ្ធតែជាស្ដេចខ្លាំងពូកែ កត្តានយោបាយ: នយោបាយក្នុងប្រទេសបង្រួបបង្រួមជាតិកសាងនិងការពារទឹកដី នយោបាយក្រៅប្រទេស:ចងសម្ព័ន្ធមិត្តជាមួយប្រទេសធំៗវាយយករដ្ឋតូចដាក់ជាចំណុះ កត្តាសេដ្ឋកិច្ច:រីកចម្រើនលើវិស័យកសិកម្មសិប្បកម្មគណនាគម កត្តាសាសនា:ការឯកភាពគ្នារវាងសាសនាព្រាហ្មនិងព្រះពុទ្ធ កត្តាធនធានមនុស្សបន្សល់ទុកតាំងពីសម័យនគរភ្នំនិងចេនឡាមក។,កត្តាដែលធ្វើអោយសម័យអង្គររីកចម្រើនគឺ: .កត្តាព្រះរាជា:ព្រះរាជាចាប់ពីព្រះបាទជ័យវរ្ម័នទី 2 រហូតដល់ព្រះបាទជ័យវរ្ម័នទី 7 សុទ្ធសឹងតែជាស្ដេចខ្លាំងពូកែ .កត្តានយោបាយ: +នយោបាយក្នុងប្រទេស:បង្រួបបង្រួម​ កសាង និងការពារ។ +នយោបាយក្រៅប្រទេស:ចងសម្ព័ន្ធមិត្តជាមួយប្រទេសធំៗដូចជាចិននិងឥណ្ឌា និងវាយយករដ្ឋតូចដាក់ជាចំណុះ .កត្តាសេដ្ឋកិច្ច:ការរីកចម្រើនលើវិស័យកសិកម្ម សិប្បកម្ម គណនាគមន៍ .កត្តាសាសនា:មានការឯកភាពគ្នារវាងសាសនាព្រាហ្មនិងព្រះពុទ្ធ .កត្តាធនធានមនុស្សបន្សល់ទុកតាំងពីសម័យនគរភ្នំនិងចេនឡាមក។,10,10,4,1.0,0.9273986502678749,4,9,0,1
403,តើប្រព័ន្ធផលិតកម្មកសិកម្មនៅក្នុងប្រទេសកម្ពុជាមានអ្វីខ្លះ?ចូររៀបរាប់​ ។,ប្រព័ន្ធផលិតកម្មកសិកម្មនៅប្រទេសកម្ពុជាមាន៖    _ ដំណាំ : ដំណាំស្រូវ ដំណាំកៅស៊ូ ដំណាំផ្សេងៗទៀត    _ ការចិញ្ចឹមសត្វ : ការចិញ្ចឹមសត្វលើគោក ការចិញ្ចឹមសត្វក្នុងទឹក    _ ការនេសាទ : ការនេសាទទឹកសាប ការនេសាទទឹកប្រៃ  _ ព្រៃឈើ : ផលិតផលឈើ អនុផលព្រៃឈើ(រកឃ្មុំ ជ័រទឹក វល្លិ៍ ផ្តៅ) សត្វព្រៃ ។,ប្រព័ន្ធផលិតកម្មនៅប្រទេសកម្ពុជារួមមាន៖ -កៅស៊ូដំឡូងមី -ក្រចៅ  -ម្រេច  -ស្រូវ  -កម្បាស។,10,3,1,0.3,0.23133254308463863,1,2,0,1
404,សេដ្ឋកិច្ចកម្ពុជាពឹងផ្អែកលើវិស័យកសិកម្មជាសំខាន់៖ ​ក.​ ហេតុអ្វីបានជាគេនិយាយថាកម្ពុជាជាប្រទេសកសិកម្ម? ខ. តើគេចែកកសិករទាំងនោះជាប៉ុន្មានប្រភេទ?,សេដ្ឋកិច្ចកម្ពុជាបានផ្អែកលើវិស័យកសិកម្មជាសំខាន់៖ ក​. បានជាគេនិយាយថាប្រទេសកម្ពុជាជាប្រទេសកសិកម្មដោយសារ -ផ្ទៃដីនៅប្រទេសកម្ពុជាប្រហែល៩០ភាគរយសិតតែដំណាំស្រូវ -ប្រជាជនកកម្ពុជា ៧០.៣ភាគរយធ្វើកសិកម្ម -កសិកម្មជួយឲ្យប្រជាជនកម្ពុជាមានការងារធ្វើ -ប្រជាជននិយមធ្វើកសិកម្ម -ដីនៅកម្ពុជាប្រកបជាមួយកាធ្វើកសិកម្ម -កម្ពុជាមានអាកាសធាតុសមស្របសម្រាប់ធ្វើកសិកម្ម ខ. គេចែកកសិកម្មទាំងនោះជាពីរប្រភេទ៖ +កសិករខ្នាតតូច -ធ្វើកសិកម្មដើម្បីជីវិត -ធ្វើលក្ខណៈតិចតួច ទុកតែបរិភោគសម្រាប់គ្រួសារ -មិនលក់ឲ្យអ្នកណា +កសិករខ្នាតធំ -ធ្វើកសិកម្មច្រើនហើយទុកសម្រាប់លក់ឬនាំចេញទៅក្រៅប្រទេស -ធ្វើមួយឆ្នាំអាចទៅពីរលើក -ធ្វើលក្ខណៈច្រើន ដើម្បីលក់និងនាំចេញ។,សេដ្ឋកិច្ចកម្ពុជាបានផ្អែកលើវិស័យកសិកម្មជាសំខាន់ដូចជា៖ +វិស័យឧស្សាហកម្ម -មានរោងចក្រសម្រាប់ផលិតទំនិញដោយខ្លួនឯង -មានការនាំចេញផលិតផលច្រើនជាងខ្លួនឯង -មានដីសម្រាប់ដាំដំណាំ +វិស័យពាណិជ្ជកម្ម -មានគេស្គាល់ពីផលិតផលក្នុងស្រុកច្រើន +វិស័យទេសចរណ៍ -មានអ្នកក្រៅប្រទេសមកទស្សនាក្នុងប្រទេសច្រើន -បង្កើនប្រាក់ចំណូល -មានគេស្គាល់ពីប្រទេស។ ក. បានជាគេនិយាយថាកម្ពុជាជាប្រទេសកសិកម្មព្រោះ៖ -សម្បូរដីសម្រាប់ដាំដំណាំ -ប្រមូលផលស្រូវបានច្រើន -ទំនិញមានទីផ្សារ -ប្រជាជនភាគច្រើននិយមធ្វើស្រែចម្ការ -អាកាសធាតុអំណោយផល -ប្រទេសកម្ពិជាមានផ្ទៃដីធំទូលាយសម្រាប់ដាំដុះ -ប្រជាជនមានការផលិតទំនិញដោយខ្លួនឯង។ ខ. គេចែកកសិករទាំងនោះជា៣ប្រភេទគឺ៖ -កសិកម្ម -ដំណាំស្រូវសម្រាប់ដាំហូបឬនាំចេញ -ដំណាំបន្លែផ្លែឈើសម្រាប់លក់ -ដំណាំកប្បាសសម្រាប់ផលិតជាខោអាវ -ការនេសាទត្រី។,15,10,3,0.6666666666666666,0.3792361781119256,2,6,1,4
405,បុព្វហេតុអ្វីខ្លះដែលនាំឲ្យអាណាចក្រចេនឡាបែកបាក់ជាពីរគឺអាណាចក្រចេនឡាដីគោកនិងចេនឡាទឹកលិច?,បុព្វហេតុដែលនាំហើយអាណាចក្រចេនឡាបែកជាពីរគឺ -វិសាលភាពទឹកដីធំទូលាយ -ចម្បាំងអត់ឈប់ឈរ -សមន្ដរដ្ឋបះបោរចង់ផ្ដាច់ខ្លួន -វិបត្តិផ្ទៃក្នុង -ព្រះនាងជ័យទេវីគ្មានសមត្ថភាពគ្រប់គ្រង។,បុព្វហេតុដែលនាំហើយអាណាចក្រចេនឡាបែកជាពីរគឺ -វិសាលភាពទឹកដីធំទូលាយ -ចម្បាំងអត់ឈប់ឈរ -សមន្ដរដ្ឋបះបោរចង់ផ្ដាច់ខ្លួន -វិបត្តិផ្ទៃក្នុង -ព្រះនាងជ័យទេវីគ្មានសមត្ថភាពគ្រប់គ្រង។,7,7,4,1.0,1.0,4,7,0,0
406,តើអ្វីជាសង្គ្រាមត្រជាក់? តើសង្គ្រាមត្រជាក់ផ្ដល់ផលវិបាកអ្វីខ្លះដល់កម្ពុជា?,សង្គ្រាមត្រជាក់គឺជាការប្រកួតប្រជែងផ្នែកមនោគមវិទ្យារវាងសេដ្ឋកិច្ចនយោធានិងបច្ចេកវិទ្យា។សង្គ្រាមមជ្ឈមណ្ឌលផលវិបាកដល់កម្ពុជាដូចជា -ការអនុវត្តនយោបាយវិទ្យាក្រឹត្យរបស់សម្ដេចនរោត្តមសីហនុមិនចោទទិសដៅ -ប្រទេសកម្ពុជាធ្លាក់ក្នុងសង្គ្រាមស៊ីវល -ខ្មែរក្រហមឡើងកាន់អំណាច -ប្រទេសកម្ពុជាមានភាពអាណាធិបតេយ្យ -សេដ្ឋកិច្ចកម្ពុជាធ្លាក់ចុះ -ប្រទេសកម្ពុជារស់នៅដែលភាពភ័យខ្លាច -រោងចក្រឧស្សាហកម្មបិទទ្វារ -បែកបាក់សាមគ្គីផ្ទៃក្នុង,សង្គ្រាមត្រជាក់ជាសង្គ្រាមដែលកើតឡើងនៅជុំវិញពិភពលោករបៀបប្រទេសនិងប្រទេសដែលបណ្ដាលឲ្យមានគ្រោះថ្នាក់យ៉ាងខ្លាំង។សង្គ្រាមត្រជាក់ដល់ផលវិបាកដល់ប្រទេសកម្ពុជាយ៉ាងខ្លាំង +សង្គម -ប្រជាជនជាច្រើនលាននាក់ត្រូវបានកេណ្ឌនិងសម្លាប់បាត់បង់ជីវិត -ប្រជាជនរស់នៅដោយភាពភ័យខ្លាច -កើតមានអសន្តិសុខសណ្ដាប់ធ្នាប់ -ភាពវឹកវរនៅក្នុងសង្គម -ប្រជាជនរស់នៅយ៉ាងវេទនា +សេដ្ឋកិច្ច -សេដ្ឋកិច្ចធ្លាក់ចុះ -ទំនិញឡើងថ្លៃ -ការធ្វើពាណិជ្ជកម្មត្រូវរាំងស្ទះ -ធ្លាក់ក្នុងប្រទេសក្រីក្រ -បាត់បង់ប្រាក់ចំណូលចូលជាតិ +នយោបាយ -អស្ថេរភាពនយោបាយ -បាត់បង់ការធ្វើពាណិជ្ជកម្មជាមួយបណ្ដាប្រទេសផ្សេងៗ -ការផ្ដាច់ជំនួយពីប្រទេសមហាអំណាច -ការអនុវត្តគោលនយោបាយមិនពេញលេញ។,10,6,2,0.6,0.39064822194927845,2,4,0,2
407,តើថ្ងៃរំដោះ៧មករា១៩៧៩ មានអត្ថន័យយ៉ាងណាខ្លះចំពោះប្រវត្តិសាស្ត្រកម្ពុជា?,ថ្ងៃរំដោះ 7 មករា 1979 មានអត្ថន័យជាប្រវត្តិសាស្រ្តដូចជា÷ -ជាថ្ងៃដែលប្រជាជនរួចផុតពីរបបប្រល័យពូជសាសន៍ -ជាថ្ងៃដែលរបបកម្ពុជាប្រជាធិបតេយ្យដួលរលំ -ជាថ្ងៃកំណើតទី 2 របស់ប្រជាជនខ្មែរ -ជាថ្ងៃដែលកងទ័ពរណសិរ្យសាមគ្គីនិងកងទ័ពរំដោះប្រជាជន បានរំដោះប្រជាជនចេញពីរបបប្រល័យពូជសាស្ត្រកម្ពុជា។,ថ្ងៃរំដោះ 7 មករា 1979 បានផ្ដល់អត្ថន័យជាប្រវត្តិសាស្រ្តចំពោះកម្ពុជាដូចជា÷ -កម្ពុជារួចផុតពីនឹមត្រួតត្រាបារាំង -កម្ពុជារួចផុតពីការទាពន្ធដារសព្វសារពើ -កម្ពុជាមុខមាត់លើឆាកអន្តរជាតិ -ជាថ្ងៃដែលកម្ពុជារួចផុតពីការសម្លាប់រង្គាល -កម្ពុជាអាចកំណត់វាសនាប្រទេសជាតិដោយខ្លួនឯង -ជាកម្លាំងស្នូលនៃការបង្រួបបង្រួមជាតិ -ប្រជាជនដូចបានកើតឡើងវិញជាថ្មី -ចាប់ផ្ដើមបង្កើតសមត្ថភាពធនធានមនុស្សបញ្ជូននិស្សិតទៅបណ្ដុះបណ្ដាលនៅក្រៅប្រទេស -កម្ពុជាអាចមានឯករាជ្យ សន្តិភាព សេរីភាព សុភមង្គល ស្ថិរភាពដើម្បីដំណើរជាតិបន្តទៅមុខដោយសុខដុមភាព -អាចមានផ្លូវដើរដោយច្បាស់លាស់ ដោយមិនជាន់ដានអតីតកាល។,8,8,4,1.0,0.32099167036739257,1,3,3,5
408,តើអាមីបរស់នៅកន្លែងណា ?វាបង្កជំងឺអ្វី?,អាមីបរស់នៅកន្លែងដូចជាស្ទឹងបឹងអូរត្រពាំងទន្លេទឹកជ្រោះ។ វាបង្កជំងឺដូចជា ជំងឺរាគមួល ធ្វើឲ្យយើងចុកពោះដោយផឹកទឹកមិនស្អាត,អាមីបរស់នៅកន្លែងសើម វាបង្កជំងឺរាគមួលនិងឡើងកន្ទួលក្រហមលើស្បែក,8,6,3,0.75,0.3401940383489992,1,3,2,3
409,ចូរប្រៀបធៀបលក្ខណៈខុសគ្នានៃផ្សិត និងរុក្ខជាតិ។,លក្ខណៈខុសគ្នានៃផ្សិតនិងរុក្ខជាតិ +ផ្សិត  -ផ្សិតបន្តពូជតាមរយៈស្ប៉ -ផ្សិតមិនធ្វើរស្មីសំយោគ -អុីប -វារស់នៅកន្លែងសើម +រុក្ខជាតិ -បន្តពូជដោយគ្រាប់ -វាត្រូវការធ្វើរស្មីសំយោគ -វារស់នៅកន្លែងដែលមានពន្លឺ,ប្រៀបធៀបលក្ខណ:ខុសគ្នារវាងផ្សិតនិងរុក្ខជាតិ  +ផ្សិត -បរជីព -អុីបក្រោមដី -ស្ប៉ +រុក្ខជាតិ -ស្វ័យជីព -គ្រាប់ -ឬស,12,6,2,0.5,0.33934295232248135,1,4,1,2
410,តើថ្ងៃរំដោះ៧មករា១៩៧៩ មានអត្ថន័យយ៉ាងណាខ្លះចំពោះប្រវត្តិសាស្ត្រកម្ពុជា?,ថ្ងៃរំដោះ 7 មករា 1979 មានអត្ថន័យជាប្រវត្តិសាស្រ្តដូចជា÷ -ជាថ្ងៃដែលប្រជាជនរួចផុតពីរបបប្រល័យពូជសាសន៍ -ជាថ្ងៃដែលរបបកម្ពុជាប្រជាធិបតេយ្យដួលរលំ -ជាថ្ងៃកំណើតទី 2 របស់ប្រជាជនខ្មែរ -ជាថ្ងៃដែលកងទ័ពរណសិរ្យសាមគ្គីនិងកងទ័ពរំដោះប្រជាជន បានរំដោះប្រជាជនចេញពីរបបប្រល័យពូជសាស្ត្រកម្ពុជា។,ថ្ងៃរំដោះ 7 មករា 1979 មានអត្ថន័យជាប្រវត្តិសាស្រ្តដូចជា÷ -ជាថ្ងៃដែលប្រជាជនរួចផុតពីការសម្លាប់រង្គាលនៃរបបលទ្ធិប្រជាធិបតេយ្យ -ជាថ្ងៃកំណើតទី 2 របស់ពលរដ្ឋកម្ពុជាដែលបានរួចផុតពីរបបប្រល័យពូជសាសន៍ -បាននាំមកនូវប្រជាជនវិញនូវសិទ្ធិសេរីភាពទាំងអស់ -ការរស់រានឡើងវិញនូវវប្បធម៌ជាតិមានដូចជាជំនឿ សាសនា ប្រពៃណី សិល្បៈ  -ស្ដារនិងកសាងប្រទេសឡើងវិញតាមឆន្ទះនិងគោលបំណងប្រជាជន -ជាថ្ងៃនៃការស្ដាមុខមាត់ប្រទេសកម្ពុជាឡើងវិញលើឆាកតំបន់និងអន្តរជាតិ -បង្ហាញពីសាមគ្គីភាពរវាងប្រទេសកម្ពុជា-វៀតណាម -ជាកម្លាំងស្នូលនៃការបង្រួបបង្រួមជាតិ -អាចកំណត់វាសនាប្រទេសជាតិដោយខ្លួនឯង -ចាប់ផ្ដើមបង្កើតសមត្ថភាពធនធានមនុស្សបញ្ជូននិស្សិតទៅបណ្ដុះបណ្ដាលនៅក្រៅប្រទេស -កម្ពុជាអាចមានឯករាជ្យសន្តិភាពសេរីភាពសុភមង្គលស្ថិរភាពដើម្បីដំណើរជាតិបន្តទៅមុខដោយសុខដុមភាព -អាចមានផ្លូវដើរដោយមិនមានអតីតកាល។,8,8,4,1.0,0.4831322525650451,2,4,2,4
411,តើកត្តាអ្វីខ្លះដែលធ្វើអោយសម័យអង្គររីកចម្រើនដល់កំពូល?​ ចូលរៀបរាប់។,កត្តាដែលធ្វើអោយសម័យអង្គររីកចម្រើនគឺ: កត្តាព្រះរាជា:ព្រះរាជាចាប់ពីព្រះបាទជ័យវរ្ម័នទី 2 រហូតដល់ព្រះបាទជ័យវរ្ម័នទី 7 សុទ្ធតែជាស្ដេចខ្លាំងពូកែ កត្តានយោបាយ: នយោបាយក្នុងប្រទេសបង្រួបបង្រួមជាតិកសាងនិងការពារទឹកដី នយោបាយក្រៅប្រទេស:ចងសម្ព័ន្ធមិត្តជាមួយប្រទេសធំៗវាយយករដ្ឋតូចដាក់ជាចំណុះ កត្តាសេដ្ឋកិច្ច:រីកចម្រើនលើវិស័យកសិកម្មសិប្បកម្មគណនាគម កត្តាសាសនា:ការឯកភាពគ្នារវាងសាសនាព្រាហ្មនិងព្រះពុទ្ធ កត្តាធនធានមនុស្សបន្សល់ទុកតាំងពីសម័យនគរភ្នំនិងចេនឡាមក។,កត្តាដែលធ្វើអោយសម័យអង្គររីកចម្រើនគឺ: .កត្តាព្រះរាជា:ព្រះរាជាចាប់ពីព្រះបាទជ័យវរ្ម័នទី 2 រហូតដល់ព្រះបាទជ័យវរ្ម័នទី 7 សុទ្ធសឹងតែជាស្ដេចខ្លាំងពូកែ .កត្តានយោបាយ: +នយោបាយក្នុងប្រទេស:បង្រួបបង្រួម​ កសាង និងការពារ។ +នយោបាយក្រៅប្រទេស:ចងសម្ព័ន្ធមិត្តជាមួយប្រទេសធំៗដូចជាចិននិងឥណ្ឌា និងវាយយករដ្ឋតូចដាក់ជាចំណុះ .កត្តាសេដ្ឋកិច្ច:ការរីកចម្រើនលើវិស័យកសិកម្ម សិប្បកម្ម គណនាគមន៍ .កត្តាសាសនា:មានការឯកភាពគ្នារវាងសាសនាព្រាហ្មនិងព្រះពុទ្ធ .កត្តាធនធានមនុស្សបន្សល់ទុកតាំងពីសម័យនគរភ្នំនិងចេនឡាមក។,10,10,4,1.0,0.9273986502678749,4,9,0,1
412,តើដំណាក់កាលទាំងពីរនៃវដ្ដជីវីតរបស់រុក្ខជាតិមានអ្វីខ្លះ? ចូររៀបរាប់។,ដំណាក់កាល ទាំងពីរនៃវដ្ដជីវិតរបស់រុក្ខជាតិមាន  - ដំណាក់កាលស្ប៉រ៉ូភីត គឺជារុក្ខជាតិផលិតស្ប៉។ វាជាកោសិកាតូចៗដែលអាចលូតលាស់ជាសារពាង្គកាយថ្មី  -ស្ប៉លូតលាស់ក្នុងដំណាក់កាលផ្សេងទៀតនៃរុក្ខជាតិ ហៅថាកាម៉ែតូភីត។ ក្នុងដំណាក់កាលនៃរុក្ខជាតិផលិតកោសិកាភេទពីរបែប គឺកាម៉ែតឈ្មោល និងកាម៉ែតញី ។ កាម៉ែតញី និង កាម៉ែតឈ្មោលលាយចូលគ្នា បង្កើតបានជាសុីកូត។ បន្ទាប់មកទៀត សុីកូតលូតលាស់ទៅជាស្ប៉រ៉ូភីត។ស្ប៉រ៉ូភីតផលិតស្ប៉លូតលាស់ក្នុងកាម៉ែតូភីត កាម៉ែតូភីតផលិតកាម៉ែតញី និងកាម៉ែតឈ្មោល ហើយវដ្ដផ្ដើមសារជាថ្មី។,ដំណាក់កាល ទាំងពីរនៃវដ្ដជីវិតរបស់រុក្ខជាតិមាន 2 គឺ ស្ប៉រ៉ូភីត និង កាម៉ែតូភីត។ +ដំណាក់កាលស្ប៉រ៉ូភីត : គឺជារុក្ខជាតិផលិតស្ប៉ ។វាជាកោសិកាតូចៗ ដែលអាចលូតលាសៀជាសារពាង្គកាយថ្មី។ +ស្ប៉លូតលាស់ក្នុងដំណាក់កាលមួយផ្សេងទៀតនៃរុក្ខជាតិហៅថាកាម៉ែតភីត ។ក្នុងដំណាក់កាលនេះរុក្ខជាតិផលិតកោសិកាពីរបែបគឺ កាម៉ែតឈ្មោល និង កាម៉ែតញី។,15,8,2,0.5333333333333333,0.8381459560901626,3,13,1,5
413,ចូរនិយាយពីកំណកាម៉ែតញី។,ការស្ថិតនៅក្រោមសារពាង្គកាយនៃពងស្វាសមានសារៈសំខាន់ដូចជាដើម្បីរក្សាសីតុណ្ហភាពឲ្យ ទាបជាងសីតុណ្ហភាពក្នុងខ្លួន ប្រហែលពី(2-3)សីតុណ្ហភាពក្នុងខ្លួន37 ។,កំណកាម៉ែនញី ដំបូងកោសិកាពូជមួយរកចម្ងាយពីរដងទម្លាប់គ្នាបានកោសិកាអូវ៉ូកូនី4 ។ អូវុលរីកមាឌក្លាយជាអូវូស៊ីត1 ។អូវ៉ូស៊ីតមួយរងចំណែកមួយនៃមេយ៉ូសហើយត្រូវបានជាប់គាំងនៅចុង វគ្គមួយ ។,10,4,2,0.4,0.020160195339673392,0,0,2,4
414,សេដ្ឋកិច្ចកម្ពុជាពឹងផ្អែកលើវិស័យកសិកម្មជាសំខាន់៖ ​ក.​ ហេតុអ្វីបានជាគេនិយាយថាកម្ពុជាជាប្រទេសកសិកម្ម? ខ. តើគេចែកកសិករទាំងនោះជាប៉ុន្មានប្រភេទ?,សេដ្ឋកិច្ចកម្ពុជាបានផ្អែកលើវិស័យកសិកម្មជាសំខាន់៖ ក​. បានជាគេនិយាយថាប្រទេសកម្ពុជាជាប្រទេសកសិកម្មដោយសារ -ផ្ទៃដីនៅប្រទេសកម្ពុជាប្រហែល៩០ភាគរយសិតតែដំណាំស្រូវ -ប្រជាជនកកម្ពុជា ៧០.៣ភាគរយធ្វើកសិកម្ម -កសិកម្មជួយឲ្យប្រជាជនកម្ពុជាមានការងារធ្វើ -ប្រជាជននិយមធ្វើកសិកម្ម -ដីនៅកម្ពុជាប្រកបជាមួយកាធ្វើកសិកម្ម -កម្ពុជាមានអាកាសធាតុសមស្របសម្រាប់ធ្វើកសិកម្ម ខ. គេចែកកសិកម្មទាំងនោះជាពីរប្រភេទ៖ +កសិករខ្នាតតូច -ធ្វើកសិកម្មដើម្បីជីវិត -ធ្វើលក្ខណៈតិចតួច ទុកតែបរិភោគសម្រាប់គ្រួសារ -មិនលក់ឲ្យអ្នកណា +កសិករខ្នាតធំ -ធ្វើកសិកម្មច្រើនហើយទុកសម្រាប់លក់ឬនាំចេញទៅក្រៅប្រទេស -ធ្វើមួយឆ្នាំអាចទៅពីរលើក -ធ្វើលក្ខណៈច្រើន ដើម្បីលក់និងនាំចេញ។,សេដ្ឋកិច្ចកម្ពុជាបានផ្អែកលើវិស័យកសិកម្មជាសំខាន់ដូចជា៖ -វិស័យកសិកម្ម -ការនេសាទ -ការដាំដុះ -ការធ្វើស្រែ -ការធ្វើជីធម្មជាតិ។ ក. បានជាគេនិយាយថាកម្ពុជាជាប្រទេសកសិកម្មព្រោះ ខ. គេចែកកសិកម្មទាំងនោះជា២ប្រភេទគឺ៖ -កសិកម្ម -ការនេសាទ។,15,2,1,0.13333333333333333,0.4988931882764975,2,7,1,5
415,ហេតុអ្វីបានជាមនុស្សស្រូបយកខ្យល់ដែលមានកាបូនម៉ណូអុកស៊ីតអាចបង្កគ្រោះថ្នាក់ដល់ស្លាប់បាន?,បានជាមនុស្សស្រូបយកខ្យល់ដែលមានកាបូនម៉ូណូអុកស៊ីដអាចបង្កឲ្យមានគ្រោះថ្នាក់ដល់ស្លាប់ បានព្រោះកាបូនម៉ូណូអុកស៊ីដមានសមត្ថភាពចាប់យក ក្នុងឈាមបានខ្លាំងជាងអុកស៊ីសែន វារារាំងឈាមមិនឲ្យដឹកនាំអុកស៊ីសែនទៅចិញ្ចឹមសរីរាង្គជាពិសេសខួរក្បាលដែលបណ្តាលឲ្យ ស្លាប់និង សន្លប់ ។,បានជាមនុស្សស្រូបយកខ្យល់ដែលមានកាបូនម៉ូណូអុកស៊ីដអាចបង្កឲ្យមានគ្រោះថ្នាក់ដល់ស្លាប់បាន ព្រោះ _កាបូនម៉ូណូអុកស៊ីដមានសមត្ថភាពចាប់យក ក្នុងឈាមបានខ្លាំងជាងអុកស៊ីសែន _រារាំងឈាមមិនឲ្យដឹកនាំអុកស៊ីសែនទៅចិញ្ចឹមសរីរាង្គជាពិសេសខួរក្បាលដែលបណ្តាលឲ្យស្លាប់និង សន្លប់ ។,5,3,2,0.6,0.9699114256307003,4,5,2,2
416,បុព្វហេតុអ្វីខ្លះដែលនាំឲ្យអាណាចក្រចេនឡាបែកបាក់ជាពីរគឺអាណាចក្រចេនឡាដីគោកនិងចេនឡាទឹកលិច?,បុព្វហេតុដែលនាំហើយអាណាចក្រចេនឡាបែកជាពីរគឺ -វិសាលភាពទឹកដីធំទូលាយ -ចម្បាំងអត់ឈប់ឈរ -សមន្ដរដ្ឋបះបោរចង់ផ្ដាច់ខ្លួន -វិបត្តិផ្ទៃក្នុង -ព្រះនាងជ័យទេវីគ្មានសមត្ថភាពគ្រប់គ្រង។,បុព្វហេតុដែលនាំហើយអាណាចក្រចេនឡាបែកជាពីរគឺ -វិសាលភាពទឹកដីធំទូលាយ -ចម្បាំងអត់ឈប់ឈរ -សមន្ដរដ្ឋបះបោរចង់ផ្ដាច់ខ្លួន -វិបត្តិផ្ទៃក្នុង -ព្រះនាងជ័យទេវីគ្មានសមត្ថភាពគ្រប់គ្រង។,7,7,4,1.0,1.0,4,7,0,0
417,តើការស្ថិតនៅក្រៅសារពាង្គកាយនៃពងស្វាសមានសារៈសំខាន់ដូចម្តេច?,ការស្ថិតនៅក្រោមសារពាង្គកាយនៃពងស្វាសមានសារៈសំខាន់ដូចជាដើម្បីរក្សាសីតុណ្ហភាពឲ្យ ទាបជាងសីតុណ្ហភាពក្នុងខ្លួន ប្រហែលពី(2-3)សីតុណ្ហភាពក្នុងខ្លួន37 ។,ការស្ថិតនៅក្រោមសារពាង្គកាយនៃពងស្វាសមានសារៈសំខាន់ដូចជាដើម្បីរក្សាសីតុណ្ហភាពឲ្យ ទាបជាងសីតុណ្ហភាពក្នុងខ្លួន ប្រហែលពី(2-3)ដែលជាលក្ខខណ្ឌចាំបាច់សម្រាប់ការផលិត មេជីវិតឈ្មោល ។,10,8,3,0.8,0.8279537350243371,3,8,0,0
418,តើផ្សិតមានរូបរាងខុសៗគ្នាអាស្រ័យនឹងអ្វី? ស្រូបសារធាតុចិញ្ចឹមតាមរយៈអ្វី?,ផ្សិតមានរូបរាងខុសៗគ្នាអាស្រ័យនឹងការតម្រៀបអុីបរបស់វា។ផ្សិតស្រូបសារធាតុចិញ្ចឹមតាមរយ:អុីបដែលដុះចូលទៅក្នុងប្រភពអាហារ។,ផ្សិតមានរូបរាងខុសៗគ្នាអាស្រ័យទៅលើការតម្រៀបអុីបរបស់វា។ +ហើយវាស្រូបសារធាតុចិញ្ចិមតាមរយៈអុីបក្រោមដី។,10,8,3,0.8,0.6563703603381148,3,7,0,1
419,តើប្រព័ន្ធផលិតកម្មកសិកម្មនៅប្រទេសកម្ពុជាមានអ្វីខ្លះ?,ប្រព័ន្ធផលិតកម្មកសិកម្មនៅកម្ពុជាមានដូចជាដំណាំដំណាំស្រូវនិងកៅស៊ូដឹកនាំផ្សេងៗទៀតការចិញ្ចឹមសត្វបានចិញ្ចឹមសត្វលើគោកការចិញ្ចឹមសត្វក្នុងទឹកការនេសាទការនេសាទទឹកសាបការនេសាទទឹកប្រៃ  ព្រៃឈើអនុផលព្រៃឈើរកឃ្មុំជ័រទឹកក្តៅសត្វព្រៃ,ផលិតកម្មនៅកម្ពុជារួមមាន -កសិកម្ម ការនិស្សិតដំណាំព្រៃឈើចិញ្ចឹមសត្វ -ពាណិជ្ជកម្មការនាំចេញ -ឧស្សាហកម្មកាត់ដេរសិប្បកម្ម -ទេសចរណ៍ទេសប្រវត្តិសាស្រ្តការច្នៃ -គមនាគមន៍ផ្លូវទឹកផ្លូវគោកផ្លូវអាកាស។,15,2,1,0.13333333333333333,0.2739107362301988,1,4,0,2
420,តើសេដ្ឋកិច្ចកម្ពុជាពឹងផ្អែកលើវិស័យអ្វីជាសំខាន់?     ក/ ហេតុអ្វីបានជាគេនិយាយថាកម្ពុជាជាប្រទេសកសិកម្ម?     ខ/ តើគេចែកកសិករជាប៉ុន្មានប្រភេទ?អ្វីខ្លះ?,សេដ្ឋកិច្ចកម្ពុជាពឹងផ្អែកលើវិស័យកសិកម្មជាសំខាន់។   ក/ បានជាគេនិយាយថាកម្ពុជាជាប្រទេសឧស្សាហកម្មព្រោះ៖  _  សណ្ឋានដី : ដីមានជីវជាតិល្អនិងសម្បូរទំនាបល្បាប់   _ ផ្លូវទឹក : ផ្លូវទឹកខ្វាត់ខ្វែងងាយស្រួលដល់ការដាំដុះ  _ ប្រជាជន : ប្រជាជនខ្មែរភាគច្រើនចូលចិត្តធ្វើកសិកម្ម  _ អាកាសធាតុ : ទទួលអាកាសធាតុក្តៅសើម  _ កសិកម្មផ្តល់ផល50%នៃផលិតផលជាតិសរុប។  ខ/ គេចែកកសិករទាំងនោះជា4ប្រភេទគឺ៖  _ កសិករធ្វើស្រែឬអ្នកស្រែ : និយមធ្វើស្រែ ស្រូវប្រាំង ស្រូវវស្សា ស្រូវឡើងទឹក  _ កសិករតំបន់ដីខ្ពស់ : គេដាំដំណាំជាអចិន្ត្រៃយ៍(ពោត ដំឡូង ចេក កៅស៊ូសណ្តែក)  _ កសិករធ្វើចម្ការដំណាំស្រូវ : គេដាំដំណាំតាមមាត់ទន្លេ ចិញ្ចឹមសត្វនិងនេសាទ  _ កសិករភូមិភាគឦសាន: គេធ្វើដំណាំព្រៃដុតមានដូចជាពោត ដំឡូង ស្រូវរុក្ខជាតិយកមើមដទៃទៀត និងបរបាញ់សត្វផងដែរ។,សេដ្ឋកិច្ចជាតិផ្អែកលើវិស័យកសិកម្មជាសំខាន់ព្រោះវិស័យនេះសំខាន់ដល់ជាតិដូចជា៖  • ព្រោះកម្ពុជាជាប្រទេសកសិកម្មព្រោះ៖  • សណ្ឋានដី៖ ប្រទេសកម្ពុជាស្ថិតនៅតំបន់ដែលអំណោយផលដល់ការដាំដុះដំណាំ  • ប្រទេសកម្ពុជាមានកម្លាំងពលកម្មប្រហែល ៧០-៨០% ជាអ្នកធ្វើស្រែ  • ប្រទេសកម្ពុជាស្ថិតនៅតំបន់មេគង្គក្រោមដែលមានប្រភពទឹកសម្រាប់ដាំដុះច្រើនមានទន្លេមេគង្គ ទន្លេសាប និងបឹងបួរផ្សេងៗ  • ជាប្រភពម្ហូបអាហារសម្រាប់មនុស្សគ្រប់រូប  • កាត់បន្ថយភាពអត់ការងារ  • កាត់បន្ថយភាពក្រីក្ររបស់ប្រជាជន  • ជាវត្ថុធាតុដើមសម្រាប់ប្រើក្នុងឧស្សាហកម្ម  • ជាឧស្សាហកម្មសម្រាប់នាំចេញ  • កសិកម្មជួយបង្កើតផ្ទៃបៃតងខ្ចីស្រស់បំព្រងមានសោភ័ណភាព  • ងាយស្រួលក្នុងការធ្វើផលិតកម្ម  • មានទីផ្សារស្រាប់  • ការនាំចេញ៖  ◦ ងាយស្រួលដឹកជញ្ជូន  ◦ មានតម្រូវការទីផ្សារច្រើន  ◦ ងាយស្រួលក្នុងការនាំចេញ។,20,12,2,0.6,0.2632683555415125,1,5,1,7
421,តើអាណាចក្រភ្នំមានព្រំប្រទល់ជាប់ប្រទេសណាខ្លះ?,អាណាចក្រភ្នំមានព្រំប្រទល់ជាប់ប្រទេសដូចជា -ខាងជើងជាប់ចិន -ខាងត្បូងជាឈូងសមុទ្រខ្មែរ -ខាងកើតជាប់រដ្ឋចម្ប៉ា -ខាងលិចជាប់រដ្ធមនឬភូមា។,អាណាចក្រភ្នំមានព្រំប្រទល់ខាងជើងជាប់នឹងប្រទេសចិន(រដ្ឋណានឆាវនិងតុងតឹង)ខាងកើតជាប់រដ្ឋចម្ប៉ា(ឈូងសមុទ្រចិន)និងខាងត្បូងជាប់និងឈូងសមុទ្រខ្មែរ(នគរភ្នំ)និងខាងលិចជាប់រដ្ឋមនឬភូមា។,6,6,4,1.0,0.6647821859686388,3,4,1,2
422,តើគេចែកយុគសម័យបុរេប្រវត្តិសាស្ត្រកម្ពុជាជាប៉ុន្មានយុគសម័យ?អ្វីខ្លះ?,គេចែកយុគសម័យបុរេប្រវត្តិសាស្ត្រកម្ពុជាជាបីយុគសម័យគឺ -យុគថ្មបំបែក (600000 - 12000 ឆ្នាំមុនគ.ស) -យុគថ្មរលីងឬសំលៀង (8000 - 2000 ឆ្នាំមុនគ.ស) -យុគលោហៈ(2000-100 ឆ្នាំមុនគ.ស)។,គេចែកយុគសម័យបុរេប្រវត្តិសាស្ត្រកម្ពុជាជាបីយុគសម័យគឺ -យុគថ្មបំបែក (600000 - 12000) -យុគថ្មរលីងឬសំលៀង (8000 - 2000) -យុគលោហៈ(2000-1000)។,5,5,4,1.0,0.8816007160133483,4,4,0,1
423,ចូរប្រៀបធៀបលក្ខណៈខុសគ្នានៃផ្សិត និងរុក្ខជាតិ។,លក្ខណៈខុសគ្នានៃផ្សិតនិងរុក្ខជាតិ +ផ្សិត  -ផ្សិតបន្តពូជតាមរយៈស្ប៉ -ផ្សិតមិនធ្វើរស្មីសំយោគ -អុីប -វារស់នៅកន្លែងសើម +រុក្ខជាតិ -បន្តពូជដោយគ្រាប់ -វាត្រូវការធ្វើរស្មីសំយោគ -វារស់នៅកន្លែងដែលមានពន្លឺ,ប្រៀបធៀបលក្ខណ:ខុសគ្នារវាងផ្សិតនិងរុក្ខជាតិ  +ផ្សិត -បរជីព -អុីបក្រោមដី -ស្ប៉ +រុក្ខជាតិ -ស្វ័យជីព -គ្រាប់ -ឬស,12,11,4,0.9166666666666666,0.33934295232248135,1,4,3,7
424,តើឧស្សាហកម្មមានតួនាទីចំពោះសេដ្ឋកិច្ចជាតិយ៉ាងដូចម្ដេច?,ឧស្សាហកម្មមានតួនាទីសម្រាប់សេដ្ឋកិច្ចជាតិដូចជា -ជួយបង្កើតប្រាក់ចំណូលចូលជាតិ -បង្កើតការងារដល់ប្រជាជន -បង្កើតប្រាក់ចំណូលចូលក្នុងគ្រួសារ -ប្រជាជនមានជីវភាពធូរធារ -ជួយរក្សាជញ្ជីងពាណិជ្ជកម្ម -ជួយបង្កើតទិន្នផលសម្រាប់ការនាំចេញនាំចូល -បង្កើននូវសង្ឃភារៈសម្រាប់ប្រើប្រាស់។,ឧស្សាហកម្មមានតួនាទីចំពោះសេដ្ឋកិច្ចជាតិដូចជា៖ -នាំចេញនូវវត្ថុធាតុដើមដែលជាផលិតផលពាក់កណ្ដាលសម្រេច -បថ្កើនការងារដល់ប្រជាពលរដ្ឋ -ប្រជាជនមានការងារធ្វើ -សម្បូរអ្នកមកវិវនិយោគនៅក្នុងស្រុក -ផ្ដល់ប្រាក់ចំណូលចូលរដ្ឋតាមរយៈពន្ធ -កាត់បន្ថយអត្រាប្រជាជនដែលអត់ការងារធ្វើ។,15,6,2,0.4,0.3580194712732098,1,5,1,1
425,តើការស្ថិតនៅក្រៅសារពាង្គកាយនៃពងស្វាសមានសារៈសំខាន់ដូចម្តេច?,ការស្ថិតនៅក្រោមសារពាង្គកាយនៃពងស្វាសមានសារៈសំខាន់ដូចជាដើម្បីរក្សាសីតុណ្ហភាពឲ្យ ទាបជាងសីតុណ្ហភាពក្នុងខ្លួន ប្រហែលពី(2-3)សីតុណ្ហភាពក្នុងខ្លួន37 ។,ការស្ថិតនៅក្រោមសារពាង្គកាយនៃពងស្វាសមានសារៈសំខាន់ក្នុងការផលិតអរម៉ូនភេទឈ្មោលនិង បង្កើតស្ពែម៉ាតូសូអ៊ីត ។រក្សាសីតុណ្ហភាពឲ្យទាបជាងសីតុណ្ហភាពក្នុងខ្លួន ប្រហែលពី(2-3)សីតុណ្ហភាព ក្នុងខ្លួន37 ។,10,10,4,1.0,0.804062449715198,3,8,1,2
426,តើដំណាក់កាលទាំងពីរនៃវដ្ដជីវីតរបស់រុក្ខជាតិមានអ្វីខ្លះ? ចូររៀបរាប់។,ដំណាក់កាល ទាំងពីរនៃវដ្ដជីវិតរបស់រុក្ខជាតិមាន  - ដំណាក់កាលស្ប៉រ៉ូភីត គឺជារុក្ខជាតិផលិតស្ប៉។ វាជាកោសិកាតូចៗដែលអាចលូតលាស់ជាសារពាង្គកាយថ្មី  -ស្ប៉លូតលាស់ក្នុងដំណាក់កាលផ្សេងទៀតនៃរុក្ខជាតិ ហៅថាកាម៉ែតូភីត។ ក្នុងដំណាក់កាលនៃរុក្ខជាតិផលិតកោសិកាភេទពីរបែប គឺកាម៉ែតឈ្មោល និងកាម៉ែតញី ។ កាម៉ែតញី និង កាម៉ែតឈ្មោលលាយចូលគ្នា បង្កើតបានជាសុីកូត។ បន្ទាប់មកទៀត សុីកូតលូតលាស់ទៅជាស្ប៉រ៉ូភីត។ស្ប៉រ៉ូភីតផលិតស្ប៉លូតលាស់ក្នុងកាម៉ែតូភីត កាម៉ែតូភីតផលិតកាម៉ែតញី និងកាម៉ែតឈ្មោល ហើយវដ្ដផ្ដើមសារជាថ្មី។,ដំណាក់កាល ទាំងពីរនៃវដ្ដជីវិតរបស់រុក្ខជាតិមាន  - ដំណាក់កាលស្ប៉រ៉ូភីត គឺជារុក្ខជាតិផលិតស្ប៉។ វាជាកោសិកាតូចៗដែលអាចលូតលាស់ជាសារពាង្គកាយថ្មី  -ស្ប៉លូតលាស់ក្នុងដំណាក់កាលផ្សេងទៀតនៃរុក្ខជាតិ ហៅថាកាម៉ែតូភីត។ ក្នុងដំណាក់កាលនៃរុក្ខជាតិផលិតកោសិកាភេទពីរបែប គឺកាម៉ែតឈ្មោល និងកាម៉ែតញី ។ កាម៉ែតញី និង កាម៉ែតឈ្មោលលាយចូលគ្នា បង្កើតបានជាសុីកូត។ បន្ទាប់មកទៀត សុីកូតលូតលាស់ទៅជាស្ប៉រ៉ូភីត។ស្ប៉រ៉ូភីតផលិតស្ប៉លូតលាស់ក្នុងកាម៉ែតូភីត កាម៉ែតូភីតផលិតកាម៉ែតញី និងកាម៉ែតឈ្មោល ហើយវដ្ដផ្ដើមសារជាថ្មី។,15,8,2,0.5333333333333333,1.0,4,15,2,7
427,តើកត្តាអ្វីខ្លះដែលធ្វើអោយសម័យអង្គររីកចម្រើនដល់កំពូល?​ ចូលរៀបរាប់។,កត្តាដែលធ្វើអោយសម័យអង្គររីកចម្រើនគឺ: កត្តាព្រះរាជា:ព្រះរាជាចាប់ពីព្រះបាទជ័យវរ្ម័នទី 2 រហូតដល់ព្រះបាទជ័យវរ្ម័នទី 7 សុទ្ធតែជាស្ដេចខ្លាំងពូកែ កត្តានយោបាយ: នយោបាយក្នុងប្រទេសបង្រួបបង្រួមជាតិកសាងនិងការពារទឹកដី នយោបាយក្រៅប្រទេស:ចងសម្ព័ន្ធមិត្តជាមួយប្រទេសធំៗវាយយករដ្ឋតូចដាក់ជាចំណុះ កត្តាសេដ្ឋកិច្ច:រីកចម្រើនលើវិស័យកសិកម្មសិប្បកម្មគណនាគម កត្តាសាសនា:ការឯកភាពគ្នារវាងសាសនាព្រាហ្មនិងព្រះពុទ្ធ កត្តាធនធានមនុស្សបន្សល់ទុកតាំងពីសម័យនគរភ្នំនិងចេនឡាមក។,កត្តាដែលធ្វើអោយសម័យអង្គររីកចម្រើនគឺ: .កត្តាព្រះរាជា:ព្រះរាជាចាប់ពីព្រះបាទជ័យវរ្ម័នទី 2 រហូតដល់ព្រះបាទជ័យវរ្ម័នទី 7 សុទ្ធសឹងតែជាស្ដេចខ្លាំងពូកែ .កត្តានយោបាយ: +នយោបាយក្នុងប្រទេស:បង្រួបបង្រួម​ កសាង និងការពារ។ +នយោបាយក្រៅប្រទេស:ចងសម្ព័ន្ធមិត្តជាមួយប្រទេសធំៗដូចជាចិននិងឥណ្ឌា និងវាយយករដ្ឋតូចដាក់ជាចំណុះ .កត្តាសេដ្ឋកិច្ច:ការរីកចម្រើនលើវិស័យកសិកម្ម សិប្បកម្ម គណនាគមន៍ .កត្តាសាសនា:មានការឯកភាពគ្នារវាងសាសនាព្រាហ្មនិងព្រះពុទ្ធ .កត្តាធនធានមនុស្សបន្សល់ទុកតាំងពីសម័យនគរភ្នំនិងចេនឡាមក។,10,10,4,1.0,0.9273986502678749,4,9,0,1
428,ចូរពណ៏នាពីការអភិវឌ្ឍសេដ្ឋកិច្ច សង្គម នៅកម្ពុជាពីឆ្នាំ១៩៩៣ មកទល់សព្វថ្ងៃ?,ការអភិវឌ្ឈនៅកម្ពុជា +វិស័យសេដ្ឋកិច្ច -ជួយជំរុញវិស័យកសិកម្ម ឧស្សាហកម្ម ពាណិជ្ជកម្ម ទេសចរណ៌ មានការអភិវឌ្ឈ -មានកំណើនការវិនិយោគពីឯកជនបង្កើតទុនបរទេស -មានទំនាក់ទំនងពាណិជ្ជកម្មអន្តរជាតិជាមួយអាស៊ាននិងមហាអំណាចធំៗ -មានកំណើនភ្ញៀវទេសចរណ៌ជាតិនិងអន្តរជាតិ ផ្ដល់ចំណូលដល់ប្រជាជន -កសាងហេដ្ឋារចនាសម្ព័ន្ធ មានផ្លូវថ្នល់ ស្ពានដែក កំពង់ផែ អាកាសយាន្តដ្ឋាន ដោយបំពាក់ប្រព័ន្ធទឹកភ្លើងពីទីក្រុងទៅជនបទ +វិស័យសង្គម -មានការទប់ស្កាត់សង្គ្រាម -លើកស្ទួយការគោរពសិទ្ធិមនុស្ស -ទប់ស្កាត់អំពើពុករលួយ -ធ្វើឱ្យរដ្ឋាភិបាលមានលទ្ធភាពសម្រេចផែនការនានាតាមការកំណត់ -ជួយឱ្យមានរក្សាសន្តិភាព សុខសុវត្ថិភាព -មានការអភិវឌ្ឈសាលារៀន មន្ទីរពេទ្យ -មានសមភាពយែនឌ័រក្នុងសង្គម -កម្ពុជារៀបចំកម្មវិធីធំៗថ្នាក់ជាតិ។,ពណ៌នាអំពីការអភិវឌ្ឍសេដ្ឋកិច្ច សង្គម នៅកម្ពុជាឆ្នាំ ១៩៩៣ មកទល់សព្វថ្ងៃ៖ + សេដ្ឋកិច្ច៖ -ស្ដាវិស័យកសិកម្ម ឧស្សាហកម្ម ពាណិជ្ជកម្ម -បង្កើតប្រព័ន្ធសេដ្ឋកិច្ចទីផ្សារសេរី និងផ្តល់កម្មសិទ្ធិឯកជន -កំណេទម្រង់ប្រព័ន្ធហេដ្ឋារចនាសម្ព័ន្ធទំនើប។ - កំណើនរោងចក្រឧស្សាហកម្ម -ប្រជាជនមានការងារធ្វើ -មានទីផ្សារសម្រាប់លក់ផលិផល និងប្រាក់ចំណូល + សង្គម -ការអប់រំ: សាងសង់សាលារៀនគ្រប់កម្រិតសិក្សា ជម្រុញឱ្យនិស្សិតទៅសិក្សានៅក្រៅប្រទេស និងអញ្ជើញគ្រូបរទេសមកបង្រៀនក្នុងប្រទេស  ហើយបណ្តុះបណ្តាលធនធានមនុស្ស។ -វប្បធម៌: លើកកម្ពស់វិស័យវប្បធម៌ និងផ្សព្វផ្សាយវប្បធម៌ សាសនា ប្រពៃណី ទំនៀមទម្លាប់។ -សណ្តាប់ធ្នាប់: រៀបចំសណ្តាប់ធ្នាប់ក្នុងប្រទេស បង្កើតច្បាប់ លុបបំបាត់ការជួញដូរគ្រឿងញៀន មនុស្ស អាវុធ...។ -សុខាភិបាល: សាងសង់មន្ទីរពេទ្យ មណ្ឌលសុខភាព។,10,9,4,0.9,0.3401329610463906,1,3,3,6
429,តើផ្សិតមានរូបរាងខុសៗគ្នាអាស្រ័យនឹងអ្វី? ស្រូបសារធាតុចិញ្ចឹមតាមរយៈអ្វី?,ផ្សិតមានរូបរាងខុសៗគ្នាអាស្រ័យនឹងការតម្រៀបអុីបរបស់វា។ផ្សិតស្រូបសារធាតុចិញ្ចឹមតាមរយ:អុីបដែលដុះចូលទៅក្នុងប្រភពអាហារ។,ផ្សិតមានរូបរាងខុសៗគ្នាអាស្រ័យនឹងការតម្រៀបអុីបរបស់វា។ផ្សិតស្រូបសារធាតុចិញ្ចឹមតាមរយ:អុីបដែលដុះចូលទៅក្នុងប្រភពអាហារ។,10,6,2,0.6,0.9999999999999999,4,10,2,4
430,ហេតុអ្វីបានជាមនុស្សស្រូបយកខ្យល់ដែលមានកាបូនម៉ណូអុកស៊ីតអាចបង្កគ្រោះថ្នាក់ដល់ស្លាប់បាន?,បានជាមនុស្សស្រូបយកខ្យល់ដែលមានកាបូនម៉ូណូអុកស៊ីដអាចបង្កឲ្យមានគ្រោះថ្នាក់ដល់ស្លាប់ បានព្រោះកាបូនម៉ូណូអុកស៊ីដមានសមត្ថភាពចាប់យក ក្នុងឈាមបានខ្លាំងជាងអុកស៊ីសែន វារារាំងឈាមមិនឲ្យដឹកនាំអុកស៊ីសែនទៅចិញ្ចឹមសរីរាង្គជាពិសេសខួរក្បាលដែលបណ្តាលឲ្យ ស្លាប់និង សន្លប់ ។,បានជាមនុស្សស្រូបយកខ្យល់ដែលមានកាបូនម៉ូណូអុកស៊ីដអាចបង្កឲ្យមានគ្រោះថ្នាក់ដល់ស្លាប់បាន ព្រោះកាបូនម៉ូណូអុកស៊ីដមានសមត្ថភាពចាប់យក ក្នុងឈាមបានខ្លាំងជាងអុកស៊ីសែនវារារាំង ឈាមមិនឲ្យដឹកនាំអុកស៊ីសែនទៅចិញ្ចឹមសរីរាង្គជាពិសេសខួរក្បាលដែលបណ្តាលឲ្យស្លាប់និង សន្លប់ ។,5,4,3,0.8,0.9699465991011228,4,5,1,1
431,តើគេចែកប្រូទីសជាប៉ុន្មានក្រុម?អ្វីខ្លះ?,ប្រូទីសសត្វចែកជា 4 ក្រុមតាមរបៀបរស់នៅនឹងផ្លាស់ទីរបស់វា  +ប្រូតូសូអ៊ែផ្លាស់ទីដោយជើងបញ្ឆោត: អាមីប +ប្រូតូសូអ៊ែផ្លាស់ទីដោយផ្លាសែល : សាឌីយ៉ា +ប្រូតូសូអ៊ែបន្តពូជតាមរយ:ស្ប៉ :ស្ប៉រ៉ូសូអ៊ែ។,ប្រូទីសសត្វចែកជា 4 ក្រុមតាមរបៀបរស់នៅនឹងផ្លាស់ទីរបស់វា  +ប្រូតូសូអ៊ែផ្លាស់ទីដោយជើងបញ្ឆោត: អាមីប +ប្រូតូសូអ៊ែផ្លាស់ទីដោយផ្លាសែល : សាឌីយ៉ា +ប្រូតូសូអ៊ែបន្តពូជតាមរយ:ស្ប៉ :ស្ប៉រ៉ូសូអ៊ែ។,8,3,2,0.375,1.0,4,8,2,5
432,តើអាណាចក្រភ្នំមានព្រំប្រទល់ជាប់ប្រទេសណាខ្លះ?,អាណាចក្រភ្នំមានព្រំប្រទល់ជាប់ប្រទេសដូចជា -ខាងជើងជាប់ចិន -ខាងត្បូងជាឈូងសមុទ្រខ្មែរ -ខាងកើតជាប់រដ្ឋចម្ប៉ា -ខាងលិចជាប់រដ្ធមនឬភូមា។,អាណាចក្រភ្នំមានព្រំប្រទល់ជាប់ប្រទេសដូចជា -ខាងជើងជាប់ចិន -ខាងត្បូងជាឈូងសមុទ្រខ្មែរ -ខាងកើតជាប់រដ្ឋចម្ប៉ា -ខាងលិចជាប់រដ្ឋមនឬភូមា។,6,6,4,1.0,0.9690658986445712,4,6,0,0
433,តើប្រព័ន្ធផលិតកម្មកសិកម្មនៅក្នុងប្រទេសកម្ពុជាមានអ្វីខ្លះ?ចូររៀបរាប់​ ។,ប្រព័ន្ធផលិតកម្មកសិកម្មនៅប្រទេសកម្ពុជាមាន៖    _ ដំណាំ : ដំណាំស្រូវ ដំណាំកៅស៊ូ ដំណាំផ្សេងៗទៀត    _ ការចិញ្ចឹមសត្វ : ការចិញ្ចឹមសត្វលើគោក ការចិញ្ចឹមសត្វក្នុងទឹក    _ ការនេសាទ : ការនេសាទទឹកសាប ការនេសាទទឹកប្រៃ  _ ព្រៃឈើ : ផលិតផលឈើ អនុផលព្រៃឈើ(រកឃ្មុំ ជ័រទឹក វល្លិ៍ ផ្តៅ) សត្វព្រៃ ។,ប្រព័ន្ធផលិតកម្មនៅប្រទេសកម្ពុជារួមមាន៖ +ការដាំដុះ  -ប្រជាកសិករដាំដុះ នូវដំណាំហូបផ្លែ(ពោតដំឡូងស្វាយ) - -ធ្វើស្រែចម្ការការដាំដុះស្រូវ នូវ ស្ពៃ +ការចិញ្ចឹមសត្វ -ការចិញ្ចឹមសត្វបែបប្រពលវប្បកម្ម ការចិញ្ចឹម(សត្វគោ ក្របី មាន់) +-ព្រៃឈើ -ការដាំដុះ ដើមឈើជ័រកៅស៊ូការដាំដុះនាំព្រៃឈើទុកជា ជម្រករបស់សត្វព្រៃ,10,8,3,0.8,0.4632321919150787,2,5,1,3
434,ហេតុអ្វីបានជាមនុស្សស្រូបយកខ្យល់ដែលមានកាបូនម៉ណូអុកស៊ីតអាចបង្កគ្រោះថ្នាក់ដល់ស្លាប់បាន?,បានជាមនុស្សស្រូបយកខ្យល់ដែលមានកាបូនម៉ូណូអុកស៊ីដអាចបង្កឲ្យមានគ្រោះថ្នាក់ដល់ស្លាប់ បានព្រោះកាបូនម៉ូណូអុកស៊ីដមានសមត្ថភាពចាប់យក ក្នុងឈាមបានខ្លាំងជាងអុកស៊ីសែន វារារាំងឈាមមិនឲ្យដឹកនាំអុកស៊ីសែនទៅចិញ្ចឹមសរីរាង្គជាពិសេសខួរក្បាលដែលបណ្តាលឲ្យ ស្លាប់និង សន្លប់ ។,បានជាមនុស្សស្រូបយកខ្យល់ដែលមានកាបូនម៉ូណូអុកស៊ីតអាចបង្កគ្រោះថ្នាក់ដល់ស្លាប់បានគឺ ឧស្ម័នកាបូនម៉ូណូអុកស៊ីតជាឧស្ម័នពុល ។,5,4,3,0.8,0.5677737011007331,2,3,1,1
435,តើគេចែកយុគសម័យបុរេប្រវត្តិសាស្ត្រកម្ពុជាជាប៉ុន្មានយុគសម័យ?អ្វីខ្លះ?,គេចែកយុគសម័យបុរេប្រវត្តិសាស្ត្រកម្ពុជាជាបីយុគសម័យគឺ -យុគថ្មបំបែក (600000 - 12000 ឆ្នាំមុនគ.ស) -យុគថ្មរលីងឬសំលៀង (8000 - 2000 ឆ្នាំមុនគ.ស) -យុគលោហៈ(2000-100 ឆ្នាំមុនគ.ស)។,គេចែកយុគសម័យបុរេប្រវត្តិសាស្ត្រកម្ពុជាជាបីយុគសម័យគឺ -យុគថ្មបំបែក (600000 - 12000 ឆ្នាំមុនគ.ស) -យុគថ្មរលីងឬសំលៀង (8000 - 2000 ឆ្នាំមុនគ.ស) -យុគលោហៈ(2000-100 ឆ្នាំមុនគ.ស)។,5,5,4,1.0,1.0,4,5,0,0
436,តើផ្សិតមានរូបរាងខុសៗគ្នាអាស្រ័យនឹងអ្វី? ស្រូបសារធាតុចិញ្ចឹមតាមរយៈអ្វី?,ផ្សិតមានរូបរាងខុសៗគ្នាអាស្រ័យនឹងការតម្រៀបអុីបរបស់វា។ផ្សិតស្រូបសារធាតុចិញ្ចឹមតាមរយ:អុីបដែលដុះចូលទៅក្នុងប្រភពអាហារ។,ផ្សិតមានរូបរាងខុសៗ គ្នាអាស្រ័យទៅនឹងការតម្រៀបអុីបរបស់វា។ផ្សិតស្រូបយកសារធាតុចិញ្ចឹមតាមរយ:អុីបក្រោមដិទៅក្នុងបំពង់អាហារ។,10,8,3,0.8,0.7784587731801972,3,8,0,0
437,តើឧស្សាហកម្មមានតួនាទីចំពោះសេដ្ឋកិច្ចជាតិយ៉ាងដូចម្ដេច?,ឧស្សាហកម្មមានតួនាទីសម្រាប់សេដ្ឋកិច្ចជាតិដូចជា -ជួយបង្កើតប្រាក់ចំណូលចូលជាតិ -បង្កើតការងារដល់ប្រជាជន -បង្កើតប្រាក់ចំណូលចូលក្នុងគ្រួសារ -ប្រជាជនមានជីវភាពធូរធារ -ជួយរក្សាជញ្ជីងពាណិជ្ជកម្ម -ជួយបង្កើតទិន្នផលសម្រាប់ការនាំចេញនាំចូល -បង្កើននូវសង្ឃភារៈសម្រាប់ប្រើប្រាស់។,ឧស្សាហកម្មមានតួនាទីចំពោះសេដ្ឋកិច្ចជាតិយ៉ាងសំខាន់ដូចជា៖ -ជួយបង្កើនប្រាល់ចំណូលចូលជាតិ ២៣.៨% ឆ្នាំ២០០៨ -បង្កើតការងារជូនដល់ប្រជាជន -ផ្ដល់ប្រាក់ចំណូលក្នុងគ្រួសារ -ផ្ដល់ផលិតផលសម្រាប់ប្រើប្រាស់ -ជួយរក្សាលំនឹងជញ្ជីងពាណិជ្ជកម្ម -ប្រជាជនមានជីវភាពធូរធារ -ផ្ដល់ផលិតផលសម្រាប់នាំចេញ។,15,15,4,1.0,0.6247135949317325,2,9,2,6
438,ហេតុអ្វីបានជាប្រទេសកម្ពុជាពឹងផ្អែកទៅលើវិស័យកសិកម្ម?,បានជាផ្នែកឯកជនជាកម្លាំងដ៏សំខាន់សម្រាប់កំណើនសេដ្ឋកិច្ចកម្ពុជាព្រោះ -កម្ពុជាបានអនុវត្តសេដ្ឋកិច្ចទីផ្សារសេរីដោយបានធ្វើកំណែទម្រង់ពីសហគ្រាសរដ្ឋឲ្យក្លាយទៅជាកម្មសិទ្ធិឯកជន -សេដ្ឋកិច្ចទីផ្សារសេរីនាំឲ្យអ្នករកស៊ីចូលចិត្តមករកស៊ីនិងដាក់វិនិយោគទុន -កាលណាភ្នែកឯកជនរឹងមាំអាចជួយបំពេញបន្ថែមលើវិនិយោគសាធារណៈក្នុងវិស័យសេដ្ឋកិច្ចគឺផ្នែកឯកជនអាចស្រូបយកកម្លាំងពលកម្មកើនឡើង។,បានជាផ្នែកឯកជនជាកម្លាំងដ៏សំខាន់សម្រាប់ការវិនិយោគមានកំណើនសេដ្ឋកិច្ចក្នុងមានហេតុផលមួយចំនួនដូចខាងក្រោម។ផ្នែកឯកជនមានការគាំទ្រដោយរដ្ឋាភិបាលធ្វើឲ្យប្រជាជនធ្វើការទាំងអស់ឲ្យអស់ពីកម្លាំងកាយចិត្តនិងអ្វីដែលបានចេះមានការតាំងចិត្តរឹងមាំធ្វើការងារដោយចិត្តប្រយ័ត្នប្រយែងគោរពពេលវេលាបានច្បាស់លាស់។,15,5,1,0.3333333333333333,0.3507273216881046,1,5,0,0
439,ដូចម្តេចដែលហៅថាវដ្តទឹក? ចូរពន្យល់ពីដំណាក់កាលនីមួយៗ អោយបានត្រឹមត្រូវ។,ដែលហៅថាវត្តទឹកគឺការហ្វឹកហ្វុលឥតឈប់ឈរមុននឹងបង្កើតជាទឹកភ្លៀងទឹករោងនៅកម្ដៅព្រះអាទិត្យបង្កើតបានជាចំហាយទឹកខ្យល់ស្រុកយកចំហែលទឹកទៅអាកាសធ្វើឲ្យចំហាយទឹកកំណក បង្កើតបានជាពពកធ្លាក់មកជាភ្លៀងក្នុងប្រជាទឹក,ដំណាក់កាលនៃវត្តទឹកអត្ថន័យសំណួរនេះតម្រូវឲ្យពន្យល់អំពីវត្តទឹកនិងដំណើរការនៃដំណាក់កាលនីមួយៗដូចការហូតក្រង្អែងការធ្លាក់ភ្លៀង,12,3,1,0.25,0.21374665428597586,1,3,0,0
440,រៀបរាប់ពីទំនាក់ទំនងរវាងការដាំដុះអាជីវកម្មព្រៃឈើនិងនេសាទ។,ទំនាក់ទំនងរវាងការដាំដុះ អាជីវកម្មព្រៃឈើ និងការនេសាទមានដូចជា៖ -ការដាំដុះដោយប្រើជីធម្មជាតិ -ការប្រើប្រាស់ជីគីមី -ដាំដុះនិងធ្វើតាមរដូវ -អាជីវកម្មព្រៃឈើ -ការកាប់បំផ្លាញព្រៃឈើ -ការដុតព្រៃឈើ -ការកាប់ឈើយកទៅធ្វើអាជីវកម្ម +ការនេសាទ -ការនេសាទត្រីពេលត្រីពក -ការនេសាទដោយប្រើអគ្គិសនី -ការនេសាទហួសកម្រិត -ការនេសាទគឺជាមុខរបរប្រចាំថ្ងៃាបស់ប្រជាជន -នឹងជាអាហារប្រចាំថ្ងៃរបស់ប្រជាជន -ការនេសាទធ្វើប្រជាជនមានមុខរបររកស៊ីត្រឹមត្រូវ -ការនេសាទប្រើប្រាស់ឧបករណ៍នេសាទខុសច្បាប់ -ការបំផ្លាញជំរកត្រី -ការបកហូរទឹកចេញពី,ទំនាក់ទំនងរវាងការដាំដុះព្រៃឈើនិងការនេសាទ,15,0,0,0.0,0.4062676401021207,2,6,2,6
441,តើថ្ងៃរំដោះ៧មករា១៩៧៩ មានអត្ថន័យយ៉ាងណាខ្លះចំពោះប្រវត្តិសាស្ត្រកម្ពុជា?,ថ្ងៃរំដោះ 7 មករា 1979 មានអត្ថន័យជាប្រវត្តិសាស្រ្តដូចជា÷ -ជាថ្ងៃដែលប្រជាជនរួចផុតពីរបបប្រល័យពូជសាសន៍ -ជាថ្ងៃដែលរបបកម្ពុជាប្រជាធិបតេយ្យដួលរលំ -ជាថ្ងៃកំណើតទី 2 របស់ប្រជាជនខ្មែរ -ជាថ្ងៃដែលកងទ័ពរណសិរ្យសាមគ្គីនិងកងទ័ពរំដោះប្រជាជន បានរំដោះប្រជាជនចេញពីរបបប្រល័យពូជសាស្ត្រកម្ពុជា។,ថ្ងៃរំដោះ 7 មករា 1979 បានផ្ដល់អត្ថន័យជាប្រវត្តិសាស្រ្តចំពោះកម្ពុជាដូចជា÷ -ជាថ្ងៃដែលប្រជាជនកម្ពុជារួចផុតពីការសម្លាប់យ៉ាងរង្គាលនៃរបបកម្ពុជាប្រជាធិបតេយ្យ -ជាថ្ងៃកំណើតទី 2 របស់ពលរដ្ឋកម្ពុជាដែលបានរួចផុតពីរបបកម្ពុជាប្រជាធិបតេយ្យ -បាននាំជូនប្រជាជនកម្ពុជានូវសិទ្ធិសេរីភាពទាំងអស់ក្រោយការដួលរលំកម្ពុជាប្រជាធិបតេយ្យ -ស្ដារនិងកសាងប្រទេសឡើងវិញស្របតាមឆន្ទះនិងគោលបំណងប្រជាជន -កម្ពុជាអាចកំណត់វាសនាប្រទេសជាតិដោយខ្លួនឯង -កម្ពុជាអាចមានឯករាជ្យ សន្តិភាព សេរីភាព សុភមង្គល ស្ថេរភាព -អាចមានផ្លូវដើរដោយច្បាស់លាស់មិនជាន់ដានអតីតកាល។ -ចាប់ផ្ដើមបង្កើតសមត្ថភាពធនធានមនុស្សបញ្ជូននិស្សិតទៅបណ្ដុះបណ្ដាលនៅក្រៅប្រទេស,8,8,4,1.0,0.4682974305001629,2,4,2,4
442,តើមូលហេតុអ្វីបានជាព្រះបាទពញាយ៉ាត ជ្រើសរើសយកចតុមុខធ្វើជារាជធានី?,បានជាព្រះបាទពញាយ៉ាតជ្រើសរើសក្រុងចតុមុខជារាជធានីព្រោះ មានទីតាំងភូមិសាស្ត្រល្អ គេចពីសត្រូវឈ្លានពានសៀម ដីមានជីវជាតិងាយស្រួលក្នុងការធ្វើកសិកម្ម ជាទីប្រសព្វនៃជំនួសទាំងផ្លូវគោកនិងផ្លូវទឹក សម្បូរផ្លូវក្នុងការធ្វើកសិកម្មនិងជំនួញ ភាពខាងត្បូងដីមានប្រជាជនច្រើននិងធនធានដើម្បីកសាងសេដ្ឋកិច្ចជាតិ។,បានជាព្រះបាទពញាយ៉ាតជ្រើសរើសយកចតុមុខធ្វើជារាជធានីពីព្រោះជាទីតាំងដែលមានទន្លេបួនជាប់គ្នាទន្លេមេគង្គទន្លេសាបទន្លេបាសាក់និងទន្លេចតុមុខងាយស្រួលពាណិជ្ជកម្ម មានសុវត្ថិភាពខ្ពស់ជាងអង្ករ ជាការវាយប្រហារអស់សត្រូវ ងាយស្រួលក្នុងការការពារប្រទេស ជាកន្លែងមានដីសម្បូរបែបនិងអាចអភិវឌ្ឍទីក្រុងបានល្អ។,10,9,4,0.9,0.3378726923437507,1,3,3,6
443,តើកត្តាអ្វីខ្លះដែលធ្វើអោយសម័យអង្គររីកចម្រើនដល់កំពូល?​ ចូលរៀបរាប់។,កត្តាដែលធ្វើអោយសម័យអង្គររីកចម្រើនគឺ: កត្តាព្រះរាជា:ព្រះរាជាចាប់ពីព្រះបាទជ័យវរ្ម័នទី 2 រហូតដល់ព្រះបាទជ័យវរ្ម័នទី 7 សុទ្ធតែជាស្ដេចខ្លាំងពូកែ កត្តានយោបាយ: នយោបាយក្នុងប្រទេសបង្រួបបង្រួមជាតិកសាងនិងការពារទឹកដី នយោបាយក្រៅប្រទេស:ចងសម្ព័ន្ធមិត្តជាមួយប្រទេសធំៗវាយយករដ្ឋតូចដាក់ជាចំណុះ កត្តាសេដ្ឋកិច្ច:រីកចម្រើនលើវិស័យកសិកម្មសិប្បកម្មគណនាគម កត្តាសាសនា:ការឯកភាពគ្នារវាងសាសនាព្រាហ្មនិងព្រះពុទ្ធ កត្តាធនធានមនុស្សបន្សល់ទុកតាំងពីសម័យនគរភ្នំនិងចេនឡាមក។,កត្តាដែលធ្វើអោយសម័យអង្គររីកចម្រើនគឺ: កត្តាព្រះរាជា:ព្រះរាជាចាប់ពីព្រះបាទជ័យវរ្ម័នទី 2 រហូតដល់ព្រះបាទជ័យវរ្ម័នទី 7 សុទ្ធសឹងតែជាស្ដេចខ្លាំងពូកែ កត្តានយោបាយ: នយោបាយក្នុងប្រទេសបង្រួបបង្រួមជាតិកសាងនិងការពារទឹកដី នយោបាយក្រៅប្រទេស:ចងសម្ព័ន្ធមិត្តជាមួយប្រទេសធំៗវាយយករដ្ឋតូចដាក់ជាចំណុះ កត្តាសេដ្ឋកិច្ច:រីកចម្រើនលើវិស័យកសិកម្មសិប្បកម្មគណនាគមន៍ កត្តាសាសនា:ការឯកភាពគ្នារវាងសាសនាព្រាហ្មនិងព្រះពុទ្ធ កត្តាធនធាន:មនុស្សបន្សល់ទុកតាំងពីសម័យនគរភ្នំនិងចេនឡាមក។,10,10,4,1.0,0.9820286341106705,4,10,0,0
444,តើកត្តាអ្វីខ្លះដែលបណ្ដាលឲ្យសៀមវាយបែកបន្ទាយលង្វែក?,កត្តាដែលបណ្ដាលឲ្យសៀមវាយបន្ទាយលង្វែកព្រះរាជាព្រះសត្ថាទីមួយឆោតល្ងង់ទៅជួយរំដោះក្រុងឰយុធ្យារបស់សៀមមកពីការត្រួតត្រាភូមាសៀមរមិលគុណប្រើល្បិចបញ្ជូនសល់ពីរអង្គ យកការវិបត្តិផ្ទៃក្នុងជាជួរជលសារលោករវល់ នាដើមម៉ឺនមន្ត្រីប្រជារាស្ត្រមិនពេញចិត្តដែលតែងទៅកូនអាយុដប់មួយវស្សា ឲ្យកូនរៀននៅ ក្នុងនាម មហាឧបរាជ ធ្វើឲ្យប្រជារាស្ត្របាត់បង់ស្មារតីប្រយុទ្ធប្រជារាស្ត្រខ្មែរក្រីក្រឆោតល្ងង់ចង់បានប្រាក់ដួលក៏នាំគ្នាកាប់ឆ្ការគុម្ពឫស្សីដែលជារបងការពារបន្ទាយលង្វែកដ៏រឹងមាំ រីប្រទេសខ្មែរហាក់បីដូចជាបាត់បង់សាមគ្គីដូចជាស្ថានីយមួយនាំកូនទាំងពីររត់ភៀសខ្លួនទៅប្រទេសឡាវមិនគិតពីប្រជារាស្ត្រនាំឲ្យប្រជាជន អស់ជំនឿ,កត្តាដែលបណ្ដាលឲ្យសៀមវាយបន្ទាយលង្វែកព្រះរាជាព្រះសត្ថាទីមួយឆោតល្ងង់ទៅជួយរំដោះក្រុងឰយុធ្យារបស់សៀមមកពីការត្រួតត្រាភូមាសៀមរមិលគុណប្រើល្បិចបញ្ជូនសល់ពីរអង្គ យកការវិបត្តិផ្ទៃក្នុងជាជួរជលសារលោករវល់ នាដើមម៉ឺនមន្ត្រីប្រជារាស្ត្រមិនពេញចិត្តដែលតែងទៅកូនអាយុដប់មួយវស្សា ឲ្យកូនរៀននៅ ក្នុងនាម មហាឧបរាជ ធ្វើឲ្យប្រជារាស្ត្របាត់បង់ស្មារតីប្រយុទ្ធប្រជារាស្ត្រខ្មែរក្រីក្រឆោតល្ងង់ចង់បានប្រាក់ដួលក៏នាំគ្នាកាប់ឆ្ការគុម្ពឫស្សីដែលជារបងការពារបន្ទាយលង្វែកដ៏រឹងមាំ រីប្រទេសខ្មែរហាក់បីដូចជាបាត់បង់សាមគ្គីដូចជាស្ថានីយមួយនាំកូនទាំងពីររត់ភៀសខ្លួនទៅប្រទេសឡាវមិនគិតពីប្រជារាស្ត្រនាំឲ្យប្រជាជន អស់ជំនឿ,10,10,4,1.0,0.9999999999999996,4,10,0,0
445,តើថ្ងៃរំដោះ៧មករា១៩៧៩ មានអត្ថន័យយ៉ាងណាខ្លះចំពោះប្រវត្តិសាស្ត្រកម្ពុជា?,ជាថ្ងៃដែលប្រជាជនខ្មែររួចផុតពីសង្គ្រាមនិងការសម្លាប់ -ជាថ្ងៃដែលប្រជាជនខ្មែរស្គាល់ច្បាប់ពីតម្លៃនៃសន្តិភាព -ជាថ្ងៃដែលប្រជាជនខ្មែរស្គាល់ច្បាប់ពីតម្លៃនៃសន្តិភាព -ប្រទេសកម្ពុជាទទួលបានអធិបតេយ្យភាពនិងបូរណាភាពទឹកដី -ប្រទេសកម្ពុជាទទួលបានឯករាជ្យ -ប្រទេសកម្ពុជាអាចអភិវឌ្ឍន៍ប្រទេសជាតិរបស់ខ្លួន -ប្រទេសកម្ពុជាអាចឈរស្មើមុខមាត់លើឆាកអន្តរជាតិ -ប្រទេសកម្ពុជាកសាងនិងស្ដាយប្រទេសជាតិខ្លួនឯងឡើងវិញ -ប្រទេសកម្ពុជាអាចធ្វើទំនាក់ទំនងជាមួយបណ្ដាប្រទេសនានា.,-គឺជាថ្ងៃដែលប្រជាជនក្នុងប្រទេសកម្ពុជាគ្រប់រូបមិនអាចបំផ្លិចបាន -ជាប្រវត្តិសាស្ត្រដ៏ជូរចត់សម្រាប់ប្រទេសកម្ពុជា -ប្រជាជនបាត់បង់សិទ្ធិអំណាច​ កិត្តិយស បុណ្យស័ក្តវណ្ណ -ប្រជាជនរស់នៅរបបនេះដោយរងទុកវេទនា -ការប្រកាន់យកនយោបាយខ្មៅងងឹតសម្លាប់ប្រជាជនឯងជាតិសាសន៍ឯង -ពួកខ្មែរក្រហមបានបំបិទសិទ្ធសេរីភាពប្រជាជន -ប្រជាជនក្នុងប្រទេសកម្ពុជាំជួបនៅអនាធិបតេយ្យភាព -ប្រជាជនរស់នៅដោយគ្មានក្តីសុខសប្បាយឡើយ -ជាថ្ងៃទី២ដែលប្រជាជនប្រៀបដូចរស់ឡើងវិញ។,8,8,4,1.0,0.4173654492627564,2,3,2,5
446,ចូររៀបរាប់អំពីទំនាក់ទំនងរវាងការដាំដុះអាជីវកម្មព្រៃឈើនិងនេសាទ។,ទំនាក់ទំនងរវាង ការដាំដុះអាជីវកម្មព្រៃឈើ និងការនេសាទ៖  _ ការដាំដុះអាជីវកម្មព្រៃឈើ និងការនេសាទ ជាភោគទ្រព្យយ៉ាងសំខាន់សម្រាប់ប្រជាជនក្នុងការទ្រទ្រង់ក្នុងជីវភាពរស់នៅនិងការអភិវឌ្ឍន៍ប្រទេសជាតិ   _ ដើម្បីបំពេញតម្រូវការក្នុងកសិកម្មផលិតកម្មនិងត្រូវការផ្សេងៗ មនុស្សនាំគ្នាកាប់ព្រៃឈើដើម្បីធ្វើអាជីវកម្មព្រៃឈើជាមូលហេតុធ្វើឲ្យអាកាសធាតុប្រែប្រួលប៉ះពាល់ដល់ជីវិតមនុស្ស សត្វ និងរុក្ខជាតិ  ​ _ អតិផលនៃប្រព័ន្ធកសិកម្ម នាំឲ្យមានកំណើននៃការប្រើប្រាស់គីមីនិងថ្នាំសម្លាប់សត្វល្អិត។ ជីគីមី និងថ្នាំសម្លាប់សត្វល្អិត ទាំងនោះហូរទៅផ្ដុំគ្នានៅតាមផ្លូវទឹកនានា បំផ្លាញជីវិតសត្វនិងពូជធម្មជាតិ។,រៀបរាប់ពីទំនាក់ទំនងរវាងការដាំដុះ ការចិញ្ចឹមសត្វ និងការនេសាទ៖,15,0,0,0.0,0.2633197469641454,1,4,1,4
447,តើផ្សិតមានរូបរាងខុសៗគ្នាអាស្រ័យនឹងអ្វី? ស្រូបសារធាតុចិញ្ចឹមតាមរយៈអ្វី?,ផ្សិតមានរូបរាងខុសៗគ្នាអាស្រ័យនឹងការតម្រៀបអុីបរបស់វា។ផ្សិតស្រូបសារធាតុចិញ្ចឹមតាមរយ:អុីបដែលដុះចូលទៅក្នុងប្រភពអាហារ។,ផ្សិតមានរូបរាងខុសៗគ្នាអាស្រ័យនឹងការតម្រៀបអុីបរបស់វា។ផ្សិតស្រូបសារធាតុចិញ្ចឹមតាមរយ:អុីបដែលដុះចូលទៅក្នុងប្រភពអាហារ។,10,5,2,0.5,0.9999999999999999,4,10,2,5
448,ហេតុអ្វីបានជាផ្នែកឯកជនជាកម្លាំងដ៏សំខាន់សម្រាប់ការវិនិយោគសេដ្ឋកិច្ច?,សេដ្ឋកិច្ចកម្ពុជាពឹងផ្អែកលើវិស័យកសិកម្មជាសំខាន់ៗ 5 គឺឧស្សាហកម្មកសិកម្មពាណិជ្ជកម្មគមនាគមន៍និងទេសចរណ៍ ក៏បានជាគេនិយាយថាកម្ពុជាប្រទេសកសិកម្មនៅប្រទេសកម្ពុជាមនុស្សមួយចំនួនធំគឺធ្វើកសិកម្ម។ច្រើនសុទ្ធតែជាកសិករកម្ពុជាសម្បូរជីកសិកម្មមានជីវជាតិសម្រាប់ឲ្យយើងធ្វើកសិកម្មចិញ្ចឹមសត្វនិងការដណ្ដប់ជួយបង្កើនចំណូលជូនជាងការងារចេញនៅក្រៅប្រទេសស្ករស្រូវដំឡូងកៅស៊ូ ខ. គេចែកកសិករទាំងនេះជាបួនប្រភេទកសិករតំបន់វាលខ្ពស់កសិករធ្វើស្រែឬមិនធ្វើស្រែកសិករភូមិភាគឥសានកសិករធ្វើតែស្រែ,សេដ្ឋកិច្ចកម្ពុជាពឹងផ្អែកលើវិស័យកសិកម្មជាសំខាន់ៗ 5 គឺឧស្សាហកម្មកសិកម្មពាណិជ្ជកម្មគមនាគមន៍និងទេសចរណ៍ ក៏បានជាគេនិយាយថាកម្ពុជាប្រទេសកសិកម្មនៅប្រទេសកម្ពុជាមនុស្សមួយចំនួនធំគឺធ្វើកសិកម្ម។ច្រើនសុទ្ធតែជាកសិករកម្ពុជាសម្បូរជីកសិកម្មមានជីវជាតិសម្រាប់ឲ្យយើងធ្វើកសិកម្មចិញ្ចឹមសត្វនិងការដណ្ដប់ជួយបង្កើនចំណូលជូនជាងការងារចេញនៅក្រៅប្រទេសស្ករស្រូវដំឡូងកៅស៊ូ ខ. គេចែកកសិករទាំងនេះជាបួនប្រភេទកសិករតំបន់វាលខ្ពស់កសិករធ្វើស្រែឬមិនធ្វើស្រែកសិករភូមិភាគឥសានកសិករធ្វើតែស្រែ,15,15,4,1.0,1.0,4,15,0,0
449,ដូចម្តេចដែលហៅថាមេយ៉ូស? ចូរនិយាយពីវគ្គផ្សេងៗនៃមេយ៉ូស។,មេយ៉ូសជាសំណុំនៃចំណែកកោសិកាពីរដងបន្តបន្ទាប់គ្នាដែលបង្កើតបានជាកោសិកាអាលូអុីតបួន ហៅថាមេយ៉ូស ។ _តេឡូផាស1 ស៊ីតូប្លាសចែកខ្លួនបានជាកោសិកាកូនពីរ ។កោសិកាកូននីមួយៗទទួលបានក្រូម៉ូសូម តែមួយពីរគូអូម៉ូឡូក ។ _ប្រផាស1 មានរយៈពេលវែង ។ _អាណាផាស1 ក្រូម៉ូសូមដំរៀបលើផ្លាស់ភ្ជាប់នឹងក្រយ៉ូងក្រូម៉ាទិចដោយសង់ក្រូងទ័ររបស់វា ។ _តេឡូផាស2 ក្រូម៉ូមនីមួយៗបានមកដល់ប៉ូលភ្នាស _មេតាផាស2 ក្រូម៉ូសូមប្រេះតាមបណ្ដោយភ្ជាប់ខ្លួនទៅនិងក្រយ៉ងក្រូម៉ាទិចដោយសង់ _ប្រូដាស2 ត្តយ៉ងអាក្រូម៉ាទិតកើតមានក្នុងកោសិកាគូនីមួយៗ _អាណាផាស2 សង់ក្រូម៉ែធ្វើចំណែកដែលនាំអោយក្រូម៉ាទិចបងប្អូនដាច់ចេញពីគ្នា ។បន្ទាប់មក ក្រូម៉ូសូមកូនទាំង2ធ្វើដំណើរឆ្ពោះទៅប៉ូលផ្ទុយគ្នារបស់ត្រយ៉ូងអាក្រូម៉ាទិច ។,មេយ៉ូសជាសំណុំនៃចំណែកកោសិកាពីរដងបន្តបន្ទាប់គ្នាដែលបង្កើតបានជាកោសិកាអាលូអុីតបួន ហៅថាមេយ៉ូស ។ _តេឡូផាស1 _ប្រផាស1  _អាណាផាស1 _មេតាផាស1 _ប្រូដាស2  _អាណាផាស2 _មេតាផាស2 _តេឡូផាស2,10,5,2,0.5,0.4763250613126828,2,5,0,0
450,តើសង្គមខ្មែរនៅសម័យអង្គរមានប៉ុន្មានវណ្ណៈ? វណ្ណៈអ្វីខ្លះ? ចូលរៀបរាប់។,សង្គមខ្មែរនៅសម័យអង្គរមានប្រាំវណ្ណៈគឺ -វណ្ណៈក្សត្រឬរាជវង្សនុវង្ស (ជាស្ដេចគ្រប់គ្រងប្រទេស -វណ្ណៈមន្ត្រី (អ្នករស់នៅក្នុងរាជវាំងបម្រើស្ដេច) -វណ្ណៈព្រាហ្ម៍ឬបុព្វជិត​(គឺជាអ្នកបួស) -វណ្ណៈអ្នកជាឬកសិករ (អ្នករស់នៅនឹងធ្វើស្រែចម្ការ) -វណ្ណៈអ្នកងារឬទាសករ(ទាសករបម្រើគេតកូនតចៅ)។,សង្គមខ្មែរនៅសម័យអង្គរមានប្រាំវណ្ណៈគឺ -វណ្ណៈក្សត្រ -វណ្ណៈមន្ត្រី -វណ្ណៈបុព្វជិត -វណ្ណៈអ្នកជា -វណ្ណៈទាសករ។,10,5,2,0.5,0.7164528162944629,3,7,1,2
451,សេដ្ឋកិច្ចកម្ពុជាពឹងផ្អែកលើវិស័យកសិកម្មជាសំខាន់៖ ​ក.​ ហេតុអ្វីបានជាគេនិយាយថាកម្ពុជាជាប្រទេសកសិកម្ម? ខ. តើគេចែកកសិករទាំងនោះជាប៉ុន្មានប្រភេទ?,សេដ្ឋកិច្ចកម្ពុជាបានផ្អែកលើវិស័យកសិកម្មជាសំខាន់៖ ក​. បានជាគេនិយាយថាប្រទេសកម្ពុជាជាប្រទេសកសិកម្មដោយសារ -ផ្ទៃដីនៅប្រទេសកម្ពុជាប្រហែល៩០ភាគរយសិតតែដំណាំស្រូវ -ប្រជាជនកកម្ពុជា ៧០.៣ភាគរយធ្វើកសិកម្ម -កសិកម្មជួយឲ្យប្រជាជនកម្ពុជាមានការងារធ្វើ -ប្រជាជននិយមធ្វើកសិកម្ម -ដីនៅកម្ពុជាប្រកបជាមួយកាធ្វើកសិកម្ម -កម្ពុជាមានអាកាសធាតុសមស្របសម្រាប់ធ្វើកសិកម្ម ខ. គេចែកកសិកម្មទាំងនោះជាពីរប្រភេទ៖ +កសិករខ្នាតតូច -ធ្វើកសិកម្មដើម្បីជីវិត -ធ្វើលក្ខណៈតិចតួច ទុកតែបរិភោគសម្រាប់គ្រួសារ -មិនលក់ឲ្យអ្នកណា +កសិករខ្នាតធំ -ធ្វើកសិកម្មច្រើនហើយទុកសម្រាប់លក់ឬនាំចេញទៅក្រៅប្រទេស -ធ្វើមួយឆ្នាំអាចទៅពីរលើក -ធ្វើលក្ខណៈច្រើន ដើម្បីលក់និងនាំចេញ។,សេដ្ឋកិច្ចកម្ពុជាបានផ្អែកលើវិស័យកសិកម្មជាសំខាន់ដូចជា៖ ក. កម្ពុជាសម្បូរទៅដីមានជីវជាតិ -មានប្រព័ន្ធធានាសាស្រ្តគ្រប់គ្រាន់ -ជាប្រទេសរីកចម្រើនផ្នែកកសិកម្មស្រាប់ -អាចធ្វើកសិកម្មបែបបុរាណនិងសម័យបាន -ផលិតផលកសិកម្មមានគុណភាពខ្ពស់។ ខ. គេចែកកសិករទាំងនោះជាប៉ុន្មានប្រភេទ -កសិករធ្វើស្រែ -កសិករមិនធ្វើស្រែ -កសិករធ្វើចម្ការមិនដាំស្រូវ។,15,11,3,0.7333333333333333,0.46488189185052176,2,7,1,4
452,ហេតុអ្វីបានជាផ្នែកឯកជនជាកម្លាំងដ៏សំខាន់សម្រាប់វិនិយោគនិងធ្វើឲ្យមានកំណើនសេដ្ឋកិច្ចក្នុងប្រទេស?,បានជាផ្នែកឯកជនជាកម្លាំងដ៏សំខាន់សម្រាប់វិនិយោគនិងធ្វើឲ្យមានកំណើនសេដ្ឋកិច្ចក្នុងប្រទេស ព្រោះប្រទេសកម្ពុជាជាប្រទេសអភិវឌ្ឍន៍ សេដ្ឋកិច្ចទីផ្សារដោយបានធ្វើកំណែទម្រង់សហគ្រាសឧស្សាហកម្មឲ្យក្លាយទៅជាកម្មសិទ្ធិឯកជន ។ សេដ្ឋកិច្ចទីផ្សារសេរីនេះនាំឲ្យអ្នករកស៊ីបរទេសចូលចិត្តមកវិនិយោគ ហើយកាលណាផ្នែកឯកជនរឹងមាំមកវិនិយោគ ហើយកាលណាផ្នែកឯកជនមិនរឹងមាំអាចបំពេញបន្ថែមវិនិយោគនិងវិស័យសង្គមកិច្ចមានន័យថាវិស័យឯកជនស្រូបយកកម្លាំងការងារកាន់តែកើនឡើង។,បានជាផ្នែកឯកជនជាកម្លាំងដ៏សំខាន់សម្រាប់វិនិយោគនិងធ្វើឲ្យមានកំណើនសេដ្ឋកិច្ចក្នុងប្រទេសព្រោះ -ប្រទេសនោះជាប្រទេសរីកចម្រើនខាងវិស័យឧស្សាហកម្មកសិកម្ម -ប្រទេសនោះជាប្រទេសដែលងាយ វិនិយោគ -ជាប្រទេសដែលសម្បូររោងចក្រឃ្លាំងជាច្រើន -ការយកពន្ធទាប -ប្រទេសនោះសម្បូរទៅដោយធនធានមនុស្ស -ប្រជាជនមានបច្ចេកវិទ្យាបច្ចេកទេសយ៉ាងសម្បូរបែប -ឯកជនជាផ្នែកដ៏សំខាន់សម្រាប់វិនិយោគដើម្បីឲ្យ សេដ្ឋកិច្ចជាតិក្នុងប្រទេស -ឯកជនជាកម្លាំងដ៏សំខាន់សម្រាប់ជំរុញប្រជាជនឱ្យអនុវត្តសេដ្ឋកិច្ច -ប្រជាជននិងឯកជនតែងតែរកវិធីច្នៃប្រឌិតដើម្បីអាចអនុវត្តប្រទេស -ប្រជាជននោះសម្បូរទៅដោយឧស្សាហកម្មនិងសម្បូរទៅដោយរបស់របរជាច្រើនហើយបាននាំចេញទៅក្រៅប្រទេស -ប្រជាជនខិតខំប្រឹងប្រែងយ៉ាងខ្លាំងដើម្បីកំណើនសេដ្ឋកិច្ច -ប្រជាជនតែងតែរកដំណោះស្រាយដើម្បីអភិវឌ្ឍជាតិ -នៅពេលដែលឯកជននិងប្រទេសសម្បូរធនធានជាច្រើនដើម្បីនាំធនធានមនុស្សចេញក្រៅប្រទេសហើយកាត់បន្ថយការនាំចូលដូច្នេះហើយធ្វើឲ្យប្រទេស។កំណើនសេដ្ឋកិច្ចជា មិនខាន,15,6,2,0.4,0.4454830268996826,2,7,0,1
453,តើអាណាចក្រភ្នំមានព្រំប្រទល់ជាប់ប្រទេសណាខ្លះ?,អាណាចក្រភ្នំមានព្រំប្រទល់ជាប់ប្រទេសដូចជា -ខាងជើងជាប់ចិន -ខាងត្បូងជាឈូងសមុទ្រខ្មែរ -ខាងកើតជាប់រដ្ឋចម្ប៉ា -ខាងលិចជាប់រដ្ធមនឬភូមា។,អាណាចក្រភ្នំមានព្រំប្រទល់ជាប់ប្រទេសដូចជា -ខាងជើងជាប់ចិន -ខាងត្បូងជាឈូងសមុទ្រខ្មែរ -ខាងកើតជាប់រដ្ឋចម្ប៉ា -ខាងលិចជាប់រដ្ធមនឬភូមា។,6,6,4,1.0,0.9999999999999999,4,6,0,0
454,តើអាមីបរស់នៅកន្លែងណា ?វាបង្កជំងឺអ្វី?,អាមីបរស់នៅកន្លែងដូចជាស្ទឹងបឹងអូរត្រពាំងទន្លេទឹកជ្រោះ។ វាបង្កជំងឺដូចជា ជំងឺរាគមួល ធ្វើឲ្យយើងចុកពោះដោយផឹកទឹកមិនស្អាត,អាមីបរស់នៅកន្លែងមិនស្អាតដូចជា ដីភក់ ទឹកកង្វក់ វាអាចរស់នៅក្នុងពោះវៀនមនុស្ស។ ហើយវាអាចបង្កជំងឺរាគរូស។,8,8,4,1.0,0.2989088780451282,1,2,3,6
455,ហេតុអ្វីបានជាផ្នែកឯកជនជាកម្លាំងដ៏សំខាន់សម្រាប់វិនិយោគនិងធ្វើឲ្យមានកំណើនសេដ្ឋកិច្ចក្នុងប្រទេស?,បានជាផ្នែកឯកជនជាកម្លាំងដ៏សំខាន់សម្រាប់វិនិយោគនិងធ្វើឲ្យមានកំណើនសេដ្ឋកិច្ចក្នុងប្រទេស ព្រោះប្រទេសកម្ពុជាជាប្រទេសអភិវឌ្ឍន៍ សេដ្ឋកិច្ចទីផ្សារដោយបានធ្វើកំណែទម្រង់សហគ្រាសឧស្សាហកម្មឲ្យក្លាយទៅជាកម្មសិទ្ធិឯកជន ។ សេដ្ឋកិច្ចទីផ្សារសេរីនេះនាំឲ្យអ្នករកស៊ីបរទេសចូលចិត្តមកវិនិយោគ ហើយកាលណាផ្នែកឯកជនរឹងមាំមកវិនិយោគ ហើយកាលណាផ្នែកឯកជនមិនរឹងមាំអាចបំពេញបន្ថែមវិនិយោគនិងវិស័យសង្គមកិច្ចមានន័យថាវិស័យឯកជនស្រូបយកកម្លាំងការងារកាន់តែកើនឡើង។,បានជាផ្នែកឯកជនជាកម្លាំងដ៏សំខាន់សម្រាប់វិនិយោគនិងធ្វើឪ្យមានកំណើនសេដ្ឋកិច្ចក្នុងប្រទេសមានដូចជា៖  _ ពួកឯកជនបាននាំទំនិញចេញនិងនាំចូល  _ ពួកឯកជនគឺជាភ្នាក់ងារដល់សំខាន់សម្រាប់វិនិយោគ  _ ឧស្សាហកម្មងាយស្រួលវិនិយោគជាមួយពួកឯកជន។,15,5,1,0.3333333333333333,0.5215870021648323,2,8,1,3
456,តើកម្ពុជាមានបេតិកភណ្ឌអ្វីខ្លះ ដែលបានចុះបញ្ជីបេតិកភណ្ឌរូបី និង អរូបីពិភពលោករបស់អង្គការយូណេស្កូ? ចូររៀបរាប់ឱ្យបានប្រាំ។,កម្ពុជាមានបេតិកភណ្ឌដែលបានចុះបញ្ជីបេតិកភណ្ឌរូបី និង អរូបីពិភពលោករបស់អង្គការយូណេស្កូដូចជា     +ល្ខោនខោល     +រមណីយដ្ឋានអង្គរ     +ចាប៉ីដងវែង     +ប្រាសាទព្រះវិហហារ     +ល្ខោនស្រមោលស្បែកធំ     +របាំព្រះរាជទ្រព្យ     +ក្រមាខ្មែរ     +គុនល្បុកតោ     +រមណីយដ្ឋានសម្បូរព្រៃគុក,កម្ពុជាមានបេតិកភណ្ឌដែលបានចុះបញ្ជីបេតិ កភណ្ឌរូបិយនិងអរូបិយពិភពលោករបស់ អង្គការយូណេស្កូមានដូចជា÷ -រមណីយដ្ឋានប្រាសាទអង្គរវត្ត  -ប្រាសាទព្រះវិហារ  -ប្រាសាទសំបូរព្រៃគុហ៍ -ល្ខោនស្រមោលស្បែកធំ និងចាប៉ីដងវែង។,5,5,4,1.0,0.7015657839073354,3,4,1,1
457,ហេតុអ្វីបានជាផ្នែកឯកជនជាកម្លាំងដ៏សំខាន់សម្រាប់វិនិយោគនិងធ្វើឲ្យមានកំណើនសេដ្ឋកិច្ចក្នុងប្រទេស?,បានជាផ្នែកឯកជនជាកម្លាំងដ៏សំខាន់សម្រាប់វិនិយោគនិងធ្វើឲ្យមានកំណើនសេដ្ឋកិច្ចក្នុងប្រទេស ព្រោះប្រទេសកម្ពុជាជាប្រទេសអភិវឌ្ឍន៍ សេដ្ឋកិច្ចទីផ្សារដោយបានធ្វើកំណែទម្រង់សហគ្រាសឧស្សាហកម្មឲ្យក្លាយទៅជាកម្មសិទ្ធិឯកជន ។ សេដ្ឋកិច្ចទីផ្សារសេរីនេះនាំឲ្យអ្នករកស៊ីបរទេសចូលចិត្តមកវិនិយោគ ហើយកាលណាផ្នែកឯកជនរឹងមាំមកវិនិយោគ ហើយកាលណាផ្នែកឯកជនមិនរឹងមាំអាចបំពេញបន្ថែមវិនិយោគនិងវិស័យសង្គមកិច្ចមានន័យថាវិស័យឯកជនស្រូបយកកម្លាំងការងារកាន់តែកើនឡើង។,ព្រោះវិស័យឯកជនជាក្បាលម៉ាស៊ីនសំខាន់សម្រាប់វិនិយោគនិងធ្វើឱ្យមានកំណើនសេដ្ឋកិច្ចក្នុងប្រទេសព្រោះ៖ -ការដាំដុះគឺជាការដាំដុះនូវដំណាំផ្សេងផ្សេងដូចជាស្រូវបន្លែជាច្រើនការដាំដុះនេះភាគច្រើនគេដាំវានៅតាមជនបទដើម្បីយកទៅលក់នៅទីផ្សារដើម្បីយកប្រាក់មកដោះដូរជីវភាព ប្រជាជនខ្លះដាំដុះនេះដើម្បីទុកបរិភោគខ្លួនឯងដោយកាត់បន្ថយទៅលើការចំណាយហើយការដាំដុះនេះ សារៈសំខាន់ចំពោះជាតិផងដែរការដាំដុះនេះអាចនាំចេញទៅក្រៅស្រុកបាន ផងដែរ អ្នកខ្លះទៀតយកការដាំដុះនេះជាមុខរបរនាំយកទៅទីក្រុងដើម្បីលក់ដូរ។ -អាជីវកម្មព្រៃឈើប្រជាជនមួយបានយកការកាប់ព្រៃឈើធ្វើជាអាជីវកម្មដើម្បីចិញ្ចឹមជីវិតហើយអាជីវកម្ម នេះមួយចំនួនអាចយកធ្វើជាអុសធ្យូងផ្ទះគ្រែកៅអីជាដើមគឺទាំងអស់នេះ ក៏ជាការសំខាន់ដែរដើម្បីយកទៅលក់ដូរដើម្បីដោះដូរជីវភាពបានប៉ុន្តែការធ្វើអាជីវកម្មព្រៃឈើនេះក៏អាចបង្កដល់អំពើខុសច្បាប់ដែរហើយអាចមានសំឡេងរំខានដល់អ្នកដទៃផងដែរ។ -ការនេសាទក៏អាចដោះដូរជីវភាពបានតែប្រជាជនមួយចំនួនបានយកការនេសាទនេះ ចិញ្ចឹមជីវិតនិងគ្រួសារការនេសាទឬមានច្រើនបែបណាដូចជាការនេសាទត្រីការនេសាទសត្វ ការនេសាទនៅសមុទ្រជាដើម។,15,12,3,0.8,0.17367299949724727,1,3,2,9
458,តើប្រព័ន្ធផលិតកម្មកសិកម្មនៅប្រទេសកម្ពុជាមានអ្វីខ្លះ?,ប្រព័ន្ធផលិតកម្មកសិកម្មនៅកម្ពុជាមានដូចជាដំណាំដំណាំស្រូវនិងកៅស៊ូដឹកនាំផ្សេងៗទៀតការចិញ្ចឹមសត្វបានចិញ្ចឹមសត្វលើគោកការចិញ្ចឹមសត្វក្នុងទឹកការនេសាទការនេសាទទឹកសាបការនេសាទទឹកប្រៃ  ព្រៃឈើអនុផលព្រៃឈើរកឃ្មុំជ័រទឹកក្តៅសត្វព្រៃ,ប្រព័ន្ធផលិតកម្មកសិកម្មនៅប្រទេសកម្ពុជាមាន​ ៤ ដូចជា៖ -ដាំស្រូវ -នេសាទ -អាជីវកម្មព្រៃឈើ -ព្រៃដុត។,15,6,2,0.4,0.30413566944205594,1,5,1,1
459,តើប្រទេសកម្ពុជាចូលជាសមាជិក សហគមន៍អាស៊ីអាគ្នេយ៍ទទួលផលវិជ្ជមាននិងអវិជ្ជមានដូចម្តេចខ្លះ?,ពណ៌នាពីពីការអភិវឌ្ឍសេដ្ឋកិច្ច សង្គម នៅកម្ពុជាពីឆ្នាំ១៩៩៣ មកទល់សព្វថ្ងៃ .វិស័យសេដ្ឋកិច្ច:  +សេដ្ឋកិច្ចកម្ពុជាមានការរីកចម្រើនឡើងជាបន្តបន្ទាប់ដែលធ្វើឲ្យប្រទេសកម្ពុជាមានជីវភាពល្អប្រសើរ។ +កសិកម្មរីកចម្រើនខាងដាំដំណាំស្រូវទទួលបានទិន្នផលខ្ពស់ជាបន្តបន្ទាប់ +ឧស្សាហកម្មមានតំណាងរោងចក្រច្រើនកន្លែងនិងលើកឡើងនៅសហគ្រឿងធំៗដែលបានផ្ដល់ចំណូលដល់ប្រជាពលរដ្ឋ +ពាណិជ្ជកម្មកាលនាំចូលមកក្នុងប្រទេសនិងមានវិនិយោគក្នុងប្រទេស +គមនាគមន៍កសាងស្ពានផ្លូវថ្នល់អាកាសយានដ្ឋានផ្គត់ផ្គង់ប្រព័ន្ធទឹកពីទីក្រុងដល់ជនបទ កំពុងផែ +ហិរញ្ញវត្ថុមានស្ថេរភាពក្នុងអត្រាប្ដូរប្រាក់ +ធនាគារលើកឡើងនៅធនាគារជាតិហ្នឹងឯកជនជាច្រើន .វិស័យសង្គម +ការអប់រំសិក្សា បង្កើតសាលារៀនគ្រប់កម្រិតពីមត្តីរហូតដល់ឧត្តមសិក្សាបណ្ដុះបណ្ដាលធនធានមនុស្សនិងបញ្ជូននិស្សិតឲ្យទៅរៀននៅក្រៅប្រទេស។ +វប្បធម៌អរិយធម៌ ស្ដារវប្បធម៌ឡើងវិញនិងដាក់បញ្ចូលជាសម្បត្តិបេតិកភណ្ឌពិភពលោកចាប់ផ្ដើមប្រជាជនមានសិទ្ធិជឿលើសាសនា។ +សុខាភិបាលបង្កើតឲ្យមានមន្ទីរពេទ្យលោកសុខភាពនិងឱសថសាស្ត្រ +សិល្បៈបង្កើតឲ្យមានសាលាសាកលវិទ្យាល័យសិល្បៈ.,ផលវិជ្ជមាន -នយោបាយ -កម្ពុជាលេងឯកាតទៅទៀត -កម្ពុជាមានមុខមាត់ជាមួយសមាជិកអាស៊ាន -កម្ពុជាចូលរួមរាល់ការសម្រេចចិត្តនានាក្នុងតំបន់ -សេដ្ឋកិច្ច -ពាណិជ្ជកម្មខាងធារាសាស្ត្រ -កម្ពុជាបានក្លាយជាទីកន្លែងសម្រាប់ភ្ញៀវទេសចរ -កម្ពុជាបានអភិវឌ្ឍន៍ទីកន្លែងយ៉ាងច្រើន +ផលអវិជ្ជមាន -ការប្រកួតប្រជែងផលិតផលក្នុងស្រុកនិងក្រៅប្រទេស -ការកាត់បន្ថយផលិតផលនាំចេញនៅក្នុងស្រុក -កត្តាសម្ពាធមានសម្ពាធក្នុងការដឹកនាំ -ការនាំចូលទាបជាងការនាំចេញ,10,8,3,0.8,0.2245261464884491,1,2,2,6
460,តើឧស្សាហកម្មមានតួនាទីចំពោះសេដ្ឋកិច្ចជាតិយ៉ាងដូចម្ដេច?,ឧស្សាហកម្មមានតួនាទីសម្រាប់សេដ្ឋកិច្ចជាតិដូចជា -ជួយបង្កើតប្រាក់ចំណូលចូលជាតិ -បង្កើតការងារដល់ប្រជាជន -បង្កើតប្រាក់ចំណូលចូលក្នុងគ្រួសារ -ប្រជាជនមានជីវភាពធូរធារ -ជួយរក្សាជញ្ជីងពាណិជ្ជកម្ម -ជួយបង្កើតទិន្នផលសម្រាប់ការនាំចេញនាំចូល -បង្កើននូវសង្ឃភារៈសម្រាប់ប្រើប្រាស់។,ឧស្សាហកម្មមានតួនាទីចំពោះសេដ្ឋកិច្ចជាតិដូចជា៖ -ការធ្វើស្រែចម្ការលក់ -ការបង់ពន្ធផ្លូវ រថយន្ត របស់ផ្សេងៗ -ការលក់ដូរ -ការចិញ្ចឹមសត្វ (គោ ជ្រូក មាន់ ទា) -ការដឹកជញ្ចូនវត្ថុធាតុមានតម្លៃទៅលក់នៅក្រៅប្រទេស -ការនាំចេញនាំចូលផលិតផលចេញចូលទាំងក្នុងស្រុកនិងក្រៅស្រុក -ភ្ញៀវទេសចរណ៍ចូលលេងក្នុងស្រុក​​ -ការកសាងជាតិ (ផ្ទះ អគារ ហេដ្ឋារចនាសម្ព័ន...) -ការកម្មង់អីវ៉ាន់ពីក្រៅស្រុក។,15,15,4,1.0,0.20162913618028908,1,3,3,12
461,តើព្រះអង្គឌួងមានស្នាព្រហស្ថអ្វីខ្លះចំពោះប្រទេសជាតិនិងប្រជារាស្ត្រខ្មែរ?,ព្រះបាទអង្គឌួងមានស្នាព្រហស្តដូចជាផ្នែករដ្ឋបាលរៀបចំប្រព័ន្ធរដ្ឋបាលនិងច្បាប់ទម្លាប់ស្ដារឡើងវិញមានរបៀបផ្នែកសេដ្ឋកិច្ចលើកស្ទួយវិស័យកសិកម្មជួសជុលប្រព័ន្ធ សេះនិងពាណិជ្ជកម្ម ភ្នែកបរទេសស្វែងរកជំនួយពីបារាំងដើម្បីទប់ទល់នឹងការត្រួតត្រាយួននិងសៀម ផ្នែកវប្បធម៌លើកស្ទួយវប្បធម៌អក្សរសាស្ត្រខ្មែរនិង សាសនា កត្តាផ្ទៃក្នុង ការបែកបាក់រាជវង្សានុវង្សបែកបាក់សាមគ្គី។,ព្រះបាទអង្គឌួងមានស្នាព្រហស្តដូចជាផ្នែករដ្ឋបាលរៀបចំប្រព័ន្ធរដ្ឋបាលនិងច្បាប់ទម្លាប់ស្ដារឡើងវិញមានរបៀបផ្នែកសេដ្ឋកិច្ចលើកស្ទួយវិស័យកសិកម្មជួសជុលប្រព័ន្ធ សេះនិងពាណិជ្ជកម្ម ភ្នែកបរទេសស្វែងរកជំនួយពីបារាំងដើម្បីទប់ទល់នឹងការត្រួតត្រាយួននិងសៀម ផ្នែកវប្បធម៌លើកស្ទួយវប្បធម៌អក្សរសាស្ត្រខ្មែរនិង សាសនា កត្តាផ្ទៃក្នុង ការបែកបាក់រាជវង្សានុវង្សបែកបាក់សាមគ្គី។,15,15,4,1.0,1.0,4,15,0,0
462,តើគេចែកប្រូទីសជាប៉ុន្មានក្រុម?អ្វីខ្លះ?,ប្រូទីសសត្វចែកជា 4 ក្រុមតាមរបៀបរស់នៅនឹងផ្លាស់ទីរបស់វា  +ប្រូតូសូអ៊ែផ្លាស់ទីដោយជើងបញ្ឆោត: អាមីប +ប្រូតូសូអ៊ែផ្លាស់ទីដោយផ្លាសែល : សាឌីយ៉ា +ប្រូតូសូអ៊ែបន្តពូជតាមរយ:ស្ប៉ :ស្ប៉រ៉ូសូអ៊ែ។,គេចែកប្រូទីសសត្វជា4 ក្រុម គឺ -ណ្វៃយ៉ូ -ជើងបញ្ឆោតអាមីប -សុីតូប្លាស -វ៉ាគុយអូលកន្រ្តាក់,8,7,4,0.875,0.2313195202842589,1,2,3,5
463,តើប្រទេសកម្ពុជាចូលជាសមាជិក សហគមន៍អាសុីអាគ្នេយ៍ទទួលបានផលវិជ្ជមាននិងផលអវិជ្ជមានដូចម្ដេចខ្លះ?,ប្រទេសកម្ពុជាចូលជាសមាជិកសាមាសហគមន៍អាស៊ីអាគ្នេយ៍ទទួលផលវិជ្ជមាននឹងអវិជ្ជមានដូចជា៖ +ផលវិជ្ជមាន៖ -កម្ពុជាលែងឯកោទៅទៀត -បានចូលរួមនៅរាល់ការសម្រេចចិត្តនានាក្នុងតំបន់ -កម្ពុជាបានឈរស្មើមុខមាត់ជាមួយបណ្ដាប្រទេសជាសមាជិកអាស៊ាន -កម្ពុជាមានដៃគូច្រើនទាំងក្នុងតំបន់និងពិភព -កម្ពុជាអាចពង្រីកអនុភាពនិងបង្កើតតួនាទីរបស់ខ្លួនកាន់តែសកម្មភាពដែលក្នុងតំបន់នៃអន្តរជាតិ -កម្ពុជាមានសិទ្ធពេញលេញក្រោមការរៀបចំកិច្ចប្រជុំធំៗក្នុងប្រទេសខ្លួនលក្ខណៈតំបន់និងពិភពលោក -ការលើកលែងទិដ្ឋការ -កម្ពុជាក្លាយជាកន្លែងវិនិយោគដ៏មានសក្តានុពលពាណិជ្ជកម្មរវាងពាណិជ្ជកម្មនិងស្រួលជាងមុនចំពោះទីផ្សារ -សេដ្ឋកិច្ចកម្ពុជាមានកំណើនរៀងរាល់ឆ្នាំ -ប្រជាជនអាចរកការងារធ្វើទាំងក្នុងប្រទេសក្នុងតំបន់និងក្រៅតំបន់ -កំណើនភ្ញៀវទេសចរជាច្រើន +ផលអវិជ្ជមាន៖ -ពាណិជ្ជកម្មសេដ្ឋកិច្ចដំណើរការមិនល្អ -កម្ពុជាបាត់បង់ជំនឿសាសនាប្រពៃណីទំនៀមទម្លាប់,ប្រទេសកម្ពុជាបានចូលជាសមាជិកអាស៊ានសហគមន៍អាស៊ីអាគ្នេយ៍ទទួលបានផល៖ +ផលវិជ្ជមាន -កម្ពុជាអាចបង្កើតទំនាក់ទំនងពាណិជ្ជកម្មជាមួយប្រទេសក្នុងតំបន់ -កម្ពុជាមានឱកាសប្រគួតប្រជែងខ្ពស់ជាមួយប្រទេសក្នុងតំបន់ -ទាញវិនិយោគទុនបរទេសក្នុងតំបន់ និងសកលលោកដើម្បីឱ្យសេដ្ឋកិច្ចរីកចម្រើន -កម្ពុជាទទួលបានកំណើនភ្ញៀវទេសចរណ៍ -កម្ពុជាចូលរួមដោះស្រាយបញ្ហាផ្សេងៗជាមួយប្រទេសអាស៑ាន -កម្ពុជាទទួលបាននូវសុខសន្តិភាព -មានការផ្លាស់ប្ដូរផ្នែកចំណេះដឹងសង្គមវប្បធម៌ កីឡៃបច្ចេកវិទ្យា -កម្ពុជាទទួលបានផលចំណេញច្រើនពីការធ្វើទំនាក់ទំនងនយោបាយបរទេស។ +ផលអវិជ្ជមាន -ប្រគួតប្រជែងសេដ្ឋកិច្ច -សហគ្រាសក្នុងស្រុកខ្លះពិបាក -មានជនបរទេសជាច្រើន។,10,9,4,0.9,0.5916384960342601,2,6,2,3
464,ហេតុអ្វីបានជាផ្នែកឯកជនជាកម្លាំងដ៏សំខាន់សម្រាប់វិនិយោគ និងធ្វើឲ្យមានកំណើនសេដ្ឋកិច្ចក្នុងប្រទេស?,បានជាផ្នែកឯកជនជាកម្លាំងដ៏សំខាន់សម្រាប់កំណើនសេដ្ឋកិច្ចកម្ពុជាព្រោះ -កម្ពុជាបានអនុវត្តសេដ្ឋកិច្ចទីផ្សារសេរីដោយបានធ្វើកំណែទម្រង់ពីសហគ្រាសរដ្ឋឲ្យក្លាយទៅជាកម្មសិទ្ធិឯកជន -សេដ្ឋកិច្ចទីផ្សារសេរីនាំឲ្យអ្នករកស៊ីចូលចិត្តមករកស៊ីនិងដាក់វិនិយោគទុន -កាលណាភ្នែកឯកជនរឹងមាំអាចជួយបំពេញបន្ថែមលើវិនិយោគសាធារណៈក្នុងវិស័យសេដ្ឋកិច្ចគឺផ្នែកឯកជនអាចស្រូបយកកម្លាំងពលកម្មកើនឡើង។,បានជាផ្នែកឯកជនជាកម្លាំងដ៏សំខាន់សម្រាប់វិនិយោគនិងធ្វើឲ្យមានកំណើនសេដ្ឋកិច្ចព្រោះ៖ -ឯកជនភាគច្រើនតឹងរឹងជាងរដ្ឋធ្វើឲ្យអ្នកដែលធ្វើការឯកជនយលចិត្តដាក់ក្នុងការងារនោះ -ឯកជនភាគច្រើននាំមកនូវការវិនិយោគពីប្រទេសក្រៅ -កាrចូលមកដល់នូវសេដ្ឋកិច្ចសេរី ទើបមានការវិនិយោគពីផ្នែកឯកជនសម្រាប់កសាងសេដ្ឋកិច្ចជាតិ -ឯកជនធ្វើការច្បាស់លាស់។,15,5,1,0.3333333333333333,0.43370214999982054,2,7,1,2
465,តើគេចែកយុគសម័យបុរេប្រវត្តិសាស្ត្រកម្ពុជាជាប៉ុន្មានយុគសម័យ?អ្វីខ្លះ?,គេចែកយុគសម័យបុរេប្រវត្តិសាស្ត្រកម្ពុជាជាបីយុគសម័យគឺ -យុគថ្មបំបែក (600000 - 12000 ឆ្នាំមុនគ.ស) -យុគថ្មរលីងឬសំលៀង (8000 - 2000 ឆ្នាំមុនគ.ស) -យុគលោហៈ(2000-100 ឆ្នាំមុនគ.ស)។,គេចែកយុគសម័យបុរេប្រវត្តិសាស្ត្រកម្ពុជាជាបីយុគសម័យគឺ -យុគថ្មបំបែក (600000 - 12000 ) -យុគថ្មរលីងឬសំលៀង (8000 - 2000 ) -យុគលោហៈ(2000-1000)។,5,5,4,1.0,0.8816007160133483,4,4,0,1
466,តើផ្សិតមានរូបរាងខុសៗគ្នាអាស្រ័យនឹងអ្វី? ស្រូបសារធាតុចិញ្ចឹមតាមរយៈអ្វី?,ផ្សិតមានរូបរាងខុសៗគ្នាអាស្រ័យនឹងការតម្រៀបអុីបរបស់វា។ផ្សិតស្រូបសារធាតុចិញ្ចឹមតាមរយ:អុីបដែលដុះចូលទៅក្នុងប្រភពអាហារ។,ផ្សិតមានរូបរាងខុសៗគ្នាអាស្រ័យនឹងការតម្រៀបអុីបរបស់វា។ផ្សិតស្រូបសារធាតុចិញ្ចឹមតាមរយ:អុីបដែលដុះចូលទៅក្នុងប្រភពអាហារ។,10,5,2,0.5,0.9999999999999999,4,10,2,5
467,ហេតុអ្វីបានជាប្រទេសកម្ពុជាពឹងផ្អែកទៅលើវិស័យកសិកម្ម?,បានជាផ្នែកឯកជនជាកម្លាំងដ៏សំខាន់សម្រាប់កំណើនសេដ្ឋកិច្ចកម្ពុជាព្រោះ -កម្ពុជាបានអនុវត្តសេដ្ឋកិច្ចទីផ្សារសេរីដោយបានធ្វើកំណែទម្រង់ពីសហគ្រាសរដ្ឋឲ្យក្លាយទៅជាកម្មសិទ្ធិឯកជន -សេដ្ឋកិច្ចទីផ្សារសេរីនាំឲ្យអ្នករកស៊ីចូលចិត្តមករកស៊ីនិងដាក់វិនិយោគទុន -កាលណាភ្នែកឯកជនរឹងមាំអាចជួយបំពេញបន្ថែមលើវិនិយោគសាធារណៈក្នុងវិស័យសេដ្ឋកិច្ចគឺផ្នែកឯកជនអាចស្រូបយកកម្លាំងពលកម្មកើនឡើង។,បានជាផ្នែកឯកជនជាកម្លាំងដ៏សំខាន់សម្រាប់វិនិយោគពីព្រោះដើម្បីលើកកម្ពស់ជីវភាពនិងសុខមាលភាពរបស់ប្រជាជនងាយស្រួលប្រើប្រាស់ការរស់នៅបានល្អប្រសើរជាងមុនជាផុតពីជំងឺផ្សេងៗជាជំងឺរកអាសន្នរូបរលាកថ្លើមគ្រុនពោះវៀនជំងឺសើរស្បែកជំងឺមហារីកជាដើម។,15,2,1,0.13333333333333333,0.23705916150946968,1,4,0,2
468,ចូរនិយាយពីកំណកាម៉ែតញី។,ការស្ថិតនៅក្រោមសារពាង្គកាយនៃពងស្វាសមានសារៈសំខាន់ដូចជាដើម្បីរក្សាសីតុណ្ហភាពឲ្យ ទាបជាងសីតុណ្ហភាពក្នុងខ្លួន ប្រហែលពី(2-3)សីតុណ្ហភាពក្នុងខ្លួន37 ។,កំណកាម៉ែតញីដំបូងកោសិកាពូជមួយរួមចំណែកពីរដងបន្តបន្ទាប់គ្នា បានកោសិកាអូវ៉ូកូរី4 ។ អូវ៉ូកូរីនីមួយៗរីកមាឌអាចជាអូវ៉ូស៊ីត1 ។អូវ៉ូស៊ីតមួយរងចំណែកមួយនៃមេយោធាហើយត្រូវបាន ឈប់គាំងនៅវគ្គប្រផ្ដាស1 ។,10,4,2,0.4,0.01770656090734037,0,0,2,4
469,តើអាមីបរស់នៅកន្លែងណា ?វាបង្កជំងឺអ្វី?,អាមីបរស់នៅកន្លែងដូចជាស្ទឹងបឹងអូរត្រពាំងទន្លេទឹកជ្រោះ។ វាបង្កជំងឺដូចជា ជំងឺរាគមួល ធ្វើឲ្យយើងចុកពោះដោយផឹកទឹកមិនស្អាត,អាមីបរស់នៅកន្លែងដូចជាស្ទឹងបឹងអូរត្រពាំងទន្លេទឹកជ្រោះ។ វាបង្កជំងឺដូចជា ជំងឺរាគមួល ធ្វើឲ្យយើងចុកពោះដោយផឹកទឹកមិនស្អាត,8,8,4,1.0,1.0,4,8,0,0
470,ចូររៀបរាប់ពីទំនាក់ទំនងរវាងការដាំដុះ​ អាជីវកម្មព្រៃឈើ និងការនេសាទ។,ទំនាក់ទំនងរវាងការដាំដុះ អាជីវកម្មព្រៃឈើ និងការនេសាទមានដូចជា៖ -ការដាំដុះដោយប្រើជីធម្មជាតិ -ការប្រើប្រាស់ជីគីមី -ដាំដុះនិងធ្វើតាមរដូវ -អាជីវកម្មព្រៃឈើ -ការកាប់បំផ្លាញព្រៃឈើ -ការដុតព្រៃឈើ -ការកាប់ឈើយកទៅធ្វើអាជីវកម្ម +ការនេសាទ -ការនេសាទត្រីពេលត្រីពក -ការនេសាទដោយប្រើអគ្គិសនី -ការនេសាទហួសកម្រិត -ការនេសាទគឺជាមុខរបរប្រចាំថ្ងៃាបស់ប្រជាជន -នឹងជាអាហារប្រចាំថ្ងៃរបស់ប្រជាជន -ការនេសាទធ្វើប្រជាជនមានមុខរបររកស៊ីត្រឹមត្រូវ -ការនេសាទប្រើប្រាស់ឧបករណ៍នេសាទខុសច្បាប់ -ការបំផ្លាញជំរកត្រី -ការបកហូរទឹកចេញពី,រៀបរាប់ពីទំនាក់ទំនងនៃការដាំដុះ អាជីវកម្មព្រៃឈើ និងការនេសាទ៖ -ការដាំដុះព្រៃឈើជាភោគទ្រព្យយ៉ាងសំខាន់សម្រាប់ប្រជាជនកម្ពុជាក្នុងការទ្រទ្រង់ជីវិត និងជីវភាពរស់នៅនិងការអភិវឌ្ឍន៍ផ្លូវជាតិ -ដើម្បីបំពេញតម្រូវការផលិកម្មនិងតម្រូវការផ្សេងៗទៀត ព្រៃឈើ ធ្វើអាជីវកម្ម ធ្វើផ្ទះ អាកាសធាតុប្រែប្រួល បាត់បង់ជីវិតសត្វកម្រសត្វ ព្រៃ បាត់បង់ឧស្ម័នធម្មជាតិ -ទិន្នផលនៃប្រព័ន្ធផលិតកសិកម្មនាំឲ្យមានកំណើននៃការប្រើប្រាស់គីមីសម្លាប់សត្វល្អិត។​ ថ្នាំសម្លាប់សត្វល្អិត គីមីបានហូរនៅផ្ដុំទឹកបំផ្លាញ មច្ឆាជាតិ។,15,15,4,1.0,0.3650024476177611,1,5,3,10
471,តើសង្គមខ្មែរនៅសម័យអង្គរមានប៉ុន្មានវណ្ណៈ? វណ្ណៈអ្វីខ្លះ? ចូលរៀបរាប់។,សង្គមខ្មែរនៅសម័យអង្គរមានប្រាំវណ្ណៈគឺ -វណ្ណៈក្សត្រឬរាជវង្សនុវង្ស (ជាស្ដេចគ្រប់គ្រងប្រទេស -វណ្ណៈមន្ត្រី (អ្នករស់នៅក្នុងរាជវាំងបម្រើស្ដេច) -វណ្ណៈព្រាហ្ម៍ឬបុព្វជិត​(គឺជាអ្នកបួស) -វណ្ណៈអ្នកជាឬកសិករ (អ្នករស់នៅនឹងធ្វើស្រែចម្ការ) -វណ្ណៈអ្នកងារឬទាសករ(ទាសករបម្រើគេតកូនតចៅ)។,សង្គមខ្មែរនៅសម័យអង្គរមានប្រាំវណ្ណៈគឺ -ព្រះមហាក្សត្រឬរាជវង្ស -មន្ត្រី -វណ្ណៈបុព្វជិត -វណ្ណៈអ្នកជាឬកសិករ -ទាសករ(បម្រើព្រះរាជា),10,5,2,0.5,0.6748626015834601,3,7,1,2
472,តើដំណាក់កាលទាំងពីរនៃវដ្ដជីវីតរបស់រុក្ខជាតិមានអ្វីខ្លះ? ចូររៀបរាប់។,ដំណាក់កាល ទាំងពីរនៃវដ្ដជីវិតរបស់រុក្ខជាតិមាន  - ដំណាក់កាលស្ប៉រ៉ូភីត គឺជារុក្ខជាតិផលិតស្ប៉។ វាជាកោសិកាតូចៗដែលអាចលូតលាស់ជាសារពាង្គកាយថ្មី  -ស្ប៉លូតលាស់ក្នុងដំណាក់កាលផ្សេងទៀតនៃរុក្ខជាតិ ហៅថាកាម៉ែតូភីត។ ក្នុងដំណាក់កាលនៃរុក្ខជាតិផលិតកោសិកាភេទពីរបែប គឺកាម៉ែតឈ្មោល និងកាម៉ែតញី ។ កាម៉ែតញី និង កាម៉ែតឈ្មោលលាយចូលគ្នា បង្កើតបានជាសុីកូត។ បន្ទាប់មកទៀត សុីកូតលូតលាស់ទៅជាស្ប៉រ៉ូភីត។ស្ប៉រ៉ូភីតផលិតស្ប៉លូតលាស់ក្នុងកាម៉ែតូភីត កាម៉ែតូភីតផលិតកាម៉ែតញី និងកាម៉ែតឈ្មោល ហើយវដ្ដផ្ដើមសារជាថ្មី។,ដំណាក់កាល ទាំងពីរនៃវដ្ដជីវិតរបស់រុក្ខជាតិមាន  - ដំណាក់កាលស្ប៉រ៉ូភីត គឺជារុក្ខជាតិផលិតស្ប៉។ វាជាកោសិកាតូចៗដែលអាចលូតលាស់ជាសារពាង្គកាយថ្មី  -ស្ប៉លូតលាស់ក្នុងដំណាក់កាលផ្សេងទៀតនៃរុក្ខជាតិ ហៅថាកាម៉ែតូភីត។ ក្នុងដំណាក់កាលនៃរុក្ខជាតិផលិតកោសិកាភេទពីរបែប គឺកាម៉ែតឈ្មោល និងកាម៉ែតញី ។ កាម៉ែតញី និង កាម៉ែតឈ្មោលលាយចូលគ្នា បង្កើតបានជាសុីកូត។ បន្ទាប់មកទៀត សុីកូតលូតលាស់ទៅជាស្ប៉រូ៉ភីត។ស្ប៉រូ៉ភីតផលិតស្ប៉លូតលាស់ក្នុងកាម៉ែតូភីត កាម៉ែតូភីតផលិតកាម៉ែតញី និងកាម៉ែតឈ្មោល ហើយវដ្ដផ្ដើមសារជាថ្មី។,15,3,1,0.2,1.0,4,15,3,12
473,បុព្វហេតុអ្វីខ្លះដែលនាំឲ្យអាណាចក្រចេនឡាបែកបាក់ជាពីរគឺអាណាចក្រចេនឡាដីគោកនិងចេនឡាទឹកលិច?,បុព្វហេតុដែលនាំហើយអាណាចក្រចេនឡាបែកជាពីរគឺ -វិសាលភាពទឹកដីធំទូលាយ -ចម្បាំងអត់ឈប់ឈរ -សមន្ដរដ្ឋបះបោរចង់ផ្ដាច់ខ្លួន -វិបត្តិផ្ទៃក្នុង -ព្រះនាងជ័យទេវីគ្មានសមត្ថភាពគ្រប់គ្រង។,បុព្វហេតុដែលនាំហើយអាណាចក្រចេនឡាបែកជាពីរគឺ -វិសាលភាពទឹកដីធំទូលាយ -ចម្បាំងអត់ឈប់ឈរ -សមន្ដរដ្ឋបះបោរចង់ផ្ដាច់ខ្លួន -វិបត្តិផ្ទៃក្នុង -ព្រះនាងជ័យទេវីគ្មានសមត្ថភាពគ្រប់គ្រង។,7,7,4,1.0,1.0,4,7,0,0
474,តើឧស្សាហកម្មមានតួនាទីដូចម្ដេចខ្លះចំពោះសេដ្ឋកិច្ចជាតិ?,ឧស្សាហកម្មមាន​តួនាទីចំពោះសេដ្ឋកិច្ចជាតិដូចជា ៖ ​ _ ជួយបង្កើតថវិការជាតិ ​ _ ជួយបង្កើតទិន្នផលជាតិ ​​ _ ជួយឲ្យសេដ្ឋកិច្ចជាតិរីកចម្រើន  _ ប្រជាជនសំបូរធូរធារ  _អភិវឌ្ឍគ្រប់វិស័យ  _ មានទំនាក់ទំនងល្អជាមួយអ្នកជិតខាង  _ មានភាពរុងរឿងនៅក្នុងប្រទេសជាតិ។,ឧស្សាហកម្មមានតួនាទីចំពោះសេដ្ឋកិច្ចដូចជា៖ ផ្តល់កាងារឲ្យប្រជាជនធ្វើ -ផ្ដល់ចំណូលដល់សេដ្ឋកិច្ចជាតិមាន២៣.៨%ឆ្នាំ២០០៨ -ផ្ដល់ផលិតផលសម្រាប់នាំចេញ -ផ្ដល់ផលិតផលសម្រាប់ប្រើប្រាស់ -ជួយរក្សាលំនឹងជញ្ជីងពាណិជ្ជកម្ម។,15,15,4,1.0,0.21680424537289283,1,3,3,12
475,តើការស្ថិតនៅក្រៅសារពាង្គកាយនៃពងស្វាសមានសារៈសំខាន់ដូចម្តេច?,ការស្ថិតនៅក្រោមសារពាង្គកាយនៃពងស្វាសមានសារៈសំខាន់ដូចជាដើម្បីរក្សាសីតុណ្ហភាពឲ្យ ទាបជាងសីតុណ្ហភាពក្នុងខ្លួន ប្រហែលពី(2-3)សីតុណ្ហភាពក្នុងខ្លួន37 ។,ការស្ថិតនៅក្រោមសារពាង្គកាយនៃពងស្វាសមានសារៈសំខាន់ក្នុងការផលិតអរម៉ូនភេទឈ្មោលនិង បង្កើតស្ពែម៉ាតូសូអ៊ីតរក្សាសីតុណ្ហភាពឲ្យទាបជាងសីតុណ្ហភាពក្នុងខ្លួន ប្រហែលពី(2-3) ។,10,6,2,0.6,0.722435714290658,3,7,1,1
476,ហេតុអ្វីបានជាមនុស្សស្រូបយកខ្យល់ដែលមានកាបូនម៉ណូអុកស៊ីតអាចបង្កគ្រោះថ្នាក់ដល់ស្លាប់បាន?,បានជាមនុស្សស្រូបយកខ្យល់ដែលមានកាបូនម៉ូណូអុកស៊ីដអាចបង្កឲ្យមានគ្រោះថ្នាក់ដល់ស្លាប់ បានព្រោះកាបូនម៉ូណូអុកស៊ីដមានសមត្ថភាពចាប់យក ក្នុងឈាមបានខ្លាំងជាងអុកស៊ីសែន វារារាំងឈាមមិនឲ្យដឹកនាំអុកស៊ីសែនទៅចិញ្ចឹមសរីរាង្គជាពិសេសខួរក្បាលដែលបណ្តាលឲ្យ ស្លាប់និង សន្លប់ ។,បានជាមនុស្សស្រូបយកខ្យល់ដែលមានកាបូនម៉ូណូអុកស៊ីដអាចបង្កឲ្យមានគ្រោះថ្នាក់ដល់ស្លាប់ បានព្រោះកាបូនម៉ូណូអុកស៊ីដមានសមត្ថភាពចាប់យក ក្នុងឈាមបានខ្លាំងជាងអុកស៊ីសែន វារារាំងឈាមមិនឲ្យដឹកនាំអុកស៊ីសែនទៅចិញ្ចឹមសរីរាង្គជាពិសេសខួរក្បាលដែលបណ្តាលឲ្យ ស្លាប់និង សន្លប់ ។,5,2,2,0.4,1.0,4,5,2,3
477,តើកត្តាអ្វីខ្លះដែលធ្វើអោយសម័យអង្គររីកចម្រើនដល់កំពូល?​ ចូលរៀបរាប់។,កត្តាដែលធ្វើអោយសម័យអង្គររីកចម្រើនគឺ: កត្តាព្រះរាជា:ព្រះរាជាចាប់ពីព្រះបាទជ័យវរ្ម័នទី 2 រហូតដល់ព្រះបាទជ័យវរ្ម័នទី 7 សុទ្ធតែជាស្ដេចខ្លាំងពូកែ កត្តានយោបាយ: នយោបាយក្នុងប្រទេសបង្រួបបង្រួមជាតិកសាងនិងការពារទឹកដី នយោបាយក្រៅប្រទេស:ចងសម្ព័ន្ធមិត្តជាមួយប្រទេសធំៗវាយយករដ្ឋតូចដាក់ជាចំណុះ កត្តាសេដ្ឋកិច្ច:រីកចម្រើនលើវិស័យកសិកម្មសិប្បកម្មគណនាគម កត្តាសាសនា:ការឯកភាពគ្នារវាងសាសនាព្រាហ្មនិងព្រះពុទ្ធ កត្តាធនធានមនុស្សបន្សល់ទុកតាំងពីសម័យនគរភ្នំនិងចេនឡាមក។,កត្តាដែលធ្វើអោយសម័យអង្គររីកចម្រើនគឺ: .កត្តាព្រះរាជា:ព្រះរាជាចាប់ពីព្រះបាទជ័យវរ្ម័នទី 2 រហូតដល់ព្រះបាទជ័យវរ្ម័នទី 7 សុទ្ធសឹងតែជាស្ដេចខ្លាំងពូកែ .កត្តានយោបាយ: +នយោបាយក្នុងប្រទេស:បង្រួបបង្រួម​ កសាង និងការពារ។ +នយោបាយក្រៅប្រទេស:ចងសម្ព័ន្ធមិត្តជាមួយប្រទេសធំៗដូចជាចិននិងឥណ្ឌា និងវាយយករដ្ឋតូចដាក់ជាចំណុះ .កត្តាសេដ្ឋកិច្ច:ការរីកចម្រើនលើវិស័យកសិកម្ម សិប្បកម្ម គណនាគមន៍ .កត្តាសាសនា:មានការឯកភាពគ្នារវាងសាសនាព្រាហ្មនិងព្រះពុទ្ធ .កត្តាធនធានមនុស្សបន្សល់ទុកតាំងពីសម័យនគរភ្នំនិងចេនឡាមក។,10,10,4,1.0,0.9273986502678749,4,9,0,1
478,តើផ្សិតមានរូបរាងខុសៗគ្នាអាស្រ័យនឹងអ្វី? ស្រូបសារធាតុចិញ្ចឹមតាមរយៈអ្វី?,ផ្សិតមានរូបរាងខុសៗគ្នាអាស្រ័យនឹងការតម្រៀបអុីបរបស់វា។ផ្សិតស្រូបសារធាតុចិញ្ចឹមតាមរយ:អុីបដែលដុះចូលទៅក្នុងប្រភពអាហារ។,ផ្សិតមានរូបរាងខុសៗគ្នាអាស្រ័យលើការតម្រៀបរបស់អុីប។ផ្សិតខ្លះ អុីបមានរាងសរសៃឆ្មារៗបែកមែកប្រទាក់ក្រឡាគ្នា ណ្ហេលៗ(រង្វិល) ។ ផ្សិតខ្លះទៀតអុីបរបស់វាតម្រៀបគ្នាយ៉ាងណែន ។ វាស្រូបសារធាតុចិញ្ចឹមតាមរយ:អុីប។,10,6,2,0.6,0.5023994932323168,2,5,0,1
479,តើអ្វីជាសង្គ្រាមត្រជាក់? តើសង្គ្រាមត្រជាក់ផ្ដល់ផលវិបាកអ្វីខ្លះដល់កម្ពុជា?,សង្គ្រាមត្រជាក់ជាការប្រឈមមុខដាក់គ្នាដោយប្រយោលរវាងសហរដ្ឋអាមេរិចនិងសហភាពសូវៀត ដោយធ្វើការប្រណាំងប្រជែងគ្នាលើផ្នែក  សេដ្ឋកិច សព្វាវុធ យោធា និងបច្ចេកទេស។ សង្រ្គាមត្រជាក់បានផ្ដល់ផលវិបាកកម្ពុជាដូចជា៖ -គ្រាប់បែករបស់សហរដ្ឋអាមេរិក 1669 ដល់ 1973  -សង្គ្រាមស៊ីវិលក្នុងប្រទេសពីឆ្នាំ 1970 ដល់ 1975 និងកើតមានម្តងទៀតពីឆ្នាំ 1979 ដល់ឆ្នាំ 1991 ដែលកើតចេញពីការប្រឆាំងគ្នារវាងក្រុមកុម្មុយនិស្តនិងសេរីនិយម -ការសម្លាប់ប្រជាជនឯងក្រោមរបស់ប្រល័យពូជសាសន៍ឆ្នាំ 1975 និងឆ្នាំ 1979  -ការផ្លាស់ប្ដូរនយោបាយជាញឹកញាប់រហូតមានការមានកិច្ចព្រមព្រៀងសន្តិភាពក្រុងប៉ារីសថ្ងៃទី 23 តុលាឆ្នាំ 1991។,ដែលហៅថាសង្គ្រាមត្រជាក់ គឺជាសង្គ្រាមដែលកើតឡើងរវាងប្រទេសមហាអំណាច និងប្រទេសដទៃទៀត។ សង្រ្គាមត្រជាក់បានផ្ដល់ផលវិបាកកម្ពុជាដូចជា៖ -ប៉ះពាល់ដល់វិស័យពាណិជ្ជកម្មក្នុងប្រទេសកម្ពុជា -ធ្វើឱ្យនយោបាយអព្យាក្រឹតដើរមិនចំទិស -ធ្វើឱ្យកម្ពុជាមានចលាចលបាត់បង់ការគ្រប់គ្រង់ក្នុងប្រទេស -បក្សពួកនិយមធ្វើការប្រឆាំងនឹងព្រះមហាក្សត្រ -អាចបិទផ្លូវគមនាគមន៌ -ប៉ះពាល់ដល់ប្រព័ន្ធអប់រំ -កម្ពុជាធ្លាក់ក្នុងភ្នក់ភ្លើងសង្គ្រាម -កង្វះខាតស្បៀងអាហារ -តម្លៃទំនិញឡើងថ្លៃ។,10,5,2,0.5,0.26383430782820494,1,3,1,2
480,តើឧស្សាហកម្មមានតួនាទីចំពោះសេដ្ឋកិច្ចជាតិយ៉ាងដូចម្ដេច?,ឧស្សាហកម្មមានតួនាទីសម្រាប់សេដ្ឋកិច្ចជាតិដូចជា -ជួយបង្កើតប្រាក់ចំណូលចូលជាតិ -បង្កើតការងារដល់ប្រជាជន -បង្កើតប្រាក់ចំណូលចូលក្នុងគ្រួសារ -ប្រជាជនមានជីវភាពធូរធារ -ជួយរក្សាជញ្ជីងពាណិជ្ជកម្ម -ជួយបង្កើតទិន្នផលសម្រាប់ការនាំចេញនាំចូល -បង្កើននូវសង្ឃភារៈសម្រាប់ប្រើប្រាស់។,ឧស្សាហកម្មមានតួនាទីចំពោះសេដ្ឋកិច្ចដូចជា៖ -បង្កើតរោងចក្រសម្រាប់ការវិនិយោគទន់ -ប្រជាជនមានការងារធ្វើ -មានរោងចក្រក្នុងប្រទេសច្រើន -សេដ្ឋកិច្ចកាន់តែមានភាពរីកចម្រើនទៅមុខ -នៅឆ្នាំ ២០០៨ ឧស្សាហកម្មរកចំណូលបាន​២៣.៨% -បង្កើតបានអ្វីដែលថ្មីសម្រាប់ប្រទេស -ជឿនលឿននៅលើគ្រប់វិស័យ -ប្រជាជនលែងខ្វះការងារធ្វើ -ជួយដល់សេដ្ឋកិច្ចជាតិ -មានជនបរទេសមកវិនិយោគនៅប្រទេសកម្ពុជាច្រើន -មានភាពសុចរិត -ជនបរទេសណែនាំទៅប្រទេសក្រៅធ្វើឲ្យមានការវិនិយោគទន់កាន់តែច្រើនឡើងនៅក្នុងប្រទេស។,15,15,4,1.0,0.30440515538329416,1,5,3,10
481,តើសេដ្ឋកិច្ចកម្ពុជាពឹងផ្អែកលើវិស័យអ្វីជាសំខាន់?     ក/ ហេតុអ្វីបានជាគេនិយាយថាកម្ពុជាជាប្រទេសកសិកម្ម?     ខ/ តើគេចែកកសិករជាប៉ុន្មានប្រភេទ?អ្វីខ្លះ?,សេដ្ឋកិច្ចកម្ពុជាពឹងផ្អែកលើវិស័យកសិកម្មជាសំខាន់។   ក/ បានជាគេនិយាយថាកម្ពុជាជាប្រទេសឧស្សាហកម្មព្រោះ៖  _  សណ្ឋានដី : ដីមានជីវជាតិល្អនិងសម្បូរទំនាបល្បាប់   _ ផ្លូវទឹក : ផ្លូវទឹកខ្វាត់ខ្វែងងាយស្រួលដល់ការដាំដុះ  _ ប្រជាជន : ប្រជាជនខ្មែរភាគច្រើនចូលចិត្តធ្វើកសិកម្ម  _ អាកាសធាតុ : ទទួលអាកាសធាតុក្តៅសើម  _ កសិកម្មផ្តល់ផល50%នៃផលិតផលជាតិសរុប។  ខ/ គេចែកកសិករទាំងនោះជា4ប្រភេទគឺ៖  _ កសិករធ្វើស្រែឬអ្នកស្រែ : និយមធ្វើស្រែ ស្រូវប្រាំង ស្រូវវស្សា ស្រូវឡើងទឹក  _ កសិករតំបន់ដីខ្ពស់ : គេដាំដំណាំជាអចិន្ត្រៃយ៍(ពោត ដំឡូង ចេក កៅស៊ូសណ្តែក)  _ កសិករធ្វើចម្ការដំណាំស្រូវ : គេដាំដំណាំតាមមាត់ទន្លេ ចិញ្ចឹមសត្វនិងនេសាទ  _ កសិករភូមិភាគឦសាន: គេធ្វើដំណាំព្រៃដុតមានដូចជាពោត ដំឡូង ស្រូវរុក្ខជាតិយកមើមដទៃទៀត និងបរបាញ់សត្វផងដែរ។,សេដ្ឋកិច្ចជាតិផ្អែកលើវិស័យកសិកម្មជាសំខាន់ព្រោះវិស័យនេះសំខាន់ដល់ជាតិដូចជា៖-ប្រទេសកម្ពុជាមានអាកាសធាតុ-អំណោយផលដល់វិស័យកសិកម្ម-ប្រទេសកម្ពុជាមានប្រព័ន្ធផ្លូវទឹកឲ្យគ្រប់គ្រង -ប្រទេសកម្ពុជាមានដីទំនេរច្រើនសម្រាប់ធ្វើ -កសិកម្មប្រជាជនភាគច្រើន ជាកសិករ -ប្រទេសកម្ពុជាមានដីសម្បូរជីវជាតិ -មានប្រព័ន្ធធារាសាស្ត្រ -ច្រើនមានអាកាសធាតុអំណោយផលសម្រាប់ការដាំដុះលូតលាស់នារដូវច្បាស់លាស់មានទឹកភ្លៀងគ្រប់គ្រាន់  -ប្រជាជនចូលចិត្តការងារដាំដុះ។,20,13,3,0.65,0.34419596199882735,1,7,2,6
482,ហេតុអ្វីបានជាផ្នែកឯកជនជាកម្លាំងដ៏សំខាន់សម្រាប់វិនិយោគ និងធ្វើឲ្យមានកំណើនសេដ្ឋកិច្ចក្នុងប្រទេស?,បានជាផ្នែកឯកជនជាកម្លាំងដ៏សំខាន់សម្រាប់កំណើនសេដ្ឋកិច្ចកម្ពុជាព្រោះ -កម្ពុជាបានអនុវត្តសេដ្ឋកិច្ចទីផ្សារសេរីដោយបានធ្វើកំណែទម្រង់ពីសហគ្រាសរដ្ឋឲ្យក្លាយទៅជាកម្មសិទ្ធិឯកជន -សេដ្ឋកិច្ចទីផ្សារសេរីនាំឲ្យអ្នករកស៊ីចូលចិត្តមករកស៊ីនិងដាក់វិនិយោគទុន -កាលណាភ្នែកឯកជនរឹងមាំអាចជួយបំពេញបន្ថែមលើវិនិយោគសាធារណៈក្នុងវិស័យសេដ្ឋកិច្ចគឺផ្នែកឯកជនអាចស្រូបយកកម្លាំងពលកម្មកើនឡើង។,បានជាផ្នែកឯកជនជាកម្លាំងដ៏សំខាន់សម្រាប់វិនិយោគនិងធ្វើឲ្យមានកំណើនសេដ្ឋកិច្ចក្នុងប្រទេសព្រោះកម្ពុជា ជាប្រទេសអនុវត្តន៍សេដ្ឋកិច្ចទីផ្សារសេរីដោយបានធ្វើកំណែទម្រង់សហគ្រាសឲ្យក្លាយទៅជាកម្មសិទ្ធិឯកជន។ សេដ្ឋកិច្ច ទីផ្សារសេរីបាននាំឲ្យអ្នករកស៊ីបរទេសចូលចិត្តមកពីនិយមហើយកាលណាផ្នែកឯកជនរឹងមាំបំពេញបន្ថែមវិនិយោគ សាធារណៈក្នុងវិស័យសង្គមកិច្ចមានន័យថាវិស័យឯកជនអាចស្រូបយកកម្លាំងការងារកាន់តែច្រើនឡើង។,15,15,4,1.0,0.7346548139351969,3,11,1,4
483,តើប្រព័ន្ធផលិតកម្មកសិកម្មនៅក្នុងប្រទេសកម្ពុជាមានអ្វីខ្លះ?ចូររៀបរាប់​ ។,ប្រព័ន្ធផលិតកម្មកសិកម្មនៅប្រទេសកម្ពុជាមាន៖    _ ដំណាំ : ដំណាំស្រូវ ដំណាំកៅស៊ូ ដំណាំផ្សេងៗទៀត    _ ការចិញ្ចឹមសត្វ : ការចិញ្ចឹមសត្វលើគោក ការចិញ្ចឹមសត្វក្នុងទឹក    _ ការនេសាទ : ការនេសាទទឹកសាប ការនេសាទទឹកប្រៃ  _ ព្រៃឈើ : ផលិតផលឈើ អនុផលព្រៃឈើ(រកឃ្មុំ ជ័រទឹក វល្លិ៍ ផ្តៅ) សត្វព្រៃ ។,ប្រព័ន្ធផលិតកម្មនៅប្រទេសកម្ពុជារួមមាន៖  • ដំណាំ  • ដំណាំស្រូវ  • ដំណាំកៅស៊ូ  • ដំណាំផ្សេងៗទៀត  • ការចិញ្ចឹមសត្វ  • ការចិញ្ចឹមសត្វបែបគ្រួសារ  • ការចិញ្ចឹមសត្វក្នុងទឹក  • ការនេសាទ  • ការនេសាទក្នុងទឹកសាប  • ការនេសាទទឹកប្រៃ  • វារីវប្បកម្ម  • ផលិតផលឈើ  • របរផលិតផលឈើ (រទេះរុញ ជ័រទឹក ជ័រ...)  • សត្វព្រៃ ។,10,10,4,1.0,0.49816438270178526,2,5,2,5
484,តើឧស្សាហកម្មមានតួនាទីចំពោះសេដ្ឋកិច្ចជាតិយ៉ាងដូចម្ដេច?,ឧស្សាហកម្មមានតួនាទីសម្រាប់សេដ្ឋកិច្ចជាតិដូចជា -ជួយបង្កើតប្រាក់ចំណូលចូលជាតិ -បង្កើតការងារដល់ប្រជាជន -បង្កើតប្រាក់ចំណូលចូលក្នុងគ្រួសារ -ប្រជាជនមានជីវភាពធូរធារ -ជួយរក្សាជញ្ជីងពាណិជ្ជកម្ម -ជួយបង្កើតទិន្នផលសម្រាប់ការនាំចេញនាំចូល -បង្កើននូវសង្ឃភារៈសម្រាប់ប្រើប្រាស់។,ឧស្សាហកម្មមានតួនាទីចំពោះសេដ្ឋកិច្ចជាតិដូចជា៖ -ជួយបង្កើនប្រាក់ចំណូលចូលជាំតិ២៣.៨%ឆ្នាំ២០០៨ -បង្កើតការងារជួយដល់ប្រជាជន -ផ្ដល់ប្រាក់ចំណូលក្នុងគ្រួសារ -ប្រជាជនមានជីវភាពធូរធារ -ផ្ដល់ផលិតផលសម្រាប់នាំចេញ -ផ្ដល់ផលិតផលសម្រាប់ប្រើប្រាស់។,15,15,4,1.0,0.611186196621409,2,9,2,6
485,តើសង្គមខ្មែរនៅសម័យអង្គរមានប៉ុន្មានវណ្ណៈ? វណ្ណៈអ្វីខ្លះ? ចូលរៀបរាប់។,សង្គមខ្មែរនៅសម័យអង្គរមានប្រាំវណ្ណៈគឺ -វណ្ណៈក្សត្រឬរាជវង្សនុវង្ស (ជាស្ដេចគ្រប់គ្រងប្រទេស -វណ្ណៈមន្ត្រី (អ្នករស់នៅក្នុងរាជវាំងបម្រើស្ដេច) -វណ្ណៈព្រាហ្ម៍ឬបុព្វជិត​(គឺជាអ្នកបួស) -វណ្ណៈអ្នកជាឬកសិករ (អ្នករស់នៅនឹងធ្វើស្រែចម្ការ) -វណ្ណៈអ្នកងារឬទាសករ(ទាសករបម្រើគេតកូនតចៅ)។,សង្គមខ្មែរនៅសម័យអង្គរមានប្រាំវណ្ណៈគឺ -វណ្ណៈក្សត្រ -វណ្ណៈមន្ត្រី -វណ្ណៈបុព្វជិត -វណ្ណៈអ្នកជា -វណ្ណៈទាសករ។,10,5,2,0.5,0.7164528162944629,3,7,1,2
486,តើការស្ថិតនៅក្រៅសារពាង្គកាយនៃពងស្វាសមានសារៈសំខាន់ដូចម្តេច?,ការស្ថិតនៅក្រោមសារពាង្គកាយនៃពងស្វាសមានសារៈសំខាន់ដូចជាដើម្បីរក្សាសីតុណ្ហភាពឲ្យ ទាបជាងសីតុណ្ហភាពក្នុងខ្លួន ប្រហែលពី(2-3)សីតុណ្ហភាពក្នុងខ្លួន37 ។,ការស្ថិតនៅក្រោមសារពាង្គកាយនៃពងស្វាសមានសារៈសំខាន់ក្នុងការផលិតអរម៉ូនភេទឈ្មោលនិង បង្កើតស្ពែម៉ាតូសូអ៊ីត ។រក្សាសីតុណ្ហភាពឲ្យទាបជាងសីតុណ្ហភាពក្នុងខ្លួន ប្រហែលពី(2-3)សីតុណ្ហភាព ក្នុងខ្លួន37 ។,10,10,4,1.0,0.804062449715198,3,8,1,2
487,តើសង្គមខ្មែរនៅសម័យអង្គរមានប៉ុន្មានវណ្ណៈ? វណ្ណៈអ្វីខ្លះ? ចូលរៀបរាប់។,សង្គមខ្មែរនៅសម័យអង្គរមានប្រាំវណ្ណៈគឺ -វណ្ណៈក្សត្រឬរាជវង្សនុវង្ស (ជាស្ដេចគ្រប់គ្រងប្រទេស -វណ្ណៈមន្ត្រី (អ្នករស់នៅក្នុងរាជវាំងបម្រើស្ដេច) -វណ្ណៈព្រាហ្ម៍ឬបុព្វជិត​(គឺជាអ្នកបួស) -វណ្ណៈអ្នកជាឬកសិករ (អ្នករស់នៅនឹងធ្វើស្រែចម្ការ) -វណ្ណៈអ្នកងារឬទាសករ(ទាសករបម្រើគេតកូនតចៅ)។,សង្គមខ្មែរនៅសម័យអង្គរមានប្រាំវណ្ណៈគឺ -វណ្ណៈក្សត្រ -វណ្ណៈមន្ត្រី -វណ្ណៈបុព្វជិត -វណ្ណៈអ្នកជា -វណ្ណៈទាសករ។,10,5,2,0.5,0.7164528162944629,3,7,1,2
488,តើឧស្សាហកម្មមានតួនាទីចំពោះសេដ្ឋកិច្ចជាតិយ៉ាងដូចម្ដេច?,ឧស្សាហកម្មមានតួនាទីសម្រាប់សេដ្ឋកិច្ចជាតិដូចជា -ជួយបង្កើតប្រាក់ចំណូលចូលជាតិ -បង្កើតការងារដល់ប្រជាជន -បង្កើតប្រាក់ចំណូលចូលក្នុងគ្រួសារ -ប្រជាជនមានជីវភាពធូរធារ -ជួយរក្សាជញ្ជីងពាណិជ្ជកម្ម -ជួយបង្កើតទិន្នផលសម្រាប់ការនាំចេញនាំចូល -បង្កើននូវសង្ឃភារៈសម្រាប់ប្រើប្រាស់។,ឧស្សាហកម្មមានតួនាទីចំពោះសេដ្ឋកិច្ចជាតិដូចជា៖ -ឧស្សាហកម្មធ្វើឲ្យសេដ្ឋកិច្ចជាតិចម្រើន -ឧស្សាហកម្មមានច្រើនអាចជួយធ្វើឲ្យមមានប្រាក់ចំណូលជួយជាតិ -អាចឲ្យសេដ្ឋកិច្ចជាតិដើរទៅមុខ -ឧស្សាហកម្មអាចនាំចេញទៅបរទេសឬចូល -ឲ្យគេស្គាល់ណីឧស្សាហកម្ម -រីកចម្រើនបានលឿន -និងបង្កើតធនធានមនុស្ស។,15,15,4,1.0,0.3150886524107288,1,5,3,10
489,តើអាមីបរស់នៅកន្លែងណា ?វាបង្កជំងឺអ្វី?,អាមីបរស់នៅកន្លែងដូចជាស្ទឹងបឹងអូរត្រពាំងទន្លេទឹកជ្រោះ។ វាបង្កជំងឺដូចជា ជំងឺរាគមួល ធ្វើឲ្យយើងចុកពោះដោយផឹកទឹកមិនស្អាត,អាមីបរស់នៅកន្លែងមិនស្អាតដូចជា ដីភក់ ទឹកកង្វក់ វាអាចរស់នៅក្នុងពោះវៀនមនុស្ស។ ហើយវាអាចបង្កជំងឺរាគរូស។,8,7,4,0.875,0.2989088780451282,1,2,3,5
490,តើការស្ថិតនៅក្រៅសារពាង្គកាយនៃពងស្វាសមានសារៈសំខាន់ដូចម្តេច?,ការស្ថិតនៅក្រោមសារពាង្គកាយនៃពងស្វាសមានសារៈសំខាន់ដូចជាដើម្បីរក្សាសីតុណ្ហភាពឲ្យ ទាបជាងសីតុណ្ហភាពក្នុងខ្លួន ប្រហែលពី(2-3)សីតុណ្ហភាពក្នុងខ្លួន37 ។,ការស្ថិតនៅក្រោមសារពាង្គកាយនៃពងស្វាសមានសារៈសំខាន់ដូចជាដើម្បីរក្សាសីតុណ្ហភាពឲ្យ ទាបជាងសីតុណ្ហភាពក្នុងខ្លួន ប្រហែលពី(2-3)ដែលជាលក្ខខណ្ឌចាំបាច់សម្រាប់ការផលិត មេជីវិតឈ្មោល ។,10,8,3,0.8,0.8279537350243371,3,8,0,0
491,តើសម័យឧដុង្គចាប់ពីឆ្នាំណាដល់ឆ្នាំណា?ហេតុអ្វីបានជាប្រទេសកម្ពុជាធ្លាក់ចុះខ្សោយកាន់តែខ្លាំងនៅសម័យឧដុង្គ។ចូរពន្យល់,សម័យឧដុង្គចាប់ពីឆ្នាំ បានជាប្រទេសកម្ពុជាធ្លាក់ចុះខ្សោយកាន់តែខ្លាំងនៅសម័យឧដុង្គព្រោះ សង្គ្រាមផ្ទៃក្នុងញឹកញាប់និងការជាវជ្រៀតជ្រែកពីសៀមនិងយួន ការប្រកួតប្រជែងដណ្ដើមរាជ្យបានឡើងក្នុងចំណោមព្រះរាជវង្សានុវង្ស បែកបាក់សាមគ្គីផ្ទៃក្នុងគ្មានការសាមគ្គីរួបរួមនៅក្នុងប្រទេសជិតខាង កម្ពុជាត្រូវបែកជាពីរផ្នែកដោយសារសៀមត្រួតត្រាផ្នែកខាងលិចបាត់ដំបងសៀមរាបត្រួតត្រាខាងត្បូង បាត់បង់ទឹកដីដោយសារខេត្តជាច្រើននៅភាគខាងលិចបាត់ដំបងសៀមរាបមង្គលបុរី ត្រូវបានធ្លាក់ក្នុងកណ្ដាប់ដៃសៀមនៅឆ្នាំនិងមុនបាត់បង់ដីភាគខាងកើតនៅវៀតណាម សេដ្ឋកិច្ចពឹងផ្អែកលើវិស័យកសិកម្មបុរាណដែល សួយសារអាករឲ្យគេ ចំណែកវប្បធម៌វិញវត្តអារាមត្រូវបានបំផ្លិចបំផ្លាញ ប្រទេសជាតិខ្សោយគ្មានកម្លាំងទប់ទល់នឹងការវាយលុកពីខាងក្រៅមន្ត្រីក្បត់ជាតិច្រើន ដោយសារ រាជវង្សផ្ទៃក្នុងការដណ្ដើមអំណាចគ្នា។,សម័យឧដុង្គចាប់ពីឆ្នាំ បានជាប្រទេសកម្ពុជាធ្លាក់ចុះខ្សោយកាន់តែខ្លាំងនៅសម័យឧដុង្គព្រោះ សង្គ្រាមផ្ទៃក្នុងញឹកញាប់និងការជាវជ្រៀតជ្រែកពីសៀមនិងយួន ការប្រកួតប្រជែងដណ្ដើមរាជ្យបានឡើងក្នុងចំណោមព្រះរាជវង្សានុវង្ស បែកបាក់សាមគ្គីផ្ទៃក្នុងគ្មានការសាមគ្គីរួបរួមនៅក្នុងប្រទេសជិតខាង កម្ពុជាត្រូវបែកជាពីរផ្នែកដោយសារសៀមត្រួតត្រាផ្នែកខាងលិចបាត់ដំបងសៀមរាបត្រួតត្រាខាងត្បូង បាត់បង់ទឹកដីដោយសារខេត្តជាច្រើននៅភាគខាងលិចបាត់ដំបងសៀមរាបមង្គលបុរី ត្រូវបានធ្លាក់ក្នុងកណ្ដាប់ដៃសៀមនៅឆ្នាំនិងមុនបាត់បង់ដីភាគខាងកើតនៅវៀតណាម សេដ្ឋកិច្ចពឹងផ្អែកលើវិស័យកសិកម្មបុរាណដែល សួយសារអាករឲ្យគេ ចំណែកវប្បធម៌វិញវត្តអារាមត្រូវបានបំផ្លិចបំផ្លាញ ប្រទេសជាតិខ្សោយគ្មានកម្លាំងទប់ទល់នឹងការវាយលុកពីខាងក្រៅមន្ត្រីក្បត់ជាតិច្រើន ដោយសារ រាជវង្សផ្ទៃក្នុងការដណ្ដើមអំណាចគ្នា។,15,15,4,1.0,0.9999999999999997,4,15,0,0
492,ហេតុអ្វីបានជាមនុស្សស្រូបយកខ្យល់ដែលមានកាបូនម៉ណូអុកស៊ីតអាចបង្កគ្រោះថ្នាក់ដល់ស្លាប់បាន?,បានជាមនុស្សស្រូបយកខ្យល់ដែលមានកាបូនម៉ូណូអុកស៊ីដអាចបង្កឲ្យមានគ្រោះថ្នាក់ដល់ស្លាប់ បានព្រោះកាបូនម៉ូណូអុកស៊ីដមានសមត្ថភាពចាប់យក ក្នុងឈាមបានខ្លាំងជាងអុកស៊ីសែន វារារាំងឈាមមិនឲ្យដឹកនាំអុកស៊ីសែនទៅចិញ្ចឹមសរីរាង្គជាពិសេសខួរក្បាលដែលបណ្តាលឲ្យ ស្លាប់និង សន្លប់ ។,បានជាមនុស្សស្រូបយកខ្យល់ដែលមានកាបូនម៉ូណូអុកស៊ីដអាចបង្កឲ្យមានគ្រោះថ្នាក់ដល់ស្លាប់បាន ព្រោះកាបូនម៉ូណូអុកស៊ីដមានសមត្ថភាពចាប់យក ក្នុងឈាមបានខ្លាំងជាងអុកស៊ីសែនវារារាំង ឈាមមិនឲ្យដឹកនាំអុកស៊ីសែនទៅចិញ្ចឹមសរីរាង្គជាពិសេសខួរក្បាលដែលបណ្តាលឲ្យស្លាប់និង សន្លប់ ។,5,4,3,0.8,0.9699465991011228,4,5,1,1
493,តើកម្ពុជាមានបេតិកភណ្ឌអ្វីខ្លះ ដែលបានចុះបញ្ជីបេតិកភណ្ឌរូបី និង អរូបីពិភពលោករបស់អង្គការយូណេស្កូ? ចូររៀបរាប់ឱ្យបានប្រាំ។,កម្ពុជាមានបេតិកភណ្ឌដែលបានចុះបញ្ជីបេតិកភណ្ឌរូបី និង អរូបីពិភពលោករបស់អង្គការយូណេស្កូដូចជា     +ល្ខោនខោល     +រមណីយដ្ឋានអង្គរ     +ចាប៉ីដងវែង     +ប្រាសាទព្រះវិហហារ     +ល្ខោនស្រមោលស្បែកធំ     +របាំព្រះរាជទ្រព្យ     +ក្រមាខ្មែរ     +គុនល្បុកតោ     +រមណីយដ្ឋានសម្បូរព្រៃគុក,កម្ពុជាមានបេតិកភណ្ឌដែលបានចុះបញ្ជីបេតិ កភណ្ឌរូបិយនិងអរូបិយពិភពលោករបស់ អង្គការយូណេស្កូមានដូចជា÷ -ប្រាសាទអង្គរវត្ត  -ប្រាសាទព្រះវិហារ  -ល្ខោនខោល -ប្រាសាទកោះកេរ្ត៌ិ -របាំអប្សរា។,5,4,3,0.8,0.525276822318521,2,3,1,1
494,ដូចម្តេចដែលហៅថាមេយ៉ូស? ចូរនិយាយពីវគ្គផ្សេងៗនៃមេយ៉ូស។,មេយ៉ូសជាសំណុំនៃចំណែកកោសិកាពីរដងបន្តបន្ទាប់គ្នាដែលបង្កើតបានជាកោសិកាអាលូអុីតបួន ហៅថាមេយ៉ូស ។ _តេឡូផាស1 ស៊ីតូប្លាសចែកខ្លួនបានជាកោសិកាកូនពីរ ។កោសិកាកូននីមួយៗទទួលបានក្រូម៉ូសូម តែមួយពីរគូអូម៉ូឡូក ។ _ប្រផាស1 មានរយៈពេលវែង ។ _អាណាផាស1 ក្រូម៉ូសូមដំរៀបលើផ្លាស់ភ្ជាប់នឹងក្រយ៉ូងក្រូម៉ាទិចដោយសង់ក្រូងទ័ររបស់វា ។ _តេឡូផាស2 ក្រូម៉ូមនីមួយៗបានមកដល់ប៉ូលភ្នាស _មេតាផាស2 ក្រូម៉ូសូមប្រេះតាមបណ្ដោយភ្ជាប់ខ្លួនទៅនិងក្រយ៉ងក្រូម៉ាទិចដោយសង់ _ប្រូដាស2 ត្តយ៉ងអាក្រូម៉ាទិតកើតមានក្នុងកោសិកាគូនីមួយៗ _អាណាផាស2 សង់ក្រូម៉ែធ្វើចំណែកដែលនាំអោយក្រូម៉ាទិចបងប្អូនដាច់ចេញពីគ្នា ។បន្ទាប់មក ក្រូម៉ូសូមកូនទាំង2ធ្វើដំណើរឆ្ពោះទៅប៉ូលផ្ទុយគ្នារបស់ត្រយ៉ូងអាក្រូម៉ាទិច ។,មេយ៉ូសជាសំណុំនៃចំណែកកោសិកាពីរដងបន្តបន្ទាប់គ្នាដែលបង្កើតបានជាកោសិកាអាលូអុីតបួន ហៅថាមេយ៉ូស ។មានបួនវគ្គគឺ ប្រូផាស អាណាផាស មេតាផាស និង តេឡូផាស ។,10,5,2,0.5,0.3872975717277597,2,4,0,1
495,តើគេចែកប្រូទីសជាប៉ុន្មានក្រុម?អ្វីខ្លះ?,ប្រូទីសសត្វចែកជា 4 ក្រុមតាមរបៀបរស់នៅនឹងផ្លាស់ទីរបស់វា  +ប្រូតូសូអ៊ែផ្លាស់ទីដោយជើងបញ្ឆោត: អាមីប +ប្រូតូសូអ៊ែផ្លាស់ទីដោយផ្លាសែល : សាឌីយ៉ា +ប្រូតូសូអ៊ែបន្តពូជតាមរយ:ស្ប៉ :ស្ប៉រ៉ូសូអ៊ែ។,គេចែកប្រូទីសសត្វជា3 ក្រុម -ប្រូទីសសត្វ  -ប្រូទីសរុក្ខជាតិ - និងប្រូទីសផ្សិត។,8,6,3,0.75,0.22240262839816222,1,2,2,4
496,បុព្វហេតុអ្វីខ្លះដែលនាំឲ្យអាណាចក្រចេនឡាបែកបាក់ជាពីរគឺអាណាចក្រចេនឡាដីគោកនិងចេនឡាទឹកលិច?,បុព្វហេតុដែលនាំហើយអាណាចក្រចេនឡាបែកជាពីរគឺ -វិសាលភាពទឹកដីធំទូលាយ -ចម្បាំងអត់ឈប់ឈរ -សមន្ដរដ្ឋបះបោរចង់ផ្ដាច់ខ្លួន -វិបត្តិផ្ទៃក្នុង -ព្រះនាងជ័យទេវីគ្មានសមត្ថភាពគ្រប់គ្រង។,បុព្វហេតុដែលនាំហើយអាណាចក្រចេនឡាបែកជាពីរគឺ -វិសាលភាពទឹកដីធំទូលាយ -ចម្បាំងអត់ឈប់ឈរ -សមន្ដរដ្ឋបះបោរចង់ផ្ដាច់ខ្លួន -វិបត្តិផ្ទៃក្នុង -ព្រះនាងជ័យទេវីគ្មានសមត្ថភាពគ្រប់គ្រង។,7,7,4,1.0,1.0,4,7,0,0
497,តើគេចែកប្រូទីសជាប៉ុន្មានក្រុម?អ្វីខ្លះ?,ប្រូទីសសត្វចែកជា 4 ក្រុមតាមរបៀបរស់នៅនឹងផ្លាស់ទីរបស់វា  +ប្រូតូសូអ៊ែផ្លាស់ទីដោយជើងបញ្ឆោត: អាមីប +ប្រូតូសូអ៊ែផ្លាស់ទីដោយផ្លាសែល : សាឌីយ៉ា +ប្រូតូសូអ៊ែបន្តពូជតាមរយ:ស្ប៉ :ស្ប៉រ៉ូសូអ៊ែ។,គេចែកប្រូទីសសត្វជា 4 ក្រុមដូចជា  -អាមីប  -ភ្នាសសុីតូប្លាស -ប៉ារ៉ាមេសុី -ប្លាសែន,8,5,2,0.625,0.19427581198606214,1,2,1,3
498,តើមូលហេតុអ្វីបានជាព្រះបាទពញាយ៉ាត ជ្រើសរើសយកចតុមុខធ្វើជារាជធានី?,បានជាព្រះបាទពញាយ៉ាតជ្រើសរើសក្រុងចតុមុខជារាជធានីព្រោះ មានទីតាំងភូមិសាស្ត្រល្អ គេចពីសត្រូវឈ្លានពានសៀម ដីមានជីវជាតិងាយស្រួលក្នុងការធ្វើកសិកម្ម ជាទីប្រសព្វនៃជំនួសទាំងផ្លូវគោកនិងផ្លូវទឹក សម្បូរផ្លូវក្នុងការធ្វើកសិកម្មនិងជំនួញ ភាពខាងត្បូងដីមានប្រជាជនច្រើននិងធនធានដើម្បីកសាងសេដ្ឋកិច្ចជាតិ។,ហេតុបានជាព្រះបាទពញាយ៉ាតជ្រើសរើស យកចតុមុខធ្វើជារាជធានី ព្រោះតំបន់ចតុមុខភ្នំពេញមានលក្ខណៈអំណោយផលដូចជា ស្ថិតនៅឆ្ងាយពីការយាយីរបស់ទ័ពសៀមជាងរាជធានីអង្គរ ភូមិសាស្ត្រ ជាចំណុចប្រសព្វទន្លេបួនដែលងាយស្រួលក្នុងការធ្វើចរាចរណ៍និងពាណិជ្ជកម្មតាមផ្លូវទឹក សេដ្ឋកិច្ច ចុះជាតំបន់ បីសុនដំ សំបូរត្រីសាច់និងដីមានជីជាតិសម្រាប់កសិកម្ម។,10,8,3,0.8,0.41403792319460925,2,4,1,4
499,បុព្វហេតុអ្វីខ្លះដែលនាំឲ្យអាណាចក្រចេនឡាបែកបាក់ជាពីរគឺអាណាចក្រចេនឡាដីគោកនិងចេនឡាទឹកលិច?,បុព្វហេតុដែលនាំហើយអាណាចក្រចេនឡាបែកជាពីរគឺ -វិសាលភាពទឹកដីធំទូលាយ -ចម្បាំងអត់ឈប់ឈរ -សមន្ដរដ្ឋបះបោរចង់ផ្ដាច់ខ្លួន -វិបត្តិផ្ទៃក្នុង -ព្រះនាងជ័យទេវីគ្មានសមត្ថភាពគ្រប់គ្រង។,បុព្វហេតុដែលនាំហើយអាណាចក្រចេនឡាបែកជាពីរគឺ -វិសាលភាពទឹកដីធំទូលាយ -ចម្បាំងអត់ឈប់ឈរ -សមន្ដរដ្ឋបះបោរចង់ផ្ដាច់ខ្លួន -វិបត្តិផ្ទៃក្នុង -ព្រះនាងជ័យទេវីគ្មានសមត្ថភាពគ្រប់គ្រង។,7,7,4,1.0,1.0,4,7,0,0
500,ចូរប្រៀបធៀបលក្ខណៈខុសគ្នានៃផ្សិត និងរុក្ខជាតិ។,លក្ខណៈខុសគ្នានៃផ្សិតនិងរុក្ខជាតិ +ផ្សិត  -ផ្សិតបន្តពូជតាមរយៈស្ប៉ -ផ្សិតមិនធ្វើរស្មីសំយោគ -អុីប -វារស់នៅកន្លែងសើម +រុក្ខជាតិ -បន្តពូជដោយគ្រាប់ -វាត្រូវការធ្វើរស្មីសំយោគ -វារស់នៅកន្លែងដែលមានពន្លឺ,លក្ខណ:ខុសគ្នារវាងផ្សិត និង រុក្ខជាតិ +ផ្សិត -ជាភាវ:រស់បរជីព -មានអុីបក្រោមដី -បន្តពូជតាមរយ:ស្ប៉ +រុក្ខជាតិ -ជាភាវ:រស់ស្វ័យជីព -មានឬស -បន្តពូជតាមរយ:គ្រាប់ ។,12,5,2,0.4166666666666667,0.36742979754689137,1,4,1,1
501,តើអាណាចក្រភ្នំមានព្រំប្រទល់ជាប់ប្រទេសណាខ្លះ?,អាណាចក្រភ្នំមានព្រំប្រទល់ជាប់ប្រទេសដូចជា -ខាងជើងជាប់ចិន -ខាងត្បូងជាឈូងសមុទ្រខ្មែរ -ខាងកើតជាប់រដ្ឋចម្ប៉ា -ខាងលិចជាប់រដ្ធមនឬភូមា។,អាណាចក្រភ្នំមានព្រំប្រទល់ខាងជើងជាប់នឹងប្រទេសចិន(រដ្ឋណានឆាវនិងតុងតឹង)ខាងកើតជាប់រដ្ឋចម្ប៉ា(ឈូងសមុទ្រចិន)និងខាងត្បូងជាប់និងឈូងសមុទ្រខ្មែរ(នគរភ្នំ)និងខាងលិចជាប់រដ្ឋមនឬភូមា។,6,6,4,1.0,0.6647821859686388,3,4,1,2
502,តើកម្ពុជាមានបេតិកភណ្ឌអ្វីខ្លះ ដែលបានចុះបញ្ជីបេតិកភណ្ឌរូបី និង អរូបីពិភពលោករបស់អង្គការយូណេស្កូ? ចូររៀបរាប់ឱ្យបានប្រាំ។,កម្ពុជាមានបេតិកភណ្ឌដែលបានចុះបញ្ជីបេតិកភណ្ឌរូបី និង អរូបីពិភពលោករបស់អង្គការយូណេស្កូដូចជា     +ល្ខោនខោល     +រមណីយដ្ឋានអង្គរ     +ចាប៉ីដងវែង     +ប្រាសាទព្រះវិហហារ     +ល្ខោនស្រមោលស្បែកធំ     +របាំព្រះរាជទ្រព្យ     +ក្រមាខ្មែរ     +គុនល្បុកតោ     +រមណីយដ្ឋានសម្បូរព្រៃគុក,កម្ពុជាមានបេតិកភណ្ឌដែលបានចុះបញ្ជីបេតិ កភណ្ឌរូបិយនិងអរូបិយពិភពលោករបស់ អង្គការយូណេស្កូមានដូចជា÷ -ប្រាសាទអង្គរវត្ត  -ប្រាសាទព្រះវិហារ  -របាំអប្សរា -ល្ខោនខោល -ប្រាសាទកោះកេរ្ត៌ិ។,5,5,4,1.0,0.525276822318521,2,3,2,2
503,តើការស្ថិតនៅក្រៅសារពាង្គកាយនៃពងស្វាសមានសារៈសំខាន់ដូចម្តេច?,ការស្ថិតនៅក្រោមសារពាង្គកាយនៃពងស្វាសមានសារៈសំខាន់ដូចជាដើម្បីរក្សាសីតុណ្ហភាពឲ្យ ទាបជាងសីតុណ្ហភាពក្នុងខ្លួន ប្រហែលពី(2-3)សីតុណ្ហភាពក្នុងខ្លួន37 ។,ការស្ថិតនៅក្រោមសារពាង្គកាយនៃពងស្វាសមានសារៈសំខាន់ដូចជា  _ ដើម្បីរក្សាសីតុណ្ហភាពឲ្យទាបជាងសីតុណ្ហភាពក្នុងខ្លួន ប្រហែលពី(2-3)ដែលជាលក្ខខណ្ឌ ចាំបាច់សម្រាប់ការផលិតមេជីវិតឈ្មោល ។,10,8,3,0.8,0.793273992546818,3,8,0,0
504,សេដ្ឋកិច្ចកម្ពុជាពឹងផ្អែកលើវិស័យកសិកម្មជាសំខាន់៖ ​ក.​ ហេតុអ្វីបានជាគេនិយាយថាកម្ពុជាជាប្រទេសកសិកម្ម? ខ. តើគេចែកកសិករទាំងនោះជាប៉ុន្មានប្រភេទ?,សេដ្ឋកិច្ចកម្ពុជាបានផ្អែកលើវិស័យកសិកម្មជាសំខាន់៖ ក​. បានជាគេនិយាយថាប្រទេសកម្ពុជាជាប្រទេសកសិកម្មដោយសារ -ផ្ទៃដីនៅប្រទេសកម្ពុជាប្រហែល៩០ភាគរយសិតតែដំណាំស្រូវ -ប្រជាជនកកម្ពុជា ៧០.៣ភាគរយធ្វើកសិកម្ម -កសិកម្មជួយឲ្យប្រជាជនកម្ពុជាមានការងារធ្វើ -ប្រជាជននិយមធ្វើកសិកម្ម -ដីនៅកម្ពុជាប្រកបជាមួយកាធ្វើកសិកម្ម -កម្ពុជាមានអាកាសធាតុសមស្របសម្រាប់ធ្វើកសិកម្ម ខ. គេចែកកសិកម្មទាំងនោះជាពីរប្រភេទ៖ +កសិករខ្នាតតូច -ធ្វើកសិកម្មដើម្បីជីវិត -ធ្វើលក្ខណៈតិចតួច ទុកតែបរិភោគសម្រាប់គ្រួសារ -មិនលក់ឲ្យអ្នកណា +កសិករខ្នាតធំ -ធ្វើកសិកម្មច្រើនហើយទុកសម្រាប់លក់ឬនាំចេញទៅក្រៅប្រទេស -ធ្វើមួយឆ្នាំអាចទៅពីរលើក -ធ្វើលក្ខណៈច្រើន ដើម្បីលក់និងនាំចេញ។,សេដ្ឋកិច្ចកម្ពុជាបានផ្អែកលើវិស័យកសិកម្មជាសំខាន់៖ ក. បានជាគេនិយាយថាកម្ពុជាជាប្រទេសកសិកម្មគឺដោយសារនៅឆ្នាំ ២០០៨ ប្រជាជនកម្ពុជាភាគច្រើននាំគ្នាធ្វើ កសិកម្មពិសេសអ្នកជនបទ។ កម្ពុជាសម្បូរដោយដីមានជីវជាតិនិងវាលទំនាបពិសេសប្រទេសកម្ពុជាស្ថិតនៅ តំបន់ត្រូពិចដែលអំណោយផលដល់ការដាំដុះនិងមានរដូវ២ច្បាស់លាស់គឺ រដូវប្រាំង និងរដូវស្សា ដែលមានភាព ងាយស្រួលដល់កសិករក្នុងការធ្វើកសិកម្ម។ ខ. គេចែកកសិករទាំងនោះជា ៣ ប្រភេទដូចជា៖ -កសិករដាំស្រូវ -កសិករឡើងត្នោត -កសិករព្រៃឈើ។,15,8,2,0.5333333333333333,0.4888055911141742,2,7,0,1
505,បុព្វហេតុអ្វីខ្លះដែលនាំឲ្យអាណាចក្រចេនឡាបែកបាក់ជាពីរគឺអាណាចក្រចេនឡាដីគោកនិងចេនឡាទឹកលិច?,បុព្វហេតុដែលនាំហើយអាណាចក្រចេនឡាបែកជាពីរគឺ -វិសាលភាពទឹកដីធំទូលាយ -ចម្បាំងអត់ឈប់ឈរ -សមន្ដរដ្ឋបះបោរចង់ផ្ដាច់ខ្លួន -វិបត្តិផ្ទៃក្នុង -ព្រះនាងជ័យទេវីគ្មានសមត្ថភាពគ្រប់គ្រង។,បុព្វហេតុដែលនាំហើយអាណាចក្រចេនឡាបែកជាពីរគឺ -វិសាលភាពទឹកដីធំទូលាយ -ចម្បាំងអត់ឈប់ឈរ -សមន្ដរដ្ឋបះបោរចង់ផ្ដាច់ខ្លួន -វិបត្តិផ្ទៃក្នុង -ព្រះនាងជ័យទេវីគ្មានសមត្ថភាពគ្រប់គ្រង។,7,7,4,1.0,1.0,4,7,0,0
506,ចូរពណ៌នាពីពីការអភិវឌ្ឍសេដ្ឋកិច្ច សង្គម នៅកម្ពុជាពីឆ្នាំ១៩៩៣ មកទល់សព្វថ្ងៃ?,ពណ៌នាពីពីការអភិវឌ្ឍសេដ្ឋកិច្ច សង្គម នៅកម្ពុជាពីឆ្នាំ១៩៩៣ មកទល់សព្វថ្ងៃ .វិស័យសេដ្ឋកិច្ច:  +សេដ្ឋកិច្ចកម្ពុជាមានការរីកចម្រើនឡើងជាបន្តបន្ទាប់ដែលធ្វើឲ្យប្រទេសកម្ពុជាមានជីវភាពល្អប្រសើរ។ +កសិកម្មរីកចម្រើនខាងដាំដំណាំស្រូវទទួលបានទិន្នផលខ្ពស់ជាបន្តបន្ទាប់ +ឧស្សាហកម្មមានតំណាងរោងចក្រច្រើនកន្លែងនិងលើកឡើងនៅសហគ្រឿងធំៗដែលបានផ្ដល់ចំណូលដល់ប្រជាពលរដ្ឋ +ពាណិជ្ជកម្មកាលនាំចូលមកក្នុងប្រទេសនិងមានវិនិយោគក្នុងប្រទេស +គមនាគមន៍កសាងស្ពានផ្លូវថ្នល់អាកាសយានដ្ឋានផ្គត់ផ្គង់ប្រព័ន្ធទឹកពីទីក្រុងដល់ជនបទ កំពុងផែ +ហិរញ្ញវត្ថុមានស្ថេរភាពក្នុងអត្រាប្ដូរប្រាក់ +ធនាគារលើកឡើងនៅធនាគារជាតិហ្នឹងឯកជនជាច្រើន .វិស័យសង្គម +ការអប់រំសិក្សា បង្កើតសាលារៀនគ្រប់កម្រិតពីមត្តីរហូតដល់ឧត្តមសិក្សាបណ្ដុះបណ្ដាលធនធានមនុស្សនិងបញ្ជូននិស្សិតឲ្យទៅរៀននៅក្រៅប្រទេស។ +វប្បធម៌អរិយធម៌ ស្ដារវប្បធម៌ឡើងវិញនិងដាក់បញ្ចូលជាសម្បត្តិបេតិកភណ្ឌពិភពលោកចាប់ផ្ដើមប្រជាជនមានសិទ្ធិជឿលើសាសនា។ +សុខាភិបាលបង្កើតឲ្យមានមន្ទីរពេទ្យលោកសុខភាពនិងឱសថសាស្ត្រ +សិល្បៈបង្កើតឲ្យមានសាលាសាកលវិទ្យាល័យសិល្បៈ.,ពណ៌នាពីពីការអភិវឌ្ឍសេដ្ឋកិច្ច សង្គម នៅកម្ពុជាពីឆ្នាំ១៩៩៣ មកទល់សព្វថ្ងៃ,10,1,0,0.1,0.3025369693457967,1,3,1,2
507,តើសង្គមខ្មែរនៅសម័យអង្គរមានប៉ុន្មានវណ្ណៈ? វណ្ណៈអ្វីខ្លះ? ចូលរៀបរាប់។,សង្គមខ្មែរនៅសម័យអង្គរមានប្រាំវណ្ណៈគឺ -វណ្ណៈក្សត្រឬរាជវង្សនុវង្ស (ជាស្ដេចគ្រប់គ្រងប្រទេស -វណ្ណៈមន្ត្រី (អ្នករស់នៅក្នុងរាជវាំងបម្រើស្ដេច) -វណ្ណៈព្រាហ្ម៍ឬបុព្វជិត​(គឺជាអ្នកបួស) -វណ្ណៈអ្នកជាឬកសិករ (អ្នករស់នៅនឹងធ្វើស្រែចម្ការ) -វណ្ណៈអ្នកងារឬទាសករ(ទាសករបម្រើគេតកូនតចៅ)។,សង្គមខ្មែរនៅសម័យអង្គរមានប្រាំវណ្ណៈគឺ -វណ្ណៈក្សត្រ:ជាអ្នកដឹកនាំប្រទេសនិងជាអ្នកបង្រួបបង្រួមនិងការពារជាតិ -វណ្ណៈមន្ត្រី:ជាអ្នកដែលធ្វើការឲ្យព្រះរាជាឬព្រះមហាក្សត្រ -វណ្ណៈព្រាហ្ម៍និងព្រះសង្ឃ:ជាអ្នកត្រាស់ដឹងនិងជាអ្នកគោរពសាសនា -វណ្ណៈអ្នកជា:ជាប្រជាជនឬប្រជារាស្ត្រទូទៅ -វណ្ណៈទាសករ:ជាអ្នកដែលត្រូវបម្រើគេពេញមួយជីវិតតទៅកូនតចៅ។,10,10,4,1.0,0.6017909757567791,2,6,2,4
508,តើកត្តាអ្វីខ្លះដែលធ្វើអោយសម័យអង្គររីកចម្រើនដល់កំពូល?​ ចូលរៀបរាប់។,កត្តាដែលធ្វើអោយសម័យអង្គររីកចម្រើនគឺ: កត្តាព្រះរាជា:ព្រះរាជាចាប់ពីព្រះបាទជ័យវរ្ម័នទី 2 រហូតដល់ព្រះបាទជ័យវរ្ម័នទី 7 សុទ្ធតែជាស្ដេចខ្លាំងពូកែ កត្តានយោបាយ: នយោបាយក្នុងប្រទេសបង្រួបបង្រួមជាតិកសាងនិងការពារទឹកដី នយោបាយក្រៅប្រទេស:ចងសម្ព័ន្ធមិត្តជាមួយប្រទេសធំៗវាយយករដ្ឋតូចដាក់ជាចំណុះ កត្តាសេដ្ឋកិច្ច:រីកចម្រើនលើវិស័យកសិកម្មសិប្បកម្មគណនាគម កត្តាសាសនា:ការឯកភាពគ្នារវាងសាសនាព្រាហ្មនិងព្រះពុទ្ធ កត្តាធនធានមនុស្សបន្សល់ទុកតាំងពីសម័យនគរភ្នំនិងចេនឡាមក។,កត្តាដែលធ្វើអោយសម័យអង្គររីកចម្រើនគឺ: កត្តាព្រះរាជា:ព្រះរាជាចាប់ពីព្រះបាទជ័យវរ្ម័នទី 2 រហូតដល់ព្រះបាទជ័យវរ្ម័នទី 7 សុទ្ធសឹងតែជាស្ដេចខ្លាំងពូកែ កត្តានយោបាយ: នយោបាយក្នុងប្រទេសបង្រួបបង្រួមជាតិកសាងនិងការពារទឹកដី នយោបាយក្រៅប្រទេស:ចងសម្ព័ន្ធមិត្តជាមួយប្រទេសធំៗវាយយករដ្ឋតូចដាក់ជាចំណុះ កត្តាសេដ្ឋកិច្ច:រីកចម្រើនលើវិស័យកសិកម្មសិប្បកម្មគណនាគមន៍ កត្តាសាសនា:ការឯកភាពគ្នារវាងសាសនាព្រាហ្មនិងព្រះពុទ្ធ កត្តាធនធាន:មនុស្សបន្សល់ទុកតាំងពីសម័យនគរភ្នំនិងចេនឡាមក។,10,10,4,1.0,0.9820286341106705,4,10,0,0
509,ចូរប្រៀបធៀបលក្ខណៈខុសគ្នានៃផ្សិត និងរុក្ខជាតិ។,លក្ខណៈខុសគ្នានៃផ្សិតនិងរុក្ខជាតិ +ផ្សិត  -ផ្សិតបន្តពូជតាមរយៈស្ប៉ -ផ្សិតមិនធ្វើរស្មីសំយោគ -អុីប -វារស់នៅកន្លែងសើម +រុក្ខជាតិ -បន្តពូជដោយគ្រាប់ -វាត្រូវការធ្វើរស្មីសំយោគ -វារស់នៅកន្លែងដែលមានពន្លឺ,ប្រៀបធៀបលក្ខណ:ខុសគ្នារវាងផ្សិតនិងរុក្ខជាតិ  +ផ្សិត -បរជីព -អុីបក្រោមដី -ស្ប៉ +រុក្ខជាតិ -ស្វ័យជីព -គ្រាប់ -ឬស,12,3,1,0.25,0.33934295232248135,1,4,0,1
510,តើអាមីបរស់នៅកន្លែងណា ?វាបង្កជំងឺអ្វី?,អាមីបរស់នៅកន្លែងដូចជាស្ទឹងបឹងអូរត្រពាំងទន្លេទឹកជ្រោះ។ វាបង្កជំងឺដូចជា ជំងឺរាគមួល ធ្វើឲ្យយើងចុកពោះដោយផឹកទឹកមិនស្អាត,អាមីបរស់នៅកន្លែងមិនស្អាតដូចជា ដីភក់ ទឹកកង្វក់ វាអាចរស់នៅក្នុងពោះវៀនមនុស្ស។ ហើយវាអាចបង្កជំងឺរាគរូស។,8,6,3,0.75,0.2989088780451282,1,2,2,4
511,តើថ្ងៃរំដោះ៧មករា១៩៧៩ មានអត្ថន័យយ៉ាងណាខ្លះចំពោះប្រវត្តិសាស្ត្រកម្ពុជា?,ថ្ងៃរំដោះ 7 មករា 1979 មានអត្ថន័យជាប្រវត្តិសាស្រ្តដូចជា÷ -ជាថ្ងៃដែលប្រជាជនរួចផុតពីរបបប្រល័យពូជសាសន៍ -ជាថ្ងៃដែលរបបកម្ពុជាប្រជាធិបតេយ្យដួលរលំ -ជាថ្ងៃកំណើតទី 2 របស់ប្រជាជនខ្មែរ -ជាថ្ងៃដែលកងទ័ពរណសិរ្យសាមគ្គីនិងកងទ័ពរំដោះប្រជាជន បានរំដោះប្រជាជនចេញពីរបបប្រល័យពូជសាស្ត្រកម្ពុជា។,ថ្ងៃរំដោះ 7 មករា 1979 មានអត្ថន័យជាប្រវត្តិសាស្រ្តដូចជា÷ -ជាថ្ងៃដែលកងទ័ពរណសិរ្យសាមគ្គីនិងកងទ័ពរំដោះប្រជាជន បានរំដោះប្រជាជនចេញពីរបបប្រល័យពូជសាស្ត្រកម្ពុជា -ជាថ្ងៃកំណើតទី 2 របស់ប្រជាជនខ្មែរ -ជាថ្ងៃដែលរបបកម្ពុជាប្រជាធិបតេយ្យដួលរលំ -ប្រជាជនរួចផុតពីរបបប្រល័យពូជសាសន៍សម្លាប់រង្គាល។,8,5,2,0.625,0.9769801949394674,4,8,2,3
512,តើគេចែកយុគសម័យបុរេប្រវត្តិសាស្ត្រកម្ពុជាជាប៉ុន្មានយុគសម័យ?អ្វីខ្លះ?,គេចែកយុគសម័យបុរេប្រវត្តិសាស្ត្រកម្ពុជាជាបីយុគសម័យគឺ -យុគថ្មបំបែក (600000 - 12000 ឆ្នាំមុនគ.ស) -យុគថ្មរលីងឬសំលៀង (8000 - 2000 ឆ្នាំមុនគ.ស) -យុគលោហៈ(2000-100 ឆ្នាំមុនគ.ស)។,គេចែកយុគសម័យបុរេប្រវត្តិសាស្ត្រកម្ពុជាជាបីយុគសម័យគឺ -យុគថ្មបំបែក (600000 - 12000 ឆ្នាំមុនគ.ស) -យុគថ្មរលីងឬសំលៀង (8000 - 2000 ឆ្នាំមុនគ.ស) -យុគលោហៈ(2000-100 ឆ្នាំមុនគ.ស)។,5,5,4,1.0,1.0,4,5,0,0
513,ហេតុអ្វីបានជាផ្នែកឯកជនជាកម្លាំងដ៏សំខាន់សម្រាប់វិនិយោគនិងធ្វើឲ្យមានកំណើនសេដ្ឋកិច្ចក្នុងប្រទេស?,បានជាផ្នែកឯកជនជាកម្លាំងដ៏សំខាន់សម្រាប់វិនិយោគនិងធ្វើឲ្យមានកំណើនសេដ្ឋកិច្ចក្នុងប្រទេស ព្រោះប្រទេសកម្ពុជាជាប្រទេសអភិវឌ្ឍន៍ សេដ្ឋកិច្ចទីផ្សារដោយបានធ្វើកំណែទម្រង់សហគ្រាសឧស្សាហកម្មឲ្យក្លាយទៅជាកម្មសិទ្ធិឯកជន ។ សេដ្ឋកិច្ចទីផ្សារសេរីនេះនាំឲ្យអ្នករកស៊ីបរទេសចូលចិត្តមកវិនិយោគ ហើយកាលណាផ្នែកឯកជនរឹងមាំមកវិនិយោគ ហើយកាលណាផ្នែកឯកជនមិនរឹងមាំអាចបំពេញបន្ថែមវិនិយោគនិងវិស័យសង្គមកិច្ចមានន័យថាវិស័យឯកជនស្រូបយកកម្លាំងការងារកាន់តែកើនឡើង។,ព្រោះវិស័យឯកជនជាក្បាលម៉ាស៊ីនសំខាន់សម្រាប់វិនិយោគនិងធ្វើឱ្យមានកំណើនសេដ្ឋកិច្ចក្នុងប្រទេសព្រោះ៖ -ការប្រើប្រាស់ រួម ជីគីមីលើលើសកម្រិត -ការបំពុលទឹក -ការដុតព្រៃ រួមទាំងសត្វ -ការធ្វើអាជីវកម្មព្រៃឈើខុសច្បាប់ -ការឆក់ត្រី ប្រើគ្រឿងឆក់ដែលប៉ះពាល់ជម្រកត្រី  -បំផ្លាញព្រៃលិចទឹក -ការជួញដូរឈើខុសច្បាប់ -ការនេសាទត្រីរដូវត្រីពង -ការចាប់សត្វព្រៃដែលគេអភិរក្សយកទៅលក់ខុសច្បាប់។,15,6,2,0.4,0.21273983399801255,1,3,1,3
514,ហេតុអ្វីបានជាផ្នែកឯកជនជាកម្លាំងដ៏សំខាន់សម្រាប់វិនិយោគនិងធ្វើឲ្យមានកំណើនសេដ្ឋកិច្ចក្នុងប្រទេស?,បានជាផ្នែកឯកជនជាកម្លាំងដ៏សំខាន់សម្រាប់វិនិយោគនិងធ្វើឲ្យមានកំណើនសេដ្ឋកិច្ចក្នុងប្រទេស ព្រោះប្រទេសកម្ពុជាជាប្រទេសអភិវឌ្ឍន៍ សេដ្ឋកិច្ចទីផ្សារដោយបានធ្វើកំណែទម្រង់សហគ្រាសឧស្សាហកម្មឲ្យក្លាយទៅជាកម្មសិទ្ធិឯកជន ។ សេដ្ឋកិច្ចទីផ្សារសេរីនេះនាំឲ្យអ្នករកស៊ីបរទេសចូលចិត្តមកវិនិយោគ ហើយកាលណាផ្នែកឯកជនរឹងមាំមកវិនិយោគ ហើយកាលណាផ្នែកឯកជនមិនរឹងមាំអាចបំពេញបន្ថែមវិនិយោគនិងវិស័យសង្គមកិច្ចមានន័យថាវិស័យឯកជនស្រូបយកកម្លាំងការងារកាន់តែកើនឡើង។,ព្រោះវិស័យឯកជនជាក្បាលម៉ាស៊ីនសំខាន់សម្រាប់វិនិយោគនិងធ្វើឱ្យមានកំណើនសេដ្ឋកិច្ចក្នុងប្រទេសព្រោះ៖ -ផ្នែកឯកជនជាកម្លាំងដ៏សំខាន់ណាស់សម្រាប់ប្រទេសជាតិព្រោះបើមកក៏ធនធានមនុស្សផ្នែកបច្ចេកវិទ្យានិងបច្ចេកទេស -ផ្នែកឯកជនបានផ្តល់ដូរដូចជាឱកាសការងារ -នាំចេញឈើមានការអភិវឌ្ឍគ្រប់វិស័យ -ប្រជាជនមានជីវភាពធូរធារជាងមុន -រក្សាចែកចេញជាកម្មសេវាកម្មមានតម្លៃថោក -មានទំនិញនាំចេញនាំចូលទៅក្រៅស្រុក  -សេដ្ឋកិច្ចទីផ្សារសេរីដែលនាំឲ្យអ្នករកស៊ីមកពីបរទេស។,15,12,3,0.8,0.4768706429656632,2,7,1,5
515,ហេតុអ្វីបានជាមនុស្សស្រូបយកខ្យល់ដែលមានកាបូនម៉ណូអុកស៊ីតអាចបង្កគ្រោះថ្នាក់ដល់ស្លាប់បាន?,បានជាមនុស្សស្រូបយកខ្យល់ដែលមានកាបូនម៉ូណូអុកស៊ីដអាចបង្កឲ្យមានគ្រោះថ្នាក់ដល់ស្លាប់ បានព្រោះកាបូនម៉ូណូអុកស៊ីដមានសមត្ថភាពចាប់យក ក្នុងឈាមបានខ្លាំងជាងអុកស៊ីសែន វារារាំងឈាមមិនឲ្យដឹកនាំអុកស៊ីសែនទៅចិញ្ចឹមសរីរាង្គជាពិសេសខួរក្បាលដែលបណ្តាលឲ្យ ស្លាប់និង សន្លប់ ។,បានជាមនុស្សស្រូបយកខ្យល់ដែលមានកាបូនម៉ូណូអុកស៊ីដអាចបង្កឲ្យមានគ្រោះថ្នាក់ដល់ស្លាប់ បានព្រោះកាបូនម៉ូណូអុកស៊ីដមានសមត្ថភាពចាប់យក ក្នុងឈាមបានខ្លាំងជាងអុកស៊ីសែន វារារាំងឈាមមិនឲ្យដឹកនាំអុកស៊ីសែនទៅចិញ្ចឹមសរីរាង្គជាពិសេសខួរក្បាលដែលបណ្តាលឲ្យ ស្លាប់និង សន្លប់ ។,5,5,4,1.0,1.0,4,5,0,0
516,ចូរនិយាយពីកំណកាម៉ែតញី។,ការស្ថិតនៅក្រោមសារពាង្គកាយនៃពងស្វាសមានសារៈសំខាន់ដូចជាដើម្បីរក្សាសីតុណ្ហភាពឲ្យ ទាបជាងសីតុណ្ហភាពក្នុងខ្លួន ប្រហែលពី(2-3)សីតុណ្ហភាពក្នុងខ្លួន37 ។,កំណកាម៉ែតញីដំបូងកោសិកាពូជមួយរួមចំណែកពីរដងបន្តបន្ទាប់គ្នា បានកោសិកាអូវ៉ូកូរី4 ។ អូវ៉ូកូរីនីមួយៗរីកមាឌអាចជាអូវ៉ូស៊ីត1 ។អូវ៉ូស៊ីតមួយរងចំណែកមួយនៃមេយោធាហើយត្រូវបាន ឈប់គាំងនៅវគ្គប្រផ្ដាស1 ។ក្រោយមកពេលគ្រប់អូវ៉ូស៊ីតមួយបន្តធ្វើចំណែកហើយត្រូវបានបញ្ចប់ នៅរយៈពេល6ម៉ោងមុនដំណើរអូវ៉ុលនិងធ្លាក់មកក្រៅជាអូវ៉ូស៊ីត2 ។ប្រសិនបើជួបស្ពែម៉ាតូសូអុីត បង្កើតបានជាអូវុល ។,10,8,3,0.8,0.02410828921328755,0,0,3,8
517,តើគេចែកយុគសម័យបុរេប្រវត្តិសាស្ត្រកម្ពុជាជាប៉ុន្មានយុគសម័យ?អ្វីខ្លះ?,គេចែកយុគសម័យបុរេប្រវត្តិសាស្ត្រកម្ពុជាជាបីយុគសម័យគឺ -យុគថ្មបំបែក (600000 - 12000 ឆ្នាំមុនគ.ស) -យុគថ្មរលីងឬសំលៀង (8000 - 2000 ឆ្នាំមុនគ.ស) -យុគលោហៈ(2000-100 ឆ្នាំមុនគ.ស)។,គេចែកយុគសម័យបុរេប្រវត្តិសាស្ត្រកម្ពុជាជាបីយុគសម័យគឺ -យុគថ្មបំបែក -យុគថ្មរលីងឬសំលៀង -យុគលោហៈ។,5,3,2,0.6,0.5786223192958814,2,3,0,0
518,ចូរប្រៀបធៀបលក្ខណៈខុសគ្នានៃផ្សិត និងរុក្ខជាតិ។,លក្ខណៈខុសគ្នានៃផ្សិតនិងរុក្ខជាតិ +ផ្សិត  -ផ្សិតបន្តពូជតាមរយៈស្ប៉ -ផ្សិតមិនធ្វើរស្មីសំយោគ -អុីប -វារស់នៅកន្លែងសើម +រុក្ខជាតិ -បន្តពូជដោយគ្រាប់ -វាត្រូវការធ្វើរស្មីសំយោគ -វារស់នៅកន្លែងដែលមានពន្លឺ,ប្រៀបធៀបលក្ខណ:ខុសគ្នារវាងផ្សិតនិងរុក្ខជាតិ  +ផ្សិត -បរជីព -អុីបក្រោមដី -ស្ប៉ +រុក្ខជាតិ -ស្វ័យជីព -គ្រាប់ -ឬស,12,5,2,0.4166666666666667,0.33934295232248135,1,4,1,1
519,តើឧស្សាហកម្មមានតួនាទីដូចម្ដេចខ្លះចំពោះសេដ្ឋកិច្ចជាតិ?,ឧស្សាហកម្មមាន​តួនាទីចំពោះសេដ្ឋកិច្ចជាតិដូចជា ៖ ​ _ ជួយបង្កើតថវិការជាតិ ​ _ ជួយបង្កើតទិន្នផលជាតិ ​​ _ ជួយឲ្យសេដ្ឋកិច្ចជាតិរីកចម្រើន  _ ប្រជាជនសំបូរធូរធារ  _អភិវឌ្ឍគ្រប់វិស័យ  _ មានទំនាក់ទំនងល្អជាមួយអ្នកជិតខាង  _ មានភាពរុងរឿងនៅក្នុងប្រទេសជាតិ។,ឧស្សាហកម្មមានតួនាទីចំពោះសេដ្ឋកិច្ចដូចជា៖ -បង្កើនប្រាក់ចំណូលចូលជាតិ 23.8%ឆ្នាំ200  -បង្កើតការងារជូនប្រជាជន -ផ្តល់ប្រាក់ចំណូលក្នុងគ្រួសារ -បន្ថយភាពក្រីក្រប្រជាជនមាន ជីវភាព ធូរធារ  -ផ្ដល់ផលិតផលសម្រាប់នាំចេញទៅក្រៅប្រទេស  -ផ្ដល់ផលិតផលសម្រាប់ប្រើប្រាស់ -ជួយរក្សាលំនឹងជញ្ជីងពាណិជ្ជកម្ម  -កាត់បន្ថយការចំណាយ ចំណាកស្រុក ទាបជាងអ្នកវិនិយោគ ជនជាតិនិងអន្តរជាតិ។,15,15,4,1.0,0.2578796753998205,1,4,3,11
520,តើគេចែកប្រូទីសជាប៉ុន្មានក្រុម?អ្វីខ្លះ?,ប្រូទីសសត្វចែកជា 4 ក្រុមតាមរបៀបរស់នៅនឹងផ្លាស់ទីរបស់វា  +ប្រូតូសូអ៊ែផ្លាស់ទីដោយជើងបញ្ឆោត: អាមីប +ប្រូតូសូអ៊ែផ្លាស់ទីដោយផ្លាសែល : សាឌីយ៉ា +ប្រូតូសូអ៊ែបន្តពូជតាមរយ:ស្ប៉ :ស្ប៉រ៉ូសូអ៊ែ។,គេចែកប្រូទីសជា 4 ក្រុមដូចជា  -អាមីប -ភ្នាសសុីតូប្លាស -ប៉ារ៉ាមេសុី -ប្លាសសែល,8,8,4,1.0,0.18335939791611527,1,1,3,7
521,តើគេចែកប្រូទីសជាប៉ុន្មានក្រុម?អ្វីខ្លះ?,ប្រូទីសសត្វចែកជា 4 ក្រុមតាមរបៀបរស់នៅនឹងផ្លាស់ទីរបស់វា  +ប្រូតូសូអ៊ែផ្លាស់ទីដោយជើងបញ្ឆោត: អាមីប +ប្រូតូសូអ៊ែផ្លាស់ទីដោយផ្លាសែល : សាឌីយ៉ា +ប្រូតូសូអ៊ែបន្តពូជតាមរយ:ស្ប៉ :ស្ប៉រ៉ូសូអ៊ែ។,ប្រូទីសសត្វចែកជា 4 ក្រុមតាមរបៀបរស់នៅនឹងផ្លាស់ទីរបស់វា  +ប្រូតូសូអ៊ែផ្លាស់ទីដោយជើងបញ្ឆោត: អាមីប +ប្រូតូសូអ៊ែផ្លាស់ទីដោយផ្លាសែល : សាឌីយ៉ា +ប្រូតូសូអ៊ែបន្តពូជតាមរយ:ស្ប៉ :ស្ប៉រ៉ូសូអ៊ែ។,8,8,4,1.0,1.0,4,8,0,0
522,តើសម័យឧដុង្គចាប់ពីឆ្នាំណាដល់ឆ្នាំណា?ហេតុអ្វីបានជាប្រទេសកម្ពុជាធ្លាក់ចុះខ្សោយកាន់តែខ្លាំងនៅសម័យឧដុង្គ។ចូរពន្យល់,សម័យឧដុង្គចាប់ពីឆ្នាំ បានជាប្រទេសកម្ពុជាធ្លាក់ចុះខ្សោយកាន់តែខ្លាំងនៅសម័យឧដុង្គព្រោះ សង្គ្រាមផ្ទៃក្នុងញឹកញាប់និងការជាវជ្រៀតជ្រែកពីសៀមនិងយួន ការប្រកួតប្រជែងដណ្ដើមរាជ្យបានឡើងក្នុងចំណោមព្រះរាជវង្សានុវង្ស បែកបាក់សាមគ្គីផ្ទៃក្នុងគ្មានការសាមគ្គីរួបរួមនៅក្នុងប្រទេសជិតខាង កម្ពុជាត្រូវបែកជាពីរផ្នែកដោយសារសៀមត្រួតត្រាផ្នែកខាងលិចបាត់ដំបងសៀមរាបត្រួតត្រាខាងត្បូង បាត់បង់ទឹកដីដោយសារខេត្តជាច្រើននៅភាគខាងលិចបាត់ដំបងសៀមរាបមង្គលបុរី ត្រូវបានធ្លាក់ក្នុងកណ្ដាប់ដៃសៀមនៅឆ្នាំនិងមុនបាត់បង់ដីភាគខាងកើតនៅវៀតណាម សេដ្ឋកិច្ចពឹងផ្អែកលើវិស័យកសិកម្មបុរាណដែល សួយសារអាករឲ្យគេ ចំណែកវប្បធម៌វិញវត្តអារាមត្រូវបានបំផ្លិចបំផ្លាញ ប្រទេសជាតិខ្សោយគ្មានកម្លាំងទប់ទល់នឹងការវាយលុកពីខាងក្រៅមន្ត្រីក្បត់ជាតិច្រើន ដោយសារ រាជវង្សផ្ទៃក្នុងការដណ្ដើមអំណាចគ្នា។,សម័យឧដុង្គចាប់ពីឆ្នាំដល់ បានជាប្រទេសកម្ពុជាធ្លាក់ចុះខ្សោយកាន់តែខ្លាំងឡើងទៅនៅសម័យឧដុង្គព្រោះមានសង្គ្រាមជាបន្តបន្ទាប់ជាមួយសៀមដែលធ្វើឲ្យប្រទេសបាត់បង់ធនធានមនុស្សនិងទ្រព្យសម្បត្តិយ៉ាងធ្ងន់ធ្ងរជាមួយ សៀមបានជ្រៀតជ្រែកកិច្ចការផ្ទៃក្នុងកាន់តែខ្លាំងរហូតដល់មន្ត្រីរបស់ខ្លួនមកត្រួតត្រាប្រទេសខ្មែរ ខ្មែរបានបាត់បង់ទឹកដីមួយចំនួនទៅឲ្យពួកសៀមព្រះរាជាកាន់អំណាចខ្សោយហើយប្រទេសជាតិបែងចែកជាពីរចំណែកដែលគ្រប់គ្រងដោយយួននិងសៀម។,15,14,4,0.9333333333333333,0.43603690580200727,2,7,2,7
523,តើឧស្សាហកម្មមានតួនាទីដូចម្ដេចខ្លះចំពោះសេដ្ឋកិច្ចជាតិ?,ឧស្សាហកម្មមាន​តួនាទីចំពោះសេដ្ឋកិច្ចជាតិដូចជា ៖ ​ _ ជួយបង្កើតថវិការជាតិ ​ _ ជួយបង្កើតទិន្នផលជាតិ ​​ _ ជួយឲ្យសេដ្ឋកិច្ចជាតិរីកចម្រើន  _ ប្រជាជនសំបូរធូរធារ  _អភិវឌ្ឍគ្រប់វិស័យ  _ មានទំនាក់ទំនងល្អជាមួយអ្នកជិតខាង  _ មានភាពរុងរឿងនៅក្នុងប្រទេសជាតិ។,ឧស្សាហកម្មមានតួនាទីចំពោះសេដ្ឋកិច្ចជាតិដូចជា ៖ _ ជួយបង្កើនប្រាក់ចំណូលជូនជាតិ23.8% ឆ្នាំ2008 _ បង្កើតការងារជូនប្រជាជន  _ បង្កើតប្រាក់ចំណូលក្នុងគ្រួសារ  _ ប្រជាជនមានជីវភាពធូរធារ _ ជួយរក្សាលំនឹងជញ្ជីងពាណិជ្ជកម្ម  _ ផ្ដល់ផលិតផលសម្រាប់នាំចេញ  _ ផ្ដល់ផលិតផលសម្រាប់ប្រើប្រាស់។,15,12,3,0.8,0.3099234401801557,1,5,2,7
524,តើសង្គមខ្មែរនៅសម័យអង្គរមានប៉ុន្មានវណ្ណៈ? វណ្ណៈអ្វីខ្លះ? ចូលរៀបរាប់។,សង្គមខ្មែរនៅសម័យអង្គរមានប្រាំវណ្ណៈគឺ -វណ្ណៈក្សត្រឬរាជវង្សនុវង្ស (ជាស្ដេចគ្រប់គ្រងប្រទេស -វណ្ណៈមន្ត្រី (អ្នករស់នៅក្នុងរាជវាំងបម្រើស្ដេច) -វណ្ណៈព្រាហ្ម៍ឬបុព្វជិត​(គឺជាអ្នកបួស) -វណ្ណៈអ្នកជាឬកសិករ (អ្នករស់នៅនឹងធ្វើស្រែចម្ការ) -វណ្ណៈអ្នកងារឬទាសករ(ទាសករបម្រើគេតកូនតចៅ)។,សង្គមខ្មែរនៅសម័យអង្គរមានប្រាំវណ្ណៈគឺ -វណ្ណៈក្សត្រ -វណ្ណៈមន្ត្រី -វណ្ណៈបុព្វជិត -វណ្ណៈអ្នកជា -វណ្ណៈទាសករ។,10,6,2,0.6,0.7164528162944629,3,7,1,1
525,តើគេចែកយុគសម័យបុរេប្រវត្តិសាស្ត្រកម្ពុជាជាប៉ុន្មានយុគសម័យ?អ្វីខ្លះ?,គេចែកយុគសម័យបុរេប្រវត្តិសាស្ត្រកម្ពុជាជាបីយុគសម័យគឺ -យុគថ្មបំបែក (600000 - 12000 ឆ្នាំមុនគ.ស) -យុគថ្មរលីងឬសំលៀង (8000 - 2000 ឆ្នាំមុនគ.ស) -យុគលោហៈ(2000-100 ឆ្នាំមុនគ.ស)។,គេចែកយុគសម័យបុរេប្រវត្តិសាស្ត្រកម្ពុជាជាបីយុគសម័យគឺ -យុគថ្មបំបែក (600000 - 12000 ឆ្នាំមុនគ.ស) -យុគថ្មរលីងឬសំលៀង (8000 - 2000 ឆ្នាំមុនគ.ស) -យុគលោហៈ(2000-100 ឆ្នាំមុនគ.ស)។,5,5,4,1.0,1.0,4,5,0,0
526,ដូចម្តេចដែលហៅថាមេយ៉ូស? ចូរនិយាយពីវគ្គផ្សេងៗនៃមេយ៉ូស។,មេយ៉ូសជាសំណុំនៃចំណែកកោសិកាពីរដងបន្តបន្ទាប់គ្នាដែលបង្កើតបានជាកោសិកាអាលូអុីតបួន ហៅថាមេយ៉ូស ។ _តេឡូផាស1 ស៊ីតូប្លាសចែកខ្លួនបានជាកោសិកាកូនពីរ ។កោសិកាកូននីមួយៗទទួលបានក្រូម៉ូសូម តែមួយពីរគូអូម៉ូឡូក ។ _ប្រផាស1 មានរយៈពេលវែង ។ _អាណាផាស1 ក្រូម៉ូសូមដំរៀបលើផ្លាស់ភ្ជាប់នឹងក្រយ៉ូងក្រូម៉ាទិចដោយសង់ក្រូងទ័ររបស់វា ។ _តេឡូផាស2 ក្រូម៉ូមនីមួយៗបានមកដល់ប៉ូលភ្នាស _មេតាផាស2 ក្រូម៉ូសូមប្រេះតាមបណ្ដោយភ្ជាប់ខ្លួនទៅនិងក្រយ៉ងក្រូម៉ាទិចដោយសង់ _ប្រូដាស2 ត្តយ៉ងអាក្រូម៉ាទិតកើតមានក្នុងកោសិកាគូនីមួយៗ _អាណាផាស2 សង់ក្រូម៉ែធ្វើចំណែកដែលនាំអោយក្រូម៉ាទិចបងប្អូនដាច់ចេញពីគ្នា ។បន្ទាប់មក ក្រូម៉ូសូមកូនទាំង2ធ្វើដំណើរឆ្ពោះទៅប៉ូលផ្ទុយគ្នារបស់ត្រយ៉ូងអាក្រូម៉ាទិច ។,មេយ៉ូសជាសំណុំនៃចំណែកកោសិកាពីរដងបន្តបន្ទាប់គ្នាដែលបង្កើតបានជាកោសិកាអាលូអុីតបួន ហៅថាមេយ៉ូស ។ _ប្រផាស1 មានរយៈពេលវែង ។ _អាណាផាស1 ក្រូម៉ូសូមដំរៀបលើផ្លាស់ភ្ជាប់នឹងក្រយ៉ូងក្រូម៉ាទិចដោយសង់ក្រូងទ័ររបស់វា ។ _តេឡូផាស2 ក្រូម៉ូមនីមួយៗបានមកដល់ប៉ូលភ្នាស _មេតាផាស2 ក្រូម៉ូសូមប្រេះតាមបណ្ដោយភ្ជាប់ខ្លួនទៅនិងក្រយ៉ងក្រូម៉ាទិចដោយសង់ _ប្រូដាស2 ត្តយ៉ងអាក្រូម៉ាទិតកើតមានក្នុងកោសិកាគូនីមួយៗ,10,6,2,0.6,0.9092700950147807,4,9,2,3
527,តើដំណាក់កាលទាំងពីរនៃវដ្ដជីវីតរបស់រុក្ខជាតិមានអ្វីខ្លះ? ចូររៀបរាប់។,ដំណាក់កាល ទាំងពីរនៃវដ្ដជីវិតរបស់រុក្ខជាតិមាន  - ដំណាក់កាលស្ប៉រ៉ូភីត គឺជារុក្ខជាតិផលិតស្ប៉។ វាជាកោសិកាតូចៗដែលអាចលូតលាស់ជាសារពាង្គកាយថ្មី  -ស្ប៉លូតលាស់ក្នុងដំណាក់កាលផ្សេងទៀតនៃរុក្ខជាតិ ហៅថាកាម៉ែតូភីត។ ក្នុងដំណាក់កាលនៃរុក្ខជាតិផលិតកោសិកាភេទពីរបែប គឺកាម៉ែតឈ្មោល និងកាម៉ែតញី ។ កាម៉ែតញី និង កាម៉ែតឈ្មោលលាយចូលគ្នា បង្កើតបានជាសុីកូត។ បន្ទាប់មកទៀត សុីកូតលូតលាស់ទៅជាស្ប៉រ៉ូភីត។ស្ប៉រ៉ូភីតផលិតស្ប៉លូតលាស់ក្នុងកាម៉ែតូភីត កាម៉ែតូភីតផលិតកាម៉ែតញី និងកាម៉ែតឈ្មោល ហើយវដ្ដផ្ដើមសារជាថ្មី។,ដំណាក់កាល ទាំងពីរនៃវដ្ដជីវិតរបស់រុក្ខជាតិមាន  - ដំណាក់កាលស្ប៉រ៉ូភីត គឺជារុក្ខជាតិផលិតស្ប៉។ វាជាកោសិកាតូចៗដែលអាចលូតលាស់ជាសារពាង្គកាយថ្មី  -ស្ប៉លូតលាស់ក្នុងដំណាក់កាលផ្សេងទៀតនៃរុក្ខជាតិ ហៅថាកាម៉ែតូភីត។ ក្នុងដំណាក់កាលនៃរុក្ខជាតិផលិតកោសិកាភេទពីរបែប គឺកាម៉ែតឈ្មោល និងកាម៉ែតញី ។ កាម៉ែតញី និង កាម៉ែតឈ្មោលលាយចូលគ្នា បង្កើតបានជាសុីកូត។ បន្ទាប់មកទៀត សុីកូតលូតលាស់ទៅជាស្ប៉រ៉ូភីត។ស្ប៉រ៉ូភីតផលិតស្ប៉លូតលាស់ក្នុងកាម៉ែតូភីត កាម៉ែតូភីតផលិតកាម៉ែតញី និងកាម៉ែតឈ្មោល ហើយវដ្ដផ្ដើមសារជាថ្មី។,15,12,3,0.8,1.0,4,15,1,3
528,តើព្រះអង្គឌួងមានស្នាព្រហស្ថអ្វីខ្លះចំពោះប្រទេសជាតិនិងប្រជារាស្ត្រខ្មែរ?,ព្រះបាទអង្គឌួងមានស្នាព្រហស្តដូចជាផ្នែករដ្ឋបាលរៀបចំប្រព័ន្ធរដ្ឋបាលនិងច្បាប់ទម្លាប់ស្ដារឡើងវិញមានរបៀបផ្នែកសេដ្ឋកិច្ចលើកស្ទួយវិស័យកសិកម្មជួសជុលប្រព័ន្ធ សេះនិងពាណិជ្ជកម្ម ភ្នែកបរទេសស្វែងរកជំនួយពីបារាំងដើម្បីទប់ទល់នឹងការត្រួតត្រាយួននិងសៀម ផ្នែកវប្បធម៌លើកស្ទួយវប្បធម៌អក្សរសាស្ត្រខ្មែរនិង សាសនា កត្តាផ្ទៃក្នុង ការបែកបាក់រាជវង្សានុវង្សបែកបាក់សាមគ្គី។,ព្រះបាទអង្គឌួងមានស្នាព្រហស្តចំពោះប្រទេសជាតិនិងប្រជារាស្ត្រខ្មែរ ការពារទឹកដីខ្មែរពីចោរសៀម កសាងវប្បធម៌ខ្មែរវត្តអារាមសាលារៀន។,15,8,2,0.5333333333333333,0.2712988507450293,1,4,1,4
529,ចូរនិយាយពីកំណកាម៉ែតញី។,ការស្ថិតនៅក្រោមសារពាង្គកាយនៃពងស្វាសមានសារៈសំខាន់ដូចជាដើម្បីរក្សាសីតុណ្ហភាពឲ្យ ទាបជាងសីតុណ្ហភាពក្នុងខ្លួន ប្រហែលពី(2-3)សីតុណ្ហភាពក្នុងខ្លួន37 ។,កំណកាម៉ែនញី ដំបូងកោសិកាពូជមួយរកចម្ងាយពីរដងទម្លាប់គ្នាបានកោសិកាអូវ៉ូកូនី4 ។អូវុលរីក មាឌក្លាយជាអូវូស៊ីត1 ។អូវ៉ូស៊ីតមួយរងចំណែកមួយនៃមេយ៉ូសហើយត្រូវបានជាប់គាំងនៅចុង វគ្គមួយ ។,10,5,2,0.5,0.020265111967696484,0,0,2,5
530,តើគេចែកប្រូទីសជាប៉ុន្មានក្រុម?អ្វីខ្លះ?,ប្រូទីសសត្វចែកជា 4 ក្រុមតាមរបៀបរស់នៅនឹងផ្លាស់ទីរបស់វា  +ប្រូតូសូអ៊ែផ្លាស់ទីដោយជើងបញ្ឆោត: អាមីប +ប្រូតូសូអ៊ែផ្លាស់ទីដោយផ្លាសែល : សាឌីយ៉ា +ប្រូតូសូអ៊ែបន្តពូជតាមរយ:ស្ប៉ :ស្ប៉រ៉ូសូអ៊ែ។,ប្រូទីសសត្វចែកជា 4 ក្រុមតាមរបៀបរស់នៅនឹងផ្លាស់ទីរបស់វា  +ប្រូតូសូអ៊ែផ្លាស់ទីដោយជើងបញ្ឆោត: អាមីប +ប្រូតូសូអ៊ែផ្លាស់ទីដោយផ្លាសែល : សាឌីយ៉ា +ប្រូតូសូអ៊ែបន្តពូជតាមរយ:ស្ប៉ :ស្ប៉រ៉ូសូអ៊ែ។,8,7,4,0.875,1.0,4,8,0,1
531,តើគេចែកយុគសម័យបុរេប្រវត្តិសាស្ត្រកម្ពុជាជាប៉ុន្មានយុគសម័យ?អ្វីខ្លះ?,គេចែកយុគសម័យបុរេប្រវត្តិសាស្ត្រកម្ពុជាជាបីយុគសម័យគឺ -យុគថ្មបំបែក (600000 - 12000 ឆ្នាំមុនគ.ស) -យុគថ្មរលីងឬសំលៀង (8000 - 2000 ឆ្នាំមុនគ.ស) -យុគលោហៈ(2000-100 ឆ្នាំមុនគ.ស)។,គេចែកយុគសម័យបុរេប្រវត្តិសាស្ត្រកម្ពុជាជាបីយុគសម័យគឺ -យុគថ្មបំបែក (600000 - 12000 ឆ្នាំមុនគ.ស) -យុគថ្មរលីងឬសំលៀង (8000 - 2000 ឆ្នាំមុនគ.ស) -យុគលោហៈ(2000-100 ឆ្នាំមុនគ.ស)។,5,5,4,1.0,1.0,4,5,0,0
532,តើគេចែកប្រូទីសជាប៉ុន្មានក្រុម?អ្វីខ្លះ?,ប្រូទីសសត្វចែកជា 4 ក្រុមតាមរបៀបរស់នៅនឹងផ្លាស់ទីរបស់វា  +ប្រូតូសូអ៊ែផ្លាស់ទីដោយជើងបញ្ឆោត: អាមីប +ប្រូតូសូអ៊ែផ្លាស់ទីដោយផ្លាសែល : សាឌីយ៉ា +ប្រូតូសូអ៊ែបន្តពូជតាមរយ:ស្ប៉ :ស្ប៉រ៉ូសូអ៊ែ។,គេចែកប្រូទីសសត្វជា 4ប្រភេទគឺ-ប្រូទីសផ្លាស់ទីដោយជើងបញ្ឆោត : អាមីប-ប្រូទីស ផ្លាស់ទីដោយរោមញ័រ : ប៉ារ៉ាមេសុី-ប្រូទីសផ្លាស់ទីដោយ ប្លាសែល-ប្រូទីសផ្លាស់ទីដោយ ស្ប៉។,8,6,3,0.75,0.45550507006015967,2,4,1,2
533,តើប្រព័ន្ធផលិតកម្មកសិកម្មនៅក្នុងប្រទេសកម្ពុជាមានអ្វីខ្លះ?ចូររៀបរាប់​ ។,ប្រព័ន្ធផលិតកម្មកសិកម្មនៅប្រទេសកម្ពុជាមាន៖    _ ដំណាំ : ដំណាំស្រូវ ដំណាំកៅស៊ូ ដំណាំផ្សេងៗទៀត    _ ការចិញ្ចឹមសត្វ : ការចិញ្ចឹមសត្វលើគោក ការចិញ្ចឹមសត្វក្នុងទឹក    _ ការនេសាទ : ការនេសាទទឹកសាប ការនេសាទទឹកប្រៃ  _ ព្រៃឈើ : ផលិតផលឈើ អនុផលព្រៃឈើ(រកឃ្មុំ ជ័រទឹក វល្លិ៍ ផ្តៅ) សត្វព្រៃ ។,ប្រព័ន្ធផលិតកម្មកសិកម្មនៅប្រទេសកម្ពុជាមាន៖    _ ដំណាំ : ដំណាំស្រូវ ដំណាំកៅស៊ូ ដំណាំផ្សេងៗទៀត    _ ការចិញ្ចឹមសត្វ : ការចិញ្ចឹមសត្វលើគោក ការចិញ្ចឹមសត្វក្នុងទឹក    _ ការនេសាទ : ការនេសាទក្នុងទឹកសាប ការនេសាទក្នុងទឹកប្រៃ  _ ព្រៃឈើ : ផលិតផលឈើ អនុផលព្រៃឈើ(ឃ្មុំ ជ័រទឹក វល្លិ៍ ផ្តៅ) សត្វព្រៃ ។,10,10,4,1.0,0.9511932176962888,4,10,0,0
534,តើអាណាចក្រភ្នំមានព្រំប្រទល់ជាប់ប្រទេសណាខ្លះ?,អាណាចក្រភ្នំមានព្រំប្រទល់ជាប់ប្រទេសដូចជា -ខាងជើងជាប់ចិន -ខាងត្បូងជាឈូងសមុទ្រខ្មែរ -ខាងកើតជាប់រដ្ឋចម្ប៉ា -ខាងលិចជាប់រដ្ធមនឬភូមា។,អាណាចក្រភ្នំមានព្រំប្រទល់ជាប់ប្រទេសដូចជា -ខាងជើងជាប់ចិន -ខាងត្បូងជាឈូងសមុទ្រខ្មែរ -ខាងកើតជាប់រដ្ឋចម្ប៉ា -ខាងលិចជាប់រដ្ឋមនឬភូមា។,6,6,4,1.0,0.9690658986445712,4,6,0,0
535,តើដំណាក់កាលទាំងពីរនៃវដ្ដជីវីតរបស់រុក្ខជាតិមានអ្វីខ្លះ? ចូររៀបរាប់។,ដំណាក់កាល ទាំងពីរនៃវដ្ដជីវិតរបស់រុក្ខជាតិមាន  - ដំណាក់កាលស្ប៉រ៉ូភីត គឺជារុក្ខជាតិផលិតស្ប៉។ វាជាកោសិកាតូចៗដែលអាចលូតលាស់ជាសារពាង្គកាយថ្មី  -ស្ប៉លូតលាស់ក្នុងដំណាក់កាលផ្សេងទៀតនៃរុក្ខជាតិ ហៅថាកាម៉ែតូភីត។ ក្នុងដំណាក់កាលនៃរុក្ខជាតិផលិតកោសិកាភេទពីរបែប គឺកាម៉ែតឈ្មោល និងកាម៉ែតញី ។ កាម៉ែតញី និង កាម៉ែតឈ្មោលលាយចូលគ្នា បង្កើតបានជាសុីកូត។ បន្ទាប់មកទៀត សុីកូតលូតលាស់ទៅជាស្ប៉រ៉ូភីត។ស្ប៉រ៉ូភីតផលិតស្ប៉លូតលាស់ក្នុងកាម៉ែតូភីត កាម៉ែតូភីតផលិតកាម៉ែតញី និងកាម៉ែតឈ្មោល ហើយវដ្ដផ្ដើមសារជាថ្មី។,ដំណាក់កាល ទាំងពីរនៃវដ្តជីវិតររបស់រុក្ខជាតិមានស្ប៉រ៉ូភីត និងកាម៉ែតូភីត +ដំណាក់កាល ស្ប៉រ៉ូភីត រុក្ខជាតិផលិតស្ប៉។ +កាម៉ែតូភីតស៉្បលូតលាស់ក្នុងដំណាក់កាលមួយផ្សេងទៀត +កាម៉ែតញី និងកាម៉ែតឈ្មោលបង្កើតបានសុីកូត។,15,15,4,1.0,0.8300627384728902,3,12,1,3
536,ចូរប្រៀបធៀបលក្ខណៈខុសគ្នានៃផ្សិត និងរុក្ខជាតិ។,លក្ខណៈខុសគ្នានៃផ្សិតនិងរុក្ខជាតិ +ផ្សិត  -ផ្សិតបន្តពូជតាមរយៈស្ប៉ -ផ្សិតមិនធ្វើរស្មីសំយោគ -អុីប -វារស់នៅកន្លែងសើម +រុក្ខជាតិ -បន្តពូជដោយគ្រាប់ -វាត្រូវការធ្វើរស្មីសំយោគ -វារស់នៅកន្លែងដែលមានពន្លឺ,លក្ខណ:ខុសគ្នារវាងផ្សិត និង រុក្ខជាតិ +ផ្សិត -ជាភាវ:រស់បរជីព -មានអុីបក្រោមដី -បន្តពូជតាមរយ:ស្ប៉ +រុក្ខជាតិ -ជាភាវ:រស់ស្វ័យជីព -មានឬស -បន្តពូជតាមរយ:គ្រាប់ ។,12,9,3,0.75,0.36742979754689137,1,4,2,5
537,តើកត្តាអ្វីខ្លះដែលបណ្ដាលឲ្យសៀមវាយបែកបន្ទាយលង្វែក?,កត្តាដែលបណ្ដាលឲ្យសៀមវាយបន្ទាយលង្វែកព្រះរាជាព្រះសត្ថាទីមួយឆោតល្ងង់ទៅជួយរំដោះក្រុងឰយុធ្យារបស់សៀមមកពីការត្រួតត្រាភូមាសៀមរមិលគុណប្រើល្បិចបញ្ជូនសល់ពីរអង្គ យកការវិបត្តិផ្ទៃក្នុងជាជួរជលសារលោករវល់ នាដើមម៉ឺនមន្ត្រីប្រជារាស្ត្រមិនពេញចិត្តដែលតែងទៅកូនអាយុដប់មួយវស្សា ឲ្យកូនរៀននៅ ក្នុងនាម មហាឧបរាជ ធ្វើឲ្យប្រជារាស្ត្របាត់បង់ស្មារតីប្រយុទ្ធប្រជារាស្ត្រខ្មែរក្រីក្រឆោតល្ងង់ចង់បានប្រាក់ដួលក៏នាំគ្នាកាប់ឆ្ការគុម្ពឫស្សីដែលជារបងការពារបន្ទាយលង្វែកដ៏រឹងមាំ រីប្រទេសខ្មែរហាក់បីដូចជាបាត់បង់សាមគ្គីដូចជាស្ថានីយមួយនាំកូនទាំងពីររត់ភៀសខ្លួនទៅប្រទេសឡាវមិនគិតពីប្រជារាស្ត្រនាំឲ្យប្រជាជន អស់ជំនឿ,កត្តាដែលបណ្ដាលឲ្យសៀមវាយយកបន្ទាយលង្វែកព្រោះ សត្ថាទីមួយឆោតល្ងង់ទៅជួយរំដោះក្រុងឰយុធ្យារបស់ពួកសៀមពីការត្រួតត្រារបស់ភូមា សៀម ពួកវារមិលគុណប្រើល្បិចបញ្ជូនពីក្បាលមកយកការណ៍ក្នុងបន្ទាយលង្វែកនិងប្រើល្បិចបាចប្រាក់ដួងចូលក្នុងគុម្ពឫស្សី វិបត្តិផ្ទៃក្នុង រាជវង្សសានុវង្ស នាម៉ឺនមន្ត្រី ប្រជារាស្ត្រ មិនពេញចិត្តនឹងព្រះរាជា តែងតាំងកូនអាយុដប់មួយវស្សាឲ្យគ្រប់គ្រងរាជធានីនិងប្រាំមួយវស្សាជាមហាឧបរាជ បានធ្វើឲ្យប្រជារាស្ត្របាត់បង់ស្មារតីតតាំងប្រយុទ្ធនឹងសង្គ្រាម ប្រជារាស្ត្រខ្មែរ ក្នុងនោះចង់បានប្រាក់ដួងក៏នាំគ្នាកាប់ឆ្ការគុម្ពឫស្សីដែលជារបងការពារបន្ទាយលង្វែកដ៏រឹងមាំ សាមគ្គីភាពប្រជាជនខ្មែរហាក់ដូចជាបាត់បង់សាមគ្គីភាព ដូចជាសាខាទីមួយនាំកូនទាំងពីររត់ភៀសខ្លួនទៅប្រទេសឡាវដោយមិនដោយមិនគិតពីប្រជារាស្ត្រនាំឲ្យប្រជាជនអស់ជំនឿ។,10,10,4,1.0,0.7679854116321325,3,8,1,2
538,បុព្វហេតុអ្វីខ្លះដែលនាំឲ្យអាណាចក្រចេនឡាបែកបាក់ជាពីរគឺអាណាចក្រចេនឡាដីគោកនិងចេនឡាទឹកលិច?,បុព្វហេតុដែលនាំហើយអាណាចក្រចេនឡាបែកជាពីរគឺ -វិសាលភាពទឹកដីធំទូលាយ -ចម្បាំងអត់ឈប់ឈរ -សមន្ដរដ្ឋបះបោរចង់ផ្ដាច់ខ្លួន -វិបត្តិផ្ទៃក្នុង -ព្រះនាងជ័យទេវីគ្មានសមត្ថភាពគ្រប់គ្រង។,បុព្វហេតុដែលនាំហើយអាណាចក្រចេនឡាបែកជាពីរគឺ -វិសាលភាពទឹកដីធំទូលាយ -ចម្បាំងអត់ឈប់ឈរ -សមន្ដរដ្ឋបះបោរចង់ផ្ដាច់ខ្លួន -វិបត្តិផ្ទៃក្នុង -ព្រះនាងជ័យទេវីគ្មានសមត្ថភាពគ្រប់គ្រង។,7,7,4,1.0,1.0,4,7,0,0
539,ចូររៀបរាប់អំពីទំនាក់ទំនងរវាងការដាំដុះអាជីវកម្មព្រៃឈើនិងនេសាទ។,ទំនាក់ទំនងរវាង ការដាំដុះអាជីវកម្មព្រៃឈើ និងការនេសាទ៖  _ ការដាំដុះអាជីវកម្មព្រៃឈើ និងការនេសាទ ជាភោគទ្រព្យយ៉ាងសំខាន់សម្រាប់ប្រជាជនក្នុងការទ្រទ្រង់ក្នុងជីវភាពរស់នៅនិងការអភិវឌ្ឍន៍ប្រទេសជាតិ   _ ដើម្បីបំពេញតម្រូវការក្នុងកសិកម្មផលិតកម្មនិងត្រូវការផ្សេងៗ មនុស្សនាំគ្នាកាប់ព្រៃឈើដើម្បីធ្វើអាជីវកម្មព្រៃឈើជាមូលហេតុធ្វើឲ្យអាកាសធាតុប្រែប្រួលប៉ះពាល់ដល់ជីវិតមនុស្ស សត្វ និងរុក្ខជាតិ  ​ _ អតិផលនៃប្រព័ន្ធកសិកម្ម នាំឲ្យមានកំណើននៃការប្រើប្រាស់គីមីនិងថ្នាំសម្លាប់សត្វល្អិត។ ជីគីមី និងថ្នាំសម្លាប់សត្វល្អិត ទាំងនោះហូរទៅផ្ដុំគ្នានៅតាមផ្លូវទឹកនានា បំផ្លាញជីវិតសត្វនិងពូជធម្មជាតិ។,រៀបរាប់ពីទំនាក់ទំនងរវាងការដាំដុះ ការចិញ្ចឹមសត្វ និងការនេសាទ៖  -ដើម្បីបំពេញតម្រូវការក្នុងកសិកម្ម និងមានតម្រូវការផ្សេងៗទៀតរបស់មនុស្សគឺការប្រើប្រាស់ជា -ហេតុធ្វើឱ្យមានការប្រែប្រួលលោកសពត ប៉ះពាល់ដល់ដីធ្លី  -ការដាំដុះសត្វ និងរុក្ខជាតិ យកកិច្ចការពារនៃប្រព័ន្ធផលិតកម្មឱ្យមានកំណើន -ការប្រើប្រាស់ឱ្យសមស្របសត្វក្នុងទឹកនិងដីឥដ្ឋឱ្យមាន -ការទាក់ទាញនៅក្នុងទន្លេបឹង ហើយជំរុញឱ្យដឹង និងពង្រីកឱ្យបានល្អជាពិសេស ។,15,15,4,1.0,0.41946226868275405,2,6,2,9
540,បុព្វហេតុអ្វីខ្លះដែលនាំឲ្យអាណាចក្រចេនឡាបែកបាក់ជាពីរគឺអាណាចក្រចេនឡាដីគោកនិងចេនឡាទឹកលិច?,បុព្វហេតុដែលនាំហើយអាណាចក្រចេនឡាបែកជាពីរគឺ -វិសាលភាពទឹកដីធំទូលាយ -ចម្បាំងអត់ឈប់ឈរ -សមន្ដរដ្ឋបះបោរចង់ផ្ដាច់ខ្លួន -វិបត្តិផ្ទៃក្នុង -ព្រះនាងជ័យទេវីគ្មានសមត្ថភាពគ្រប់គ្រង។,បុព្វហេតុដែលនាំហើយអាណាចក្រចេនឡាបែកជាពីរគឺ -វិសាលភាពទឹកដីធំទូលាយ -ចម្បាំងអត់ឈប់ឈរ -សមន្ដរដ្ឋបះបោរចង់ផ្ដាច់ខ្លួន -វិបត្តិផ្ទៃក្នុង -ព្រះនាងជ័យទេវីគ្មានសមត្ថភាពគ្រប់គ្រង។,7,7,4,1.0,1.0,4,7,0,0
541,តើអាណាចក្រភ្នំមានព្រំប្រទល់ជាប់ប្រទេសណាខ្លះ?,អាណាចក្រភ្នំមានព្រំប្រទល់ជាប់ប្រទេសដូចជា -ខាងជើងជាប់ចិន -ខាងត្បូងជាឈូងសមុទ្រខ្មែរ -ខាងកើតជាប់រដ្ឋចម្ប៉ា -ខាងលិចជាប់រដ្ធមនឬភូមា។,អាណាចក្រភ្នំមានព្រំប្រទល់ខាងជើងជាប់នឹងប្រទេសចិន(រដ្ឋណានឆាវនិងតុងតឹង)ខាងកើតជាប់រដ្ឋចម្ប៉ា(ឈូងសមុទ្រចិន)និងខាងត្បូងជាប់និងឈូងសមុទ្រខ្មែរ(នគរភ្នំ)និងខាងលិចជាប់រដ្ឋមនឬភូមា។,6,6,4,1.0,0.6647821859686388,3,4,1,2
542,ហេតុអ្វីបានជាផ្នែកឯកជនជាកម្លាំងដ៏សំខាន់សម្រាប់វិនិយោគនិងធ្វើឲ្យមានកំណើនសេដ្ឋកិច្ចក្នុងប្រទេស?,បានជាផ្នែកឯកជនជាកម្លាំងដ៏សំខាន់សម្រាប់វិនិយោគនិងធ្វើឲ្យមានកំណើនសេដ្ឋកិច្ចក្នុងប្រទេស ព្រោះប្រទេសកម្ពុជាជាប្រទេសអភិវឌ្ឍន៍ សេដ្ឋកិច្ចទីផ្សារដោយបានធ្វើកំណែទម្រង់សហគ្រាសឧស្សាហកម្មឲ្យក្លាយទៅជាកម្មសិទ្ធិឯកជន ។ សេដ្ឋកិច្ចទីផ្សារសេរីនេះនាំឲ្យអ្នករកស៊ីបរទេសចូលចិត្តមកវិនិយោគ ហើយកាលណាផ្នែកឯកជនរឹងមាំមកវិនិយោគ ហើយកាលណាផ្នែកឯកជនមិនរឹងមាំអាចបំពេញបន្ថែមវិនិយោគនិងវិស័យសង្គមកិច្ចមានន័យថាវិស័យឯកជនស្រូបយកកម្លាំងការងារកាន់តែកើនឡើង។,បានជាផ្នែកឯកជនជាកម្លាំងដ៏សំខាន់សម្រាប់វិនិយោគនិងធ្វើការបង្កើនសេដ្ឋកិច្ចក្នុងប្រទេសព្រោះ -កម្ពុជាពឹងផ្អែកអនុវត្តសេដ្ឋកិច្ចទីផ្សារសេរីពីឆ្នាំ 1993 និងផ្ដល់សហគ្រាសឲ្យឯកជនវើជាកម្មសិទ្ធិ -សេដ្ឋកិច្ចទីផ្សារសេរីនេះធ្វើឲ្យបរទេសចូលចិត្តវិនិយោគ -វិស័យឯកជនមានភាពរឹងមាំធ្វើឲ្យសេដ្ឋកិច្ចបន្ថែមវាយោគសាធារណៈក្នុងវិស័យសេដ្ឋកិច្ចមានន័យថាវិស័យឯកជនជួយដល់ប្រជាជនមានការងារធ្វើច្រើន។,15,15,4,1.0,0.6312148615690762,3,9,1,6
543,តើអាមីបរស់នៅកន្លែងណា ?វាបង្កជំងឺអ្វី?,អាមីបរស់នៅកន្លែងដូចជាស្ទឹងបឹងអូរត្រពាំងទន្លេទឹកជ្រោះ។ វាបង្កជំងឺដូចជា ជំងឺរាគមួល ធ្វើឲ្យយើងចុកពោះដោយផឹកទឹកមិនស្អាត,អាមីបគឺជាសត្វឯកកោសិកា ប្រូទីសដែលអាចរស់នៅបានច្រើនកន្លែង ក្នុងទឹក ក្នុងដី ។ វាបង្កជំងឺដូចជា -ជំងឺរាគមួល អាមីប -ជំងឺរលាកស្រោមខួរក្បាល -ការឆ្លងមេរោគនៅភ្នែកឬស្បែក។,8,3,2,0.375,0.3631220089921023,1,3,1,0
544,ដូចម្តេចដែលហៅថាមេយ៉ូស? ចូរនិយាយពីវគ្គផ្សេងៗនៃមេយ៉ូស។,មេយ៉ូសជាសំណុំនៃចំណែកកោសិកាពីរដងបន្តបន្ទាប់គ្នាដែលបង្កើតបានជាកោសិកាអាលូអុីតបួន ហៅថាមេយ៉ូស ។ _តេឡូផាស1 ស៊ីតូប្លាសចែកខ្លួនបានជាកោសិកាកូនពីរ ។កោសិកាកូននីមួយៗទទួលបានក្រូម៉ូសូម តែមួយពីរគូអូម៉ូឡូក ។ _ប្រផាស1 មានរយៈពេលវែង ។ _អាណាផាស1 ក្រូម៉ូសូមដំរៀបលើផ្លាស់ភ្ជាប់នឹងក្រយ៉ូងក្រូម៉ាទិចដោយសង់ក្រូងទ័ររបស់វា ។ _តេឡូផាស2 ក្រូម៉ូមនីមួយៗបានមកដល់ប៉ូលភ្នាស _មេតាផាស2 ក្រូម៉ូសូមប្រេះតាមបណ្ដោយភ្ជាប់ខ្លួនទៅនិងក្រយ៉ងក្រូម៉ាទិចដោយសង់ _ប្រូដាស2 ត្តយ៉ងអាក្រូម៉ាទិតកើតមានក្នុងកោសិកាគូនីមួយៗ _អាណាផាស2 សង់ក្រូម៉ែធ្វើចំណែកដែលនាំអោយក្រូម៉ាទិចបងប្អូនដាច់ចេញពីគ្នា ។បន្ទាប់មក ក្រូម៉ូសូមកូនទាំង2ធ្វើដំណើរឆ្ពោះទៅប៉ូលផ្ទុយគ្នារបស់ត្រយ៉ូងអាក្រូម៉ាទិច ។,មេយ៉ូសជាសំណុំនៃចំណែកកោសិកាពីរដងបន្តបន្ទាប់គ្នាដែលបង្កើតបានជាកោសិកាអាលូអុីតបួន ហៅថាមេយ៉ូស ។ _ប្រផាស1  _អាណាផាស1 _តេឡូផាស2 _មេតាផាស2  _ប្រូដាស2,10,5,2,0.5,0.49081257725573824,2,5,0,0
545,ហេតុអ្វីបានជាផ្នែកឯកជនជាកម្លាំងដ៏សំខាន់សម្រាប់វិនិយោគនិងធ្វើឲ្យមានកំណើនសេដ្ឋកិច្ចក្នុងប្រទេស?,បានជាផ្នែកឯកជនជាកម្លាំងដ៏សំខាន់សម្រាប់វិនិយោគនិងធ្វើឲ្យមានកំណើនសេដ្ឋកិច្ចក្នុងប្រទេស ព្រោះប្រទេសកម្ពុជាជាប្រទេសអភិវឌ្ឍន៍ សេដ្ឋកិច្ចទីផ្សារដោយបានធ្វើកំណែទម្រង់សហគ្រាសឧស្សាហកម្មឲ្យក្លាយទៅជាកម្មសិទ្ធិឯកជន ។ សេដ្ឋកិច្ចទីផ្សារសេរីនេះនាំឲ្យអ្នករកស៊ីបរទេសចូលចិត្តមកវិនិយោគ ហើយកាលណាផ្នែកឯកជនរឹងមាំមកវិនិយោគ ហើយកាលណាផ្នែកឯកជនមិនរឹងមាំអាចបំពេញបន្ថែមវិនិយោគនិងវិស័យសង្គមកិច្ចមានន័យថាវិស័យឯកជនស្រូបយកកម្លាំងការងារកាន់តែកើនឡើង។,កម្ពុជាជាប្រទេសដែលអនុបានជាផ្នែកឯកជនជាកម្លាំងដ៏សំខាន់សម្រាប់វិនិយោគធ្វើឲ្យមានការកំណើនសេដ្ឋកិច្ចក្នុងប្រទេសព្រោះ៖ សេដ្ឋកិច្ចទីផ្សារសេរីចាប់ពីឆ្នាំ 1993 ដោយកំណែទម្រង់សហគ្រាសសេរីទៅកាន់សហគ្រាសសេរីទើបជាកម្មសិទ្ធិឯកជននេះធ្វើឲ្យ អ្នករកស៊ីបរទេសចូលចិត្តមកពីប្រយោគកាលណាផ្នែកឯកជនរឹងមាំអាចបន្ថែមវិនិយោគសាធារណៈក្នុងវិស័យសង្គមកិច្ចមានន័យថាវិស័យឯកជនត្រូវស្រូបយកកម្លាំងការងារកាន់តែច្រើនឡើង។,15,15,4,1.0,0.7352246306467983,3,11,1,4
546,តើគេចែកយុគសម័យបុរេប្រវត្តិសាស្ត្រកម្ពុជាជាប៉ុន្មានយុគសម័យ?អ្វីខ្លះ?,គេចែកយុគសម័យបុរេប្រវត្តិសាស្ត្រកម្ពុជាជាបីយុគសម័យគឺ -យុគថ្មបំបែក (600000 - 12000 ឆ្នាំមុនគ.ស) -យុគថ្មរលីងឬសំលៀង (8000 - 2000 ឆ្នាំមុនគ.ស) -យុគលោហៈ(2000-100 ឆ្នាំមុនគ.ស)។,គេចែកយុគសម័យបុរេប្រវត្តិសាស្ត្រកម្ពុជាជាបីយុគសម័យគឺ -យុគថ្មបំបែក (600000 - 12000 ឆ្នាំមុនគ.ស) -យុគថ្មរលីងឬសំលៀង (8000 - 2000 ឆ្នាំមុនគ.ស) -យុគលោហៈ(2000-100 ឆ្នាំមុនគ.ស)។,5,5,4,1.0,1.0,4,5,0,0
547,តើគេចែកយុគសម័យបុរេប្រវត្តិសាស្ត្រកម្ពុជាជាប៉ុន្មានយុគសម័យ?អ្វីខ្លះ?,គេចែកយុគសម័យបុរេប្រវត្តិសាស្ត្រកម្ពុជាជាបីយុគសម័យគឺ -យុគថ្មបំបែក (600000 - 12000 ឆ្នាំមុនគ.ស) -យុគថ្មរលីងឬសំលៀង (8000 - 2000 ឆ្នាំមុនគ.ស) -យុគលោហៈ(2000-100 ឆ្នាំមុនគ.ស)។,គេចែកយុគសម័យបុរេប្រវត្តិសាស្ត្រកម្ពុជាជាបីយុគសម័យគឺ -យុគថ្មបំបែក -យុគថ្មរលីងឬសំលៀង -យុគលោហៈ។,5,3,2,0.6,0.5786223192958814,2,3,0,0
548,តើសង្គមខ្មែរនៅសម័យអង្គរមានប៉ុន្មានវណ្ណៈ? វណ្ណៈអ្វីខ្លះ? ចូលរៀបរាប់។,សង្គមខ្មែរនៅសម័យអង្គរមានប្រាំវណ្ណៈគឺ -វណ្ណៈក្សត្រឬរាជវង្សនុវង្ស (ជាស្ដេចគ្រប់គ្រងប្រទេស -វណ្ណៈមន្ត្រី (អ្នករស់នៅក្នុងរាជវាំងបម្រើស្ដេច) -វណ្ណៈព្រាហ្ម៍ឬបុព្វជិត​(គឺជាអ្នកបួស) -វណ្ណៈអ្នកជាឬកសិករ (អ្នករស់នៅនឹងធ្វើស្រែចម្ការ) -វណ្ណៈអ្នកងារឬទាសករ(ទាសករបម្រើគេតកូនតចៅ)។,សង្គមខ្មែរនៅសម័យអង្គរមានប្រាំវណ្ណៈគឺ -វណ្ណៈក្សត្រ -វណ្ណៈមន្ត្រី -វណ្ណៈបុព្វជិត -វណ្ណៈអ្នកជា -វណ្ណៈទាសករ។,10,6,2,0.6,0.7164528162944629,3,7,1,1
549,ដូចម្តេចដែលហៅថាមេយ៉ូស? ចូរនិយាយពីវគ្គផ្សេងៗនៃមេយ៉ូស។,មេយ៉ូសជាសំណុំនៃចំណែកកោសិកាពីរដងបន្តបន្ទាប់គ្នាដែលបង្កើតបានជាកោសិកាអាលូអុីតបួន ហៅថាមេយ៉ូស ។ _តេឡូផាស1 ស៊ីតូប្លាសចែកខ្លួនបានជាកោសិកាកូនពីរ ។កោសិកាកូននីមួយៗទទួលបានក្រូម៉ូសូម តែមួយពីរគូអូម៉ូឡូក ។ _ប្រផាស1 មានរយៈពេលវែង ។ _អាណាផាស1 ក្រូម៉ូសូមដំរៀបលើផ្លាស់ភ្ជាប់នឹងក្រយ៉ូងក្រូម៉ាទិចដោយសង់ក្រូងទ័ររបស់វា ។ _តេឡូផាស2 ក្រូម៉ូមនីមួយៗបានមកដល់ប៉ូលភ្នាស _មេតាផាស2 ក្រូម៉ូសូមប្រេះតាមបណ្ដោយភ្ជាប់ខ្លួនទៅនិងក្រយ៉ងក្រូម៉ាទិចដោយសង់ _ប្រូដាស2 ត្តយ៉ងអាក្រូម៉ាទិតកើតមានក្នុងកោសិកាគូនីមួយៗ _អាណាផាស2 សង់ក្រូម៉ែធ្វើចំណែកដែលនាំអោយក្រូម៉ាទិចបងប្អូនដាច់ចេញពីគ្នា ។បន្ទាប់មក ក្រូម៉ូសូមកូនទាំង2ធ្វើដំណើរឆ្ពោះទៅប៉ូលផ្ទុយគ្នារបស់ត្រយ៉ូងអាក្រូម៉ាទិច ។,មេយ៉ូសជាសំណុំនៃចំណែកកោសិកាពីរដងបន្តបន្ទាប់គ្នាដែលបង្កើតបានជាកោសិកាអាលូអុីតបួន ហៅថាមេយ៉ូស ។ _តេឡូផាស1 _ប្រផាស1  _អាណាផាស1 _មេតាផាស1 _ប្រូដាស2  _អាណាផាស2 _មេតាផាស2 _តេឡូផាស2,10,5,2,0.5,0.4763250613126828,2,5,0,0
550,ចូរប្រៀបធៀបលក្ខណៈខុសគ្នានៃផ្សិត និងរុក្ខជាតិ។,លក្ខណៈខុសគ្នានៃផ្សិតនិងរុក្ខជាតិ +ផ្សិត  -ផ្សិតបន្តពូជតាមរយៈស្ប៉ -ផ្សិតមិនធ្វើរស្មីសំយោគ -អុីប -វារស់នៅកន្លែងសើម +រុក្ខជាតិ -បន្តពូជដោយគ្រាប់ -វាត្រូវការធ្វើរស្មីសំយោគ -វារស់នៅកន្លែងដែលមានពន្លឺ,ប្រៀបធៀបលក្ខណ:ខុសគ្នារវាងផ្សិតនិងរុក្ខជាតិ  +ផ្សិត -បរជីព -អុីបក្រោមដី -ស្ប៉ +រុក្ខជាតិ -ស្វ័យជីព -គ្រាប់ -ឬស,12,12,4,1.0,0.33934295232248135,1,4,3,8
551,តើសេដ្ឋកិច្ចកម្ពុជាពឹងផ្អែកលើវិស័យអ្វីជាសំខាន់?     ក/ ហេតុអ្វីបានជាគេនិយាយថាកម្ពុជាជាប្រទេសកសិកម្ម?     ខ/ តើគេចែកកសិករជាប៉ុន្មានប្រភេទ?អ្វីខ្លះ?,សេដ្ឋកិច្ចកម្ពុជាពឹងផ្អែកលើវិស័យកសិកម្មជាសំខាន់។   ក/ បានជាគេនិយាយថាកម្ពុជាជាប្រទេសឧស្សាហកម្មព្រោះ៖  _  សណ្ឋានដី : ដីមានជីវជាតិល្អនិងសម្បូរទំនាបល្បាប់   _ ផ្លូវទឹក : ផ្លូវទឹកខ្វាត់ខ្វែងងាយស្រួលដល់ការដាំដុះ  _ ប្រជាជន : ប្រជាជនខ្មែរភាគច្រើនចូលចិត្តធ្វើកសិកម្ម  _ អាកាសធាតុ : ទទួលអាកាសធាតុក្តៅសើម  _ កសិកម្មផ្តល់ផល50%នៃផលិតផលជាតិសរុប។  ខ/ គេចែកកសិករទាំងនោះជា4ប្រភេទគឺ៖  _ កសិករធ្វើស្រែឬអ្នកស្រែ : និយមធ្វើស្រែ ស្រូវប្រាំង ស្រូវវស្សា ស្រូវឡើងទឹក  _ កសិករតំបន់ដីខ្ពស់ : គេដាំដំណាំជាអចិន្ត្រៃយ៍(ពោត ដំឡូង ចេក កៅស៊ូសណ្តែក)  _ កសិករធ្វើចម្ការដំណាំស្រូវ : គេដាំដំណាំតាមមាត់ទន្លេ ចិញ្ចឹមសត្វនិងនេសាទ  _ កសិករភូមិភាគឦសាន: គេធ្វើដំណាំព្រៃដុតមានដូចជាពោត ដំឡូង ស្រូវរុក្ខជាតិយកមើមដទៃទៀត និងបរបាញ់សត្វផងដែរ។,សេដ្ឋកិច្ចកម្ពុជាពឹងផ្អែកលើវិស័យកសិកម្មជាសំខាន់៖ ក.បានជាគេនិយាយថាកម្ពុជាជាប្រទេសកសិកម្មព្រោះជាវិស័យកសិកម្មជាប្រភពចំណូលជាតិដែលធ្វើឲ្យប្រទេសអភិវឌ្ឍន៍បានរីកចម្រើនជាងគេហើយក៏ដោយសារប្រជាជនភាគ ច្រើនជាកសិករដែលរស់នៅទីជនបទហើយម្យ៉ាងទៀត ប្រទេសកម្ពុជាមានសណ្ឋានដីជាតំបន់វាសទំនងនិងខ្ពស់រាបដែលសម្បូរទៅដោយដីមានជីវជាតិដែលអាចដាំដុះបន្លែផ្លែឈើនិងដំណាំផ្សេងៗបានយ៉ាងល្អ។ ខ.គេបែងចែកកសិករទាំងនោះជាបីផ្នែក៖ +អ្នកបង្ករបង្កើនផលមានតួនាទីបង្កើតនិងដាំដុះនូវគ្រាប់ពូជនិងពន្លកឲ្យលូតលាស់។ +អ្នកថែទាំ:គឺជាអ្នកថែរក្សាកសិកម្មឲ្យមានទិន្នផលល្អប្រសើរជាផុតពីការយើសយីពីសត្វល្អិតផ្សេងៗនិងការលិចទឹកការបាត់បង់ទឹកជាដើម។ +អ្នកប្រមូល:គឺជាអ្នកដែលចាប់ផ្ដើមប្រមូលនូវទិន្នផលកសិកម្មដែលដល់ពេលចូលរដូវការប្រមូលផល។,20,10,2,0.5,0.3536382306778081,1,7,1,3
552,តើអាណាចក្រភ្នំមានព្រំប្រទល់ជាប់ប្រទេសណាខ្លះ?,អាណាចក្រភ្នំមានព្រំប្រទល់ជាប់ប្រទេសដូចជា -ខាងជើងជាប់ចិន -ខាងត្បូងជាឈូងសមុទ្រខ្មែរ -ខាងកើតជាប់រដ្ឋចម្ប៉ា -ខាងលិចជាប់រដ្ធមនឬភូមា។,អាណាចក្រភ្នំមានព្រំប្រទល់ខាងជើងជាប់នឹងប្រទេសចិន(រដ្ឋណានឆាវនិងតុងតឹង)ខាងកើតជាប់រដ្ឋចម្ប៉ា(ឈូងសមុទ្រចិន)និងខាងត្បូងជាប់និងឈូងសមុទ្រខ្មែរ(នគរភ្នំ)និងខាងលិចជាប់រដ្ឋមនឬភូមា។,6,6,4,1.0,0.6647821859686388,3,4,1,2
553,តើអ្វីជាសង្គ្រាមត្រជាក់? តើសង្គ្រាមត្រជាក់ផ្ដល់ផលវិបាកអ្វីខ្លះដល់កម្ពុជា?,សង្គ្រាមត្រជាក់គឺជាការប្រឈមមុខដាក់គ្នាដោយប្រយោលរវាងប្លុកលោកខាងលិចដែលប្រកាន់យលលទ្ធិសេរីនិយមដឹកនាំដោយសាហរដ្ឋអាមេរិក ដែលខាងកើតប្រកាន់យកលទ្ធិគុម្មុយនីសដឹកនាំដោយសហភាពសូវៀត។ការប្រឈមមុខគ្នារវាងប្លុកទាំងពីរនេះបង្កើតមានក្នុងវិស័យមនោគមន៍វិជ្ជា នយោបាយ  សេដ្ឋកិច្ច ពាណិជ្ជកម្ម និងទំនាក់ទំនងអន្តរជាតិ។ ផលវិបាកមានដូច៖ -មានវិនាសកម្មការទម្លាក់គ្រាប់បែករបស់សហរដ្ឋអាមេរិក 1969 ដល់ 1973  -សង្រ្គាមស៊ីវិលក្នុងប្រទេសពីឆ្នាំ 1970 ដល់ឆ្នាំ 1975 និងកើតម្ដងទៀតពីឆ្នាំ 1975 ដល់ 1980 ដែលកើតចេញពីការប្រឆាំងគ្នារវាងក្រុមគម្មុយនីសនឹងសេរីនិយម -ការកាប់សម្លាប់ប្រជាជនឯងក្រោមរបបប្រល័យពូជសាសន៍ឆ្នាំ 1975 ដល់ឆ្នាំ 1979  -ការផ្លាស់ប្ដូរនយោបាយញឹកញាប់រហូតដល់មានកិច្ចព្រមព្រៀងសន្តិភាពទីក្រុងប៉ារីស 23 តុលាឆ្នាំ 1991។,សង្គ្រាមត្រជាក់គឺជាការប្រឈមមុខដាក់គ្នាដោយប្រយោលរវាងប្លុកលោកខាងលិចដែលប្រកាន់យលលទ្ធិសេរីនិយមដឹកនាំដោយសាហរដ្ឋអាមេរិក ដែលខាងកើតប្រកាន់យកលទ្ធិគុម្មុយនីសដឹកនាំដោយសហភាពសូវៀត។ការប្រឈមមុខគ្នារវាងប្លុកទាំងពីរនេះបង្កើតមានក្នុងវិស័យមនោគមន៍វិជ្ជា នយោបាយ  សេដ្ឋកិច្ច ពាណិជ្ជកម្ម និងទំនាក់ទំនងអន្តរជាតិ។ ផលវិបាកមានដូច៖ -មានវិនាសកម្មការទម្លាក់គ្រាប់បែករបស់សហរដ្ឋអាមេរិក 1969 ដល់ 1973  -សង្រ្គាមស៊ីវិលក្នុងប្រទេសពីឆ្នាំ 1970 ដល់ឆ្នាំ 1975 និងកើតម្ដងទៀតពីឆ្នាំ 1975 ដល់ 1980 ដែលកើតចេញពីការប្រឆាំងគ្នារវាងក្រុមគម្មុយនីសនឹងសេរីនិយម -ការកាប់សម្លាប់ប្រជាជនឯងក្រោមរបបប្រល័យពូជសាសន៍ឆ្នាំ 1975 ដល់ឆ្នាំ 1979  -ការផ្លាស់ប្ដូរនយោបាយញឹកញាប់រហូតដល់មានកិច្ចព្រមព្រៀងសន្តិភាពទីក្រុងប៉ារីស 23 តុលាឆ្នាំ 1991។,10,9,4,0.9,0.9999999999999999,4,10,0,1
554,ចូរប្រៀបធៀបលក្ខណៈខុសគ្នានៃផ្សិត និងរុក្ខជាតិ។,លក្ខណៈខុសគ្នានៃផ្សិតនិងរុក្ខជាតិ +ផ្សិត  -ផ្សិតបន្តពូជតាមរយៈស្ប៉ -ផ្សិតមិនធ្វើរស្មីសំយោគ -អុីប -វារស់នៅកន្លែងសើម +រុក្ខជាតិ -បន្តពូជដោយគ្រាប់ -វាត្រូវការធ្វើរស្មីសំយោគ -វារស់នៅកន្លែងដែលមានពន្លឺ,លក្ខណ:ខុសគ្នារវាងផ្សិត និង រុក្ខជាតិ +ផ្សិត -ជាភាវ:រស់បរជីព -មានអុីបក្រោមដី -បន្តពូជតាមរយ:ស្ប៉ +រុក្ខជាតិ -ជាភាវ:រស់ស្វ័យជីព -មានឬស -បន្តពូជតាមរយ:គ្រាប់ ។,12,10,3,0.8333333333333334,0.36742979754689137,1,4,2,6
555,ហេតុអ្វីបានជាមនុស្សស្រូបយកខ្យល់ដែលមានកាបូនម៉ណូអុកស៊ីតអាចបង្កគ្រោះថ្នាក់ដល់ស្លាប់បាន?,បានជាមនុស្សស្រូបយកខ្យល់ដែលមានកាបូនម៉ូណូអុកស៊ីដអាចបង្កឲ្យមានគ្រោះថ្នាក់ដល់ស្លាប់ បានព្រោះកាបូនម៉ូណូអុកស៊ីដមានសមត្ថភាពចាប់យក ក្នុងឈាមបានខ្លាំងជាងអុកស៊ីសែន វារារាំងឈាមមិនឲ្យដឹកនាំអុកស៊ីសែនទៅចិញ្ចឹមសរីរាង្គជាពិសេសខួរក្បាលដែលបណ្តាលឲ្យ ស្លាប់និង សន្លប់ ។,បានជាមនុស្សស្រូបយកខ្យល់ដែលមានកាបូនម៉ូណូអុកស៊ីដអាចបង្កឲ្យមានគ្រោះថ្នាក់ដល់ស្លាប់បាន ព្រោះ _កាបូនម៉ូណូអុកស៊ីដមានសមត្ថភាពចាប់យក ក្នុងឈាមបានខ្លាំងជាងអុកស៊ីសែន _រារាំងឈាមមិនឲ្យដឹកនាំអុកស៊ីសែនទៅចិញ្ចឹមសរីរាង្គជាពិសេសខួរក្បាលដែលបណ្តាលឲ្យស្លាប់និង សន្លប់ ។,5,4,3,0.8,0.9699114256307003,4,5,1,1
556,ចូរនិយាយពីកំណកាម៉ែតញី។,ការស្ថិតនៅក្រោមសារពាង្គកាយនៃពងស្វាសមានសារៈសំខាន់ដូចជាដើម្បីរក្សាសីតុណ្ហភាពឲ្យ ទាបជាងសីតុណ្ហភាពក្នុងខ្លួន ប្រហែលពី(2-3)សីតុណ្ហភាពក្នុងខ្លួន37 ។,កំណកាម៉ែនញី ដំបូងកោសិកាពូជមួយរកចម្ងាយពីរដងទម្លាប់គ្នាបានកោសិកាអូវ៉ូកូនី4 ។អូវុលរីក មាឌក្លាយជាអូវូស៊ីត1 ។អូវ៉ូស៊ីតមួយរងចំណែកមួយនៃមេយ៉ូសហើយត្រូវបានជាប់គាំងនៅចុង វគ្គមួយ ។,10,5,2,0.5,0.020265111967696484,0,0,2,5
557,បុព្វហេតុអ្វីខ្លះដែលនាំឲ្យអាណាចក្រចេនឡាបែកបាក់ជាពីរគឺអាណាចក្រចេនឡាដីគោកនិងចេនឡាទឹកលិច?,បុព្វហេតុដែលនាំហើយអាណាចក្រចេនឡាបែកជាពីរគឺ -វិសាលភាពទឹកដីធំទូលាយ -ចម្បាំងអត់ឈប់ឈរ -សមន្ដរដ្ឋបះបោរចង់ផ្ដាច់ខ្លួន -វិបត្តិផ្ទៃក្នុង -ព្រះនាងជ័យទេវីគ្មានសមត្ថភាពគ្រប់គ្រង។,បុព្វហេតុដែលនាំហើយអាណាចក្រចេនឡាបែកជាពីរគឺ -វិសាលភាពទឹកដីធំទូលាយ -ចម្បាំងអត់ឈប់ឈរ -សមន្ដរដ្ឋបះបោរចង់ផ្ដាច់ខ្លួន -វិបត្តិផ្ទៃក្នុង -ព្រះនាងជ័យទេវីគ្មានសមត្ថភាពគ្រប់គ្រង។,7,7,4,1.0,1.0,4,7,0,0
558,តើដំណាក់កាលទាំងពីរនៃវដ្ដជីវីតរបស់រុក្ខជាតិមានអ្វីខ្លះ? ចូររៀបរាប់។,ដំណាក់កាល ទាំងពីរនៃវដ្ដជីវិតរបស់រុក្ខជាតិមាន  - ដំណាក់កាលស្ប៉រ៉ូភីត គឺជារុក្ខជាតិផលិតស្ប៉។ វាជាកោសិកាតូចៗដែលអាចលូតលាស់ជាសារពាង្គកាយថ្មី  -ស្ប៉លូតលាស់ក្នុងដំណាក់កាលផ្សេងទៀតនៃរុក្ខជាតិ ហៅថាកាម៉ែតូភីត។ ក្នុងដំណាក់កាលនៃរុក្ខជាតិផលិតកោសិកាភេទពីរបែប គឺកាម៉ែតឈ្មោល និងកាម៉ែតញី ។ កាម៉ែតញី និង កាម៉ែតឈ្មោលលាយចូលគ្នា បង្កើតបានជាសុីកូត។ បន្ទាប់មកទៀត សុីកូតលូតលាស់ទៅជាស្ប៉រ៉ូភីត។ស្ប៉រ៉ូភីតផលិតស្ប៉លូតលាស់ក្នុងកាម៉ែតូភីត កាម៉ែតូភីតផលិតកាម៉ែតញី និងកាម៉ែតឈ្មោល ហើយវដ្ដផ្ដើមសារជាថ្មី។,ដំណាក់កាល ទាំងពីរនៃវដ្ដជីវិតរបស់រុក្ខជាតិមាន 2 គឺ ស្ប៉រ៉ូភីត និង កាម៉ែតូភីត។ +ដំណាក់កាលស្ប៉រ៉ូភីត : គឺជារុក្ខជាតិផលិតស្ប៉ ។វាជាកោសិកាតូចៗ ដែលអាចលូតលាសៀជាសារពាង្គកាយថ្មី។ +ស្ប៉លូតលាស់ក្នុងដំណាក់កាលមួយផ្សេងទៀតនៃរុក្ខជាតិហៅថាកាម៉ែតភីត ។ក្នុងដំណាក់កាលនេះរុក្ខជាតិផលិតកោសិកាពីរបែបគឺ កាម៉ែតឈ្មោល និង កាម៉ែតញី។,15,14,4,0.9333333333333333,0.8381459560901626,3,13,1,1
559,បុព្វហេតុអ្វីខ្លះដែលនាំឲ្យអាណាចក្រចេនឡាបែកបាក់ជាពីរគឺអាណាចក្រចេនឡាដីគោកនិងចេនឡាទឹកលិច?,បុព្វហេតុដែលនាំហើយអាណាចក្រចេនឡាបែកជាពីរគឺ -វិសាលភាពទឹកដីធំទូលាយ -ចម្បាំងអត់ឈប់ឈរ -សមន្ដរដ្ឋបះបោរចង់ផ្ដាច់ខ្លួន -វិបត្តិផ្ទៃក្នុង -ព្រះនាងជ័យទេវីគ្មានសមត្ថភាពគ្រប់គ្រង។,បុព្វហេតុដែលនាំហើយអាណាចក្រចេនឡាបែកជាពីរគឺ -វិសាលភាពទឹកដីធំទូលាយ -ចម្បាំងអត់ឈប់ឈរ -សមន្ដរដ្ឋបះបោរចង់ផ្ដាច់ខ្លួន -វិបត្តិផ្ទៃក្នុង -ព្រះនាងជ័យទេវីគ្មានសមត្ថភាពគ្រប់គ្រង។,7,7,4,1.0,1.0,4,7,0,0
560,តើសង្គមខ្មែរនៅសម័យអង្គរមានប៉ុន្មានវណ្ណៈ? វណ្ណៈអ្វីខ្លះ? ចូលរៀបរាប់។,សង្គមខ្មែរនៅសម័យអង្គរមានប្រាំវណ្ណៈគឺ -វណ្ណៈក្សត្រឬរាជវង្សនុវង្ស (ជាស្ដេចគ្រប់គ្រងប្រទេស -វណ្ណៈមន្ត្រី (អ្នករស់នៅក្នុងរាជវាំងបម្រើស្ដេច) -វណ្ណៈព្រាហ្ម៍ឬបុព្វជិត​(គឺជាអ្នកបួស) -វណ្ណៈអ្នកជាឬកសិករ (អ្នករស់នៅនឹងធ្វើស្រែចម្ការ) -វណ្ណៈអ្នកងារឬទាសករ(ទាសករបម្រើគេតកូនតចៅ)។,សង្គមខ្មែរនៅសម័យអង្គរមានប្រាំវណ្ណៈគឺ -វណ្ណៈក្សត្រឬរាជវង្សនុវង្ស: មានបុព្វសិទ្ធណាស់គ្មានការបង់ពន្ធ មានអំណាចគ្រប់គ្រាន់រស់នៅដោយស្រួលមិនចាំបាច់ធ្វើការងារ និងមិននឿយហត់ទេ -វណ្ណៈមន្ត្រី: ឋានានុក្រមរបស់ពួកគេអាចសម្គាល់តាមរយៈឥស្សតិយយសនិងចំនួនផ្ទះប្រកក្បឿងរបស់ពួកគេ។ -វណ្ណៈអ្នកបួសឬបុព្វជិត​: មានពួកប៉ាន់ឃាប ព្រាហ្ម៍បុរោហិត ជូគូនិងប៉ាវីស៊ី។ -វណ្ណៈអ្នកជា:ពួកមានឋន្តះដូចពួកឈ្មួញសិប្បករ កសិករនិងប្រជារាស្រ្ដសាមញ្ញ -  វណ្ណៈអ្នកងារឬទាសករ:ពួកនេះជាអ្នកបម្រើគេអស់មួយជីវិតតកូនតចៅនេះមានឋានៈទាបបំផុតហើយត្រូវទៅធ្វើការតាមបញ្ជាគេដាក់ឲ្យនឹងគ្មានប្រាក់កម្រៃទេ។ពួកទាសកនេះមានទាសករឈ្លើយសឹក ទាសករតពូជ ទាសករជាជនជាតិភាគតិចនិងទាសករដែលគេចាប់យកមកលក់។,10,10,4,1.0,0.5097273177048157,2,5,2,5
561,តើឧស្សាហកម្មមានតួនាទីចំពោះសេដ្ឋកិច្ចជាតិយ៉ាងដូចម្ដេច?,ឧស្សាហកម្មមានតួនាទីសម្រាប់សេដ្ឋកិច្ចជាតិដូចជា -ជួយបង្កើតប្រាក់ចំណូលចូលជាតិ -បង្កើតការងារដល់ប្រជាជន -បង្កើតប្រាក់ចំណូលចូលក្នុងគ្រួសារ -ប្រជាជនមានជីវភាពធូរធារ -ជួយរក្សាជញ្ជីងពាណិជ្ជកម្ម -ជួយបង្កើតទិន្នផលសម្រាប់ការនាំចេញនាំចូល -បង្កើននូវសង្ឃភារៈសម្រាប់ប្រើប្រាស់។,ឧស្សាហកម្មមានតួនាទីចំពោះសេដ្ឋកិច្ចជាតិយ៉ាង៖ -ជួយបង្កើតការងារដល់ប្រជាជន -ជួយបង្កើនថវិកាជាតិ -ជួយឲ្យសេដ្ឋកិច្ចដើរទៅមុខ -ឧស្សាហកម្មកាត់ដេរ ឧស្សាហកម្មនេះមិនទៀងទាត់ និងមិនរឹងមាំព្រោះតម្រូវការបោះទំនិញថយចុះ រួមទាំងការប្រកួតប្រវែងទីផ្សារ ដូចគ្នានៃបណ្ដាប្រទេសផ្សេងៗ និងតម្លៃដឹកជញ្ចូន។,15,8,2,0.5333333333333333,0.3528889195916303,1,5,1,3
562,តើកត្តាអ្វីខ្លះដែលបណ្ដាលឲ្យសៀមវាយបែកបន្ទាយលង្វែក?,កត្តាដែលបណ្ដាលឲ្យសៀមវាយបន្ទាយលង្វែកព្រះរាជាព្រះសត្ថាទីមួយឆោតល្ងង់ទៅជួយរំដោះក្រុងឰយុធ្យារបស់សៀមមកពីការត្រួតត្រាភូមាសៀមរមិលគុណប្រើល្បិចបញ្ជូនសល់ពីរអង្គ យកការវិបត្តិផ្ទៃក្នុងជាជួរជលសារលោករវល់ នាដើមម៉ឺនមន្ត្រីប្រជារាស្ត្រមិនពេញចិត្តដែលតែងទៅកូនអាយុដប់មួយវស្សា ឲ្យកូនរៀននៅ ក្នុងនាម មហាឧបរាជ ធ្វើឲ្យប្រជារាស្ត្របាត់បង់ស្មារតីប្រយុទ្ធប្រជារាស្ត្រខ្មែរក្រីក្រឆោតល្ងង់ចង់បានប្រាក់ដួលក៏នាំគ្នាកាប់ឆ្ការគុម្ពឫស្សីដែលជារបងការពារបន្ទាយលង្វែកដ៏រឹងមាំ រីប្រទេសខ្មែរហាក់បីដូចជាបាត់បង់សាមគ្គីដូចជាស្ថានីយមួយនាំកូនទាំងពីររត់ភៀសខ្លួនទៅប្រទេសឡាវមិនគិតពីប្រជារាស្ត្រនាំឲ្យប្រជាជន អស់ជំនឿ,កត្តាដែលបណ្ដាលឲ្យសៀមវាយបន្ទាយលង្វែកព្រះរាជាព្រះសត្ថាទីមួយឆោតល្ងង់ទៅជួយរំដោះក្រុងឰយុធ្យារបស់សៀមមកពីការត្រួតត្រាភូមាសៀមរមិលគុណប្រើល្បិចបញ្ជូនសល់ពីរអង្គ យកការវិបត្តិផ្ទៃក្នុងជាជួរជលសារលោករវល់ នាដើមម៉ឺនមន្ត្រីប្រជារាស្ត្រមិនពេញចិត្តដែលតែងទៅកូនអាយុដប់មួយវស្សា ឲ្យកូនរៀននៅ ក្នុងនាម មហាឧបរាជ ធ្វើឲ្យប្រជារាស្ត្របាត់បង់ស្មារតីប្រយុទ្ធប្រជារាស្ត្រខ្មែរក្រីក្រឆោតល្ងង់ចង់បានប្រាក់ដួលក៏នាំគ្នាកាប់ឆ្ការគុម្ពឫស្សីដែលជារបងការពារបន្ទាយលង្វែកដ៏រឹងមាំ រីប្រទេសខ្មែរហាក់បីដូចជាបាត់បង់សាមគ្គីដូចជាសត្ថាទីមួយនាំកូនទាំងពីររត់ភៀសខ្លួនទៅប្រទេសឡាវមិនគិតពីប្រជារាស្ត្រនាំឲ្យប្រជាជន អស់ជំនឿ។,10,10,4,1.0,0.9890900557451727,4,10,0,0
563,ដូចម្តេចដែលហៅថាមេយ៉ូស? ចូរនិយាយពីវគ្គផ្សេងៗនៃមេយ៉ូស។,មេយ៉ូសជាសំណុំនៃចំណែកកោសិកាពីរដងបន្តបន្ទាប់គ្នាដែលបង្កើតបានជាកោសិកាអាលូអុីតបួន ហៅថាមេយ៉ូស ។ _តេឡូផាស1 ស៊ីតូប្លាសចែកខ្លួនបានជាកោសិកាកូនពីរ ។កោសិកាកូននីមួយៗទទួលបានក្រូម៉ូសូម តែមួយពីរគូអូម៉ូឡូក ។ _ប្រផាស1 មានរយៈពេលវែង ។ _អាណាផាស1 ក្រូម៉ូសូមដំរៀបលើផ្លាស់ភ្ជាប់នឹងក្រយ៉ូងក្រូម៉ាទិចដោយសង់ក្រូងទ័ររបស់វា ។ _តេឡូផាស2 ក្រូម៉ូមនីមួយៗបានមកដល់ប៉ូលភ្នាស _មេតាផាស2 ក្រូម៉ូសូមប្រេះតាមបណ្ដោយភ្ជាប់ខ្លួនទៅនិងក្រយ៉ងក្រូម៉ាទិចដោយសង់ _ប្រូដាស2 ត្តយ៉ងអាក្រូម៉ាទិតកើតមានក្នុងកោសិកាគូនីមួយៗ _អាណាផាស2 សង់ក្រូម៉ែធ្វើចំណែកដែលនាំអោយក្រូម៉ាទិចបងប្អូនដាច់ចេញពីគ្នា ។បន្ទាប់មក ក្រូម៉ូសូមកូនទាំង2ធ្វើដំណើរឆ្ពោះទៅប៉ូលផ្ទុយគ្នារបស់ត្រយ៉ូងអាក្រូម៉ាទិច ។,មេយ៉ូសជាសំណុំនៃចំណែកកោសិកាពីរដងបន្តបន្ទាប់គ្នាដែលបង្កើតបានជាកោសិកាអាលូអុីតបួន ហៅថាមេយ៉ូស ។មានបួនវគ្គគឺ ប្រូផាស អាណាផាស មេតាផាស និង តេឡូផាស ។,10,5,2,0.5,0.3872975717277597,2,4,0,1
564,តើការស្ថិតនៅក្រៅសារពាង្គកាយនៃពងស្វាសមានសារៈសំខាន់ដូចម្តេច?,ការស្ថិតនៅក្រោមសារពាង្គកាយនៃពងស្វាសមានសារៈសំខាន់ដូចជាដើម្បីរក្សាសីតុណ្ហភាពឲ្យ ទាបជាងសីតុណ្ហភាពក្នុងខ្លួន ប្រហែលពី(2-3)សីតុណ្ហភាពក្នុងខ្លួន37 ។,ការស្ថិតនៅក្រោមសារពាង្គកាយនៃពងស្វាសមានសារៈសំខាន់ក្នុងការផលិតអរម៉ូនភេទឈ្មោលនិង បង្កើតស្ពែម៉ាតូសូអ៊ីត ។,10,3,1,0.3,0.28458921400642256,1,3,0,0
565,ហេតុអ្វីបានជាផ្នែកឯកជនជាកម្លាំងដ៏សំខាន់សម្រាប់វិនិយោគនិងធ្វើឲ្យមានកំណើនសេដ្ឋកិច្ចក្នុងប្រទេស?,បានជាផ្នែកឯកជនជាកម្លាំងដ៏សំខាន់សម្រាប់វិនិយោគនិងធ្វើឲ្យមានកំណើនសេដ្ឋកិច្ចក្នុងប្រទេស ព្រោះប្រទេសកម្ពុជាជាប្រទេសអភិវឌ្ឍន៍ សេដ្ឋកិច្ចទីផ្សារដោយបានធ្វើកំណែទម្រង់សហគ្រាសឧស្សាហកម្មឲ្យក្លាយទៅជាកម្មសិទ្ធិឯកជន ។ សេដ្ឋកិច្ចទីផ្សារសេរីនេះនាំឲ្យអ្នករកស៊ីបរទេសចូលចិត្តមកវិនិយោគ ហើយកាលណាផ្នែកឯកជនរឹងមាំមកវិនិយោគ ហើយកាលណាផ្នែកឯកជនមិនរឹងមាំអាចបំពេញបន្ថែមវិនិយោគនិងវិស័យសង្គមកិច្ចមានន័យថាវិស័យឯកជនស្រូបយកកម្លាំងការងារកាន់តែកើនឡើង។,ព្រោះវិស័យឯកជនជាក្បាលម៉ាស៊ីនសំខាន់សម្រាប់វិនិយោគនិងធ្វើឱ្យមានកំណើនសេដ្ឋកិច្ចក្នុងប្រទេសព្រោះ៖  • ប្រទេសកម្ពុជាតាំងពីផ្អែកសេដ្ឋកិច្ចទីផ្សារសេរីតាំងពីឆ្នាំ ១៩៩៣ និងផ្ដល់សហគ្រាសឱ្យឯកជនធ្វើសកម្មភាព,15,15,4,1.0,0.43362546518305106,2,7,2,8
566,តើការស្ថិតនៅក្រៅសារពាង្គកាយនៃពងស្វាសមានសារៈសំខាន់ដូចម្តេច?,ការស្ថិតនៅក្រោមសារពាង្គកាយនៃពងស្វាសមានសារៈសំខាន់ដូចជាដើម្បីរក្សាសីតុណ្ហភាពឲ្យ ទាបជាងសីតុណ្ហភាពក្នុងខ្លួន ប្រហែលពី(2-3)សីតុណ្ហភាពក្នុងខ្លួន37 ។,ការស្ថិតនៅក្រោមសារពាង្គកាយនៃពងស្វាសមានសារៈសំខាន់ក្នុងការផលិតអរម៉ូនភេទឈ្មោលនិង បង្កើតស្ពែម៉ាតូសូអ៊ីត ។,10,3,1,0.3,0.28458921400642256,1,3,0,0
567,តើអាណាចក្រភ្នំមានព្រំប្រទល់ជាប់ប្រទេសណាខ្លះ?,អាណាចក្រភ្នំមានព្រំប្រទល់ជាប់ប្រទេសដូចជា -ខាងជើងជាប់ចិន -ខាងត្បូងជាឈូងសមុទ្រខ្មែរ -ខាងកើតជាប់រដ្ឋចម្ប៉ា -ខាងលិចជាប់រដ្ធមនឬភូមា។,អាណាចក្រភ្នំមានព្រំប្រទល់ជាប់ប្រទេសដូចជា -ខាងជើងជាប់ចិន -ខាងត្បូងជាឈូងសមុទ្រខ្មែរ -ខាងកើតជាប់រដ្ឋចម្ប៉ា -ខាងលិចជាប់រដ្ឋមនឬភូមា។,6,6,4,1.0,0.9690658986445712,4,6,0,0
568,តើអ្វីជាសង្គ្រាមត្រជាក់? តើសង្គ្រាមត្រជាក់ផ្ដល់ផលវិបាកអ្វីខ្លះដល់កម្ពុជា?,សង្គ្រាមត្រជាក់គឺជាការប្រកួតប្រជែងផ្នែកមនោគមវិទ្យារវាងសេដ្ឋកិច្ចនយោធានិងបច្ចេកវិទ្យា។សង្គ្រាមមជ្ឈមណ្ឌលផលវិបាកដល់កម្ពុជាដូចជា -ការអនុវត្តនយោបាយវិទ្យាក្រឹត្យរបស់សម្ដេចនរោត្តមសីហនុមិនចោទទិសដៅ -ប្រទេសកម្ពុជាធ្លាក់ក្នុងសង្គ្រាមស៊ីវល -ខ្មែរក្រហមឡើងកាន់អំណាច -ប្រទេសកម្ពុជាមានភាពអាណាធិបតេយ្យ -សេដ្ឋកិច្ចកម្ពុជាធ្លាក់ចុះ -ប្រទេសកម្ពុជារស់នៅដែលភាពភ័យខ្លាច -រោងចក្រឧស្សាហកម្មបិទទ្វារ -បែកបាក់សាមគ្គីផ្ទៃក្នុង,សង្គ្រាមត្រជាក់គឺជាការប្រកួតប្រជែងផ្នែកមនោគមន៍វិទ្យារវាងប្លុកកុម្មុយនីសនិងប្លុកសេរីដែលប្រកួតប្រជែងផ្នែកនយោបាយសេដ្ឋកិច្ច,10,2,1,0.2,0.36926075019068,1,4,0,2
569,តើអាណាចក្រភ្នំមានព្រំប្រទល់ជាប់ប្រទេសណាខ្លះ?,អាណាចក្រភ្នំមានព្រំប្រទល់ជាប់ប្រទេសដូចជា -ខាងជើងជាប់ចិន -ខាងត្បូងជាឈូងសមុទ្រខ្មែរ -ខាងកើតជាប់រដ្ឋចម្ប៉ា -ខាងលិចជាប់រដ្ធមនឬភូមា។,អាណាចក្រភ្នំមានព្រំប្រទល់ជាប់ប្រទេសដូចជា -ខាងជើងជាប់ចិន -ខាងត្បូងជាឈូងសមុទ្រខ្មែរ -ខាងកើតជាប់រដ្ឋចម្ប៉ា -ខាងលិចជាប់រដ្ឋមនឬភូមា។,6,6,4,1.0,0.9690658986445712,4,6,0,0
570,តើអាណាចក្រភ្នំមានព្រំប្រទល់ជាប់ប្រទេសណាខ្លះ?,អាណាចក្រភ្នំមានព្រំប្រទល់ជាប់ប្រទេសដូចជា -ខាងជើងជាប់ចិន -ខាងត្បូងជាឈូងសមុទ្រខ្មែរ -ខាងកើតជាប់រដ្ឋចម្ប៉ា -ខាងលិចជាប់រដ្ធមនឬភូមា។,អាណាចក្រភ្នំមានព្រំប្រទល់ជាប់ប្រទេសដូចជា -ខាងជើងជាប់ចិន(រដ្ឋណានឆាវតុងកឹង) -ខាងត្បូងជាឈូងសមុទ្រខ្មែរ(ឈូងសមុទ្រនគរភ្នំ) -ខាងកើតជាប់រដ្ឋចម្ប៉ា -ខាងលិចជាប់រដ្ឋមនឬភូមា។,6,6,4,1.0,0.8829242704727436,4,5,0,1
571,តើកត្តាអ្វីខ្លះដែលធ្វើអោយសម័យអង្គររីកចម្រើនដល់កំពូល?​ ចូលរៀបរាប់។,កត្តាដែលធ្វើអោយសម័យអង្គររីកចម្រើនគឺ: កត្តាព្រះរាជា:ព្រះរាជាចាប់ពីព្រះបាទជ័យវរ្ម័នទី 2 រហូតដល់ព្រះបាទជ័យវរ្ម័នទី 7 សុទ្ធតែជាស្ដេចខ្លាំងពូកែ កត្តានយោបាយ: នយោបាយក្នុងប្រទេសបង្រួបបង្រួមជាតិកសាងនិងការពារទឹកដី នយោបាយក្រៅប្រទេស:ចងសម្ព័ន្ធមិត្តជាមួយប្រទេសធំៗវាយយករដ្ឋតូចដាក់ជាចំណុះ កត្តាសេដ្ឋកិច្ច:រីកចម្រើនលើវិស័យកសិកម្មសិប្បកម្មគណនាគម កត្តាសាសនា:ការឯកភាពគ្នារវាងសាសនាព្រាហ្មនិងព្រះពុទ្ធ កត្តាធនធានមនុស្សបន្សល់ទុកតាំងពីសម័យនគរភ្នំនិងចេនឡាមក។,កត្តាដែលធ្វើអោយសម័យអង្គររីកចម្រើនគឺ: កត្តាព្រះរាជា:ព្រះរាជាចាប់ពីព្រះបាទជ័យវរ្ម័នទី 2 រហូតដល់ព្រះបាទជ័យវរ្ម័នទី 7 សុទ្ធសឹងតែជាស្ដេចខ្លាំងពូកែ កត្តានយោបាយ: នយោបាយក្នុងប្រទេសបង្រួបបង្រួមជាតិកសាងនិងការពារទឹកដី នយោបាយក្រៅប្រទេស:ចងសម្ព័ន្ធមិត្តជាមួយប្រទេសធំៗវាយយករដ្ឋតូចដាក់ជាចំណុះ កត្តាសាសនា:ការឯកភាពគ្នារវាងសាសនាព្រាហ្មនិងព្រះពុទ្ធ កត្តាមនុស្ស:មនុស្សបន្សល់ទុកតាំងពីសម័យនគរភ្នំនិងចេនឡាមក។,10,9,4,0.9,0.9425976786187968,4,9,0,0
572,បុព្វហេតុអ្វីខ្លះដែលនាំឲ្យអាណាចក្រចេនឡាបែកបាក់ជាពីរគឺអាណាចក្រចេនឡាដីគោកនិងចេនឡាទឹកលិច?,បុព្វហេតុដែលនាំហើយអាណាចក្រចេនឡាបែកជាពីរគឺ -វិសាលភាពទឹកដីធំទូលាយ -ចម្បាំងអត់ឈប់ឈរ -សមន្ដរដ្ឋបះបោរចង់ផ្ដាច់ខ្លួន -វិបត្តិផ្ទៃក្នុង -ព្រះនាងជ័យទេវីគ្មានសមត្ថភាពគ្រប់គ្រង។,បុព្វហេតុដែលនាំហើយអាណាចក្រចេនឡាបែកជាពីរគឺ -វិសាលភាពទឹកដីធំទូលាយ -ចម្បាំងអត់ឈប់ឈរ -សមន្ដរដ្ឋបះបោរចង់ផ្ដាច់ខ្លួន -វិបត្តិផ្ទៃក្នុង -ព្រះនាងជ័យទេវីគ្មានសមត្ថភាពគ្រប់គ្រង។,7,7,4,1.0,1.0,4,7,0,0
573,តើការស្ថិតនៅក្រៅសារពាង្គកាយនៃពងស្វាសមានសារៈសំខាន់ដូចម្តេច?,ការស្ថិតនៅក្រោមសារពាង្គកាយនៃពងស្វាសមានសារៈសំខាន់ដូចជាដើម្បីរក្សាសីតុណ្ហភាពឲ្យ ទាបជាងសីតុណ្ហភាពក្នុងខ្លួន ប្រហែលពី(2-3)សីតុណ្ហភាពក្នុងខ្លួន37 ។,ការស្ថិតនៅក្រោមសារពាង្គកាយនៃពងស្វាសមានសារៈសំខាន់ក្នុងការផលិតអរម៉ូនភេទឈ្មោលនិង បង្កើតស្ពែម៉ាតូសូអ៊ីត ។,10,3,1,0.3,0.28458921400642256,1,3,0,0
574,តើប្រព័ន្ធផលិតកម្មកសិកម្មនៅក្នុងប្រទេសកម្ពុជាមានអ្វីខ្លះ?ចូររៀបរាប់​ ។,ប្រព័ន្ធផលិតកម្មកសិកម្មនៅប្រទេសកម្ពុជាមាន៖    _ ដំណាំ : ដំណាំស្រូវ ដំណាំកៅស៊ូ ដំណាំផ្សេងៗទៀត    _ ការចិញ្ចឹមសត្វ : ការចិញ្ចឹមសត្វលើគោក ការចិញ្ចឹមសត្វក្នុងទឹក    _ ការនេសាទ : ការនេសាទទឹកសាប ការនេសាទទឹកប្រៃ  _ ព្រៃឈើ : ផលិតផលឈើ អនុផលព្រៃឈើ(រកឃ្មុំ ជ័រទឹក វល្លិ៍ ផ្តៅ) សត្វព្រៃ ។,ប្រព័ន្ធផលិតកម្មនៅប្រទេសកម្ពុជារួមមាន៖ -ឧស្សាហកម្មជួយឲ្យប្រទេសមានការរីកចម្រើន -សេដ្ឋកិច្ចអភិវឌ្ឍន៍ប្រទេសក្រីក្រថាប្រទេស មានទំនាក់ទំនងជាមួយប្រទេសជិតខាង -ប្រទេសមានការរីកចម្រើនធ្វើឲ្យប្រទេសនាំចូលឧស្សាហកម្ -មកាន់តែច្រើនឡើង មានការនាំចូលនាំចេញទៅក្រៅប្រទេសបង្កើតការងារឲ្យប្រជាជន -ប្រជាជនគ្មានការងារធ្វើ ច្រើនធ្វើឲ្យប្រទេសជាតិ ខាងវិស័យ មានតួនាទីសំខាន់ចំពោះប្រទេស,10,7,3,0.7,0.13668508896811687,1,1,2,6
575,បុព្វហេតុអ្វីខ្លះដែលនាំឲ្យអាណាចក្រចេនឡាបែកបាក់ជាពីរគឺអាណាចក្រចេនឡាដីគោកនិងចេនឡាទឹកលិច?,បុព្វហេតុដែលនាំហើយអាណាចក្រចេនឡាបែកជាពីរគឺ -វិសាលភាពទឹកដីធំទូលាយ -ចម្បាំងអត់ឈប់ឈរ -សមន្ដរដ្ឋបះបោរចង់ផ្ដាច់ខ្លួន -វិបត្តិផ្ទៃក្នុង -ព្រះនាងជ័យទេវីគ្មានសមត្ថភាពគ្រប់គ្រង។,បុព្វហេតុដែលនាំហើយអាណាចក្រចេនឡាបែកជាពីរគឺ -វិសាលភាពទឹកដីធំទូលាយ -ចម្បាំងអត់ឈប់ឈរ -សមន្ដរដ្ឋបះបោរចង់ផ្ដាច់ខ្លួន -វិបត្តិផ្ទៃក្នុង -ព្រះនាងជ័យទេវីគ្មានសមត្ថភាពគ្រប់គ្រង។,7,7,4,1.0,1.0,4,7,0,0
576,ចូរប្រៀបធៀបលក្ខណៈខុសគ្នានៃផ្សិត និងរុក្ខជាតិ។,លក្ខណៈខុសគ្នានៃផ្សិតនិងរុក្ខជាតិ +ផ្សិត  -ផ្សិតបន្តពូជតាមរយៈស្ប៉ -ផ្សិតមិនធ្វើរស្មីសំយោគ -អុីប -វារស់នៅកន្លែងសើម +រុក្ខជាតិ -បន្តពូជដោយគ្រាប់ -វាត្រូវការធ្វើរស្មីសំយោគ -វារស់នៅកន្លែងដែលមានពន្លឺ,ផ្សិត -បន្តពូជតាមរយៈស្ប៉ -ភាវៈរស់បជីព -មានអុីប -អុីបក្រោមដី រុក្ខជាតិ -បន្តពូជដោយគ្រាប់ -ភាវៈស្វ័យជីព -មានឬស -រុក្ខជាតិធ្វើរស្មីសំយោគ,12,5,2,0.4166666666666667,0.5456860320217711,2,7,0,2
577,ហេតុអ្វីបានជាផ្នែកឯកជនជាកម្លាំងដ៏សំខាន់សម្រាប់ការវិនិយោគសេដ្ឋកិច្ច?,សេដ្ឋកិច្ចកម្ពុជាពឹងផ្អែកលើវិស័យកសិកម្មជាសំខាន់ៗ 5 គឺឧស្សាហកម្មកសិកម្មពាណិជ្ជកម្មគមនាគមន៍និងទេសចរណ៍ ក៏បានជាគេនិយាយថាកម្ពុជាប្រទេសកសិកម្មនៅប្រទេសកម្ពុជាមនុស្សមួយចំនួនធំគឺធ្វើកសិកម្ម។ច្រើនសុទ្ធតែជាកសិករកម្ពុជាសម្បូរជីកសិកម្មមានជីវជាតិសម្រាប់ឲ្យយើងធ្វើកសិកម្មចិញ្ចឹមសត្វនិងការដណ្ដប់ជួយបង្កើនចំណូលជូនជាងការងារចេញនៅក្រៅប្រទេសស្ករស្រូវដំឡូងកៅស៊ូ ខ. គេចែកកសិករទាំងនេះជាបួនប្រភេទកសិករតំបន់វាលខ្ពស់កសិករធ្វើស្រែឬមិនធ្វើស្រែកសិករភូមិភាគឥសានកសិករធ្វើតែស្រែ,ខ. គេចែកកសិកម្មទាំងនោះជាបួនប្រភេទ -កសិកម្មព្រៃឈើ -កសិកម្មការនេសាទ -កសិកម្មការចិញ្ចឹមសត្វ -កសិកម្មក្នុងការដាំដំណាំ។ ក. បានជាគេនិយាយថាកម្ពុជាជាប្រទេសកសិកម្មព្រោះកម្ពុជាប្រទេសកម្ពុជាជាប្រទេសកម្ពុជាកំពុងអភិវឌ្ឍន៍នៅឡើយមិនទាន់មាននូវគ្រឿងសហភារៈធំៗនិងបច្ចេកទេសគ្រប់គ្រាន់ហើយប្រទេសកម្ពុជាប្រជាជនប្រកបនូវរបបកសិកម្មច្រើននិងប្រកាន់នូវរបបបើកសេរីជនបទចូលចិត្តមកវិនិយោគ -ជាប្រទេសស្ថិតអាកាសមួយសុំក្ដៅហើយអំណោយផលដល់កសិកម្មច្រើន -មានផ្ទៃដីធំទូលាយងាយស្រួលធ្វើកសិកម្ម -សម្បូរដោយជីវជាតិច្រើនធ្វើឲ្យដំណាំងាយស្រួលប្រមូលផល -បង្កើតការងារដល់ប្រជាជន -កាត់បន្ថយនូវការចំណាកស្រុកជាដើម +ប្រទេសកម្ពុជាអំណោយផលដល់កសិកម្មដូចជា -ដំណាំស្រូវ -ដំណាំកៅស៊ូ -ដំឡូង -អំពៅ -ត្បាញ​ ក្រម៉ា សំពត់ ក្បិន។,15,12,3,0.8,0.4596417874084552,2,7,1,5
578,តើកត្តាអ្វីខ្លះដែលធ្វើអោយសម័យអង្គររីកចម្រើនដល់កំពូល?​ ចូលរៀបរាប់។,កត្តាដែលធ្វើអោយសម័យអង្គររីកចម្រើនគឺ: កត្តាព្រះរាជា:ព្រះរាជាចាប់ពីព្រះបាទជ័យវរ្ម័នទី 2 រហូតដល់ព្រះបាទជ័យវរ្ម័នទី 7 សុទ្ធតែជាស្ដេចខ្លាំងពូកែ កត្តានយោបាយ: នយោបាយក្នុងប្រទេសបង្រួបបង្រួមជាតិកសាងនិងការពារទឹកដី នយោបាយក្រៅប្រទេស:ចងសម្ព័ន្ធមិត្តជាមួយប្រទេសធំៗវាយយករដ្ឋតូចដាក់ជាចំណុះ កត្តាសេដ្ឋកិច្ច:រីកចម្រើនលើវិស័យកសិកម្មសិប្បកម្មគណនាគម កត្តាសាសនា:ការឯកភាពគ្នារវាងសាសនាព្រាហ្មនិងព្រះពុទ្ធ កត្តាធនធានមនុស្សបន្សល់ទុកតាំងពីសម័យនគរភ្នំនិងចេនឡាមក។,កត្តាដែលធ្វើអោយសម័យអង្គររីកចម្រើនគឺ: កត្តាព្រះរាជា:ព្រះរាជាចាប់ពីព្រះបាទជ័យវរ្ម័នទី 2 រហូតដល់ព្រះបាទជ័យវរ្ម័នទី 7 សុទ្ធសឹងតែជាស្ដេចខ្លាំងពូកែ កត្តានយោបាយ: នយោបាយក្នុងប្រទេសបង្រួបបង្រួមជាតិកសាងនិងការពារទឹកដី នយោបាយក្រៅប្រទេស:ចងសម្ព័ន្ធមិត្តជាមួយប្រទេសធំៗវាយយករដ្ឋតូចដាក់ជាចំណុះ កត្តាសេដ្ឋកិច្ច:រីកចម្រើនលើវិស័យកសិកម្មសិប្បកម្មគណនាគមន៍ កត្តាសាសនា:ការឯកភាពគ្នារវាងសាសនាព្រាហ្មនិងព្រះពុទ្ធ កត្តាធនធាន:មនុស្សបន្សល់ទុកតាំងពីសម័យនគរភ្នំនិងចេនឡាមក។,10,10,4,1.0,0.9820286341106705,4,10,0,0
579,តើប្រព័ន្ធផលិតកម្មកសិកម្មនៅប្រទេសកម្ពុជាមានអ្វីខ្លះ?,ប្រព័ន្ធផលិតកម្មកសិកម្មនៅកម្ពុជាមានដូចជាដំណាំដំណាំស្រូវនិងកៅស៊ូដឹកនាំផ្សេងៗទៀតការចិញ្ចឹមសត្វបានចិញ្ចឹមសត្វលើគោកការចិញ្ចឹមសត្វក្នុងទឹកការនេសាទការនេសាទទឹកសាបការនេសាទទឹកប្រៃ  ព្រៃឈើអនុផលព្រៃឈើរកឃ្មុំជ័រទឹកក្តៅសត្វព្រៃ,ប្រព័ន្ធផលិតកម្មកសិកម្មនៅប្រទេសកម្ពុជាមាន​ដូចជា៖ +ប្រព័ន្ធផលិតកម្ម៖ -រោងចក្រ -ឧស្សាហកម្ម -ក្រុមហ៊ុន -ការផលិត -ការផលិតគ្រឿងប្រើប្រាស់នៅក្នុងប្រទេស -ធ្វើអាជីវកម្ម +ប្រព័ន្ធកសិកម្ម -ការដាំដុះ (ស្រូវ ពោត សណ្ដែក...) -ការប្រមូលផល -ការដាំដុះជាក្រុមហ៊ុន -ការនាំចេញ -ការផ្គត់ផ្គង់នៅក្នុងស្រុក។,15,2,1,0.13333333333333333,0.18476984217737027,1,3,0,1
580,តើព្រះអង្គឌួងមានស្នាព្រហស្ថអ្វីខ្លះចំពោះប្រទេសជាតិនិងប្រជារាស្ត្រខ្មែរ?,ព្រះបាទអង្គឌួងមានស្នាព្រហស្តដូចជាផ្នែករដ្ឋបាលរៀបចំប្រព័ន្ធរដ្ឋបាលនិងច្បាប់ទម្លាប់ស្ដារឡើងវិញមានរបៀបផ្នែកសេដ្ឋកិច្ចលើកស្ទួយវិស័យកសិកម្មជួសជុលប្រព័ន្ធ សេះនិងពាណិជ្ជកម្ម ភ្នែកបរទេសស្វែងរកជំនួយពីបារាំងដើម្បីទប់ទល់នឹងការត្រួតត្រាយួននិងសៀម ផ្នែកវប្បធម៌លើកស្ទួយវប្បធម៌អក្សរសាស្ត្រខ្មែរនិង សាសនា កត្តាផ្ទៃក្នុង ការបែកបាក់រាជវង្សានុវង្សបែកបាក់សាមគ្គី។,ស្នាព្រះហស្ថរបស់ព្រះបាទអង្គឌួងរួមមាន ការកសាងវត្តអារាម ការរៀបចំច្បាប់ទម្លាប់ ការចងក្រងអក្សរសាស្ត្រនិងការពារឯករាជ្យជាតិពីសៀមនិងយួន។,15,8,2,0.5333333333333333,0.2656835783366046,1,4,1,4
581,ហេតុអ្វីបានជាមនុស្សស្រូបយកខ្យល់ដែលមានកាបូនម៉ណូអុកស៊ីតអាចបង្កគ្រោះថ្នាក់ដល់ស្លាប់បាន?,បានជាមនុស្សស្រូបយកខ្យល់ដែលមានកាបូនម៉ូណូអុកស៊ីដអាចបង្កឲ្យមានគ្រោះថ្នាក់ដល់ស្លាប់ បានព្រោះកាបូនម៉ូណូអុកស៊ីដមានសមត្ថភាពចាប់យក ក្នុងឈាមបានខ្លាំងជាងអុកស៊ីសែន វារារាំងឈាមមិនឲ្យដឹកនាំអុកស៊ីសែនទៅចិញ្ចឹមសរីរាង្គជាពិសេសខួរក្បាលដែលបណ្តាលឲ្យ ស្លាប់និង សន្លប់ ។,បានជាមនុស្សស្រូបយកខ្យល់ដែលមានកាបូនម៉ូណូអុកស៊ីដអាចបង្កគ្រោះថ្នាក់ដល់ស្លាប់បានព្រោះ អុកស៊ីតដែលមនុស្សត្រូវការ ឧស្ម័នកាបូនិចនិងទឹក ទើបអាចរស់បាន ។,5,2,2,0.4,0.5618173220160908,2,3,0,1
582,តើផ្សិតមានរូបរាងខុសៗគ្នាអាស្រ័យនឹងអ្វី? ស្រូបសារធាតុចិញ្ចឹមតាមរយៈអ្វី?,ផ្សិតមានរូបរាងខុសៗគ្នាអាស្រ័យនឹងការតម្រៀបអុីបរបស់វា។ផ្សិតស្រូបសារធាតុចិញ្ចឹមតាមរយ:អុីបដែលដុះចូលទៅក្នុងប្រភពអាហារ។,ផ្សិតមានរូបរាងខុសៗ គ្នាអាស្រ័យទៅនឹងការតម្រៀបអុីបរបស់វា។ផ្សិតស្រូបយកសារធាតុចិញ្ចឹមតាមរយ:អុីបក្រោមដិទៅក្នុងបំពង់អាហារ។,10,9,4,0.9,0.7784587731801972,3,8,1,1
583,តើឧស្សាហកម្មមានតួនាទីចំពោះសេដ្ឋកិច្ចជាតិយ៉ាងដូចម្ដេច?,ឧស្សាហកម្មមានតួនាទីសម្រាប់សេដ្ឋកិច្ចជាតិដូចជា -ជួយបង្កើតប្រាក់ចំណូលចូលជាតិ -បង្កើតការងារដល់ប្រជាជន -បង្កើតប្រាក់ចំណូលចូលក្នុងគ្រួសារ -ប្រជាជនមានជីវភាពធូរធារ -ជួយរក្សាជញ្ជីងពាណិជ្ជកម្ម -ជួយបង្កើតទិន្នផលសម្រាប់ការនាំចេញនាំចូល -បង្កើននូវសង្ឃភារៈសម្រាប់ប្រើប្រាស់។,ឧស្សាហកម្មមានតួនាទីចំពោះសេដ្ឋកិច្ចជាតិដូចជា៖ -ការនាំចេញទៅក្រៅប្រទេស -ចំណូលបានពីការលក់បញ្ជូនទៅសេដ្ឋកិច្ចជាអ្នកទុកដាក់ -ផលិតផលដែលផលិតបានត្រូវយកទៅលក់នៅក្រៅប្រទេស -ប្រព័ន្ធការធ្វើឲ្យមានដែលមិនអាចរស់នៅបាន -ដែលមានសញ្ញាដែលបានធ្វើឲ្យគ្មានភាពពេកលន់ភ្លេច -នៅលើការលក់ដូរនៅតាមទីផ្សារនីមួយៗទ្រាំងណាបានភ្លេច -ជាតិបានធ្វើការឲ្យការទិញសន្លឹកក្រដាសប្រឡងកិត្តិយស -ដែលបានធ្វើឲ្យណាដែលមានសញ្ញាសម្គាល់ដែលបាន -ផ្នែកកក្នុងមិនបានធ្វើឲ្យបានជាច្រើនទេបានតែមិនលែង -កុំស៊ីនដែលបានដែលនៅតែបន្ទាត់ដែនដីមិនត្រូវ -ប្រព័ន្ធដែលធ្វើឲ្យមានការវិនិច្ឆ័យការមានដីខ្វែង -ជាតិយ៉ាងណាមិញម្យ៉ាងទៀតបាននាំឱ្យសម្គាល់ -យើងមិនបានធ្វើឱ្យមានដែលបានគ្មានឃើញ -បេក្ខជនដែលធ្វើឲ្យមានការចែកចេញពីប្រទេសបើកឡើយមានបានទេ។,15,3,1,0.2,0.13434143381430744,1,2,0,1
584,ហេតុអ្វីបានជាផ្នែកឯកជនជាកម្លាំងដ៏សំខាន់សម្រាប់វិនិយោគនិងធ្វើឲ្យមានកំណើនសេដ្ឋកិច្ចក្នុងប្រទេស?,បានជាផ្នែកឯកជនជាកម្លាំងដ៏សំខាន់សម្រាប់វិនិយោគនិងធ្វើឲ្យមានកំណើនសេដ្ឋកិច្ចក្នុងប្រទេស ព្រោះប្រទេសកម្ពុជាជាប្រទេសអភិវឌ្ឍន៍ សេដ្ឋកិច្ចទីផ្សារដោយបានធ្វើកំណែទម្រង់សហគ្រាសឧស្សាហកម្មឲ្យក្លាយទៅជាកម្មសិទ្ធិឯកជន ។ សេដ្ឋកិច្ចទីផ្សារសេរីនេះនាំឲ្យអ្នករកស៊ីបរទេសចូលចិត្តមកវិនិយោគ ហើយកាលណាផ្នែកឯកជនរឹងមាំមកវិនិយោគ ហើយកាលណាផ្នែកឯកជនមិនរឹងមាំអាចបំពេញបន្ថែមវិនិយោគនិងវិស័យសង្គមកិច្ចមានន័យថាវិស័យឯកជនស្រូបយកកម្លាំងការងារកាន់តែកើនឡើង។,ព្រោះវិស័យឯកជនជាក្បាលម៉ាស៊ីនសំខាន់សម្រាប់វិនិយោគនិងធ្វើឱ្យមានកំណើនសេដ្ឋកិច្ចក្នុងប្រទេសព្រោះ៖ -អនុវត្តនៅពេលទីផ្សារសេរីឆ្នាំ1993 ពីសហគ្រាសឲ្យក្លាយជាក្លាយជាទៅជាសិទ្ធិឯកជន  កាលណាដែលផ្នែកឯកជនជួយបំពេញបន្ថែមលើនយោបាយ កែប្រែពីក្រុមហ៊ុនរបស់រដ្ឋទៅជារបស់ឯកជនដោយ -ឯកជនមានសិទ្ធិជាងរដ្ឋហើយឯកជនគ្រប់គ្រងលើវិស័យពាណិជ្ជកម្មឧស្សាហកម្ម កសិកម្ម  ការអនុវត្តសេដ្ឋកិច្ចសេរីដែលធ្វើឲ្យអ្នកវិនិយោគទុននៅក្រៅប្រទេស ចូលចិត្តមកវិនិយោគទុន,15,14,4,0.9333333333333333,0.5220908493947761,2,8,2,6
585,តើអាណាចក្រភ្នំមានព្រំប្រទល់ជាប់ប្រទេសណាខ្លះ?,អាណាចក្រភ្នំមានព្រំប្រទល់ជាប់ប្រទេសដូចជា -ខាងជើងជាប់ចិន -ខាងត្បូងជាឈូងសមុទ្រខ្មែរ -ខាងកើតជាប់រដ្ឋចម្ប៉ា -ខាងលិចជាប់រដ្ធមនឬភូមា។,អាណាចក្រភ្នំមានព្រំប្រទល់ជាប់ប្រទេសដូចជា -ខាងជើងជាប់ចិន -ខាងត្បូងជាឈូងសមុទ្រខ្មែរ -ខាងកើតជាប់រដ្ឋចម្ប៉ា -ខាងលិចជាប់រដ្ឋមនឬភូមា។,6,6,4,1.0,0.9690658986445712,4,6,0,0
586,តើដំណាក់កាលទាំងពីរនៃវដ្ដជីវីតរបស់រុក្ខជាតិមានអ្វីខ្លះ? ចូររៀបរាប់។,ដំណាក់កាល ទាំងពីរនៃវដ្ដជីវិតរបស់រុក្ខជាតិមាន  - ដំណាក់កាលស្ប៉រ៉ូភីត គឺជារុក្ខជាតិផលិតស្ប៉។ វាជាកោសិកាតូចៗដែលអាចលូតលាស់ជាសារពាង្គកាយថ្មី  -ស្ប៉លូតលាស់ក្នុងដំណាក់កាលផ្សេងទៀតនៃរុក្ខជាតិ ហៅថាកាម៉ែតូភីត។ ក្នុងដំណាក់កាលនៃរុក្ខជាតិផលិតកោសិកាភេទពីរបែប គឺកាម៉ែតឈ្មោល និងកាម៉ែតញី ។ កាម៉ែតញី និង កាម៉ែតឈ្មោលលាយចូលគ្នា បង្កើតបានជាសុីកូត។ បន្ទាប់មកទៀត សុីកូតលូតលាស់ទៅជាស្ប៉រ៉ូភីត។ស្ប៉រ៉ូភីតផលិតស្ប៉លូតលាស់ក្នុងកាម៉ែតូភីត កាម៉ែតូភីតផលិតកាម៉ែតញី និងកាម៉ែតឈ្មោល ហើយវដ្ដផ្ដើមសារជាថ្មី។,ដំណាក់កាល ទាំងពីរនៃការវិរត្តរបស់រុក្ខជាតិមានស្ប៉រ៉ូភីត និង កាម៉ែតូភីត  ។ +ដំណាក់កាលស្ប៉រ៉ូភីត គឺរុក្ខជាតិផលិតស្ប៉។ វាជាកោសិកាតូចៗ ដែលអាចលូតលាស់ជាសារពាង្គកាយថ្មី។ +ដំណាក់កាលកាម៉ែតូភីត គឺជាស្ប៉ដែលលូតលាស់ជាសារពាង្គកាយថ្មីៗ។ ដំណាក់កាលនេះរុក្ខជាតិ ផលិតកោសិកាភេទពីរបែប គឺកាម៉ែតញី និងកាម៉ែតឈ្មោល ។ កាម៉ែតញី និង កាម៉ែតឈ្មោល រលាយចូលគ្នាបង្កើតបានជាសុីកូត។ បន្ទាប់មកសុីកូតលូតលាស់ទៅជាស្ប៉រ៉ូភីត។,15,15,4,1.0,0.8779591845725502,4,13,0,2
587,តើកត្តាអ្វីខ្លះដែលធ្វើអោយសម័យអង្គររីកចម្រើនដល់កំពូល?​ ចូលរៀបរាប់។,កត្តាដែលធ្វើអោយសម័យអង្គររីកចម្រើនគឺ: កត្តាព្រះរាជា:ព្រះរាជាចាប់ពីព្រះបាទជ័យវរ្ម័នទី 2 រហូតដល់ព្រះបាទជ័យវរ្ម័នទី 7 សុទ្ធតែជាស្ដេចខ្លាំងពូកែ កត្តានយោបាយ: នយោបាយក្នុងប្រទេសបង្រួបបង្រួមជាតិកសាងនិងការពារទឹកដី នយោបាយក្រៅប្រទេស:ចងសម្ព័ន្ធមិត្តជាមួយប្រទេសធំៗវាយយករដ្ឋតូចដាក់ជាចំណុះ កត្តាសេដ្ឋកិច្ច:រីកចម្រើនលើវិស័យកសិកម្មសិប្បកម្មគណនាគម កត្តាសាសនា:ការឯកភាពគ្នារវាងសាសនាព្រាហ្មនិងព្រះពុទ្ធ កត្តាធនធានមនុស្សបន្សល់ទុកតាំងពីសម័យនគរភ្នំនិងចេនឡាមក។,កត្តាដែលធ្វើអោយសម័យអង្គររីកចម្រើនគឺ: .កត្តាព្រះរាជា:ព្រះរាជាចាប់ពីព្រះបាទជ័យវរ្ម័នទី 2 រហូតដល់ព្រះបាទជ័យវរ្ម័នទី 7 សុទ្ធសឹងតែជាស្ដេចខ្លាំងពូកែ .កត្តានយោបាយ: +នយោបាយក្នុងប្រទេស:បង្រួបបង្រួម​ កសាង និងការពារ។ +នយោបាយក្រៅប្រទេស:ចងសម្ព័ន្ធមិត្តជាមួយប្រទេសធំៗដូចជាចិននិងឥណ្ឌា និងវាយយករដ្ឋតូចដាក់ជាចំណុះ .កត្តាសេដ្ឋកិច្ច:ការរីកចម្រើនលើវិស័យកសិកម្ម សិប្បកម្ម គណនាគមន៍ .កត្តាសាសនា:មានការឯកភាពគ្នារវាងសាសនាព្រាហ្មនិងព្រះពុទ្ធ .កត្តាធនធានមនុស្សបន្សល់ទុកតាំងពីសម័យនគរភ្នំនិងចេនឡាមក។,10,10,4,1.0,0.9273986502678749,4,9,0,1
588,តើសេដ្ឋកិច្ចកម្ពុជាពឹងផ្អែកលើវិស័យអ្វីជាសំខាន់?     ក/ ហេតុអ្វីបានជាគេនិយាយថាកម្ពុជាជាប្រទេសកសិកម្ម?     ខ/ តើគេចែកកសិករជាប៉ុន្មានប្រភេទ?អ្វីខ្លះ?,សេដ្ឋកិច្ចកម្ពុជាពឹងផ្អែកលើវិស័យកសិកម្មជាសំខាន់។   ក/ បានជាគេនិយាយថាកម្ពុជាជាប្រទេសឧស្សាហកម្មព្រោះ៖  _  សណ្ឋានដី : ដីមានជីវជាតិល្អនិងសម្បូរទំនាបល្បាប់   _ ផ្លូវទឹក : ផ្លូវទឹកខ្វាត់ខ្វែងងាយស្រួលដល់ការដាំដុះ  _ ប្រជាជន : ប្រជាជនខ្មែរភាគច្រើនចូលចិត្តធ្វើកសិកម្ម  _ អាកាសធាតុ : ទទួលអាកាសធាតុក្តៅសើម  _ កសិកម្មផ្តល់ផល50%នៃផលិតផលជាតិសរុប។  ខ/ គេចែកកសិករទាំងនោះជា4ប្រភេទគឺ៖  _ កសិករធ្វើស្រែឬអ្នកស្រែ : និយមធ្វើស្រែ ស្រូវប្រាំង ស្រូវវស្សា ស្រូវឡើងទឹក  _ កសិករតំបន់ដីខ្ពស់ : គេដាំដំណាំជាអចិន្ត្រៃយ៍(ពោត ដំឡូង ចេក កៅស៊ូសណ្តែក)  _ កសិករធ្វើចម្ការដំណាំស្រូវ : គេដាំដំណាំតាមមាត់ទន្លេ ចិញ្ចឹមសត្វនិងនេសាទ  _ កសិករភូមិភាគឦសាន: គេធ្វើដំណាំព្រៃដុតមានដូចជាពោត ដំឡូង ស្រូវរុក្ខជាតិយកមើមដទៃទៀត និងបរបាញ់សត្វផងដែរ។,សេដ្ឋកិច្ចកម្ពុជាពឹងផ្អែកលើវិស័យកសិកម្មជាសំខាន់ ជាងគេនិយាយថាកម្ពុជាជាប្រទេសកម្មនិងកសិកម្មដូចជាប្រទេសដែលពឹងផ្អែកលើវិស័យកសិកម្មជាសំខាន់ព្រោះលក្ខខណ្ឌអនុវត្តអនុគ្រោះជាច្រើនដល់វិស័យកសិកម្ម គេចែកកសិករទាំងនោះ បីប្រភេទគឺ កសិករធ្វើស្រែឬគ្រោះស្រែកមានចំណូលជាច្រើនជាអនេកមានដូចជាដំឡូងពោតល្ងនិងខ្លះទៀតចិញ្ចឹមសត្វ កសិករនៅតំបន់ដីខ្ពស់គេដាំដំណាំផ្សេងផ្សេងជាអចិន្ត្រៃយ៍មានសណ្ដែកស្រូវ ពោតដំឡូងខ្លះខ្លះទៀតចិញ្ចឹមសត្វ។ កសិករ។,20,6,1,0.3,0.5013151119769317,2,10,1,4
589,តើផ្សិតមានរូបរាងខុសៗគ្នាអាស្រ័យនឹងអ្វី? ស្រូបសារធាតុចិញ្ចឹមតាមរយៈអ្វី?,ផ្សិតមានរូបរាងខុសៗគ្នាអាស្រ័យនឹងការតម្រៀបអុីបរបស់វា។ផ្សិតស្រូបសារធាតុចិញ្ចឹមតាមរយ:អុីបដែលដុះចូលទៅក្នុងប្រភពអាហារ។,ផ្សិតមានរូបរាងខុសៗគ្នាអាស្រ័យលើការតម្រៀបអុីបរបស់វា។ហើយវាស្រូបសារធាតុចិញ្ចឹមតាមរយៈអុីបក្រោមដីទៅក្នុងបំពង់អាហារ។,10,4,2,0.4,0.7045300801470359,3,7,1,3
590,ចូរពណ៏នាពីការអភិវឌ្ឍសេដ្ឋកិច្ច សង្គម នៅកម្ពុជាពីឆ្នាំ១៩៩៣ មកទល់សព្វថ្ងៃ?,ការអភិវឌ្ឈនៅកម្ពុជា +វិស័យសេដ្ឋកិច្ច -ជួយជំរុញវិស័យកសិកម្ម ឧស្សាហកម្ម ពាណិជ្ជកម្ម ទេសចរណ៌ មានការអភិវឌ្ឈ -មានកំណើនការវិនិយោគពីឯកជនបង្កើតទុនបរទេស -មានទំនាក់ទំនងពាណិជ្ជកម្មអន្តរជាតិជាមួយអាស៊ាននិងមហាអំណាចធំៗ -មានកំណើនភ្ញៀវទេសចរណ៌ជាតិនិងអន្តរជាតិ ផ្ដល់ចំណូលដល់ប្រជាជន -កសាងហេដ្ឋារចនាសម្ព័ន្ធ មានផ្លូវថ្នល់ ស្ពានដែក កំពង់ផែ អាកាសយាន្តដ្ឋាន ដោយបំពាក់ប្រព័ន្ធទឹកភ្លើងពីទីក្រុងទៅជនបទ +វិស័យសង្គម -មានការទប់ស្កាត់សង្គ្រាម -លើកស្ទួយការគោរពសិទ្ធិមនុស្ស -ទប់ស្កាត់អំពើពុករលួយ -ធ្វើឱ្យរដ្ឋាភិបាលមានលទ្ធភាពសម្រេចផែនការនានាតាមការកំណត់ -ជួយឱ្យមានរក្សាសន្តិភាព សុខសុវត្ថិភាព -មានការអភិវឌ្ឈសាលារៀន មន្ទីរពេទ្យ -មានសមភាពយែនឌ័រក្នុងសង្គម -កម្ពុជារៀបចំកម្មវិធីធំៗថ្នាក់ជាតិ។,ការអភិវឌ្ឍនសិដ្ឋកិច្ចសង្គមកម្ពុជា1993 មកទល់សព្វថហងៃមានដូចជា +នយោបាយឈ្នះ-ឈ្នះ:  -នយោបាយឈ្នះ-ឈ្នះ បានធ្វើឲរាជរដ្ឋាភិបាលដាក់ចេញនៅយុទ្ធសាស្ត្រត្រីកោណនិងយុទ្ធសាស្ត្រវតុកោណក្នុង្រអភិវឌ្ឍសេដ្ឋកិច្ចសង្គម សមភាពយែនឌ័រ  ហិរញ្ញវុត្ថុ លុបបំបាត់អំពើពុករលួយ ការគ្រប់គ្រងធនធានធម្មជាតិប្រកបដោយចីរភាព។ +វិស័យសេដ្ឋកិច្ច: -បង្កើតទំនាក់ទំនងពាណិជ្ជកម្មអន្តរជាតិនិងជាមួយអាស៊ាន ហើយមហាអំណាចធំៗនៅលើពិភពលោក -កសិកម្មមានការរីកចម្រើនព្រោះរាជរដ្ឋាភិបាលបានយកចិត្តទុកដាក់ក្នុងការបង្កើតបករព័ន្ធធារាសាស្ត្រនិងបង្កាត់ពូជ -អនុវត្តសេដ្ឋកិច្ចទីផ្សារសេរីកម្ពុជាបានក្លាយជាកន្លែងទាក់ទាញវិនិយោគទុនបរទេស -ឧស្សាហកម្មមានការរីកចម្រើនផ្នែករោងចក្រសហគ្រាសតូចធំជាពិសេសរោងចក្រវាយភ័ណ្ឌដែលជួយបង្កើតការងារ ប្រាក់ចំណូល កាត់បន្ថយភាពក្រីក្រ  និងចំណាកស្រុក -វប្បធម៌មានប្រាសាទបុតាណជាច្រើននិងទេសចរណ៍ធម្មជាតិសម្រាប់ទាក់ទាញភ្ញៀវជាតិនិងអន្តរជាតិ -អត្រាប្ដូប្រាក់មានស្ថេរភាព ចូលជាសមាជិកអង្គរការពាណិជ្ជកម្មពិភពលោក។ +វិស័យសង្គម -ឆ្នាំ1998មានរៀបចំរដ្ឋាភិបាលសណ្ដាប់ធ្នាប់សង្គមសុខដុមរមនា និងស្ថិរភាពនយោបាយ -ធ្វើឲមានសមទ្ធិផលជាច្រើនកើតឡើងដូចជា: •បង្កើតសាលារៀនគ្រប់កម្រិតថ្នាក់ពីមតេយ្យសិក្សារហូតដល់សកលវិទ្យាល័យ •កសាងមន្ទីរពេទ្យ ផ្លូវថ្នល់ ស្ពាន ស្ពានអាកាសនិងប្រព័ន្ធធារាសាស្ត្រ +ការអនុវត្តច្បាប់ -ទប់ស្កាត់ៗនឲមានការជួញដូរមនុស្ស គ្រឿងញៀន និងអំពើភារវកម្ម -មានសិទ្ធិសេរីភាពផ្នែកសារព័ត៌មាននិងអនុញ្ញាតឲមានសិទ្ធិសេរីភាពក្នុងការបង្កើតអង្គការសង្គមស៊ីវិល -សមភាពយែនឌ័រ (ផ្ដល់សិទ្ធិឲស្ត្រី)។,10,10,4,1.0,0.46058328640075274,2,5,2,5
591,តើប្រព័ន្ធផលិតកម្មកសិកម្មនៅក្នុងប្រទេសកម្ពុជាមានអ្វីខ្លះ?ចូររៀបរាប់​ ។,ប្រព័ន្ធផលិតកម្មកសិកម្មនៅប្រទេសកម្ពុជាមាន៖    _ ដំណាំ : ដំណាំស្រូវ ដំណាំកៅស៊ូ ដំណាំផ្សេងៗទៀត    _ ការចិញ្ចឹមសត្វ : ការចិញ្ចឹមសត្វលើគោក ការចិញ្ចឹមសត្វក្នុងទឹក    _ ការនេសាទ : ការនេសាទទឹកសាប ការនេសាទទឹកប្រៃ  _ ព្រៃឈើ : ផលិតផលឈើ អនុផលព្រៃឈើ(រកឃ្មុំ ជ័រទឹក វល្លិ៍ ផ្តៅ) សត្វព្រៃ ។,ប្រព័ន្ធផលិតកម្មកសិកម្មនៅកម្ពុជាមានដូចជា ៖ _ ប្រព័ន្ធឧស្សាហកម្ម _ ប្រព័ន្ធពាណិជ្ជកម្ម _ ប្រព័ន្ធនាំចេញ និងនាំចូល _ ប្រព័ន្ធដឹកជញ្ជូន _ ប្រព័ន្ធផលិតកម្មក្រៅប្រទេស _ ប្រព័ន្ធផលិតកម្មក្នុងស្រុក _ ប្រព័ន្ធផលិតលក់ និងទំនិញ ។,10,2,1,0.2,0.21140371672972308,1,2,0,0
592,ហេតុអ្វីបានជាមនុស្សស្រូបយកខ្យល់ដែលមានកាបូនម៉ណូអុកស៊ីតអាចបង្កគ្រោះថ្នាក់ដល់ស្លាប់បាន?,បានជាមនុស្សស្រូបយកខ្យល់ដែលមានកាបូនម៉ូណូអុកស៊ីដអាចបង្កឲ្យមានគ្រោះថ្នាក់ដល់ស្លាប់ បានព្រោះកាបូនម៉ូណូអុកស៊ីដមានសមត្ថភាពចាប់យក ក្នុងឈាមបានខ្លាំងជាងអុកស៊ីសែន វារារាំងឈាមមិនឲ្យដឹកនាំអុកស៊ីសែនទៅចិញ្ចឹមសរីរាង្គជាពិសេសខួរក្បាលដែលបណ្តាលឲ្យ ស្លាប់និង សន្លប់ ។,បានជាមនុស្សស្រូបយកខ្យល់ដែលមានកាបូនម៉ូណូអុកស៊ីដអាចបង្កឲ្យមានគ្រោះថ្នាក់ដល់ស្លាប់បាន ព្រោះកាបូនម៉ូណូអុកស៊ីដមានសមត្ថភាពចាប់យក ក្នុងឈាមបានខ្លាំងជាងអុកស៊ីសែនវារារាំង ឈាមមិនឲ្យដឹកនាំអុកស៊ីសែនទៅចិញ្ចឹមសរីរាង្គជាពិសេសខួរក្បាលដែលបណ្តាលឲ្យស្លាប់និង សន្លប់ ។,5,4,3,0.8,0.9699465991011228,4,5,1,1
593,តើឧស្សាហកម្មមានតួនាទីដូចម្ដេចខ្លះចំពោះសេដ្ឋកិច្ចជាតិ?,ឧស្សាហកម្មមាន​តួនាទីចំពោះសេដ្ឋកិច្ចជាតិដូចជា ៖ ​ _ ជួយបង្កើតថវិការជាតិ ​ _ ជួយបង្កើតទិន្នផលជាតិ ​​ _ ជួយឲ្យសេដ្ឋកិច្ចជាតិរីកចម្រើន  _ ប្រជាជនសំបូរធូរធារ  _អភិវឌ្ឍគ្រប់វិស័យ  _ មានទំនាក់ទំនងល្អជាមួយអ្នកជិតខាង  _ មានភាពរុងរឿងនៅក្នុងប្រទេសជាតិ។,ឧស្សាហកម្មមានតួនាទីចំពោះសេដ្ឋកិច្ចជាតិដូចជា៖  _ ផ្តល់ការងារដល់ប្រជាជនក្នុងស្រុក  _ មានចេញចូលទំនិញទៅខាងក្រៅប្រទេស  _ មានចំណូលចូលរដ្ឋ  _ ប្រជាជនមានជីវភាពធូធារ _ ជួយបង្កើនប្រាក់ចំណូលចូលជាតិ20.8% ឆ្នាំ2008 _ ជួយរក្សាលំនឹងសេដ្ឋកិច្ច។,15,14,4,0.9333333333333333,0.35197477590702425,1,5,3,9
594,ចូរប្រៀបធៀបលក្ខណៈខុសគ្នានៃផ្សិត និងរុក្ខជាតិ។,លក្ខណៈខុសគ្នានៃផ្សិតនិងរុក្ខជាតិ +ផ្សិត  -ផ្សិតបន្តពូជតាមរយៈស្ប៉ -ផ្សិតមិនធ្វើរស្មីសំយោគ -អុីប -វារស់នៅកន្លែងសើម +រុក្ខជាតិ -បន្តពូជដោយគ្រាប់ -វាត្រូវការធ្វើរស្មីសំយោគ -វារស់នៅកន្លែងដែលមានពន្លឺ,លក្ខណ:ខុសគ្នារវាងផ្សិត និង រុក្ខជាតិ +ផ្សិត -ជាភាវ:រស់បរជីព -មានអុីបក្រោមដី -បន្តពូជតាមរយ:ស្ប៉ +រុក្ខជាតិ -ជាភាវ:រស់ស្វ័យជីព -មានឬស -បន្តពូជតាមរយ:គ្រាប់ ។,12,6,2,0.5,0.36742979754689137,1,4,1,2
595,ចូររៀបរាប់អំពីទំនាក់ទំនងរវាងការដាំដុះអាជីវកម្មព្រៃឈើនិងនេសាទ។,ទំនាក់ទំនងរវាង ការដាំដុះអាជីវកម្មព្រៃឈើ និងការនេសាទ៖  _ ការដាំដុះអាជីវកម្មព្រៃឈើ និងការនេសាទ ជាភោគទ្រព្យយ៉ាងសំខាន់សម្រាប់ប្រជាជនក្នុងការទ្រទ្រង់ក្នុងជីវភាពរស់នៅនិងការអភិវឌ្ឍន៍ប្រទេសជាតិ   _ ដើម្បីបំពេញតម្រូវការក្នុងកសិកម្មផលិតកម្មនិងត្រូវការផ្សេងៗ មនុស្សនាំគ្នាកាប់ព្រៃឈើដើម្បីធ្វើអាជីវកម្មព្រៃឈើជាមូលហេតុធ្វើឲ្យអាកាសធាតុប្រែប្រួលប៉ះពាល់ដល់ជីវិតមនុស្ស សត្វ និងរុក្ខជាតិ  ​ _ អតិផលនៃប្រព័ន្ធកសិកម្ម នាំឲ្យមានកំណើននៃការប្រើប្រាស់គីមីនិងថ្នាំសម្លាប់សត្វល្អិត។ ជីគីមី និងថ្នាំសម្លាប់សត្វល្អិត ទាំងនោះហូរទៅផ្ដុំគ្នានៅតាមផ្លូវទឹកនានា បំផ្លាញជីវិតសត្វនិងពូជធម្មជាតិ។,រៀបរាប់ពីទំនាក់ទំនងរវាងការដាំដុះអាជីវកម្មព្រៃឈើនិងការនេសាទការដាំដុះអាជីវកម្មព្រៃឈើមានទំនាក់ទំនងការកាប់ឈើធ្វើ អាជីវកម្មលើឈើធ្វើតុទូកៅអីណានាំចេញទៅលួចកាប់ព្រៃឈើដើម្បីសាងអគារការដាំដុះនិង ការនេសាទមានទំនាក់ទំនង ឈើជាជម្រកត្រីពងព្រៃឈើជាកន្លែងដែលត្រីរស់នៅបង្កើតជាមនុស្សកុំទឹកក្ដៅពេកអាជីវកម្មព្រៃឈើនិង ការនេសាទបាត់បង់ជម្រកសម្រាប់ស្ត្រីពរបាត់បងប្អូនក្រអ្នកនេសាទងាយស្រួលដោយសារ,15,5,1,0.3333333333333333,0.46323167491469974,2,7,1,2
596,តើឧស្សាហកម្មមានតួនាទីចំពោះសេដ្ឋកិច្ចជាតិយ៉ាងដូចម្ដេច?,ឧស្សាហកម្មមានតួនាទីសម្រាប់សេដ្ឋកិច្ចជាតិដូចជា -ជួយបង្កើតប្រាក់ចំណូលចូលជាតិ -បង្កើតការងារដល់ប្រជាជន -បង្កើតប្រាក់ចំណូលចូលក្នុងគ្រួសារ -ប្រជាជនមានជីវភាពធូរធារ -ជួយរក្សាជញ្ជីងពាណិជ្ជកម្ម -ជួយបង្កើតទិន្នផលសម្រាប់ការនាំចេញនាំចូល -បង្កើននូវសង្ឃភារៈសម្រាប់ប្រើប្រាស់។,ឧស្សាហកម្មមានតួនាទីចំពោះសេដ្ឋកិច្ចជាតិដូចជា៖ -ផ្ដលការងារឲ្យប្រជាជនចំពោះកម្ពុជា៨.៥៤%​ នៅក្នុងឆ្នាំ២០០៨ -ធ្វើប្រជាជនធូរធារ មួយកម្រិត -ធ្វើឲ្យសេដ្ឋកិច្ចអាចងើបបានមួយកម្រិត -ធ្វើឲ្យមានលំនឹងជញ្ជីងសេដ្ឋកិច្ច (ជញ្ជីងសេដ្ឋកិច្ចមានន័យដាការនាំចេញច្រើនជាងការនាំចូល) -បន្ថយការចំណាត់ស្រុក -បង្កើតការងារជូនប្រជាជន -ធ្វើឲ្យមានការនាំចេញទៅក្រៅស្រុកធ្វើឲ្យប្រាក់ចំណូលចូលស្រុក។,15,15,4,1.0,0.3626610425308894,1,5,3,10
597,បុព្វហេតុអ្វីខ្លះដែលនាំឲ្យអាណាចក្រចេនឡាបែកបាក់ជាពីរគឺអាណាចក្រចេនឡាដីគោកនិងចេនឡាទឹកលិច?,បុព្វហេតុដែលនាំហើយអាណាចក្រចេនឡាបែកជាពីរគឺ -វិសាលភាពទឹកដីធំទូលាយ -ចម្បាំងអត់ឈប់ឈរ -សមន្ដរដ្ឋបះបោរចង់ផ្ដាច់ខ្លួន -វិបត្តិផ្ទៃក្នុង -ព្រះនាងជ័យទេវីគ្មានសមត្ថភាពគ្រប់គ្រង។,បុព្វហេតុដែលនាំហើយអាណាចក្រចេនឡាបែកជាពីរគឺ -វិសាលភាពទឹកដីធំទូលាយ -ចម្បាំងអត់ឈប់ឈរ -សមន្ដរដ្ឋបះបោរចង់ផ្ដាច់ខ្លួន -វិបត្តិផ្ទៃក្នុង -ព្រះនាងជ័យទេវីគ្មានសមត្ថភាពគ្រប់គ្រង។,7,7,4,1.0,1.0,4,7,0,0
598,តើសង្គមខ្មែរនៅសម័យអង្គរមានប៉ុន្មានវណ្ណៈ? វណ្ណៈអ្វីខ្លះ? ចូលរៀបរាប់។,សង្គមខ្មែរនៅសម័យអង្គរមានប្រាំវណ្ណៈគឺ -វណ្ណៈក្សត្រឬរាជវង្សនុវង្ស (ជាស្ដេចគ្រប់គ្រងប្រទេស -វណ្ណៈមន្ត្រី (អ្នករស់នៅក្នុងរាជវាំងបម្រើស្ដេច) -វណ្ណៈព្រាហ្ម៍ឬបុព្វជិត​(គឺជាអ្នកបួស) -វណ្ណៈអ្នកជាឬកសិករ (អ្នករស់នៅនឹងធ្វើស្រែចម្ការ) -វណ្ណៈអ្នកងារឬទាសករ(ទាសករបម្រើគេតកូនតចៅ)។,សង្គមខ្មែរនៅសម័យអង្គរមានប្រាំវណ្ណៈគឺ -វណ្ណៈក្សត្រ -វណ្ណៈមន្ត្រី -វណ្ណៈបុព្វជិត -វណ្ណៈអ្នកជា -វណ្ណៈទាសករ។,10,5,2,0.5,0.7164528162944629,3,7,1,2
599,ចូររៀបរាប់ពីទំនាក់ទំនងរវាងការដាំដុះ​ អាជីវកម្មព្រៃឈើ និងការនេសាទ។,ទំនាក់ទំនងរវាងការដាំដុះ អាជីវកម្មព្រៃឈើ និងការនេសាទមានដូចជា៖ -ការដាំដុះដោយប្រើជីធម្មជាតិ -ការប្រើប្រាស់ជីគីមី -ដាំដុះនិងធ្វើតាមរដូវ -អាជីវកម្មព្រៃឈើ -ការកាប់បំផ្លាញព្រៃឈើ -ការដុតព្រៃឈើ -ការកាប់ឈើយកទៅធ្វើអាជីវកម្ម +ការនេសាទ -ការនេសាទត្រីពេលត្រីពក -ការនេសាទដោយប្រើអគ្គិសនី -ការនេសាទហួសកម្រិត -ការនេសាទគឺជាមុខរបរប្រចាំថ្ងៃាបស់ប្រជាជន -នឹងជាអាហារប្រចាំថ្ងៃរបស់ប្រជាជន -ការនេសាទធ្វើប្រជាជនមានមុខរបររកស៊ីត្រឹមត្រូវ -ការនេសាទប្រើប្រាស់ឧបករណ៍នេសាទខុសច្បាប់ -ការបំផ្លាញជំរកត្រី -ការបកហូរទឹកចេញពី,ទំនាក់ទំនងរវាងការដាំដុះ អាជីវកម្មព្រៃឈើ និងការនេសាទ៖ +អាជីវកម្មព្រៃឈើ និងកានេសាទ គឺត្រូវការគ្នានៅពេលដែលគេធ្វើការកាប់ឈឺក្នុងទឹក (ព្រៃកោងកាង ព្រៃលិចទឹកច្រើន) ​ដើម្បីប្រមូល ផលត្រីដែលនៅក្រោមឈឺក្នុងទឹក។ -ការកាប់ព្រៃឈើ -ការជួញដូរឈើ -ការដឹកជញ្ចូនឈើលក់នៅក្រៅស្រុក +ការនេសាទ -ការបំផ្លាញទីជម្រកត្រី -ការឆក់ត្រីដោយឧបករណ៍ខុសច្បាប់ -ការសម្លាប់ត្រីកម្រៗ -ការចិញ្ចឹមត្រីខុសច្បាប់ដើម្បីលក់ -ការនេសាទពេលត្រីពង (រដូវត្រីពង) -ការចាប់កូនត្រីតូចៗ។,15,3,1,0.2,0.5565116806816941,2,8,1,5
600,តើអាណាចក្រភ្នំមានព្រំប្រទល់ជាប់ប្រទេសណាខ្លះ?,អាណាចក្រភ្នំមានព្រំប្រទល់ជាប់ប្រទេសដូចជា -ខាងជើងជាប់ចិន -ខាងត្បូងជាឈូងសមុទ្រខ្មែរ -ខាងកើតជាប់រដ្ឋចម្ប៉ា -ខាងលិចជាប់រដ្ធមនឬភូមា។,អាណាចក្រភ្នំមានព្រំប្រទល់ខាងជើងជាប់នឹងប្រទេសចិន(រដ្ឋណានឆាវនិងតុងតឹង)ខាងកើតជាប់រដ្ឋចម្ប៉ា(ឈូងសមុទ្រចិន)និងខាងត្បូងជាប់និងឈូងសមុទ្រខ្មែរ(នគរភ្នំ)និងខាងលិចជាប់រដ្ឋមនឬភូមា។,6,6,4,1.0,0.6647821859686388,3,4,1,2
601,តើគេចែកប្រូទីសជាប៉ុន្មានក្រុម?អ្វីខ្លះ?,ប្រូទីសសត្វចែកជា 4 ក្រុមតាមរបៀបរស់នៅនឹងផ្លាស់ទីរបស់វា  +ប្រូតូសូអ៊ែផ្លាស់ទីដោយជើងបញ្ឆោត: អាមីប +ប្រូតូសូអ៊ែផ្លាស់ទីដោយផ្លាសែល : សាឌីយ៉ា +ប្រូតូសូអ៊ែបន្តពូជតាមរយ:ស្ប៉ :ស្ប៉រ៉ូសូអ៊ែ។,ប្រូទីសសត្វចែកជា 4 ក្រុមតាមរបៀបរស់នៅនឹងផ្លាស់ទីរបស់វា  +ប្រូតូសូអ៊ែផ្លាស់ទីដោយជើងបញ្ឆោត: អាមីប +ប្រូតូសូអ៊ែផ្លាស់ទីដោយផ្លាសែល : សាឌីយ៉ា +ប្រូតូសូអ៊ែបន្តពូជតាមរយ:ស្ប៉ :ស្ប៉រ៉ូសូអ៊ែ។,8,8,4,1.0,1.0,4,8,0,0
602,តើប្រព័ន្ធផលិតកម្មកសិកម្មនៅក្នុងប្រទេសកម្ពុជាមានអ្វីខ្លះ?ចូររៀបរាប់​ ។,ប្រព័ន្ធផលិតកម្មកសិកម្មនៅប្រទេសកម្ពុជាមាន៖    _ ដំណាំ : ដំណាំស្រូវ ដំណាំកៅស៊ូ ដំណាំផ្សេងៗទៀត    _ ការចិញ្ចឹមសត្វ : ការចិញ្ចឹមសត្វលើគោក ការចិញ្ចឹមសត្វក្នុងទឹក    _ ការនេសាទ : ការនេសាទទឹកសាប ការនេសាទទឹកប្រៃ  _ ព្រៃឈើ : ផលិតផលឈើ អនុផលព្រៃឈើ(រកឃ្មុំ ជ័រទឹក វល្លិ៍ ផ្តៅ) សត្វព្រៃ ។,ប្រព័ន្ធផលិតកម្មនៅប្រទេសកម្ពុជារួមមាន៖ -ធ្វើស្រែ  -ដាំដុះបន្លែ  -ធ្វើកសិកម្ម  -ដាំកៅស៊ូធ្វើស្រែការនេសាទត្រី,10,3,1,0.3,0.2532329876111528,1,3,0,0
603,ដូចម្តេចដែលហៅថាមេយ៉ូស? ចូរនិយាយពីវគ្គផ្សេងៗនៃមេយ៉ូស។,មេយ៉ូសជាសំណុំនៃចំណែកកោសិកាពីរដងបន្តបន្ទាប់គ្នាដែលបង្កើតបានជាកោសិកាអាលូអុីតបួន ហៅថាមេយ៉ូស ។ _តេឡូផាស1 ស៊ីតូប្លាសចែកខ្លួនបានជាកោសិកាកូនពីរ ។កោសិកាកូននីមួយៗទទួលបានក្រូម៉ូសូម តែមួយពីរគូអូម៉ូឡូក ។ _ប្រផាស1 មានរយៈពេលវែង ។ _អាណាផាស1 ក្រូម៉ូសូមដំរៀបលើផ្លាស់ភ្ជាប់នឹងក្រយ៉ូងក្រូម៉ាទិចដោយសង់ក្រូងទ័ររបស់វា ។ _តេឡូផាស2 ក្រូម៉ូមនីមួយៗបានមកដល់ប៉ូលភ្នាស _មេតាផាស2 ក្រូម៉ូសូមប្រេះតាមបណ្ដោយភ្ជាប់ខ្លួនទៅនិងក្រយ៉ងក្រូម៉ាទិចដោយសង់ _ប្រូដាស2 ត្តយ៉ងអាក្រូម៉ាទិតកើតមានក្នុងកោសិកាគូនីមួយៗ _អាណាផាស2 សង់ក្រូម៉ែធ្វើចំណែកដែលនាំអោយក្រូម៉ាទិចបងប្អូនដាច់ចេញពីគ្នា ។បន្ទាប់មក ក្រូម៉ូសូមកូនទាំង2ធ្វើដំណើរឆ្ពោះទៅប៉ូលផ្ទុយគ្នារបស់ត្រយ៉ូងអាក្រូម៉ាទិច ។,មេយ៉ូសជាសំណុំនៃចំណែកកោសិកាពីរដងបន្តបន្ទាប់គ្នាដែលបង្កើតបានជាកោសិកាអាលូអុីតបួន ហៅថាមេយ៉ូស ។មានបួនវគ្គគឺ ប្រូផាស អាណាផាស មេតាផាស និង តេឡូផាស ។,10,5,2,0.5,0.3872975717277597,2,4,0,1
604,បុព្វហេតុអ្វីខ្លះដែលនាំឲ្យអាណាចក្រចេនឡាបែកបាក់ជាពីរគឺអាណាចក្រចេនឡាដីគោកនិងចេនឡាទឹកលិច?,បុព្វហេតុដែលនាំហើយអាណាចក្រចេនឡាបែកជាពីរគឺ -វិសាលភាពទឹកដីធំទូលាយ -ចម្បាំងអត់ឈប់ឈរ -សមន្ដរដ្ឋបះបោរចង់ផ្ដាច់ខ្លួន -វិបត្តិផ្ទៃក្នុង -ព្រះនាងជ័យទេវីគ្មានសមត្ថភាពគ្រប់គ្រង។,បុព្វហេតុដែលនាំហើយអាណាចក្រចេនឡាបែកជាពីរគឺ -វិសាលភាពទឹកដីធំទូលាយ -ចម្បាំងអត់ឈប់ឈរ -សមន្ដរដ្ឋបះបោរចង់ផ្ដាច់ខ្លួន -វិបត្តិផ្ទៃក្នុង -ព្រះនាងជ័យទេវីគ្មានសមត្ថភាពគ្រប់គ្រង។,7,7,4,1.0,1.0,4,7,0,0
605,តើគេចែកយុគសម័យបុរេប្រវត្តិសាស្ត្រកម្ពុជាជាប៉ុន្មានយុគសម័យ?អ្វីខ្លះ?,គេចែកយុគសម័យបុរេប្រវត្តិសាស្ត្រកម្ពុជាជាបីយុគសម័យគឺ -យុគថ្មបំបែក (600000 - 12000 ឆ្នាំមុនគ.ស) -យុគថ្មរលីងឬសំលៀង (8000 - 2000 ឆ្នាំមុនគ.ស) -យុគលោហៈ(2000-100 ឆ្នាំមុនគ.ស)។,គេចែកយុគសម័យបុរេប្រវត្តិសាស្ត្រកម្ពុជាជាបីយុគសម័យគឺ -យុគថ្មបំបែក (600000 - 12000 ឆ្នាំមុនគ.ស) -យុគថ្មរលីងឬសំលៀង (8000 - 2000 ឆ្នាំមុនគ.ស) -យុគលោហៈ(2000-100 ឆ្នាំមុនគ.ស)។,5,5,4,1.0,1.0,4,5,0,0
606,តើការស្ថិតនៅក្រៅសារពាង្គកាយនៃពងស្វាសមានសារៈសំខាន់ដូចម្តេច?,ការស្ថិតនៅក្រោមសារពាង្គកាយនៃពងស្វាសមានសារៈសំខាន់ដូចជាដើម្បីរក្សាសីតុណ្ហភាពឲ្យ ទាបជាងសីតុណ្ហភាពក្នុងខ្លួន ប្រហែលពី(2-3)សីតុណ្ហភាពក្នុងខ្លួន37 ។,ការស្ថិតនៅក្រោមសារពាង្គកាយនៃពងស្វាសមានសារៈសំខាន់ក្នុងការផលិតអរម៉ូនភេទឈ្មោលនិង បង្កើតស្ពែម៉ាតូសូអ៊ីត ។,10,3,1,0.3,0.28458921400642256,1,3,0,0
607,តើឧស្សាហកម្មមានតួនាទីដូចម្ដេចខ្លះចំពោះសេដ្ឋកិច្ចជាតិ?,ឧស្សាហកម្មមាន​តួនាទីចំពោះសេដ្ឋកិច្ចជាតិដូចជា ៖ ​ _ ជួយបង្កើតថវិការជាតិ ​ _ ជួយបង្កើតទិន្នផលជាតិ ​​ _ ជួយឲ្យសេដ្ឋកិច្ចជាតិរីកចម្រើន  _ ប្រជាជនសំបូរធូរធារ  _អភិវឌ្ឍគ្រប់វិស័យ  _ មានទំនាក់ទំនងល្អជាមួយអ្នកជិតខាង  _ មានភាពរុងរឿងនៅក្នុងប្រទេសជាតិ។,ឧស្សាហកម្មមានតួនាទីចំពោះសេដ្ឋកិច្ចជាតិដូចជា -ផ្តល់កាងារឲ្យប្រជាជនធ្វើ -ផ្ដល់ចំណូលដល់សេដ្ឋកិច្ចជាតិមាន២៣.៨%ឆ្នាំ២០០៨ -ផ្ដល់ផលិតផលសម្រាប់នាំចេញ -ផ្ដល់ផលិតផលសម្រាប់ប្រើប្រាស់ -ជួយរក្សាលំនឹងជញ្ជីងពាណិជ្ជកម្ម -និងផ្ដល់ប្រាក់ចំណូលដល់គ្រួសារ។,15,15,4,1.0,0.22965098936304287,1,3,3,12
608,ចូរពណ៏នាពីការអភិវឌ្ឍសេដ្ឋកិច្ច សង្គម នៅកម្ពុជាពីឆ្នាំ១៩៩៣ មកទល់សព្វថ្ងៃ?,ការអភិវឌ្ឈនៅកម្ពុជា +វិស័យសេដ្ឋកិច្ច -ជួយជំរុញវិស័យកសិកម្ម ឧស្សាហកម្ម ពាណិជ្ជកម្ម ទេសចរណ៌ មានការអភិវឌ្ឈ -មានកំណើនការវិនិយោគពីឯកជនបង្កើតទុនបរទេស -មានទំនាក់ទំនងពាណិជ្ជកម្មអន្តរជាតិជាមួយអាស៊ាននិងមហាអំណាចធំៗ -មានកំណើនភ្ញៀវទេសចរណ៌ជាតិនិងអន្តរជាតិ ផ្ដល់ចំណូលដល់ប្រជាជន -កសាងហេដ្ឋារចនាសម្ព័ន្ធ មានផ្លូវថ្នល់ ស្ពានដែក កំពង់ផែ អាកាសយាន្តដ្ឋាន ដោយបំពាក់ប្រព័ន្ធទឹកភ្លើងពីទីក្រុងទៅជនបទ +វិស័យសង្គម -មានការទប់ស្កាត់សង្គ្រាម -លើកស្ទួយការគោរពសិទ្ធិមនុស្ស -ទប់ស្កាត់អំពើពុករលួយ -ធ្វើឱ្យរដ្ឋាភិបាលមានលទ្ធភាពសម្រេចផែនការនានាតាមការកំណត់ -ជួយឱ្យមានរក្សាសន្តិភាព សុខសុវត្ថិភាព -មានការអភិវឌ្ឈសាលារៀន មន្ទីរពេទ្យ -មានសមភាពយែនឌ័រក្នុងសង្គម -កម្ពុជារៀបចំកម្មវិធីធំៗថ្នាក់ជាតិ។,ការអភិវឌ្ឈនៅកម្ពុជា +វិស័យសេដ្ឋកិច្ច -ជួយជំរុញវិស័យកសិកម្ម ឧស្សាហកម្ម ពាណិជ្ជកម្ម ទេសចរណ៌ មានការអភិវឌ្ឈ -មានកំណើនការវិនិយោគពីឯកជនបង្កើតទុនបរទេស -បង្កើតការងារដល់ប្រជាពលរដ្ឋ ជៀសវាងការធ្វើចំណាកស្រុកនិងភាពក្រីក្រ -មានទំនាក់ទំនងពាណិជ្ជកម្មអន្តរជាតិជាមួយអាស៊ាននិងមហាអំណាចធំៗ -មានកំណើនភ្ញៀវទេសចរណ៌ជាតិនិងអន្តរជាតិ ផ្ដល់ចំណូលដល់ប្រជាជន -កសាងហេដ្ឋារចនាសម្ព័ន្ធ មានផ្លូវថ្នល់ ស្ពានដែក កំពង់ផែ អាកាសយាន្តដ្ឋាន ដោយបំពាក់ប្រព័ន្ធទឹកភ្លើងពីទីក្រុងទៅជនបទ +វិស័យសង្គម -មានការទប់ស្កាត់សង្គ្រាម និងការខ្វែងគំនិតគ្នាក្នុងសង្គម -លើកស្ទួយការគោរពសិទ្ធិមនុស្ស សេរីភាពគ្រប់បែបយ៉ាង -ទប់ស្កាត់អំពើពុករលួយ -ធ្វើឱ្យរដ្ឋាភិបាលមានលទ្ធភាពសម្រេចផែនការនានាតាមការកំណត់ -ជួយឱ្យមានរក្សាសន្តិភាព សុខសុវត្ថិភាព -មានការអភិវឌ្ឈសាលារៀន មន្ទីរពេទ្យ -មានសមភាពយែនឌ័រក្នុងសង្គម -កម្ពុជារៀបចំកម្មវិធីធំៗថ្នាក់ជាតិ។,10,8,3,0.8,0.9621087628610835,4,10,1,2
609,តើគេចែកយុគសម័យបុរេប្រវត្តិសាស្ត្រកម្ពុជាជាប៉ុន្មានយុគសម័យ?អ្វីខ្លះ?,គេចែកយុគសម័យបុរេប្រវត្តិសាស្ត្រកម្ពុជាជាបីយុគសម័យគឺ -យុគថ្មបំបែក (600000 - 12000 ឆ្នាំមុនគ.ស) -យុគថ្មរលីងឬសំលៀង (8000 - 2000 ឆ្នាំមុនគ.ស) -យុគលោហៈ(2000-100 ឆ្នាំមុនគ.ស)។,គេចែកយុគសម័យបុរេប្រវត្តិសាស្ត្រកម្ពុជាជាបីយុគសម័យគឺ -យុគថ្មបំបែក -យុគថ្មរលីងឬសំលៀង -យុគលោហៈ។,5,3,2,0.6,0.5786223192958814,2,3,0,0
610,តើអាមីបរស់នៅកន្លែងណា ?វាបង្កជំងឺអ្វី?,អាមីបរស់នៅកន្លែងដូចជាស្ទឹងបឹងអូរត្រពាំងទន្លេទឹកជ្រោះ។ វាបង្កជំងឺដូចជា ជំងឺរាគមួល ធ្វើឲ្យយើងចុកពោះដោយផឹកទឹកមិនស្អាត,អាមីបរស់នៅកន្លែងមិនស្អាតដូចជា ដីភក់ ទឹកកង្វក់ វាអាចរស់នៅក្នុងពោះវៀនមនុស្ស។ ហើយវាអាចបង្កជំងឺរាគរូស។,8,7,4,0.875,0.2989088780451282,1,2,3,5
611,ចូររៀបរាប់អំពីទំនាក់ទំនងរវាងការដាំដុះអាជីវកម្មព្រៃឈើនិងនេសាទ។,ទំនាក់ទំនងរវាង ការដាំដុះអាជីវកម្មព្រៃឈើ និងការនេសាទ៖  _ ការដាំដុះអាជីវកម្មព្រៃឈើ និងការនេសាទ ជាភោគទ្រព្យយ៉ាងសំខាន់សម្រាប់ប្រជាជនក្នុងការទ្រទ្រង់ក្នុងជីវភាពរស់នៅនិងការអភិវឌ្ឍន៍ប្រទេសជាតិ   _ ដើម្បីបំពេញតម្រូវការក្នុងកសិកម្មផលិតកម្មនិងត្រូវការផ្សេងៗ មនុស្សនាំគ្នាកាប់ព្រៃឈើដើម្បីធ្វើអាជីវកម្មព្រៃឈើជាមូលហេតុធ្វើឲ្យអាកាសធាតុប្រែប្រួលប៉ះពាល់ដល់ជីវិតមនុស្ស សត្វ និងរុក្ខជាតិ  ​ _ អតិផលនៃប្រព័ន្ធកសិកម្ម នាំឲ្យមានកំណើននៃការប្រើប្រាស់គីមីនិងថ្នាំសម្លាប់សត្វល្អិត។ ជីគីមី និងថ្នាំសម្លាប់សត្វល្អិត ទាំងនោះហូរទៅផ្ដុំគ្នានៅតាមផ្លូវទឹកនានា បំផ្លាញជីវិតសត្វនិងពូជធម្មជាតិ។,ទំនាក់ទំនងរវាងការដាំដូរអាជីវកម្ម​​​​​​​​​​ព្រៃឈើនិងការនេសាទ -ការដាំដុលអាជីវកម្មព្រៃឈើនិងការនេសាទជាភាគទ្រព្យដ៏សំខាន់សម្រាប់ទប់ទល់ជីវភាពរស់នៅប្រចាំថ្ងៃ -កម្រិតផ្នែកកសិកម្មក្នុងវិស័យផ្សេងៗទៀតដែលតម្រូវការរបស់មនុស្សរ៉ាប់រងក្នុងការផលិតការធ្វើអាជីវកម្មដែលបណ្តាលឲ្យមានការប្រើប្រាស់ថ្នាំសម្លាប់សត្វល្អិត និងជីគីមីបាន  ហូរចូលនាំផ្តុំគ្នានៅតាមទឹកនានាសម្លាប់ជីវិតសត្វត្រីនិងមច្ចាជាតិ -ទង្វើអាជីវកម្មព្រៃឈើហួសហែងអាចបណ្ដើរឲ្យមានគ្រោះថ្នាក់រាំងស្ងួតក្តៅហួតហែងព្រោះតម្រូវការមនុស្សកាន់តែច្រើនព្រៃឈើពិតថយចុះដែលមិនដែលឲ្យមិនមានភ្លៀងធ្លាក់ធ្វើឲ្យទឹកក្តៅត្រីមិនអាចរស់នៅបាន។ -តម្រូវការមនុស្សពីព្រៃឈើមានដូចជា(តុ ទូ កៅអីថែមទាំងគ្រឿងសង្ហាររឹម)។,15,14,4,0.9333333333333333,0.5040102410223208,2,8,2,6
612,តើអាមីបរស់នៅកន្លែងណា ?វាបង្កជំងឺអ្វី?,អាមីបរស់នៅកន្លែងដូចជាស្ទឹងបឹងអូរត្រពាំងទន្លេទឹកជ្រោះ។ វាបង្កជំងឺដូចជា ជំងឺរាគមួល ធ្វើឲ្យយើងចុកពោះដោយផឹកទឹកមិនស្អាត,អាមីបរស់នៅកន្លែងសើម។វាបង្កជំងឺដូចជា រាគមួល និង ឡើងកន្ទួលក្រហមលើស្បែក។,8,6,3,0.75,0.3807192179117436,2,3,1,3
613,តើកត្តាអ្វីខ្លះដែលធ្វើអោយសម័យអង្គររីកចម្រើនដល់កំពូល?​ ចូលរៀបរាប់។,កត្តាដែលធ្វើអោយសម័យអង្គររីកចម្រើនគឺ: កត្តាព្រះរាជា:ព្រះរាជាចាប់ពីព្រះបាទជ័យវរ្ម័នទី 2 រហូតដល់ព្រះបាទជ័យវរ្ម័នទី 7 សុទ្ធតែជាស្ដេចខ្លាំងពូកែ កត្តានយោបាយ: នយោបាយក្នុងប្រទេសបង្រួបបង្រួមជាតិកសាងនិងការពារទឹកដី នយោបាយក្រៅប្រទេស:ចងសម្ព័ន្ធមិត្តជាមួយប្រទេសធំៗវាយយករដ្ឋតូចដាក់ជាចំណុះ កត្តាសេដ្ឋកិច្ច:រីកចម្រើនលើវិស័យកសិកម្មសិប្បកម្មគណនាគម កត្តាសាសនា:ការឯកភាពគ្នារវាងសាសនាព្រាហ្មនិងព្រះពុទ្ធ កត្តាធនធានមនុស្សបន្សល់ទុកតាំងពីសម័យនគរភ្នំនិងចេនឡាមក។,កត្តាដែលធ្វើអោយសម័យអង្គររីកចម្រើនគឺ: កត្តាព្រះរាជា:ព្រះរាជាចាប់ពីព្រះបាទជ័យវរ្ម័នទី 2 រហូតដល់ព្រះបាទជ័យវរ្ម័នទី 7 សុទ្ធសឹងតែជាស្ដេចខ្លាំងពូកែ កត្តានយោបាយ: នយោបាយក្នុងប្រទេស:បង្រួបបង្រួម​ កសាង និងការពារ។ នយោបាយក្រៅប្រទេស:ចងសម្ព័ន្ធមិត្តជាមួយប្រទេសធំៗដូចជាចិននិងឥណ្ឌា និងវាយយករដ្ឋតូចដាក់ជាចំណុះ កត្តាសេដ្ឋកិច្ច:ការរីកចម្រើនលើវិស័យកសិកម្ម សិប្បកម្ម គណនាគមន៍ កត្តាសាសនា:មានការឯកភាពគ្នារវាងសាសនាព្រាហ្មនិងព្រះពុទ្ធ កត្តាធនធានមនុស្សបន្សល់ទុកតាំងពីសម័យនគរភ្នំនិងចេនឡាមក។,10,10,4,1.0,0.9273986502678749,4,9,0,1
614,បុព្វហេតុអ្វីខ្លះដែលនាំឲ្យអាណាចក្រចេនឡាបែកបាក់ជាពីរគឺអាណាចក្រចេនឡាដីគោកនិងចេនឡាទឹកលិច?,បុព្វហេតុដែលនាំហើយអាណាចក្រចេនឡាបែកជាពីរគឺ -វិសាលភាពទឹកដីធំទូលាយ -ចម្បាំងអត់ឈប់ឈរ -សមន្ដរដ្ឋបះបោរចង់ផ្ដាច់ខ្លួន -វិបត្តិផ្ទៃក្នុង -ព្រះនាងជ័យទេវីគ្មានសមត្ថភាពគ្រប់គ្រង។,បុព្វហេតុដែលនាំហើយអាណាចក្រចេនឡាបែកជាពីរគឺ -វិសាលភាពទឹកដីធំទូលាយ -ចម្បាំងអត់ឈប់ឈរ -សមន្ដរដ្ឋបះបោរចង់ផ្ដាច់ខ្លួន -វិបត្តិផ្ទៃក្នុង -ព្រះនាងជ័យទេវីគ្មានសមត្ថភាពគ្រប់គ្រង។,7,7,4,1.0,1.0,4,7,0,0
615,តើឧស្សាហកម្មមានតួនាទីដូចម្ដេចខ្លះចំពោះសេដ្ឋកិច្ចជាតិ?,ឧស្សាហកម្មមាន​តួនាទីចំពោះសេដ្ឋកិច្ចជាតិដូចជា ៖ ​ _ ជួយបង្កើតថវិការជាតិ ​ _ ជួយបង្កើតទិន្នផលជាតិ ​​ _ ជួយឲ្យសេដ្ឋកិច្ចជាតិរីកចម្រើន  _ ប្រជាជនសំបូរធូរធារ  _អភិវឌ្ឍគ្រប់វិស័យ  _ មានទំនាក់ទំនងល្អជាមួយអ្នកជិតខាង  _ មានភាពរុងរឿងនៅក្នុងប្រទេសជាតិ។,ឧស្សាហកម្មមានតួនាទីចំពោះសេដ្ឋកិច្ចដូចជា៖ -ផ្តល់កាងារឲ្យប្រជាជនធ្វើ -ផ្ដល់ចំណូលដល់សេដ្ឋកិច្ចជាតិមាន២៣.៨%ឆ្នាំ២០០៨ -ផ្ដល់ផលិតផលសម្រាប់នាំចេញ -ផ្ដល់ផលិតផលសម្រាប់ប្រើប្រាស់ -ជួយរក្សាលំនឹងជញ្ជីងពាណិជ្ជកម្ម -និងផ្ដល់ប្រាក់ចំណូលដល់គ្រួសារ។,15,15,4,1.0,0.19910947281927038,1,3,3,12
616,តើសេដ្ឋកិច្ចកម្ពុជាពឹងផ្អែកលើវិស័យអ្វីជាសំខាន់?     ក/ ហេតុអ្វីបានជាគេនិយាយថាកម្ពុជាជាប្រទេសកសិកម្ម?     ខ/ តើគេចែកកសិករជាប៉ុន្មានប្រភេទ?អ្វីខ្លះ?,សេដ្ឋកិច្ចកម្ពុជាពឹងផ្អែកលើវិស័យកសិកម្មជាសំខាន់។   ក/ បានជាគេនិយាយថាកម្ពុជាជាប្រទេសឧស្សាហកម្មព្រោះ៖  _  សណ្ឋានដី : ដីមានជីវជាតិល្អនិងសម្បូរទំនាបល្បាប់   _ ផ្លូវទឹក : ផ្លូវទឹកខ្វាត់ខ្វែងងាយស្រួលដល់ការដាំដុះ  _ ប្រជាជន : ប្រជាជនខ្មែរភាគច្រើនចូលចិត្តធ្វើកសិកម្ម  _ អាកាសធាតុ : ទទួលអាកាសធាតុក្តៅសើម  _ កសិកម្មផ្តល់ផល50%នៃផលិតផលជាតិសរុប។  ខ/ គេចែកកសិករទាំងនោះជា4ប្រភេទគឺ៖  _ កសិករធ្វើស្រែឬអ្នកស្រែ : និយមធ្វើស្រែ ស្រូវប្រាំង ស្រូវវស្សា ស្រូវឡើងទឹក  _ កសិករតំបន់ដីខ្ពស់ : គេដាំដំណាំជាអចិន្ត្រៃយ៍(ពោត ដំឡូង ចេក កៅស៊ូសណ្តែក)  _ កសិករធ្វើចម្ការដំណាំស្រូវ : គេដាំដំណាំតាមមាត់ទន្លេ ចិញ្ចឹមសត្វនិងនេសាទ  _ កសិករភូមិភាគឦសាន: គេធ្វើដំណាំព្រៃដុតមានដូចជាពោត ដំឡូង ស្រូវរុក្ខជាតិយកមើមដទៃទៀត និងបរបាញ់សត្វផងដែរ។,សេដ្ឋកិច្ចកម្ពុជាពឹងផ្អែកលើវិស័យកសិកម្មជាសំខាន់ -ក៏បានគេគេថាកម្ពុជាជាប្រទេសកសិកម្មដូចជា -ប្រទេសកម្ពុជាសម្បូរទៅដោយដីមានជាវិជ្ជាសុំខាននូវការធ្វើស្រូវ -មានព្រៃឈើ -នៅកម្ពុជាសម្បូរទៅដោយធនធានធម្មជាតិ  -ការនាំចេញផលិតផលកសិកម្មទៅក្រៅស្រុកនៅមានការវិនិយោគពីក្រៅប្រទេស +កសិករស្រែចម្ការ -កសិករដំណាំស្រូវថាគេចែកចេញជាពីរ។ +កសិករបើចំណាត់ការ និងកសិករ -ដំណាំស្រូវកសិករស្រែចម្ការការ ដំណាំពោតសណ្តែក -ដំណាំចេញផលទៅលក់នៅទីផ្សារ -ការដាំដំណាំដោយធម្មជាតិគ្មានប្រើប្រាស់ជីគីមី -កសិករធ្វើស្រែចម្ការនេះមិនសំដៅទៅលើកសិករដែលធ្វើដំណាំស្រូវទេនោះគឺសំដៅទៅលើការដាំដំណាំហូបផ្លែ នាំចេញផលិតផលទៅក្រៅស្រុក +កសិករដំណាំស្រូវ -ការដាំដំណាំស្រូបយកអង្ករ -គ្រួសារខ្លះធ្វើស្រូវដាំសម្រាប់ផ្គត់ផ្គង់គ្រួសារតែគ្រួសារខ្លះទៀតធ្វើស្រូវសម្រាប់លក់ខ្លះនិងទុកហូបខ្លះ -ការដាំស្រូវជាតម្រូវការរបស់ប្រជាជនខ្មែរទាំងអស់។,20,14,3,0.7,0.4743757384247742,2,9,1,5
617,តើអាណាចក្រភ្នំមានព្រំប្រទល់ជាប់ប្រទេសណាខ្លះ?,អាណាចក្រភ្នំមានព្រំប្រទល់ជាប់ប្រទេសដូចជា -ខាងជើងជាប់ចិន -ខាងត្បូងជាឈូងសមុទ្រខ្មែរ -ខាងកើតជាប់រដ្ឋចម្ប៉ា -ខាងលិចជាប់រដ្ធមនឬភូមា។,អាណាចក្រភ្នំមានព្រំប្រទល់ខាងជើងជាប់នឹងប្រទេសចិន(រដ្ឋណានឆាវនិងតុងតឹង)ខាងកើតជាប់រដ្ឋចម្ប៉ា(ឈូងសមុទ្រចិន)និងខាងត្បូងជាប់និងឈូងសមុទ្រខ្មែរ(នគរភ្នំ)និងខាងលិចជាប់រដ្ឋមនឬភូមា។,6,6,4,1.0,0.6647821859686388,3,4,1,2
618,តើគេចែកប្រូទីសជាប៉ុន្មានក្រុម?អ្វីខ្លះ?,ប្រូទីសសត្វចែកជា 4 ក្រុមតាមរបៀបរស់នៅនឹងផ្លាស់ទីរបស់វា  +ប្រូតូសូអ៊ែផ្លាស់ទីដោយជើងបញ្ឆោត: អាមីប +ប្រូតូសូអ៊ែផ្លាស់ទីដោយផ្លាសែល : សាឌីយ៉ា +ប្រូតូសូអ៊ែបន្តពូជតាមរយ:ស្ប៉ :ស្ប៉រ៉ូសូអ៊ែ។,គេចែកប្រូទីសសត្វជា 4ប្រភេទគឺ-ប្រូទីសផ្លាស់ទីដោយជើងបញ្ឆោត : អាមីប-ប្រូទីស ផ្លាស់ទីដោយរោមញ័រ : ប៉ារ៉ាមេសុី-ប្រូទីសផ្លាស់ទីដោយ ប្លាសែល-ប្រូទីសផ្លាស់ទីដោយ ស្ប៉។,8,7,4,0.875,0.45550507006015967,2,4,2,3
619,តើគេចែកប្រូទីសជាប៉ុន្មានក្រុម?អ្វីខ្លះ?,ប្រូទីសសត្វចែកជា 4 ក្រុមតាមរបៀបរស់នៅនឹងផ្លាស់ទីរបស់វា  +ប្រូតូសូអ៊ែផ្លាស់ទីដោយជើងបញ្ឆោត: អាមីប +ប្រូតូសូអ៊ែផ្លាស់ទីដោយផ្លាសែល : សាឌីយ៉ា +ប្រូតូសូអ៊ែបន្តពូជតាមរយ:ស្ប៉ :ស្ប៉រ៉ូសូអ៊ែ។,គេចែកប្រូទីសសត្វជា 4ប្រភេទគឺ-ប្រូទីសផ្លាស់ទីដោយជើងបញ្ឆោត : អាមីប-ប្រូទីស ផ្លាស់ទីដោយរោមញ័រ : ប៉ារ៉ាមេសុី-ប្រូទីសផ្លាស់ទីដោយ ប្លាសែល-ប្រូទីសផ្លាស់ទីដោយ ស្ប៉។,8,4,2,0.5,0.45550507006015967,2,4,0,0
620,តើគេចែកប្រូទីសជាប៉ុន្មានក្រុម?អ្វីខ្លះ?,ប្រូទីសសត្វចែកជា 4 ក្រុមតាមរបៀបរស់នៅនឹងផ្លាស់ទីរបស់វា  +ប្រូតូសូអ៊ែផ្លាស់ទីដោយជើងបញ្ឆោត: អាមីប +ប្រូតូសូអ៊ែផ្លាស់ទីដោយផ្លាសែល : សាឌីយ៉ា +ប្រូតូសូអ៊ែបន្តពូជតាមរយ:ស្ប៉ :ស្ប៉រ៉ូសូអ៊ែ។,គេចែកប្រូទីសសត្វជា 4ប្រភេទគឺ-ប្រូទីសផ្លាស់ទីដោយជើងបញ្ឆោត : អាមីប-ប្រូទីស ផ្លាស់ទីដោយរោមញ័រ : ប៉ារ៉ាមេសុី-ប្រូទីសផ្លាស់ទីដោយ ប្លាសែល-ប្រូទីសផ្លាស់ទីដោយ ស្ប៉។,8,4,2,0.5,0.45550507006015967,2,4,0,0
621,តើការស្ថិតនៅក្រៅសារពាង្គកាយនៃពងស្វាសមានសារៈសំខាន់ដូចម្តេច?,ការស្ថិតនៅក្រោមសារពាង្គកាយនៃពងស្វាសមានសារៈសំខាន់ដូចជាដើម្បីរក្សាសីតុណ្ហភាពឲ្យ ទាបជាងសីតុណ្ហភាពក្នុងខ្លួន ប្រហែលពី(2-3)សីតុណ្ហភាពក្នុងខ្លួន37 ។,ការស្ថិតនៅក្រោមសារពាង្គកាយនៃពងស្វាសមានសារៈសំខាន់ក្នុងការផលិតអរម៉ូនភេទឈ្មោលនិង បង្កើតស្ពែម៉ាតូសូអ៊ីត ។,10,2,1,0.2,0.28458921400642256,1,3,0,1
622,សេដ្ឋកិច្ចកម្ពុជាពឹងផ្អែកលើវិស័យកសិកម្មជាសំខាន់៖ ​ក.​ ហេតុអ្វីបានជាគេនិយាយថាកម្ពុជាជាប្រទេសកសិកម្ម? ខ. តើគេចែកកសិករទាំងនោះជាប៉ុន្មានប្រភេទ?,សេដ្ឋកិច្ចកម្ពុជាបានផ្អែកលើវិស័យកសិកម្មជាសំខាន់៖ ក​. បានជាគេនិយាយថាប្រទេសកម្ពុជាជាប្រទេសកសិកម្មដោយសារ -ផ្ទៃដីនៅប្រទេសកម្ពុជាប្រហែល៩០ភាគរយសិតតែដំណាំស្រូវ -ប្រជាជនកកម្ពុជា ៧០.៣ភាគរយធ្វើកសិកម្ម -កសិកម្មជួយឲ្យប្រជាជនកម្ពុជាមានការងារធ្វើ -ប្រជាជននិយមធ្វើកសិកម្ម -ដីនៅកម្ពុជាប្រកបជាមួយកាធ្វើកសិកម្ម -កម្ពុជាមានអាកាសធាតុសមស្របសម្រាប់ធ្វើកសិកម្ម ខ. គេចែកកសិកម្មទាំងនោះជាពីរប្រភេទ៖ +កសិករខ្នាតតូច -ធ្វើកសិកម្មដើម្បីជីវិត -ធ្វើលក្ខណៈតិចតួច ទុកតែបរិភោគសម្រាប់គ្រួសារ -មិនលក់ឲ្យអ្នកណា +កសិករខ្នាតធំ -ធ្វើកសិកម្មច្រើនហើយទុកសម្រាប់លក់ឬនាំចេញទៅក្រៅប្រទេស -ធ្វើមួយឆ្នាំអាចទៅពីរលើក -ធ្វើលក្ខណៈច្រើន ដើម្បីលក់និងនាំចេញ។,សេដ្ឋកិច្ចកម្ពុជាបានផ្អែកលើវិស័យកសិកម្មជាសំខាន់៖ ក. បានជាគេនិយាយថាកម្ពុជាជាប្រទេសកសិកម្មព្រោះប្រជាជនកម្ពុជាស្ទើតែ៧២.៣%ទៅហើយជាកសិករ ហើយពួកគេពឹងផ្អែកលើវិស័យ កសិកម្ម ដើម្បីទទួលបានប្រាក់ចំណូលចូលគ្រួសារពួកគេ។ -ប្រទេសកម្ពុជាមានប្រភេទដែលអាចដាំដំណាំគ្រប់ប្រភេទបាន -ប្រជាជនមួយភាគចំណូលរបស់ពួកគេមកពីការធ្វើកសិកម្ម -មានដំណាំអាចនាំចេញចូលក្រៅប្រទេសបាន។ ខ. គេចែកកសិករទាំងនោះជាកសិករបែបបុរាណ និងកសិករបែបទំនើប៖ +កសិករបុរាណ -ធ្វើស្រែដោយប្រើរនាស់ -បោកកណ្ដាប់ជាដើម។ +កសិករបែបទំនើប -ធ្វើស្រែដោយរបស់ទំនើប (គោញង់ ត្រាក់ទ័រ) -ផលិតដោយប្រើរបស់ទំនើប។,15,11,3,0.7333333333333333,0.4492222929472469,2,7,1,4
623,តើអាមីបរស់នៅកន្លែងណា ?វាបង្កជំងឺអ្វី?,អាមីបរស់នៅកន្លែងដូចជាស្ទឹងបឹងអូរត្រពាំងទន្លេទឹកជ្រោះ។ វាបង្កជំងឺដូចជា ជំងឺរាគមួល ធ្វើឲ្យយើងចុកពោះដោយផឹកទឹកមិនស្អាត,អាមីបរស់នៅកន្លែងដែលមិនស្អាតដូចជា ដីភក់ ទឹកកខ្វក់ វាអាចរស់នៅក្នុងពោះវៀនមនុស្សដែលបង្កឲមានជំងឺរាគមួល។,8,7,4,0.875,0.326877768253581,1,3,3,4
624,តើអ្វីជាសង្គ្រាមត្រជាក់? តើសង្គ្រាមត្រជាក់ផ្ដល់ផលវិបាកអ្វីខ្លះដល់កម្ពុជា?,សង្គ្រាមត្រជាក់ជាការប្រឈមមុខដាក់គ្នាដោយប្រយោលរវាងសហរដ្ឋអាមេរិចនិងសហភាពសូវៀត ដោយធ្វើការប្រណាំងប្រជែងគ្នាលើផ្នែក  សេដ្ឋកិច សព្វាវុធ យោធា និងបច្ចេកទេស។ សង្រ្គាមត្រជាក់បានផ្ដល់ផលវិបាកកម្ពុជាដូចជា៖ -គ្រាប់បែករបស់សហរដ្ឋអាមេរិក 1669 ដល់ 1973  -សង្គ្រាមស៊ីវិលក្នុងប្រទេសពីឆ្នាំ 1970 ដល់ 1975 និងកើតមានម្តងទៀតពីឆ្នាំ 1979 ដល់ឆ្នាំ 1991 ដែលកើតចេញពីការប្រឆាំងគ្នារវាងក្រុមកុម្មុយនិស្តនិងសេរីនិយម -ការសម្លាប់ប្រជាជនឯងក្រោមរបស់ប្រល័យពូជសាសន៍ឆ្នាំ 1975 និងឆ្នាំ 1979  -ការផ្លាស់ប្ដូរនយោបាយជាញឹកញាប់រហូតមានការមានកិច្ចព្រមព្រៀងសន្តិភាពក្រុងប៉ារីសថ្ងៃទី 23 តុលាឆ្នាំ 1991។,សង្គ្រាមត្រជាក់គឺជាការប្រឈមមុខដាក់គ្នាដោយប្រយោលរវាងប្លុកលោកខាងលិចដែលប្រកាន់យលលទ្ធិសេរីនិយមដឹកនាំដោយសាហរដ្ឋអាមេរិក ដែលខាងកើតប្រកាន់យកលទ្ធិគុម្មុយនីសដឹកនាំដោយសហភាពសូវៀត។ការប្រឈមមុខគ្នារវាងប្លុកទាំងពីរនេះបង្កើតមានក្នុងវិស័យមនោគមន៍វិជ្ជា នយោបាយ  សេដ្ឋកិច្ច ពាណិជ្ជកម្ម និងទំនាក់ទំនងអន្តរជាតិ។ ផលវិបាកមានដូច៖ -មានវិនាសកម្មការទម្លាក់គ្រាប់បែករបស់សហរដ្ឋអាមេរិក 1969 ដល់ 1973  -វិបត្តិនយោបាយពីឆ្នាំ 1970 ដល់ឆ្នាំ 1975 និងកើតម្ដងទៀតពីឆ្នាំ 1975 ដល់ 1980 ដែលកើតចេញពីការប្រឆាំងគ្នារវាងក្រុមគម្មុយនីសនឹងសេរីនិយម -ការផ្លាស់ប្ដូរនយោបាយញឹកញាប់រហូតដល់មានកិច្ចព្រមព្រៀងសន្តិភាពទីក្រុងប៉ារីស 23 តុលាឆ្នាំ 1991 -សង្គមកម្ពុជាក្លាយជាអនាធីបតី បាត់បង់ស្ថីរភាពនយោបាយ អសន្តិសុខសណ្ដាប់ធ្នាប់ -មានការបែងចែកអំណាចរដ្ឋាភិបាលជាតិពីរ។,10,9,4,0.9,0.670312257860561,3,7,1,2
625,ចូររៀបរាប់ពីទំនាក់ទំនងរវាងការដាំដុះ​ អាជីវកម្មព្រៃឈើ និងការនេសាទ។,ទំនាក់ទំនងរវាងការដាំដុះ អាជីវកម្មព្រៃឈើ និងការនេសាទមានដូចជា៖ -ការដាំដុះដោយប្រើជីធម្មជាតិ -ការប្រើប្រាស់ជីគីមី -ដាំដុះនិងធ្វើតាមរដូវ -អាជីវកម្មព្រៃឈើ -ការកាប់បំផ្លាញព្រៃឈើ -ការដុតព្រៃឈើ -ការកាប់ឈើយកទៅធ្វើអាជីវកម្ម +ការនេសាទ -ការនេសាទត្រីពេលត្រីពក -ការនេសាទដោយប្រើអគ្គិសនី -ការនេសាទហួសកម្រិត -ការនេសាទគឺជាមុខរបរប្រចាំថ្ងៃាបស់ប្រជាជន -នឹងជាអាហារប្រចាំថ្ងៃរបស់ប្រជាជន -ការនេសាទធ្វើប្រជាជនមានមុខរបររកស៊ីត្រឹមត្រូវ -ការនេសាទប្រើប្រាស់ឧបករណ៍នេសាទខុសច្បាប់ -ការបំផ្លាញជំរកត្រី -ការបកហូរទឹកចេញពី,ទំនាក់ទំនងរវាងការដាំដុះ អាជីវកម្មព្រៃឈើ និងការនេសាទ៖ +អាជីវកម្មព្រៃឈើ -ការកាប់យកពូជឈើល្អសម្រាប់លក់ដូរ -ការកាប់អាចាស់ហើយដាំថ្មី -កាប់ឈើហើយទៅបំពេញតម្រូវការរបស់មនុស្ស +ការនេសាទ -ចាប់ត្រីដើម្បីលក់ឬចិញ្ចឺមជីវិត -នេសាទដោយឧបករណ័ទំនើប -នេសាទតាមរដូវ -មិនឆក់ត្រីព្រោះអាចធ្វើត្រីផុសពូជ។,15,2,1,0.13333333333333333,0.5441193032524367,2,8,1,6
626,ចូរប្រៀបធៀបលក្ខណៈខុសគ្នានៃផ្សិត និងរុក្ខជាតិ។,លក្ខណៈខុសគ្នានៃផ្សិតនិងរុក្ខជាតិ +ផ្សិត  -ផ្សិតបន្តពូជតាមរយៈស្ប៉ -ផ្សិតមិនធ្វើរស្មីសំយោគ -អុីប -វារស់នៅកន្លែងសើម +រុក្ខជាតិ -បន្តពូជដោយគ្រាប់ -វាត្រូវការធ្វើរស្មីសំយោគ -វារស់នៅកន្លែងដែលមានពន្លឺ,លក្ខណ:ខុសគ្នានៃផ្សិតនិងរុក្ខជាតិ  +ផ្សិត -បរជីព -អុីបក្រោមដី -ស្ប៉ +រុក្ខជាតិ -ស្វ័យជីព -គ្រាប់ -ឬស,12,7,2,0.5833333333333334,0.4030556137630548,2,5,0,2
627,ចូរប្រៀបធៀបលក្ខណៈខុសគ្នានៃផ្សិត និងរុក្ខជាតិ។,លក្ខណៈខុសគ្នានៃផ្សិតនិងរុក្ខជាតិ +ផ្សិត  -ផ្សិតបន្តពូជតាមរយៈស្ប៉ -ផ្សិតមិនធ្វើរស្មីសំយោគ -អុីប -វារស់នៅកន្លែងសើម +រុក្ខជាតិ -បន្តពូជដោយគ្រាប់ -វាត្រូវការធ្វើរស្មីសំយោគ -វារស់នៅកន្លែងដែលមានពន្លឺ,លក្ខណៈខុសគ្នានៃផ្សិតនិងរុក្ខជាតិ +ផ្សិត  -ផ្សិតបន្តពូជតាមរយៈស្ប៉ -ផ្សិតមិនធ្វើរស្មីសំយោគ -អុីប -វារស់នៅកន្លែងសើម +រុក្ខជាតិ -បន្តពូជដោយគ្រាប់ -វាត្រូវការធ្វើរស្មីសំយោគ -វារស់នៅកន្លែងដែលមានពន្លឺ,12,5,2,0.4166666666666667,1.0,4,12,2,7
628,តើគេចែកប្រូទីសជាប៉ុន្មានក្រុម?អ្វីខ្លះ?,ប្រូទីសសត្វចែកជា 4 ក្រុមតាមរបៀបរស់នៅនឹងផ្លាស់ទីរបស់វា  +ប្រូតូសូអ៊ែផ្លាស់ទីដោយជើងបញ្ឆោត: អាមីប +ប្រូតូសូអ៊ែផ្លាស់ទីដោយផ្លាសែល : សាឌីយ៉ា +ប្រូតូសូអ៊ែបន្តពូជតាមរយ:ស្ប៉ :ស្ប៉រ៉ូសូអ៊ែ។,គេចែកប្រូទីសសត្វជា 4ប្រភេទគឺ-ប្រូទីសផ្លាស់ទីដោយជើងបញ្ឆោត : អាមីប-ប្រូទីស ផ្លាស់ទីដោយរោមញ័រ : ប៉ារ៉ាមេសុី-ប្រូទីសផ្លាស់ទីដោយ ប្លាសែល-ប្រូទីសផ្លាស់ទីដោយ ស្ប៉។,8,3,2,0.375,0.45550507006015967,2,4,0,1
629,តើដំណាក់កាលទាំងពីរនៃវដ្ដជីវីតរបស់រុក្ខជាតិមានអ្វីខ្លះ? ចូររៀបរាប់។,ដំណាក់កាល ទាំងពីរនៃវដ្ដជីវិតរបស់រុក្ខជាតិមាន  - ដំណាក់កាលស្ប៉រ៉ូភីត គឺជារុក្ខជាតិផលិតស្ប៉។ វាជាកោសិកាតូចៗដែលអាចលូតលាស់ជាសារពាង្គកាយថ្មី  -ស្ប៉លូតលាស់ក្នុងដំណាក់កាលផ្សេងទៀតនៃរុក្ខជាតិ ហៅថាកាម៉ែតូភីត។ ក្នុងដំណាក់កាលនៃរុក្ខជាតិផលិតកោសិកាភេទពីរបែប គឺកាម៉ែតឈ្មោល និងកាម៉ែតញី ។ កាម៉ែតញី និង កាម៉ែតឈ្មោលលាយចូលគ្នា បង្កើតបានជាសុីកូត។ បន្ទាប់មកទៀត សុីកូតលូតលាស់ទៅជាស្ប៉រ៉ូភីត។ស្ប៉រ៉ូភីតផលិតស្ប៉លូតលាស់ក្នុងកាម៉ែតូភីត កាម៉ែតូភីតផលិតកាម៉ែតញី និងកាម៉ែតឈ្មោល ហើយវដ្ដផ្ដើមសារជាថ្មី។,ដំណាក់កាល ទាំងពីរនៃវដ្តជីវីតរបស់រុក្ខជាតិមានដូចជា  -ស្ប៉រ៉ូភីត ជារុក្ខជាតិផលិតស្ប៉ហើយបង្កើតបានជាកាម៉ែត។,15,14,4,0.9333333333333333,0.5631809067298155,2,8,2,6
630,តើព្រះបាទពញាយ៉ាតមានបុត្រប៉ុន្មានអង្គព្រះនាមអ្វីខ្លះ?ជាមួយអ្នកម្នាងណាខ្លះ?,ព្រះបាទពញាយ៉ាតមានបុត្របីអង្គគឺ នារាយណ៍រាជា ជាបុត្រជាមួយម្នាងទេវី ស្រីរាជាជាបុត្រជាមួយបុទុមកេសរ និងធម្មរាជាជាបុត្រជាមួយសុីសង៉ាម(បុត្រីស្ដេចសៀម)។,ព្រះបាទពញាយ៉ាតមានបុត្របីអង្គគឺ នារាយណ៍រាជា ជាបុត្រជាមួយម្នាងទេវី ស្រីរាជាជាបុត្រជាមួយបុទុមកេសរ និងធម្មរាជាជាបុត្រជាមួយសុីសង៉ាម(បុត្រីស្ដេចសៀម)។,5,5,4,1.0,0.9999999999999998,4,5,0,0
631,តើប្រព័ន្ធផលិតកម្មកសិកម្មនៅប្រទេសកម្ពុជាមានអ្វីខ្លះ?,ប្រព័ន្ធផលិតកម្មកសិកម្មនៅកម្ពុជាមានដូចជាដំណាំដំណាំស្រូវនិងកៅស៊ូដឹកនាំផ្សេងៗទៀតការចិញ្ចឹមសត្វបានចិញ្ចឹមសត្វលើគោកការចិញ្ចឹមសត្វក្នុងទឹកការនេសាទការនេសាទទឹកសាបការនេសាទទឹកប្រៃ  ព្រៃឈើអនុផលព្រៃឈើរកឃ្មុំជ័រទឹកក្តៅសត្វព្រៃ,ប្រព័ន្ធផលិតកម្មកសិកម្មនៅប្រទេសកម្ពុជាមាន ផលិតកម្មមិនទាន់ស្រេច និងផលិតកម្មប្រយោល៖ +ផលិតកម្មមិនទាន់ស្រេច -ផលិតផលដែលមិនទាន់ច្នៃប្រឌិត -នៅជាវត្ថុដើមនៅឡើយ -មិនទាន់កែច្នៃ -មិនទាន់ប្រើប្រាស់ -ប្រើប្រាស់មិនទាន់បាន -មិនគ្រប់គ្រាន់ +ផលិតផលប្រយោល -ជាប្រភេទអាហារឬផ្លែឈើដែលធ្វើឡើងដោយត្រៀមៗហូបស្រាប់ -ជាការវេចខ្ចប់ -របស់ដែលច្នៃឡើងមក -ជាប្រភេទសម្ភារៈបរិភោគ -បរិភោគដោយការវេចខ្ចប់ -ធ្វើនៅក្រុមហ៊ុនឬរោងចក្រ -មានភាពងាយស្រួល សម្រួលដល់ការដែលធ្វើប្រាស់។,15,2,1,0.13333333333333333,0.10092149379671547,0,2,1,0
632,តើផ្សិតមានរូបរាងខុសៗគ្នាអាស្រ័យនឹងអ្វី? ស្រូបសារធាតុចិញ្ចឹមតាមរយៈអ្វី?,ផ្សិតមានរូបរាងខុសៗគ្នាអាស្រ័យនឹងការតម្រៀបអុីបរបស់វា។ផ្សិតស្រូបសារធាតុចិញ្ចឹមតាមរយ:អុីបដែលដុះចូលទៅក្នុងប្រភពអាហារ។,ផ្សិតមានរូបរាងខុសៗគ្នាអាស្រ័យនឹងការតម្រៀបអុីបរបស់វា។ផ្សិតស្រូបសារធាតុចិញ្ចឹមតាមរយ:អុីបដែលដុះចូលទៅក្នុងប្រភពអាហារ។,10,5,2,0.5,0.9999999999999999,4,10,2,5
633,ចូរនិយាយពីកំណកាម៉ែតញី។,ការស្ថិតនៅក្រោមសារពាង្គកាយនៃពងស្វាសមានសារៈសំខាន់ដូចជាដើម្បីរក្សាសីតុណ្ហភាពឲ្យ ទាបជាងសីតុណ្ហភាពក្នុងខ្លួន ប្រហែលពី(2-3)សីតុណ្ហភាពក្នុងខ្លួន37 ។,កំណកាម៉ែនញី ដំបូងកោសិកាពូជមួយរកចម្ងាយពីរដងទម្លាប់គ្នាបានកោសិកាអូវ៉ូកូនី4 ។អូវុលរីក មាឌក្លាយជាអូវូស៊ីត1 ។អូវ៉ូស៊ីតមួយរងចំណែកមួយនៃមេយ៉ូសហើយត្រូវបានជាប់គាំងនៅចុង វគ្គមួយ ។,10,5,2,0.5,0.020265111967696484,0,0,2,5
634,បុព្វហេតុអ្វីខ្លះដែលនាំឲ្យអាណាចក្រចេនឡាបែកបាក់ជាពីរគឺអាណាចក្រចេនឡាដីគោកនិងចេនឡាទឹកលិច?,បុព្វហេតុដែលនាំហើយអាណាចក្រចេនឡាបែកជាពីរគឺ -វិសាលភាពទឹកដីធំទូលាយ -ចម្បាំងអត់ឈប់ឈរ -សមន្ដរដ្ឋបះបោរចង់ផ្ដាច់ខ្លួន -វិបត្តិផ្ទៃក្នុង -ព្រះនាងជ័យទេវីគ្មានសមត្ថភាពគ្រប់គ្រង។,បុព្វហេតុដែលនាំហើយអាណាចក្រចេនឡាបែកជាពីរគឺ -វិសាលភាពទឹកដីធំទូលាយ -ចម្បាំងអត់ឈប់ឈរ -សមន្ដរដ្ឋបះបោរចង់ផ្ដាច់ខ្លួន -វិបត្តិផ្ទៃក្នុង -ព្រះនាងជ័យទេវីគ្មានសមត្ថភាពគ្រប់គ្រង។,7,7,4,1.0,1.0,4,7,0,0
635,តើប្រព័ន្ធផលិតកម្មកសិកម្មនៅក្នុងប្រទេសកម្ពុជាមានអ្វីខ្លះ?ចូររៀបរាប់​ ។,ប្រព័ន្ធផលិតកម្មកសិកម្មនៅប្រទេសកម្ពុជាមាន៖    _ ដំណាំ : ដំណាំស្រូវ ដំណាំកៅស៊ូ ដំណាំផ្សេងៗទៀត    _ ការចិញ្ចឹមសត្វ : ការចិញ្ចឹមសត្វលើគោក ការចិញ្ចឹមសត្វក្នុងទឹក    _ ការនេសាទ : ការនេសាទទឹកសាប ការនេសាទទឹកប្រៃ  _ ព្រៃឈើ : ផលិតផលឈើ អនុផលព្រៃឈើ(រកឃ្មុំ ជ័រទឹក វល្លិ៍ ផ្តៅ) សត្វព្រៃ ។,ប្រព័ន្ធផលិតកម្មនៅប្រទេសកម្ពុជារួមមាន៖  • ដំណាំ  • ដំណាំស្រូវ  • ដំណាំកៅស៊ូ  • ដំណាំផ្សេងៗទៀត  • ការចិញ្ចឹមសត្វ  • ការចិញ្ចឹមសត្វបែបគ្រួសារ  • ការចិញ្ចឹមសត្វក្នុងទឹក  • ការនេសាទ  • ការនេសាទក្នុងទឹកសាប  • ការនេសាទទឹកប្រៃ  • វារីវប្បកម្ម  • ផលិតផលឈើ  • របរផលិតផលឈើ (រទេះរុញ ជ័រទឹក ជ័រ...)  • សត្វព្រៃ ។,10,10,4,1.0,0.49816438270178526,2,5,2,5
636,តើអាមីបរស់នៅកន្លែងណា ?វាបង្កជំងឺអ្វី?,អាមីបរស់នៅកន្លែងដូចជាស្ទឹងបឹងអូរត្រពាំងទន្លេទឹកជ្រោះ។ វាបង្កជំងឺដូចជា ជំងឺរាគមួល ធ្វើឲ្យយើងចុកពោះដោយផឹកទឹកមិនស្អាត,អាមីបគឺជាសត្វឯកកោសិកា ប្រូទីសដែលអាចរស់នៅបានច្រើនកន្លែង ក្នុងទឹក ក្នុងដី ។ វាបង្កជំងឺដូចជា -ជំងឺរាគមួល អាមីប -ជំងឺរលាកស្រោមខួរក្បាល -ការឆ្លងមេរោគនៅភ្នែកឬស្បែក។,8,4,2,0.5,0.3631220089921023,1,3,1,1
637,តើផ្សិតមានរូបរាងខុសៗគ្នាអាស្រ័យនឹងអ្វី? ស្រូបសារធាតុចិញ្ចឹមតាមរយៈអ្វី?,ផ្សិតមានរូបរាងខុសៗគ្នាអាស្រ័យនឹងការតម្រៀបអុីបរបស់វា។ផ្សិតស្រូបសារធាតុចិញ្ចឹមតាមរយ:អុីបដែលដុះចូលទៅក្នុងប្រភពអាហារ។,ផ្សិតមានរូបរាងខុសៗគ្នាអាស្រ័យលើការតម្រៀបរបស់អុីប។ផ្សិតខ្លះ អុីបមានរាងសរសៃឆ្មារៗបែកមែកប្រទាក់ក្រឡាគ្នា ណ្ហេលៗ(រង្វិល) ។ ផ្សិតខ្លះទៀតអុីបរបស់វាតម្រៀបគ្នាយ៉ាងណែន ។ វាស្រូបសារធាតុចិញ្ចឹមតាមរយ:អុីប។,10,8,3,0.8,0.5023994932323168,2,5,1,3
638,តើផ្សិតមានរូបរាងខុសៗគ្នាអាស្រ័យនឹងអ្វី? ស្រូបសារធាតុចិញ្ចឹមតាមរយៈអ្វី?,ផ្សិតមានរូបរាងខុសៗគ្នាអាស្រ័យនឹងការតម្រៀបអុីបរបស់វា។ផ្សិតស្រូបសារធាតុចិញ្ចឹមតាមរយ:អុីបដែលដុះចូលទៅក្នុងប្រភពអាហារ។,ផ្សិតមានរូបរាងខុសៗគ្នាអាស្រ័យលើការតម្រៀបរបស់អុីប។ផ្សិតខ្លះ អុីបមានរាងសរសៃឆ្មារៗបែកមែកប្រទាក់ក្រឡាគ្នា ណ្ហេលៗ(រង្វិល) ។ ផ្សិតខ្លះទៀតអុីបរបស់វាតម្រៀបគ្នាយ៉ាងណែន ។ វាស្រូបសារធាតុចិញ្ចឹមតាមរយ:អុីប។,10,5,2,0.5,0.5023994932323168,2,5,0,0
639,តើមូលហេតុអ្វីបានជាព្រះបាទពញាយ៉ាត ជ្រើសរើសយកចតុមុខធ្វើជារាជធានី?,បានជាព្រះបាទពញាយ៉ាតជ្រើសរើសក្រុងចតុមុខជារាជធានីព្រោះ មានទីតាំងភូមិសាស្ត្រល្អ គេចពីសត្រូវឈ្លានពានសៀម ដីមានជីវជាតិងាយស្រួលក្នុងការធ្វើកសិកម្ម ជាទីប្រសព្វនៃជំនួសទាំងផ្លូវគោកនិងផ្លូវទឹក សម្បូរផ្លូវក្នុងការធ្វើកសិកម្មនិងជំនួញ ភាពខាងត្បូងដីមានប្រជាជនច្រើននិងធនធានដើម្បីកសាងសេដ្ឋកិច្ចជាតិ។,បានជាព្រះបាទពញាយ៉ាតជ្រើសរើសក្រុងចតុមុខជារាជធានីព្រោះ មានទីតាំងភូមិសាស្ត្រល្អ គេចពីសត្រូវឈ្លានពានសៀម ដីមានជីវជាតិងាយស្រួលក្នុងការធ្វើកសិកម្ម ជាទីប្រសព្វនៃជំនួសទាំងផ្លូវគោកនិងផ្លូវទឹក សម្បូរផ្លូវក្នុងការធ្វើកសិកម្មនិងជំនួញ ភាពខាងត្បូងដីមានប្រជាជនច្រើននិងធនធានដើម្បីកសាងសេដ្ឋកិច្ចជាតិ។,10,10,4,1.0,1.0,4,10,0,0
640,ចូរពណ៏នាពីការអភិវឌ្ឍសេដ្ឋកិច្ច សង្គម នៅកម្ពុជាពីឆ្នាំ១៩៩៣ មកទល់សព្វថ្ងៃ?,ការអភិវឌ្ឈនៅកម្ពុជា +វិស័យសេដ្ឋកិច្ច -ជួយជំរុញវិស័យកសិកម្ម ឧស្សាហកម្ម ពាណិជ្ជកម្ម ទេសចរណ៌ មានការអភិវឌ្ឈ -មានកំណើនការវិនិយោគពីឯកជនបង្កើតទុនបរទេស -មានទំនាក់ទំនងពាណិជ្ជកម្មអន្តរជាតិជាមួយអាស៊ាននិងមហាអំណាចធំៗ -មានកំណើនភ្ញៀវទេសចរណ៌ជាតិនិងអន្តរជាតិ ផ្ដល់ចំណូលដល់ប្រជាជន -កសាងហេដ្ឋារចនាសម្ព័ន្ធ មានផ្លូវថ្នល់ ស្ពានដែក កំពង់ផែ អាកាសយាន្តដ្ឋាន ដោយបំពាក់ប្រព័ន្ធទឹកភ្លើងពីទីក្រុងទៅជនបទ +វិស័យសង្គម -មានការទប់ស្កាត់សង្គ្រាម -លើកស្ទួយការគោរពសិទ្ធិមនុស្ស -ទប់ស្កាត់អំពើពុករលួយ -ធ្វើឱ្យរដ្ឋាភិបាលមានលទ្ធភាពសម្រេចផែនការនានាតាមការកំណត់ -ជួយឱ្យមានរក្សាសន្តិភាព សុខសុវត្ថិភាព -មានការអភិវឌ្ឈសាលារៀន មន្ទីរពេទ្យ -មានសមភាពយែនឌ័រក្នុងសង្គម -កម្ពុជារៀបចំកម្មវិធីធំៗថ្នាក់ជាតិ។,ពណ៌នាពីការអភិវឌ្ឍសេដ្ឋកិច្ចសង្គមនៅកម្ពុជាពីឆ្នាំ 1993 មកទល់សព្វថ្ងៃ +នយោបាយឈ្នះ -នយោបាយឈ្នះបានធ្វើឲ្យរាជរដ្ឋាភិបាលបានដាក់ចេញនូវយុទ្ធសាស្ត្រត្រីកោណនិងយុទ្ធសាស្ត្រចតុកោណក្នុងការអភិវឌ្ឍសង្គមតាមរយៈកំណែទម្រង់សាធារណៈ វិមជ្ឈការកំណែទម្រង់ច្បាប់និងប្រព័ន្ធតុលាការសន្តិភាពយែនឌ័រហិរញ្ញវត្ថុលុបបំបាត់អំពើពុករលួយការគ្រប់គ្រងធនធានធម្មជាតិប្រកបដោយចីរភាព។ +សេដ្ឋកិច្ច -បង្កើតទំនាក់ទំនងពាណិជ្ជកម្មអន្តរជាតិអាស៊ាននិងមហាអំណាចធំៗលើពិភពលោក -កសិកម្មមានការរីកចម្រើនដោយរដ្ឋាភិបាលយកចិត្តទុកដាក់ក្នុងការបង្កើតប្រព័ន្ធធារាសាស្ត្រ ការបង្កាត់ពូជ ប្រើប្រាស់ដី -អនុវត្តសេដ្ឋកិច្ចទីផ្សារសេរីកម្ពុជាក្លាយជាកន្លែងវិនិយោគទុនដ៏ទាក់ទាញ -ជំរុញនិងលើកទឹកចិត្តការវិនិយោគពីឯកជនបង្កើតទន់បរទេស -ជំរុញវិស័យឧស្សហកម្មមានការរីកចម្រើនផ្នែករោងចក្រសហគ្រាសតូចធំជាច្រើន ជាពិសេសរោងចក្រវាយភ័ណ្ឌសម្រាប់បង្កើយការងារដល់ប្រជាជន  -ជៀសវាងការធ្វើចំណាកស្រុក -ជំរុញឱ្យមានការយកចិត្តទុកដាក់លើវិស័យទេសចរណ៌ វប្បធម៍និងទេសចរណ៌ធម្មជាតិ សម្រាប់ទាក់ទាញភ្ញៀវជាតិនិងអន្តរជាតិ -ធ្វើអោយអត្រាប្ដូរប្រាក់មានស្ថិរភាព -ចូលជាសមាជិកអង្គការពាណិជ្ជកម្មអន្តរជាតិ +វិស័យសង្គម -ឆ្នាំ1998មកដល់បច្ចុប្បន្នរាជរដ្ឋាភិបាលរៀបចំនូវសណ្ដាប់ធ្នាប់សង្គម រក្សាសន្តិភាពសុខសុវត្ថិភាព និងមានសន្តិភាពពេញលេញ -ធ្វើឱ្យមានសមត្ថផលជាច្រើនកើតឡើងដូចជា -កសាងសាលារៀនពីមតេយ្យសិក្សាដល់សាកលវិទ្យាល័យ -កសាងមន្ទីរពេទ្យផ្លូវថ្នល់ស្ពានប្រព័ន្ធធារាសាស្រ្តជាពិសេសសេដ្ឋកិច្ចមានការរីកចម្រើន -ប្រជាជនមានជីវភាពកាន់តែប្រសើរ +ការអនុវត្តច្បាប់ -ទប់ស្កាត់ៗនឲមានការជួញដូរមនុស្ស គ្រឿងញៀន និងអំពើភារវកម្ម -មានសិទ្ធិសេរីភាពផ្នែកសារព័ត៌មាននិងអនុញ្ញាតឲមានសិទ្ធិសេរីភាពក្នុងការបង្កើតអង្គការសង្គមស៊ីវិល -សមភាពយែនឌ័រ។,10,10,4,1.0,0.5245423692141953,2,5,2,5
641,តើព្រះអង្គឌួងមានស្នាព្រហស្ថអ្វីខ្លះចំពោះប្រទេសជាតិនិងប្រជារាស្ត្រខ្មែរ?,ព្រះបាទអង្គឌួងមានស្នាព្រហស្តដូចជាផ្នែករដ្ឋបាលរៀបចំប្រព័ន្ធរដ្ឋបាលនិងច្បាប់ទម្លាប់ស្ដារឡើងវិញមានរបៀបផ្នែកសេដ្ឋកិច្ចលើកស្ទួយវិស័យកសិកម្មជួសជុលប្រព័ន្ធ សេះនិងពាណិជ្ជកម្ម ភ្នែកបរទេសស្វែងរកជំនួយពីបារាំងដើម្បីទប់ទល់នឹងការត្រួតត្រាយួននិងសៀម ផ្នែកវប្បធម៌លើកស្ទួយវប្បធម៌អក្សរសាស្ត្រខ្មែរនិង សាសនា កត្តាផ្ទៃក្នុង ការបែកបាក់រាជវង្សានុវង្សបែកបាក់សាមគ្គី។,ព្រះបាទអង្គឌួងមានស្នាព្រហស្តចំពោះប្រទេសជាតិនិងប្រជាជនខ្មែរ ព្រះបាទអង្គការពារដីពីពួកចោរសៀមនិងយួន កសាងក្រុងឧដុង្គកំពង់ផែកំពតកំពង់ផែថៃកំពង់ផែហ្វូងនិងកសាងផ្លូវគមនាគមន៍ កសាងវប្បធម៌ខ្មែរវត្តអារាមសាលារៀនសាកលវិទ្យាល័យអក្សរសាស្ត្រខ្មែរកុំតាមច្បាប់ស្រីរៀបចំរដ្ឋាភិបាលស្រុកទេសច្បាប់ទម្លាប់ហាមនេសាទត្រីល្មើសច្បាប់ដាក់ទណ្ឌកម្មដល់អ្នកមាន ញៀនអាភៀន។,15,15,4,1.0,0.26626526284874064,1,4,3,11
642,តើសេដ្ឋកិច្ចកម្ពុជាពឹងផ្អែកលើវិស័យអ្វីជាសំខាន់?     ក/ ហេតុអ្វីបានជាគេនិយាយថាកម្ពុជាជាប្រទេសកសិកម្ម?     ខ/ តើគេចែកកសិករជាប៉ុន្មានប្រភេទ?អ្វីខ្លះ?,សេដ្ឋកិច្ចកម្ពុជាពឹងផ្អែកលើវិស័យកសិកម្មជាសំខាន់។   ក/ បានជាគេនិយាយថាកម្ពុជាជាប្រទេសឧស្សាហកម្មព្រោះ៖  _  សណ្ឋានដី : ដីមានជីវជាតិល្អនិងសម្បូរទំនាបល្បាប់   _ ផ្លូវទឹក : ផ្លូវទឹកខ្វាត់ខ្វែងងាយស្រួលដល់ការដាំដុះ  _ ប្រជាជន : ប្រជាជនខ្មែរភាគច្រើនចូលចិត្តធ្វើកសិកម្ម  _ អាកាសធាតុ : ទទួលអាកាសធាតុក្តៅសើម  _ កសិកម្មផ្តល់ផល50%នៃផលិតផលជាតិសរុប។  ខ/ គេចែកកសិករទាំងនោះជា4ប្រភេទគឺ៖  _ កសិករធ្វើស្រែឬអ្នកស្រែ : និយមធ្វើស្រែ ស្រូវប្រាំង ស្រូវវស្សា ស្រូវឡើងទឹក  _ កសិករតំបន់ដីខ្ពស់ : គេដាំដំណាំជាអចិន្ត្រៃយ៍(ពោត ដំឡូង ចេក កៅស៊ូសណ្តែក)  _ កសិករធ្វើចម្ការដំណាំស្រូវ : គេដាំដំណាំតាមមាត់ទន្លេ ចិញ្ចឹមសត្វនិងនេសាទ  _ កសិករភូមិភាគឦសាន: គេធ្វើដំណាំព្រៃដុតមានដូចជាពោត ដំឡូង ស្រូវរុក្ខជាតិយកមើមដទៃទៀត និងបរបាញ់សត្វផងដែរ។,សេដ្ឋកិច្ចកម្ពុជាពឹងផ្អែកលើវិស័យកសិកម្មជាសំខាន់។   ក/ បានជាគេនិយាយថាកម្ពុជាជាប្រទេសឧស្សាហកម្មព្រោះ៖  _  សណ្ឋានដី : ដីមានជីវជាតិល្អនិងសម្បូរទំនាបល្បាប់   _ ផ្លូវទឹក : ផ្លូវទឹកខ្វាត់ខ្វែងងាយស្រួលដល់ការដាំដុះ  _ ប្រជាជន : ប្រជាជនខ្មែរភាគច្រើនចូលចិត្តធ្វើកសិកម្ម  _ អាកាសធាតុ : ទទួលអាកាសធាតុក្តៅសើម  _ កសិកម្មផ្តល់ផល50%នៃផលិតផលជាតិសរុប។  ខ/ គេចែកកសិករទាំងនោះជា4ប្រភេទគឺ៖  _ កសិករធ្វើស្រែឬអ្នកស្រែ : និយមធ្វើស្រែ ស្រូវប្រាំង ស្រូវវស្សា ស្រូវឡើងទឹក  _ កសិករតំបន់ដីខ្ពស់ : គេដាំដំណាំជាអចិន្ត្រៃយ៍(ពោត ដំឡូង ចេក កៅស៊ូសណ្តែក)  _ កសិករធ្វើចម្ការដំណាំស្រូវ : គេដាំដំណាំតាមមាត់ទន្លេ ចិញ្ចឹមសត្វនិងនេសាទ  _ កសិករភូមិភាគឦសាន: គេធ្វើដំណាំព្រៃដុតមានដូចជាពោត ដំឡូង ស្រូវរុក្ខជាតិយកមើមដទៃទៀត និងបរបាញ់សត្វផងដែរ។,20,20,4,1.0,1.0,4,20,0,0
643,ហេតុអ្វីបានជាមនុស្សស្រូបយកខ្យល់ដែលមានកាបូនម៉ណូអុកស៊ីតអាចបង្កគ្រោះថ្នាក់ដល់ស្លាប់បាន?,បានជាមនុស្សស្រូបយកខ្យល់ដែលមានកាបូនម៉ូណូអុកស៊ីដអាចបង្កឲ្យមានគ្រោះថ្នាក់ដល់ស្លាប់ បានព្រោះកាបូនម៉ូណូអុកស៊ីដមានសមត្ថភាពចាប់យក ក្នុងឈាមបានខ្លាំងជាងអុកស៊ីសែន វារារាំងឈាមមិនឲ្យដឹកនាំអុកស៊ីសែនទៅចិញ្ចឹមសរីរាង្គជាពិសេសខួរក្បាលដែលបណ្តាលឲ្យ ស្លាប់និង សន្លប់ ។,បានជាមនុស្សស្រូបយកខ្យល់ដែលមានកាបូនម៉ូណូអុកស៊ីដអាចបង្កឲ្យមានគ្រោះថ្នាក់ដល់ស្លាប់បាន ព្រោះកាបូនម៉ូណូអុកស៊ីដមានសមត្ថភាពចាប់យក ក្នុងឈាមបានខ្លាំងជាងអុកស៊ីសែនវារារាំង ឈាមមិនឲ្យដឹកនាំអុកស៊ីសែនទៅចិញ្ចឹមសរីរាង្គជាពិសេសខួរក្បាលដែលបណ្តាលឲ្យស្លាប់និង សន្លប់ ។,5,4,3,0.8,0.9699465991011228,4,5,1,1
644,តើកត្តាអ្វីខ្លះដែលបណ្ដាលឲ្យសៀមវាយបែកបន្ទាយលង្វែក?,កត្តាដែលបណ្ដាលឲ្យសៀមវាយបន្ទាយលង្វែកព្រះរាជាព្រះសត្ថាទីមួយឆោតល្ងង់ទៅជួយរំដោះក្រុងឰយុធ្យារបស់សៀមមកពីការត្រួតត្រាភូមាសៀមរមិលគុណប្រើល្បិចបញ្ជូនសល់ពីរអង្គ យកការវិបត្តិផ្ទៃក្នុងជាជួរជលសារលោករវល់ នាដើមម៉ឺនមន្ត្រីប្រជារាស្ត្រមិនពេញចិត្តដែលតែងទៅកូនអាយុដប់មួយវស្សា ឲ្យកូនរៀននៅ ក្នុងនាម មហាឧបរាជ ធ្វើឲ្យប្រជារាស្ត្របាត់បង់ស្មារតីប្រយុទ្ធប្រជារាស្ត្រខ្មែរក្រីក្រឆោតល្ងង់ចង់បានប្រាក់ដួលក៏នាំគ្នាកាប់ឆ្ការគុម្ពឫស្សីដែលជារបងការពារបន្ទាយលង្វែកដ៏រឹងមាំ រីប្រទេសខ្មែរហាក់បីដូចជាបាត់បង់សាមគ្គីដូចជាស្ថានីយមួយនាំកូនទាំងពីររត់ភៀសខ្លួនទៅប្រទេសឡាវមិនគិតពីប្រជារាស្ត្រនាំឲ្យប្រជាជន អស់ជំនឿ,កត្តាដែលធ្វើឲ្យសៀមវាយបែកបន្ទាយលង្វែកគឺដោយសារ កត្តាប្រជាជនជួបគ្រោះអត់ឃ្លានក្រខ្សត់គ្មានប្រាក់លំបាកខ្វះខាត សៀមបានបញ្ជូនព្រះសង្ឃពីរអង្គឲ្យមកស្រុកខ្មែរស៊ើបពីស្ថានភាពប្រទេសខ្មែរ សៀមប្រើល្បិចបង់ប្រាក់ដួងចូលគុម្ពឫស្សីធ្វើឲ្យប្រជារាស្ត្រទៅកាប់ឆ្ការព្រៃឫស្សីដែលជារនាំងការពារដ៏សំខាន់នៃបន្ទាយលង្វែកដើម្បីយកប្រាក់ដួងមកជា ផ្ទាល់ខ្លួន នៅពេលដែលអស់ព្រៃឫស្សីសៀមកាន់តែងាយស្រួលក្នុងការលុកលុយវាយយក បន្ទាយលង្វែក។,10,8,3,0.8,0.4277500501909147,2,4,1,4
645,ចូរប្រៀបធៀបលក្ខណៈខុសគ្នានៃផ្សិត និងរុក្ខជាតិ។,លក្ខណៈខុសគ្នានៃផ្សិតនិងរុក្ខជាតិ +ផ្សិត  -ផ្សិតបន្តពូជតាមរយៈស្ប៉ -ផ្សិតមិនធ្វើរស្មីសំយោគ -អុីប -វារស់នៅកន្លែងសើម +រុក្ខជាតិ -បន្តពូជដោយគ្រាប់ -វាត្រូវការធ្វើរស្មីសំយោគ -វារស់នៅកន្លែងដែលមានពន្លឺ,លក្ខណ:ខុសគ្នារវាងផ្សិត និង រុក្ខជាតិ +ផ្សិត -ជាភាវ:រស់បរជីព -មានអុីបក្រោមដី -បន្តពូជតាមរយ:ស្ប៉ +រុក្ខជាតិ -ជាភាវ:រស់ស្វ័យជីព -មានឬស -បន្តពូជតាមរយ:គ្រាប់ ។,12,7,2,0.5833333333333334,0.36742979754689137,1,4,1,3
646,តើឧស្សាហកម្មមានតួនាទីដូចម្ដេចខ្លះចំពោះសេដ្ឋកិច្ចជាតិ?,ឧស្សាហកម្មមាន​តួនាទីចំពោះសេដ្ឋកិច្ចជាតិដូចជា ៖ ​ _ ជួយបង្កើតថវិការជាតិ ​ _ ជួយបង្កើតទិន្នផលជាតិ ​​ _ ជួយឲ្យសេដ្ឋកិច្ចជាតិរីកចម្រើន  _ ប្រជាជនសំបូរធូរធារ  _អភិវឌ្ឍគ្រប់វិស័យ  _ មានទំនាក់ទំនងល្អជាមួយអ្នកជិតខាង  _ មានភាពរុងរឿងនៅក្នុងប្រទេសជាតិ។,"ឧស្សាហកម្មមានតួនាទីចំពោះសេដ្ឋកិច្ចជាតិដូចជា -បានផ្តល់ចំណូលក្នុងសេដ្ឋកិច្ចជាតិ -ជួយផ្តល់ការងារសម្រាប់ប្រជាជន -ផ្គត់ផ្គង់ការនាំចេញទៅក្រៅប្រទេស -ផ្គត់ផ្គង់ក្នុងស្រុកបានគ្រប់គ្រាន់ -ជួយកាត់បន្ថយការនាំចូលពីបរទេស -ទាក់ទាញអ្នកវិនិយោគក្នុង និងក្រៅប្រទេស -ជួយដល់ជីវភាពគ្រួសារ -ជួយដោយផ្ទាល់ (ឧស្សាហកម្មកាត់ដេរ វាយនភណ្ឌ សហគ្រាសផលិតស្ករស ជលផល... ជាដើម) -ជួយដោយប្រយោល (ជួយកសិករដែលធ្វើកសិកម្មដូចជា ដាំកៅស៊ូ ដំឡូងមី ស្រូវ ផ្លែឈើ... ជាដើម)។""",15,15,4,1.0,0.3023700559564094,1,5,3,10
647,ចូរនិយាយពីកំណកាម៉ែតញី។,ការស្ថិតនៅក្រោមសារពាង្គកាយនៃពងស្វាសមានសារៈសំខាន់ដូចជាដើម្បីរក្សាសីតុណ្ហភាពឲ្យ ទាបជាងសីតុណ្ហភាពក្នុងខ្លួន ប្រហែលពី(2-3)សីតុណ្ហភាពក្នុងខ្លួន37 ។,កំណកាម៉ែតញីដំបូងកោសិកាពូជមួយរួមចំណែកពីរដងបន្តបន្ទាប់គ្នា បានកោសិកាអូវ៉ូកូរី4 ។ អូវ៉ូកូរីនីមួយៗរីកមាឌអាចជាអូវ៉ូស៊ីត1 ។អូវ៉ូស៊ីតមួយរងចំណែកមួយនៃមេយោធាហើយត្រូវបាន ឈប់គាំងនៅវគ្គប្រផ្ដាស1 ។ក្រោយមកពេលគ្រប់អូវ៉ូស៊ីតមួយបន្តធ្វើចំណែកហើយត្រូវបានបញ្ចប់ នៅរយៈពេល6ម៉ោង ។,10,5,2,0.5,0.02001275760461689,0,0,2,5
648,តើថ្ងៃរំដោះ៧មករា១៩៧៩ មានអត្ថន័យយ៉ាងណាខ្លះចំពោះប្រវត្តិសាស្ត្រកម្ពុជា?,ថ្ងៃរំដោះ 7 មករា 1979 មានអត្ថន័យជាប្រវត្តិសាស្រ្តដូចជា÷ -ជាថ្ងៃដែលប្រជាជនរួចផុតពីរបបប្រល័យពូជសាសន៍ -ជាថ្ងៃដែលរបបកម្ពុជាប្រជាធិបតេយ្យដួលរលំ -ជាថ្ងៃកំណើតទី 2 របស់ប្រជាជនខ្មែរ -ជាថ្ងៃដែលកងទ័ពរណសិរ្យសាមគ្គីនិងកងទ័ពរំដោះប្រជាជន បានរំដោះប្រជាជនចេញពីរបបប្រល័យពូជសាស្ត្រកម្ពុជា។,ថ្ងៃរំដោះ 7 មករា 1979 មានអត្ថន័យ÷ -ជាថ្ងៃដែលប្រជាជនរួចផុតពីការសម្លាប់រង្គាលនៃរបបលទ្ធិប្រជាធិបតេយ្យ -ជាថ្ងៃកំណើតទី 2 របស់ពលរដ្ឋកម្ពុជាដែលបានរួចផុតពីរបបប្រល័យពូជសាសន៍ -បាននាំមកនូវប្រជាជនវិញនូវសិទ្ធិសេរីភាពទាំងអស់ -ការរស់រានឡើងវិញនូវវប្បធម៌ជាតិមានដូចជាជំនឿ សាសនា ប្រពៃណី សិល្បៈ  -ស្ដារនិងកសាងប្រទេសឡើងវិញតាមឆន្ទះនិងគោលបំណងប្រជាជន -ជាថ្ងៃនៃការស្ដាមុខមាត់ប្រទេសកម្ពុជាឡើងវិញ,8,8,4,1.0,0.5529890133252279,2,4,2,4
649,ហេតុអ្វីបានជាផ្នែកឯកជនជាកម្លាំងដ៏សំខាន់សម្រាប់ការវិនិយោគសេដ្ឋកិច្ច?,សេដ្ឋកិច្ចកម្ពុជាពឹងផ្អែកលើវិស័យកសិកម្មជាសំខាន់ៗ 5 គឺឧស្សាហកម្មកសិកម្មពាណិជ្ជកម្មគមនាគមន៍និងទេសចរណ៍ ក៏បានជាគេនិយាយថាកម្ពុជាប្រទេសកសិកម្មនៅប្រទេសកម្ពុជាមនុស្សមួយចំនួនធំគឺធ្វើកសិកម្ម។ច្រើនសុទ្ធតែជាកសិករកម្ពុជាសម្បូរជីកសិកម្មមានជីវជាតិសម្រាប់ឲ្យយើងធ្វើកសិកម្មចិញ្ចឹមសត្វនិងការដណ្ដប់ជួយបង្កើនចំណូលជូនជាងការងារចេញនៅក្រៅប្រទេសស្ករស្រូវដំឡូងកៅស៊ូ ខ. គេចែកកសិករទាំងនេះជាបួនប្រភេទកសិករតំបន់វាលខ្ពស់កសិករធ្វើស្រែឬមិនធ្វើស្រែកសិករភូមិភាគឥសានកសិករធ្វើតែស្រែ,សេដ្ឋកិច្ចកម្ពុជាពឹងផ្អែកលើវិស័យកសិកម្មជាសំខាន់ក៏បានជាគេនិយាយថាកម្ពុជាជាប្រទេសកសិកម្មព្រោះប្រទេសកម្ពុជាសម្បូរព្រៃឈើការដាំដំណាំប៉ំណាចផ្លែឈើសម្បូរទៅដោយសត្វរុក្ខជាតិនិងទេសភាពដ៏ស្រស់ត្រកាលនិងការធ្វើស្រែចំការជាតិដើម ខ.គេចែកកសិករទាំងនោះជា 5 កសិកររស់នៅព្រៃភ្នំកសិករធ្វើស្រូវចំការកសិករចិញ្ចឹមសត្វកសិករនេសាទកសិកររស់នៅតំបន់ខ្ពស់។,15,8,2,0.5333333333333333,0.5512417066651362,2,8,0,0
650,ហេតុអ្វីបានជាផ្នែកឯកជនជាកម្លាំងដ៏សំខាន់សម្រាប់វិនិយោគ និងធ្វើឲ្យមានកំណើនសេដ្ឋកិច្ចក្នុងប្រទេស?,បានជាផ្នែកឯកជនជាកម្លាំងដ៏សំខាន់សម្រាប់កំណើនសេដ្ឋកិច្ចកម្ពុជាព្រោះ -កម្ពុជាបានអនុវត្តសេដ្ឋកិច្ចទីផ្សារសេរីដោយបានធ្វើកំណែទម្រង់ពីសហគ្រាសរដ្ឋឲ្យក្លាយទៅជាកម្មសិទ្ធិឯកជន -សេដ្ឋកិច្ចទីផ្សារសេរីនាំឲ្យអ្នករកស៊ីចូលចិត្តមករកស៊ីនិងដាក់វិនិយោគទុន -កាលណាភ្នែកឯកជនរឹងមាំអាចជួយបំពេញបន្ថែមលើវិនិយោគសាធារណៈក្នុងវិស័យសេដ្ឋកិច្ចគឺផ្នែកឯកជនអាចស្រូបយកកម្លាំងពលកម្មកើនឡើង។,បានជាផ្នែកឯកជនជាកម្លាំងដ៏សំខាន់សម្រាប់វិនិយោគនិងធ្វើឲ្យមានកំណើនសេដ្ឋកិច្ចព្រោះ៖ -ឲ្យតម្លៃទៅលើផ្នែកឯកជន -ការនាំទំនិញទៅអន្ដរជាតិ -មានការយកចិត្តទុកដាក់លើការងារ -គោរពពេលវេលាបានទៀងទាត់ -ជាកម្លាំងយ៉ាងសំខាន់ក្នុងការអភិវឌ្ឍជាតិ -ផ្នែកឯកជនផ្ដល់តម្លៃឲ្យប្រជាជនទាំងអ្នកមាននិងអ្នកក្រ -ទាក់ទាញអ្នកវិនិយោគទាំងក្នុងនិងក្រៅប្រទេស។,15,5,1,0.3333333333333333,0.39525124514105703,2,6,1,1
651,តើសង្គមខ្មែរនៅសម័យអង្គរមានប៉ុន្មានវណ្ណៈ? វណ្ណៈអ្វីខ្លះ? ចូលរៀបរាប់។,សង្គមខ្មែរនៅសម័យអង្គរមានប្រាំវណ្ណៈគឺ -វណ្ណៈក្សត្រឬរាជវង្សនុវង្ស (ជាស្ដេចគ្រប់គ្រងប្រទេស -វណ្ណៈមន្ត្រី (អ្នករស់នៅក្នុងរាជវាំងបម្រើស្ដេច) -វណ្ណៈព្រាហ្ម៍ឬបុព្វជិត​(គឺជាអ្នកបួស) -វណ្ណៈអ្នកជាឬកសិករ (អ្នករស់នៅនឹងធ្វើស្រែចម្ការ) -វណ្ណៈអ្នកងារឬទាសករ(ទាសករបម្រើគេតកូនតចៅ)។,សង្គមខ្មែរនៅសម័យអង្គរមានប្រាំវណ្ណៈគឺ -វណ្ណៈក្សត្រឬរាជវង្សនុវង្ស: មានបុព្វសិទ្ធណាស់គ្មានការបង់ពន្ធ មានអំណាចគ្រប់គ្រាន់រស់នៅដោយស្រួលមិនចាំបាច់ធ្វើការងារ និងមិននឿយហត់ទេ -វណ្ណៈមន្ត្រី: ឋានានុក្រមរបស់ពួកគេអាចសម្គាល់តាមរយៈឥស្សតិយយសនិងចំនួនផ្ទះប្រកក្បឿងរបស់ពួកគេ។ -វណ្ណៈអ្នកបួសឬបុព្វជិត​: មានពួកប៉ាន់ឃាប ព្រាហ្ម៍បុរោហិត ជូគូនិងប៉ាវីស៊ី។ -វណ្ណៈអ្នកជា:ពួកមានឋន្តះដូចពួកឈ្មួញសិប្បករ កសិករនិងប្រជារាស្រ្ដសាមញ្ញ -វណ្ណៈអ្នកងារឬទាសករ:ពួកនេះជាអ្នកបម្រើគេអស់មួយជីវិតតកូនតចៅនេះមានឋានៈទាបបំផុតហើយត្រូវទៅធ្វើការតាមបញ្ជាគេដាក់ឲ្យនឹងគ្មានប្រាក់កម្រៃទេ។ពួកទាសកនេះមានទាសករឈ្លើយសឹក ទាសករតពូជ ទាសករជាជនជាតិភាគតិចនិងទាសករដែលគេចាប់យកមកលក់។,10,10,4,1.0,0.5097273177048157,2,5,2,5
652,តើកត្តាអ្វីខ្លះដែលធ្វើអោយសម័យអង្គររីកចម្រើនដល់កំពូល?​ ចូលរៀបរាប់។,កត្តាដែលធ្វើអោយសម័យអង្គររីកចម្រើនគឺ: កត្តាព្រះរាជា:ព្រះរាជាចាប់ពីព្រះបាទជ័យវរ្ម័នទី 2 រហូតដល់ព្រះបាទជ័យវរ្ម័នទី 7 សុទ្ធតែជាស្ដេចខ្លាំងពូកែ កត្តានយោបាយ: នយោបាយក្នុងប្រទេសបង្រួបបង្រួមជាតិកសាងនិងការពារទឹកដី នយោបាយក្រៅប្រទេស:ចងសម្ព័ន្ធមិត្តជាមួយប្រទេសធំៗវាយយករដ្ឋតូចដាក់ជាចំណុះ កត្តាសេដ្ឋកិច្ច:រីកចម្រើនលើវិស័យកសិកម្មសិប្បកម្មគណនាគម កត្តាសាសនា:ការឯកភាពគ្នារវាងសាសនាព្រាហ្មនិងព្រះពុទ្ធ កត្តាធនធានមនុស្សបន្សល់ទុកតាំងពីសម័យនគរភ្នំនិងចេនឡាមក។,កត្តាដែលធ្វើអោយសម័យអង្គររីកចម្រើនគឺ: កត្តាព្រះរាជា:ព្រះរាជាចាប់ពីព្រះបាទជ័យវរ្ម័នទី 2 រហូតដល់ព្រះបាទជ័យវរ្ម័នទី 7 សុទ្ធសឹងតែជាស្ដេចខ្លាំងពូកែ កត្តានយោបាយ: នយោបាយក្នុងប្រទេសបង្រួបបង្រួមជាតិកសាងនិងការពារទឹកដី នយោបាយក្រៅប្រទេស:ចងសម្ព័ន្ធមិត្តជាមួយប្រទេសធំៗវាយយករដ្ឋតូចដាក់ជាចំណុះ កត្តាសេដ្ឋកិច្ច:រីកចម្រើនលើវិស័យកសិកម្មសិប្បកម្មគណនាគមន៍ កត្តាសាសនា:ការឯកភាពគ្នារវាងសាសនាព្រាហ្មនិងព្រះពុទ្ធ កត្តាធនធាន:មនុស្សបន្សល់ទុកតាំងពីសម័យនគរភ្នំនិងចេនឡាមក។,10,10,4,1.0,0.9820286341106705,4,10,0,0
653,តើកត្តាអ្វីខ្លះដែលធ្វើអោយសម័យអង្គររីកចម្រើនដល់កំពូល?​ ចូលរៀបរាប់។,កត្តាដែលធ្វើអោយសម័យអង្គររីកចម្រើនគឺ: កត្តាព្រះរាជា:ព្រះរាជាចាប់ពីព្រះបាទជ័យវរ្ម័នទី 2 រហូតដល់ព្រះបាទជ័យវរ្ម័នទី 7 សុទ្ធតែជាស្ដេចខ្លាំងពូកែ កត្តានយោបាយ: នយោបាយក្នុងប្រទេសបង្រួបបង្រួមជាតិកសាងនិងការពារទឹកដី នយោបាយក្រៅប្រទេស:ចងសម្ព័ន្ធមិត្តជាមួយប្រទេសធំៗវាយយករដ្ឋតូចដាក់ជាចំណុះ កត្តាសេដ្ឋកិច្ច:រីកចម្រើនលើវិស័យកសិកម្មសិប្បកម្មគណនាគម កត្តាសាសនា:ការឯកភាពគ្នារវាងសាសនាព្រាហ្មនិងព្រះពុទ្ធ កត្តាធនធានមនុស្សបន្សល់ទុកតាំងពីសម័យនគរភ្នំនិងចេនឡាមក។,កត្តាដែលធ្វើអោយសម័យអង្គររីកចម្រើនគឺ: កត្តាព្រះរាជា:ព្រះរាជាចាប់ពីព្រះបាទជ័យវរ្ម័នទី 2 រហូតដល់ព្រះបាទជ័យវរ្ម័នទី 7 សុទ្ធសឹងតែជាស្ដេចខ្លាំងពូកែ កត្តានយោបាយ: នយោបាយក្នុងប្រទេសបង្រួបបង្រួមជាតិកសាងនិងការពារទឹកដី នយោបាយក្រៅប្រទេស:ចងសម្ព័ន្ធមិត្តជាមួយប្រទេសធំៗវាយយករដ្ឋតូចដាក់ជាចំណុះ កត្តាសេដ្ឋកិច្ច:រីកចម្រើនលើវិស័យកសិកម្មសិប្បកម្មគណនាគមន៍ កត្តាសាសនា:ការឯកភាពគ្នារវាងសាសនាព្រាហ្មនិងព្រះពុទ្ធ កត្តាធនធាន:មនុស្សបន្សល់ទុកតាំងពីសម័យនគរភ្នំនិងចេនឡាមក។,10,10,4,1.0,0.9820286341106705,4,10,0,0
654,តើអ្វីជាសង្គ្រាមត្រជាក់? តើសង្គ្រាមត្រជាក់ផ្ដល់ផលវិបាកអ្វីខ្លះដល់កម្ពុជា?,សង្គ្រាមត្រជាក់ជាការប្រឈមមុខដាក់គ្នាដោយប្រយោលរវាងសហរដ្ឋអាមេរិចនិងសហភាពសូវៀត ដោយធ្វើការប្រណាំងប្រជែងគ្នាលើផ្នែក  សេដ្ឋកិច សព្វាវុធ យោធា និងបច្ចេកទេស។ សង្រ្គាមត្រជាក់បានផ្ដល់ផលវិបាកកម្ពុជាដូចជា៖ -គ្រាប់បែករបស់សហរដ្ឋអាមេរិក 1669 ដល់ 1973  -សង្គ្រាមស៊ីវិលក្នុងប្រទេសពីឆ្នាំ 1970 ដល់ 1975 និងកើតមានម្តងទៀតពីឆ្នាំ 1979 ដល់ឆ្នាំ 1991 ដែលកើតចេញពីការប្រឆាំងគ្នារវាងក្រុមកុម្មុយនិស្តនិងសេរីនិយម -ការសម្លាប់ប្រជាជនឯងក្រោមរបស់ប្រល័យពូជសាសន៍ឆ្នាំ 1975 និងឆ្នាំ 1979  -ការផ្លាស់ប្ដូរនយោបាយជាញឹកញាប់រហូតមានការមានកិច្ចព្រមព្រៀងសន្តិភាពក្រុងប៉ារីសថ្ងៃទី 23 តុលាឆ្នាំ 1991។,សង្គ្រាមត្រជាក់ជាការប្រឈមមុខដាក់គ្នាដោយប្រយោលរវាងប្លុកលោកខាងលិចដែលប្រកាន់យកលិទ្ធិសេរីនិយមដឹកនាំដោយសាររដ្ឋអាមេរិច និងខាងកើតដែលប្រកាន់យកលិទ្ធិកុម្មុយនិស្តនាំដោយសហភាពសូវៀត។ ការប្រឈមមុខរវាងប្រទេសទាំងពីរនេះកើតមានក្នុងវិស័យមនោគមវិជ្ជា នយោបាយសេដ្ឋកិច្ចពាណិជ្ជកម្មការទូតនិងទំនាក់ទំនងអន្តរជាតិ។ សង្រ្គាមត្រជាក់បានផ្ដល់ផលវិបាកកម្ពុជាដូចជា៖ -គ្រាប់បែករបស់សហរដ្ឋអាមេរិក 1669 ដល់ 1973  -សង្គ្រាមស៊ីវិលក្នុងប្រទេសពីឆ្នាំ 1970 ដល់ 1975 និងកើតមានម្តងទៀតពីឆ្នាំ 1979 ដល់ឆ្នាំ 1991 ដែលកើតចេញពីការប្រឆាំងគ្នារវាងក្រុមកុម្មុយនិស្តនិងសេរីនិយម -ការសម្លាប់ប្រជាជនឯងក្រោមរបស់ប្រល័យពូជសាសន៍ឆ្នាំ 1975 និងឆ្នាំ 1979  -ការផ្លាស់ប្ដូរនយោបាយជាញឹកញាប់រហូតមានការមានកិច្ចព្រមព្រៀងសន្តិភាពក្រុងប៉ារីសថ្ងៃទី 23 តុលាឆ្នាំ 1991,10,9,4,0.9,0.8653988392630981,3,9,1,0
655,ចូរប្រៀបធៀបលក្ខណៈខុសគ្នានៃផ្សិត និងរុក្ខជាតិ។,លក្ខណៈខុសគ្នានៃផ្សិតនិងរុក្ខជាតិ +ផ្សិត  -ផ្សិតបន្តពូជតាមរយៈស្ប៉ -ផ្សិតមិនធ្វើរស្មីសំយោគ -អុីប -វារស់នៅកន្លែងសើម +រុក្ខជាតិ -បន្តពូជដោយគ្រាប់ -វាត្រូវការធ្វើរស្មីសំយោគ -វារស់នៅកន្លែងដែលមានពន្លឺ,លក្ខណ:ខុសគ្នានៃផ្សិតនិងរុក្ខជាតិ  +ផ្សិត -បរជីព -អុីបក្រោមដី -ស្ប៉ +រុក្ខជាតិ -ស្វ័យជីព -គ្រាប់ -ឬស,12,9,3,0.75,0.4030556137630548,2,5,1,4
656,ដូចម្តេចដែលហៅថាមេយ៉ូស? ចូរនិយាយពីវគ្គផ្សេងៗនៃមេយ៉ូស។,មេយ៉ូសជាសំណុំនៃចំណែកកោសិកាពីរដងបន្តបន្ទាប់គ្នាដែលបង្កើតបានជាកោសិកាអាលូអុីតបួន ហៅថាមេយ៉ូស ។ _តេឡូផាស1 ស៊ីតូប្លាសចែកខ្លួនបានជាកោសិកាកូនពីរ ។កោសិកាកូននីមួយៗទទួលបានក្រូម៉ូសូម តែមួយពីរគូអូម៉ូឡូក ។ _ប្រផាស1 មានរយៈពេលវែង ។ _អាណាផាស1 ក្រូម៉ូសូមដំរៀបលើផ្លាស់ភ្ជាប់នឹងក្រយ៉ូងក្រូម៉ាទិចដោយសង់ក្រូងទ័ររបស់វា ។ _តេឡូផាស2 ក្រូម៉ូមនីមួយៗបានមកដល់ប៉ូលភ្នាស _មេតាផាស2 ក្រូម៉ូសូមប្រេះតាមបណ្ដោយភ្ជាប់ខ្លួនទៅនិងក្រយ៉ងក្រូម៉ាទិចដោយសង់ _ប្រូដាស2 ត្តយ៉ងអាក្រូម៉ាទិតកើតមានក្នុងកោសិកាគូនីមួយៗ _អាណាផាស2 សង់ក្រូម៉ែធ្វើចំណែកដែលនាំអោយក្រូម៉ាទិចបងប្អូនដាច់ចេញពីគ្នា ។បន្ទាប់មក ក្រូម៉ូសូមកូនទាំង2ធ្វើដំណើរឆ្ពោះទៅប៉ូលផ្ទុយគ្នារបស់ត្រយ៉ូងអាក្រូម៉ាទិច ។,មេយ៉ូសជាសំណុំនៃចំណែកកោសិកាពីរដងបន្តបន្ទាប់គ្នាដែលបង្កើតបានជាកោសិកាអាលូអុីតបួន ហៅថាមេយ៉ូស ។ _តេឡូផាស1 _ប្រផាស1  _អាណាផាស1 _មេតាផាស2  _ប្រូដាស2,10,5,2,0.5,0.4849226957984123,2,5,0,0
657,ចូររៀបរាប់អំពីទំនាក់ទំនងរវាងការដាំដុះអាជីវកម្មព្រៃឈើនិងនេសាទ។,ទំនាក់ទំនងរវាង ការដាំដុះអាជីវកម្មព្រៃឈើ និងការនេសាទ៖  _ ការដាំដុះអាជីវកម្មព្រៃឈើ និងការនេសាទ ជាភោគទ្រព្យយ៉ាងសំខាន់សម្រាប់ប្រជាជនក្នុងការទ្រទ្រង់ក្នុងជីវភាពរស់នៅនិងការអភិវឌ្ឍន៍ប្រទេសជាតិ   _ ដើម្បីបំពេញតម្រូវការក្នុងកសិកម្មផលិតកម្មនិងត្រូវការផ្សេងៗ មនុស្សនាំគ្នាកាប់ព្រៃឈើដើម្បីធ្វើអាជីវកម្មព្រៃឈើជាមូលហេតុធ្វើឲ្យអាកាសធាតុប្រែប្រួលប៉ះពាល់ដល់ជីវិតមនុស្ស សត្វ និងរុក្ខជាតិ  ​ _ អតិផលនៃប្រព័ន្ធកសិកម្ម នាំឲ្យមានកំណើននៃការប្រើប្រាស់គីមីនិងថ្នាំសម្លាប់សត្វល្អិត។ ជីគីមី និងថ្នាំសម្លាប់សត្វល្អិត ទាំងនោះហូរទៅផ្ដុំគ្នានៅតាមផ្លូវទឹកនានា បំផ្លាញជីវិតសត្វនិងពូជធម្មជាតិ។,រៀបរាប់ពីទំនាក់ទំនងរវាងការដាំដុះ ការចិញ្ចឹមសត្វ និងការនេសាទ៖ -ការដាំដុះគឺជាការដាំដុះនូវដំណាំផ្សេងផ្សេងដូចជាស្រូវបន្លែជាច្រើនការដាំដុះនេះ ភាគច្រើនគេដាំវានៅតាមជនបទដើម្បីយកទៅលក់នៅទីផ្សារដើម្បីយកប្រាក់មកដោះដូរជីវភាព ប្រជាជនខ្លះដាំដុះនេះដើម្បីទុកបរិភោគខ្លួនឯងដោយកាត់បន្ថយទៅលើការចំណាយហើយការដាំដុះនេះ សារៈសំខាន់ចំពោះជាតិផងដែរការដាំដុះនេះអាចនាំចេញទៅក្រៅស្រុកបាន ផងដែរ អ្នកខ្លះទៀតយកការដាំដុះនេះជាមុខរបរនាំយកទៅទីក្រុងដើម្បីលក់ដូរ។ -អាជីវកម្មព្រៃឈើប្រជាជនមួយបានយកការកាប់ព្រៃឈើធ្វើជាអាជីវកម្មដើម្បីចិញ្ចឹមជីវិតហើយអាជីវកម្ម នេះមួយចំនួនអាចយកធ្វើជាអុសធ្យូងផ្ទះគ្រែកៅអីជាដើមគឺទាំងអស់នេះ ក៏ជាការសំខាន់ដែរដើម្បីយកទៅលក់ដូរដើម្បីដោះដូរជីវភាពបានប៉ុន្តែការធ្វើអាជីវកម្មព្រៃឈើនេះក៏អាចបង្កដល់អំពើខុសច្បាប់ដែរហើយអាចមានសំឡេងរំខានដល់អ្នកដទៃផងដែរ។ -ការនេសាទក៏អាចដោះដូរជីវភាពបានតែប្រជាជនមួយចំនួនបានយកការនេសាទនេះ ចិញ្ចឹមជីវិតនិងគ្រួសារការនេសាទឬមានច្រើនបែបណាដូចជាការនេសាទត្រីការនេសាទសត្វ ការនេសាទនៅសមុទ្រជាដើម។,15,5,1,0.3333333333333333,0.3362003632737921,1,5,0,0
658,តើផ្សិតមានរូបរាងខុសៗគ្នាអាស្រ័យនឹងអ្វី? ស្រូបសារធាតុចិញ្ចឹមតាមរយៈអ្វី?,ផ្សិតមានរូបរាងខុសៗគ្នាអាស្រ័យនឹងការតម្រៀបអុីបរបស់វា។ផ្សិតស្រូបសារធាតុចិញ្ចឹមតាមរយ:អុីបដែលដុះចូលទៅក្នុងប្រភពអាហារ។,ផ្សិតមានរូបរាងខុសៗគ្នាអាស្រ័យនឹងការតម្រៀបអុីបរបស់វា។ផ្សិតស្រូបសារធាតុចិញ្ចឹមតាមរយ:អុីបដែលដុះចូលទៅក្នុងប្រភពអាហារ។,10,3,1,0.3,0.9999999999999999,4,10,3,7
659,រៀបរាប់ពីទំនាក់ទំនងរវាងការដាំដុះអាជីវកម្មព្រៃឈើនិងនេសាទ។,ទំនាក់ទំនងរវាងការដាំដុះ អាជីវកម្មព្រៃឈើ និងការនេសាទមានដូចជា៖ -ការដាំដុះដោយប្រើជីធម្មជាតិ -ការប្រើប្រាស់ជីគីមី -ដាំដុះនិងធ្វើតាមរដូវ -អាជីវកម្មព្រៃឈើ -ការកាប់បំផ្លាញព្រៃឈើ -ការដុតព្រៃឈើ -ការកាប់ឈើយកទៅធ្វើអាជីវកម្ម +ការនេសាទ -ការនេសាទត្រីពេលត្រីពក -ការនេសាទដោយប្រើអគ្គិសនី -ការនេសាទហួសកម្រិត -ការនេសាទគឺជាមុខរបរប្រចាំថ្ងៃាបស់ប្រជាជន -នឹងជាអាហារប្រចាំថ្ងៃរបស់ប្រជាជន -ការនេសាទធ្វើប្រជាជនមានមុខរបររកស៊ីត្រឹមត្រូវ -ការនេសាទប្រើប្រាស់ឧបករណ៍នេសាទខុសច្បាប់ -ការបំផ្លាញជំរកត្រី -ការបកហូរទឹកចេញពី,ទំនាក់ទំនងការដាំដុះអាជីវកម្មព្រៃឈើគឺគេនឹងកាប់ព្រៃឈើទាំងនោះដើម្បីលក់ឬយកទៅធ្វើជាវត្ថុមានតម្លៃនៅពេលដែលគេកាប់ព្រៃឈើបែបនេះគេនៅដាំដកវាបន្តទៀតធ្វើបាននេះដើម្បីបំពេលទីផ្សារសេដ្ឋកិច្ចក្នុងប្រទេស -ការនេសាទការនេសាទជាផ្នែកមួយរបស់សេដ្ឋកិច្ចយើងត្រូវតែជាការងារព្រៃឈើជាពិសេសព្រៃលិចទឹកព្រោះវាជាចម្រកសម្រាប់ត្រី។,15,3,1,0.2,0.3687188325465314,1,6,0,3
660,ចូរនិយាយពីកំណកាម៉ែតញី។,ការស្ថិតនៅក្រោមសារពាង្គកាយនៃពងស្វាសមានសារៈសំខាន់ដូចជាដើម្បីរក្សាសីតុណ្ហភាពឲ្យ ទាបជាងសីតុណ្ហភាពក្នុងខ្លួន ប្រហែលពី(2-3)សីតុណ្ហភាពក្នុងខ្លួន37 ។,កំណកាម៉ែតញីដំបូងកោសិកាពូជមួយរួមចំណែកពីរដងបន្តបន្ទាប់គ្នា បានកោសិកាអូវ៉ូកូរី4 ។ អូវ៉ូកូរីនីមួយៗរីកមាឌអាចជាអូវ៉ូស៊ីត1 ។អូវ៉ូស៊ីតមួយរងចំណែកមួយនៃមេយោធាហើយត្រូវបាន ឈប់គាំងនៅវគ្គប្រផ្ដាស1 ។ក្រោយមកពេលគ្រប់អូវ៉ូស៊ីតមួយបន្តធ្វើចំណែកហើយត្រូវបានបញ្ចប់ នៅរយៈពេល6ម៉ោងមុនដំណើរអូវ៉ុលនិងធ្លាក់មកក្រៅជាអូវ៉ូស៊ីត2 ។ប្រសិនបើជួបស្ពែម៉ាតូសូអុីត បង្កើតបានជាអូវុល ។,10,8,3,0.8,0.02410828921328755,0,0,3,8
661,តើឧស្សាហកម្មមានតួនាទីដូចម្ដេចខ្លះចំពោះសេដ្ឋកិច្ចជាតិ?,ឧស្សាហកម្មមាន​តួនាទីចំពោះសេដ្ឋកិច្ចជាតិដូចជា ៖ ​ _ ជួយបង្កើតថវិការជាតិ ​ _ ជួយបង្កើតទិន្នផលជាតិ ​​ _ ជួយឲ្យសេដ្ឋកិច្ចជាតិរីកចម្រើន  _ ប្រជាជនសំបូរធូរធារ  _អភិវឌ្ឍគ្រប់វិស័យ  _ មានទំនាក់ទំនងល្អជាមួយអ្នកជិតខាង  _ មានភាពរុងរឿងនៅក្នុងប្រទេសជាតិ។,ឧស្សាហកម្មមានតួនាទីចំពោះសេដ្ឋកិច្ចជាតិដូចជា -ផ្តល់ចំណូលសេដ្ឋកិច្ចជាតិ -ផ្តល់កាងារឲ្យប្រជាជនធ្វើ -ផ្ដល់ចំណូលដល់សេដ្ឋកិច្ចជាតិមាន២៤.៨%ឆ្នាំ២០០៨ -ផ្ដល់ប្រាក់ចំណូលដល់គ្រួសារ -ប្រជាជនកាត់បន្ថយភាពក្រីក្រ -ផ្ដល់អាហារជាច្រើនដល់ប្រជាជនដើម្បីផ្គត់ផ្គង់ដល់គ្រួសារ។,15,5,1,0.3333333333333333,0.2614045834116219,1,4,0,1
662,តើឧស្សាហកម្មមានតួនាទីចំពោះសេដ្ឋកិច្ចជាតិយ៉ាងដូចម្ដេច?,ឧស្សាហកម្មមានតួនាទីសម្រាប់សេដ្ឋកិច្ចជាតិដូចជា -ជួយបង្កើតប្រាក់ចំណូលចូលជាតិ -បង្កើតការងារដល់ប្រជាជន -បង្កើតប្រាក់ចំណូលចូលក្នុងគ្រួសារ -ប្រជាជនមានជីវភាពធូរធារ -ជួយរក្សាជញ្ជីងពាណិជ្ជកម្ម -ជួយបង្កើតទិន្នផលសម្រាប់ការនាំចេញនាំចូល -បង្កើននូវសង្ឃភារៈសម្រាប់ប្រើប្រាស់។,ឧស្សាហកម្មមានតួនាទីចំពោះសេដ្ឋកិច្ចជាតិដូចជា៖ -ជួយរក្សាលំនឹងជញ្ជឹងសេដ្ឋកិច្ចជាតិ -ជួយផ្ដល់ការងារដល់ប្រជាជន -មានការងារច្រើនសម្រាប់ប្រជាជន -កាត់បន្ថយការនាំចូលពីបរទេស -ជួយឲ្យសេដ្ឋកិច្ចរីកចម្រើន។,15,15,4,1.0,0.403845391014549,2,6,2,9
663,តើឧស្សាហកម្មមានតួនាទីចំពោះសេដ្ឋកិច្ចជាតិយ៉ាងដូចម្ដេច?,ឧស្សាហកម្មមានតួនាទីសម្រាប់សេដ្ឋកិច្ចជាតិដូចជា -ជួយបង្កើតប្រាក់ចំណូលចូលជាតិ -បង្កើតការងារដល់ប្រជាជន -បង្កើតប្រាក់ចំណូលចូលក្នុងគ្រួសារ -ប្រជាជនមានជីវភាពធូរធារ -ជួយរក្សាជញ្ជីងពាណិជ្ជកម្ម -ជួយបង្កើតទិន្នផលសម្រាប់ការនាំចេញនាំចូល -បង្កើននូវសង្ឃភារៈសម្រាប់ប្រើប្រាស់។,ឧស្សាហកម្មមានតួនាទីចំពោះសេដ្ឋកិច្ចជាតិដូចជា៖ -ជួយបង្កើនការងារដល់ប្រជាជន -ជួយបង្កើនថវិកាជាតិ ផ្ដល់ចំណូលជាតិ -ជួយឲ្យសេដ្ឋកិច្ចដើរទៅមុខ -ឧស្សាហកម្មកាត់ដេរ ឧស្សាហកម្មនេះមិនទៀងទាត់ និងមិនរឹងមាំ ព្រោះតម្រូវការទីផ្សាមុខទំនិញនេះថយចុះ រួមផ្សំទាំងការ ប្រកួតប្រជែង -ទីផ្សារដូចគ្នានៃបណ្ដាលប្រទេសផ្សេងៗ និងតម្លៃដឹកជញ្ចូន។,15,8,2,0.5333333333333333,0.37357266657227844,1,6,1,2
664,តើកម្ពុជាមានបេតិកភណ្ឌអ្វីខ្លះ ដែលបានចុះបញ្ជីបេតិកភណ្ឌរូបី និង អរូបីពិភពលោករបស់អង្គការយូ ណេស្កូ? ចូររៀបរាប់ឲ្យបានប្រាំ។,បេតិកភណ្ឌរូបិយនិងអរូបិយមានដូចជា -ប្រាសាទព្រះវិហារ -ប្រាសាទអង្គវត្ត -ប្រាសាតសម្បូរព្រៃគុក -ប្រាសាទកោះកេរ្ត៍ -របាំព្រះរាជទ្រព្យ -ល្ខោនខោល -ល្បែងប្រជាប្រិយ។,ប្រាសាទព្រះវិហារ -ប្រាសាទសំបូរព្រៃគុក -ប្រាសាទអង្គរវត្ត -ល្ខោនខោ -ល្ខោនស្បែកធ,5,5,4,1.0,0.5843823102709695,2,3,2,2
665,តើកត្តាអ្វីខ្លះដែលធ្វើអោយសម័យអង្គររីកចម្រើនដល់កំពូល?​ ចូលរៀបរាប់។,កត្តាដែលធ្វើអោយសម័យអង្គររីកចម្រើនគឺ: កត្តាព្រះរាជា:ព្រះរាជាចាប់ពីព្រះបាទជ័យវរ្ម័នទី 2 រហូតដល់ព្រះបាទជ័យវរ្ម័នទី 7 សុទ្ធតែជាស្ដេចខ្លាំងពូកែ កត្តានយោបាយ: នយោបាយក្នុងប្រទេសបង្រួបបង្រួមជាតិកសាងនិងការពារទឹកដី នយោបាយក្រៅប្រទេស:ចងសម្ព័ន្ធមិត្តជាមួយប្រទេសធំៗវាយយករដ្ឋតូចដាក់ជាចំណុះ កត្តាសេដ្ឋកិច្ច:រីកចម្រើនលើវិស័យកសិកម្មសិប្បកម្មគណនាគម កត្តាសាសនា:ការឯកភាពគ្នារវាងសាសនាព្រាហ្មនិងព្រះពុទ្ធ កត្តាធនធានមនុស្សបន្សល់ទុកតាំងពីសម័យនគរភ្នំនិងចេនឡាមក។,កត្តាដែលធ្វើអោយសម័យអង្គររីកចម្រើនគឺ: .កត្តាព្រះរាជា:ព្រះរាជាចាប់ពីព្រះបាទជ័យវរ្ម័នទី 2 រហូតដល់ព្រះបាទជ័យវរ្ម័នទី 7 សុទ្ធសឹងតែជាស្ដេចខ្លាំងពូកែ .កត្តានយោបាយ: +នយោបាយក្នុងប្រទេស:បង្រួបបង្រួម​ កសាង និងការពារ។ +នយោបាយក្រៅប្រទេស:ចងសម្ព័ន្ធមិត្តជាមួយប្រទេសធំៗដូចជាចិននិងឥណ្ឌា និងវាយយករដ្ឋតូចដាក់ជាចំណុះ .កត្តាសេដ្ឋកិច្ច:ការរីកចម្រើនលើវិស័យកសិកម្ម សិប្បកម្ម គណនាគមន៍ .កត្តាសាសនា:មានការឯកភាពគ្នារវាងសាសនាព្រាហ្មនិងព្រះពុទ្ធ .កត្តាធនធានមនុស្សបន្សល់ទុកតាំងពីសម័យនគរភ្នំនិងចេនឡាមក។,10,10,4,1.0,0.9273986502678749,4,9,0,1
666,ចូររៀបរាប់អំពីទំនាក់ទំនងរវាងការដាំដុះអាជីវកម្មព្រៃឈើនិងនេសាទ។,ទំនាក់ទំនងរវាង ការដាំដុះអាជីវកម្មព្រៃឈើ និងការនេសាទ៖  _ ការដាំដុះអាជីវកម្មព្រៃឈើ និងការនេសាទ ជាភោគទ្រព្យយ៉ាងសំខាន់សម្រាប់ប្រជាជនក្នុងការទ្រទ្រង់ក្នុងជីវភាពរស់នៅនិងការអភិវឌ្ឍន៍ប្រទេសជាតិ   _ ដើម្បីបំពេញតម្រូវការក្នុងកសិកម្មផលិតកម្មនិងត្រូវការផ្សេងៗ មនុស្សនាំគ្នាកាប់ព្រៃឈើដើម្បីធ្វើអាជីវកម្មព្រៃឈើជាមូលហេតុធ្វើឲ្យអាកាសធាតុប្រែប្រួលប៉ះពាល់ដល់ជីវិតមនុស្ស សត្វ និងរុក្ខជាតិ  ​ _ អតិផលនៃប្រព័ន្ធកសិកម្ម នាំឲ្យមានកំណើននៃការប្រើប្រាស់គីមីនិងថ្នាំសម្លាប់សត្វល្អិត។ ជីគីមី និងថ្នាំសម្លាប់សត្វល្អិត ទាំងនោះហូរទៅផ្ដុំគ្នានៅតាមផ្លូវទឹកនានា បំផ្លាញជីវិតសត្វនិងពូជធម្មជាតិ។,រៀបរាប់ពីទំនាក់ទំនងរវាងការដាំដុះ ការចិញ្ចឹមសត្វ និងការនេសាទ៖ -ការដាំដុះគឺជាការដាំដុះនូវដំណាំផ្សេងផ្សេងដូចជាស្រូវបន្លែជាច្រើនការដាំដុះនេះ ភាគច្រើនគេដាំវានៅតាមជនបទដើម្បីយកទៅលក់នៅទីផ្សារដើម្បីយកប្រាក់មកដោះដូរជីវភាព ប្រជាជនខ្លះដាំដុះនេះដើម្បីទុកបរិភោគខ្លួនឯងដោយកាត់បន្ថយទៅលើការចំណាយហើយការដាំដុះនេះ សារៈសំខាន់ចំពោះជាតិផងដែរការដាំដុះនេះអាចនាំចេញទៅក្រៅស្រុកបាន ផងដែរ អ្នកខ្លះទៀតយកការដាំដុះនេះជាមុខរបរនាំយកទៅទីក្រុងដើម្បីលក់ដូរ។ -អាជីវកម្មព្រៃឈើប្រជាជនមួយបានយកការកាប់ព្រៃឈើធ្វើជាអាជីវកម្មដើម្បីចិញ្ចឹមជីវិតហើយអាជីវកម្ម នេះមួយចំនួនអាចយកធ្វើជាអុសធ្យូងផ្ទះគ្រែកៅអីជាដើមគឺទាំងអស់នេះ ក៏ជាការសំខាន់ដែរដើម្បីយកទៅលក់ដូរដើម្បីដោះដូរជីវភាពបានប៉ុន្តែការធ្វើអាជីវកម្មព្រៃឈើនេះក៏អាចបង្កដល់អំពើខុសច្បាប់ដែរហើយអាចមានសំឡេងរំខានដល់អ្នកដទៃផងដែរ។ -ការនេសាទក៏អាចដោះដូរជីវភាពបានតែប្រជាជនមួយចំនួនបានយកការនេសាទនេះ ចិញ្ចឹមជីវិតនិងគ្រួសារការនេសាទឬមានច្រើនបែបណាដូចជាការនេសាទត្រីការនេសាទសត្វ ការនេសាទនៅសមុទ្រជាដើម។,15,5,1,0.3333333333333333,0.3362003632737921,1,5,0,0
667,ចូររៀបរាប់អំពីទំនាក់ទំនងរវាងការដាំដុះអាជីវកម្មព្រៃឈើនិងនេសាទ។,ទំនាក់ទំនងរវាង ការដាំដុះអាជីវកម្មព្រៃឈើ និងការនេសាទ៖  _ ការដាំដុះអាជីវកម្មព្រៃឈើ និងការនេសាទ ជាភោគទ្រព្យយ៉ាងសំខាន់សម្រាប់ប្រជាជនក្នុងការទ្រទ្រង់ក្នុងជីវភាពរស់នៅនិងការអភិវឌ្ឍន៍ប្រទេសជាតិ   _ ដើម្បីបំពេញតម្រូវការក្នុងកសិកម្មផលិតកម្មនិងត្រូវការផ្សេងៗ មនុស្សនាំគ្នាកាប់ព្រៃឈើដើម្បីធ្វើអាជីវកម្មព្រៃឈើជាមូលហេតុធ្វើឲ្យអាកាសធាតុប្រែប្រួលប៉ះពាល់ដល់ជីវិតមនុស្ស សត្វ និងរុក្ខជាតិ  ​ _ អតិផលនៃប្រព័ន្ធកសិកម្ម នាំឲ្យមានកំណើននៃការប្រើប្រាស់គីមីនិងថ្នាំសម្លាប់សត្វល្អិត។ ជីគីមី និងថ្នាំសម្លាប់សត្វល្អិត ទាំងនោះហូរទៅផ្ដុំគ្នានៅតាមផ្លូវទឹកនានា បំផ្លាញជីវិតសត្វនិងពូជធម្មជាតិ។,រៀបរាប់ពីទំនាក់ទំនងរវាងការដាំដុះ ការចិញ្ចឹមសត្វ និងការនេសាទ៖ -ការប្រើប្រាស់ រួម ជីគីមីលើលើសកម្រិត -ការបំពុលទឹកការដុតព្រៃ រួមទាំងសត្វ -ការធ្វើអាជីវកម្មព្រៃឈើខុសច្បាប់ -ការឆក់ត្រី ប្រើគ្រឿងឆក់ដែលប៉ះពាល់ជម្រកត្រី បំផ្លាញព្រៃលិចទឹក -ការជួញដូរឈើខុសច្បាប់ -ការនេសាទត្រីមានមាននោះរដូវត្រីពង -ការចាប់សត្វព្រៃដែលគេអភិរក្សយកទៅលក់ខុសច្បាប់។,15,5,1,0.3333333333333333,0.33930782422235006,1,5,0,0
668,តើឧស្សាហកម្មមានតួនាទីដូចម្ដេចខ្លះចំពោះសេដ្ឋកិច្ចជាតិ?,ឧស្សាហកម្មមាន​តួនាទីចំពោះសេដ្ឋកិច្ចជាតិដូចជា ៖ ​ _ ជួយបង្កើតថវិការជាតិ ​ _ ជួយបង្កើតទិន្នផលជាតិ ​​ _ ជួយឲ្យសេដ្ឋកិច្ចជាតិរីកចម្រើន  _ ប្រជាជនសំបូរធូរធារ  _អភិវឌ្ឍគ្រប់វិស័យ  _ មានទំនាក់ទំនងល្អជាមួយអ្នកជិតខាង  _ មានភាពរុងរឿងនៅក្នុងប្រទេសជាតិ។,ឧស្សាហកម្មមានតួនាទីចំពោះសេដ្ឋកិច្ចជាតិដូចជា ៖ _ ជួយបង្កើនប្រាក់ចំណូលជូនជាតិ23.8% 2008 _ បង្កើតការងារជូនប្រជាជន  _ បង្កើតប្រាក់ចំណូលក្នុងគ្រួសារ  _ ប្រជាជនមានជីវភាពធូរធារ _ ជួយរក្សាលំនឹងជញ្ជីងពាណិជ្ជកម្ម  _ ផ្ដល់ផលិតផលសម្រាប់នាំចេញ  _ ផ្ដល់ផលិតផលសម្រាប់ប្រើប្រាស់ _ កាត់បន្ថយការនាំចូល។,15,12,3,0.8,0.30435055809237865,1,5,2,7
669,តើសង្គមខ្មែរនៅសម័យអង្គរមានប៉ុន្មានវណ្ណៈ? វណ្ណៈអ្វីខ្លះ? ចូលរៀបរាប់។,សង្គមខ្មែរនៅសម័យអង្គរមានប្រាំវណ្ណៈគឺ -វណ្ណៈក្សត្រឬរាជវង្សនុវង្ស (ជាស្ដេចគ្រប់គ្រងប្រទេស -វណ្ណៈមន្ត្រី (អ្នករស់នៅក្នុងរាជវាំងបម្រើស្ដេច) -វណ្ណៈព្រាហ្ម៍ឬបុព្វជិត​(គឺជាអ្នកបួស) -វណ្ណៈអ្នកជាឬកសិករ (អ្នករស់នៅនឹងធ្វើស្រែចម្ការ) -វណ្ណៈអ្នកងារឬទាសករ(ទាសករបម្រើគេតកូនតចៅ)។,សង្គមខ្មែរនៅសម័យអង្គរមានប្រាំវណ្ណៈគឺ -វណ្ណៈក្សត្រឬរាជវង្សនុវង្ស (ជាស្ដេចគ្រប់គ្រងប្រទេស -វណ្ណៈមន្ត្រី (អ្នករស់នៅក្នុងរាជវាំងបម្រើស្ដេច) -វណ្ណៈព្រាហ្ម៍ឬបុព្វជិត​(គឺជាអ្នកបួស) -វណ្ណៈអ្នកជាឬកសិករ (អ្នករស់នៅនឹងធ្វើស្រែចម្ការ) -វណ្ណៈអ្នកងារឬទាសករ(ទាសករបម្រើគេតកូនតចៅ)។,10,10,4,1.0,0.9999999999999998,4,10,0,0
670,តើប្រព័ន្ធផលិតកម្មកសិកម្មនៅប្រទេសកម្ពុជាមានអ្វីខ្លះ?,ប្រព័ន្ធផលិតកម្មកសិកម្មនៅកម្ពុជាមានដូចជាដំណាំដំណាំស្រូវនិងកៅស៊ូដឹកនាំផ្សេងៗទៀតការចិញ្ចឹមសត្វបានចិញ្ចឹមសត្វលើគោកការចិញ្ចឹមសត្វក្នុងទឹកការនេសាទការនេសាទទឹកសាបការនេសាទទឹកប្រៃ  ព្រៃឈើអនុផលព្រៃឈើរកឃ្មុំជ័រទឹកក្តៅសត្វព្រៃ,ប្រព័ន្ធផលិតកម្មកសិកម្មនៅប្រទេសកម្ពុជាមាន,15,0,0,0.0,0.24352050916795365,1,4,1,4
671,តើប្រទេសកម្ពុជាចូលជាសមាជិក សហគមន៍អាស៊ីអាគ្នេយ៍ទទួលផលវិជ្ជមាននិងអវិជ្ជមានដូចម្តេចខ្លះ?,ពណ៌នាពីពីការអភិវឌ្ឍសេដ្ឋកិច្ច សង្គម នៅកម្ពុជាពីឆ្នាំ១៩៩៣ មកទល់សព្វថ្ងៃ .វិស័យសេដ្ឋកិច្ច:  +សេដ្ឋកិច្ចកម្ពុជាមានការរីកចម្រើនឡើងជាបន្តបន្ទាប់ដែលធ្វើឲ្យប្រទេសកម្ពុជាមានជីវភាពល្អប្រសើរ។ +កសិកម្មរីកចម្រើនខាងដាំដំណាំស្រូវទទួលបានទិន្នផលខ្ពស់ជាបន្តបន្ទាប់ +ឧស្សាហកម្មមានតំណាងរោងចក្រច្រើនកន្លែងនិងលើកឡើងនៅសហគ្រឿងធំៗដែលបានផ្ដល់ចំណូលដល់ប្រជាពលរដ្ឋ +ពាណិជ្ជកម្មកាលនាំចូលមកក្នុងប្រទេសនិងមានវិនិយោគក្នុងប្រទេស +គមនាគមន៍កសាងស្ពានផ្លូវថ្នល់អាកាសយានដ្ឋានផ្គត់ផ្គង់ប្រព័ន្ធទឹកពីទីក្រុងដល់ជនបទ កំពុងផែ +ហិរញ្ញវត្ថុមានស្ថេរភាពក្នុងអត្រាប្ដូរប្រាក់ +ធនាគារលើកឡើងនៅធនាគារជាតិហ្នឹងឯកជនជាច្រើន .វិស័យសង្គម +ការអប់រំសិក្សា បង្កើតសាលារៀនគ្រប់កម្រិតពីមត្តីរហូតដល់ឧត្តមសិក្សាបណ្ដុះបណ្ដាលធនធានមនុស្សនិងបញ្ជូននិស្សិតឲ្យទៅរៀននៅក្រៅប្រទេស។ +វប្បធម៌អរិយធម៌ ស្ដារវប្បធម៌ឡើងវិញនិងដាក់បញ្ចូលជាសម្បត្តិបេតិកភណ្ឌពិភពលោកចាប់ផ្ដើមប្រជាជនមានសិទ្ធិជឿលើសាសនា។ +សុខាភិបាលបង្កើតឲ្យមានមន្ទីរពេទ្យលោកសុខភាពនិងឱសថសាស្ត្រ +សិល្បៈបង្កើតឲ្យមានសាលាសាកលវិទ្យាល័យសិល្បៈ.,+ផលវិជ្ជមាន -ប្រទេសកម្ពុជាមានទំនាក់ទំនងពាណិជ្ជកម្មជាមួយប្រទេសក្នុងតំបន់ -កម្ពុជាអាចមានឱកាសប្រកួតប្រជែងសេដ្ឋកិច្ច ជាមួយប្រទេសដែលជាសមាជិកអាស៊ាន -កម្ពុជាទទួលបាននូវកំណើនភ្ញៀវទេសចរណ៍ -កម្ពុជាអាចចូលរួមដោះស្រាយបញ្ហាផ្សេងៗជាមួយប្រទេសដែលជាសមាជិកអាស៊ាន​ -ការផ្លាស់ប្តូរផ្នែកវិស័យអប់រំ វិទ្យាសាស្ត្រ បច្ចេកវិទ្យា និង​ព័ត៍មានថ្មីបន្ថែមទៀត -ការប្តូរចំណះដឹង វិស័យអប់រំ វប្បធម៍ កីឡាសង្គមជាមួយសមាជិកអាស៊ាន -ការកើនឡើងផ្នែកសេដ្ឋកិច្ច ដោយកំណើនភ្ញៀវទេសចរណ៍ +ផលអវិជ្ជមាន -កម្ពុជាមានធនធានមនុស្សនិងសម្ភារបចេ្ចកទេសនូវមានកម្រិតទាប -ការនាំចេញផលិតផលនិងនាំចូលនូវទាប -កម្ពុជាមិនអាចប្រកួតប្រជែងសេដ្ឋកិច្ចជាមួយប្រទេសដែលជាសមាជិកអាស៊ានបានទេ -កម្ពុជាក្លាយជាទីផ្សាររបស់គេ -កម្ពុជាត្រូវការជំនួយពីបរទេស -កម្ពុជាគួរតែិកវិនិយោគទន់បរទេសដោយផ្ទាល់ដែលជាបុព្ធហេតុផ្ដល់ការងារដល់ប្រជាពលរដ្ឋ។,10,9,4,0.9,0.26307473276213234,1,3,3,6
672,តើផ្សិតមានរូបរាងខុសៗគ្នាអាស្រ័យនឹងអ្វី? ស្រូបសារធាតុចិញ្ចឹមតាមរយៈអ្វី?,ផ្សិតមានរូបរាងខុសៗគ្នាអាស្រ័យនឹងការតម្រៀបអុីបរបស់វា។ផ្សិតស្រូបសារធាតុចិញ្ចឹមតាមរយ:អុីបដែលដុះចូលទៅក្នុងប្រភពអាហារ។,ផ្សិតមានរូបរាងខុសៗគ្នាដោយអាស្រ័យទៅនឹង ប្រភេទនៃស្ប៉ បរិស្ថានរស់នៅ  និង ប្រភេទសរសៃភីប។ ស្រូបសារធាតុចិញ្ចឹមតាមរយ:សរសៃភីប។,10,5,2,0.5,0.4299350702619291,2,4,0,1
673,តើប្រទេសកម្ពុជាចូលជាសមាជិក សហគមន៍អាសុីអាគ្នេយ៍ទទួលបានផលវិជ្ជមាននិងផលអវិជ្ជមានដូចម្ដេចខ្លះ?,ប្រទេសកម្ពុជាចូលជាសមាជិកសាមាសហគមន៍អាស៊ីអាគ្នេយ៍ទទួលផលវិជ្ជមាននឹងអវិជ្ជមានដូចជា៖ +ផលវិជ្ជមាន៖ -កម្ពុជាលែងឯកោទៅទៀត -បានចូលរួមនៅរាល់ការសម្រេចចិត្តនានាក្នុងតំបន់ -កម្ពុជាបានឈរស្មើមុខមាត់ជាមួយបណ្ដាប្រទេសជាសមាជិកអាស៊ាន -កម្ពុជាមានដៃគូច្រើនទាំងក្នុងតំបន់និងពិភព -កម្ពុជាអាចពង្រីកអនុភាពនិងបង្កើតតួនាទីរបស់ខ្លួនកាន់តែសកម្មភាពដែលក្នុងតំបន់នៃអន្តរជាតិ -កម្ពុជាមានសិទ្ធពេញលេញក្រោមការរៀបចំកិច្ចប្រជុំធំៗក្នុងប្រទេសខ្លួនលក្ខណៈតំបន់និងពិភពលោក -ការលើកលែងទិដ្ឋការ -កម្ពុជាក្លាយជាកន្លែងវិនិយោគដ៏មានសក្តានុពលពាណិជ្ជកម្មរវាងពាណិជ្ជកម្មនិងស្រួលជាងមុនចំពោះទីផ្សារ -សេដ្ឋកិច្ចកម្ពុជាមានកំណើនរៀងរាល់ឆ្នាំ -ប្រជាជនអាចរកការងារធ្វើទាំងក្នុងប្រទេសក្នុងតំបន់និងក្រៅតំបន់ -កំណើនភ្ញៀវទេសចរជាច្រើន +ផលអវិជ្ជមាន៖ -ពាណិជ្ជកម្មសេដ្ឋកិច្ចដំណើរការមិនល្អ -កម្ពុជាបាត់បង់ជំនឿសាសនាប្រពៃណីទំនៀមទម្លាប់,ប្រទេសកម្ពុជាបានចូលជាសមាជិកអាស៊ានសហគមន៍អាស៊ីអាគ្នេយ៍ទទួលបានផល៖ -កម្ពុជាអាចធ្វើទំនាក់ទំនងពាណិជ្ជកម្មជាមួយប្រទេសសមាជិកក្នុងតំបន់ -កម្ពុជាមានឱកាសប្រគួតប្រជែងខ្ពស់ជាមួយប្រទេសក្នុងតំបន់ -ទាក់ទាញវិនិយោគទន់បានច្រើនទាំងក្នុងតណបន់និងក្រៅតំបន់សកលលោក ធ្វើឱ្យសេដ្ឋកិច្ចកម្ពុជាមានការរីកចម្រើន -កម្ពុជាទទួលបានកំណើនភ្ញៀវទេសចរណ៌ -កម្ពុជាទទួលបានសុខសន្តិភាពមិនឯកោ -កម្ពុជាទទួលបានការចូលរួមដោះស្រាយ,10,4,2,0.4,0.5854851832063307,2,6,0,2
674,តើផ្សិតមានរូបរាងខុសៗគ្នាអាស្រ័យនឹងអ្វី? ស្រូបសារធាតុចិញ្ចឹមតាមរយៈអ្វី?,ផ្សិតមានរូបរាងខុសៗគ្នាអាស្រ័យនឹងការតម្រៀបអុីបរបស់វា។ផ្សិតស្រូបសារធាតុចិញ្ចឹមតាមរយ:អុីបដែលដុះចូលទៅក្នុងប្រភពអាហារ។,ផ្សិតមានរូបរាងខុសៗគ្នាអាស្រ័យលើការតម្រៀបរបស់អុីប។ផ្សិតខ្លះ អុីបមានរាងសរសៃឆ្មារៗបែកមែកប្រទាក់ក្រឡាគ្នា ណ្ហេលៗ(រង្វិល) ។ ផ្សិតខ្លះទៀតអុីបរបស់វាតម្រៀបគ្នាយ៉ាងណែន ។ វាស្រូបសារធាតុចិញ្ចឹមតាមរយ:អុីប។,10,6,2,0.6,0.5023994932323168,2,5,0,1
675,ចូរប្រៀបធៀបលក្ខណៈខុសគ្នានៃផ្សិត និងរុក្ខជាតិ។,លក្ខណៈខុសគ្នានៃផ្សិតនិងរុក្ខជាតិ +ផ្សិត  -ផ្សិតបន្តពូជតាមរយៈស្ប៉ -ផ្សិតមិនធ្វើរស្មីសំយោគ -អុីប -វារស់នៅកន្លែងសើម +រុក្ខជាតិ -បន្តពូជដោយគ្រាប់ -វាត្រូវការធ្វើរស្មីសំយោគ -វារស់នៅកន្លែងដែលមានពន្លឺ,ប្រៀបធៀបលក្ខណ:ខុសគ្នារវាងផ្សិតនិងរុក្ខជាតិ  +ផ្សិត -បរជីព -អុីបក្រោមដី -ស្ប៉ +រុក្ខជាតិ -ស្វ័យជីព -គ្រាប់ -ឬស,12,9,3,0.75,0.33934295232248135,1,4,2,5
676,តើគេចែកប្រូទីសជាប៉ុន្មានក្រុម?អ្វីខ្លះ?,ប្រូទីសសត្វចែកជា 4 ក្រុមតាមរបៀបរស់នៅនឹងផ្លាស់ទីរបស់វា  +ប្រូតូសូអ៊ែផ្លាស់ទីដោយជើងបញ្ឆោត: អាមីប +ប្រូតូសូអ៊ែផ្លាស់ទីដោយផ្លាសែល : សាឌីយ៉ា +ប្រូតូសូអ៊ែបន្តពូជតាមរយ:ស្ប៉ :ស្ប៉រ៉ូសូអ៊ែ។,គេចែកប្រូទីសសត្វជា 4ប្រភេទគឺ-ប្រូទីសផ្លាស់ទីដោយជើងបញ្ឆោត : អាមីប-ប្រូទីស ផ្លាស់ទីដោយរោមញ័រ : ប៉ារ៉ាមេសុី-ប្រូទីសផ្លាស់ទីដោយ ប្លាសែល-ប្រូទីសផ្លាស់ទីដោយ ស្ប៉។,8,5,2,0.625,0.45550507006015967,2,4,0,1
677,តើផ្សិតមានរូបរាងខុសៗគ្នាអាស្រ័យនឹងអ្វី? ស្រូបសារធាតុចិញ្ចឹមតាមរយៈអ្វី?,ផ្សិតមានរូបរាងខុសៗគ្នាអាស្រ័យនឹងការតម្រៀបអុីបរបស់វា។ផ្សិតស្រូបសារធាតុចិញ្ចឹមតាមរយ:អុីបដែលដុះចូលទៅក្នុងប្រភពអាហារ។,ផ្សិតមានរូបរាងខុសៗគ្នាអាស្រ័យនឹងការតម្រៀបអុីបរបស់វា។ផ្សិតស្រូបសារធាតុចិញ្ចឹមតាមរយ:អុីបដែលដុះចូលទៅក្នុងប្រភពអាហារ។,10,4,2,0.4,0.9999999999999999,4,10,2,6
678,តើឧស្សាហកម្មមានអ្នកតួនាទីចំពោះសេដ្ឋកិច្ចយ៉ាងដូចម្ដេច?,ឧស្សាហកម្មមានតួនាទីសម្រាប់សេដ្ឋកិច្ចជាតិដូចជា -ជួយបង្កើតប្រាក់ចំណូលចូលជាតិ -បង្កើតការងារដល់ប្រជាជន -បង្កើតប្រាក់ចំណូលចូលក្នុងគ្រួសារ -ប្រជាជនមានជីវភាពធូរធារ -ជួយរក្សាជញ្ជីងពាណិជ្ជកម្ម -ជួយបង្កើតទិន្នផលសម្រាប់ការនាំចេញនាំចូល -បង្កើននូវសង្ឃភារៈសម្រាប់ប្រើប្រាស់។,ឧស្សាហកម្មមានតួនាទីចំពោះសេដ្ឋកិច្ចជាតិដូចជាដល់ការងារជនប្រជាជនជួយបង្កើនប្រាក់ចំណូលជាជនសិទ្ធិដំបូលដល់ការរស់នៅរបស់ប្រជាជនជួយរក្សាលំនឹងជញ្ជីញពាណិជ្ជកម្ម ប្រជាជនមានជីវភាពធូរធាផ្ដល់ផងសម្រាប់នាំចេញផ្ដល់ផងសម្រាប់ប្រើប្រាស់,15,15,4,1.0,0.5201489444965444,2,8,2,7
679,តើព្រះបាទពញាយ៉ាតមានបុត្រប៉ុន្មានអង្គព្រះនាមអ្វីខ្លះ?ជាមួយអ្នកម្នាងណាខ្លះ?,ព្រះបាទពញាយ៉ាតមានបុត្របីអង្គគឺ នារាយណ៍រាជា ជាបុត្រជាមួយម្នាងទេវី ស្រីរាជាជាបុត្រជាមួយបុទុមកេសរ និងធម្មរាជាជាបុត្រជាមួយសុីសង៉ាម(បុត្រីស្ដេចសៀម)។,ព្រះបាទពញាយ៉ាតមានបុត្របីអង្គគឺ នារាយណ៍រាជា ជាបុត្រជាមួយម្នាងទេវី ស្រីរាជាជាបុត្រជាមួយបុទុមកេសរ និងធម្មរាជាជាបុត្រជាមួយសុីសង៉ាម(បុត្រីស្ដេចសៀម)។,5,5,4,1.0,0.9999999999999998,4,5,0,0
680,បុព្វហេតុអ្វីខ្លះដែលនាំឲ្យអាណាចក្រចេនឡាបែកបាក់ជាពីរគឺអាណាចក្រចេនឡាដីគោកនិងចេនឡាទឹកលិច?,បុព្វហេតុដែលនាំហើយអាណាចក្រចេនឡាបែកជាពីរគឺ -វិសាលភាពទឹកដីធំទូលាយ -ចម្បាំងអត់ឈប់ឈរ -សមន្ដរដ្ឋបះបោរចង់ផ្ដាច់ខ្លួន -វិបត្តិផ្ទៃក្នុង -ព្រះនាងជ័យទេវីគ្មានសមត្ថភាពគ្រប់គ្រង។,បុព្វហេតុដែលនាំហើយអាណាចក្រចេនឡាបែកជាពីរគឺ -វិសាលភាពទឹកដីធំទូលាយ -ចម្បាំងអត់ឈប់ឈរ -សមន្ដរដ្ឋបះបោរចង់ផ្ដាច់ខ្លួន -វិបត្តិផ្ទៃក្នុង -ព្រះនាងជ័យទេវីគ្មានសមត្ថភាពគ្រប់គ្រង។,7,7,4,1.0,1.0,4,7,0,0
681,តើកត្តាអ្វីខ្លះដែលបណ្ដាលឲ្យសៀមវាយបែកបន្ទាយលង្វែក?,កត្តាដែលបណ្ដាលឲ្យសៀមវាយបន្ទាយលង្វែកព្រះរាជាព្រះសត្ថាទីមួយឆោតល្ងង់ទៅជួយរំដោះក្រុងឰយុធ្យារបស់សៀមមកពីការត្រួតត្រាភូមាសៀមរមិលគុណប្រើល្បិចបញ្ជូនសល់ពីរអង្គ យកការវិបត្តិផ្ទៃក្នុងជាជួរជលសារលោករវល់ នាដើមម៉ឺនមន្ត្រីប្រជារាស្ត្រមិនពេញចិត្តដែលតែងទៅកូនអាយុដប់មួយវស្សា ឲ្យកូនរៀននៅ ក្នុងនាម មហាឧបរាជ ធ្វើឲ្យប្រជារាស្ត្របាត់បង់ស្មារតីប្រយុទ្ធប្រជារាស្ត្រខ្មែរក្រីក្រឆោតល្ងង់ចង់បានប្រាក់ដួលក៏នាំគ្នាកាប់ឆ្ការគុម្ពឫស្សីដែលជារបងការពារបន្ទាយលង្វែកដ៏រឹងមាំ រីប្រទេសខ្មែរហាក់បីដូចជាបាត់បង់សាមគ្គីដូចជាស្ថានីយមួយនាំកូនទាំងពីររត់ភៀសខ្លួនទៅប្រទេសឡាវមិនគិតពីប្រជារាស្ត្រនាំឲ្យប្រជាជន អស់ជំនឿ,កត្តាដែលបណ្ដាលឲ្យសៀមវាយបែកបន្ទាយលង្វែក កត្តាចម្បងរួមមាន ល្បិចកលសៀមបែបប្រាក់ដួងចូលក្នុងរបងឫស្សីដើម្បីឲ្យប្រជាជនខ្មែរកាប់ឆ្ការរបងការពារខ្លួនឯង ភាពទន់ខ្សោយផ្ទៃក្នុងការបែកបាក់សាមគ្គីភាពរវាងមន្ត្រីនិងការធ្វេសប្រហែសរបស់ស្ដេចខ្មែរ អាវុធសៀមមានកម្លាំងទ័ពនិងគ្រឿងសព្វាវុធខ្លាំង ខ្លានៅពេលនោះ។,10,6,2,0.6,0.3023685453264433,1,3,1,3
682,ហេតុអ្វីបានជាប្រទេសកម្ពុជាពឹងផ្អែកទៅលើវិស័យកសិកម្ម?,បានជាផ្នែកឯកជនជាកម្លាំងដ៏សំខាន់សម្រាប់កំណើនសេដ្ឋកិច្ចកម្ពុជាព្រោះ -កម្ពុជាបានអនុវត្តសេដ្ឋកិច្ចទីផ្សារសេរីដោយបានធ្វើកំណែទម្រង់ពីសហគ្រាសរដ្ឋឲ្យក្លាយទៅជាកម្មសិទ្ធិឯកជន -សេដ្ឋកិច្ចទីផ្សារសេរីនាំឲ្យអ្នករកស៊ីចូលចិត្តមករកស៊ីនិងដាក់វិនិយោគទុន -កាលណាភ្នែកឯកជនរឹងមាំអាចជួយបំពេញបន្ថែមលើវិនិយោគសាធារណៈក្នុងវិស័យសេដ្ឋកិច្ចគឺផ្នែកឯកជនអាចស្រូបយកកម្លាំងពលកម្មកើនឡើង។,បានជាផ្នែកឯកជនជាកម្លាំងដ៏សំខាន់សម្រាប់វិនិយោគនិងធ្វើឲ្យមានកំណើនសេដ្ឋកិច្ចក្នុងប្រទេសដោយសាររោងចក្រឯកជនសម្បូរកម្មករមានទីផ្សារងាយស្រួលរកប្រាក់ចំណេញបានច្រើន ការនាំចេញបានប្រាក់ថ្លៃចំណាយតិចកំណើនថវិកាជាតិកើនឡើងធ្វើឲ្យអ្នកវិនិយោគចង់បើកក្រុមហ៊ុនក្នុងប្រទេសធ្វើឲ្យមានកម្លាំងសេដ្ឋកិច្ចក្នុងប្រទេសផ្ដល់កន្លែងការងារជូនប្រជាជន។,15,5,1,0.3333333333333333,0.37441113590368497,1,6,0,1
683,ចូរនិយាយពីកំណកាម៉ែតញី។,ការស្ថិតនៅក្រោមសារពាង្គកាយនៃពងស្វាសមានសារៈសំខាន់ដូចជាដើម្បីរក្សាសីតុណ្ហភាពឲ្យ ទាបជាងសីតុណ្ហភាពក្នុងខ្លួន ប្រហែលពី(2-3)សីតុណ្ហភាពក្នុងខ្លួន37 ។,កំណកាម៉ែតញីដំបូងកោសិកាពូជមួយរួមចំណែកពីរដងបន្តបន្ទាប់គ្នា បានកោសិកាអូវ៉ូកូរី4 ។ អូវ៉ូកូរីនីមួយៗរីកមាឌអាចជាអូវ៉ូស៊ីត1 ។អូវ៉ូស៊ីតមួយរងចំណែកមួយនៃមេយោធាហើយត្រូវបាន ឈប់គាំងនៅវគ្គប្រផ្ដាស1 ។,10,5,2,0.5,0.01770656090734037,0,0,2,5
684,ហេតុអ្វីបានជាផ្នែកឯកជនជាកម្លាំងដ៏សំខាន់សម្រាប់វិនិយោគ និងធ្វើឲ្យមានកំណើនសេដ្ឋកិច្ចក្នុងប្រទេស?,បានជាផ្នែកឯកជនជាកម្លាំងដ៏សំខាន់សម្រាប់កំណើនសេដ្ឋកិច្ចកម្ពុជាព្រោះ -កម្ពុជាបានអនុវត្តសេដ្ឋកិច្ចទីផ្សារសេរីដោយបានធ្វើកំណែទម្រង់ពីសហគ្រាសរដ្ឋឲ្យក្លាយទៅជាកម្មសិទ្ធិឯកជន -សេដ្ឋកិច្ចទីផ្សារសេរីនាំឲ្យអ្នករកស៊ីចូលចិត្តមករកស៊ីនិងដាក់វិនិយោគទុន -កាលណាភ្នែកឯកជនរឹងមាំអាចជួយបំពេញបន្ថែមលើវិនិយោគសាធារណៈក្នុងវិស័យសេដ្ឋកិច្ចគឺផ្នែកឯកជនអាចស្រូបយកកម្លាំងពលកម្មកើនឡើង។,បានជាផ្នែកឯកជនជាកម្លាំងដ៏សំខាន់សម្រាប់វិនិយោគនិងធ្វើឲ្យមានកំណើនសេដ្ឋកិច្ចក្នុងប្រទេស៖ -រោងចក្រឯកជនសម្បូរកម្មករ -ការនាំចេញបានប្រាក់ថ្លៃ ចំណាយតិច -ធ្វើឲ្យមានវិនិយោគក្នុងប្រទេស -ធ្វើឲ្យមានកំណើនសេដ្ឋកិច្ចក្នុងប្រទេស -ផ្ដល់កន្លែងការងារដល់ប្រជាជន -មានទីផ្សារងាយស្រួលក្នុងការផ្សព្វផ្សាយ -រកប្រាកើចំណេញបានច្រើន។,15,5,1,0.3333333333333333,0.360587261701991,1,5,0,0
685,តើកត្តាអ្វីខ្លះដែលធ្វើអោយសម័យអង្គររីកចម្រើនដល់កំពូល?​ ចូលរៀបរាប់។,កត្តាដែលធ្វើអោយសម័យអង្គររីកចម្រើនគឺ: កត្តាព្រះរាជា:ព្រះរាជាចាប់ពីព្រះបាទជ័យវរ្ម័នទី 2 រហូតដល់ព្រះបាទជ័យវរ្ម័នទី 7 សុទ្ធតែជាស្ដេចខ្លាំងពូកែ កត្តានយោបាយ: នយោបាយក្នុងប្រទេសបង្រួបបង្រួមជាតិកសាងនិងការពារទឹកដី នយោបាយក្រៅប្រទេស:ចងសម្ព័ន្ធមិត្តជាមួយប្រទេសធំៗវាយយករដ្ឋតូចដាក់ជាចំណុះ កត្តាសេដ្ឋកិច្ច:រីកចម្រើនលើវិស័យកសិកម្មសិប្បកម្មគណនាគម កត្តាសាសនា:ការឯកភាពគ្នារវាងសាសនាព្រាហ្មនិងព្រះពុទ្ធ កត្តាធនធានមនុស្សបន្សល់ទុកតាំងពីសម័យនគរភ្នំនិងចេនឡាមក។,កត្តាដែលធ្វើអោយសម័យអង្គររីកចម្រើនគឺ: .កត្តាព្រះរាជា:ព្រះរាជាចាប់ពីព្រះបាទជ័យវរ្ម័នទី 2 រហូតដល់ព្រះបាទជ័យវរ្ម័នទី 7 សុទ្ធសឹងតែជាស្ដេចខ្លាំងពូកែ .កត្តាសេដ្ឋកិច្ច: +នយោបាយក្នុងប្រទេស:បង្រួបបង្រួម​ កសាង និងការពារ។ +នយោបាយក្រៅប្រទេស:ចងសម្ព័ន្ធមិត្តជាមួយប្រទេសធំៗដូចជាចិននិងឥណ្ឌា និងវាយយករដ្ឋតូចដាក់ជាចំណុះ .កត្តាប្រទេសជាតិ:មានការរីកចម្រើនខ្លាំងខ្លា .កត្តាធនធានមនុស្សបន្សល់ទុកតាំងពីសម័យនគរភ្នំនិងចេនឡាមក។,10,9,4,0.9,0.8513160888993553,3,9,1,0
686,តើគេចែកយុគសម័យបុរេប្រវត្តិសាស្ត្រកម្ពុជាជាប៉ុន្មានយុគសម័យ?អ្វីខ្លះ?,គេចែកយុគសម័យបុរេប្រវត្តិសាស្ត្រកម្ពុជាជាបីយុគសម័យគឺ -យុគថ្មបំបែក (600000 - 12000 ឆ្នាំមុនគ.ស) -យុគថ្មរលីងឬសំលៀង (8000 - 2000 ឆ្នាំមុនគ.ស) -យុគលោហៈ(2000-100 ឆ្នាំមុនគ.ស)។,គេចែកយុគសម័យបុរេប្រវត្តិសាស្ត្រកម្ពុជាជាបីយុគសម័យគឺ -យុគថ្មបំបែក -យុគថ្មរលីងឬសំលៀង -យុគលោហៈ។,5,3,2,0.6,0.5786223192958814,2,3,0,0
687,តើប្រព័ន្ធផលិតកម្មកសិកម្មនៅក្នុងប្រទេសកម្ពុជាមានអ្វីខ្លះ?ចូររៀបរាប់​ ។,ប្រព័ន្ធផលិតកម្មកសិកម្មនៅប្រទេសកម្ពុជាមាន៖    _ ដំណាំ : ដំណាំស្រូវ ដំណាំកៅស៊ូ ដំណាំផ្សេងៗទៀត    _ ការចិញ្ចឹមសត្វ : ការចិញ្ចឹមសត្វលើគោក ការចិញ្ចឹមសត្វក្នុងទឹក    _ ការនេសាទ : ការនេសាទទឹកសាប ការនេសាទទឹកប្រៃ  _ ព្រៃឈើ : ផលិតផលឈើ អនុផលព្រៃឈើ(រកឃ្មុំ ជ័រទឹក វល្លិ៍ ផ្តៅ) សត្វព្រៃ ។,ប្រព័ន្ធផលិតកម្មនៅប្រទេសកម្ពុជារួមមាន៖ -ការដាំស្រូវកៅស៊ូនិងដំណាំផ្សេងផ្សេងនិង +នេសាទនេសាទទឹកសាបដែលនេសាទត្រីការ -ចិញ្ចឹមសត្វចិញ្ចឹមសត្វលើគោកជើងទឹក  -ការយកឃ្មំុ  -ការកាប់ព្រៃឈើ។,10,10,4,1.0,0.5992999879889103,2,6,2,4
688,តើផ្សិតមានរូបរាងខុសៗគ្នាអាស្រ័យនឹងអ្វី? ស្រូបសារធាតុចិញ្ចឹមតាមរយៈអ្វី?,ផ្សិតមានរូបរាងខុសៗគ្នាអាស្រ័យនឹងការតម្រៀបអុីបរបស់វា។ផ្សិតស្រូបសារធាតុចិញ្ចឹមតាមរយ:អុីបដែលដុះចូលទៅក្នុងប្រភពអាហារ។,ផ្សិតមានរូបរាងខុសៗគ្នាអាស្រ័យនឹងការតម្រៀបអុីបរបស់វា។ផ្សិតស្រូបសារធាតុចិញ្ចឹមតាមរយ:អុីបដែលដុះចូលទៅក្នុងប្រភពអាហារ។,10,4,2,0.4,0.9999999999999999,4,10,2,6
689,ចូរប្រៀបធៀបលក្ខណៈខុសគ្នានៃផ្សិត និងរុក្ខជាតិ។,លក្ខណៈខុសគ្នានៃផ្សិតនិងរុក្ខជាតិ +ផ្សិត  -ផ្សិតបន្តពូជតាមរយៈស្ប៉ -ផ្សិតមិនធ្វើរស្មីសំយោគ -អុីប -វារស់នៅកន្លែងសើម +រុក្ខជាតិ -បន្តពូជដោយគ្រាប់ -វាត្រូវការធ្វើរស្មីសំយោគ -វារស់នៅកន្លែងដែលមានពន្លឺ,ប្រៀបធៀបលក្ខណ:ខុសគ្នារវាងផ្សិតនិងរុក្ខជាតិ  +ផ្សិត -បរជីព -អុីបក្រោមដី -ស្ប៉ +រុក្ខជាតិ -ស្វ័យជីព -គ្រាប់ -ឬស,12,10,3,0.8333333333333334,0.33934295232248135,1,4,2,6
690,តើអាណាចក្រភ្នំមានព្រំប្រទល់ជាប់ប្រទេសណាខ្លះ?,អាណាចក្រភ្នំមានព្រំប្រទល់ជាប់ប្រទេសដូចជា -ខាងជើងជាប់ចិន -ខាងត្បូងជាឈូងសមុទ្រខ្មែរ -ខាងកើតជាប់រដ្ឋចម្ប៉ា -ខាងលិចជាប់រដ្ធមនឬភូមា។,អាណាចក្រភ្នំមានព្រំប្រទល់ជាប់ប្រទេសដូចជា -ខាងជើងជាប់ចិន(រដ្ឋណានឆាវតុងកឹង) -ខាងត្បូងជាឈូងសមុទ្រខ្មែរ -ខាងកើតជាប់រដ្ឋចម្ប៉ា -ខាងលិចជាប់រដ្ឋមនឬភូមា។,6,6,4,1.0,0.910612869598317,4,5,0,1
691,តើមូលហេតុអ្វីបានជាព្រះបាទពញាយ៉ាត ជ្រើសរើសយកចតុមុខធ្វើជារាជធានី?,បានជាព្រះបាទពញាយ៉ាតជ្រើសរើសក្រុងចតុមុខជារាជធានីព្រោះ មានទីតាំងភូមិសាស្ត្រល្អ គេចពីសត្រូវឈ្លានពានសៀម ដីមានជីវជាតិងាយស្រួលក្នុងការធ្វើកសិកម្ម ជាទីប្រសព្វនៃជំនួសទាំងផ្លូវគោកនិងផ្លូវទឹក សម្បូរផ្លូវក្នុងការធ្វើកសិកម្មនិងជំនួញ ភាពខាងត្បូងដីមានប្រជាជនច្រើននិងធនធានដើម្បីកសាងសេដ្ឋកិច្ចជាតិ។,បានជាព្រះបាទពញាយ៉ាតជ្រើសរើសក្រុងចតុមុខជារាជធានីព្រោះ មានទីតាំងភូមិសាស្ត្រល្អ គេចពីសត្រូវឈ្លានពានសៀម ដីមានជីវជាតិងាយស្រួលក្នុងការធ្វើកសិកម្ម ជាទីប្រសព្វនៃជំនួសទាំងផ្លូវគោកនិងផ្លូវទឹក សម្បូរផ្លូវក្នុងការធ្វើកសិកម្មនិងជំនួញ ភាពខាងត្បូងដីមានប្រជាជនច្រើននិងធនធានដើម្បីកសាងសេដ្ឋកិច្ចជាតិ។,10,10,4,1.0,1.0,4,10,0,0
692,សេដ្ឋកិច្ចកម្ពុជាពឹងផ្អែកលើវិស័យកសិកម្មជាសំខាន់៖ ​ក.​ ហេតុអ្វីបានជាគេនិយាយថាកម្ពុជាជាប្រទេសកសិកម្ម? ខ. តើគេចែកកសិករទាំងនោះជាប៉ុន្មានប្រភេទ?,សេដ្ឋកិច្ចកម្ពុជាបានផ្អែកលើវិស័យកសិកម្មជាសំខាន់៖ ក​. បានជាគេនិយាយថាប្រទេសកម្ពុជាជាប្រទេសកសិកម្មដោយសារ -ផ្ទៃដីនៅប្រទេសកម្ពុជាប្រហែល៩០ភាគរយសិតតែដំណាំស្រូវ -ប្រជាជនកកម្ពុជា ៧០.៣ភាគរយធ្វើកសិកម្ម -កសិកម្មជួយឲ្យប្រជាជនកម្ពុជាមានការងារធ្វើ -ប្រជាជននិយមធ្វើកសិកម្ម -ដីនៅកម្ពុជាប្រកបជាមួយកាធ្វើកសិកម្ម -កម្ពុជាមានអាកាសធាតុសមស្របសម្រាប់ធ្វើកសិកម្ម ខ. គេចែកកសិកម្មទាំងនោះជាពីរប្រភេទ៖ +កសិករខ្នាតតូច -ធ្វើកសិកម្មដើម្បីជីវិត -ធ្វើលក្ខណៈតិចតួច ទុកតែបរិភោគសម្រាប់គ្រួសារ -មិនលក់ឲ្យអ្នកណា +កសិករខ្នាតធំ -ធ្វើកសិកម្មច្រើនហើយទុកសម្រាប់លក់ឬនាំចេញទៅក្រៅប្រទេស -ធ្វើមួយឆ្នាំអាចទៅពីរលើក -ធ្វើលក្ខណៈច្រើន ដើម្បីលក់និងនាំចេញ។,សេដ្ឋកិច្ចកម្ពុជាបានផ្អែកលើវិស័យកសិកម្មជាសំខាន់៖ -ធ្វើឲ្យការដល់មិនអាចលើយកមកប្រើប្រាស់ទេឲ្យតាមនាំពីក្រៅប្រទេសមកវិញហើយមានការពឹង -យើងអាចមិនចាប់អារម្មណ៍ទេហើយជាច្រើនបានហើយ -ប្រមូលយកមកពីការធ្វើឲ្យបានច្រើនជាងនេះត្រូវបានគេចាប់យកមកលើកការធ្វើឲ្យដើម្បីមានការងារ -ប្រទេសកម្ពុជាមាននៅក្នុងច្រើនជាងគេគឺវិស័យមិនអាចទេមើលទៅនោះ -ចំណាត់យកពីប្រើប្រាស់ហើយទៅធ្វើយកហើយកុំកិត្តិយសសេដ្ឋកិច្ចការធ្វើឲ្យធ្វើមួយ -ចូលរៀបរាប់ពីប្រទេសគ្មានការចំពោះពីទីប្រើប្រាស់ក្នុង -យើងបានទិញយកមកប្រើយ៉ាងណា -គេលក់ដូរលើកលែងមិនទេឡើង -វេទនាតាមនិយាយថាឡើងទេឃើញមើលទៅប្រទេសខ្វែងនេះឡើយ -ខ្ពស់ស្រីបានធ្វើឡើងប្រទេសកម្ពុជាតេមគ្មានមើល -ប្រើជ្រះដើម្បីទិញយកការមើលឃើញពីការងារ -រាប់ពីប្រទេសដែលគ្មានការទិញផលិតផលច្រើនជាងគេ -សេដ្ឋកិច្ចការងារបានធ្វើឲ្យមានការលក់ដូរដាច់ច្រើនជាងគេ។  ក. បានជាគេនិយាយថាកម្ពុជាជាប្រទេសកសិកម្មដោយសារតែ៖ -ប្រទេសកម្ពុជាមានដីធ្វើកសិកម្មច្រើនជាងគេ -ធ្វើការងារប្រើប្រាស់ពីរៀបរាប់ចំក្រៅពីជនណាគេ -បានតែដើម្បីគេនឹងចេញទេក្នុងប្រទេសកម្ពុជា -ធ្វើឱ្យមានតែឱ្យទេមើលទៅមានកំណើនកើនឡើងនៅពេល -ជីវកម្មដីប្រើប្រាស់សម្រាប់ធ្វើការងារផ្សេងៗទៀត -មិនមែនមានតែប៉ុណ្ណឹងទេគឺដើម្បីជាបានលែងចង់រាប់ -បុស្សដើម្បីទិញដែលនាំឲ្យមានការ។,15,4,1,0.26666666666666666,0.4047634031037327,2,6,1,2
693,តើអាមីបរស់នៅកន្លែងណា ?វាបង្កជំងឺអ្វី?,អាមីបរស់នៅកន្លែងដូចជាស្ទឹងបឹងអូរត្រពាំងទន្លេទឹកជ្រោះ។ វាបង្កជំងឺដូចជា ជំងឺរាគមួល ធ្វើឲ្យយើងចុកពោះដោយផឹកទឹកមិនស្អាត,អាមីបរស់នៅកន្លែងដែលមិនស្អាតដូចជា ដីភក់ ទឹកកខ្វក់ វាអាចរស់នៅក្នុងពោះវៀនមនុស្សដែលបង្កឲមានជំងឺរាគមួល។,8,4,2,0.5,0.326877768253581,1,3,1,1
694,តើអាមីបរស់នៅកន្លែងណា ?វាបង្កជំងឺអ្វី?,អាមីបរស់នៅកន្លែងដូចជាស្ទឹងបឹងអូរត្រពាំងទន្លេទឹកជ្រោះ។ វាបង្កជំងឺដូចជា ជំងឺរាគមួល ធ្វើឲ្យយើងចុកពោះដោយផឹកទឹកមិនស្អាត,អាមីបរស់នៅកន្លែងដែលមិនស្អាតដូចជា ដីភក់ ទឹកកខ្វក់ វាអាចរស់នៅក្នុងពោះវៀនមនុស្សដែលបង្កឲមានជំងឺរាគមួល។,8,3,2,0.375,0.326877768253581,1,3,1,0
695,តើសេដ្ឋកិច្ចកម្ពុជាពឹងផ្អែកលើវិស័យអ្វីជាសំខាន់?     ក/ ហេតុអ្វីបានជាគេនិយាយថាកម្ពុជាជាប្រទេសកសិកម្ម?     ខ/ តើគេចែកកសិករជាប៉ុន្មានប្រភេទ?អ្វីខ្លះ?,សេដ្ឋកិច្ចកម្ពុជាពឹងផ្អែកលើវិស័យកសិកម្មជាសំខាន់។   ក/ បានជាគេនិយាយថាកម្ពុជាជាប្រទេសឧស្សាហកម្មព្រោះ៖  _  សណ្ឋានដី : ដីមានជីវជាតិល្អនិងសម្បូរទំនាបល្បាប់   _ ផ្លូវទឹក : ផ្លូវទឹកខ្វាត់ខ្វែងងាយស្រួលដល់ការដាំដុះ  _ ប្រជាជន : ប្រជាជនខ្មែរភាគច្រើនចូលចិត្តធ្វើកសិកម្ម  _ អាកាសធាតុ : ទទួលអាកាសធាតុក្តៅសើម  _ កសិកម្មផ្តល់ផល50%នៃផលិតផលជាតិសរុប។  ខ/ គេចែកកសិករទាំងនោះជា4ប្រភេទគឺ៖  _ កសិករធ្វើស្រែឬអ្នកស្រែ : និយមធ្វើស្រែ ស្រូវប្រាំង ស្រូវវស្សា ស្រូវឡើងទឹក  _ កសិករតំបន់ដីខ្ពស់ : គេដាំដំណាំជាអចិន្ត្រៃយ៍(ពោត ដំឡូង ចេក កៅស៊ូសណ្តែក)  _ កសិករធ្វើចម្ការដំណាំស្រូវ : គេដាំដំណាំតាមមាត់ទន្លេ ចិញ្ចឹមសត្វនិងនេសាទ  _ កសិករភូមិភាគឦសាន: គេធ្វើដំណាំព្រៃដុតមានដូចជាពោត ដំឡូង ស្រូវរុក្ខជាតិយកមើមដទៃទៀត និងបរបាញ់សត្វផងដែរ។,.៥.សេដ្ឋកិច្ចនៅលើប្រទេសកម្ពុជាពឹងផ្អែកទៅលើវិស័យកសិកម្មជាសំខាន់៖ កបានជាគេនិយាយថាបងកម្ពុជាជាប្រទេសកសិកម្មដោយផ្អែកទៅលើវិស័យកសិកម្មជាប្រភពចំណូលជាតែធ្វើឲ្យ ប្រទេសជាតិអនុវត្តអភិវឌ្ឍន៍បានច្រើនជាងគេនិងការដោយសារតែប្រជាជនភាគច្រើនជាកសិករដែលរស់នៅដូចជារបបហើយម្យ៉ាងទៀតប្រទេសកម្ពុជាមានសណ្ឋានដីតំបន់វាតម្រាបនិងខ្ពស់ទាប ដែលសម្បូរទៅដោយដីមានជីវជាតិនិងប្រព័ន្ធធារាសាស្ត្រសម្បូរទៅដោយប្រភពទឹកខ្វាក់ខ្វែងនិងអាកាសធាតុត្រូពិចក្តៅហើយសើមដែលសម្បូរទៅដោយទឹកភ្លៀងយ៉ាងៗក្នុងមួយឆ្នាំមួយឆ្នាំដែលជាប្រភពចម្បងក្នុងការស្រេាចស្រព។ +បែងចែកកសិករទាំងនោះជាបីប្រភេទដូចជាអ្នកបង្ករអ្នកបង្កើតផលនិងអ្នកថែទាំនិងអ្នកប្រមូលផល៖ -អ្នកបង្ករបង្កើតផលមានតួនាទីបង្កើតនិងដាំដុះនាំគ្រាប់ពូជនិងពន្លកឲ្យបានលួចលាស់ -ឧទាហរណ៍កសិករចាប់ផ្ដើមព្រួសគ្រាប់ស្រូវពេលជួលដីរួចរាល់។ អ្នកថែទាំគឺជាអ្នកថែរក្សាកសិកម្មឲ្យមានទិន្នផលល្អប្រសើរជាផុតពីការយាយីរៗពីសត្វល្អិតផ្សេងៗ។និងការលិចទឹកឬការបាត់បង់ទឹកជាដើម។ ឧទាហរណ៍កសិកម្មករកាប់ពីភ្លឺស្រែម្ហូរទឹកចេញខ្លះដើម្បីកុំឲ្យស្រូវលិច អ្នកប្រមូលផលគឺជាអ្នកដែលចាប់ផ្ដើមប្រមូលទិន្នផលកសិកម្មដល់ពេលរដូវប្រមូលផលបាន។ -ឧទាហរណ៍កសិករចាប់ផ្ដើមជីកដកដំឡូងនៅពេលដែលវាលូតលាស់ល្អ។,20,10,2,0.5,0.34489008832892615,1,7,1,3
696,ចូររៀបរាប់អំពីទំនាក់ទំនងរវាងការដាំដុះអាជីវកម្មព្រៃឈើនិងនេសាទ។,ទំនាក់ទំនងរវាង ការដាំដុះអាជីវកម្មព្រៃឈើ និងការនេសាទ៖  _ ការដាំដុះអាជីវកម្មព្រៃឈើ និងការនេសាទ ជាភោគទ្រព្យយ៉ាងសំខាន់សម្រាប់ប្រជាជនក្នុងការទ្រទ្រង់ក្នុងជីវភាពរស់នៅនិងការអភិវឌ្ឍន៍ប្រទេសជាតិ   _ ដើម្បីបំពេញតម្រូវការក្នុងកសិកម្មផលិតកម្មនិងត្រូវការផ្សេងៗ មនុស្សនាំគ្នាកាប់ព្រៃឈើដើម្បីធ្វើអាជីវកម្មព្រៃឈើជាមូលហេតុធ្វើឲ្យអាកាសធាតុប្រែប្រួលប៉ះពាល់ដល់ជីវិតមនុស្ស សត្វ និងរុក្ខជាតិ  ​ _ អតិផលនៃប្រព័ន្ធកសិកម្ម នាំឲ្យមានកំណើននៃការប្រើប្រាស់គីមីនិងថ្នាំសម្លាប់សត្វល្អិត។ ជីគីមី និងថ្នាំសម្លាប់សត្វល្អិត ទាំងនោះហូរទៅផ្ដុំគ្នានៅតាមផ្លូវទឹកនានា បំផ្លាញជីវិតសត្វនិងពូជធម្មជាតិ។,ទំនាក់ទំនងរវាងការដាំដុះ អាជីវកម្មព្រៃឈើនិងការនេសាទ -ការដាំដុះគឺជាការដាំដុះនូវដំណាំផ្សេងផ្សេងដូចជាស្រូវបន្លែជាច្រើនការដាំដុះនេះភាគច្រើនគេដាំវានៅតាមជនបទដើម្បីយកទៅលក់នៅទីផ្សារដើម្បីយកប្រាក់មកដោះដូរជីវភាព ប្រជាជនខ្លះដាំដុះនេះដើម្បីទុកបរិភោគខ្លួនឯងដោយកាត់បន្ថយទៅលើការចំណាយហើយការដាំដុះនេះ សារៈសំខាន់ចំពោះជាតិផងដែរការដាំដុះនេះអាចនាំចេញទៅក្រៅស្រុកបាន ផងដែរ អ្នកខ្លះទៀតយកការដាំដុះនេះជាមុខរបរនាំយកទៅទីក្រុងដើម្បីលក់ដូរ។ -អាជីវកម្មព្រៃឈើប្រជាជនមួយបានយកការកាប់ព្រៃឈើធ្វើជាអាជីវកម្មដើម្បីចិញ្ចឹមជីវិតហើយអាជីវកម្ម នេះមួយចំនួនអាចយកធ្វើជាអុសធ្យូងផ្ទះគ្រែកៅអីជាដើមគឺទាំងអស់នេះ ក៏ជាការសំខាន់ដែរដើម្បីយកទៅលក់ដូរដើម្បីដោះដូរជីវភាពបានប៉ុន្តែការធ្វើអាជីវកម្មព្រៃឈើនេះក៏អាចបង្កដល់អំពើខុសច្បាប់ដែរហើយអាចមានសំឡេងរំខានដល់អ្នកដទៃផងដែរ។ -ការនេសាទក៏អាចដោះដូរជីវភាពបានតែប្រជាជនមួយចំនួនបានយកការនេសាទនេះ ចិញ្ចឹមជីវិតនិងគ្រួសារការនេសាទឬមានច្រើនបែបណាដូចជាការនេសាទត្រីការនេសាទសត្វ ការនេសាទនៅសមុទ្រជាដើម។,15,15,4,1.0,0.3534594440280237,1,5,3,10
697,តើអាណាចក្រភ្នំមានព្រំប្រទល់ជាប់ប្រទេសណាខ្លះ?,អាណាចក្រភ្នំមានព្រំប្រទល់ជាប់ប្រទេសដូចជា -ខាងជើងជាប់ចិន -ខាងត្បូងជាឈូងសមុទ្រខ្មែរ -ខាងកើតជាប់រដ្ឋចម្ប៉ា -ខាងលិចជាប់រដ្ធមនឬភូមា។,អាណាចក្រភ្នំមានព្រំប្រទល់ជាប់ប្រទេសដូចជា -ខាងជើងជាប់ចិន -ខាងត្បូងជាឈូងសមុទ្រខ្មែរ -ខាងកើតជាប់រដ្ឋចម្ប៉ា -ខាងលិចជាប់រដ្ឋមនឬភូមា។,6,5,3,0.8333333333333334,0.9690658986445712,4,6,1,1
698,តើអាមីបរស់នៅកន្លែងណា ?វាបង្កជំងឺអ្វី?,អាមីបរស់នៅកន្លែងដូចជាស្ទឹងបឹងអូរត្រពាំងទន្លេទឹកជ្រោះ។ វាបង្កជំងឺដូចជា ជំងឺរាគមួល ធ្វើឲ្យយើងចុកពោះដោយផឹកទឹកមិនស្អាត,អាមីបរស់នៅកន្លែងដែលមិនស្អាតដូចជា ដីភក់ ទឹកកខ្វក់ វាអាចរស់នៅក្នុងពោះវៀនមនុស្សដែលបង្កឲមានជំងឺរាគមួល។,8,5,2,0.625,0.326877768253581,1,3,1,2
699,ចូរនិយាយពីកំណកាម៉ែតញី។,ការស្ថិតនៅក្រោមសារពាង្គកាយនៃពងស្វាសមានសារៈសំខាន់ដូចជាដើម្បីរក្សាសីតុណ្ហភាពឲ្យ ទាបជាងសីតុណ្ហភាពក្នុងខ្លួន ប្រហែលពី(2-3)សីតុណ្ហភាពក្នុងខ្លួន37 ។,កំណកាម៉ែតញីដំបូងកោសិកាពូជមួយរួមចំណែកពីរដងបន្តបន្ទាប់គ្នា បានកោសិកាអូវ៉ូកូរី4 ។ អូវ៉ូកូរីនីមួយៗរីកមាឌអាចជាអូវ៉ូស៊ីត1 ។អូវ៉ូស៊ីតមួយរងចំណែកមួយនៃមេយោធាហើយត្រូវបាន ឈប់គាំងនៅវគ្គប្រផ្ដាស1 ។ក្រោយមកពេលគ្រប់អូវ៉ូស៊ីតមួយបន្តធ្វើចំណែកហើយត្រូវបានបញ្ចប់ នៅរយៈពេល6ម៉ោងមុនដំណើរអូវ៉ុលនិងធ្លាក់មកក្រៅជាអូវ៉ូស៊ីត2 ។ប្រសិនបើជួបស្ពែម៉ាតូសូអុីត បង្កើតបានជាអូវុល ។,10,8,3,0.8,0.02410828921328755,0,0,3,8
700,តើអាណាចក្រភ្នំមានព្រំប្រទល់ជាប់ប្រទេសណាខ្លះ?,អាណាចក្រភ្នំមានព្រំប្រទល់ជាប់ប្រទេសដូចជា -ខាងជើងជាប់ចិន -ខាងត្បូងជាឈូងសមុទ្រខ្មែរ -ខាងកើតជាប់រដ្ឋចម្ប៉ា -ខាងលិចជាប់រដ្ធមនឬភូមា។,អាណាចក្រភ្នំមានព្រំប្រទល់ជាប់ប្រទេសដូចជា -ខាងជើងជាប់ឈូងសមុទ្រចិន -ខាងត្បូងជាប់ឈូងសមុទ្រនគរ -ខាងកើតជាប់រដ្ឋចម្ប៉ា -ខាងលិចជាប់ភូមា។,6,6,4,1.0,0.8587010016727087,3,5,1,1
701,តើអ្វីជាសង្គ្រាមត្រជាក់? តើសង្គ្រាមត្រជាក់ផ្ដល់ផលវិបាកអ្វីខ្លះដល់កម្ពុជា?,សង្គ្រាមត្រជាក់ជាការប្រឈមមុខដាក់គ្នាដោយប្រយោលរវាងសហរដ្ឋអាមេរិចនិងសហភាពសូវៀត ដោយធ្វើការប្រណាំងប្រជែងគ្នាលើផ្នែក  សេដ្ឋកិច សព្វាវុធ យោធា និងបច្ចេកទេស។ សង្រ្គាមត្រជាក់បានផ្ដល់ផលវិបាកកម្ពុជាដូចជា៖ -គ្រាប់បែករបស់សហរដ្ឋអាមេរិក 1669 ដល់ 1973  -សង្គ្រាមស៊ីវិលក្នុងប្រទេសពីឆ្នាំ 1970 ដល់ 1975 និងកើតមានម្តងទៀតពីឆ្នាំ 1979 ដល់ឆ្នាំ 1991 ដែលកើតចេញពីការប្រឆាំងគ្នារវាងក្រុមកុម្មុយនិស្តនិងសេរីនិយម -ការសម្លាប់ប្រជាជនឯងក្រោមរបស់ប្រល័យពូជសាសន៍ឆ្នាំ 1975 និងឆ្នាំ 1979  -ការផ្លាស់ប្ដូរនយោបាយជាញឹកញាប់រហូតមានការមានកិច្ចព្រមព្រៀងសន្តិភាពក្រុងប៉ារីសថ្ងៃទី 23 តុលាឆ្នាំ 1991។,សង្គ្រាមត្រជាក់គឺជាការប្រគួតប្រជែងមួយឧត្តមភាពរវាងមនោគមន៍វិជ្ជាសេរី និងគម្មុយនីស ដែលឈានទៅរកការប្រណាំងខាងបច្ចេកវិទ្យានិងសព្វាវុធ  ពោលគឺជាការកាច់បំបាក់គ្នារវាងសហរដ្ឋអាមេរិកនិងសហភាពសូវៀត។  ផលវិបាកនៃសង្គ្រាមត្រជាក់ចំពោះប្រទេសកម្ពុជាមានដូច៖ -មានវិនាសកម្មការទម្លាក់គ្រាប់បែករបស់សហរដ្ឋអាមេរិក 1969 ដល់ 1973  -សង្រ្គាមស៊ីវិលក្នុងប្រទេសពីឆ្នាំ 1970 ដល់ឆ្នាំ 1975 និងកើតម្ដងទៀតពីឆ្នាំ 1975 ដល់ 1980 ដែលកើតចេញពីការប្រឆាំងគ្នារវាងក្រុមគម្មុយនីសនឹងសេរីនិយម -ការកាប់សម្លាប់ប្រជាជនឯងក្រោមរបបប្រល័យពូជសាសន៍ឆ្នាំ 1975 ដល់ឆ្នាំ 1979  -ការផ្លាស់ប្ដូរនយោបាយញឹកញាប់រហូតដល់មានកិច្ចព្រមព្រៀងសន្តិភាពទីក្រុងប៉ារីស 23 តុលាឆ្នាំ 1991។,10,9,4,0.9,0.8118991868004742,3,8,1,1
702,តើអាមីបរស់នៅកន្លែងណា ?វាបង្កជំងឺអ្វី?,អាមីបរស់នៅកន្លែងដូចជាស្ទឹងបឹងអូរត្រពាំងទន្លេទឹកជ្រោះ។ វាបង្កជំងឺដូចជា ជំងឺរាគមួល ធ្វើឲ្យយើងចុកពោះដោយផឹកទឹកមិនស្អាត,អាមីបរស់នៅកន្លែងមិនស្អាតដូចជា ដីភក់ ទឹកកង្វក់ វាអាចរស់នៅក្នុងពោះវៀនមនុស្ស។ ហើយវាអាចបង្កជំងឺរាគរូស។,8,7,4,0.875,0.2989088780451282,1,2,3,5
703,ចូររៀបរាប់ពីទំនាក់ទំនងរវាងការដាំដុះ​ អាជីវកម្មព្រៃឈើ និងការនេសាទ។,ទំនាក់ទំនងរវាងការដាំដុះ អាជីវកម្មព្រៃឈើ និងការនេសាទមានដូចជា៖ -ការដាំដុះដោយប្រើជីធម្មជាតិ -ការប្រើប្រាស់ជីគីមី -ដាំដុះនិងធ្វើតាមរដូវ -អាជីវកម្មព្រៃឈើ -ការកាប់បំផ្លាញព្រៃឈើ -ការដុតព្រៃឈើ -ការកាប់ឈើយកទៅធ្វើអាជីវកម្ម +ការនេសាទ -ការនេសាទត្រីពេលត្រីពក -ការនេសាទដោយប្រើអគ្គិសនី -ការនេសាទហួសកម្រិត -ការនេសាទគឺជាមុខរបរប្រចាំថ្ងៃាបស់ប្រជាជន -នឹងជាអាហារប្រចាំថ្ងៃរបស់ប្រជាជន -ការនេសាទធ្វើប្រជាជនមានមុខរបររកស៊ីត្រឹមត្រូវ -ការនេសាទប្រើប្រាស់ឧបករណ៍នេសាទខុសច្បាប់ -ការបំផ្លាញជំរកត្រី -ការបកហូរទឹកចេញពី,ទំនាក់ទំនងរវាងការដាំដុះ អាជីវកម្មព្រៃឈើ និងការនេសាទមានដូចជា៖ +ការដាំដុះ៖ -ការដាំដុះជួយបង្កើនផលនៅក្នុងប្រទេស -ថ្វើឲ្យមាននាំចេញទៅក្រៅ -អាចផ្គត់ផ្គង់នៅក្នុងប្រទេស។ -អាជីវកម្មព្រៃឈើ៖ -អាចយកឈើធ្វើជាគ្រឿងសង្ហារឹម -អាចនាំចេញឈើទៅប្រទេសក្រៅ -អាចយកធ្វជាផ្ទះផ្សេងទៀត...។ +ការនេសាទ៖ -អាចទុកឲ្យប្រជាជន និងរកប្រាក់ចំណូលបាន -អាចផ្គត់ផ្គង់បាននៅក្នុងស្រុក -បង្កើនមុខរបរដល់ប្រជាជន -អាចនាំចេញទៅក្រៅស្រុក។,15,5,1,0.3333333333333333,0.37828750985391923,2,6,1,1
704,ចូរពណ៏នាពីការអភិវឌ្ឍសេដ្ឋកិច្ច សង្គម នៅកម្ពុជាពីឆ្នាំ១៩៩៣ មកទល់សព្វថ្ងៃ?,ការអភិវឌ្ឈនៅកម្ពុជា +វិស័យសេដ្ឋកិច្ច -ជួយជំរុញវិស័យកសិកម្ម ឧស្សាហកម្ម ពាណិជ្ជកម្ម ទេសចរណ៌ មានការអភិវឌ្ឈ -មានកំណើនការវិនិយោគពីឯកជនបង្កើតទុនបរទេស -មានទំនាក់ទំនងពាណិជ្ជកម្មអន្តរជាតិជាមួយអាស៊ាននិងមហាអំណាចធំៗ -មានកំណើនភ្ញៀវទេសចរណ៌ជាតិនិងអន្តរជាតិ ផ្ដល់ចំណូលដល់ប្រជាជន -កសាងហេដ្ឋារចនាសម្ព័ន្ធ មានផ្លូវថ្នល់ ស្ពានដែក កំពង់ផែ អាកាសយាន្តដ្ឋាន ដោយបំពាក់ប្រព័ន្ធទឹកភ្លើងពីទីក្រុងទៅជនបទ +វិស័យសង្គម -មានការទប់ស្កាត់សង្គ្រាម -លើកស្ទួយការគោរពសិទ្ធិមនុស្ស -ទប់ស្កាត់អំពើពុករលួយ -ធ្វើឱ្យរដ្ឋាភិបាលមានលទ្ធភាពសម្រេចផែនការនានាតាមការកំណត់ -ជួយឱ្យមានរក្សាសន្តិភាព សុខសុវត្ថិភាព -មានការអភិវឌ្ឈសាលារៀន មន្ទីរពេទ្យ -មានសមភាពយែនឌ័រក្នុងសង្គម -កម្ពុជារៀបចំកម្មវិធីធំៗថ្នាក់ជាតិ។,ការអភិវឌ្ឍនសិដ្ឋកិច្ចសង្គមកម្ពុជា1993 មកទល់សព្វថហងៃមានដូចជា +នយោបាយឈ្នះ-ឈ្នះ:  -នយោបាយឈ្នះ-ឈ្នះ បានធ្វើឲរាជរដ្ឋាភិបាលដាក់ចេញនៅយុទ្ធសាស្ត្រត្រីកោណនិងយុទ្ធសាស្ត្រវតុកោណក្នុង្រអភិវឌ្ឍសេដ្ឋកិច្ចសង្គម សមភាពយែនឌ័រ  ហិរញ្ញវុត្ថុ លុបបំបាត់អំពើពុករលួយ ការគ្រប់គ្រងធនធានធម្មជាតិប្រកបដោយចីរភាព។ +វិស័យសេដ្ឋកិច្ច: -បង្កើតទំនាក់ទំនងពាណិជ្ជកម្មអន្តរជាតិនិងជាមួយអាស៊ាន ហើយមហាអំណាចធំៗនៅលើពិភពលោក -កសិកម្មមានការរីកចម្រើនព្រោះរាជរដ្ឋាភិបាលបានយកចិត្តទុកដាក់ក្នុងការបង្កើតបករព័ន្ធធារាសាស្ត្រ -អនុវត្តសេដ្ឋកិច្ចទីផ្សារសេរីកម្ពុជាបានក្លាយជាកន្លែងទាក់ទាញវិនិយោគទុនបរទេស -ជំរុញនិងលើកទឹកចិត្តការវិនិយោគពីឯកជនបង្កើតទុនបរទេស -ជំរុញវិស័យឧស្សាហកម្មមានការរីកចម្រើនផ្នែករោងចក្រសហគ្រាសតូចធំជាពិសេសរោងចក្រវាយភ័ណ្ឌដែលជួយបង្កើតការងារ ប្រាក់ចំណូល កាត់បន្ថយភាពក្រីក្រ  និងចំណាកស្រុក -រៀបចំការបោះឆ្នោតដោយខ្ញួនឯងប្រកបដោយជោគជ័យទៅតាមលទ្ធិប្រជាធិបតេយ្យ -នៅឆ្នាំ2002-2012ប្រទេសកម្ពុជាបានក្លាយជាប្រធានអាស៊ាន -អត្រាប្ដូប្រាក់មានស្ថេរភាព -ឆ្នាំ1993មកដល់បច្ចុប្បន្នរាជរដ្ឋាភិបាលបានរៀបចំសណ្ដាប់ធ្នាប់នៅក្ហុងប្រទេសរក្សាសុខសន្តិភាព។ +វិស័យសង្គម -ធ្វើឱ្យសមទ្ធិផលជាច្រើនបានកើតឡើង -កសាងសាលារៀនគ្រប់កម្រិតថ្នាក់ពីមតេយ្យសិក្សារហូតដល់សកលវិទ្យាល័យ -កសាងមន្ទីរពេទ្យ ផ្លូវថ្នល់ ស្ពាន ស្ពានអាកាសនិងប្រព័ន្ធធារាសាស្ត្រ ដោយបំពាក់ប្រព័ន្ធទឹកភ្លើងពីទីក្រុងដល់េជនបទ។,10,10,4,1.0,0.4553206401845558,2,5,2,5
705,តើគេចែកយុគសម័យបុរេប្រវត្តិសាស្ត្រកម្ពុជាជាប៉ុន្មានយុគសម័យ?អ្វីខ្លះ?,គេចែកយុគសម័យបុរេប្រវត្តិសាស្ត្រកម្ពុជាជាបីយុគសម័យគឺ -យុគថ្មបំបែក (600000 - 12000 ឆ្នាំមុនគ.ស) -យុគថ្មរលីងឬសំលៀង (8000 - 2000 ឆ្នាំមុនគ.ស) -យុគលោហៈ(2000-100 ឆ្នាំមុនគ.ស)។,គេចែកយុគសម័យបុរេប្រវត្តិសាស្ត្រកម្ពុជាជាបីយុគសម័យគឺ -យុគថ្មបំបែក (600000 - 12000 ឆ្នាំមុនគ.ស) -យុគថ្មរលីងឬសំលៀង (8000 - 2000 ឆ្នាំមុនគ.ស) -យុគលោហៈ(2000-100 ឆ្នាំមុនគ.ស)។,5,5,4,1.0,1.0,4,5,0,0
706,តើប្រទេសកម្ពុជាចូលជាសមាជិក សហគមន៍អាស៊ីអាគ្នេយ៍ទទួលផលវិជ្ជមាននិងអវិជ្ជមានដូចម្តេចខ្លះ?,ពណ៌នាពីពីការអភិវឌ្ឍសេដ្ឋកិច្ច សង្គម នៅកម្ពុជាពីឆ្នាំ១៩៩៣ មកទល់សព្វថ្ងៃ .វិស័យសេដ្ឋកិច្ច:  +សេដ្ឋកិច្ចកម្ពុជាមានការរីកចម្រើនឡើងជាបន្តបន្ទាប់ដែលធ្វើឲ្យប្រទេសកម្ពុជាមានជីវភាពល្អប្រសើរ។ +កសិកម្មរីកចម្រើនខាងដាំដំណាំស្រូវទទួលបានទិន្នផលខ្ពស់ជាបន្តបន្ទាប់ +ឧស្សាហកម្មមានតំណាងរោងចក្រច្រើនកន្លែងនិងលើកឡើងនៅសហគ្រឿងធំៗដែលបានផ្ដល់ចំណូលដល់ប្រជាពលរដ្ឋ +ពាណិជ្ជកម្មកាលនាំចូលមកក្នុងប្រទេសនិងមានវិនិយោគក្នុងប្រទេស +គមនាគមន៍កសាងស្ពានផ្លូវថ្នល់អាកាសយានដ្ឋានផ្គត់ផ្គង់ប្រព័ន្ធទឹកពីទីក្រុងដល់ជនបទ កំពុងផែ +ហិរញ្ញវត្ថុមានស្ថេរភាពក្នុងអត្រាប្ដូរប្រាក់ +ធនាគារលើកឡើងនៅធនាគារជាតិហ្នឹងឯកជនជាច្រើន .វិស័យសង្គម +ការអប់រំសិក្សា បង្កើតសាលារៀនគ្រប់កម្រិតពីមត្តីរហូតដល់ឧត្តមសិក្សាបណ្ដុះបណ្ដាលធនធានមនុស្សនិងបញ្ជូននិស្សិតឲ្យទៅរៀននៅក្រៅប្រទេស។ +វប្បធម៌អរិយធម៌ ស្ដារវប្បធម៌ឡើងវិញនិងដាក់បញ្ចូលជាសម្បត្តិបេតិកភណ្ឌពិភពលោកចាប់ផ្ដើមប្រជាជនមានសិទ្ធិជឿលើសាសនា។ +សុខាភិបាលបង្កើតឲ្យមានមន្ទីរពេទ្យលោកសុខភាពនិងឱសថសាស្ត្រ +សិល្បៈបង្កើតឲ្យមានសាលាសាកលវិទ្យាល័យសិល្បៈ.,+ផលវិជ្ជមាន -កម្ពុជាលេងឯកោដដូចមុន -កម្ពុជាទទួលបានការជ្រោមជ្រែងពីប្រទេសផ្សេងៗ -កម្ពុជាអាចចូលរួមក្នុងការដោះស្រាយបញ្ហាផ្សេងៗ -កម្ពុជាអាចធ្វើកិច្ចសហប្រតិបត្តិការជាមួយប្រដាប្រទេសនៅក្នុងអាស៊ី -កម្ពុជាឯកអភិវឌ្ឍន៍សេដ្ឋកិច្ចរបស់ខ្លួនបានឆាប់រហ័ស -កម្ពុជាទទួលបានកំណែសហប្រតិបត្តិការនិងជំនួយពីសមាជិកអាស៊ាន -កម្ពុជាអាចធ្វើពាណិជ្ជកម្មជាមួយបណ្ដាប្រទេសនានាងាយស្រួល -កម្ពុជាអាចសង្ឃហេដ្ឋារចនាសម្ព័ន្ធនានាដោយទទួលបានជំនួយខ្លះៗ -កម្ពុជាអាចបញ្ជូនសិស្សនិស្សិតទៅបន្តការសិក្សារៀនសូត្រនៅប្រទេសជិតខាងបាន -កម្ពុជាអាចឈរមុខស្មើមាត់លើឆាកអន្តរជាតិ +អវិជ្ជមាន -ការនាំចេញនាំចូលរបស់កម្ពុជានៅមានកម្រិតទាបនៅឡើយ -កម្ពុជាត្រូវចូលរួមក្នុងការប្រកួតប្រជែងសេដ្ឋកិច្ចខាងខ្លាំងជាមួយប្រទេសដែលជាសមាជិកអាស៊ាន -កម្ពុជាខាតបង់ការយកពន្ធអាករ -កម្ពុជាត្រូវខិតខំប្រឹងប្រែងរកប្រាក់ចំណូលពន្ធចូលរដ្ឋ -កម្ពុជាមិនមើលដៃគូប្រកួតប្រជែងជាមួយប្រទេសមួយចំនួនទេ។,10,10,4,1.0,0.25879439984499764,1,3,3,7
707,តើសេដ្ឋកិច្ចកម្ពុជាពឹងផ្អែកលើវិស័យអ្វីជាសំខាន់?     ក/ ហេតុអ្វីបានជាគេនិយាយថាកម្ពុជាជាប្រទេសកសិកម្ម?     ខ/ តើគេចែកកសិករជាប៉ុន្មានប្រភេទ?អ្វីខ្លះ?,សេដ្ឋកិច្ចកម្ពុជាពឹងផ្អែកលើវិស័យកសិកម្មជាសំខាន់។   ក/ បានជាគេនិយាយថាកម្ពុជាជាប្រទេសឧស្សាហកម្មព្រោះ៖  _  សណ្ឋានដី : ដីមានជីវជាតិល្អនិងសម្បូរទំនាបល្បាប់   _ ផ្លូវទឹក : ផ្លូវទឹកខ្វាត់ខ្វែងងាយស្រួលដល់ការដាំដុះ  _ ប្រជាជន : ប្រជាជនខ្មែរភាគច្រើនចូលចិត្តធ្វើកសិកម្ម  _ អាកាសធាតុ : ទទួលអាកាសធាតុក្តៅសើម  _ កសិកម្មផ្តល់ផល50%នៃផលិតផលជាតិសរុប។  ខ/ គេចែកកសិករទាំងនោះជា4ប្រភេទគឺ៖  _ កសិករធ្វើស្រែឬអ្នកស្រែ : និយមធ្វើស្រែ ស្រូវប្រាំង ស្រូវវស្សា ស្រូវឡើងទឹក  _ កសិករតំបន់ដីខ្ពស់ : គេដាំដំណាំជាអចិន្ត្រៃយ៍(ពោត ដំឡូង ចេក កៅស៊ូសណ្តែក)  _ កសិករធ្វើចម្ការដំណាំស្រូវ : គេដាំដំណាំតាមមាត់ទន្លេ ចិញ្ចឹមសត្វនិងនេសាទ  _ កសិករភូមិភាគឦសាន: គេធ្វើដំណាំព្រៃដុតមានដូចជាពោត ដំឡូង ស្រូវរុក្ខជាតិយកមើមដទៃទៀត និងបរបាញ់សត្វផងដែរ។,សេដ្ឋកិច្ចកម្ពុជាពឹងផ្អែមទៅលើវិស័យកសិកម្មជាសំខាន់ព្រោះមានលក្ខខណ្ឌអនុគ្រោះជាច្រើនទៅដល់វិស័យកសិកម្ម។ ក. បានជាគេនិយាយថាកម្ពុជាជាម្ទេសកសិកម្មព្រោះជាកម្ពុជាស្ថិតនៅក្នុងតំបន់ត្រូពិចដែលមានអាកាសធាតុក្តៅហើយសើមដែលទទួលរងនូវខ្យល់មូសុងមានភ្លៀងធ្លាក់ជាច្រើន -កាលណាផ្នែកឯកជនរឹងមាំអាចបំពេញបន្ថែមវិនិយោគសាធារណៈក្នុងវិស័យសង្គមកិច្ចមានន័យថាវិស័យឯកជនអាចស្រូបយកកម្លាំងការងារកាន់តែច្រើនឡើង។ ខ.គេចែកកសិករទាំងនោះជាបួនប្រភេទ -កសិករអនុផលព្រៃឈើ(កៅស៊ូ វល្លិ៍ ផ្ដៅ…) -កសិករចិញ្ចឹមត្រី(វារីវប្បកម្មនិងនេសាទ) -កសិករចិញ្ចឹមសត្វ (គោ ជ្រូក ទា…) -កសិករដាំដំណាំ(ស្រូវ ពោត សណ្តែក…)។,20,14,3,0.7,0.4173501775113816,2,8,1,6
708,បុព្វហេតុអ្វីខ្លះដែលនាំឲ្យអាណាចក្រចេនឡាបែកបាក់ជាពីរគឺអាណាចក្រចេនឡាដីគោកនិងចេនឡាទឹកលិច?,បុព្វហេតុដែលនាំហើយអាណាចក្រចេនឡាបែកជាពីរគឺ -វិសាលភាពទឹកដីធំទូលាយ -ចម្បាំងអត់ឈប់ឈរ -សមន្ដរដ្ឋបះបោរចង់ផ្ដាច់ខ្លួន -វិបត្តិផ្ទៃក្នុង -ព្រះនាងជ័យទេវីគ្មានសមត្ថភាពគ្រប់គ្រង។,បុព្វហេតុដែលនាំហើយអាណាចក្រចេនឡាបែកជាពីរគឺ -វិសាលភាពទឹកដីធំទូលាយ -ចម្បាំងអត់ឈប់ឈរ -សមន្ដរដ្ឋបះបោរចង់ផ្ដាច់ខ្លួន -វិបត្តិផ្ទៃក្នុង -ព្រះនាងជ័យទេវីគ្មានសមត្ថភាពគ្រប់គ្រង។,7,7,4,1.0,1.0,4,7,0,0
709,តើដំណាក់កាលទាំងពីរនៃវដ្ដជីវីតរបស់រុក្ខជាតិមានអ្វីខ្លះ? ចូររៀបរាប់។,ដំណាក់កាល ទាំងពីរនៃវដ្ដជីវិតរបស់រុក្ខជាតិមាន  - ដំណាក់កាលស្ប៉រ៉ូភីត គឺជារុក្ខជាតិផលិតស្ប៉។ វាជាកោសិកាតូចៗដែលអាចលូតលាស់ជាសារពាង្គកាយថ្មី  -ស្ប៉លូតលាស់ក្នុងដំណាក់កាលផ្សេងទៀតនៃរុក្ខជាតិ ហៅថាកាម៉ែតូភីត។ ក្នុងដំណាក់កាលនៃរុក្ខជាតិផលិតកោសិកាភេទពីរបែប គឺកាម៉ែតឈ្មោល និងកាម៉ែតញី ។ កាម៉ែតញី និង កាម៉ែតឈ្មោលលាយចូលគ្នា បង្កើតបានជាសុីកូត។ បន្ទាប់មកទៀត សុីកូតលូតលាស់ទៅជាស្ប៉រ៉ូភីត។ស្ប៉រ៉ូភីតផលិតស្ប៉លូតលាស់ក្នុងកាម៉ែតូភីត កាម៉ែតូភីតផលិតកាម៉ែតញី និងកាម៉ែតឈ្មោល ហើយវដ្ដផ្ដើមសារជាថ្មី។,ដំណាក់កាល ទាំងពីរនៃវដ្ដជីវិតរបស់រុក្ខជាតិមាន  - ដំណាក់កាលស្ប៉រ៉ូភីត គឺជារុក្ខជាតិផលិតស្ប៉។ វាជាកោសិកាតូចៗដែលអាចលូតលាស់ជាសារពាង្គកាយថ្មី  -ស្ប៉លូតលាស់ក្នុងដំណាក់កាលផ្សេងទៀតនៃរុក្ខជាតិ ហៅថាកាម៉ែតូភីត។ ក្នុងដំណាក់កាលនៃរុក្ខជាតិផលិតកោសិកាភេទពីរបែប គឺកាម៉ែតឈ្មោល និងកាម៉ែតញី ។ កាម៉ែតញី និង កាម៉ែតឈ្មោលលាយចូលគ្នា បង្កើតបានជាសុីកូត។ បន្ទាប់មកទៀត សុីកូតលូតលាស់ទៅជាស្ប៉រ៉ូភីត។ស្ប៉រ៉ូភីតផលិតស្ប៉លូតលាស់ក្នុងកាម៉ែតូភីត កាម៉ែតូភីតផលិតកាម៉ែតញី និងកាម៉ែតឈ្មោល ហើយវដ្ដផ្ដើមសារជាថ្មី។,15,8,2,0.5333333333333333,1.0,4,15,2,7
710,តើប្រព័ន្ធផលិតកម្មកសិកម្មនៅប្រទេសកម្ពុជាមានអ្វីខ្លះ?,ប្រព័ន្ធផលិតកម្មកសិកម្មនៅកម្ពុជាមានដូចជាដំណាំដំណាំស្រូវនិងកៅស៊ូដឹកនាំផ្សេងៗទៀតការចិញ្ចឹមសត្វបានចិញ្ចឹមសត្វលើគោកការចិញ្ចឹមសត្វក្នុងទឹកការនេសាទការនេសាទទឹកសាបការនេសាទទឹកប្រៃ  ព្រៃឈើអនុផលព្រៃឈើរកឃ្មុំជ័រទឹកក្តៅសត្វព្រៃ,ប្រព័ន្ធផលិតកម្មកសិកម្មនៅប្រទេសកម្ពុជាមានដូចជាការនាំចេញនាំចូលផលិតការធ្វើស្រែចម្ការដំណាំស្រូវការដំណាំបន្លែនានាការនាំចេញផលិតផលទៅក្រៅប្រទេសការធ្វើអាជីវកម្មក្នុងស្រុកនឹងត្រូវស្រុក។ការធ្វើសេដ្ឋកិច្ចទីផ្សារដើម្បីអភិវឌ្ឍន៍ខ្ពស់។,15,2,1,0.13333333333333333,0.21272587561403572,1,3,0,1
711,តើអាមីបរស់នៅកន្លែងណា ?វាបង្កជំងឺអ្វី?,អាមីបរស់នៅកន្លែងដូចជាស្ទឹងបឹងអូរត្រពាំងទន្លេទឹកជ្រោះ។ វាបង្កជំងឺដូចជា ជំងឺរាគមួល ធ្វើឲ្យយើងចុកពោះដោយផឹកទឹកមិនស្អាត,អាមីបរស់នៅកន្លែងដែលមិនស្អាតដូចជា ដីភក់ ទឹកកខ្វក់ និងលូទឹកស្អុយ ។វាបង្កជំងឺ រាគមួលដល់មនុស្ស។,8,5,2,0.625,0.374604086307289,1,3,1,2
712,បុព្វហេតុអ្វីខ្លះដែលនាំឲ្យអាណាចក្រចេនឡាបែកបាក់ជាពីរគឺអាណាចក្រចេនឡាដីគោកនិងចេនឡាទឹកលិច?,បុព្វហេតុដែលនាំហើយអាណាចក្រចេនឡាបែកជាពីរគឺ -វិសាលភាពទឹកដីធំទូលាយ -ចម្បាំងអត់ឈប់ឈរ -សមន្ដរដ្ឋបះបោរចង់ផ្ដាច់ខ្លួន -វិបត្តិផ្ទៃក្នុង -ព្រះនាងជ័យទេវីគ្មានសមត្ថភាពគ្រប់គ្រង។,បុព្វហេតុដែលនាំហើយអាណាចក្រចេនឡាបែកជាពីរគឺ -វិសាលភាពទឹកដីធំទូលាយ -ចម្បាំងអត់ឈប់ឈរ -សមន្ដរដ្ឋបះបោរចង់ផ្ដាច់ខ្លួន -វិបត្តិផ្ទៃក្នុង -ព្រះនាងជ័យទេវីគ្មានសមត្ថភាពគ្រប់គ្រង។,7,7,4,1.0,1.0,4,7,0,0
713,ចូរនិយាយពីកំណកាម៉ែតញី។,ការស្ថិតនៅក្រោមសារពាង្គកាយនៃពងស្វាសមានសារៈសំខាន់ដូចជាដើម្បីរក្សាសីតុណ្ហភាពឲ្យ ទាបជាងសីតុណ្ហភាពក្នុងខ្លួន ប្រហែលពី(2-3)សីតុណ្ហភាពក្នុងខ្លួន37 ។,កំណកាម៉ែនញី ដំបូងកោសិកាពូជមួយរកចម្ងាយពីរដងទម្លាប់គ្នាបានកោសិកាអូវ៉ូកូនី4 ។ អូវុលរីកមាឌក្លាយជាអូវូស៊ីត1 ។អូវ៉ូស៊ីតមួយរងចំណែកមួយនៃមេយ៉ូសហើយត្រូវបានជាប់គាំងនៅចុង វគ្គមួយ ។,10,5,2,0.5,0.020160195339673392,0,0,2,5
714,ចូររៀបរាប់អំពីទំនាក់ទំនងរវាងការដាំដុះអាជីវកម្មព្រៃឈើនិងនេសាទ។,ទំនាក់ទំនងរវាង ការដាំដុះអាជីវកម្មព្រៃឈើ និងការនេសាទ៖  _ ការដាំដុះអាជីវកម្មព្រៃឈើ និងការនេសាទ ជាភោគទ្រព្យយ៉ាងសំខាន់សម្រាប់ប្រជាជនក្នុងការទ្រទ្រង់ក្នុងជីវភាពរស់នៅនិងការអភិវឌ្ឍន៍ប្រទេសជាតិ   _ ដើម្បីបំពេញតម្រូវការក្នុងកសិកម្មផលិតកម្មនិងត្រូវការផ្សេងៗ មនុស្សនាំគ្នាកាប់ព្រៃឈើដើម្បីធ្វើអាជីវកម្មព្រៃឈើជាមូលហេតុធ្វើឲ្យអាកាសធាតុប្រែប្រួលប៉ះពាល់ដល់ជីវិតមនុស្ស សត្វ និងរុក្ខជាតិ  ​ _ អតិផលនៃប្រព័ន្ធកសិកម្ម នាំឲ្យមានកំណើននៃការប្រើប្រាស់គីមីនិងថ្នាំសម្លាប់សត្វល្អិត។ ជីគីមី និងថ្នាំសម្លាប់សត្វល្អិត ទាំងនោះហូរទៅផ្ដុំគ្នានៅតាមផ្លូវទឹកនានា បំផ្លាញជីវិតសត្វនិងពូជធម្មជាតិ។,រៀបរាប់ពីទំនាក់ទំនងរវាងការដាំដុះ ការចិញ្ចឹមសត្វ និងការនេសាទ៖,15,0,0,0.0,0.2633197469641454,1,4,1,4
715,តើសេដ្ឋកិច្ចកម្ពុជាពឹងផ្អែកលើវិស័យអ្វីជាសំខាន់?     ក/ ហេតុអ្វីបានជាគេនិយាយថាកម្ពុជាជាប្រទេសកសិកម្ម?     ខ/ តើគេចែកកសិករជាប៉ុន្មានប្រភេទ?អ្វីខ្លះ?,សេដ្ឋកិច្ចកម្ពុជាពឹងផ្អែកលើវិស័យកសិកម្មជាសំខាន់។   ក/ បានជាគេនិយាយថាកម្ពុជាជាប្រទេសឧស្សាហកម្មព្រោះ៖  _  សណ្ឋានដី : ដីមានជីវជាតិល្អនិងសម្បូរទំនាបល្បាប់   _ ផ្លូវទឹក : ផ្លូវទឹកខ្វាត់ខ្វែងងាយស្រួលដល់ការដាំដុះ  _ ប្រជាជន : ប្រជាជនខ្មែរភាគច្រើនចូលចិត្តធ្វើកសិកម្ម  _ អាកាសធាតុ : ទទួលអាកាសធាតុក្តៅសើម  _ កសិកម្មផ្តល់ផល50%នៃផលិតផលជាតិសរុប។  ខ/ គេចែកកសិករទាំងនោះជា4ប្រភេទគឺ៖  _ កសិករធ្វើស្រែឬអ្នកស្រែ : និយមធ្វើស្រែ ស្រូវប្រាំង ស្រូវវស្សា ស្រូវឡើងទឹក  _ កសិករតំបន់ដីខ្ពស់ : គេដាំដំណាំជាអចិន្ត្រៃយ៍(ពោត ដំឡូង ចេក កៅស៊ូសណ្តែក)  _ កសិករធ្វើចម្ការដំណាំស្រូវ : គេដាំដំណាំតាមមាត់ទន្លេ ចិញ្ចឹមសត្វនិងនេសាទ  _ កសិករភូមិភាគឦសាន: គេធ្វើដំណាំព្រៃដុតមានដូចជាពោត ដំឡូង ស្រូវរុក្ខជាតិយកមើមដទៃទៀត និងបរបាញ់សត្វផងដែរ។,សេដ្ឋកិច្ចកម្ពុជាពឹងផ្អែកលើវិស័យកសិកម្មជាសំខាន់។  ក/ បានជាគេនិយាយថាកម្ពុជាជាប្រទេសកសិកម្មព្រោះអនុគ្រោះដល់វិស័យកសិកម្មជាច្រើនដូចជា៖   _ សណ្ឋានដី : មានលក្ខណៈអនុគ្រោះដល់វិស័យនេះពោលគឺសម្បូរវាលទំនាបនិងតំបន់ខ្ពង់រាបទាបៗប្រកបដោយដីមានជីវជាតិល្អសម្រាប់ដាំដុះ ចិញ្ចឹមសត្វ និងព្រៃឈើ។   _ កម្ពុជាស្ថិតនៅតំបន់ត្រូពិចដែលមានអាកាសធាតុក្តៅហើយសើមដោយទទួលរបបខ្យល់មូសុងមានភ្លៀងធ្លាក់ច្រើននិងមានកម្ដៅគ្រប់គ្រាន់ សម្រាប់ដាំដុះ ចិញ្ចឹមសត្វនិងព្រៃឈើ។   _ ប្រទេសកម្ពុជាសម្បូរផ្លូវទឹកអនុគ្រោះដល់ការដាំដុះ ការចិញ្ចឹមសត្វ និងការនេសាទ។   _ ផ្ដល់ការងារសម្រាប់ប្រជាជន     _ កាត់បន្ថយភាពក្រីក្រប្រជាជន   _ កាត់បន្ថយអត្រាអត់ការងារដល់ប្រជាជន   _ ជាស្បៀងអាហារសម្រាប់ប្រជាជន   _ជាវត្ថុធាតុដើមសម្រាប់ឧស្សាហកម្មក្នុងប្រទេស និងនាំចេញជាច្រើន។  ខ/ គេចែកកសិករទាំងនោះជា4ប្រភេទ៖    _ កសិករធ្វើស្រែ    _ កសិករធ្វើចម្ការ    _ កសិករតំបន់ខ្ពង់រាប​     _ កសិករភូមិភាគឦសាន។,20,20,4,1.0,0.4704185983129283,2,9,2,11
716,តើសង្គមខ្មែរនៅសម័យអង្គរមានប៉ុន្មានវណ្ណៈ? វណ្ណៈអ្វីខ្លះ? ចូលរៀបរាប់។,សង្គមខ្មែរនៅសម័យអង្គរមានប្រាំវណ្ណៈគឺ -វណ្ណៈក្សត្រឬរាជវង្សនុវង្ស (ជាស្ដេចគ្រប់គ្រងប្រទេស -វណ្ណៈមន្ត្រី (អ្នករស់នៅក្នុងរាជវាំងបម្រើស្ដេច) -វណ្ណៈព្រាហ្ម៍ឬបុព្វជិត​(គឺជាអ្នកបួស) -វណ្ណៈអ្នកជាឬកសិករ (អ្នករស់នៅនឹងធ្វើស្រែចម្ការ) -វណ្ណៈអ្នកងារឬទាសករ(ទាសករបម្រើគេតកូនតចៅ)។,សង្គមខ្មែរនៅសម័យអង្គរមានប្រាំវណ្ណៈគឺ -វណ្ណៈក្សត្រឬរាជវង្សនុវង្ស:​មិនត្រូវការបង់ពន្ធ ព្រមទាំងមិនចាំបាច់ធ្វើការងារធ្ងន់។ -វណ្ណៈមន្ត្រី: ជាអ្នកដែលធ្វើការក្នុងវាំងនិងបម្រើព្រះរាជា។ -វណ្ណៈអ្នកបួសឬបុព្វជិត​: មានបួនគឺពួកប៉ាន់ឃាប ពួកព្រាហ្ម៍បុរោហិត ពួកជូគូនិងពួកប៉ាវីស៊ី។ -វណ្ណៈអ្នកជា:គឺជាប្រជាជនធម្មតាត្រូវរកស៊ីធ្វើការបង់ពន្ធដល់ព្រះរាជា។ -វណ្ណៈអ្នកងារឬទាសករ:ជាវណ្ណៈដែលបម្រើគេព្រោះដោយសារជំពាក់បំណុលគេឬជាទាសករបម្រើគេតទៅកូនតចៅដោយមិនបានប្រាក់កម្រៃ។,10,10,4,1.0,0.6336227325966531,3,6,1,4
717,តើព្រះបាទពញាយ៉ាតមានបុត្រប៉ុន្មានអង្គព្រះនាមអ្វីខ្លះ?ជាមួយអ្នកម្នាងណាខ្លះ?,ព្រះបាទពញាយ៉ាតមានបុត្របីអង្គគឺ នារាយណ៍រាជា ជាបុត្រជាមួយម្នាងទេវី ស្រីរាជាជាបុត្រជាមួយបុទុមកេសរ និងធម្មរាជាជាបុត្រជាមួយសុីសង៉ាម(បុត្រីស្ដេចសៀម)។,ព្រះបាទពញាយ៉ាតមានបុត្រជាច្រើនអង្គប៉ុន្តែឯកសារប្រវត្តិសាស្ត្រផ្ដោតសំខាន់លើព្រះរាជបុត្រដែលបានបន្តរាជដូចជាព្រះបាទនរាយណ៍រាជានិងព្រះបាទស្រីរាជា។,5,3,2,0.6,0.4582929779311158,2,2,0,1
718,បុព្វហេតុអ្វីខ្លះដែលនាំឲ្យអាណាចក្រចេនឡាបែកបាក់ជាពីរគឺអាណាចក្រចេនឡាដីគោកនិងចេនឡាទឹកលិច?,បុព្វហេតុដែលនាំហើយអាណាចក្រចេនឡាបែកជាពីរគឺ -វិសាលភាពទឹកដីធំទូលាយ -ចម្បាំងអត់ឈប់ឈរ -សមន្ដរដ្ឋបះបោរចង់ផ្ដាច់ខ្លួន -វិបត្តិផ្ទៃក្នុង -ព្រះនាងជ័យទេវីគ្មានសមត្ថភាពគ្រប់គ្រង។,បុព្វហេតុដែលនាំហើយអាណាចក្រចេនឡាបែកជាពីរគឺ -វិសាលភាពទឹកដីធំទូលាយ -ចម្បាំងអត់ឈប់ឈរ -សមន្ដរដ្ឋបះបោរចង់ផ្ដាច់ខ្លួន -វិបត្តិផ្ទៃក្នុង -ព្រះនាងជ័យទេវីគ្មានសមត្ថភាពគ្រប់គ្រង។,7,7,4,1.0,1.0,4,7,0,0
719,បុព្វហេតុអ្វីខ្លះដែលនាំឲ្យអាណាចក្រចេនឡាបែកបាក់ជាពីរគឺអាណាចក្រចេនឡាដីគោកនិងចេនឡាទឹកលិច?,បុព្វហេតុដែលនាំហើយអាណាចក្រចេនឡាបែកជាពីរគឺ -វិសាលភាពទឹកដីធំទូលាយ -ចម្បាំងអត់ឈប់ឈរ -សមន្ដរដ្ឋបះបោរចង់ផ្ដាច់ខ្លួន -វិបត្តិផ្ទៃក្នុង -ព្រះនាងជ័យទេវីគ្មានសមត្ថភាពគ្រប់គ្រង។,បុព្វហេតុដែលនាំហើយអាណាចក្រចេនឡាបែកជាពីរគឺ -សង្រ្គាមអត់ឈប់ឈរ -វិបត្តិផ្ទៃក្នុង -ព្រះនាងជ័យទេវីគ្មានសមត្ថភាពគ្រប់គ្រង។,7,5,3,0.7142857142857143,0.7540319514718177,3,5,0,0
720,តើកត្តាអ្វីខ្លះដែលធ្វើអោយសម័យអង្គររីកចម្រើនដល់កំពូល?​ ចូលរៀបរាប់។,កត្តាដែលធ្វើអោយសម័យអង្គររីកចម្រើនគឺ: កត្តាព្រះរាជា:ព្រះរាជាចាប់ពីព្រះបាទជ័យវរ្ម័នទី 2 រហូតដល់ព្រះបាទជ័យវរ្ម័នទី 7 សុទ្ធតែជាស្ដេចខ្លាំងពូកែ កត្តានយោបាយ: នយោបាយក្នុងប្រទេសបង្រួបបង្រួមជាតិកសាងនិងការពារទឹកដី នយោបាយក្រៅប្រទេស:ចងសម្ព័ន្ធមិត្តជាមួយប្រទេសធំៗវាយយករដ្ឋតូចដាក់ជាចំណុះ កត្តាសេដ្ឋកិច្ច:រីកចម្រើនលើវិស័យកសិកម្មសិប្បកម្មគណនាគម កត្តាសាសនា:ការឯកភាពគ្នារវាងសាសនាព្រាហ្មនិងព្រះពុទ្ធ កត្តាធនធានមនុស្សបន្សល់ទុកតាំងពីសម័យនគរភ្នំនិងចេនឡាមក។,កត្តាដែលធ្វើអោយសម័យអង្គររីកចម្រើនគឺ: .កត្តាព្រះរាជា:ព្រះរាជាចាប់ពីព្រះបាទជ័យវរ្ម័នទី 2 រហូតដល់ព្រះបាទជ័យវរ្ម័នទី 7 សុទ្ធសឹងតែជាស្ដេចខ្លាំងពូកែ .កត្តានយោបាយ: +នយោបាយក្នុងប្រទេស:បង្រួបបង្រួម​ កសាង និងការពារ។ +នយោបាយក្រៅប្រទេស:ចងសម្ព័ន្ធមិត្តជាមួយប្រទេសធំៗដូចជាចិននិងឥណ្ឌា និងវាយយករដ្ឋតូចដាក់ជាចំណុះ .កត្តាសេដ្ឋកិច្ច:ការរីកចម្រើនលើវិស័យកសិកម្ម សិប្បកម្ម គណនាគមន៍ .កត្តាសាសនា:មានការឯកភាពគ្នារវាងសាសនាព្រាហ្មនិងព្រះពុទ្ធ .កត្តាធនធានមនុស្សបន្សល់ទុកតាំងពីសម័យនគរភ្នំនិងចេនឡាមក។,10,10,4,1.0,0.9273986502678749,4,9,0,1
721,តើសេដ្ឋកិច្ចកម្ពុជាពឹងផ្អែកលើវិស័យអ្វីជាសំខាន់?     ក/ ហេតុអ្វីបានជាគេនិយាយថាកម្ពុជាជាប្រទេសកសិកម្ម?     ខ/ តើគេចែកកសិករជាប៉ុន្មានប្រភេទ?អ្វីខ្លះ?,សេដ្ឋកិច្ចកម្ពុជាពឹងផ្អែកលើវិស័យកសិកម្មជាសំខាន់។   ក/ បានជាគេនិយាយថាកម្ពុជាជាប្រទេសឧស្សាហកម្មព្រោះ៖  _  សណ្ឋានដី : ដីមានជីវជាតិល្អនិងសម្បូរទំនាបល្បាប់   _ ផ្លូវទឹក : ផ្លូវទឹកខ្វាត់ខ្វែងងាយស្រួលដល់ការដាំដុះ  _ ប្រជាជន : ប្រជាជនខ្មែរភាគច្រើនចូលចិត្តធ្វើកសិកម្ម  _ អាកាសធាតុ : ទទួលអាកាសធាតុក្តៅសើម  _ កសិកម្មផ្តល់ផល50%នៃផលិតផលជាតិសរុប។  ខ/ គេចែកកសិករទាំងនោះជា4ប្រភេទគឺ៖  _ កសិករធ្វើស្រែឬអ្នកស្រែ : និយមធ្វើស្រែ ស្រូវប្រាំង ស្រូវវស្សា ស្រូវឡើងទឹក  _ កសិករតំបន់ដីខ្ពស់ : គេដាំដំណាំជាអចិន្ត្រៃយ៍(ពោត ដំឡូង ចេក កៅស៊ូសណ្តែក)  _ កសិករធ្វើចម្ការដំណាំស្រូវ : គេដាំដំណាំតាមមាត់ទន្លេ ចិញ្ចឹមសត្វនិងនេសាទ  _ កសិករភូមិភាគឦសាន: គេធ្វើដំណាំព្រៃដុតមានដូចជាពោត ដំឡូង ស្រូវរុក្ខជាតិយកមើមដទៃទៀត និងបរបាញ់សត្វផងដែរ។,សេដ្ឋកិច្ចកម្ពុជាពឹងផ្អែកលើវិស័យកសិកម្មជាសំខាន់។  ក/ បានជាគេនិយាយថាកម្ពុជាជាប្រទេសកសិកម្ម   _ វិស័យសេដ្ឋកិច្ចពឹងផ្អែកទៅលើការដាំដំណាំ   _ ធ្វើស្រែចម្ការដាំដុះ  ខ/ គេចែកកសិករទាំងនោះជា3ប្រភេទ៖   _ កសិករធ្វើស្រែ   _ កសិករមិនធ្វើស្រែ   _និងកសិករដាំស្រូវ។,20,8,2,0.4,0.5245741374869942,2,10,0,2
722,តើសម័យឧដុង្គចាប់ពីឆ្នាំណាដល់ឆ្នាំណា?ហេតុអ្វីបានជាប្រទេសកម្ពុជាធ្លាក់ចុះខ្សោយកាន់តែខ្លាំងនៅសម័យឧដុង្គ។ចូរពន្យល់,សម័យឧដុង្គចាប់ពីឆ្នាំ បានជាប្រទេសកម្ពុជាធ្លាក់ចុះខ្សោយកាន់តែខ្លាំងនៅសម័យឧដុង្គព្រោះ សង្គ្រាមផ្ទៃក្នុងញឹកញាប់និងការជាវជ្រៀតជ្រែកពីសៀមនិងយួន ការប្រកួតប្រជែងដណ្ដើមរាជ្យបានឡើងក្នុងចំណោមព្រះរាជវង្សានុវង្ស បែកបាក់សាមគ្គីផ្ទៃក្នុងគ្មានការសាមគ្គីរួបរួមនៅក្នុងប្រទេសជិតខាង កម្ពុជាត្រូវបែកជាពីរផ្នែកដោយសារសៀមត្រួតត្រាផ្នែកខាងលិចបាត់ដំបងសៀមរាបត្រួតត្រាខាងត្បូង បាត់បង់ទឹកដីដោយសារខេត្តជាច្រើននៅភាគខាងលិចបាត់ដំបងសៀមរាបមង្គលបុរី ត្រូវបានធ្លាក់ក្នុងកណ្ដាប់ដៃសៀមនៅឆ្នាំនិងមុនបាត់បង់ដីភាគខាងកើតនៅវៀតណាម សេដ្ឋកិច្ចពឹងផ្អែកលើវិស័យកសិកម្មបុរាណដែល សួយសារអាករឲ្យគេ ចំណែកវប្បធម៌វិញវត្តអារាមត្រូវបានបំផ្លិចបំផ្លាញ ប្រទេសជាតិខ្សោយគ្មានកម្លាំងទប់ទល់នឹងការវាយលុកពីខាងក្រៅមន្ត្រីក្បត់ជាតិច្រើន ដោយសារ រាជវង្សផ្ទៃក្នុងការដណ្ដើមអំណាចគ្នា។,សម័យឧដុង្គឆ្នាំ១៦២០ដល់១៨៦៣ ប្រទេសធ្លាក់ចុះខ្សោយកាន់តែខ្លាំងក្នុងសម័យឧដុង្គដោយទំនាក់ទំនងផ្ទៃរាជវង្សការឈ្លានពានជាបន្តបន្ទាប់ពីសៀមនិងអ្នកនឹងការបាត់បង់ទឹកដី។,15,8,2,0.5333333333333333,0.37341231849415507,1,6,1,2
723,ចូររៀបរាប់អំពីទំនាក់ទំនងរវាងការដាំដុះអាជីវកម្មព្រៃឈើនិងនេសាទ។,ទំនាក់ទំនងរវាង ការដាំដុះអាជីវកម្មព្រៃឈើ និងការនេសាទ៖  _ ការដាំដុះអាជីវកម្មព្រៃឈើ និងការនេសាទ ជាភោគទ្រព្យយ៉ាងសំខាន់សម្រាប់ប្រជាជនក្នុងការទ្រទ្រង់ក្នុងជីវភាពរស់នៅនិងការអភិវឌ្ឍន៍ប្រទេសជាតិ   _ ដើម្បីបំពេញតម្រូវការក្នុងកសិកម្មផលិតកម្មនិងត្រូវការផ្សេងៗ មនុស្សនាំគ្នាកាប់ព្រៃឈើដើម្បីធ្វើអាជីវកម្មព្រៃឈើជាមូលហេតុធ្វើឲ្យអាកាសធាតុប្រែប្រួលប៉ះពាល់ដល់ជីវិតមនុស្ស សត្វ និងរុក្ខជាតិ  ​ _ អតិផលនៃប្រព័ន្ធកសិកម្ម នាំឲ្យមានកំណើននៃការប្រើប្រាស់គីមីនិងថ្នាំសម្លាប់សត្វល្អិត។ ជីគីមី និងថ្នាំសម្លាប់សត្វល្អិត ទាំងនោះហូរទៅផ្ដុំគ្នានៅតាមផ្លូវទឹកនានា បំផ្លាញជីវិតសត្វនិងពូជធម្មជាតិ។,រៀបរាប់ពីទំនាក់ទំនងរវាងការដាំដុះ ការចិញ្ចឹមសត្វ និងការនេសាទ៖ -ការនេសាទការនេសាទត្រីសម្រាប់បរិភោគនិងធ្វើអាជីវកម្ម -ការលក់ដូរត្រីដើម្បីផ្គត់ផ្គង់ជីវភាពគ្រួសារការនេសាទត្រីឲ្យមាន តើអ្នកនឹងមិនមានរដូវដែលខុសពីរាត្រី ក៏  -មិន ដែលច្បាស់អ្នកនេសាទអីទេហើយវាអាចប៉ះពាល់ជីវភាពហើយការធ្វើអាជីវកម្មនេះ ការឌីហ្សាញនិងការដាំដុះព្រៃស្ពឺគឺជាភាពព្រោះយ៉ាងសំខាន់នៅក្នុងវិស័យ -កសិកម្មសម្រាប់ប្រជាជនកម្ពុជា លោកទ្រទ្រង់ ភាពរបស់ប្រជាជនអាជីវកម្មព្រៃឈើ -គឺជាការកាប់ឈើយកធ្វើអាជីវកម្មលក់ដូរដើម្បីយកថវិកាមកទល់ទ្រូងប្រទេសជាតិនិងគ្រួសារ  -កាប់ព្រៃឈើឲ្យត្រូវទៅតាមកាលកំណត់របស់ក្រសួងគឺគ្មានការខុសច្បាប់នោះទេ -ដើម្បីនាំឈើចេញទៅក្រៅប្រទេស ការដាំដុះគឺជាការដាំដុះនិងការធ្វើ  -កសិកម្មដើម្បីផលិត ទ្រព្យសម្រាប់ជួយជាតិសំខាន់  -ការដាំដុះលើប្រទេសកម្ពុជាគឺជាការបន្តប្រមូលផលសម្រាប់គម្រោងថវិកា ជូនប្រទេសជាតិនិងគ្រួសារ  -ប្រព័ន្ធផលផលិតកម្មកសិកម្មនៅប្រទេសកម្ពុជាមានព្រៃឈើការនេសាទការនេសាទត្រីទឹក -សាបការនេសាទត្រីប្រៃការដាំដុះ ស្រូវកៅស៊ូពោតសណ្ដែកព្រៃឈើផ្សេងផ្សេង ព្រៃឈើព្រៃឈើផ្គត់ផ្គង់ដល់ប្រជាជន -ការនិងផ្គត់ផ្គង់ជីវភាពរស់នៅប្រចាំថ្ងៃផ្ដល់ការជូនជាតិព្រោះតែ ធម៌បរទេសក៏ឈើប្រណិតនៅប្រទេសកម្ពុជា,15,5,1,0.3333333333333333,0.4860220156339646,2,7,1,2
724,តើប្រព័ន្ធផលិតកម្មកសិកម្មនៅប្រទេសកម្ពុជាមានអ្វីខ្លះ?,ប្រព័ន្ធផលិតកម្មកសិកម្មនៅកម្ពុជាមានដូចជាដំណាំដំណាំស្រូវនិងកៅស៊ូដឹកនាំផ្សេងៗទៀតការចិញ្ចឹមសត្វបានចិញ្ចឹមសត្វលើគោកការចិញ្ចឹមសត្វក្នុងទឹកការនេសាទការនេសាទទឹកសាបការនេសាទទឹកប្រៃ  ព្រៃឈើអនុផលព្រៃឈើរកឃ្មុំជ័រទឹកក្តៅសត្វព្រៃ,ប្រព័ន្ធផលិតកម្មកសិកម្មនៅប្រទេសកម្ពុជាមាន​ដូចជា៖ -ការធ្វើកសិកម្មចម្រោះ -ការនាំចេញទៅក្រៅប្រទេសដូចជាអង្ករ អំបោះជ័រកៅស៊ូ -ការចែកចាយទៅតាមទីផ្សារនីមួយៗ -ផលិតកម្មធ្វើសញ្ញាតាមទីផ្សារត្រូវឲ្យច្រើន -មានសញ្ញាដែលបានត្រូវនូវដែលបានចែកចេញពីប្រទេសទៅតាម -ធ្វើឲ្យមានកំណើនកើតឡើងនៅតាមណាមួយម្ដងដែលក្នុងប្រទេសដែលបានតាមមកពីរហូតនិយោគ -ការធ្វើឱ្យមានកម្លាំងកំណើនឡើងបានឃើញពីសម្ងាត់ប្រមូលដើម្បីដែលដើរតាម -ក្រសួងដែលបានសំខាន់ណាស់ធ្វើឲ្យមានធ្វើតាមនិងត្រូវការប្រឡងពិន្ទុសូន្យ -មិនភ្លេចដែលបានធ្វើឲ្យដើម្បីវិស័យកសិកម្មដែលមានផលិតផលដែលបានហូរចូលក្នុងដែរ -រដ្ឋត្រូវបានធ្វើដែរមណ្ឌលប្រលង -បេក្ខជនមិនអាចសរសេរនៅលើក្រដាសបានទេ។,15,2,1,0.13333333333333333,0.15165363375960328,1,2,0,0
725,តើសម័យឧដុង្គចាប់ពីឆ្នាំណាដល់ឆ្នាំណា?ហេតុអ្វីបានជាប្រទេសកម្ពុជាធ្លាក់ចុះខ្សោយកាន់តែខ្លាំងនៅសម័យឧដុង្គ។ចូរពន្យល់,សម័យឧដុង្គចាប់ពីឆ្នាំ បានជាប្រទេសកម្ពុជាធ្លាក់ចុះខ្សោយកាន់តែខ្លាំងនៅសម័យឧដុង្គព្រោះ សង្គ្រាមផ្ទៃក្នុងញឹកញាប់និងការជាវជ្រៀតជ្រែកពីសៀមនិងយួន ការប្រកួតប្រជែងដណ្ដើមរាជ្យបានឡើងក្នុងចំណោមព្រះរាជវង្សានុវង្ស បែកបាក់សាមគ្គីផ្ទៃក្នុងគ្មានការសាមគ្គីរួបរួមនៅក្នុងប្រទេសជិតខាង កម្ពុជាត្រូវបែកជាពីរផ្នែកដោយសារសៀមត្រួតត្រាផ្នែកខាងលិចបាត់ដំបងសៀមរាបត្រួតត្រាខាងត្បូង បាត់បង់ទឹកដីដោយសារខេត្តជាច្រើននៅភាគខាងលិចបាត់ដំបងសៀមរាបមង្គលបុរី ត្រូវបានធ្លាក់ក្នុងកណ្ដាប់ដៃសៀមនៅឆ្នាំនិងមុនបាត់បង់ដីភាគខាងកើតនៅវៀតណាម សេដ្ឋកិច្ចពឹងផ្អែកលើវិស័យកសិកម្មបុរាណដែល សួយសារអាករឲ្យគេ ចំណែកវប្បធម៌វិញវត្តអារាមត្រូវបានបំផ្លិចបំផ្លាញ ប្រទេសជាតិខ្សោយគ្មានកម្លាំងទប់ទល់នឹងការវាយលុកពីខាងក្រៅមន្ត្រីក្បត់ជាតិច្រើន ដោយសារ រាជវង្សផ្ទៃក្នុងការដណ្ដើមអំណាចគ្នា។,នៅសម័យឧដុង្គចាប់ពីឆ្នាំ ១៦២០-១៨៦៣។,15,4,1,0.26666666666666666,0.215912121921524,1,3,0,1
726,តើកត្តាអ្វីខ្លះដែលបណ្ដាលឲ្យសៀមវាយបែកបន្ទាយលង្វែក?,កត្តាដែលបណ្ដាលឲ្យសៀមវាយបន្ទាយលង្វែកព្រះរាជាព្រះសត្ថាទីមួយឆោតល្ងង់ទៅជួយរំដោះក្រុងឰយុធ្យារបស់សៀមមកពីការត្រួតត្រាភូមាសៀមរមិលគុណប្រើល្បិចបញ្ជូនសល់ពីរអង្គ យកការវិបត្តិផ្ទៃក្នុងជាជួរជលសារលោករវល់ នាដើមម៉ឺនមន្ត្រីប្រជារាស្ត្រមិនពេញចិត្តដែលតែងទៅកូនអាយុដប់មួយវស្សា ឲ្យកូនរៀននៅ ក្នុងនាម មហាឧបរាជ ធ្វើឲ្យប្រជារាស្ត្របាត់បង់ស្មារតីប្រយុទ្ធប្រជារាស្ត្រខ្មែរក្រីក្រឆោតល្ងង់ចង់បានប្រាក់ដួលក៏នាំគ្នាកាប់ឆ្ការគុម្ពឫស្សីដែលជារបងការពារបន្ទាយលង្វែកដ៏រឹងមាំ រីប្រទេសខ្មែរហាក់បីដូចជាបាត់បង់សាមគ្គីដូចជាស្ថានីយមួយនាំកូនទាំងពីររត់ភៀសខ្លួនទៅប្រទេសឡាវមិនគិតពីប្រជារាស្ត្រនាំឲ្យប្រជាជន អស់ជំនឿ,កត្តាដែលបណ្ដាលឲ្យសៀមវាយយកបន្ទាយលង្វែកព្រោះ សត្ថាទីមួយឆោតល្ងង់ទៅជួយរំដោះក្រុងឰយុធ្យារបស់ពួកសៀមពីការត្រួតត្រារបស់ភូមា សៀម ពួកវារមិលគុណប្រើល្បិចបញ្ជូនពីក្បាលមកយកការណ៍ក្នុងបន្ទាយលង្វែកនិងប្រើល្បិចបាចប្រាក់ដួងចូលក្នុងគុម្ពឫស្សី វិបត្តិផ្ទៃក្នុង រាជវង្សសានុវង្ស នាម៉ឺនមន្ត្រី ប្រជារាស្ត្រ មិនពេញចិត្តនឹងព្រះរាជា តែងតាំងកូនអាយុដប់មួយវស្សាឲ្យគ្រប់គ្រងរាជធានីនិងប្រាំមួយវស្សាជាមហាឧបរាជ បានធ្វើឲ្យប្រជារាស្ត្របាត់បង់ស្មារតីតតាំងប្រយុទ្ធនឹងសង្គ្រាម ប្រជារាស្ត្រខ្មែរ ក្នុងនោះចង់បានប្រាក់ដួងក៏នាំគ្នាកាប់ឆ្ការគុម្ពឫស្សីដែលជារបងការពារបន្ទាយលង្វែកដ៏រឹងមាំ សាមគ្គីភាពប្រជាជនខ្មែរហាក់ដូចជាបាត់បង់សាមគ្គីភាព ដូចជាសាខាទីមួយនាំកូនទាំងពីររត់ភៀសខ្លួនទៅប្រទេសឡាវដោយមិនដោយមិនគិតពីប្រជារាស្ត្រនាំឲ្យប្រជាជនអស់ជំនឿ។,10,10,4,1.0,0.7679854116321325,3,8,1,2
727,តើការស្ថិតនៅក្រៅសារពាង្គកាយនៃពងស្វាសមានសារៈសំខាន់ដូចម្តេច?,ការស្ថិតនៅក្រោមសារពាង្គកាយនៃពងស្វាសមានសារៈសំខាន់ដូចជាដើម្បីរក្សាសីតុណ្ហភាពឲ្យ ទាបជាងសីតុណ្ហភាពក្នុងខ្លួន ប្រហែលពី(2-3)សីតុណ្ហភាពក្នុងខ្លួន37 ។,ការស្ថិតនៅក្រោមសារពាង្គកាយនៃពងស្វាសមានសារៈសំខាន់ដូចជាដើម្បីរក្សាសីតុណ្ហភាពឲ្យ ទាបជាងសីតុណ្ហភាពក្នុងខ្លួន ប្រហែលពី(2-3)សីតុណ្ហភាពក្នុងខ្លួន37 ។,10,10,4,1.0,1.0,4,10,0,0
728,តើគេចែកប្រូទីសជាប៉ុន្មានក្រុម?អ្វីខ្លះ?,ប្រូទីសសត្វចែកជា 4 ក្រុមតាមរបៀបរស់នៅនឹងផ្លាស់ទីរបស់វា  +ប្រូតូសូអ៊ែផ្លាស់ទីដោយជើងបញ្ឆោត: អាមីប +ប្រូតូសូអ៊ែផ្លាស់ទីដោយផ្លាសែល : សាឌីយ៉ា +ប្រូតូសូអ៊ែបន្តពូជតាមរយ:ស្ប៉ :ស្ប៉រ៉ូសូអ៊ែ។,គេបែងចែកប្រូទីសសត្វជា4 ក្រុមដូចជា  - ក្រុមផ្លាស់ទីដោយរោមញ័រ -ក្រុមផ្លាស់ទីដោយប្លាសែល -ក្រុមផ្លាស់ទីដោយជើងបញ្ឆោត -ក្រុមបន្តពូជដោយតាមរយ:ស្ប៉ ។,8,8,4,1.0,0.4089091179234169,2,3,2,5
729,តើកត្តាអ្វីខ្លះដែលធ្វើអោយសម័យអង្គររីកចម្រើនដល់កំពូល?​ ចូលរៀបរាប់។,កត្តាដែលធ្វើអោយសម័យអង្គររីកចម្រើនគឺ: កត្តាព្រះរាជា:ព្រះរាជាចាប់ពីព្រះបាទជ័យវរ្ម័នទី 2 រហូតដល់ព្រះបាទជ័យវរ្ម័នទី 7 សុទ្ធតែជាស្ដេចខ្លាំងពូកែ កត្តានយោបាយ: នយោបាយក្នុងប្រទេសបង្រួបបង្រួមជាតិកសាងនិងការពារទឹកដី នយោបាយក្រៅប្រទេស:ចងសម្ព័ន្ធមិត្តជាមួយប្រទេសធំៗវាយយករដ្ឋតូចដាក់ជាចំណុះ កត្តាសេដ្ឋកិច្ច:រីកចម្រើនលើវិស័យកសិកម្មសិប្បកម្មគណនាគម កត្តាសាសនា:ការឯកភាពគ្នារវាងសាសនាព្រាហ្មនិងព្រះពុទ្ធ កត្តាធនធានមនុស្សបន្សល់ទុកតាំងពីសម័យនគរភ្នំនិងចេនឡាមក។,កត្តាដែលធ្វើអោយសម័យអង្គររីកចម្រើនគឺ: កត្តាព្រះរាជា:ព្រះរាជាចាប់ពីព្រះបាទជ័យវរ្ម័នទី 2 រហូតដល់ព្រះបាទជ័យវរ្ម័នទី 7 សុទ្ធសឹងតែជាស្ដេចខ្លាំងពូកែ កត្តានយោបាយ: នយោបាយក្នុងប្រទេសបង្រួបបង្រួមជាតិកសាងនិងការពារទឹកដី នយោបាយក្រៅប្រទេស:ចងសម្ព័ន្ធមិត្តជាមួយប្រទេសធំៗវាយយករដ្ឋតូចដាក់ជាចំណុះ កត្តាសេដ្ឋកិច្ច:រីកចម្រើនលើវិស័យកសិកម្មសិប្បកម្មគណនាគមន៍ កត្តាសាសនា:ការឯកភាពគ្នារវាងសាសនាព្រាហ្មនិងព្រះពុទ្ធ កត្តាធនធាន:មនុស្សបន្សល់ទុកតាំងពីសម័យនគរភ្នំនិងចេនឡាមក។,10,10,4,1.0,0.9820286341106705,4,10,0,0
730,តើការស្ថិតនៅក្រៅសារពាង្គកាយនៃពងស្វាសមានសារៈសំខាន់ដូចម្តេច?,ការស្ថិតនៅក្រោមសារពាង្គកាយនៃពងស្វាសមានសារៈសំខាន់ដូចជាដើម្បីរក្សាសីតុណ្ហភាពឲ្យ ទាបជាងសីតុណ្ហភាពក្នុងខ្លួន ប្រហែលពី(2-3)សីតុណ្ហភាពក្នុងខ្លួន37 ។,ការស្ថិតនៅក្រោមសារពាង្គកាយនៃពងស្វាសមានសារៈសំខាន់ក្នុងការផលិតអរម៉ូនភេទឈ្មោលនិង បង្កើតស្ពែម៉ាតូសូអ៊ីត ។,10,3,1,0.3,0.28458921400642256,1,3,0,0
731,តើសង្គមខ្មែរនៅសម័យអង្គរមានប៉ុន្មានវណ្ណៈ? វណ្ណៈអ្វីខ្លះ? ចូលរៀបរាប់។,សង្គមខ្មែរនៅសម័យអង្គរមានប្រាំវណ្ណៈគឺ -វណ្ណៈក្សត្រឬរាជវង្សនុវង្ស (ជាស្ដេចគ្រប់គ្រងប្រទេស -វណ្ណៈមន្ត្រី (អ្នករស់នៅក្នុងរាជវាំងបម្រើស្ដេច) -វណ្ណៈព្រាហ្ម៍ឬបុព្វជិត​(គឺជាអ្នកបួស) -វណ្ណៈអ្នកជាឬកសិករ (អ្នករស់នៅនឹងធ្វើស្រែចម្ការ) -វណ្ណៈអ្នកងារឬទាសករ(ទាសករបម្រើគេតកូនតចៅ)។,សង្គមខ្មែរនៅសម័យអង្គរមានប្រាំវណ្ណៈគឺ -វណ្ណៈក្សត្រឬរាជវង្សនុវង្ស: មានបុព្វសិទ្ធណាស់គ្មានការបង់ពន្ធ មានអំណាចគ្រប់គ្រាន់រស់នៅដោយស្រួលមិនចាំបាច់ធ្វើការងារ និងមិននឿយហត់ទេ -វណ្ណៈមន្ត្រី: ជាអ្នកដែលធ្វើការក្នុងវាំងនិងបម្រើព្រះរាជានិងមានសិទ្ធិអំណាចគ្រប់គ្រងលើការងារផ្សេងៗជំនួសព្រះរាជា។ -វណ្ណៈអ្នកបួសឬបុព្វជិត​: មានពួកប៉ាន់ឃាប ព្រាហ្ម៍បុរោហិត ជូគូនិងប៉ាវីស៊ី។ -វណ្ណៈអ្នកជា:ពួកមានឋន្តរនាមជាពួកឈ្មួញសិប្បករ កសិករនិងប្រជារាស្រ្ដសាមញ្ញ -វណ្ណៈអ្នកងារឬទាសករ:ពួកនេះជាអ្នកបម្រើគេអស់មួយជីវិតតកូនតចៅ។ភាគច្រើនពួកគេធ្វើការងារដូចជាសង់ប្រាសាទនិងបម្រើការងារក្នុងផ្ទះពួកអ្នកមាន។គេអាចលោះពួកនេះបានដោយប្រើសត្វពាហនទាំងពួង។,10,10,4,1.0,0.5426714530254247,2,5,2,5
732,តើដំណាក់កាលទាំងពីរនៃវដ្ដជីវីតរបស់រុក្ខជាតិមានអ្វីខ្លះ? ចូររៀបរាប់។,ដំណាក់កាល ទាំងពីរនៃវដ្ដជីវិតរបស់រុក្ខជាតិមាន  - ដំណាក់កាលស្ប៉រ៉ូភីត គឺជារុក្ខជាតិផលិតស្ប៉។ វាជាកោសិកាតូចៗដែលអាចលូតលាស់ជាសារពាង្គកាយថ្មី  -ស្ប៉លូតលាស់ក្នុងដំណាក់កាលផ្សេងទៀតនៃរុក្ខជាតិ ហៅថាកាម៉ែតូភីត។ ក្នុងដំណាក់កាលនៃរុក្ខជាតិផលិតកោសិកាភេទពីរបែប គឺកាម៉ែតឈ្មោល និងកាម៉ែតញី ។ កាម៉ែតញី និង កាម៉ែតឈ្មោលលាយចូលគ្នា បង្កើតបានជាសុីកូត។ បន្ទាប់មកទៀត សុីកូតលូតលាស់ទៅជាស្ប៉រ៉ូភីត។ស្ប៉រ៉ូភីតផលិតស្ប៉លូតលាស់ក្នុងកាម៉ែតូភីត កាម៉ែតូភីតផលិតកាម៉ែតញី និងកាម៉ែតឈ្មោល ហើយវដ្ដផ្ដើមសារជាថ្មី។,ដំណាក់កាល ទាំងពីរនៃវដ្តជីវិតររបស់រុក្ខជាតិមានស្ប៉រ៉ូភីត និងកាម៉ែតូភីត +ដំណាក់កាល ស្ប៉រ៉ូភីត រុក្ខជាតិផលិតស្ប៉។ +កាម៉ែតូភីតស៉្បលូតលាស់ក្នុងដំណាក់កាលមួយផ្សេងទៀត +កាម៉ែតញី និងកាម៉ែតឈ្មោលបង្កើតបានសុីកូត។,15,9,2,0.6,0.8300627384728902,3,12,1,3
733,តើសង្គមខ្មែរនៅសម័យអង្គរមានប៉ុន្មានវណ្ណៈ? វណ្ណៈអ្វីខ្លះ? ចូលរៀបរាប់។,សង្គមខ្មែរនៅសម័យអង្គរមានប្រាំវណ្ណៈគឺ -វណ្ណៈក្សត្រឬរាជវង្សនុវង្ស (ជាស្ដេចគ្រប់គ្រងប្រទេស -វណ្ណៈមន្ត្រី (អ្នករស់នៅក្នុងរាជវាំងបម្រើស្ដេច) -វណ្ណៈព្រាហ្ម៍ឬបុព្វជិត​(គឺជាអ្នកបួស) -វណ្ណៈអ្នកជាឬកសិករ (អ្នករស់នៅនឹងធ្វើស្រែចម្ការ) -វណ្ណៈអ្នកងារឬទាសករ(ទាសករបម្រើគេតកូនតចៅ)។,សង្គមខ្មែរនៅសម័យអង្គរមានប្រាំវណ្ណៈគឺ -វណ្ណៈក្សត្រឬរាជវង្សានុវង្ស -វណ្ណៈមន្ត្រី -វណ្ណៈបុព្វជិត -វណ្ណៈអ្នកជា -វណ្ណៈទាសករឬអ្នកងារ។,10,5,2,0.5,0.7583843422067227,3,8,1,3
734,ចូររៀបរាប់អំពីទំនាក់ទំនងរវាងការដាំដុះអាជីវកម្មព្រៃឈើនិងនេសាទ។,ទំនាក់ទំនងរវាង ការដាំដុះអាជីវកម្មព្រៃឈើ និងការនេសាទ៖  _ ការដាំដុះអាជីវកម្មព្រៃឈើ និងការនេសាទ ជាភោគទ្រព្យយ៉ាងសំខាន់សម្រាប់ប្រជាជនក្នុងការទ្រទ្រង់ក្នុងជីវភាពរស់នៅនិងការអភិវឌ្ឍន៍ប្រទេសជាតិ   _ ដើម្បីបំពេញតម្រូវការក្នុងកសិកម្មផលិតកម្មនិងត្រូវការផ្សេងៗ មនុស្សនាំគ្នាកាប់ព្រៃឈើដើម្បីធ្វើអាជីវកម្មព្រៃឈើជាមូលហេតុធ្វើឲ្យអាកាសធាតុប្រែប្រួលប៉ះពាល់ដល់ជីវិតមនុស្ស សត្វ និងរុក្ខជាតិ  ​ _ អតិផលនៃប្រព័ន្ធកសិកម្ម នាំឲ្យមានកំណើននៃការប្រើប្រាស់គីមីនិងថ្នាំសម្លាប់សត្វល្អិត។ ជីគីមី និងថ្នាំសម្លាប់សត្វល្អិត ទាំងនោះហូរទៅផ្ដុំគ្នានៅតាមផ្លូវទឹកនានា បំផ្លាញជីវិតសត្វនិងពូជធម្មជាតិ។,រៀបរាប់ពីទំនាក់ទំនងរវាងការដាំដុះ ការចិញ្ចឹមសត្វ និងការនេសាទ៖ +ការដាំដុះ -ការដាំដុះស្រូវដាំពោតសណ្ដែកល្ង ការងារជូនដល់ប្រជាជនជីវិតប្រចាំថ្ងៃការដាំដុះបានជាមធ្យមក្នុងមួយរយហិកតាប្រមូលផលបានពីរចុចហាសិបបួនមានក្នុងមួយឆ្នាំ គិតពីឆ្នាំពីរពាន់2008 -ការដាំដុះអាចប្រមូលផលបាន ជួយសម្រួលបន្ទុកក្នុងគ្រួសារប្រទេសជាតិដោយដាំស្រូវពោតសណ្ដែកល្ង ទោះគ្រងក្នុងស្រុកនិងក្រៅប្រទេស ក្រៅពីដំណាំស្រូវកសិករបានដាំបន្លែការដូចជា បីត្រកួនជាដើម។,15,5,1,0.3333333333333333,0.28421208787443347,1,4,0,1
735,តើដំណាក់កាលទាំងពីរនៃវដ្ដជីវីតរបស់រុក្ខជាតិមានអ្វីខ្លះ? ចូររៀបរាប់។,ដំណាក់កាល ទាំងពីរនៃវដ្ដជីវិតរបស់រុក្ខជាតិមាន  - ដំណាក់កាលស្ប៉រ៉ូភីត គឺជារុក្ខជាតិផលិតស្ប៉។ វាជាកោសិកាតូចៗដែលអាចលូតលាស់ជាសារពាង្គកាយថ្មី  -ស្ប៉លូតលាស់ក្នុងដំណាក់កាលផ្សេងទៀតនៃរុក្ខជាតិ ហៅថាកាម៉ែតូភីត។ ក្នុងដំណាក់កាលនៃរុក្ខជាតិផលិតកោសិកាភេទពីរបែប គឺកាម៉ែតឈ្មោល និងកាម៉ែតញី ។ កាម៉ែតញី និង កាម៉ែតឈ្មោលលាយចូលគ្នា បង្កើតបានជាសុីកូត។ បន្ទាប់មកទៀត សុីកូតលូតលាស់ទៅជាស្ប៉រ៉ូភីត។ស្ប៉រ៉ូភីតផលិតស្ប៉លូតលាស់ក្នុងកាម៉ែតូភីត កាម៉ែតូភីតផលិតកាម៉ែតញី និងកាម៉ែតឈ្មោល ហើយវដ្ដផ្ដើមសារជាថ្មី។,ដំណាក់កាល ទាំងពីរនៃវដ្តជីវិតររបស់រុក្ខជាតិមានស្ប៉រ៉ូភីត និងកាម៉ែតូភីត +ដំណាក់កាល ស្ប៉រ៉ូភីត រុក្ខជាតិផលិតស្ប៉។ +កាម៉ែតូភីតស៉្បលូតលាស់ក្នុងដំណាក់កាលមួយផ្សេងទៀត +កាម៉ែតញី និងកាម៉ែតឈ្មោលបង្កើតបានសុីកូត។,15,6,2,0.4,0.8300627384728902,3,12,1,6
736,តើសេដ្ឋកិច្ចកម្ពុជាពឹងផ្អែកលើវិស័យអ្វីជាសំខាន់?     ក/ ហេតុអ្វីបានជាគេនិយាយថាកម្ពុជាជាប្រទេសកសិកម្ម?     ខ/ តើគេចែកកសិករជាប៉ុន្មានប្រភេទ?អ្វីខ្លះ?,សេដ្ឋកិច្ចកម្ពុជាពឹងផ្អែកលើវិស័យកសិកម្មជាសំខាន់។   ក/ បានជាគេនិយាយថាកម្ពុជាជាប្រទេសឧស្សាហកម្មព្រោះ៖  _  សណ្ឋានដី : ដីមានជីវជាតិល្អនិងសម្បូរទំនាបល្បាប់   _ ផ្លូវទឹក : ផ្លូវទឹកខ្វាត់ខ្វែងងាយស្រួលដល់ការដាំដុះ  _ ប្រជាជន : ប្រជាជនខ្មែរភាគច្រើនចូលចិត្តធ្វើកសិកម្ម  _ អាកាសធាតុ : ទទួលអាកាសធាតុក្តៅសើម  _ កសិកម្មផ្តល់ផល50%នៃផលិតផលជាតិសរុប។  ខ/ គេចែកកសិករទាំងនោះជា4ប្រភេទគឺ៖  _ កសិករធ្វើស្រែឬអ្នកស្រែ : និយមធ្វើស្រែ ស្រូវប្រាំង ស្រូវវស្សា ស្រូវឡើងទឹក  _ កសិករតំបន់ដីខ្ពស់ : គេដាំដំណាំជាអចិន្ត្រៃយ៍(ពោត ដំឡូង ចេក កៅស៊ូសណ្តែក)  _ កសិករធ្វើចម្ការដំណាំស្រូវ : គេដាំដំណាំតាមមាត់ទន្លេ ចិញ្ចឹមសត្វនិងនេសាទ  _ កសិករភូមិភាគឦសាន: គេធ្វើដំណាំព្រៃដុតមានដូចជាពោត ដំឡូង ស្រូវរុក្ខជាតិយកមើមដទៃទៀត និងបរបាញ់សត្វផងដែរ។,សេដ្ឋកិច្ចកម្ពុជាពឹងផ្អែកលើវិស័យកសិកម្មសំខាន់។  ក/ បានជាគេនិយាយថា កម្ពុជាជាប្រទេសកសិកម្មព្រោះ   _ ប្រទេសកម្ពុជាមានការដាំដុះស្រូវកន្លែងផ្សេងៗ   _ សម្បូរទៅដោយព្រៃឈើ   _ សម្បូរទៅដោយធម្មជាតិ   _ មានការដាំដុះបានទិន្នផលខ្ពស់។  ខ/ គេបានគេចែកកសិករទាំងនោះជា4ប្រភេទគឺ    _ កសិករដាំស្រូវ    _ កសិករមិនដាំស្រូវ    _ កសិករដីខ្ពស់     _ កសិករភូមិភាគឥសាន។,20,13,3,0.65,0.4701702841380999,2,9,1,4
737,តើគេចែកយុគសម័យបុរេប្រវត្តិសាស្ត្រកម្ពុជាជាប៉ុន្មានយុគសម័យ?អ្វីខ្លះ?,គេចែកយុគសម័យបុរេប្រវត្តិសាស្ត្រកម្ពុជាជាបីយុគសម័យគឺ -យុគថ្មបំបែក (600000 - 12000 ឆ្នាំមុនគ.ស) -យុគថ្មរលីងឬសំលៀង (8000 - 2000 ឆ្នាំមុនគ.ស) -យុគលោហៈ(2000-100 ឆ្នាំមុនគ.ស)។,គេចែកយុគសម័យបុរេប្រវត្តិសាស្ត្រកម្ពុជាជាបីយុគសម័យគឺ -យុគថ្មបំបែក (600000 - 12000 ឆ្នាំមុនគ.ស) -យុគថ្មរលីងឬសំលៀង (8000 - 2000 ឆ្នាំមុនគ.ស) -យុគលោហៈ(2000-100 ឆ្នាំមុនគ.ស)។,5,5,4,1.0,1.0,4,5,0,0
738,ចូរពន្យល់ពាក្យ : ប៉ង់សៀ; បរិយាកាស; ដៃទន្លេ; ភ្នំភ្លើង។,ប៉ង់សៀ -បរិយាកាសគឺជាឧស្ម័នដែលនៅជុំវិញផែនដី -ដៃទន្លេជាទឹកសាបដែលហូរចូលទៅក្នុងស្ទឹងបឹងនឹងមានទីតាំងជាវង្សប្រាំង -ភ្នំភ្លើងគឺជារន្ធមួយនៅសំបកផែនដីដែលតាមរយៈនោះកម្អែលផេះហូរចេញ,ដៃទន្លេគឺជាផ្នែកតូចមួយដែលវែង -ប៉៉ង់សៀ -បរិយាកាស -ភ្នំភ្លើង,8,1,0,0.125,0.42238616105910537,2,3,2,2
739,តើប្រទេសកម្ពុជាចូលជាសមាជិក សហគមន៍អាស៊ីអាគ្នេយ៍ទទួលផលវិជ្ជមាននិងអវិជ្ជមានដូចម្តេចខ្លះ?,ពណ៌នាពីពីការអភិវឌ្ឍសេដ្ឋកិច្ច សង្គម នៅកម្ពុជាពីឆ្នាំ១៩៩៣ មកទល់សព្វថ្ងៃ .វិស័យសេដ្ឋកិច្ច:  +សេដ្ឋកិច្ចកម្ពុជាមានការរីកចម្រើនឡើងជាបន្តបន្ទាប់ដែលធ្វើឲ្យប្រទេសកម្ពុជាមានជីវភាពល្អប្រសើរ។ +កសិកម្មរីកចម្រើនខាងដាំដំណាំស្រូវទទួលបានទិន្នផលខ្ពស់ជាបន្តបន្ទាប់ +ឧស្សាហកម្មមានតំណាងរោងចក្រច្រើនកន្លែងនិងលើកឡើងនៅសហគ្រឿងធំៗដែលបានផ្ដល់ចំណូលដល់ប្រជាពលរដ្ឋ +ពាណិជ្ជកម្មកាលនាំចូលមកក្នុងប្រទេសនិងមានវិនិយោគក្នុងប្រទេស +គមនាគមន៍កសាងស្ពានផ្លូវថ្នល់អាកាសយានដ្ឋានផ្គត់ផ្គង់ប្រព័ន្ធទឹកពីទីក្រុងដល់ជនបទ កំពុងផែ +ហិរញ្ញវត្ថុមានស្ថេរភាពក្នុងអត្រាប្ដូរប្រាក់ +ធនាគារលើកឡើងនៅធនាគារជាតិហ្នឹងឯកជនជាច្រើន .វិស័យសង្គម +ការអប់រំសិក្សា បង្កើតសាលារៀនគ្រប់កម្រិតពីមត្តីរហូតដល់ឧត្តមសិក្សាបណ្ដុះបណ្ដាលធនធានមនុស្សនិងបញ្ជូននិស្សិតឲ្យទៅរៀននៅក្រៅប្រទេស។ +វប្បធម៌អរិយធម៌ ស្ដារវប្បធម៌ឡើងវិញនិងដាក់បញ្ចូលជាសម្បត្តិបេតិកភណ្ឌពិភពលោកចាប់ផ្ដើមប្រជាជនមានសិទ្ធិជឿលើសាសនា។ +សុខាភិបាលបង្កើតឲ្យមានមន្ទីរពេទ្យលោកសុខភាពនិងឱសថសាស្ត្រ +សិល្បៈបង្កើតឲ្យមានសាលាសាកលវិទ្យាល័យសិល្បៈ.,ផលវិជ្ជមាន +ខាងនយោបាយ -កម្ពុជាជាកន្លែងទាក់ទាញវិនិយោគទុនសំខាន់ -កម្ពុជាអាចឈរស្មើមុខជាមួយប្រទេសជាសមាជិក -អាចចូលរួមក្នុងការសម្រេចចិត្តនានាក្នុងតំបន់ -កម្ពុជាលេងឯកោទៅទៀត +ខាងសេដ្ឋកិច្ច -ការធ្វើពាណិជ្ជកម្មមានភាពងាយស្រួលជាងមុន -ប្រជាជនងាយស្រួលរកការងារធ្វើនៅក្នុងតំបន់នៅក្នុងប្រទេស -កំណើនភ្ញៀវទេសចរណ៍បង្កើនការងារប្រាក់ចំណូលដល់ប្រជាជន -កំណើនសេដ្ឋកិច្ចកម្ពុជាជារៀងរាល់ឆ្នាំ +ខាងសង្គម -លុបបំបាត់អំពើជួញដូរមនុស្សគ្រឿងញៀននិងអំពើអភិវកម្ម -ចាបជួបគ្នាទៅវិញទៅមកការប្រទេសបទពិសោធន៍ចំណេះដឹងការដាក់អាហារូបករសម្រាប់យុវជនកម្ពុជារៀនសូត្រនិងទទួលបានឱកាសជាច្រើន -ប្រទេសកម្ពុជាទទួលបានការការពារពីប្រទេសសមាជិកធ្វើឲ្យមានសុវត្ថិភាពនិងសន្តិភាពសង្គម -ធ្វើឱ្យមានការកសាងហេដ្ឋារចនាសម្ព័ន្ធផ្លូវជាតិផ្លូវដែកស្ពានកំពង់ផែអាកាសយាន្តដ្ឋានជាតិ,10,7,3,0.7,0.3098887029556615,1,3,2,4
740,តើដំណាក់កាលទាំងពីរនៃវដ្ដជីវីតរបស់រុក្ខជាតិមានអ្វីខ្លះ? ចូររៀបរាប់។,ដំណាក់កាល ទាំងពីរនៃវដ្ដជីវិតរបស់រុក្ខជាតិមាន  - ដំណាក់កាលស្ប៉រ៉ូភីត គឺជារុក្ខជាតិផលិតស្ប៉។ វាជាកោសិកាតូចៗដែលអាចលូតលាស់ជាសារពាង្គកាយថ្មី  -ស្ប៉លូតលាស់ក្នុងដំណាក់កាលផ្សេងទៀតនៃរុក្ខជាតិ ហៅថាកាម៉ែតូភីត។ ក្នុងដំណាក់កាលនៃរុក្ខជាតិផលិតកោសិកាភេទពីរបែប គឺកាម៉ែតឈ្មោល និងកាម៉ែតញី ។ កាម៉ែតញី និង កាម៉ែតឈ្មោលលាយចូលគ្នា បង្កើតបានជាសុីកូត។ បន្ទាប់មកទៀត សុីកូតលូតលាស់ទៅជាស្ប៉រ៉ូភីត។ស្ប៉រ៉ូភីតផលិតស្ប៉លូតលាស់ក្នុងកាម៉ែតូភីត កាម៉ែតូភីតផលិតកាម៉ែតញី និងកាម៉ែតឈ្មោល ហើយវដ្ដផ្ដើមសារជាថ្មី។,រុក្ខជាតិមានវដ្ដជីវិតសាំញុំរួមមាន២ ដំណាក់កាលគឺ ស្ប៉រ៉ូភីត និង កាម៉ែតូភីត -ស្ប៉រ៉ូភីត គឺជា រុក្ខជាតិផលិតស្ប៉ ។ វាជាកោសិកាតូចៗដែលអាចលូតលាស់ជាសារពាង្គកាយថ្មី។ -កាម៉ែតូភីត គឺជាស្ប៉លូតលាស់ក្នុងដំណាក់កាលមួយនៃរុក្ខជាតិ។វាបង្កើតបានជាភេទ ២ គឺកាម៉ែតញី និង កាម៉ែតឈ្មោល ។,15,12,3,0.8,0.8362997291920437,3,13,0,1
741,តើគេចែកប្រូទីសជាប៉ុន្មានក្រុម?អ្វីខ្លះ?,ប្រូទីសសត្វចែកជា 4 ក្រុមតាមរបៀបរស់នៅនឹងផ្លាស់ទីរបស់វា  +ប្រូតូសូអ៊ែផ្លាស់ទីដោយជើងបញ្ឆោត: អាមីប +ប្រូតូសូអ៊ែផ្លាស់ទីដោយផ្លាសែល : សាឌីយ៉ា +ប្រូតូសូអ៊ែបន្តពូជតាមរយ:ស្ប៉ :ស្ប៉រ៉ូសូអ៊ែ។,គេចែកប្រូទីសសត្វជា 4ប្រភេទគឺ-ប្រូទីសផ្លាស់ទីដោយជើងបញ្ឆោត : អាមីប-ប្រូទីស ផ្លាស់ទីដោយរោមញ័រ : ប៉ារ៉ាមេសុី-ប្រូទីសផ្លាស់ទីដោយ ប្លាសែល-ប្រូទីសផ្លាស់ទីដោយ ស្ប៉។,8,4,2,0.5,0.45550507006015967,2,4,0,0
742,តើមូលហេតុអ្វីបានជាព្រះបាទពញាយ៉ាត ជ្រើសរើសយកចតុមុខធ្វើជារាជធានី?,បានជាព្រះបាទពញាយ៉ាតជ្រើសរើសក្រុងចតុមុខជារាជធានីព្រោះ មានទីតាំងភូមិសាស្ត្រល្អ គេចពីសត្រូវឈ្លានពានសៀម ដីមានជីវជាតិងាយស្រួលក្នុងការធ្វើកសិកម្ម ជាទីប្រសព្វនៃជំនួសទាំងផ្លូវគោកនិងផ្លូវទឹក សម្បូរផ្លូវក្នុងការធ្វើកសិកម្មនិងជំនួញ ភាពខាងត្បូងដីមានប្រជាជនច្រើននិងធនធានដើម្បីកសាងសេដ្ឋកិច្ចជាតិ។,បានជាព្រះបាទពញាយ៉ាតជ្រើសរើសចតុមុខជារាជធានីព្រោះទីតាំងភូមិសាស្ត្រល្អមានទន្លេមុខបួនជាចំណុចប្រសព្វគ្នានៃទន្លេមេគង្គក្រោមមេគង្គលើទន្លេសាបទន្លេ ជាចំណុចកណ្តាលនៃប្រទេសកម្ពុជា ដើម្បីចៀសវាងពីការយាយីរបស់សៀម។,10,9,4,0.9,0.36573797032816446,1,4,3,5
743,ហេតុអ្វីបានជាមនុស្សស្រូបយកខ្យល់ដែលមានកាបូនម៉ណូអុកស៊ីតអាចបង្កគ្រោះថ្នាក់ដល់ស្លាប់បាន?,បានជាមនុស្សស្រូបយកខ្យល់ដែលមានកាបូនម៉ូណូអុកស៊ីដអាចបង្កឲ្យមានគ្រោះថ្នាក់ដល់ស្លាប់ បានព្រោះកាបូនម៉ូណូអុកស៊ីដមានសមត្ថភាពចាប់យក ក្នុងឈាមបានខ្លាំងជាងអុកស៊ីសែន វារារាំងឈាមមិនឲ្យដឹកនាំអុកស៊ីសែនទៅចិញ្ចឹមសរីរាង្គជាពិសេសខួរក្បាលដែលបណ្តាលឲ្យ ស្លាប់និង សន្លប់ ។,បានជាមនុស្សស្រូបយកខ្យល់ដែលមានកាបូនម៉ូណូអុកស៊ីដអាចបង្កឲ្យមានគ្រោះថ្នាក់ដល់ស្លាប់ បានព្រោះកាបូនម៉ូណូអុកស៊ីដមានសមត្ថភាពចាប់យក ក្នុងឈាមបានខ្លាំងជាងអុកស៊ីសែន វារារាំងឈាមមិនឲ្យដឹកនាំអុកស៊ីសែនទៅចិញ្ចឹមសរីរាង្គជាពិសេសខួរក្បាលដែលបណ្តាលឲ្យ ស្លាប់និង សន្លប់ ។,5,5,4,1.0,1.0,4,5,0,0
744,តើការស្ថិតនៅក្រៅសារពាង្គកាយនៃពងស្វាសមានសារៈសំខាន់ដូចម្តេច?,ការស្ថិតនៅក្រោមសារពាង្គកាយនៃពងស្វាសមានសារៈសំខាន់ដូចជាដើម្បីរក្សាសីតុណ្ហភាពឲ្យ ទាបជាងសីតុណ្ហភាពក្នុងខ្លួន ប្រហែលពី(2-3)សីតុណ្ហភាពក្នុងខ្លួន37 ។,ការស្ថិតនៅក្រោមសារពាង្គកាយនៃពងស្វាសមានសារៈសំខាន់ក្នុងការផលិតអរម៉ូនភេទឈ្មោលនិង បង្កើតស្ពែម៉ាតូសូអ៊ីត ។,10,3,1,0.3,0.28458921400642256,1,3,0,0
745,តើប្រព័ន្ធផលិតកម្មកសិកម្មនៅក្នុងប្រទេសកម្ពុជាមានអ្វីខ្លះ?ចូររៀបរាប់​ ។,ប្រព័ន្ធផលិតកម្មកសិកម្មនៅប្រទេសកម្ពុជាមាន៖    _ ដំណាំ : ដំណាំស្រូវ ដំណាំកៅស៊ូ ដំណាំផ្សេងៗទៀត    _ ការចិញ្ចឹមសត្វ : ការចិញ្ចឹមសត្វលើគោក ការចិញ្ចឹមសត្វក្នុងទឹក    _ ការនេសាទ : ការនេសាទទឹកសាប ការនេសាទទឹកប្រៃ  _ ព្រៃឈើ : ផលិតផលឈើ អនុផលព្រៃឈើ(រកឃ្មុំ ជ័រទឹក វល្លិ៍ ផ្តៅ) សត្វព្រៃ ។,ប្រព័ន្ធផលិតផលកសិកម្មនៅប្រទេសកម្ពុជាមានចំនួនបីដូចជា៖  +កសិកម្មផ្នែកដាំដុះ -ដំណាំស្រូវ លោក ដំឡូងពោត   -ដំណាំកៅស៊ូ -ដំណាំហូងផ្លែ +កសិកម្មនេសាទ -ការនេសាទត្រី -ការចិញ្ចឹមត្រី +កសិកម្មអនុផលព្រៃឈើ -ការកាប់យកព្រៃឈើមានតម្លៃ -ការអាស្រ័យយកផល្លាក្នុងព្រៃល។,10,7,3,0.7,0.5305874235870247,2,5,1,2
746,តើដំណាក់កាលទាំងពីរនៃវដ្ដជីវីតរបស់រុក្ខជាតិមានអ្វីខ្លះ? ចូររៀបរាប់។,ដំណាក់កាល ទាំងពីរនៃវដ្ដជីវិតរបស់រុក្ខជាតិមាន  - ដំណាក់កាលស្ប៉រ៉ូភីត គឺជារុក្ខជាតិផលិតស្ប៉។ វាជាកោសិកាតូចៗដែលអាចលូតលាស់ជាសារពាង្គកាយថ្មី  -ស្ប៉លូតលាស់ក្នុងដំណាក់កាលផ្សេងទៀតនៃរុក្ខជាតិ ហៅថាកាម៉ែតូភីត។ ក្នុងដំណាក់កាលនៃរុក្ខជាតិផលិតកោសិកាភេទពីរបែប គឺកាម៉ែតឈ្មោល និងកាម៉ែតញី ។ កាម៉ែតញី និង កាម៉ែតឈ្មោលលាយចូលគ្នា បង្កើតបានជាសុីកូត។ បន្ទាប់មកទៀត សុីកូតលូតលាស់ទៅជាស្ប៉រ៉ូភីត។ស្ប៉រ៉ូភីតផលិតស្ប៉លូតលាស់ក្នុងកាម៉ែតូភីត កាម៉ែតូភីតផលិតកាម៉ែតញី និងកាម៉ែតឈ្មោល ហើយវដ្ដផ្ដើមសារជាថ្មី។,ដំណាក់កាល ទាំងពីរនៃវដ្ដជីវិតរបស់រុក្ខជាតិមាន 2 គឺ ស្ប៉រ៉ូភីត និង កាម៉ែតូភីត។ +ដំណាក់កាលស្ប៉រ៉ូភីត : គឺជារុក្ខជាតិផលិតស្ប៉ ។វាជាកោសិកាតូចៗ ដែលអាចលូតលាសៀជាសារពាង្គកាយថ្មី។ +ស្ប៉លូតលាស់ក្នុងដំណាក់កាលមួយផ្សេងទៀតនៃរុក្ខជាតិហៅថាកាម៉ែតភីត ។ក្នុងដំណាក់កាលនេះរុក្ខជាតិផលិតកោសិកាពីរបែបគឺ កាម៉ែតឈ្មោល និង កាម៉ែតញី។,15,9,2,0.6,0.8381459560901626,3,13,1,4
747,តើផ្សិតមានរូបរាងខុសៗគ្នាអាស្រ័យនឹងអ្វី? ស្រូបសារធាតុចិញ្ចឹមតាមរយៈអ្វី?,ផ្សិតមានរូបរាងខុសៗគ្នាអាស្រ័យនឹងការតម្រៀបអុីបរបស់វា។ផ្សិតស្រូបសារធាតុចិញ្ចឹមតាមរយ:អុីបដែលដុះចូលទៅក្នុងប្រភពអាហារ។,ផ្សិតមានរូបរាងខុសៗគ្នាអាស្រ័យលើការតម្រៀបរបស់អុីប។ផ្សិតខ្លះ អុីបមានរាងសរសៃឆ្មារៗបែកមែកប្រទាក់ក្រឡាគ្នា ណ្ហេលៗ(រង្វិល) ។ ផ្សិតខ្លះទៀតអុីបរបស់វាតម្រៀបគ្នាយ៉ាងណែន ។ វាស្រូបសារធាតុចិញ្ចឹមតាមរយ:អុីប។,10,7,3,0.7,0.5023994932323168,2,5,1,2
748,តើប្រព័ន្ធផលិតកម្មកសិកម្មនៅក្នុងប្រទេសកម្ពុជាមានអ្វីខ្លះ?ចូររៀបរាប់​ ។,ប្រព័ន្ធផលិតកម្មកសិកម្មនៅប្រទេសកម្ពុជាមាន៖    _ ដំណាំ : ដំណាំស្រូវ ដំណាំកៅស៊ូ ដំណាំផ្សេងៗទៀត    _ ការចិញ្ចឹមសត្វ : ការចិញ្ចឹមសត្វលើគោក ការចិញ្ចឹមសត្វក្នុងទឹក    _ ការនេសាទ : ការនេសាទទឹកសាប ការនេសាទទឹកប្រៃ  _ ព្រៃឈើ : ផលិតផលឈើ អនុផលព្រៃឈើ(រកឃ្មុំ ជ័រទឹក វល្លិ៍ ផ្តៅ) សត្វព្រៃ ។,ប្រព័ន្ធផលិតកម្មកសិកម្មនៅប្រទេសកម្ពុជាមាន៖    _ ដំណាំ : ដំណាំស្រូវ ដំណាំកៅស៊ូ ដំណាំផ្សេងៗទៀត    _ ការចិញ្ចឹមសត្វ : ការចិញ្ចឹមសត្វលើគោក ការចិញ្ចឹមសត្វក្នុងទឹក    _ ការនេសាទ : ការនេសាទទឹកសាប ការនេសាទទឹកប្រៃ  _ ព្រៃឈើ : ផលិតផលឈើ អនុផលព្រៃឈើ(រកឃ្មុំ ជ័រទឹក វល្លិ៍ ផ្តៅ) សត្វព្រៃ ។,10,10,4,1.0,1.0,4,10,0,0
749,តើប្រព័ន្ធផលិតកម្មកសិកម្មនៅប្រទេសកម្ពុជាមានអ្វីខ្លះ?,ប្រព័ន្ធផលិតកម្មកសិកម្មនៅកម្ពុជាមានដូចជាដំណាំដំណាំស្រូវនិងកៅស៊ូដឹកនាំផ្សេងៗទៀតការចិញ្ចឹមសត្វបានចិញ្ចឹមសត្វលើគោកការចិញ្ចឹមសត្វក្នុងទឹកការនេសាទការនេសាទទឹកសាបការនេសាទទឹកប្រៃ  ព្រៃឈើអនុផលព្រៃឈើរកឃ្មុំជ័រទឹកក្តៅសត្វព្រៃ,ប្រព័ន្ធផលិតកម្មកសិកម្មនៅប្រទេសកម្ពុជាមាន​ដូចជា៖ -ដំណាំកៅស៊ូ -ដំណាំពោត -ដំណាំស្រូវ -ការដាំដើមឈើ។,15,3,1,0.2,0.2732115198291252,1,4,0,1
750,ដូចម្តេចដែលហៅថាមេយ៉ូស? ចូរនិយាយពីវគ្គផ្សេងៗនៃមេយ៉ូស។,មេយ៉ូសជាសំណុំនៃចំណែកកោសិកាពីរដងបន្តបន្ទាប់គ្នាដែលបង្កើតបានជាកោសិកាអាលូអុីតបួន ហៅថាមេយ៉ូស ។ _តេឡូផាស1 ស៊ីតូប្លាសចែកខ្លួនបានជាកោសិកាកូនពីរ ។កោសិកាកូននីមួយៗទទួលបានក្រូម៉ូសូម តែមួយពីរគូអូម៉ូឡូក ។ _ប្រផាស1 មានរយៈពេលវែង ។ _អាណាផាស1 ក្រូម៉ូសូមដំរៀបលើផ្លាស់ភ្ជាប់នឹងក្រយ៉ូងក្រូម៉ាទិចដោយសង់ក្រូងទ័ររបស់វា ។ _តេឡូផាស2 ក្រូម៉ូមនីមួយៗបានមកដល់ប៉ូលភ្នាស _មេតាផាស2 ក្រូម៉ូសូមប្រេះតាមបណ្ដោយភ្ជាប់ខ្លួនទៅនិងក្រយ៉ងក្រូម៉ាទិចដោយសង់ _ប្រូដាស2 ត្តយ៉ងអាក្រូម៉ាទិតកើតមានក្នុងកោសិកាគូនីមួយៗ _អាណាផាស2 សង់ក្រូម៉ែធ្វើចំណែកដែលនាំអោយក្រូម៉ាទិចបងប្អូនដាច់ចេញពីគ្នា ។បន្ទាប់មក ក្រូម៉ូសូមកូនទាំង2ធ្វើដំណើរឆ្ពោះទៅប៉ូលផ្ទុយគ្នារបស់ត្រយ៉ូងអាក្រូម៉ាទិច ។,មេយ៉ូសជាសំណុំនៃចំណែកកោសិកាពីរដងបន្តបន្ទាប់គ្នាដែលបង្កើតបានជាកោសិកាអាលូអុីតបួន ហៅថាមេយ៉ូស ។ _តេឡូផាស1 _ប្រផាស1  _អាណាផាស1 _មេតាផាស1 _ប្រូដាស2  _អាណាផាស2 _មេតាផាស2 _តេឡូផាស2,10,5,2,0.5,0.4763250613126828,2,5,0,0
751,តើព្រះបាទពញាយ៉ាតមានបុត្រប៉ុន្មានអង្គព្រះនាមអ្វីខ្លះ?ជាមួយអ្នកម្នាងណាខ្លះ?,ព្រះបាទពញាយ៉ាតមានបុត្របីអង្គគឺ នារាយណ៍រាជា ជាបុត្រជាមួយម្នាងទេវី ស្រីរាជាជាបុត្រជាមួយបុទុមកេសរ និងធម្មរាជាជាបុត្រជាមួយសុីសង៉ាម(បុត្រីស្ដេចសៀម)។,ព្រះបាទពញាយ៉ាតមានបុត្របីអង្គគឺ នារាយណ៍រាជា ជាបុត្រជាមួយម្នាងទេវី ស្រីរាជាជាបុត្រជាមួយបុទុមកេសរ និងធម្មរាជាជាបុត្រជាមួយសុីសង៉ាម(បុត្រីស្ដេចសៀម)។,5,5,4,1.0,0.9999999999999998,4,5,0,0
752,តើអាណាចក្រភ្នំមានព្រំប្រទល់ជាប់ប្រទេសណាខ្លះ?,អាណាចក្រភ្នំមានព្រំប្រទល់ជាប់ប្រទេសដូចជា -ខាងជើងជាប់ចិន -ខាងត្បូងជាឈូងសមុទ្រខ្មែរ -ខាងកើតជាប់រដ្ឋចម្ប៉ា -ខាងលិចជាប់រដ្ធមនឬភូមា។,អាណាចក្រភ្នំមានព្រំប្រទល់ខាងជើងជាប់នឹងប្រទេសចិន(រដ្ឋណានឆាវនិងតុងតឹង)ខាងកើតជាប់រដ្ឋចម្ប៉ា(ឈូងសមុទ្រចិន)និងខាងត្បូងជាប់និងឈូងសមុទ្រខ្មែរ(នគរភ្នំ)និងខាងលិចជាប់រដ្ឋមនឬភូមា។,6,6,4,1.0,0.6647821859686388,3,4,1,2
753,តើប្រព័ន្ធផលិតកម្មកសិកម្មនៅក្នុងប្រទេសកម្ពុជាមានអ្វីខ្លះ?ចូររៀបរាប់​ ។,ប្រព័ន្ធផលិតកម្មកសិកម្មនៅប្រទេសកម្ពុជាមាន៖    _ ដំណាំ : ដំណាំស្រូវ ដំណាំកៅស៊ូ ដំណាំផ្សេងៗទៀត    _ ការចិញ្ចឹមសត្វ : ការចិញ្ចឹមសត្វលើគោក ការចិញ្ចឹមសត្វក្នុងទឹក    _ ការនេសាទ : ការនេសាទទឹកសាប ការនេសាទទឹកប្រៃ  _ ព្រៃឈើ : ផលិតផលឈើ អនុផលព្រៃឈើ(រកឃ្មុំ ជ័រទឹក វល្លិ៍ ផ្តៅ) សត្វព្រៃ ។,ប្រព័ន្ធផលិតកម្មកសិកម្មនៅប្រទេសកម្ពុជាមានដូចជា -ជួយបង្កើនប្រាក់ចំណូលជូនជាតិ -បង្កើនការងារឲ្យប្រជាជន -ប្រជាជនមានជីវភាពធូរធារ -ការធ្វើនិងការដាំដុះដំណាំស្រូវពោតសណ្តែកកៅ ប្រព័ន្ធផលិតកម្មកសិកម្មនានា។,10,5,2,0.5,0.25316730523938635,1,3,1,2
754,តើប្រព័ន្ធផលិតកម្មកសិកម្មនៅប្រទេសកម្ពុជាមានអ្វីខ្លះ?,ប្រព័ន្ធផលិតកម្មកសិកម្មនៅកម្ពុជាមានដូចជាដំណាំដំណាំស្រូវនិងកៅស៊ូដឹកនាំផ្សេងៗទៀតការចិញ្ចឹមសត្វបានចិញ្ចឹមសត្វលើគោកការចិញ្ចឹមសត្វក្នុងទឹកការនេសាទការនេសាទទឹកសាបការនេសាទទឹកប្រៃ  ព្រៃឈើអនុផលព្រៃឈើរកឃ្មុំជ័រទឹកក្តៅសត្វព្រៃ,ប្រព័ន្ធផលិតកម្មកសិកម្មនៅប្រទេសកម្ពុជាមាន​៖ -កៅស៊ូ -ជីឡង់ -ក្រចៅ -កប្បាស -ម្រេច -ស្រូវ។,15,3,1,0.2,0.22371670104498276,1,3,0,0
755,ហេតុអ្វីបានជាផ្នែកឯកជនជាកម្លាំងដ៏សំខាន់សម្រាប់វិនិយោគ និងធ្វើឲ្យមានកំណើនសេដ្ឋកិច្ចក្នុងប្រទេស?,បានជាផ្នែកឯកជនជាកម្លាំងដ៏សំខាន់សម្រាប់កំណើនសេដ្ឋកិច្ចកម្ពុជាព្រោះ -កម្ពុជាបានអនុវត្តសេដ្ឋកិច្ចទីផ្សារសេរីដោយបានធ្វើកំណែទម្រង់ពីសហគ្រាសរដ្ឋឲ្យក្លាយទៅជាកម្មសិទ្ធិឯកជន -សេដ្ឋកិច្ចទីផ្សារសេរីនាំឲ្យអ្នករកស៊ីចូលចិត្តមករកស៊ីនិងដាក់វិនិយោគទុន -កាលណាភ្នែកឯកជនរឹងមាំអាចជួយបំពេញបន្ថែមលើវិនិយោគសាធារណៈក្នុងវិស័យសេដ្ឋកិច្ចគឺផ្នែកឯកជនអាចស្រូបយកកម្លាំងពលកម្មកើនឡើង។,បានជាផ្នែកឯកជនជាកម្លាំងដ៏សំខាន់សម្រាប់វិនិយោគនិងធ្វើឲ្យមានកំណើនសេដ្ឋកិច្ចក្នុងប្រទេសព្រោះ៖ -ប្រជាជនអាចធ្វើការលក់និងផលិតផលដោយខ្លួនឯង -បរទេសចូលចិត្តធ្វើការមកវិនិយោគ -ឯកជនអាចធ្វើការគ្រប់គ្រងល្អជាងរដ្ឋជាអ្នកគ្រប់គ្រង -ងាយស្រួលធ្វើការវិនិយោគ។,15,5,1,0.3333333333333333,0.3436179336219521,1,5,0,0
756,តើសង្គមខ្មែរនៅសម័យអង្គរមានប៉ុន្មានវណ្ណៈ? វណ្ណៈអ្វីខ្លះ? ចូលរៀបរាប់។,សង្គមខ្មែរនៅសម័យអង្គរមានប្រាំវណ្ណៈគឺ -វណ្ណៈក្សត្រឬរាជវង្សនុវង្ស (ជាស្ដេចគ្រប់គ្រងប្រទេស -វណ្ណៈមន្ត្រី (អ្នករស់នៅក្នុងរាជវាំងបម្រើស្ដេច) -វណ្ណៈព្រាហ្ម៍ឬបុព្វជិត​(គឺជាអ្នកបួស) -វណ្ណៈអ្នកជាឬកសិករ (អ្នករស់នៅនឹងធ្វើស្រែចម្ការ) -វណ្ណៈអ្នកងារឬទាសករ(ទាសករបម្រើគេតកូនតចៅ)។,5.សង្គមខ្មែរនៅសម័យអង្គរមានប្រាំវណ្ណៈគឺ -វណ្ណៈក្សត្រឬរាជវង្សនុវង្ស:​មិនត្រូវការបង់ពន្ធ ព្រមទាំងមិនចាំបាច់ធ្វើការងារធ្ងន់។ -វណ្ណៈមន្ត្រី: ជាអ្នកដែលធ្វើការក្នុងវាំងនិងបម្រើព្រះរាជា។ -វណ្ណៈអ្នកបួសឬបុព្វជិត​: មានបួនគឺពួកប៉ាន់ឃាប ពួកព្រាហ្ម៍បុរោហិត ពួកជូគូនិងពួកប៉ាវីស៊ី។ -វណ្ណៈអ្នកជា:គឺជាប្រជាជនធម្មតាត្រូវរកស៊ីធ្វើការបង់ពន្ធដល់ព្រះរាជា។ -វណ្ណៈអ្នកងារឬទាសករ:ជាវណ្ណៈដែលបម្រើគេព្រោះដោយសារជំពាក់បំណុលគេឬជាទាសករបម្រើគេតទៅកូនតចៅដោយមិនបានប្រាក់កម្រៃ។,10,10,4,1.0,0.631169285863749,3,6,1,4
757,តើសង្គមខ្មែរនៅសម័យអង្គរមានប៉ុន្មានវណ្ណៈ? វណ្ណៈអ្វីខ្លះ? ចូលរៀបរាប់។,សង្គមខ្មែរនៅសម័យអង្គរមានប្រាំវណ្ណៈគឺ -វណ្ណៈក្សត្រឬរាជវង្សនុវង្ស (ជាស្ដេចគ្រប់គ្រងប្រទេស -វណ្ណៈមន្ត្រី (អ្នករស់នៅក្នុងរាជវាំងបម្រើស្ដេច) -វណ្ណៈព្រាហ្ម៍ឬបុព្វជិត​(គឺជាអ្នកបួស) -វណ្ណៈអ្នកជាឬកសិករ (អ្នករស់នៅនឹងធ្វើស្រែចម្ការ) -វណ្ណៈអ្នកងារឬទាសករ(ទាសករបម្រើគេតកូនតចៅ)។,សង្គមខ្មែរនៅសម័យអង្គរមានប្រាំវណ្ណៈគឺ -វណ្ណៈក្សត្រឬរាជវង្សានុវង្ស:វណ្ណៈនេះមានបុព្វសិទ្ធ -វណ្ណៈមន្ត្រី -វណ្ណៈអ្នកបួសឬបុព្វជិត -វណ្ណៈអ្នកជា -វណ្ណៈទាសករ។,10,6,2,0.6,0.7440706420678002,3,7,1,1
758,តើអាមីបរស់នៅកន្លែងណា ?វាបង្កជំងឺអ្វី?,អាមីបរស់នៅកន្លែងដូចជាស្ទឹងបឹងអូរត្រពាំងទន្លេទឹកជ្រោះ។ វាបង្កជំងឺដូចជា ជំងឺរាគមួល ធ្វើឲ្យយើងចុកពោះដោយផឹកទឹកមិនស្អាត,អាមីបរស់នៅកន្លែងដែលមិនស្អាតដូចជា ដីភក់ ទឹកកខ្វក់ និងលូទឹកស្អុយ ។វាបង្កជំងឺ រាគមួលដល់មនុស្ស។,8,5,2,0.625,0.374604086307289,1,3,1,2
759,តើដំណាក់កាលទាំងពីរនៃវដ្ដជីវីតរបស់រុក្ខជាតិមានអ្វីខ្លះ? ចូររៀបរាប់។,ដំណាក់កាល ទាំងពីរនៃវដ្ដជីវិតរបស់រុក្ខជាតិមាន  - ដំណាក់កាលស្ប៉រ៉ូភីត គឺជារុក្ខជាតិផលិតស្ប៉។ វាជាកោសិកាតូចៗដែលអាចលូតលាស់ជាសារពាង្គកាយថ្មី  -ស្ប៉លូតលាស់ក្នុងដំណាក់កាលផ្សេងទៀតនៃរុក្ខជាតិ ហៅថាកាម៉ែតូភីត។ ក្នុងដំណាក់កាលនៃរុក្ខជាតិផលិតកោសិកាភេទពីរបែប គឺកាម៉ែតឈ្មោល និងកាម៉ែតញី ។ កាម៉ែតញី និង កាម៉ែតឈ្មោលលាយចូលគ្នា បង្កើតបានជាសុីកូត។ បន្ទាប់មកទៀត សុីកូតលូតលាស់ទៅជាស្ប៉រ៉ូភីត។ស្ប៉រ៉ូភីតផលិតស្ប៉លូតលាស់ក្នុងកាម៉ែតូភីត កាម៉ែតូភីតផលិតកាម៉ែតញី និងកាម៉ែតឈ្មោល ហើយវដ្ដផ្ដើមសារជាថ្មី។,ដំណាក់កាល ទាំងពីរនៃវដ្ដជីវិតរបស់រុក្ខជាតិមាន 2 គឺ ស្ប៉រ៉ូភីត និង កាម៉ែតូភីត។ +ដំណាក់កាលស្ប៉រ៉ូភីត : គឺជារុក្ខជាតិផលិតស្ប៉ ។វាជាកោសិកាតូចៗ ដែលអាចលូតលាសៀជាសារពាង្គកាយថ្មី។ +ស្ប៉លូតលាស់ក្នុងដំណាក់កាលមួយផ្សេងទៀតនៃរុក្ខជាតិហៅថាកាម៉ែតភីត ។ក្នុងដំណាក់កាលនេះរុក្ខជាតិផលិតកោសិកាពីរបែបគឺ កាម៉ែតឈ្មោល និង កាម៉ែតញី។,15,11,3,0.7333333333333333,0.8381459560901626,3,13,0,2
760,ហេតុអ្វីបានជាផ្នែកឯកជនជាកម្លាំងដ៏សំខាន់សម្រាប់វិនិយោគនិងធ្វើឲ្យមានកំណើនសេដ្ឋកិច្ចក្នុងប្រទេស?,បានជាផ្នែកឯកជនជាកម្លាំងដ៏សំខាន់សម្រាប់វិនិយោគនិងធ្វើឲ្យមានកំណើនសេដ្ឋកិច្ចក្នុងប្រទេស ព្រោះប្រទេសកម្ពុជាជាប្រទេសអភិវឌ្ឍន៍ សេដ្ឋកិច្ចទីផ្សារដោយបានធ្វើកំណែទម្រង់សហគ្រាសឧស្សាហកម្មឲ្យក្លាយទៅជាកម្មសិទ្ធិឯកជន ។ សេដ្ឋកិច្ចទីផ្សារសេរីនេះនាំឲ្យអ្នករកស៊ីបរទេសចូលចិត្តមកវិនិយោគ ហើយកាលណាផ្នែកឯកជនរឹងមាំមកវិនិយោគ ហើយកាលណាផ្នែកឯកជនមិនរឹងមាំអាចបំពេញបន្ថែមវិនិយោគនិងវិស័យសង្គមកិច្ចមានន័យថាវិស័យឯកជនស្រូបយកកម្លាំងការងារកាន់តែកើនឡើង។,បានជាផ្នែកឯកជនជាកម្លាំងដ៏សំខាន់សម្រាប់វិនិយោគ និងធ្វើឲមានកំណើនសេដ្ឋកិច្ចក្នុងប្រទេសព្រោះ៖  _ កម្ពុជាជាប្រទេសអនុវត្តសេដ្ឋកិច្ចទីផ្សាសេរីចាប់តាំងពីឆ្នាំ1993ដោយបានធ្វើកំណែទម្រង់សហគ្រាសឲក្លាយទៅជាកម្មសិទ្ធិឯកជន  _ សេដ្ឋកិច្ចទីផ្សារសេរីនេះនាំឲអ្នករកស៊ីបរទេសចូលចិត្តមកវិនិយោគ  _ កាលណាផ្នែកឯកជនរឹងមាំអាចបំពេញបន្ថែមវិនិយោគសាធារណៈក្នុងវិស័យសង្គមកិច្ច មានន័យថាវិស័យឯកជនអាចស្រូបយកកម្លាំងការងារកាន់តែច្រើនឡើង។,15,15,4,1.0,0.8258664499866554,3,12,1,3
761,តើប្រព័ន្ធផលិតកម្មកសិកម្មនៅក្នុងប្រទេសកម្ពុជាមានអ្វីខ្លះ?ចូររៀបរាប់​ ។,ប្រព័ន្ធផលិតកម្មកសិកម្មនៅប្រទេសកម្ពុជាមាន៖    _ ដំណាំ : ដំណាំស្រូវ ដំណាំកៅស៊ូ ដំណាំផ្សេងៗទៀត    _ ការចិញ្ចឹមសត្វ : ការចិញ្ចឹមសត្វលើគោក ការចិញ្ចឹមសត្វក្នុងទឹក    _ ការនេសាទ : ការនេសាទទឹកសាប ការនេសាទទឹកប្រៃ  _ ព្រៃឈើ : ផលិតផលឈើ អនុផលព្រៃឈើ(រកឃ្មុំ ជ័រទឹក វល្លិ៍ ផ្តៅ) សត្វព្រៃ ។,ប្រព័ន្ធផលិតកម្មកសិកម្មនៅប្រទេសកម្ពុជាមានដូចជា៖   _ ប្រព័ន្ធឧស្សាហកម្ម   _ ប្រព័ន្ធកសិកម្ម   _ វិនិយោគ   _ ប្រព័ន្ធពន្ធដារ   _ ប្រព័ន្ធគមនាគមន៍។,10,2,1,0.2,0.2050789388019329,1,2,0,0
762,តើឧស្សាហកម្មមានតួនាទីដូចម្ដេចខ្លះចំពោះសេដ្ឋកិច្ចជាតិ?,ឧស្សាហកម្មមាន​តួនាទីចំពោះសេដ្ឋកិច្ចជាតិដូចជា ៖ ​ _ ជួយបង្កើតថវិការជាតិ ​ _ ជួយបង្កើតទិន្នផលជាតិ ​​ _ ជួយឲ្យសេដ្ឋកិច្ចជាតិរីកចម្រើន  _ ប្រជាជនសំបូរធូរធារ  _អភិវឌ្ឍគ្រប់វិស័យ  _ មានទំនាក់ទំនងល្អជាមួយអ្នកជិតខាង  _ មានភាពរុងរឿងនៅក្នុងប្រទេសជាតិ។,ឧស្សាហកម្មមានតួនាទីចំពោះសេដ្ឋកិច្ចជាតិដូចជា ជួយបង្កើនប្រាក់ចំណូលចូលជាតិម្ភៃបីក្បៀសប្រាំបីភាគរយឆ្នាំពីរពាន់ប្រាំបី បង្កើតការងារដល់ប្រជាជន ផ្ដល់ប្រាក់ចំណូលជួយគ្រួសារប្រជាជនមានជីវភាពធូរធារ ជួយរក្សាលំនឹងជញ្ជីងពាណិជ្ជកម្ម ផ្ដល់ធនធានសម្រាប់ដាំចេកផ្តល់ផលិតផលសម្រាប់ប្រើប្រាស់។,15,5,1,0.3333333333333333,0.3025132922907352,1,5,0,0
763,តើឧស្សាហកម្មមានតួនាទីចំពោះសេដ្ឋកិច្ចជាតិយ៉ាងដូចម្ដេច?,ឧស្សាហកម្មមានតួនាទីសម្រាប់សេដ្ឋកិច្ចជាតិដូចជា -ជួយបង្កើតប្រាក់ចំណូលចូលជាតិ -បង្កើតការងារដល់ប្រជាជន -បង្កើតប្រាក់ចំណូលចូលក្នុងគ្រួសារ -ប្រជាជនមានជីវភាពធូរធារ -ជួយរក្សាជញ្ជីងពាណិជ្ជកម្ម -ជួយបង្កើតទិន្នផលសម្រាប់ការនាំចេញនាំចូល -បង្កើននូវសង្ឃភារៈសម្រាប់ប្រើប្រាស់។,ឧស្សាហកម្មមានតួនាទីចំពោះសេដ្ឋកិច្ចជាតិដូចជា៖ -ជួយបង្កើតប្រាក់ចំណូលចូលជាតិ២៣.៨%ឆ្នាំ២០០៨ -បង្កើតការងារជូនប្រជាជន -ផ្ដល់ប្រាក់ចំណូលក្នុងគ្រួសារ -ប្រជាជនមានជីវភាពធូរធារ -ជួយថែរក្សាលំនឹងជញ្ជីងពាណិជ្ជកម្ម -ផ្ដល់ផលិតផលសម្រាប់នាំចេញ -ផ្ដល់ផលិតផលសម្រាប់ប្រើប្រាស់។,15,12,3,0.8,0.6658325143590897,3,10,0,2
764,ដូចម្តេចដែលហៅថាមេយ៉ូស? ចូរនិយាយពីវគ្គផ្សេងៗនៃមេយ៉ូស។,មេយ៉ូសជាសំណុំនៃចំណែកកោសិកាពីរដងបន្តបន្ទាប់គ្នាដែលបង្កើតបានជាកោសិកាអាលូអុីតបួន ហៅថាមេយ៉ូស ។ _តេឡូផាស1 ស៊ីតូប្លាសចែកខ្លួនបានជាកោសិកាកូនពីរ ។កោសិកាកូននីមួយៗទទួលបានក្រូម៉ូសូម តែមួយពីរគូអូម៉ូឡូក ។ _ប្រផាស1 មានរយៈពេលវែង ។ _អាណាផាស1 ក្រូម៉ូសូមដំរៀបលើផ្លាស់ភ្ជាប់នឹងក្រយ៉ូងក្រូម៉ាទិចដោយសង់ក្រូងទ័ររបស់វា ។ _តេឡូផាស2 ក្រូម៉ូមនីមួយៗបានមកដល់ប៉ូលភ្នាស _មេតាផាស2 ក្រូម៉ូសូមប្រេះតាមបណ្ដោយភ្ជាប់ខ្លួនទៅនិងក្រយ៉ងក្រូម៉ាទិចដោយសង់ _ប្រូដាស2 ត្តយ៉ងអាក្រូម៉ាទិតកើតមានក្នុងកោសិកាគូនីមួយៗ _អាណាផាស2 សង់ក្រូម៉ែធ្វើចំណែកដែលនាំអោយក្រូម៉ាទិចបងប្អូនដាច់ចេញពីគ្នា ។បន្ទាប់មក ក្រូម៉ូសូមកូនទាំង2ធ្វើដំណើរឆ្ពោះទៅប៉ូលផ្ទុយគ្នារបស់ត្រយ៉ូងអាក្រូម៉ាទិច ។,ដែលហៅថាមេយ៉ូសគឺជាសំណុំនៃចំណែកកោសិកាពីដងបន្តបន្ទាប់គ្នាបង្កើតបានជាកោសិកា អាប្លូអុីត4 ។វគ្គផ្សេងនៃមេយ៉ូសមានដូចជា  _ប្រផាស1 មានរយៈពេលវែង ។ _អាណាផាស1 ក្រូម៉ូសូមដំរៀបលើផ្លាស់ភ្ជាប់នឹងក្រយ៉ូងក្រូម៉ាទិចដោយសង់ក្រូងទ័ររបស់វា ។ _តេឡូផាស1 ស៊ីតូប្លាសចែកខ្លួនបានជាកោសិកាកូនពីរ ។កោសិកាកូននីមួយៗទទួលបានក្រូម៉ូសូម តែមួយពីរគូអូម៉ូឡូក ។,10,6,2,0.6,0.7732054138837972,3,8,1,2
765,តើគេចែកប្រូទីសជាប៉ុន្មានក្រុម?អ្វីខ្លះ?,ប្រូទីសសត្វចែកជា 4 ក្រុមតាមរបៀបរស់នៅនឹងផ្លាស់ទីរបស់វា  +ប្រូតូសូអ៊ែផ្លាស់ទីដោយជើងបញ្ឆោត: អាមីប +ប្រូតូសូអ៊ែផ្លាស់ទីដោយផ្លាសែល : សាឌីយ៉ា +ប្រូតូសូអ៊ែបន្តពូជតាមរយ:ស្ប៉ :ស្ប៉រ៉ូសូអ៊ែ។,ប្រូទីសសត្វចែកជា 4 ក្រុមតាមរបៀបរស់នៅនឹងផ្លាស់ទីរបស់វា  +ប្រូតូសូអ៊ែផ្លាស់ទីដោយជើងបញ្ឆោត: អាមីប +ប្រូតូសូអ៊ែផ្លាស់ទីដោយផ្លាសែល : សាឌីយ៉ា +ប្រូតូសូអ៊ែបន្តពូជតាមរយ:ស្ប៉ :ស្ប៉រ៉ូសូអ៊ែ។,8,5,2,0.625,1.0,4,8,2,3
766,តើដំណាក់កាលទាំងពីរនៃវដ្ដជីវីតរបស់រុក្ខជាតិមានអ្វីខ្លះ? ចូររៀបរាប់។,ដំណាក់កាល ទាំងពីរនៃវដ្ដជីវិតរបស់រុក្ខជាតិមាន  - ដំណាក់កាលស្ប៉រ៉ូភីត គឺជារុក្ខជាតិផលិតស្ប៉។ វាជាកោសិកាតូចៗដែលអាចលូតលាស់ជាសារពាង្គកាយថ្មី  -ស្ប៉លូតលាស់ក្នុងដំណាក់កាលផ្សេងទៀតនៃរុក្ខជាតិ ហៅថាកាម៉ែតូភីត។ ក្នុងដំណាក់កាលនៃរុក្ខជាតិផលិតកោសិកាភេទពីរបែប គឺកាម៉ែតឈ្មោល និងកាម៉ែតញី ។ កាម៉ែតញី និង កាម៉ែតឈ្មោលលាយចូលគ្នា បង្កើតបានជាសុីកូត។ បន្ទាប់មកទៀត សុីកូតលូតលាស់ទៅជាស្ប៉រ៉ូភីត។ស្ប៉រ៉ូភីតផលិតស្ប៉លូតលាស់ក្នុងកាម៉ែតូភីត កាម៉ែតូភីតផលិតកាម៉ែតញី និងកាម៉ែតឈ្មោល ហើយវដ្ដផ្ដើមសារជាថ្មី។,រុក្ខជាតិមានវដ្ដជីវិតសាំញុំរួមមាន២ ដំណាក់កាលគឺ ស្ប៉រ៉ូភីត និង កាម៉ែតូភីត -ស្ប៉រ៉ូភីត គឺជា រុក្ខជាតិផលិតស្ប៉ ។ វាជាកោសិកាតូចៗដែលអាចលូតលាស់ជាសារពាង្គកាយថ្មី។ -កាម៉ែតូភីត គឺជាស្ប៉លូតលាស់ក្នុងដំណាក់កាលមួយនៃរុក្ខជាតិ។វាបង្កើតបានជាភេទ ២ គឺកាម៉ែតញី និង កាម៉ែតឈ្មោល ។,15,13,3,0.8666666666666667,0.8362997291920437,3,13,0,0
767,ចូរនិយាយពីកំណកាម៉ែតញី។,ការស្ថិតនៅក្រោមសារពាង្គកាយនៃពងស្វាសមានសារៈសំខាន់ដូចជាដើម្បីរក្សាសីតុណ្ហភាពឲ្យ ទាបជាងសីតុណ្ហភាពក្នុងខ្លួន ប្រហែលពី(2-3)សីតុណ្ហភាពក្នុងខ្លួន37 ។,កំណកាម៉ែតញីដំបូងកោសិកាពូជមួយរួមចំណែកពីរដងបន្តបន្ទាប់គ្នា បានកោសិកាអូវ៉ូកូរី4 ។ អូវ៉ូកូរីនីមួយៗរីកមាឌអាចជាអូវ៉ូស៊ីត1 ។អូវ៉ូស៊ីតមួយរងចំណែកមួយនៃមេយោធាហើយត្រូវបាន ឈប់គាំងនៅវគ្គប្រផ្ដាស1 ។ក្រោយមកពេលគ្រប់អូវ៉ូស៊ីតមួយបន្តធ្វើចំណែកហើយត្រូវបានបញ្ចប់ នៅរយៈពេល6ម៉ោងមុនដំណើរអូវ៉ុលនិងធ្លាក់មកក្រៅជាអូវ៉ូស៊ីត2 ។ប្រសិនបើជួបស្ពែម៉ាតូសូអុីត បង្កើតបានជាអូវុល ។,10,8,3,0.8,0.02410828921328755,0,0,3,8
768,ដូចម្តេចដែលហៅថាមេយ៉ូស? ចូរនិយាយពីវគ្គផ្សេងៗនៃមេយ៉ូស។,មេយ៉ូសជាសំណុំនៃចំណែកកោសិកាពីរដងបន្តបន្ទាប់គ្នាដែលបង្កើតបានជាកោសិកាអាលូអុីតបួន ហៅថាមេយ៉ូស ។ _តេឡូផាស1 ស៊ីតូប្លាសចែកខ្លួនបានជាកោសិកាកូនពីរ ។កោសិកាកូននីមួយៗទទួលបានក្រូម៉ូសូម តែមួយពីរគូអូម៉ូឡូក ។ _ប្រផាស1 មានរយៈពេលវែង ។ _អាណាផាស1 ក្រូម៉ូសូមដំរៀបលើផ្លាស់ភ្ជាប់នឹងក្រយ៉ូងក្រូម៉ាទិចដោយសង់ក្រូងទ័ររបស់វា ។ _តេឡូផាស2 ក្រូម៉ូមនីមួយៗបានមកដល់ប៉ូលភ្នាស _មេតាផាស2 ក្រូម៉ូសូមប្រេះតាមបណ្ដោយភ្ជាប់ខ្លួនទៅនិងក្រយ៉ងក្រូម៉ាទិចដោយសង់ _ប្រូដាស2 ត្តយ៉ងអាក្រូម៉ាទិតកើតមានក្នុងកោសិកាគូនីមួយៗ _អាណាផាស2 សង់ក្រូម៉ែធ្វើចំណែកដែលនាំអោយក្រូម៉ាទិចបងប្អូនដាច់ចេញពីគ្នា ។បន្ទាប់មក ក្រូម៉ូសូមកូនទាំង2ធ្វើដំណើរឆ្ពោះទៅប៉ូលផ្ទុយគ្នារបស់ត្រយ៉ូងអាក្រូម៉ាទិច ។,មេយ៉ូសជាសំណុំនៃចំណែកកោសិកាពីរដងបន្តបន្ទាប់គ្នាដែលបង្កើតបានជាកោសិកាអាលូអុីតបួន ហៅថាមេយ៉ូស ។មានបួនវគ្គគឺ ប្រូផាស អាណាផាស មេតាផាស និង តេឡូផាស ។,10,5,2,0.5,0.3872975717277597,2,4,0,1
769,តើកត្តាអ្វីខ្លះដែលធ្វើអោយសម័យអង្គររីកចម្រើនដល់កំពូល?​ ចូលរៀបរាប់។,កត្តាដែលធ្វើអោយសម័យអង្គររីកចម្រើនគឺ: កត្តាព្រះរាជា:ព្រះរាជាចាប់ពីព្រះបាទជ័យវរ្ម័នទី 2 រហូតដល់ព្រះបាទជ័យវរ្ម័នទី 7 សុទ្ធតែជាស្ដេចខ្លាំងពូកែ កត្តានយោបាយ: នយោបាយក្នុងប្រទេសបង្រួបបង្រួមជាតិកសាងនិងការពារទឹកដី នយោបាយក្រៅប្រទេស:ចងសម្ព័ន្ធមិត្តជាមួយប្រទេសធំៗវាយយករដ្ឋតូចដាក់ជាចំណុះ កត្តាសេដ្ឋកិច្ច:រីកចម្រើនលើវិស័យកសិកម្មសិប្បកម្មគណនាគម កត្តាសាសនា:ការឯកភាពគ្នារវាងសាសនាព្រាហ្មនិងព្រះពុទ្ធ កត្តាធនធានមនុស្សបន្សល់ទុកតាំងពីសម័យនគរភ្នំនិងចេនឡាមក។,កត្តាដែលធ្វើអោយសម័យអង្គររីកចម្រើនគឺ: កត្តាព្រះរាជា:ព្រះរាជាចាប់ពីព្រះបាទជ័យវរ្ម័នទី 2 រហូតដល់ព្រះបាទជ័យវរ្ម័នទី 7 សុទ្ធសឹងតែជាស្ដេចខ្លាំងពូកែ កត្តានយោបាយ: នយោបាយក្នុងប្រទេសបង្រួបបង្រួមជាតិកសាងនិងការពារទឹកដី នយោបាយក្រៅប្រទេស:ចងសម្ព័ន្ធមិត្តជាមួយប្រទេសធំៗវាយយករដ្ឋតូចដាក់ជាចំណុះ កត្តាសាសនា:ការឯកភាពគ្នារវាងសាសនាព្រាហ្មនិងព្រះពុទ្ធ កត្តាមនុស្ស:មនុស្សបន្សល់ទុកតាំងពីសម័យនគរភ្នំនិងចេនឡាមក។,10,9,4,0.9,0.9425976786187968,4,9,0,0
770,តើឧស្សាហកម្មមានតួនាទីដូចម្ដេចខ្លះចំពោះសេដ្ឋកិច្ចជាតិ?,ឧស្សាហកម្មមាន​តួនាទីចំពោះសេដ្ឋកិច្ចជាតិដូចជា ៖ ​ _ ជួយបង្កើតថវិការជាតិ ​ _ ជួយបង្កើតទិន្នផលជាតិ ​​ _ ជួយឲ្យសេដ្ឋកិច្ចជាតិរីកចម្រើន  _ ប្រជាជនសំបូរធូរធារ  _អភិវឌ្ឍគ្រប់វិស័យ  _ មានទំនាក់ទំនងល្អជាមួយអ្នកជិតខាង  _ មានភាពរុងរឿងនៅក្នុងប្រទេសជាតិ។,ឧស្សាហកម្មមានតួនាទីចំពោះសេដ្ឋកិច្ចយ៉ាងច្រើនបែប៖  _ ជួយឲ្យប្រជាជនមានការងារធ្វើ   _ ប្រជាជនអាចរកប្រាក់ចំណូលបានដើម្បីផ្គត់ផ្គង់គ្រួសារ   _ ធ្វើសេដ្ឋកិច្ចមានការរីកចម្រើនផ្នែកឧស្សាហកម្ម   _ អាចនាំផលិតផលទៅលក់នៅក្រៅប្រទេស   _ ធ្វើឲ្យប្រទេសជាតិមានការអភិវឌ្ឍកាន់តែច្រើន   _ អាចផលិតឧបករណ៍ដោយខ្លួនឯង   _ រកប្រាក់ចំណូលពីទេសចរណ៍។,15,15,4,1.0,0.27447122024369924,1,4,3,11
771,តើផ្សិតមានរូបរាងខុសៗគ្នាអាស្រ័យនឹងអ្វី? ស្រូបសារធាតុចិញ្ចឹមតាមរយៈអ្វី?,ផ្សិតមានរូបរាងខុសៗគ្នាអាស្រ័យនឹងការតម្រៀបអុីបរបស់វា។ផ្សិតស្រូបសារធាតុចិញ្ចឹមតាមរយ:អុីបដែលដុះចូលទៅក្នុងប្រភពអាហារ។,ផ្សិតមានរូបរាងខុសៗគ្នាអាស្រ័យលើការតម្រៀបរបស់អុីប។ផ្សិតខ្លះ អុីបមានរាងសរសៃឆ្មារៗបែកមែកប្រទាក់ក្រឡាគ្នា ណ្ហេលៗ(រង្វិល) ។ ផ្សិតខ្លះទៀតអុីបរបស់វាតម្រៀបគ្នាយ៉ាងណែន ។ វាស្រូបសារធាតុចិញ្ចឹមតាមរយ:អុីប។,10,3,1,0.3,0.5023994932323168,2,5,1,2
772,តើសង្គមខ្មែរនៅសម័យអង្គរមានប៉ុន្មានវណ្ណៈ? វណ្ណៈអ្វីខ្លះ? ចូលរៀបរាប់។,សង្គមខ្មែរនៅសម័យអង្គរមានប្រាំវណ្ណៈគឺ -វណ្ណៈក្សត្រឬរាជវង្សនុវង្ស (ជាស្ដេចគ្រប់គ្រងប្រទេស -វណ្ណៈមន្ត្រី (អ្នករស់នៅក្នុងរាជវាំងបម្រើស្ដេច) -វណ្ណៈព្រាហ្ម៍ឬបុព្វជិត​(គឺជាអ្នកបួស) -វណ្ណៈអ្នកជាឬកសិករ (អ្នករស់នៅនឹងធ្វើស្រែចម្ការ) -វណ្ណៈអ្នកងារឬទាសករ(ទាសករបម្រើគេតកូនតចៅ)។,សង្គមខ្មែរនៅសម័យអង្គរមានប្រាំវណ្ណៈគឺ -វណ្ណៈក្សត្រឬរាជវង្សានុវង្ស -វណ្ណៈព្រាហ្ម -វណ្ណៈបុព្វជិត -វណ្ណៈអ្នកជា -វណ្ណៈទាសករឬអ្នកងារ។,10,5,2,0.5,0.7582586791525092,3,8,1,3
773,តើគេចែកយុគសម័យបុរេប្រវត្តិសាស្ត្រកម្ពុជាជាប៉ុន្មានយុគសម័យ?អ្វីខ្លះ?,គេចែកយុគសម័យបុរេប្រវត្តិសាស្ត្រកម្ពុជាជាបីយុគសម័យគឺ -យុគថ្មបំបែក (600000 - 12000 ឆ្នាំមុនគ.ស) -យុគថ្មរលីងឬសំលៀង (8000 - 2000 ឆ្នាំមុនគ.ស) -យុគលោហៈ(2000-100 ឆ្នាំមុនគ.ស)។,គេចែកយុគសម័យបុរេប្រវត្តិសាស្ត្រកម្ពុជាជាបីយុគសម័យគឺ -យុគថ្មបំបែក (600000 - 12000 ឆ្នាំមុនគ.ស) -យុគថ្មរលីងឬសំលៀង (8000 - 2000 ឆ្នាំមុនគ.ស) -យុគលោហៈ(2000-100 ឆ្នាំមុនគ.ស)។,5,5,4,1.0,1.0,4,5,0,0
774,តើដំណាក់កាលទាំងពីរនៃវដ្ដជីវីតរបស់រុក្ខជាតិមានអ្វីខ្លះ? ចូររៀបរាប់។,ដំណាក់កាល ទាំងពីរនៃវដ្ដជីវិតរបស់រុក្ខជាតិមាន  - ដំណាក់កាលស្ប៉រ៉ូភីត គឺជារុក្ខជាតិផលិតស្ប៉។ វាជាកោសិកាតូចៗដែលអាចលូតលាស់ជាសារពាង្គកាយថ្មី  -ស្ប៉លូតលាស់ក្នុងដំណាក់កាលផ្សេងទៀតនៃរុក្ខជាតិ ហៅថាកាម៉ែតូភីត។ ក្នុងដំណាក់កាលនៃរុក្ខជាតិផលិតកោសិកាភេទពីរបែប គឺកាម៉ែតឈ្មោល និងកាម៉ែតញី ។ កាម៉ែតញី និង កាម៉ែតឈ្មោលលាយចូលគ្នា បង្កើតបានជាសុីកូត។ បន្ទាប់មកទៀត សុីកូតលូតលាស់ទៅជាស្ប៉រ៉ូភីត។ស្ប៉រ៉ូភីតផលិតស្ប៉លូតលាស់ក្នុងកាម៉ែតូភីត កាម៉ែតូភីតផលិតកាម៉ែតញី និងកាម៉ែតឈ្មោល ហើយវដ្ដផ្ដើមសារជាថ្មី។,ដំណាក់កាល ទាំងពីរនៃវដ្ដជីវិតរបស់រុក្ខជាតិមាន 2 គឺ ស្ប៉រ៉ូភីត និង កាម៉ែតូភីត។ +ដំណាក់កាលស្ប៉រ៉ូភីត : គឺជារុក្ខជាតិផលិតស្ប៉ ។វាជាកោសិកាតូចៗ ដែលអាចលូតលាសៀជាសារពាង្គកាយថ្មី។ +ស្ប៉លូតលាស់ក្នុងដំណាក់កាលមួយផ្សេងទៀតនៃរុក្ខជាតិហៅថាកាម៉ែតភីត ។ក្នុងដំណាក់កាលនេះរុក្ខជាតិផលិតកោសិកាពីរបែបគឺ កាម៉ែតឈ្មោល និង កាម៉ែតញី។,15,13,3,0.8666666666666667,0.8381459560901626,3,13,0,0
775,តើគេចែកប្រូទីសជាប៉ុន្មានក្រុម?អ្វីខ្លះ?,ប្រូទីសសត្វចែកជា 4 ក្រុមតាមរបៀបរស់នៅនឹងផ្លាស់ទីរបស់វា  +ប្រូតូសូអ៊ែផ្លាស់ទីដោយជើងបញ្ឆោត: អាមីប +ប្រូតូសូអ៊ែផ្លាស់ទីដោយផ្លាសែល : សាឌីយ៉ា +ប្រូតូសូអ៊ែបន្តពូជតាមរយ:ស្ប៉ :ស្ប៉រ៉ូសូអ៊ែ។,គេចែកប្រូទីសសត្វជា 4ប្រភេទគឺ-ប្រូទីសផ្លាស់ទីដោយជើងបញ្ឆោត : អាមីប-ប្រូទីស ផ្លាស់ទីដោយរោមញ័រ : ប៉ារ៉ាមេសុី-ប្រូទីសផ្លាស់ទីដោយ ប្លាសែល-ប្រូទីសផ្លាស់ទីដោយ ស្ប៉។,8,4,2,0.5,0.45550507006015967,2,4,0,0
776,តើគេចែកយុគសម័យបុរេប្រវត្តិសាស្ត្រកម្ពុជាជាប៉ុន្មានយុគសម័យ?អ្វីខ្លះ?,គេចែកយុគសម័យបុរេប្រវត្តិសាស្ត្រកម្ពុជាជាបីយុគសម័យគឺ -យុគថ្មបំបែក (600000 - 12000 ឆ្នាំមុនគ.ស) -យុគថ្មរលីងឬសំលៀង (8000 - 2000 ឆ្នាំមុនគ.ស) -យុគលោហៈ(2000-100 ឆ្នាំមុនគ.ស)។,គេចែកយុគសម័យបុរេប្រវត្តិសាស្ត្រកម្ពុជាជាបីយុគសម័យគឺ -យុគថ្មបំបែក -យុគថ្មរលីងឬសំលៀង -យុគលោហៈ។,5,3,2,0.6,0.5786223192958814,2,3,0,0
777,តើកត្តាអ្វីខ្លះដែលធ្វើអោយសម័យអង្គររីកចម្រើនដល់កំពូល?​ ចូលរៀបរាប់។,កត្តាដែលធ្វើអោយសម័យអង្គររីកចម្រើនគឺ: កត្តាព្រះរាជា:ព្រះរាជាចាប់ពីព្រះបាទជ័យវរ្ម័នទី 2 រហូតដល់ព្រះបាទជ័យវរ្ម័នទី 7 សុទ្ធតែជាស្ដេចខ្លាំងពូកែ កត្តានយោបាយ: នយោបាយក្នុងប្រទេសបង្រួបបង្រួមជាតិកសាងនិងការពារទឹកដី នយោបាយក្រៅប្រទេស:ចងសម្ព័ន្ធមិត្តជាមួយប្រទេសធំៗវាយយករដ្ឋតូចដាក់ជាចំណុះ កត្តាសេដ្ឋកិច្ច:រីកចម្រើនលើវិស័យកសិកម្មសិប្បកម្មគណនាគម កត្តាសាសនា:ការឯកភាពគ្នារវាងសាសនាព្រាហ្មនិងព្រះពុទ្ធ កត្តាធនធានមនុស្សបន្សល់ទុកតាំងពីសម័យនគរភ្នំនិងចេនឡាមក។,កត្តាដែលធ្វើអោយសម័យអង្គររីកចម្រើនគឺ: .កត្តាព្រះរាជា:ព្រះរាជាចាប់ពីព្រះបាទជ័យវរ្ម័នទី 2 រហូតដល់ព្រះបាទជ័យវរ្ម័នទី 7 សុទ្ធសឹងតែជាស្ដេចខ្លាំងពូកែ .កត្តានយោបាយ: +នយោបាយក្នុងប្រទេស:បង្រួបបង្រួម​ កសាង និងការពារ។ +នយោបាយក្រៅប្រទេស:ចងសម្ព័ន្ធមិត្តជាមួយប្រទេសធំៗដូចជាចិននិងឥណ្ឌា និងវាយយករដ្ឋតូចដាក់ជាចំណុះ .កត្តាសេដ្ឋកិច្ច:ការរីកចម្រើនលើវិស័យកសិកម្ម សិប្បកម្ម គណនាគមន៍ .កត្តាសាសនា:មានការឯកភាពគ្នារវាងសាសនាព្រាហ្មនិងព្រះពុទ្ធ .កត្តាធនធានមនុស្សបន្សល់ទុកតាំងពីសម័យនគរភ្នំនិងចេនឡាមក។,10,10,4,1.0,0.9273986502678749,4,9,0,1
778,បុព្វហេតុអ្វីខ្លះដែលនាំឲ្យអាណាចក្រចេនឡាបែកបាក់ជាពីរគឺអាណាចក្រចេនឡាដីគោកនិងចេនឡាទឹកលិច?,បុព្វហេតុដែលនាំហើយអាណាចក្រចេនឡាបែកជាពីរគឺ -វិសាលភាពទឹកដីធំទូលាយ -ចម្បាំងអត់ឈប់ឈរ -សមន្ដរដ្ឋបះបោរចង់ផ្ដាច់ខ្លួន -វិបត្តិផ្ទៃក្នុង -ព្រះនាងជ័យទេវីគ្មានសមត្ថភាពគ្រប់គ្រង។,បុព្វហេតុដែលនាំហើយអាណាចក្រចេនឡាបែកជាពីរគឺ -វិសាលភាពទឹកដីធំទូលាយ -ចម្បាំងអត់ឈប់ឈរ -សមន្ដរដ្ឋបះបោរចង់ផ្ដាច់ខ្លួន -វិបត្តិផ្ទៃក្នុង -ព្រះនាងជ័យទេវីគ្មានសមត្ថភាពគ្រប់គ្រង។,7,7,4,1.0,1.0,4,7,0,0
779,ហេតុអ្វីបានជាផ្នែកឯកជនជាកម្លាំងដ៏សំខាន់សម្រាប់វិនិយោគនិងធ្វើឲ្យមានកំណើនសេដ្ឋកិច្ចក្នុងប្រទេស?,បានជាផ្នែកឯកជនជាកម្លាំងដ៏សំខាន់សម្រាប់វិនិយោគនិងធ្វើឲ្យមានកំណើនសេដ្ឋកិច្ចក្នុងប្រទេស ព្រោះប្រទេសកម្ពុជាជាប្រទេសអភិវឌ្ឍន៍ សេដ្ឋកិច្ចទីផ្សារដោយបានធ្វើកំណែទម្រង់សហគ្រាសឧស្សាហកម្មឲ្យក្លាយទៅជាកម្មសិទ្ធិឯកជន ។ សេដ្ឋកិច្ចទីផ្សារសេរីនេះនាំឲ្យអ្នករកស៊ីបរទេសចូលចិត្តមកវិនិយោគ ហើយកាលណាផ្នែកឯកជនរឹងមាំមកវិនិយោគ ហើយកាលណាផ្នែកឯកជនមិនរឹងមាំអាចបំពេញបន្ថែមវិនិយោគនិងវិស័យសង្គមកិច្ចមានន័យថាវិស័យឯកជនស្រូបយកកម្លាំងការងារកាន់តែកើនឡើង។,បានជាផ្លែឯកជនជាកម្លាំងដ៏សំខាន់សម្រាប់វិនិយោគនិងធ្វើឲ្យមានកំណើនសេដ្ឋកិច្ចក្នុងប្រទេសព្រោះ កម្ពុជាពឹងផ្អែកលើការអនុវត្តសេដ្ឋកិច្ចទីផ្សារសេរីចាប់តាំងពីឆ្នាំមួយពាន់ប្រាំបួនរយកៅសិបបីនិងផ្តល់សហគ្រាសឲ្យឯកជនធ្វើជាកម្មសិទ្ធិឯកជន ឯកជនជាកម្លាំងរឹងមាំធ្វើឲ្យសេដ្ឋកិច្ចបន្ថែមវិនិយោគសាធារណៈ  វិស័យសេដ្ឋកិច្ចមាន មានន័យវិស័យឯកជនជួយដល់ប្រជាជនដែលមានការងារធ្វើបានរីកចំរើនសេដ្ឋកិច្ចទីផ្សារសេរីធ្វើឲ្យប្រទេសចូលចិត្តវិនិយោគ។,15,6,2,0.4,0.6175931768405498,2,9,0,3
780,ហេតុអ្វីបានជាផ្នែកឯកជនជាកម្លាំងដ៏សំខាន់សម្រាប់វិនិយោគនិងធ្វើឲ្យមានកំណើនសេដ្ឋកិច្ចក្នុងប្រទេស?,បានជាផ្នែកឯកជនជាកម្លាំងដ៏សំខាន់សម្រាប់វិនិយោគនិងធ្វើឲ្យមានកំណើនសេដ្ឋកិច្ចក្នុងប្រទេស ព្រោះប្រទេសកម្ពុជាជាប្រទេសអភិវឌ្ឍន៍ សេដ្ឋកិច្ចទីផ្សារដោយបានធ្វើកំណែទម្រង់សហគ្រាសឧស្សាហកម្មឲ្យក្លាយទៅជាកម្មសិទ្ធិឯកជន ។ សេដ្ឋកិច្ចទីផ្សារសេរីនេះនាំឲ្យអ្នករកស៊ីបរទេសចូលចិត្តមកវិនិយោគ ហើយកាលណាផ្នែកឯកជនរឹងមាំមកវិនិយោគ ហើយកាលណាផ្នែកឯកជនមិនរឹងមាំអាចបំពេញបន្ថែមវិនិយោគនិងវិស័យសង្គមកិច្ចមានន័យថាវិស័យឯកជនស្រូបយកកម្លាំងការងារកាន់តែកើនឡើង។,បានជាផ្នែកសេវាកម្មមានសារៈសំខាន់សម្រាប់ជំរុញវិស័យសេដ្ឋកិច្ចនិងសង្គមព្រោះបើគ្មានសេវាកម្មទេគឺការប្រើប្រាស់ហិរញ្ញវត្ថុវិនិយោគទុនក្នុងវិស័យសេដ្ឋកិច្ចឱ្យស្របតាមតម្រូវការគឺការផលិតក៏ដូចជាការបង្កើតជំនួញផ្សេងៗទៀត។,15,14,4,0.9333333333333333,0.25622510175511676,1,4,3,10
781,ចូរពណ៏នាពីការអភិវឌ្ឍសេដ្ឋកិច្ច សង្គម នៅកម្ពុជាពីឆ្នាំ១៩៩៣ មកទល់សព្វថ្ងៃ?,ការអភិវឌ្ឈនៅកម្ពុជា +វិស័យសេដ្ឋកិច្ច -ជួយជំរុញវិស័យកសិកម្ម ឧស្សាហកម្ម ពាណិជ្ជកម្ម ទេសចរណ៌ មានការអភិវឌ្ឈ -មានកំណើនការវិនិយោគពីឯកជនបង្កើតទុនបរទេស -មានទំនាក់ទំនងពាណិជ្ជកម្មអន្តរជាតិជាមួយអាស៊ាននិងមហាអំណាចធំៗ -មានកំណើនភ្ញៀវទេសចរណ៌ជាតិនិងអន្តរជាតិ ផ្ដល់ចំណូលដល់ប្រជាជន -កសាងហេដ្ឋារចនាសម្ព័ន្ធ មានផ្លូវថ្នល់ ស្ពានដែក កំពង់ផែ អាកាសយាន្តដ្ឋាន ដោយបំពាក់ប្រព័ន្ធទឹកភ្លើងពីទីក្រុងទៅជនបទ +វិស័យសង្គម -មានការទប់ស្កាត់សង្គ្រាម -លើកស្ទួយការគោរពសិទ្ធិមនុស្ស -ទប់ស្កាត់អំពើពុករលួយ -ធ្វើឱ្យរដ្ឋាភិបាលមានលទ្ធភាពសម្រេចផែនការនានាតាមការកំណត់ -ជួយឱ្យមានរក្សាសន្តិភាព សុខសុវត្ថិភាព -មានការអភិវឌ្ឈសាលារៀន មន្ទីរពេទ្យ -មានសមភាពយែនឌ័រក្នុងសង្គម -កម្ពុជារៀបចំកម្មវិធីធំៗថ្នាក់ជាតិ។,ពណ៌នាពីការអភិវឌ្ឍសេដ្ឋកិច្ចសង្គមនៅកម្ពុជាពីឆ្នាំ 1993 មកទល់សព្វថ្ងៃ៖ +សេដ្ឋកិច្ច -សេដ្ឋកិច្ចមានការរីកចម្រើនគួរកត់សម្គាល់ -មានទំនាក់ទំនងពាណិជ្ជកម្មល្អជាមួយប្រទេសក្នុងតំបន់និងអន្តរជាតិ -មានការអភិវឌ្ឈវិស័យកសិកម្ម ឧស្សាហកម្ម ពាណិជ្ជកម្ម -ជំរុញឱ្យមានការតំឡើងបចេ្ចកវិទ្យាក្និងវិស័យឧស្សាហកម្ម -កសាងកំពង់ផែស្វ័យត -ការអភិវឌ្ឈលើគ្រប់តំបន់ឧស្សាហកម្ម។ +សង្គម -ប្រជាជនកម្ពុជាទទួលបានសន្តិភាពពេញលេញ។ -បោះឆ្នោតជ្រើសរើសមេដឹកនាំតាមបែបប្រជាធិបតេយ្យ -តំបន់ព្រំដែនមានសិខសន្តិភាពនិងការអភិវឌ្ឈ -កសាងហេដ្ឋារចនាសម្ព័ន្ធសង្គម (ផ្លូវថ្នល់ សាលារៀន មន្ទីរពេទ្យ) -កម្ពុជាក្លាយជាអាស៑ានប្ដូរវេន និងជាម្ចាស់ផ្ទះប្រជុំកំពូលអាស៑ានដោយសារសន្តិភាព។,10,8,3,0.8,0.5118551092491486,2,5,1,3
782,តើមូលហេតុអ្វីបានជាព្រះបាទពញាយ៉ាត ជ្រើសរើសយកចតុមុខធ្វើជារាជធានី?,បានជាព្រះបាទពញាយ៉ាតជ្រើសរើសក្រុងចតុមុខជារាជធានីព្រោះ មានទីតាំងភូមិសាស្ត្រល្អ គេចពីសត្រូវឈ្លានពានសៀម ដីមានជីវជាតិងាយស្រួលក្នុងការធ្វើកសិកម្ម ជាទីប្រសព្វនៃជំនួសទាំងផ្លូវគោកនិងផ្លូវទឹក សម្បូរផ្លូវក្នុងការធ្វើកសិកម្មនិងជំនួញ ភាពខាងត្បូងដីមានប្រជាជនច្រើននិងធនធានដើម្បីកសាងសេដ្ឋកិច្ចជាតិ។,បានជាព្រះបាទពញាយ៉ាតជ្រើសរើសក្រុងចតុមុខជារាជធានីព្រោះ មានទីតាំងភូមិសាស្ត្រល្អ គេចពីសត្រូវឈ្លានពានសៀម ដីមានជីវជាតិងាយស្រួលក្នុងការធ្វើកសិកម្ម ជាទីប្រសព្វនៃជំនួសទាំងផ្លូវគោកនិងផ្លូវទឹក សម្បូរផ្លូវក្នុងការធ្វើកសិកម្មនិងជំនួញ ភាពខាងត្បូងដីមានប្រជាជនច្រើននិងធនធានដើម្បីកសាងសេដ្ឋកិច្ចជាតិ។,10,10,4,1.0,1.0,4,10,0,0
783,តើអ្វីជាសង្គ្រាមត្រជាក់? តើសង្គ្រាមត្រជាក់ផ្ដល់ផលវិបាកអ្វីខ្លះដល់កម្ពុជា?,សង្គ្រាមត្រជាក់ជាការប្រឈមមុខដាក់គ្នាដោយប្រយោលរវាងសហរដ្ឋអាមេរិចនិងសហភាពសូវៀត ដោយធ្វើការប្រណាំងប្រជែងគ្នាលើផ្នែក  សេដ្ឋកិច សព្វាវុធ យោធា និងបច្ចេកទេស។ សង្រ្គាមត្រជាក់បានផ្ដល់ផលវិបាកកម្ពុជាដូចជា៖ -គ្រាប់បែករបស់សហរដ្ឋអាមេរិក 1669 ដល់ 1973  -សង្គ្រាមស៊ីវិលក្នុងប្រទេសពីឆ្នាំ 1970 ដល់ 1975 និងកើតមានម្តងទៀតពីឆ្នាំ 1979 ដល់ឆ្នាំ 1991 ដែលកើតចេញពីការប្រឆាំងគ្នារវាងក្រុមកុម្មុយនិស្តនិងសេរីនិយម -ការសម្លាប់ប្រជាជនឯងក្រោមរបស់ប្រល័យពូជសាសន៍ឆ្នាំ 1975 និងឆ្នាំ 1979  -ការផ្លាស់ប្ដូរនយោបាយជាញឹកញាប់រហូតមានការមានកិច្ចព្រមព្រៀងសន្តិភាពក្រុងប៉ារីសថ្ងៃទី 23 តុលាឆ្នាំ 1991។,សង្គ្រាមត្រជាក់គឺជាការប្រឈមមុខដាក់គ្នាដោយប្រយោលរវាងប្លុកលោកខាងលិចដែលប្រកាន់យលលទ្ធិសេរីនិយមដឹកនាំដោយសាហរដ្ឋអាមេរិក ដែលខាងកើតប្រកាន់យកលទ្ធិគុម្មុយនីសដឹកនាំដោយសហភាពសូវៀត។ការប្រឈមមុខគ្នារវាងប្លុកទាំងពីរនេះបង្កើតមានក្នុងវិស័យមនោគមន៍វិជ្ជា នយោបាយ  សេដ្ឋកិច្ច ពាណិជ្ជកម្ម និងទំនាក់ទំនងអន្តរជាតិ។ ផលវិបាកមានដូច៖ -មានវិនាសកម្មការទម្លាក់គ្រាប់បែករបស់សហរដ្ឋអាមេរិក  -វិបត្តិនយោបាយពីឆ្នាំ 1970 ដល់ឆ្នាំ 1973 និងកើតម្ដងទៀតពីឆ្នាំ 1990 ដល់ 1993  -ការផ្លាស់ប្ដូរនយោបាយញឹកញាប់រហូតដល់មានកិច្ចព្រមព្រៀងសន្តិភាពទីក្រុងប៉ារីស 23 តុលាឆ្នាំ 1991 -សង្គមកម្ពុជាក្លាយជាអនាធីបតី បាត់បង់ស្ថីរភាពនយោបាយ អសន្តិសុខសណ្ដាប់ធ្នាប់ -មានការបែងចែកអំណាចរដ្ឋាភិបាលជាតិពីរ។,10,9,4,0.9,0.6053980517659532,2,6,2,3
784,តើដំណាក់កាលទាំងពីរនៃវដ្ដជីវីតរបស់រុក្ខជាតិមានអ្វីខ្លះ? ចូររៀបរាប់។,ដំណាក់កាល ទាំងពីរនៃវដ្ដជីវិតរបស់រុក្ខជាតិមាន  - ដំណាក់កាលស្ប៉រ៉ូភីត គឺជារុក្ខជាតិផលិតស្ប៉។ វាជាកោសិកាតូចៗដែលអាចលូតលាស់ជាសារពាង្គកាយថ្មី  -ស្ប៉លូតលាស់ក្នុងដំណាក់កាលផ្សេងទៀតនៃរុក្ខជាតិ ហៅថាកាម៉ែតូភីត។ ក្នុងដំណាក់កាលនៃរុក្ខជាតិផលិតកោសិកាភេទពីរបែប គឺកាម៉ែតឈ្មោល និងកាម៉ែតញី ។ កាម៉ែតញី និង កាម៉ែតឈ្មោលលាយចូលគ្នា បង្កើតបានជាសុីកូត។ បន្ទាប់មកទៀត សុីកូតលូតលាស់ទៅជាស្ប៉រ៉ូភីត។ស្ប៉រ៉ូភីតផលិតស្ប៉លូតលាស់ក្នុងកាម៉ែតូភីត កាម៉ែតូភីតផលិតកាម៉ែតញី និងកាម៉ែតឈ្មោល ហើយវដ្ដផ្ដើមសារជាថ្មី។,ដំណាក់កាល ទាំងពីរនៃវដ្ដជីវិតមាន  -ស្ប៉រ៉ូភីល គឺជារុក្ខជាតិផលិតស្ប៉។វាជាកោសិកាតូចៗដែលអាចលូតលាស់សារពាង្គកាយ។,15,13,3,0.8666666666666667,0.5237792370758652,2,8,1,5
785,ដូចម្តេចដែលហៅថាមេយ៉ូស? ចូរនិយាយពីវគ្គផ្សេងៗនៃមេយ៉ូស។,មេយ៉ូសជាសំណុំនៃចំណែកកោសិកាពីរដងបន្តបន្ទាប់គ្នាដែលបង្កើតបានជាកោសិកាអាលូអុីតបួន ហៅថាមេយ៉ូស ។ _តេឡូផាស1 ស៊ីតូប្លាសចែកខ្លួនបានជាកោសិកាកូនពីរ ។កោសិកាកូននីមួយៗទទួលបានក្រូម៉ូសូម តែមួយពីរគូអូម៉ូឡូក ។ _ប្រផាស1 មានរយៈពេលវែង ។ _អាណាផាស1 ក្រូម៉ូសូមដំរៀបលើផ្លាស់ភ្ជាប់នឹងក្រយ៉ូងក្រូម៉ាទិចដោយសង់ក្រូងទ័ររបស់វា ។ _តេឡូផាស2 ក្រូម៉ូមនីមួយៗបានមកដល់ប៉ូលភ្នាស _មេតាផាស2 ក្រូម៉ូសូមប្រេះតាមបណ្ដោយភ្ជាប់ខ្លួនទៅនិងក្រយ៉ងក្រូម៉ាទិចដោយសង់ _ប្រូដាស2 ត្តយ៉ងអាក្រូម៉ាទិតកើតមានក្នុងកោសិកាគូនីមួយៗ _អាណាផាស2 សង់ក្រូម៉ែធ្វើចំណែកដែលនាំអោយក្រូម៉ាទិចបងប្អូនដាច់ចេញពីគ្នា ។បន្ទាប់មក ក្រូម៉ូសូមកូនទាំង2ធ្វើដំណើរឆ្ពោះទៅប៉ូលផ្ទុយគ្នារបស់ត្រយ៉ូងអាក្រូម៉ាទិច ។,មេយ៉ូសជាសំណុំនៃចំណែកកោសិកាពីរដងបន្តបន្ទាប់គ្នាដែលបង្កើតបានជាកោសិកាអាលូអុីតបួន ហៅថាមេយ៉ូស ។មានបួនវគ្គគឺ ប្រូផាស អាណាផាស មេតាផាស និង តេឡូផាស ។,10,5,2,0.5,0.3872975717277597,2,4,0,1
786,តើកត្តាអ្វីខ្លះដែលធ្វើអោយសម័យអង្គររីកចម្រើនដល់កំពូល?​ ចូលរៀបរាប់។,កត្តាដែលធ្វើអោយសម័យអង្គររីកចម្រើនគឺ: កត្តាព្រះរាជា:ព្រះរាជាចាប់ពីព្រះបាទជ័យវរ្ម័នទី 2 រហូតដល់ព្រះបាទជ័យវរ្ម័នទី 7 សុទ្ធតែជាស្ដេចខ្លាំងពូកែ កត្តានយោបាយ: នយោបាយក្នុងប្រទេសបង្រួបបង្រួមជាតិកសាងនិងការពារទឹកដី នយោបាយក្រៅប្រទេស:ចងសម្ព័ន្ធមិត្តជាមួយប្រទេសធំៗវាយយករដ្ឋតូចដាក់ជាចំណុះ កត្តាសេដ្ឋកិច្ច:រីកចម្រើនលើវិស័យកសិកម្មសិប្បកម្មគណនាគម កត្តាសាសនា:ការឯកភាពគ្នារវាងសាសនាព្រាហ្មនិងព្រះពុទ្ធ កត្តាធនធានមនុស្សបន្សល់ទុកតាំងពីសម័យនគរភ្នំនិងចេនឡាមក។,កត្តាដែលធ្វើអោយសម័យអង្គររីកចម្រើនគឺ: កត្តាព្រះរាជា:ព្រះរាជាចាប់ពីព្រះបាទជ័យវរ្ម័នទី 2 រហូតដល់ព្រះបាទជ័យវរ្ម័នទី 7 សុទ្ធសឹងតែជាស្ដេចខ្លាំងពូកែ កត្តានយោបាយ: នយោបាយក្នុងប្រទេសបង្រួបបង្រួមជាតិកសាងនិងការពារទឹកដី នយោបាយក្រៅប្រទេស:ចងសម្ព័ន្ធមិត្តជាមួយប្រទេសធំៗវាយយករដ្ឋតូចដាក់ជាចំណុះ កត្តាសេដ្ឋកិច្ច:រីកចម្រើនលើវិស័យកសិកម្មសិប្បកម្មគណនាគមន៍ កត្តាសាសនា:ការឯកភាពគ្នារវាងសាសនាព្រាហ្មនិងព្រះពុទ្ធ កត្តាធនធានមនុស្សបន្សល់ទុកតាំងពីសម័យនគរភ្នំនិងចេនឡាមក។,10,10,4,1.0,0.9859486729814584,4,10,0,0
787,តើអាមីបរស់នៅកន្លែងណា ?វាបង្កជំងឺអ្វី?,អាមីបរស់នៅកន្លែងដូចជាស្ទឹងបឹងអូរត្រពាំងទន្លេទឹកជ្រោះ។ វាបង្កជំងឺដូចជា ជំងឺរាគមួល ធ្វើឲ្យយើងចុកពោះដោយផឹកទឹកមិនស្អាត,អាមីបរស់នៅកន្លែងមិនស្អាតដូចជា ដីភក់ ទឹកកង្វក់ វាអាចរស់នៅក្នុងពោះវៀនមនុស្ស។ ហើយវាអាចបង្កជំងឺរាគរូស។,8,4,2,0.5,0.2989088780451282,1,2,1,2
788,តើសង្គមខ្មែរនៅសម័យអង្គរមានប៉ុន្មានវណ្ណៈ? វណ្ណៈអ្វីខ្លះ? ចូលរៀបរាប់។,សង្គមខ្មែរនៅសម័យអង្គរមានប្រាំវណ្ណៈគឺ -វណ្ណៈក្សត្រឬរាជវង្សនុវង្ស (ជាស្ដេចគ្រប់គ្រងប្រទេស -វណ្ណៈមន្ត្រី (អ្នករស់នៅក្នុងរាជវាំងបម្រើស្ដេច) -វណ្ណៈព្រាហ្ម៍ឬបុព្វជិត​(គឺជាអ្នកបួស) -វណ្ណៈអ្នកជាឬកសិករ (អ្នករស់នៅនឹងធ្វើស្រែចម្ការ) -វណ្ណៈអ្នកងារឬទាសករ(ទាសករបម្រើគេតកូនតចៅ)។,សង្គមខ្មែរនៅសម័យអង្គរមានប្រាំវណ្ណៈគឺ -វណ្ណៈក្សត្រ:វណ្ណៈនេះមានបុព្វសិទ្ធណាស់ដូចជាគ្មានការបង់ពន្ធ មិនជាប់កំណែននិងមិនត្រូវធ្វើការងារធ្ងន់ជាដើម។ -វណ្ណៈមន្ត្រី:ឋាននុក្រមរបស់ពួកគេអាចសម្គាល់តាមរយៈឥស្សតិយយសនិងចំនួនផ្ទះប្រកក្បឿងរបស់ពួកគេ។ -វណ្ណៈអ្នកបួស: .ពួកប៉ាងឃៀបគឺពួកព្រាហ្មណ៍ពួកនេះស្លៀកពាក់ដូចគេទៀតដែរ ខុសត្រង់មានពាក់ខ្សែរអំបោះដវេញមួយខ្សែរនៅក ជាសញ្ញាថាអ្នកចេះដឹងខ្ពង់ខ្ពស់។ .ពួកជូគូគឺជាភិគូឬសាមលោកព្រះសង្ឃខាងពុទ្ធសាសនាក្រុមនេះកោរសក់និងក្រងជីវពណ៌លឿង .ពួកប៉ាស៊ីវីឬសួកសាបស្លៀកពាក់ដូចអ្នកស្រុកធម្មតាតែជូតក្បាលនិងកំណាត់ពណ៍ក្រហម .ព្រាហ្មណ៍បុរោហិតជាអ្នកពិនិត្យជាអ្នកថែរក្សាវត្តសក្តិសិទ្ធនិងព្រះទេវរូបនៅក្នុងរាជវាំងនិងអ្នកផ្ដល់ពត៍មានដល់ព្រះមហាក្សត្រ -វណ្ណៈអ្នកជា:ពួកគេជាវណ្ណៈកណ្ដាលក្នុងសង្គម​ ដែលមានឋានន្ដរមានប្រហាក់ប្រហែលនិងពួកឈ្មួញសិប្បកម្ម សិប្បករនិងប្រជារាស្ត្រសាមញ្ញ -វណ្ណៈទាសករ:ពួកគេជាវណ្ណៈទាបបំផុតនៅក្នុងសង្គមដែលជាអ្នកបម្រើគេអស់មួយជីវិតនិងតពូជទៀតផង។,10,10,4,1.0,0.4565073156596501,2,5,2,5
789,តើអាមីបរស់នៅកន្លែងណា ?វាបង្កជំងឺអ្វី?,អាមីបរស់នៅកន្លែងដូចជាស្ទឹងបឹងអូរត្រពាំងទន្លេទឹកជ្រោះ។ វាបង្កជំងឺដូចជា ជំងឺរាគមួល ធ្វើឲ្យយើងចុកពោះដោយផឹកទឹកមិនស្អាត,អាមីបរស់នៅកន្លែងមិនស្អាតដូចជា ដីភក់ ទឹកកង្វក់ វាអាចរស់នៅក្នុងពោះវៀនមនុស្ស។ ហើយវាអាចបង្កជំងឺរាគរូស។,8,6,3,0.75,0.2989088780451282,1,2,2,4
790,តើការស្ថិតនៅក្រៅសារពាង្គកាយនៃពងស្វាសមានសារៈសំខាន់ដូចម្តេច?,ការស្ថិតនៅក្រោមសារពាង្គកាយនៃពងស្វាសមានសារៈសំខាន់ដូចជាដើម្បីរក្សាសីតុណ្ហភាពឲ្យ ទាបជាងសីតុណ្ហភាពក្នុងខ្លួន ប្រហែលពី(2-3)សីតុណ្ហភាពក្នុងខ្លួន37 ។,ការស្ថិតនៅក្រោមសារពាង្គកាយនៃពងស្វាសមានសារៈសំខាន់ក្នុងការផលិតអរម៉ូនភេទឈ្មោលនិង បង្កើតស្ពែម៉ាតូសូអ៊ីត ។,10,3,1,0.3,0.28458921400642256,1,3,0,0
791,ចូររៀបរាប់អំពីទំនាក់ទំនងរវាងការដាំដុះអាជីវកម្មព្រៃឈើនិងនេសាទ។,ទំនាក់ទំនងរវាង ការដាំដុះអាជីវកម្មព្រៃឈើ និងការនេសាទ៖  _ ការដាំដុះអាជីវកម្មព្រៃឈើ និងការនេសាទ ជាភោគទ្រព្យយ៉ាងសំខាន់សម្រាប់ប្រជាជនក្នុងការទ្រទ្រង់ក្នុងជីវភាពរស់នៅនិងការអភិវឌ្ឍន៍ប្រទេសជាតិ   _ ដើម្បីបំពេញតម្រូវការក្នុងកសិកម្មផលិតកម្មនិងត្រូវការផ្សេងៗ មនុស្សនាំគ្នាកាប់ព្រៃឈើដើម្បីធ្វើអាជីវកម្មព្រៃឈើជាមូលហេតុធ្វើឲ្យអាកាសធាតុប្រែប្រួលប៉ះពាល់ដល់ជីវិតមនុស្ស សត្វ និងរុក្ខជាតិ  ​ _ អតិផលនៃប្រព័ន្ធកសិកម្ម នាំឲ្យមានកំណើននៃការប្រើប្រាស់គីមីនិងថ្នាំសម្លាប់សត្វល្អិត។ ជីគីមី និងថ្នាំសម្លាប់សត្វល្អិត ទាំងនោះហូរទៅផ្ដុំគ្នានៅតាមផ្លូវទឹកនានា បំផ្លាញជីវិតសត្វនិងពូជធម្មជាតិ។,រាបរាប់ពីទំនាក់ទំនងរវាង៖ +ការដាំដុះ   _ កាលណាមនុស្សនាំគ្នាកាប់ព្រៃឈើដែលជាហេតុនាំឲមានការប្រែប្រួលអាកាសធាតុ   _ អតិផលនៃប្រព័ន្ធផលិតកម្មនាំឲមានកំណើនការប្រែប្រួលថ្នាំសម្លាប់សត្វល្អិតនិងជីគីមី   _ ការដាំដុះមានធាតុពុលច្រើនបណ្តាលឲមានការប៉ះពាល់សុខភាពដូចជាហិត ការយកបន្លែមានជាតិគីមីមកបរិភោគ  +អាជីវកម្ម    _ ការកាប់ព្រៃឈើយកទៅធ្វើជំនួញ    _ គេកាប់ព្រៃឈើយកទៅធ្វើតុ ទូ កៅអីជាដើម    _ ការកាប់ព្រៃឈើប៉ះពាល់ដល់ជម្រកសត្វព្រៃ    _ បណ្ដាលឲគ្មានបរិយាកាសបរិសុទ្ធ  +ការនេសាទ    _ មានការនេសាទដោយស្របច្បាប់និងខុសច្បាប់    _ ការនេសាទត្រីចេញលក់នៅក្រៅប្រទេស    _ ផ្ដល់ប្រាក់ចំណូលដល់អ្នកនេសាទ    _ នេសាទត្រីដោយប្រើអគ្គីសនីឆក់ធ្វើឲត្រីស្លាប់ពេញផ្ទៃទឹក    _ ប៉ះពាល់ក្នុងការបំពុលទឹក។,15,5,1,0.3333333333333333,0.4764920805133397,2,7,1,2
792,តើអ្វីជាសង្គ្រាមត្រជាក់? តើសង្គ្រាមត្រជាក់ផ្ដល់ផលវិបាកអ្វីខ្លះដល់កម្ពុជា?,សង្គ្រាមត្រជាក់គឺជាការប្រកួតប្រជែងផ្នែកមនោគមវិទ្យារវាងសេដ្ឋកិច្ចនយោធានិងបច្ចេកវិទ្យា។សង្គ្រាមមជ្ឈមណ្ឌលផលវិបាកដល់កម្ពុជាដូចជា -ការអនុវត្តនយោបាយវិទ្យាក្រឹត្យរបស់សម្ដេចនរោត្តមសីហនុមិនចោទទិសដៅ -ប្រទេសកម្ពុជាធ្លាក់ក្នុងសង្គ្រាមស៊ីវល -ខ្មែរក្រហមឡើងកាន់អំណាច -ប្រទេសកម្ពុជាមានភាពអាណាធិបតេយ្យ -សេដ្ឋកិច្ចកម្ពុជាធ្លាក់ចុះ -ប្រទេសកម្ពុជារស់នៅដែលភាពភ័យខ្លាច -រោងចក្រឧស្សាហកម្មបិទទ្វារ -បែកបាក់សាមគ្គីផ្ទៃក្នុង,សង្គ្រាមត្រជាក់គឺជាការប្រឈមមុខដាក់គ្នារវាងប្រទេសមហាអំណាចនិងប្រទេសមហាអំណាងដូចជាសហបអាមេរិកនិងសហភាពសូវៀត។សង្គ្រាមត្រជាក់ផ្ដល់ផលវិបាកដល់កម្ពុជាដូចជា -ធ្វើឲ្យសេដ្ឋកិច្ចខ្មែរឆាប់គាំង -មានការផ្លាស់ប្តូររបបនយោបាយជាបន្តបន្ទាប់ -ប្រទេសជាតិគ្មានសន្តិភាព -បាត់បង់ឯករាជ្យជាតិអធិបតីភាពមរណៈភាពទឹកដី -កម្ពុជាបាត់បង់តេត្យានុភាពទៅលើឆាកអន្តរជាតិ,10,7,3,0.7,0.34186589122164607,1,3,2,4
793,តើគេចែកយុគសម័យបុរេប្រវត្តិសាស្ត្រកម្ពុជាជាប៉ុន្មានយុគសម័យ?អ្វីខ្លះ?,គេចែកយុគសម័យបុរេប្រវត្តិសាស្ត្រកម្ពុជាជាបីយុគសម័យគឺ -យុគថ្មបំបែក (600000 - 12000 ឆ្នាំមុនគ.ស) -យុគថ្មរលីងឬសំលៀង (8000 - 2000 ឆ្នាំមុនគ.ស) -យុគលោហៈ(2000-100 ឆ្នាំមុនគ.ស)។,គេចែកយុគសម័យបុរេប្រវត្តិសាស្ត្រកម្ពុជាជាបីយុគសម័យគឺ -យុគថ្មបំបែក -យុគថ្មរលីងឬសំលៀង -យុគលោហៈ។,5,3,2,0.6,0.5786223192958814,2,3,0,0
794,តើអាណាចក្រភ្នំមានព្រំប្រទល់ជាប់ប្រទេសណាខ្លះ?,អាណាចក្រភ្នំមានព្រំប្រទល់ជាប់ប្រទេសដូចជា -ខាងជើងជាប់ចិន -ខាងត្បូងជាឈូងសមុទ្រខ្មែរ -ខាងកើតជាប់រដ្ឋចម្ប៉ា -ខាងលិចជាប់រដ្ធមនឬភូមា។,អាណាចក្រភ្នំមានព្រំប្រទល់ជាប់ប្រទេសដូចជា -ខាងជើងជាប់ចិន(រដ្ឋណាមឈាវ) -ខាងត្បូងជាឈូងសមុទ្រខ្មែរ -ខាងកើតជាប់រដ្ឋចម្ប៉ា -ខាងលិចជាប់រដ្ឋមនឬភូមា។,6,6,4,1.0,0.9329152954536795,4,6,0,0
795,តើកត្តាអ្វីខ្លះដែលធ្វើអោយសម័យអង្គររីកចម្រើនដល់កំពូល?​ ចូលរៀបរាប់។,កត្តាដែលធ្វើអោយសម័យអង្គររីកចម្រើនគឺ: កត្តាព្រះរាជា:ព្រះរាជាចាប់ពីព្រះបាទជ័យវរ្ម័នទី 2 រហូតដល់ព្រះបាទជ័យវរ្ម័នទី 7 សុទ្ធតែជាស្ដេចខ្លាំងពូកែ កត្តានយោបាយ: នយោបាយក្នុងប្រទេសបង្រួបបង្រួមជាតិកសាងនិងការពារទឹកដី នយោបាយក្រៅប្រទេស:ចងសម្ព័ន្ធមិត្តជាមួយប្រទេសធំៗវាយយករដ្ឋតូចដាក់ជាចំណុះ កត្តាសេដ្ឋកិច្ច:រីកចម្រើនលើវិស័យកសិកម្មសិប្បកម្មគណនាគម កត្តាសាសនា:ការឯកភាពគ្នារវាងសាសនាព្រាហ្មនិងព្រះពុទ្ធ កត្តាធនធានមនុស្សបន្សល់ទុកតាំងពីសម័យនគរភ្នំនិងចេនឡាមក។,កត្តាដែលធ្វើអោយសម័យអង្គររីកចម្រើនគឺ: កត្តាព្រះរាជា:ព្រះរាជាចាប់ពីព្រះបាទជ័យវរ្ម័នទី 2 រហូតដល់ព្រះបាទជ័យវរ្ម័នទី 7 សុទ្ធតែជាស្ដេចខ្លាំងពូកែ កត្តានយោបាយ: នយោបាយក្នុងប្រទេសបង្រួបបង្រួមជាតិកសាងនិងការពារទឹកដី នយោបាយក្រៅប្រទេស:ចងសម្ព័ន្ធមិត្តជាមួយប្រទេសធំៗវាយយករដ្ឋតូចដាក់ជាចំណុះ កត្តាសេដ្ឋកិច្ច:រីកចម្រើនលើវិស័យកសិកម្មសិប្បកម្មគណនាគម កត្តាសាសនា:ការឯកភាពគ្នារវាងសាសនាព្រាហ្មនិងព្រះពុទ្ធ កត្តាធនធានមនុស្សបន្សល់ទុកតាំងពីសម័យនគរភ្នំនិងចេនឡាមក។,10,10,4,1.0,1.0,4,10,0,0
796,ហេតុអ្វីបានជាផ្នែកឯកជនជាកម្លាំងដ៏សំខាន់សម្រាប់វិនិយោគនិងធ្វើឲ្យមានកំណើនសេដ្ឋកិច្ចក្នុងប្រទេស?,បានជាផ្នែកឯកជនជាកម្លាំងដ៏សំខាន់សម្រាប់វិនិយោគនិងធ្វើឲ្យមានកំណើនសេដ្ឋកិច្ចក្នុងប្រទេស ព្រោះប្រទេសកម្ពុជាជាប្រទេសអភិវឌ្ឍន៍ សេដ្ឋកិច្ចទីផ្សារដោយបានធ្វើកំណែទម្រង់សហគ្រាសឧស្សាហកម្មឲ្យក្លាយទៅជាកម្មសិទ្ធិឯកជន ។ សេដ្ឋកិច្ចទីផ្សារសេរីនេះនាំឲ្យអ្នករកស៊ីបរទេសចូលចិត្តមកវិនិយោគ ហើយកាលណាផ្នែកឯកជនរឹងមាំមកវិនិយោគ ហើយកាលណាផ្នែកឯកជនមិនរឹងមាំអាចបំពេញបន្ថែមវិនិយោគនិងវិស័យសង្គមកិច្ចមានន័យថាវិស័យឯកជនស្រូបយកកម្លាំងការងារកាន់តែកើនឡើង។,បានជាផ្នែកឯកជនជាកម្លាំងដ៏សំខាន់សម្រាប់វិនិយោគ និងធ្វើឱ្យមានកំណើនសេដ្ឋកិច្ចក្នុងប្រទេសមានដូចជា៖  _ ទទួលបានប្រាក់ចំណូលចូលជាតិ ប្រាក់ចូលទៅរដ្ឋ  _ ផលិតផលមានគុណភាព និងស្តង់ដារជាងមុន  _ មានភ្ញៀវទេសចរណ៍ច្រើនជាងមុន  _ មានការចំណេញរាល់គ្រប់ការងារ ទាំងក្នុងនិងក្រៅប្រទេស  _កែច្នៃផលិតផលចាស់ទៅជាផលិតផលថ្មី  _ ប្រទេសមានការអភិវឌ្ឍន៍និងការរីកចម្រើន។,15,5,1,0.3333333333333333,0.3354839111254397,1,5,0,0
797,តើផ្សិតមានរូបរាងខុសៗគ្នាអាស្រ័យនឹងអ្វី? ស្រូបសារធាតុចិញ្ចឹមតាមរយៈអ្វី?,ផ្សិតមានរូបរាងខុសៗគ្នាអាស្រ័យនឹងការតម្រៀបអុីបរបស់វា។ផ្សិតស្រូបសារធាតុចិញ្ចឹមតាមរយ:អុីបដែលដុះចូលទៅក្នុងប្រភពអាហារ។,ផ្សិតមានរូបរាងខុសៗគ្នាអាស្រ័យនឹងការតម្រៀបអុីបរបស់វា។ផ្សិតស្រូបសារធាតុចិញ្ចឹមតាមរយ:អុីបដែលដុះចូលទៅក្នុងប្រភពអាហារ។,10,4,2,0.4,0.9999999999999999,4,10,2,6
798,ចូរនិយាយពីកំណកាម៉ែតញី។,ការស្ថិតនៅក្រោមសារពាង្គកាយនៃពងស្វាសមានសារៈសំខាន់ដូចជាដើម្បីរក្សាសីតុណ្ហភាពឲ្យ ទាបជាងសីតុណ្ហភាពក្នុងខ្លួន ប្រហែលពី(2-3)សីតុណ្ហភាពក្នុងខ្លួន37 ។,កំណកាម៉ែតញីដំបូងកោសិកាពូជមួយរួមចំណែកពីរដងបន្តបន្ទាប់គ្នា បានកោសិកាអូវ៉ូកូរី4 ។ អូវ៉ូកូរីនីមួយៗរីកមាឌអាចជាអូវ៉ូស៊ីត1 ។អូវ៉ូស៊ីតមួយរងចំណែកមួយនៃមេយោធាហើយត្រូវបាន ឈប់គាំងនៅវគ្គប្រផ្ដាស1 ។ក្រោយមកពេលគ្រប់អូវ៉ូស៊ីតមួយបន្តធ្វើចំណែកហើយត្រូវបានបញ្ចប់ នៅរយៈពេល6ម៉ោង ។,10,6,2,0.6,0.02001275760461689,0,0,2,6
799,តើដំណាក់កាលទាំងពីរនៃវដ្ដជីវីតរបស់រុក្ខជាតិមានអ្វីខ្លះ? ចូររៀបរាប់។,ដំណាក់កាល ទាំងពីរនៃវដ្ដជីវិតរបស់រុក្ខជាតិមាន  - ដំណាក់កាលស្ប៉រ៉ូភីត គឺជារុក្ខជាតិផលិតស្ប៉។ វាជាកោសិកាតូចៗដែលអាចលូតលាស់ជាសារពាង្គកាយថ្មី  -ស្ប៉លូតលាស់ក្នុងដំណាក់កាលផ្សេងទៀតនៃរុក្ខជាតិ ហៅថាកាម៉ែតូភីត។ ក្នុងដំណាក់កាលនៃរុក្ខជាតិផលិតកោសិកាភេទពីរបែប គឺកាម៉ែតឈ្មោល និងកាម៉ែតញី ។ កាម៉ែតញី និង កាម៉ែតឈ្មោលលាយចូលគ្នា បង្កើតបានជាសុីកូត។ បន្ទាប់មកទៀត សុីកូតលូតលាស់ទៅជាស្ប៉រ៉ូភីត។ស្ប៉រ៉ូភីតផលិតស្ប៉លូតលាស់ក្នុងកាម៉ែតូភីត កាម៉ែតូភីតផលិតកាម៉ែតញី និងកាម៉ែតឈ្មោល ហើយវដ្ដផ្ដើមសារជាថ្មី។,ដំណាក់កាលស្ប៉រ៉ូភីត -ដំណាក់កាល កាម៉ែតូភីត + ដំណាក់កាលស្ប៉រ៉ូភីត គឺរុក្ខជាតិផលិតស្ប៉ + ដំណាក់កាល កាម៉ែតូភីត គឺ កាម៉ែតឈ្មោលនិងកាម៉ែតញី,15,8,2,0.5333333333333333,0.7364240502581414,3,11,1,3
800,តើគេចែកយុគសម័យបុរេប្រវត្តិសាស្ត្រកម្ពុជាជាប៉ុន្មានយុគសម័យ?អ្វីខ្លះ?,គេចែកយុគសម័យបុរេប្រវត្តិសាស្ត្រកម្ពុជាជាបីយុគសម័យគឺ -យុគថ្មបំបែក (600000 - 12000 ឆ្នាំមុនគ.ស) -យុគថ្មរលីងឬសំលៀង (8000 - 2000 ឆ្នាំមុនគ.ស) -យុគលោហៈ(2000-100 ឆ្នាំមុនគ.ស)។,គេចែកយុគសម័យបុរេប្រវត្តិសាស្ត្រកម្ពុជាជាបីយុគសម័យគឺ -យុគថ្មបំបែក (600000 - 12000 ឆ្នាំមុនគ.ស) -យុគថ្មរលីងឬសំលៀង (8000 - 2000 ឆ្នាំមុនគ.ស) -យុគលោហៈ(2000-100 ឆ្នាំមុនគ.ស)។,5,5,4,1.0,1.0,4,5,0,0
801,តើគេចែកប្រូទីសជាប៉ុន្មានក្រុម?អ្វីខ្លះ?,ប្រូទីសសត្វចែកជា 4 ក្រុមតាមរបៀបរស់នៅនឹងផ្លាស់ទីរបស់វា  +ប្រូតូសូអ៊ែផ្លាស់ទីដោយជើងបញ្ឆោត: អាមីប +ប្រូតូសូអ៊ែផ្លាស់ទីដោយផ្លាសែល : សាឌីយ៉ា +ប្រូតូសូអ៊ែបន្តពូជតាមរយ:ស្ប៉ :ស្ប៉រ៉ូសូអ៊ែ។,ប្រូទីសសត្វចែកជា 4 ក្រុមតាមរបៀបរស់នៅនឹងផ្លាស់ទីរបស់វា  +ប្រូតូសូអ៊ែផ្លាស់ទីដោយជើងបញ្ឆោត: អាមីប +ប្រូតូសូអ៊ែផ្លាស់ទីដោយផ្លាសែល : សាឌីយ៉ា +ប្រូតូសូអ៊ែបន្តពូជតាមរយ:ស្ប៉ :ស្ប៉រ៉ូសូអ៊ែ។,8,7,4,0.875,1.0,4,8,0,1
802,ចូរប្រៀបធៀបលក្ខណៈខុសគ្នានៃផ្សិត និងរុក្ខជាតិ។,លក្ខណៈខុសគ្នានៃផ្សិតនិងរុក្ខជាតិ +ផ្សិត  -ផ្សិតបន្តពូជតាមរយៈស្ប៉ -ផ្សិតមិនធ្វើរស្មីសំយោគ -អុីប -វារស់នៅកន្លែងសើម +រុក្ខជាតិ -បន្តពូជដោយគ្រាប់ -វាត្រូវការធ្វើរស្មីសំយោគ -វារស់នៅកន្លែងដែលមានពន្លឺ,ប្រៀបធៀបលក្ខណ:ខុសគ្នារវាងផ្សិតនិងរុក្ខជាតិ  +ផ្សិត -បរជីព -អុីបក្រោមដី -ស្ប៉ +រុក្ខជាតិ -ស្វ័យជីព -គ្រាប់ -ឬស,12,6,2,0.5,0.33934295232248135,1,4,1,2
803,តើការស្ថិតនៅក្រៅសារពាង្គកាយនៃពងស្វាសមានសារៈសំខាន់ដូចម្តេច?,ការស្ថិតនៅក្រោមសារពាង្គកាយនៃពងស្វាសមានសារៈសំខាន់ដូចជាដើម្បីរក្សាសីតុណ្ហភាពឲ្យ ទាបជាងសីតុណ្ហភាពក្នុងខ្លួន ប្រហែលពី(2-3)សីតុណ្ហភាពក្នុងខ្លួន37 ។,ការស្ថិតនៅក្រោមសារពាង្គកាយនៃពងស្វាសមានសារៈសំខាន់ក្នុងការផលិតអរម៉ូនភេទឈ្មោលនិង បង្កើតស្ពែម៉ាតូសូអ៊ីត ។,10,3,1,0.3,0.28458921400642256,1,3,0,0
804,តើកត្តាអ្វីខ្លះដែលធ្វើអោយសម័យអង្គររីកចម្រើនដល់កំពូល?​ ចូលរៀបរាប់។,កត្តាដែលធ្វើអោយសម័យអង្គររីកចម្រើនគឺ: កត្តាព្រះរាជា:ព្រះរាជាចាប់ពីព្រះបាទជ័យវរ្ម័នទី 2 រហូតដល់ព្រះបាទជ័យវរ្ម័នទី 7 សុទ្ធតែជាស្ដេចខ្លាំងពូកែ កត្តានយោបាយ: នយោបាយក្នុងប្រទេសបង្រួបបង្រួមជាតិកសាងនិងការពារទឹកដី នយោបាយក្រៅប្រទេស:ចងសម្ព័ន្ធមិត្តជាមួយប្រទេសធំៗវាយយករដ្ឋតូចដាក់ជាចំណុះ កត្តាសេដ្ឋកិច្ច:រីកចម្រើនលើវិស័យកសិកម្មសិប្បកម្មគណនាគម កត្តាសាសនា:ការឯកភាពគ្នារវាងសាសនាព្រាហ្មនិងព្រះពុទ្ធ កត្តាធនធានមនុស្សបន្សល់ទុកតាំងពីសម័យនគរភ្នំនិងចេនឡាមក។,កត្តាដែលធ្វើអោយសម័យអង្គររីកចម្រើនគឺ: .កត្តាព្រះរាជា:ព្រះរាជាចាប់ពីព្រះបាទជ័យវរ្ម័នទី 2 រហូតដល់ព្រះបាទជ័យវរ្ម័នទី 7 សុទ្ធសឹងតែជាស្ដេចខ្លាំងពូកែ .កត្តានយោបាយ: +នយោបាយក្នុងប្រទេស:បង្រួបបង្រួម​ កសាង និងការពារ។ +នយោបាយក្រៅប្រទេស:ចងសម្ព័ន្ធមិត្តជាមួយប្រទេសធំៗដូចជាចិននិងឥណ្ឌា និងវាយយករដ្ឋតូចដាក់ជាចំណុះ .កត្តាសេដ្ឋកិច្ច:ការរីកចម្រើនលើវិស័យកសិកម្ម សិប្បកម្ម គណនាគមន៍ .កត្តាសាសនា:មានការឯកភាពគ្នារវាងសាសនាព្រាហ្មនិងព្រះពុទ្ធ .កត្តាធនធានមនុស្សបន្សល់ទុកតាំងពីសម័យនគរភ្នំនិងចេនឡាមក។,10,10,4,1.0,0.9273986502678749,4,9,0,1
805,តើគេចែកយុគសម័យបុរេប្រវត្តិសាស្ត្រកម្ពុជាជាប៉ុន្មានយុគសម័យ?អ្វីខ្លះ?,គេចែកយុគសម័យបុរេប្រវត្តិសាស្ត្រកម្ពុជាជាបីយុគសម័យគឺ -យុគថ្មបំបែក (600000 - 12000 ឆ្នាំមុនគ.ស) -យុគថ្មរលីងឬសំលៀង (8000 - 2000 ឆ្នាំមុនគ.ស) -យុគលោហៈ(2000-100 ឆ្នាំមុនគ.ស)។,គេចែកយុគសម័យបុរេប្រវត្តិសាស្ត្រកម្ពុជាជាបីយុគសម័យគឺ -យុគថ្មបំបែក -យុគថ្មរលីងឬសំលៀង -យុគលោហៈ។,5,3,2,0.6,0.5786223192958814,2,3,0,0
806,តើអាមីបរស់នៅកន្លែងណា ?វាបង្កជំងឺអ្វី?,អាមីបរស់នៅកន្លែងដូចជាស្ទឹងបឹងអូរត្រពាំងទន្លេទឹកជ្រោះ។ វាបង្កជំងឺដូចជា ជំងឺរាគមួល ធ្វើឲ្យយើងចុកពោះដោយផឹកទឹកមិនស្អាត,អាមីបរស់នៅកន្លែងដូចជាស្ទឹងបឹងអូរត្រពាំងទន្លេទឹកជ្រោះ។ វាបង្កជំងឺដូចជា ជំងឺរាគមួល ធ្វើឲ្យយើងចុកពោះដោយផឹកទឹកមិនស្អាត,8,3,2,0.375,1.0,4,8,2,5
807,តើគេចែកយុគសម័យបុរេប្រវត្តិសាស្ត្រកម្ពុជាជាប៉ុន្មានយុគសម័យ?អ្វីខ្លះ?,គេចែកយុគសម័យបុរេប្រវត្តិសាស្ត្រកម្ពុជាជាបីយុគសម័យគឺ -យុគថ្មបំបែក (600000 - 12000 ឆ្នាំមុនគ.ស) -យុគថ្មរលីងឬសំលៀង (8000 - 2000 ឆ្នាំមុនគ.ស) -យុគលោហៈ(2000-100 ឆ្នាំមុនគ.ស)។,គេចែកយុគសម័យបុរេប្រវត្តិសាស្ត្រកម្ពុជាជាបីយុគសម័យគឺ -យុគថ្មបំបែក (600000 - 12000 ឆ្នាំមុនគ.ស) -យុគថ្មរលីងឬសំលៀង (8000 - 2000 ឆ្នាំមុនគ.ស) -យុគលោហៈ(2000-100 ឆ្នាំមុនគ.ស)។,5,5,4,1.0,1.0,4,5,0,0
808,តើកត្តាអ្វីខ្លះដែលធ្វើអោយសម័យអង្គររីកចម្រើនដល់កំពូល?​ ចូលរៀបរាប់។,កត្តាដែលធ្វើអោយសម័យអង្គររីកចម្រើនគឺ: កត្តាព្រះរាជា:ព្រះរាជាចាប់ពីព្រះបាទជ័យវរ្ម័នទី 2 រហូតដល់ព្រះបាទជ័យវរ្ម័នទី 7 សុទ្ធតែជាស្ដេចខ្លាំងពូកែ កត្តានយោបាយ: នយោបាយក្នុងប្រទេសបង្រួបបង្រួមជាតិកសាងនិងការពារទឹកដី នយោបាយក្រៅប្រទេស:ចងសម្ព័ន្ធមិត្តជាមួយប្រទេសធំៗវាយយករដ្ឋតូចដាក់ជាចំណុះ កត្តាសេដ្ឋកិច្ច:រីកចម្រើនលើវិស័យកសិកម្មសិប្បកម្មគណនាគម កត្តាសាសនា:ការឯកភាពគ្នារវាងសាសនាព្រាហ្មនិងព្រះពុទ្ធ កត្តាធនធានមនុស្សបន្សល់ទុកតាំងពីសម័យនគរភ្នំនិងចេនឡាមក។,កត្តាដែលធ្វើអោយសម័យអង្គររីកចម្រើនគឺ: កត្តាព្រះរាជា:ព្រះរាជាចាប់ពីព្រះបាទជ័យវរ្ម័នទី 2 រហូតដល់ព្រះបាទជ័យវរ្ម័នទី 7 សុទ្ធសឹងតែជាស្ដេចខ្លាំងពូកែ កត្តានយោបាយ: នយោបាយក្នុងប្រទេសបង្រួបបង្រួមជាតិកសាងនិងការពារទឹកដី នយោបាយក្រៅប្រទេស:ចងសម្ព័ន្ធមិត្តជាមួយប្រទេសធំៗវាយយករដ្ឋតូចដាក់ជាចំណុះ កត្តាសេដ្ឋកិច្ច:រីកចម្រើនលើវិស័យកសិកម្មសិប្បកម្មគណនាគមន៍ កត្តាសាសនា:ការឯកភាពគ្នារវាងសាសនាព្រាហ្មនិងព្រះពុទ្ធ កត្តាធនធានមនុស្សបន្សល់ទុកតាំងពីសម័យនគរភ្នំនិងចេនឡាមក។,10,10,4,1.0,0.9859486729814584,4,10,0,0
809,តើសេដ្ឋកិច្ចកម្ពុជាពឹងផ្អែកលើវិស័យអ្វីជាសំខាន់?     ក/ ហេតុអ្វីបានជាគេនិយាយថាកម្ពុជាជាប្រទេសកសិកម្ម?     ខ/ តើគេចែកកសិករជាប៉ុន្មានប្រភេទ?អ្វីខ្លះ?,សេដ្ឋកិច្ចកម្ពុជាពឹងផ្អែកលើវិស័យកសិកម្មជាសំខាន់។   ក/ បានជាគេនិយាយថាកម្ពុជាជាប្រទេសឧស្សាហកម្មព្រោះ៖  _  សណ្ឋានដី : ដីមានជីវជាតិល្អនិងសម្បូរទំនាបល្បាប់   _ ផ្លូវទឹក : ផ្លូវទឹកខ្វាត់ខ្វែងងាយស្រួលដល់ការដាំដុះ  _ ប្រជាជន : ប្រជាជនខ្មែរភាគច្រើនចូលចិត្តធ្វើកសិកម្ម  _ អាកាសធាតុ : ទទួលអាកាសធាតុក្តៅសើម  _ កសិកម្មផ្តល់ផល50%នៃផលិតផលជាតិសរុប។  ខ/ គេចែកកសិករទាំងនោះជា4ប្រភេទគឺ៖  _ កសិករធ្វើស្រែឬអ្នកស្រែ : និយមធ្វើស្រែ ស្រូវប្រាំង ស្រូវវស្សា ស្រូវឡើងទឹក  _ កសិករតំបន់ដីខ្ពស់ : គេដាំដំណាំជាអចិន្ត្រៃយ៍(ពោត ដំឡូង ចេក កៅស៊ូសណ្តែក)  _ កសិករធ្វើចម្ការដំណាំស្រូវ : គេដាំដំណាំតាមមាត់ទន្លេ ចិញ្ចឹមសត្វនិងនេសាទ  _ កសិករភូមិភាគឦសាន: គេធ្វើដំណាំព្រៃដុតមានដូចជាពោត ដំឡូង ស្រូវរុក្ខជាតិយកមើមដទៃទៀត និងបរបាញ់សត្វផងដែរ។,សេដ្ឋកិច្ចជាតិផ្អែកលើវិស័យកសិកម្មជាសំខាន់ព្រោះវិស័យនេះសំខាន់ដល់ជាតិដូចជា៖ -កម្ពុជា សំបូរ ទៅដោយដីដែលមានជីវជាតិល្អ ចំណោម ចំណេញ -ដំណាំ គ្រប់ប្រភេទប្រទេសកម្ពុជាមានអាកាសធាតុត្រូពិកក្តៅហើយ -វាជាភាពងាយស្រួលក្នុងការដំណាំផ្លែឈើលូតលាស់បានល្អ -ប្រទេសកម្ពុជាយើងភាគច្រើន ប្រកបរបរ -កសិកម្មការដាំដុះស្រូវនាំចេញទៅក្រៅប្រទេសរាងជា រៀងរាល់ឆ្នាំ -ប្រជាកសិករស្ទើរតែទាំងស្រុងទៅហើយ ដែលភាគច្រើនជ្រើសរើសយកការធ្វើស្រែចម្ការ -នៅកម្ពុជា មានចំនួនអ្នកធ្វើស្រែកសិកម្ម ដាំដុះរហូតទៅដល់ចិតសិបពីរចិតសិបបីភាគរយ -កម្ពុជាមានដំណាំដាំដះុ ជារាប់រយប្រភេទ។ +គេបែងចែកកសិកម្មទាំងនោះជាបួនគឺ -កសិករដាំស្រូវ -កសិករមិនដាំស្រូវ -កសិករដីខ្ពស់ -កសិករភូមិភាគឦសាន,20,18,4,0.9,0.4854873345520819,2,10,2,8
810,តើគេចែកប្រូទីសជាប៉ុន្មានក្រុម?អ្វីខ្លះ?,ប្រូទីសសត្វចែកជា 4 ក្រុមតាមរបៀបរស់នៅនឹងផ្លាស់ទីរបស់វា  +ប្រូតូសូអ៊ែផ្លាស់ទីដោយជើងបញ្ឆោត: អាមីប +ប្រូតូសូអ៊ែផ្លាស់ទីដោយផ្លាសែល : សាឌីយ៉ា +ប្រូតូសូអ៊ែបន្តពូជតាមរយ:ស្ប៉ :ស្ប៉រ៉ូសូអ៊ែ។,ប្រូទីសសត្វចែកជា 4 ក្រុមតាមរបៀបរស់នៅនឹងផ្លាស់ទីរបស់វា  +ប្រូតូសូអ៊ែផ្លាស់ទីដោយជើងបញ្ឆោត: អាមីប +ប្រូតូសូអ៊ែផ្លាស់ទីដោយផ្លាសែល : សាឌីយ៉ា +ប្រូតូសូអ៊ែបន្តពូជតាមរយ:ស្ប៉ :ស្ប៉រ៉ូសូអ៊ែ។,8,6,3,0.75,1.0,4,8,1,2
811,តើដំណាក់កាលទាំងពីរនៃវដ្ដជីវីតរបស់រុក្ខជាតិមានអ្វីខ្លះ? ចូររៀបរាប់។,ដំណាក់កាល ទាំងពីរនៃវដ្ដជីវិតរបស់រុក្ខជាតិមាន  - ដំណាក់កាលស្ប៉រ៉ូភីត គឺជារុក្ខជាតិផលិតស្ប៉។ វាជាកោសិកាតូចៗដែលអាចលូតលាស់ជាសារពាង្គកាយថ្មី  -ស្ប៉លូតលាស់ក្នុងដំណាក់កាលផ្សេងទៀតនៃរុក្ខជាតិ ហៅថាកាម៉ែតូភីត។ ក្នុងដំណាក់កាលនៃរុក្ខជាតិផលិតកោសិកាភេទពីរបែប គឺកាម៉ែតឈ្មោល និងកាម៉ែតញី ។ កាម៉ែតញី និង កាម៉ែតឈ្មោលលាយចូលគ្នា បង្កើតបានជាសុីកូត។ បន្ទាប់មកទៀត សុីកូតលូតលាស់ទៅជាស្ប៉រ៉ូភីត។ស្ប៉រ៉ូភីតផលិតស្ប៉លូតលាស់ក្នុងកាម៉ែតូភីត កាម៉ែតូភីតផលិតកាម៉ែតញី និងកាម៉ែតឈ្មោល ហើយវដ្ដផ្ដើមសារជាថ្មី។,ដំណាក់កាល ទាំងពីរនៃការវិរត្តរបស់រុក្ខជាតិមានស្ប៉រ៉ូភីត និង កាម៉ែតូភីត  ។ +ដំណាក់កាលស្ប៉រ៉ូភីត គឺរុក្ខជាតិផលិតស្ប៉។ វាជាកោសិកាតូចៗ ដែលអាចលូតលាស់ជាសារពាង្គកាយថ្មី។ +ដំណាក់កាលកាម៉ែតូភីត គឺជាស្ប៉ដែលលូតលាស់ជាសារពាង្គកាយថ្មីៗ។ ដំណាក់កាលនេះរុក្ខជាតិ ផលិតកោសិកាភេទពីរបែប គឺកាម៉ែតញី និងកាម៉ែតឈ្មោល ។ កាម៉ែតញី និង កាម៉ែតឈ្មោល រលាយចូលគ្នាបង្កើតបានជាសុីកូត។ បន្ទាប់មកសុីកូតលូតលាស់ទៅជាស្ប៉រ៉ូភីត។,15,10,3,0.6666666666666666,0.8779591845725502,4,13,1,3
812,តើសេដ្ឋកិច្ចកម្ពុជាពឹងផ្អែកលើវិស័យអ្វីជាសំខាន់?     ក/ ហេតុអ្វីបានជាគេនិយាយថាកម្ពុជាជាប្រទេសកសិកម្ម?     ខ/ តើគេចែកកសិករជាប៉ុន្មានប្រភេទ?អ្វីខ្លះ?,សេដ្ឋកិច្ចកម្ពុជាពឹងផ្អែកលើវិស័យកសិកម្មជាសំខាន់។   ក/ បានជាគេនិយាយថាកម្ពុជាជាប្រទេសឧស្សាហកម្មព្រោះ៖  _  សណ្ឋានដី : ដីមានជីវជាតិល្អនិងសម្បូរទំនាបល្បាប់   _ ផ្លូវទឹក : ផ្លូវទឹកខ្វាត់ខ្វែងងាយស្រួលដល់ការដាំដុះ  _ ប្រជាជន : ប្រជាជនខ្មែរភាគច្រើនចូលចិត្តធ្វើកសិកម្ម  _ អាកាសធាតុ : ទទួលអាកាសធាតុក្តៅសើម  _ កសិកម្មផ្តល់ផល50%នៃផលិតផលជាតិសរុប។  ខ/ គេចែកកសិករទាំងនោះជា4ប្រភេទគឺ៖  _ កសិករធ្វើស្រែឬអ្នកស្រែ : និយមធ្វើស្រែ ស្រូវប្រាំង ស្រូវវស្សា ស្រូវឡើងទឹក  _ កសិករតំបន់ដីខ្ពស់ : គេដាំដំណាំជាអចិន្ត្រៃយ៍(ពោត ដំឡូង ចេក កៅស៊ូសណ្តែក)  _ កសិករធ្វើចម្ការដំណាំស្រូវ : គេដាំដំណាំតាមមាត់ទន្លេ ចិញ្ចឹមសត្វនិងនេសាទ  _ កសិករភូមិភាគឦសាន: គេធ្វើដំណាំព្រៃដុតមានដូចជាពោត ដំឡូង ស្រូវរុក្ខជាតិយកមើមដទៃទៀត និងបរបាញ់សត្វផងដែរ។,សេដ្ឋកិច្ចកម្ពុជាពឹងផ្អែកលើវិស័យកសិកម្មសំខាន់។   ក/ បានជាគេនិយាយថាកម្ពុជាជាប្រទេសកសិកម្មព្រោះ៖   _ ផ្តល់នូវកំណើនផលិតផលសរុបក្នុងសេដ្ឋកិច្ចកម្ពុជា    _ ជួយទ្រទ្រង់ដល់ជញ្ជីងពាណិជ្ជកម្មកម្ពុជា    _ ជំរុញឲ្យសេដ្ឋកិច្ចកម្ពុជាមានកំណើន    _ ផ្ដល់លើផលិតផលលើសសម្រាប់នាំចេញ    _ ផ្ដល់នូវរូបធាតុដើមសម្រាប់នាំចេញ(ជ័រកៅស៊ូ)   _ ផ្តល់ការងារដល់ប្រជាជនកម្ពុជា   _ ចូលរួមចំណែកក្នុងការកាត់បន្ថយចលនាបម្លាស់លំនៅនៃប្រជាជនកម្ពុជា    _ ផ្តល់ស្បៀងអាហារសម្រាប់ប្រជាជនកម្ពុជា   _ ផ្តល់សំណល់សម្រាប់ការចិញ្ចឹមសត្វ(ចំណីសត្វ)   _ ផ្តល់ស្បៀងបម្រុងសម្រាប់កងទ័ព  ខ/ គេបានគេចែកកសិករទាំងនោះជា4ប្រភេទគឺ    _ កសិករដាំស្រូវ    _ កសិករមិនដាំស្រូវ    _ កសិករដីខ្ពស់     _ កសិករភូមិភាគឦសាន។,20,16,3,0.8,0.40687068223566514,2,8,1,8
813,តើកត្តាអ្វីខ្លះដែលធ្វើអោយសម័យអង្គររីកចម្រើនដល់កំពូល?​ ចូលរៀបរាប់។,កត្តាដែលធ្វើអោយសម័យអង្គររីកចម្រើនគឺ: កត្តាព្រះរាជា:ព្រះរាជាចាប់ពីព្រះបាទជ័យវរ្ម័នទី 2 រហូតដល់ព្រះបាទជ័យវរ្ម័នទី 7 សុទ្ធតែជាស្ដេចខ្លាំងពូកែ កត្តានយោបាយ: នយោបាយក្នុងប្រទេសបង្រួបបង្រួមជាតិកសាងនិងការពារទឹកដី នយោបាយក្រៅប្រទេស:ចងសម្ព័ន្ធមិត្តជាមួយប្រទេសធំៗវាយយករដ្ឋតូចដាក់ជាចំណុះ កត្តាសេដ្ឋកិច្ច:រីកចម្រើនលើវិស័យកសិកម្មសិប្បកម្មគណនាគម កត្តាសាសនា:ការឯកភាពគ្នារវាងសាសនាព្រាហ្មនិងព្រះពុទ្ធ កត្តាធនធានមនុស្សបន្សល់ទុកតាំងពីសម័យនគរភ្នំនិងចេនឡាមក។,កត្តាដែលធ្វើអោយសម័យអង្គររីកចម្រើនគឺ: កត្តាព្រះរាជា:ព្រះរាជាចាប់ពីព្រះបាទជ័យវរ្ម័នទី 2 រហូតដល់ព្រះបាទជ័យវរ្ម័នទី 7 សុទ្ធសឹងតែជាស្ដេចខ្លាំងពូកែ កត្តានយោបាយ: នយោបាយក្នុងប្រទេសបង្រួបបង្រួមជាតិកសាងនិងការពារទឹកដី នយោបាយក្រៅប្រទេស:ចងសម្ព័ន្ធមិត្តជាមួយប្រទេសធំៗវាយយករដ្ឋតូចដាក់ជាចំណុះ,10,5,2,0.5,0.8482496152534896,3,8,1,3
814,ចូរនិយាយពីកំណកាម៉ែតញី។,ការស្ថិតនៅក្រោមសារពាង្គកាយនៃពងស្វាសមានសារៈសំខាន់ដូចជាដើម្បីរក្សាសីតុណ្ហភាពឲ្យ ទាបជាងសីតុណ្ហភាពក្នុងខ្លួន ប្រហែលពី(2-3)សីតុណ្ហភាពក្នុងខ្លួន37 ។,កំណកាម៉ែតញីដំបូងកោសិកាពូជមួយរួមចំណែកពីរដងបន្តបន្ទាប់គ្នា បានកោសិកាអូវ៉ូកូរី4 ។ អូវ៉ូកូរីនីមួយៗរីកមាឌអាចជាអូវ៉ូស៊ីត1 ។អូវ៉ូស៊ីតមួយរងចំណែកមួយនៃមេយោធាហើយត្រូវបាន ឈប់គាំងនៅវគ្គប្រផ្ដាស1 ។ក្រោយមកពេលគ្រប់អូវ៉ូស៊ីតមួយបន្តធ្វើចំណែកហើយត្រូវបានបញ្ចប់ នៅរយៈពេល6ម៉ោងមុនដំណើរអូវ៉ុលនិងធ្លាក់មកក្រៅជាអូវ៉ូស៊ីត2 ។ប្រសិនបើជួបស្ពែម៉ាតូសូអុីត បង្កើតបានជាអូវុល ។,10,8,3,0.8,0.02410828921328755,0,0,3,8
815,តើព្រះបាទពញាយ៉ាតមានបុត្រប៉ុន្មានអង្គព្រះនាមអ្វីខ្លះ?ជាមួយអ្នកម្នាងណាខ្លះ?,ព្រះបាទពញាយ៉ាតមានបុត្របីអង្គគឺ នារាយណ៍រាជា ជាបុត្រជាមួយម្នាងទេវី ស្រីរាជាជាបុត្រជាមួយបុទុមកេសរ និងធម្មរាជាជាបុត្រជាមួយសុីសង៉ាម(បុត្រីស្ដេចសៀម)។,ព្រះបាទពញាយ៉ាតមានបុត្របីអង្គគឺ នារាយណ៍រាជា ជាបុត្រជាមួយម្នាងទេវី ស្រីរាជាជាបុត្រជាមួយបុទុមកេសរ និងធម្មរាជាជាបុត្រជាមួយសុីសង៉ាម(បុត្រីស្ដេចសៀម)។,5,5,4,1.0,0.9999999999999998,4,5,0,0
816,តើកត្តាអ្វីខ្លះដែលបណ្ដាលឲ្យសៀមវាយបែកបន្ទាយលង្វែក?,កត្តាដែលបណ្ដាលឲ្យសៀមវាយបន្ទាយលង្វែកព្រះរាជាព្រះសត្ថាទីមួយឆោតល្ងង់ទៅជួយរំដោះក្រុងឰយុធ្យារបស់សៀមមកពីការត្រួតត្រាភូមាសៀមរមិលគុណប្រើល្បិចបញ្ជូនសល់ពីរអង្គ យកការវិបត្តិផ្ទៃក្នុងជាជួរជលសារលោករវល់ នាដើមម៉ឺនមន្ត្រីប្រជារាស្ត្រមិនពេញចិត្តដែលតែងទៅកូនអាយុដប់មួយវស្សា ឲ្យកូនរៀននៅ ក្នុងនាម មហាឧបរាជ ធ្វើឲ្យប្រជារាស្ត្របាត់បង់ស្មារតីប្រយុទ្ធប្រជារាស្ត្រខ្មែរក្រីក្រឆោតល្ងង់ចង់បានប្រាក់ដួលក៏នាំគ្នាកាប់ឆ្ការគុម្ពឫស្សីដែលជារបងការពារបន្ទាយលង្វែកដ៏រឹងមាំ រីប្រទេសខ្មែរហាក់បីដូចជាបាត់បង់សាមគ្គីដូចជាស្ថានីយមួយនាំកូនទាំងពីររត់ភៀសខ្លួនទៅប្រទេសឡាវមិនគិតពីប្រជារាស្ត្រនាំឲ្យប្រជាជន អស់ជំនឿ,កត្តាដែលធ្វើឲ្យសៀមវាយបែកបន្ទាយលង្វែក បែកបាក់សាមគ្គីភាព,10,2,1,0.2,0.22599902933632848,1,2,0,0
817,តើអាណាចក្រភ្នំមានព្រំប្រទល់ជាប់ប្រទេសណាខ្លះ?,អាណាចក្រភ្នំមានព្រំប្រទល់ជាប់ប្រទេសដូចជា -ខាងជើងជាប់ចិន -ខាងត្បូងជាឈូងសមុទ្រខ្មែរ -ខាងកើតជាប់រដ្ឋចម្ប៉ា -ខាងលិចជាប់រដ្ធមនឬភូមា។,អាណាចក្រភ្នំមានព្រំប្រទល់ខាងជើងជាប់នឹងប្រទេសចិន(រដ្ឋណានឆាវនិងតុងតឹង)ខាងកើតជាប់រដ្ឋចម្ប៉ា(ឈូងសមុទ្រចិន)និងខាងត្បូងជាប់និងឈូងសមុទ្រខ្មែរ(នគរភ្នំ)និងខាងលិចជាប់រដ្ឋមនឬភូមា។,6,6,4,1.0,0.6647821859686388,3,4,1,2
818,ចូរពន្យល់ពាក្យ : ប៉ង់សៀ; បរិយាកាស; ដៃទន្លេ; ភ្នំភ្លើង។,ប៉ង់សៀ -បរិយាកាសគឺជាឧស្ម័នដែលនៅជុំវិញផែនដី -ដៃទន្លេជាទឹកសាបដែលហូរចូលទៅក្នុងស្ទឹងបឹងនឹងមានទីតាំងជាវង្សប្រាំង -ភ្នំភ្លើងគឺជារន្ធមួយនៅសំបកផែនដីដែលតាមរយៈនោះកម្អែលផេះហូរចេញ,ប៉ង់សៀ -បរិយាកាសគឺជាឧស្ម័នដែលនៅជុំវិញផែនដី -ដៃទន្លេជាទឹកសាបដែលហូរចូលទៅក្នុងស្ទឹងបឹងនឹងមានទីតាំងជាវង្សប្រាំង -ភ្នំភ្លើងគឺជារន្ធមួយនៅសំបកផែនដីដែលតាមរយៈនោះកម្អែលផេះហូរចេញ,8,8,4,1.0,1.0,4,8,0,0
819,តើសេដ្ឋកិច្ចកម្ពុជាពឹងផ្អែកលើវិស័យអ្វីជាសំខាន់?     ក/ ហេតុអ្វីបានជាគេនិយាយថាកម្ពុជាជាប្រទេសកសិកម្ម?     ខ/ តើគេចែកកសិករជាប៉ុន្មានប្រភេទ?អ្វីខ្លះ?,សេដ្ឋកិច្ចកម្ពុជាពឹងផ្អែកលើវិស័យកសិកម្មជាសំខាន់។   ក/ បានជាគេនិយាយថាកម្ពុជាជាប្រទេសឧស្សាហកម្មព្រោះ៖  _  សណ្ឋានដី : ដីមានជីវជាតិល្អនិងសម្បូរទំនាបល្បាប់   _ ផ្លូវទឹក : ផ្លូវទឹកខ្វាត់ខ្វែងងាយស្រួលដល់ការដាំដុះ  _ ប្រជាជន : ប្រជាជនខ្មែរភាគច្រើនចូលចិត្តធ្វើកសិកម្ម  _ អាកាសធាតុ : ទទួលអាកាសធាតុក្តៅសើម  _ កសិកម្មផ្តល់ផល50%នៃផលិតផលជាតិសរុប។  ខ/ គេចែកកសិករទាំងនោះជា4ប្រភេទគឺ៖  _ កសិករធ្វើស្រែឬអ្នកស្រែ : និយមធ្វើស្រែ ស្រូវប្រាំង ស្រូវវស្សា ស្រូវឡើងទឹក  _ កសិករតំបន់ដីខ្ពស់ : គេដាំដំណាំជាអចិន្ត្រៃយ៍(ពោត ដំឡូង ចេក កៅស៊ូសណ្តែក)  _ កសិករធ្វើចម្ការដំណាំស្រូវ : គេដាំដំណាំតាមមាត់ទន្លេ ចិញ្ចឹមសត្វនិងនេសាទ  _ កសិករភូមិភាគឦសាន: គេធ្វើដំណាំព្រៃដុតមានដូចជាពោត ដំឡូង ស្រូវរុក្ខជាតិយកមើមដទៃទៀត និងបរបាញ់សត្វផងដែរ។,សេដ្ឋកិច្ចកម្ពុជាពឹងផ្អែកលើវិស័យកសិកម្មជាសំខាន់  ក.បានជាគេនិយាយថាកម្ពុជាជាប្រទេសកសិកម្មព្រោះ -ប្រទេសកម្ពុជាសម្បូរទៅដោយការដាំដុះ  -សម្បូរទៅដោយធម្មជាតិ  -សម្បូរទៅដោយអ្នកធ្វើកសិកម្មជាពិសេសទៅតាមជនបទ -ប្រទេសកម្ពុជាជាប្រទេសដែលរីកចម្រើនខាងកសិកម្មនិងឧស្សាហកម្ម -ប្រទេសកម្ពុជាសម្បូរទៅដោយអ្នកធ្វើកសិកម្ម -ប្រជាជននៅកម្ពុជាសម្បូរទៅ អ្នកដាំដំណាំធម្មជាតិដូចជាការដាំដុះការដាំបន្លែជាដើមទាំងនេះសម្បូរទៅដោយនៅតាមជនបទ -ប្រជាជនខ្លះដាំដំណាំហើយយកទៅលក់ដើម្បីចិញ្ចឹមជីវិត -ប្រជាជនកម្ពុជាសម្បូរទៅដោយអ្នកធ្វើកសិកម្ម -រដ្ឋាភិបាលកម្ពុជាបានពង្រឹងទៅលើវិស័យកសិកម្មយ៉ាងខ្លាំង -ប្រទេសកម្ពុជាសម្បូរទៅដោយដីមានជីជាតិ -សម្បូរដីមានជីវជាតិធ្វើឲ្យប្រជាជនងាយក្នុងការធ្វើកសិកម្ម -ប្រទេសកម្ពុជាសម្បូរទៅដោយការដាំដុះនឹងដីមានជីវជាតិហើយសម្បូរទៅដោយដីមានជីវជាតិដូច្នេះហើយបានជាប្រទេសកម្ពុជាសេដ្ឋកិច្ចពឹងផ្អែកលើវិស័យកសិកម្ម  -ប្រជាជនដាំដូងដើម្បីប្រមូលផល -កសិករដាំដុះទៅលើកសិកម្មជាច្រើនដើម្បីប្រមូលផលយកទៅលក់ នាំចេញ ហេតុដូច្នេះហើយប្រទេសពឹងផ្អែកទៅលើវិស័យកសិកម្ម។ ខ.កសិកម្មទាំងនោះចែកចេញជាប្រភេទដូចជា,20,10,2,0.5,0.35348043409085195,1,7,1,3
820,តើថ្ងៃរំដោះ៧មករា១៩៧៩ មានអត្ថន័យយ៉ាងណាខ្លះចំពោះប្រវត្តិសាស្ត្រកម្ពុជា?,ថ្ងៃរំដោះ 7 មករា 1979 មានអត្ថន័យជាប្រវត្តិសាស្រ្តដូចជា÷ -ជាថ្ងៃដែលប្រជាជនរួចផុតពីរបបប្រល័យពូជសាសន៍ -ជាថ្ងៃដែលរបបកម្ពុជាប្រជាធិបតេយ្យដួលរលំ -ជាថ្ងៃកំណើតទី 2 របស់ប្រជាជនខ្មែរ -ជាថ្ងៃដែលកងទ័ពរណសិរ្យសាមគ្គីនិងកងទ័ពរំដោះប្រជាជន បានរំដោះប្រជាជនចេញពីរបបប្រល័យពូជសាស្ត្រកម្ពុជា។,ថ្ងៃរំដោះ៧មករា១៩៧៩ មានអត្ថន័យយ៉ាងណាខ្លះចំពោះប្រវត្តិសាស្ត្រកម្ពុជាដូចជា៖     +ជាថ្ងៃដែលកម្ពុជារួចផុតពិការកាប់សម្លាប់រង្គាលនៃរបបកម្ណុជាប្រជាធិបតេយ្យ     +ជាថ្ងៃកំណើតទី២របស់ប្រជាជនកម្ពុជា ដែលបានរួចផុតពីរបបកម្ពុជាប្រជាធិបតេយ្យ     +បាននាំមកឱ្យប្រជាជនវិញនូវសិទ្ធសេរីភាពទាំងអស់ក្រោយការដួលរលំរបបកម្ពុជាប្រជាធិបតេយ្យ     +ការរស់រានឡើងវិញនូវវប្បធម៍ជាតិមានដូចជា ជំនឿ សាសនា ប្រពៃណី សិល្បៈ ជាដើម     +ស្ដានិងកសាងប្រទេសឡើងវិញស្របតាមឆន្ទៈ និងគោលបំណងប្រជាជន     +កម្ពុជាអាចកំណត់វាសនាប្រទេសជាតិដោយខ្លួនឯង     +កម្ពុជាអាចមានឯករាជ សន្តិភាព សេរីភាព សុភកគមង្គល ស្ថិរភាព ដើម្បីដំណើរនៅក្រៅប្រទេស     +អាចមាននៅផ្លូវដើរដោយច្បាស់លាស់ ដោយមិនជាប់នៅអតីតកាល     +ចាប់ផ្ដើមបង្កើតសមត្ថភាពធនធានមនុស្សដោយបញ្ជូននិសិត្សទៅបណ្ដុះបណ្ដាលនៅក្រៅប្រទេស។,8,8,4,1.0,0.4380845760363188,2,4,2,4
821,ដូចម្តេចដែលហៅថាមេយ៉ូស? ចូរនិយាយពីវគ្គផ្សេងៗនៃមេយ៉ូស។,មេយ៉ូសជាសំណុំនៃចំណែកកោសិកាពីរដងបន្តបន្ទាប់គ្នាដែលបង្កើតបានជាកោសិកាអាលូអុីតបួន ហៅថាមេយ៉ូស ។ _តេឡូផាស1 ស៊ីតូប្លាសចែកខ្លួនបានជាកោសិកាកូនពីរ ។កោសិកាកូននីមួយៗទទួលបានក្រូម៉ូសូម តែមួយពីរគូអូម៉ូឡូក ។ _ប្រផាស1 មានរយៈពេលវែង ។ _អាណាផាស1 ក្រូម៉ូសូមដំរៀបលើផ្លាស់ភ្ជាប់នឹងក្រយ៉ូងក្រូម៉ាទិចដោយសង់ក្រូងទ័ររបស់វា ។ _តេឡូផាស2 ក្រូម៉ូមនីមួយៗបានមកដល់ប៉ូលភ្នាស _មេតាផាស2 ក្រូម៉ូសូមប្រេះតាមបណ្ដោយភ្ជាប់ខ្លួនទៅនិងក្រយ៉ងក្រូម៉ាទិចដោយសង់ _ប្រូដាស2 ត្តយ៉ងអាក្រូម៉ាទិតកើតមានក្នុងកោសិកាគូនីមួយៗ _អាណាផាស2 សង់ក្រូម៉ែធ្វើចំណែកដែលនាំអោយក្រូម៉ាទិចបងប្អូនដាច់ចេញពីគ្នា ។បន្ទាប់មក ក្រូម៉ូសូមកូនទាំង2ធ្វើដំណើរឆ្ពោះទៅប៉ូលផ្ទុយគ្នារបស់ត្រយ៉ូងអាក្រូម៉ាទិច ។,មេយ៉ូសជាសំណុំនៃចំណែកកោសិកាពីរដងបន្តបន្ទាប់គ្នាដែលបង្កើតបានជាកោសិកាអាលូអុីតបួន ហៅថាមេយ៉ូស ។ _តេឡូផាស1 ស៊ីតូប្លាសចែកខ្លួនបានជាកោសិកាកូនពីរ ។កោសិកាកូននីមួយៗទទួលបានក្រូម៉ូសូម តែមួយពីរគូអូម៉ូឡូក ។ _ប្រផាស1 មានរយៈពេលវែង ។ _អាណាផាស1 ក្រូម៉ូសូមដំរៀបលើផ្លាស់ភ្ជាប់នឹងក្រយ៉ូងក្រូម៉ាទិចដោយសង់ក្រូងទ័ររបស់វា ។ _តេឡូផាស2 ក្រូម៉ូមនីមួយៗបានមកដល់ប៉ូលភ្នាស _មេតាផាស2 ក្រូម៉ូសូមប្រេះតាមបណ្ដោយភ្ជាប់ខ្លួនទៅនិងក្រយ៉ងក្រូម៉ាទិចដោយសង់ _ប្រូដាស2 ត្តយ៉ងអាក្រូម៉ាទិតកើតមានក្នុងកោសិកាគូនីមួយៗ _អាណាផាស2 សង់ក្រូម៉ែធ្វើចំណែកដែលនាំអោយក្រូម៉ាទិចបងប្អូនដាច់ចេញពីគ្នា ។បន្ទាប់មក ក្រូម៉ូសូមកូនទាំង2ធ្វើដំណើរឆ្ពោះទៅប៉ូលផ្ទុយគ្នារបស់ត្រយ៉ូងអាក្រូម៉ាទិច ។,10,10,4,1.0,1.0,4,10,0,0
822,តើអាមីបរស់នៅកន្លែងណា ?វាបង្កជំងឺអ្វី?,អាមីបរស់នៅកន្លែងដូចជាស្ទឹងបឹងអូរត្រពាំងទន្លេទឹកជ្រោះ។ វាបង្កជំងឺដូចជា ជំងឺរាគមួល ធ្វើឲ្យយើងចុកពោះដោយផឹកទឹកមិនស្អាត,អាមីបរស់នៅកន្លែងមិនស្អាតដូចជា ដីភក់ ទឹកកង្វក់ វាអាចរស់នៅក្នុងពោះវៀនមនុស្ស។ ហើយវាអាចបង្កជំងឺរាគរូស។,8,8,4,1.0,0.2989088780451282,1,2,3,6
823,តើការស្ថិតនៅក្រៅសារពាង្គកាយនៃពងស្វាសមានសារៈសំខាន់ដូចម្តេច?,ការស្ថិតនៅក្រោមសារពាង្គកាយនៃពងស្វាសមានសារៈសំខាន់ដូចជាដើម្បីរក្សាសីតុណ្ហភាពឲ្យ ទាបជាងសីតុណ្ហភាពក្នុងខ្លួន ប្រហែលពី(2-3)សីតុណ្ហភាពក្នុងខ្លួន37 ។,ការស្ថិតនៅក្រោមសារពាង្គកាយនៃពងស្វាសមានសារៈសំខាន់ក្នុងការផលិតអរម៉ូនភេទឈ្មោលនិង បង្កើតស្ពែម៉ាតូសូអ៊ីតរក្សាសីតុណ្ហភាពឲ្យទាបជាងសីតុណ្ហភាពក្នុងខ្លួន ប្រហែលពី(2-3) ។,10,3,1,0.3,0.722435714290658,3,7,2,4
824,តើដំណាក់កាលទាំងពីរនៃវដ្ដជីវីតរបស់រុក្ខជាតិមានអ្វីខ្លះ? ចូររៀបរាប់។,ដំណាក់កាល ទាំងពីរនៃវដ្ដជីវិតរបស់រុក្ខជាតិមាន  - ដំណាក់កាលស្ប៉រ៉ូភីត គឺជារុក្ខជាតិផលិតស្ប៉។ វាជាកោសិកាតូចៗដែលអាចលូតលាស់ជាសារពាង្គកាយថ្មី  -ស្ប៉លូតលាស់ក្នុងដំណាក់កាលផ្សេងទៀតនៃរុក្ខជាតិ ហៅថាកាម៉ែតូភីត។ ក្នុងដំណាក់កាលនៃរុក្ខជាតិផលិតកោសិកាភេទពីរបែប គឺកាម៉ែតឈ្មោល និងកាម៉ែតញី ។ កាម៉ែតញី និង កាម៉ែតឈ្មោលលាយចូលគ្នា បង្កើតបានជាសុីកូត។ បន្ទាប់មកទៀត សុីកូតលូតលាស់ទៅជាស្ប៉រ៉ូភីត។ស្ប៉រ៉ូភីតផលិតស្ប៉លូតលាស់ក្នុងកាម៉ែតូភីត កាម៉ែតូភីតផលិតកាម៉ែតញី និងកាម៉ែតឈ្មោល ហើយវដ្ដផ្ដើមសារជាថ្មី។,ដំណាក់កាល ទាំងពីរនៃវដ្ដជីវិតរបស់រុក្ខជាតិមាន  - ដំណាក់កាលស្ប៉រ៉ូភីត គឺជារុក្ខជាតិផលិតស្ប៉។ វាជាកោសិកាតូចៗដែលអាចលូតលាស់ជាសារពាង្គកាយថ្មី  -ស្ប៉លូតលាស់ក្នុងដំណាក់កាលផ្សេងទៀតនៃរុក្ខជាតិ ហៅថាកាម៉ែតូភីត។ ក្នុងដំណាក់កាលនៃរុក្ខជាតិផលិតកោសិកាភេទពីរបែប គឺកាម៉ែតឈ្មោល និងកាម៉ែតញី ។ កាម៉ែតញី និង កាម៉ែតឈ្មោលលាយចូលគ្នា បង្កើតបានជាសុីកូត។ បន្ទាប់មកទៀត សុីកូតលូតលាស់ទៅជាស្ប៉រូ៉ភីត។ស្ប៉រូ៉ភីតផលិតស្ប៉លូតលាស់ក្នុងកាម៉ែតូភីត កាម៉ែតូភីតផលិតកាម៉ែតញី និងកាម៉ែតឈ្មោល ហើយវដ្ដផ្ដើមសារជាថ្មី។,15,8,2,0.5333333333333333,1.0,4,15,2,7
825,តើប្រព័ន្ធផលិតកម្មកសិកម្មនៅក្នុងប្រទេសកម្ពុជាមានអ្វីខ្លះ?ចូររៀបរាប់​ ។,ប្រព័ន្ធផលិតកម្មកសិកម្មនៅប្រទេសកម្ពុជាមាន៖    _ ដំណាំ : ដំណាំស្រូវ ដំណាំកៅស៊ូ ដំណាំផ្សេងៗទៀត    _ ការចិញ្ចឹមសត្វ : ការចិញ្ចឹមសត្វលើគោក ការចិញ្ចឹមសត្វក្នុងទឹក    _ ការនេសាទ : ការនេសាទទឹកសាប ការនេសាទទឹកប្រៃ  _ ព្រៃឈើ : ផលិតផលឈើ អនុផលព្រៃឈើ(រកឃ្មុំ ជ័រទឹក វល្លិ៍ ផ្តៅ) សត្វព្រៃ ។,ប្រព័ន្ធផលិតកម្មនៅប្រទេសកម្ពុជារួមមាន៖.ប្រព័ន្ធផលិតកម្មកសិកម្មនៅប្រទេសកម្ពុជាមានដូចជា +ដំណាំ -ដំណាំស្រូវ -ដំណាំកៅស៊ូ -ដំណាំផ្សែងទៀត +ការចិញ្ចឹមសត្វ -ការចិញ្ចឹមសត្វលើគោក(គោមាន់ទាជ្រូក) -ការចិញ្ចឹមសាច់ក្នុងទឹកត្រី +ការនេសាទ -ការនេសាទទឹកសាប -ការនេសាទសប្រៃ +ព្រៃឈើ -អនុផលព្រៃឈើរកវល្លី បេះផ្លែឈើជាដើម។,10,7,3,0.7,0.813690761364533,3,8,0,1
826,ហេតុអ្វីបានជាផ្នែកឯកជនជាកម្លាំងដ៏សំខាន់សម្រាប់វិនិយោគនិងធ្វើឲ្យមានកំណើនសេដ្ឋកិច្ចក្នុងប្រទេស?,បានជាផ្នែកឯកជនជាកម្លាំងដ៏សំខាន់សម្រាប់វិនិយោគនិងធ្វើឲ្យមានកំណើនសេដ្ឋកិច្ចក្នុងប្រទេស ព្រោះប្រទេសកម្ពុជាជាប្រទេសអភិវឌ្ឍន៍ សេដ្ឋកិច្ចទីផ្សារដោយបានធ្វើកំណែទម្រង់សហគ្រាសឧស្សាហកម្មឲ្យក្លាយទៅជាកម្មសិទ្ធិឯកជន ។ សេដ្ឋកិច្ចទីផ្សារសេរីនេះនាំឲ្យអ្នករកស៊ីបរទេសចូលចិត្តមកវិនិយោគ ហើយកាលណាផ្នែកឯកជនរឹងមាំមកវិនិយោគ ហើយកាលណាផ្នែកឯកជនមិនរឹងមាំអាចបំពេញបន្ថែមវិនិយោគនិងវិស័យសង្គមកិច្ចមានន័យថាវិស័យឯកជនស្រូបយកកម្លាំងការងារកាន់តែកើនឡើង។,ព្រោះវិស័យឯកជនជាក្បាលម៉ាស៊ីនសំខាន់សម្រាប់វិនិយោគនិងធ្វើឱ្យមានកំណើនសេដ្ឋកិច្ចក្នុងប្រទេសព្រោះ៖-ទីផ្សារសេរីធ្វើសហគ្រាសមានសេដ្ឋកិច្ចឯកជន -ផ្នែកឯកជនផ្ដល់កូនចូលសេដ្ឋកិច្ចជាតិ -ជួយបំពេញទីផ្សារសង្គមឲ្យរីកចម្រើន  -សហគ្រាសឯកជនមានឧស្សាហកម្មសិប្បកម្មដែលជួយបំពេញតម្រូវការក្នុងស្រុក -ផ្តល់ការងារដល់ប្រជាជន -ទាក់ទាញឲ្យបរទេសចូលចិត្តមកវិនិយោគក្នុងប្រទេស -ការកាត់បន្ថយប្រជាជនធ្វើចលនាបំផ្លាស់លំនៅ -ឯកជនមានកម្លាំងកាត់បន្ថយបន្ទុកសម្រាប់ជាតិឬកាត់បន្ថយភាពក្រីក្ររបស់ប្រជាជន -ឯកជនរីកចម្រើនធ្វើឲ្យឧស្សាហកម្មមានកម្រិតខ្ពស់ដែលធ្វើប្រទេសអភិវឌ្ឍន៍លឿន.....។,15,8,2,0.5333333333333333,0.49809873777671343,2,7,0,1
827,ចូរប្រៀបធៀបលក្ខណៈខុសគ្នានៃផ្សិត និងរុក្ខជាតិ។,លក្ខណៈខុសគ្នានៃផ្សិតនិងរុក្ខជាតិ +ផ្សិត  -ផ្សិតបន្តពូជតាមរយៈស្ប៉ -ផ្សិតមិនធ្វើរស្មីសំយោគ -អុីប -វារស់នៅកន្លែងសើម +រុក្ខជាតិ -បន្តពូជដោយគ្រាប់ -វាត្រូវការធ្វើរស្មីសំយោគ -វារស់នៅកន្លែងដែលមានពន្លឺ,ប្រៀបធៀបលក្ខណ:ខុសគ្នារវាងផ្សិតនិងរុក្ខជាតិ  +ផ្សិត -បរជីព -អុីបក្រោមដី -ស្ប៉ +រុក្ខជាតិ -ស្វ័យជីព -គ្រាប់ -ឬស,12,6,2,0.5,0.33934295232248135,1,4,1,2
