
========== exp01 TF-IDF baseline  1184 (full)  ->  /home/norak/R&I/kxs-/results_full ==========
  rows=1184 train=828 val=178 test=178
  labels: {0: 14, 1: 153, 2: 327, 3: 191, 4: 499}
  [raw_ra_tfidf_cos              ] train_qwk=0.3814 -> test_qwk=0.4582  acc5=0.3764  raw_w1=0.4719  (3.1s)
  [raw_ra_tfidf_svr              ] train_qwk=0.8375 -> test_qwk=0.7602  acc5=0.6742  raw_w1=0.6966  (58.6s)
  [raw_qar_tfidf_cos             ] train_qwk=0.3544 -> test_qwk=0.4227  acc5=0.3258  raw_w1=0.4551  (3.1s)
  [raw_qar_tfidf_svr             ] train_qwk=0.8322 -> test_qwk=0.7685  acc5=0.6742  raw_w1=0.7135  (57.8s)
  [clean_ra_tfidf_cos            ] train_qwk=0.3970 -> test_qwk=0.4685  acc5=0.4101  raw_w1=0.5112  (3.6s)
  [clean_ra_tfidf_svr            ] train_qwk=0.8380 -> test_qwk=0.7711  acc5=0.6798  raw_w1=0.7022  (58.1s)
  [clean_qar_tfidf_cos           ] train_qwk=0.3908 -> test_qwk=0.4643  acc5=0.3708  raw_w1=0.5112  (3.8s)
  [clean_qar_tfidf_svr           ] train_qwk=0.8342 -> test_qwk=0.7750  acc5=0.6854  raw_w1=0.7135  (58.5s)
| 2026-05-17 08:39:10,341 | [1;32mINFO[0m | khmer-nltk | Loaded model from /home/norak/R&I/kxs-/venv/lib/python3.12/site-packages/khmernltk/word_tokenize/sklearn_crf_ner_10000.sav |
  [segment_ra_tfidf_cos          ] train_qwk=0.4051 -> test_qwk=0.4899  acc5=0.4157  raw_w1=0.4944  (15.1s)
  [segment_ra_tfidf_svr          ] train_qwk=0.8360 -> test_qwk=0.7699  acc5=0.6798  raw_w1=0.7191  (58.4s)
  [segment_qar_tfidf_cos         ] train_qwk=0.3750 -> test_qwk=0.4118  acc5=0.3315  raw_w1=0.4831  (15.3s)
  [segment_qar_tfidf_svr         ] train_qwk=0.8315 -> test_qwk=0.7707  acc5=0.6798  raw_w1=0.7247  (58.1s)

========== exp01 TF-IDF baseline  909 (no 10C biology)  ->  /home/norak/R&I/kxs-/results_no10c ==========
  rows=909 train=636 val=136 test=137
  labels: {0: 14, 1: 133, 2: 205, 3: 121, 4: 436}
  [raw_ra_tfidf_cos              ] train_qwk=0.4639 -> test_qwk=0.4864  acc5=0.4234  raw_w1=0.4818  (2.4s)
  [raw_ra_tfidf_svr              ] train_qwk=0.9129 -> test_qwk=0.8109  acc5=0.6569  raw_w1=0.6861  (30.5s)
  [raw_qar_tfidf_cos             ] train_qwk=0.4272 -> test_qwk=0.4442  acc5=0.3285  raw_w1=0.4672  (2.5s)
  [raw_qar_tfidf_svr             ] train_qwk=0.9093 -> test_qwk=0.7982  acc5=0.6423  raw_w1=0.6861  (30.5s)
  [clean_ra_tfidf_cos            ] train_qwk=0.4865 -> test_qwk=0.5156  acc5=0.4526  raw_w1=0.5182  (3.0s)
  [clean_ra_tfidf_svr            ] train_qwk=0.9134 -> test_qwk=0.8155  acc5=0.6642  raw_w1=0.6715  (30.7s)
  [clean_qar_tfidf_cos           ] train_qwk=0.4374 -> test_qwk=0.4470  acc5=0.3212  raw_w1=0.4964  (3.1s)
  [clean_qar_tfidf_svr           ] train_qwk=0.9119 -> test_qwk=0.7982  acc5=0.6423  raw_w1=0.7007  (30.7s)
  [segment_ra_tfidf_cos          ] train_qwk=0.5037 -> test_qwk=0.5272  acc5=0.4672  raw_w1=0.5328  (12.8s)
  [segment_ra_tfidf_svr          ] train_qwk=0.9102 -> test_qwk=0.8010  acc5=0.6350  raw_w1=0.6861  (34.6s)
  [segment_qar_tfidf_cos         ] train_qwk=0.4550 -> test_qwk=0.4453  acc5=0.3358  raw_w1=0.5109  (12.9s)
  [segment_qar_tfidf_svr         ] train_qwk=0.9073 -> test_qwk=0.7949  acc5=0.6350  raw_w1=0.7226  (34.5s)

========== exp01 TF-IDF baseline  895 (no 10C, drop 0)  ->  /home/norak/R&I/kxs-/results_no10c_no0 ==========
  rows=895 train=626 val=134 test=135
  labels: {1: 133, 2: 205, 3: 121, 4: 436}
  [raw_ra_tfidf_cos              ] train_qwk=0.4568 -> test_qwk=0.4525  acc5=0.4444  raw_w1=0.5037  (2.4s)
  [raw_ra_tfidf_svr              ] train_qwk=0.9037 -> test_qwk=0.7906  acc5=0.6222  raw_w1=0.6815  (29.6s)
  [raw_qar_tfidf_cos             ] train_qwk=0.4045 -> test_qwk=0.3968  acc5=0.3481  raw_w1=0.4815  (2.5s)
  [raw_qar_tfidf_svr             ] train_qwk=0.9029 -> test_qwk=0.7972  acc5=0.6296  raw_w1=0.6741  (29.0s)
  [clean_ra_tfidf_cos            ] train_qwk=0.4805 -> test_qwk=0.4879  acc5=0.4889  raw_w1=0.5259  (3.0s)
  [clean_ra_tfidf_svr            ] train_qwk=0.9044 -> test_qwk=0.7799  acc5=0.6222  raw_w1=0.6815  (30.3s)
  [clean_qar_tfidf_cos           ] train_qwk=0.4313 -> test_qwk=0.4187  acc5=0.3926  raw_w1=0.5111  (3.1s)
  [clean_qar_tfidf_svr           ] train_qwk=0.9024 -> test_qwk=0.8024  acc5=0.6370  raw_w1=0.6889  (29.8s)
  [segment_ra_tfidf_cos          ] train_qwk=0.5090 -> test_qwk=0.5030  acc5=0.4667  raw_w1=0.5111  (12.6s)
  [segment_ra_tfidf_svr          ] train_qwk=0.9046 -> test_qwk=0.7946  acc5=0.6296  raw_w1=0.7111  (34.2s)
  [segment_qar_tfidf_cos         ] train_qwk=0.4639 -> test_qwk=0.4519  acc5=0.3630  raw_w1=0.5185  (12.7s)
  [segment_qar_tfidf_svr         ] train_qwk=0.9039 -> test_qwk=0.8026  acc5=0.6444  raw_w1=0.7185  (33.5s)

[*] exp01 done

========== exp02 calibrate  source=v01  1184 (full)  ->  /home/norak/R&I/kxs-/results_full_v02_calibrated ==========
  [clean_qar_tfidf_cos           ] cuts=[0.01, 0.21, 0.58, 0.8]  test_qwk=0.4861  acc5=0.4157
  [clean_qar_tfidf_svr           ] cuts=[0.33, 0.47, 0.625, 0.78]  test_qwk=0.7834  acc5=0.6629
  [clean_ra_tfidf_cos            ] cuts=[0.01, 0.27, 0.53, 0.88]  test_qwk=0.5491  acc5=0.4270
  [clean_ra_tfidf_svr            ] cuts=[0.4, 0.42, 0.72, 0.81]  test_qwk=0.7865  acc5=0.6292
  [raw_qar_tfidf_cos             ] cuts=[0.01, 0.03, 0.54, 0.79]  test_qwk=0.4622  acc5=0.4157
  [raw_qar_tfidf_svr             ] cuts=[0.33, 0.47, 0.63, 0.78]  test_qwk=0.7790  acc5=0.6517
  [raw_ra_tfidf_cos              ] cuts=[0.01, 0.29, 0.52, 0.79]  test_qwk=0.4890  acc5=0.4551
  [raw_ra_tfidf_svr              ] cuts=[0.4, 0.42, 0.7, 0.8]  test_qwk=0.7817  acc5=0.6348
  [segment_qar_tfidf_cos         ] cuts=[0.01, 0.26, 0.66, 0.85]  test_qwk=0.4593  acc5=0.4101
  [segment_qar_tfidf_svr         ] cuts=[0.1, 0.46, 0.6, 0.78]  test_qwk=0.7629  acc5=0.7303
  [segment_ra_tfidf_cos          ] cuts=[0.01, 0.4, 0.82, 0.83]  test_qwk=0.4665  acc5=0.5000
  [segment_ra_tfidf_svr          ] cuts=[0.39, 0.43, 0.69, 0.8]  test_qwk=0.7828  acc5=0.6573

========== exp02 calibrate  source=v01  909 (no 10C biology)  ->  /home/norak/R&I/kxs-/results_no10c_v02_calibrated ==========
  [clean_qar_tfidf_cos           ] cuts=[0.01, 0.3, 0.5, 0.75]  test_qwk=0.5149  acc5=0.4380
  [clean_qar_tfidf_svr           ] cuts=[0.125, 0.48, 0.73, 0.74]  test_qwk=0.8413  acc5=0.7883
  [clean_ra_tfidf_cos            ] cuts=[0.01, 0.3, 0.44, 0.76]  test_qwk=0.5283  acc5=0.4453
  [clean_ra_tfidf_svr            ] cuts=[0.125, 0.48, 0.7, 0.72]  test_qwk=0.8037  acc5=0.7737
  [raw_qar_tfidf_cos             ] cuts=[0.01, 0.29, 0.49, 0.77]  test_qwk=0.5193  acc5=0.4234
  [raw_qar_tfidf_svr             ] cuts=[0.125, 0.47, 0.67, 0.81]  test_qwk=0.8389  acc5=0.7664
  [raw_ra_tfidf_cos              ] cuts=[0.01, 0.29, 0.43, 0.76]  test_qwk=0.5337  acc5=0.4380
  [raw_ra_tfidf_svr              ] cuts=[0.125, 0.48, 0.7, 0.81]  test_qwk=0.8107  acc5=0.7518
  [segment_qar_tfidf_cos         ] cuts=[0.01, 0.38, 0.6, 0.84]  test_qwk=0.4827  acc5=0.4307
  [segment_qar_tfidf_svr         ] cuts=[0.125, 0.46, 0.7, 0.71]  test_qwk=0.8267  acc5=0.7956
  [segment_ra_tfidf_cos          ] cuts=[0.01, 0.35, 0.48, 0.86]  test_qwk=0.5073  acc5=0.4453
  [segment_ra_tfidf_svr          ] cuts=[0.125, 0.5, 0.625, 0.7]  test_qwk=0.8305  acc5=0.7299

========== exp02 calibrate  source=v01  895 (no 10C, drop 0)  ->  /home/norak/R&I/kxs-/results_no10c_no0_v02_calibrated ==========
  [clean_qar_tfidf_cos           ] cuts=[0.01, 0.27, 0.57, 0.74]  test_qwk=0.5375  acc5=0.4889
  [clean_qar_tfidf_svr           ] cuts=[0.01, 0.47, 0.67, 0.81]  test_qwk=0.8436  acc5=0.7259
  [clean_ra_tfidf_cos            ] cuts=[0.01, 0.29, 0.39, 0.76]  test_qwk=0.5425  acc5=0.4370
  [clean_ra_tfidf_svr            ] cuts=[0.01, 0.47, 0.68, 0.81]  test_qwk=0.8635  acc5=0.7556
  [raw_qar_tfidf_cos             ] cuts=[0.01, 0.27, 0.56, 0.72]  test_qwk=0.5410  acc5=0.4815
  [raw_qar_tfidf_svr             ] cuts=[0.01, 0.46, 0.67, 0.81]  test_qwk=0.8495  acc5=0.7407
  [raw_ra_tfidf_cos              ] cuts=[0.01, 0.38, 0.4, 0.75]  test_qwk=0.5039  acc5=0.4148
  [raw_ra_tfidf_svr              ] cuts=[0.01, 0.47, 0.68, 0.81]  test_qwk=0.8477  acc5=0.7407
  [segment_qar_tfidf_cos         ] cuts=[0.01, 0.33, 0.68, 0.81]  test_qwk=0.5340  acc5=0.5259
  [segment_qar_tfidf_svr         ] cuts=[0.01, 0.5, 0.69, 0.78]  test_qwk=0.8325  acc5=0.7333
  [segment_ra_tfidf_cos          ] cuts=[0.01, 0.34, 0.49, 0.84]  test_qwk=0.5349  acc5=0.4593
  [segment_ra_tfidf_svr          ] cuts=[0.01, 0.48, 0.68, 0.79]  test_qwk=0.8486  acc5=0.7556

[*] exp02 done

========== exp03 maxfeat-SVR  1184 (full)  ->  /home/norak/R&I/kxs-/results_full_v03_maxfeat ==========
  rows=1184 train=828 val=178 test=178
  [raw_ra_tfidf_svr_maxfeat           ] train_qwk=0.8351 -> test_qwk=0.7711  acc5=0.6798  raw_w1=0.7022  (57.6s)
  [raw_qar_tfidf_svr_maxfeat          ] train_qwk=0.8322 -> test_qwk=0.7719  acc5=0.6798  raw_w1=0.7135  (57.7s)
  [clean_ra_tfidf_svr_maxfeat         ] train_qwk=0.8365 -> test_qwk=0.7711  acc5=0.6798  raw_w1=0.7079  (57.6s)
  [clean_qar_tfidf_svr_maxfeat        ] train_qwk=0.8323 -> test_qwk=0.7750  acc5=0.6854  raw_w1=0.7135  (56.3s)
| 2026-05-17 08:53:22,471 | [1;32mINFO[0m | khmer-nltk | Loaded model from /home/norak/R&I/kxs-/venv/lib/python3.12/site-packages/khmernltk/word_tokenize/sklearn_crf_ner_10000.sav |
  [segment_ra_tfidf_svr_maxfeat       ] train_qwk=0.8352 -> test_qwk=0.7655  acc5=0.6742  raw_w1=0.7247  (59.4s)
  [segment_qar_tfidf_svr_maxfeat      ] train_qwk=0.8315 -> test_qwk=0.7707  acc5=0.6798  raw_w1=0.7135  (58.9s)

========== exp03 maxfeat-SVR  909 (no 10C biology)  ->  /home/norak/R&I/kxs-/results_no10c_v03_maxfeat ==========
  rows=909 train=636 val=136 test=137
  [raw_ra_tfidf_svr_maxfeat           ] train_qwk=0.9129 -> test_qwk=0.8155  acc5=0.6642  raw_w1=0.6934  (29.5s)
  [raw_qar_tfidf_svr_maxfeat          ] train_qwk=0.9086 -> test_qwk=0.8019  acc5=0.6496  raw_w1=0.7080  (29.3s)
  [clean_ra_tfidf_svr_maxfeat         ] train_qwk=0.9135 -> test_qwk=0.8210  acc5=0.6715  raw_w1=0.6715  (30.5s)
  [clean_qar_tfidf_svr_maxfeat        ] train_qwk=0.9105 -> test_qwk=0.7982  acc5=0.6423  raw_w1=0.6934  (30.5s)
  [segment_ra_tfidf_svr_maxfeat       ] train_qwk=0.9102 -> test_qwk=0.8141  acc5=0.6569  raw_w1=0.6934  (34.5s)
  [segment_qar_tfidf_svr_maxfeat      ] train_qwk=0.9066 -> test_qwk=0.7984  acc5=0.6423  raw_w1=0.7299  (34.5s)

========== exp03 maxfeat-SVR  895 (no 10C, drop 0)  ->  /home/norak/R&I/kxs-/results_no10c_no0_v03_maxfeat ==========
  rows=895 train=626 val=134 test=135
  [raw_ra_tfidf_svr_maxfeat           ] train_qwk=0.9036 -> test_qwk=0.7998  acc5=0.6370  raw_w1=0.7037  (29.4s)
  [raw_qar_tfidf_svr_maxfeat          ] train_qwk=0.9016 -> test_qwk=0.8011  acc5=0.6370  raw_w1=0.6889  (28.8s)
  [clean_ra_tfidf_svr_maxfeat         ] train_qwk=0.9036 -> test_qwk=0.7946  acc5=0.6296  raw_w1=0.6963  (29.2s)
  [clean_qar_tfidf_svr_maxfeat        ] train_qwk=0.9024 -> test_qwk=0.8062  acc5=0.6444  raw_w1=0.7111  (29.5s)
  [segment_ra_tfidf_svr_maxfeat       ] train_qwk=0.9040 -> test_qwk=0.8025  acc5=0.6444  raw_w1=0.7259  (33.2s)
  [segment_qar_tfidf_svr_maxfeat      ] train_qwk=0.9026 -> test_qwk=0.8065  acc5=0.6519  raw_w1=0.7111  (32.6s)

[*] exp03 done

========== exp04 bucket-SVR  1184 (full)  ->  /home/norak/R&I/kxs-/results_full_v04_bucket ==========
  rows=1184 train=828 val=178 test=178
  [raw_ra_tfidf_svr_bucket            ] used_buckets=[5, 8, 10, 12, 15]  train_qwk=0.8293 -> test_qwk=0.7420  acc5=0.6348  raw_w1=0.6854  (37.6s)
  [raw_qar_tfidf_svr_bucket           ] used_buckets=[5, 8, 10, 12, 15]  train_qwk=0.8330 -> test_qwk=0.7496  acc5=0.6517  raw_w1=0.6910  (36.9s)
  [clean_ra_tfidf_svr_bucket          ] used_buckets=[5, 8, 10, 12, 15]  train_qwk=0.8346 -> test_qwk=0.7697  acc5=0.6910  raw_w1=0.6854  (37.8s)
  [clean_qar_tfidf_svr_bucket         ] used_buckets=[5, 8, 10, 12, 15]  train_qwk=0.8286 -> test_qwk=0.7562  acc5=0.6629  raw_w1=0.6854  (38.1s)
| 2026-05-17 09:04:07,390 | [1;32mINFO[0m | khmer-nltk | Loaded model from /home/norak/R&I/kxs-/venv/lib/python3.12/site-packages/khmernltk/word_tokenize/sklearn_crf_ner_10000.sav |
  [segment_ra_tfidf_svr_bucket        ] used_buckets=[5, 8, 10, 12, 15]  train_qwk=0.8350 -> test_qwk=0.7729  acc5=0.6854  raw_w1=0.6854  (39.8s)
  [segment_qar_tfidf_svr_bucket       ] used_buckets=[5, 8, 10, 12, 15]  train_qwk=0.8259 -> test_qwk=0.7527  acc5=0.6629  raw_w1=0.7022  (39.9s)

========== exp04 bucket-SVR  909 (no 10C biology)  ->  /home/norak/R&I/kxs-/results_no10c_v04_bucket ==========
  rows=909 train=636 val=136 test=137
  [raw_ra_tfidf_svr_bucket            ] used_buckets=[5, 10, 15]  train_qwk=0.9026 -> test_qwk=0.7886  acc5=0.6277  raw_w1=0.6496  (24.4s)
  [raw_qar_tfidf_svr_bucket           ] used_buckets=[5, 10, 15]  train_qwk=0.9032 -> test_qwk=0.7748  acc5=0.6131  raw_w1=0.6788  (24.7s)
  [clean_ra_tfidf_svr_bucket          ] used_buckets=[5, 10, 15]  train_qwk=0.9080 -> test_qwk=0.7920  acc5=0.6350  raw_w1=0.6496  (24.7s)
  [clean_qar_tfidf_svr_bucket         ] used_buckets=[5, 10, 15]  train_qwk=0.9098 -> test_qwk=0.7833  acc5=0.6277  raw_w1=0.6715  (24.9s)
  [segment_ra_tfidf_svr_bucket        ] used_buckets=[5, 10, 15]  train_qwk=0.9104 -> test_qwk=0.8114  acc5=0.6496  raw_w1=0.6861  (27.9s)
  [segment_qar_tfidf_svr_bucket       ] used_buckets=[5, 10, 15]  train_qwk=0.9085 -> test_qwk=0.7959  acc5=0.6350  raw_w1=0.7007  (28.1s)

========== exp04 bucket-SVR  895 (no 10C, drop 0)  ->  /home/norak/R&I/kxs-/results_no10c_no0_v04_bucket ==========
  rows=895 train=626 val=134 test=135
  [raw_ra_tfidf_svr_bucket            ] used_buckets=[5, 10, 15]  train_qwk=0.8942 -> test_qwk=0.7718  acc5=0.5852  raw_w1=0.6370  (23.5s)
  [raw_qar_tfidf_svr_bucket           ] used_buckets=[5, 10, 15]  train_qwk=0.8942 -> test_qwk=0.7759  acc5=0.5926  raw_w1=0.6741  (23.3s)
  [clean_ra_tfidf_svr_bucket          ] used_buckets=[5, 10, 15]  train_qwk=0.8978 -> test_qwk=0.7944  acc5=0.6074  raw_w1=0.6519  (23.7s)
  [clean_qar_tfidf_svr_bucket         ] used_buckets=[5, 10, 15]  train_qwk=0.8957 -> test_qwk=0.7733  acc5=0.5852  raw_w1=0.6370  (23.8s)
  [segment_ra_tfidf_svr_bucket        ] used_buckets=[5, 10, 15]  train_qwk=0.9046 -> test_qwk=0.8063  acc5=0.6296  raw_w1=0.7037  (27.4s)
  [segment_qar_tfidf_svr_bucket       ] used_buckets=[5, 10, 15]  train_qwk=0.8972 -> test_qwk=0.7893  acc5=0.6148  raw_w1=0.6889  (27.5s)

[*] exp04 done

========== exp05 BiLSTM  1184 (full)  ->  /home/norak/R&I/kxs-/results_full_v05_bilstm ==========
  rows=1184 train=828 val=178 test=178
    epoch  1  train_loss=0.0883  val_loss=0.0860  val_qwk=0.2229  val_acc=0.1966
    epoch  2  train_loss=0.0780  val_loss=0.0731  val_qwk=0.0000  val_acc=0.1629
    epoch  3  train_loss=0.0647  val_loss=0.0579  val_qwk=0.4550  val_acc=0.3876
    epoch  4  train_loss=0.0538  val_loss=0.0514  val_qwk=0.4935  val_acc=0.3989
    epoch  5  train_loss=0.0484  val_loss=0.0474  val_qwk=0.5228  val_acc=0.4326
    epoch  6  train_loss=0.0440  val_loss=0.0444  val_qwk=0.5654  val_acc=0.4382
    epoch  7  train_loss=0.0408  val_loss=0.0456  val_qwk=0.5593  val_acc=0.4944
    epoch  8  train_loss=0.0367  val_loss=0.0452  val_qwk=0.5959  val_acc=0.5000
    epoch  9  train_loss=0.0339  val_loss=0.0424  val_qwk=0.6124  val_acc=0.5393
    epoch 10  train_loss=0.0321  val_loss=0.0446  val_qwk=0.5739  val_acc=0.5225
    epoch 11  train_loss=0.0302  val_loss=0.0413  val_qwk=0.6092  val_acc=0.5337
    epoch 12  train_loss=0.0292  val_loss=0.0503  val_qwk=0.6299  val_acc=0.5730
    epoch 13  train_loss=0.0320  val_loss=0.0474  val_qwk=0.5580  val_acc=0.4719
    epoch 14  train_loss=0.0297  val_loss=0.0431  val_qwk=0.6063  val_acc=0.5618
    epoch 15  train_loss=0.0259  val_loss=0.0424  val_qwk=0.5989  val_acc=0.5449
    epoch 16  train_loss=0.0255  val_loss=0.0426  val_qwk=0.6214  val_acc=0.5899
    early-stop at epoch 16 (best epoch=12, best_qwk=0.6299)
  [raw_ra_bilstm                 ] train_qwk=0.7517 -> test_qwk=0.7253  acc5=0.5955  raw_w1=0.6798  epoch=12  (12.8s)
    epoch  1  train_loss=0.0847  val_loss=0.0755  val_qwk=0.0000  val_acc=0.1629
    epoch  2  train_loss=0.0682  val_loss=0.0606  val_qwk=0.3226  val_acc=0.3427
    epoch  3  train_loss=0.0566  val_loss=0.0569  val_qwk=0.4297  val_acc=0.3652
    epoch  4  train_loss=0.0535  val_loss=0.0527  val_qwk=0.5240  val_acc=0.4045
    epoch  5  train_loss=0.0487  val_loss=0.0513  val_qwk=0.4996  val_acc=0.4213
    epoch  6  train_loss=0.0454  val_loss=0.0505  val_qwk=0.5519  val_acc=0.4551
    epoch  7  train_loss=0.0443  val_loss=0.0486  val_qwk=0.5757  val_acc=0.4607
    epoch  8  train_loss=0.0407  val_loss=0.0478  val_qwk=0.5826  val_acc=0.4719
    epoch  9  train_loss=0.0386  val_loss=0.0460  val_qwk=0.6327  val_acc=0.5056
    epoch 10  train_loss=0.0420  val_loss=0.0483  val_qwk=0.5811  val_acc=0.4607
    epoch 11  train_loss=0.0367  val_loss=0.0473  val_qwk=0.6023  val_acc=0.5281
    epoch 12  train_loss=0.0324  val_loss=0.0463  val_qwk=0.5544  val_acc=0.4944
    epoch 13  train_loss=0.0316  val_loss=0.0465  val_qwk=0.5905  val_acc=0.5674
    early-stop at epoch 13 (best epoch=9, best_qwk=0.6327)
  [raw_qar_bilstm                ] train_qwk=0.6693 -> test_qwk=0.6238  acc5=0.5562  raw_w1=0.6348  epoch=9  (8.6s)
    epoch  1  train_loss=0.0918  val_loss=0.0823  val_qwk=0.0000  val_acc=0.1629
    epoch  2  train_loss=0.0751  val_loss=0.0714  val_qwk=0.0000  val_acc=0.1629
    epoch  3  train_loss=0.0628  val_loss=0.0621  val_qwk=0.3963  val_acc=0.3258
    epoch  4  train_loss=0.0562  val_loss=0.0531  val_qwk=0.4683  val_acc=0.3876
    epoch  5  train_loss=0.0497  val_loss=0.0504  val_qwk=0.4994  val_acc=0.3989
    epoch  6  train_loss=0.0445  val_loss=0.0485  val_qwk=0.5581  val_acc=0.4663
    epoch  7  train_loss=0.0402  val_loss=0.0492  val_qwk=0.5644  val_acc=0.4494
    epoch  8  train_loss=0.0385  val_loss=0.0517  val_qwk=0.5672  val_acc=0.4775
    epoch  9  train_loss=0.0356  val_loss=0.0481  val_qwk=0.5480  val_acc=0.4888
    epoch 10  train_loss=0.0334  val_loss=0.0438  val_qwk=0.5547  val_acc=0.4607
    epoch 11  train_loss=0.0314  val_loss=0.0469  val_qwk=0.5947  val_acc=0.5506
    epoch 12  train_loss=0.0300  val_loss=0.0436  val_qwk=0.6240  val_acc=0.5281
    epoch 13  train_loss=0.0291  val_loss=0.0451  val_qwk=0.5799  val_acc=0.5506
    epoch 14  train_loss=0.0277  val_loss=0.0434  val_qwk=0.5916  val_acc=0.5337
    epoch 15  train_loss=0.0258  val_loss=0.0468  val_qwk=0.6078  val_acc=0.5843
    epoch 16  train_loss=0.0257  val_loss=0.0419  val_qwk=0.6324  val_acc=0.5618
    epoch 17  train_loss=0.0243  val_loss=0.0429  val_qwk=0.6090  val_acc=0.5955
    epoch 18  train_loss=0.0228  val_loss=0.0421  val_qwk=0.6462  val_acc=0.5674
    epoch 19  train_loss=0.0233  val_loss=0.0428  val_qwk=0.6298  val_acc=0.5955
    epoch 20  train_loss=0.0220  val_loss=0.0408  val_qwk=0.6479  val_acc=0.5843
  [clean_ra_bilstm               ] train_qwk=0.8202 -> test_qwk=0.6999  acc5=0.6798  raw_w1=0.6966  epoch=20  (13.5s)
    epoch  1  train_loss=0.0919  val_loss=0.0821  val_qwk=0.0000  val_acc=0.1629
    epoch  2  train_loss=0.0753  val_loss=0.0714  val_qwk=0.0000  val_acc=0.1629
    epoch  3  train_loss=0.0637  val_loss=0.0618  val_qwk=0.4050  val_acc=0.3034
    epoch  4  train_loss=0.0571  val_loss=0.0570  val_qwk=0.4698  val_acc=0.3708
    epoch  5  train_loss=0.0529  val_loss=0.0528  val_qwk=0.4957  val_acc=0.3989
    epoch  6  train_loss=0.0492  val_loss=0.0527  val_qwk=0.4817  val_acc=0.4045
    epoch  7  train_loss=0.0466  val_loss=0.0504  val_qwk=0.5281  val_acc=0.4438
    epoch  8  train_loss=0.0448  val_loss=0.0536  val_qwk=0.5401  val_acc=0.4831
    epoch  9  train_loss=0.0437  val_loss=0.0491  val_qwk=0.5577  val_acc=0.4382
    epoch 10  train_loss=0.0405  val_loss=0.0462  val_qwk=0.5606  val_acc=0.4775
    epoch 11  train_loss=0.0373  val_loss=0.0472  val_qwk=0.5860  val_acc=0.5337
    epoch 12  train_loss=0.0374  val_loss=0.0494  val_qwk=0.5495  val_acc=0.4888
    epoch 13  train_loss=0.0359  val_loss=0.0438  val_qwk=0.6382  val_acc=0.5337
    epoch 14  train_loss=0.0321  val_loss=0.0430  val_qwk=0.6457  val_acc=0.5674
    epoch 15  train_loss=0.0317  val_loss=0.0479  val_qwk=0.5801  val_acc=0.5562
    epoch 16  train_loss=0.0314  val_loss=0.0408  val_qwk=0.6725  val_acc=0.5899
    epoch 17  train_loss=0.0284  val_loss=0.0413  val_qwk=0.6584  val_acc=0.5730
    epoch 18  train_loss=0.0262  val_loss=0.0402  val_qwk=0.6487  val_acc=0.5955
    epoch 19  train_loss=0.0266  val_loss=0.0419  val_qwk=0.6791  val_acc=0.5787
    epoch 20  train_loss=0.0264  val_loss=0.0398  val_qwk=0.6900  val_acc=0.5899
  [clean_qar_bilstm              ] train_qwk=0.7935 -> test_qwk=0.7452  acc5=0.6573  raw_w1=0.6629  epoch=20  (13.7s)
| 2026-05-17 09:11:24,405 | [1;32mINFO[0m | khmer-nltk | Loaded model from /home/norak/R&I/kxs-/venv/lib/python3.12/site-packages/khmernltk/word_tokenize/sklearn_crf_ner_10000.sav |
    epoch  1  train_loss=0.0856  val_loss=0.0781  val_qwk=0.0000  val_acc=0.1629
    epoch  2  train_loss=0.0715  val_loss=0.0643  val_qwk=0.0620  val_acc=0.1854
    epoch  3  train_loss=0.0607  val_loss=0.0537  val_qwk=0.4351  val_acc=0.3539
    epoch  4  train_loss=0.0500  val_loss=0.0594  val_qwk=0.4833  val_acc=0.4775
    epoch  5  train_loss=0.0487  val_loss=0.0497  val_qwk=0.5098  val_acc=0.4663
    epoch  6  train_loss=0.0448  val_loss=0.0501  val_qwk=0.4759  val_acc=0.4157
    epoch  7  train_loss=0.0402  val_loss=0.0490  val_qwk=0.5720  val_acc=0.4944
    epoch  8  train_loss=0.0371  val_loss=0.0510  val_qwk=0.5654  val_acc=0.4888
    epoch  9  train_loss=0.0345  val_loss=0.0488  val_qwk=0.5341  val_acc=0.4775
    epoch 10  train_loss=0.0322  val_loss=0.0454  val_qwk=0.5683  val_acc=0.4831
    epoch 11  train_loss=0.0315  val_loss=0.0473  val_qwk=0.6205  val_acc=0.5449
    epoch 12  train_loss=0.0283  val_loss=0.0445  val_qwk=0.5962  val_acc=0.5281
    epoch 13  train_loss=0.0266  val_loss=0.0450  val_qwk=0.6444  val_acc=0.5674
    epoch 14  train_loss=0.0260  val_loss=0.0462  val_qwk=0.6266  val_acc=0.5449
    epoch 15  train_loss=0.0270  val_loss=0.0450  val_qwk=0.5839  val_acc=0.5056
    epoch 16  train_loss=0.0254  val_loss=0.0487  val_qwk=0.6245  val_acc=0.5843
    epoch 17  train_loss=0.0248  val_loss=0.0410  val_qwk=0.6244  val_acc=0.5562
    early-stop at epoch 17 (best epoch=13, best_qwk=0.6444)
  [segment_ra_bilstm             ] train_qwk=0.7942 -> test_qwk=0.7330  acc5=0.6685  raw_w1=0.6461  epoch=13  (23.3s)
    epoch  1  train_loss=0.0857  val_loss=0.0782  val_qwk=0.0000  val_acc=0.1629
    epoch  2  train_loss=0.0728  val_loss=0.0654  val_qwk=0.1356  val_acc=0.1573
    epoch  3  train_loss=0.0635  val_loss=0.0576  val_qwk=0.4117  val_acc=0.3202
    epoch  4  train_loss=0.0561  val_loss=0.0681  val_qwk=0.3823  val_acc=0.3483
    epoch  5  train_loss=0.0568  val_loss=0.0562  val_qwk=0.4410  val_acc=0.3652
    epoch  6  train_loss=0.0537  val_loss=0.0521  val_qwk=0.4943  val_acc=0.4045
    epoch  7  train_loss=0.0504  val_loss=0.0519  val_qwk=0.4735  val_acc=0.3820
    epoch  8  train_loss=0.0471  val_loss=0.0512  val_qwk=0.5253  val_acc=0.4157
    epoch  9  train_loss=0.0441  val_loss=0.0486  val_qwk=0.5890  val_acc=0.4719
    epoch 10  train_loss=0.0419  val_loss=0.0481  val_qwk=0.5416  val_acc=0.4270
    epoch 11  train_loss=0.0402  val_loss=0.0538  val_qwk=0.5304  val_acc=0.5169
    epoch 12  train_loss=0.0364  val_loss=0.0490  val_qwk=0.5822  val_acc=0.5281
    epoch 13  train_loss=0.0357  val_loss=0.0458  val_qwk=0.5808  val_acc=0.5337
    early-stop at epoch 13 (best epoch=9, best_qwk=0.5890)
  [segment_qar_bilstm            ] train_qwk=0.5862 -> test_qwk=0.5496  acc5=0.5281  raw_w1=0.6180  epoch=9  (21.3s)

========== exp05 BiLSTM  909 (no 10C biology)  ->  /home/norak/R&I/kxs-/results_no10c_v05_bilstm ==========
  rows=909 train=636 val=136 test=137
    epoch  1  train_loss=0.1087  val_loss=0.0873  val_qwk=0.0000  val_acc=0.1324
    epoch  2  train_loss=0.0878  val_loss=0.0825  val_qwk=0.0000  val_acc=0.1324
    epoch  3  train_loss=0.0752  val_loss=0.0645  val_qwk=0.3546  val_acc=0.2059
    epoch  4  train_loss=0.0592  val_loss=0.0434  val_qwk=0.6386  val_acc=0.5588
    epoch  5  train_loss=0.0514  val_loss=0.0500  val_qwk=0.5876  val_acc=0.4853
    epoch  6  train_loss=0.0552  val_loss=0.0463  val_qwk=0.5720  val_acc=0.4706
    epoch  7  train_loss=0.0481  val_loss=0.0393  val_qwk=0.6502  val_acc=0.5662
    epoch  8  train_loss=0.0393  val_loss=0.0302  val_qwk=0.7515  val_acc=0.6103
    epoch  9  train_loss=0.0349  val_loss=0.0306  val_qwk=0.7804  val_acc=0.6250
    epoch 10  train_loss=0.0319  val_loss=0.0261  val_qwk=0.8006  val_acc=0.6691
    epoch 11  train_loss=0.0291  val_loss=0.0239  val_qwk=0.8364  val_acc=0.6985
    epoch 12  train_loss=0.0268  val_loss=0.0277  val_qwk=0.7829  val_acc=0.6250
    epoch 13  train_loss=0.0259  val_loss=0.0275  val_qwk=0.7874  val_acc=0.6250
    epoch 14  train_loss=0.0238  val_loss=0.0223  val_qwk=0.8395  val_acc=0.6838
    epoch 15  train_loss=0.0210  val_loss=0.0234  val_qwk=0.8092  val_acc=0.6985
    epoch 16  train_loss=0.0215  val_loss=0.0257  val_qwk=0.8099  val_acc=0.6691
    epoch 17  train_loss=0.0187  val_loss=0.0214  val_qwk=0.8628  val_acc=0.7500
    epoch 18  train_loss=0.0184  val_loss=0.0216  val_qwk=0.8444  val_acc=0.7279
    epoch 19  train_loss=0.0168  val_loss=0.0204  val_qwk=0.8559  val_acc=0.7426
    epoch 20  train_loss=0.0151  val_loss=0.0197  val_qwk=0.8673  val_acc=0.7647
  [raw_ra_bilstm                 ] train_qwk=0.9050 -> test_qwk=0.7549  acc5=0.7445  raw_w1=0.7299  epoch=20  (9.9s)
    epoch  1  train_loss=0.1011  val_loss=0.0861  val_qwk=0.0000  val_acc=0.1324
    epoch  2  train_loss=0.0784  val_loss=0.0692  val_qwk=0.2794  val_acc=0.1691
    epoch  3  train_loss=0.0689  val_loss=0.0500  val_qwk=0.6197  val_acc=0.5221
    epoch  4  train_loss=0.0584  val_loss=0.0559  val_qwk=0.5596  val_acc=0.5515
    epoch  5  train_loss=0.0536  val_loss=0.0449  val_qwk=0.6095  val_acc=0.5221
    epoch  6  train_loss=0.0536  val_loss=0.0527  val_qwk=0.5470  val_acc=0.5368
    epoch  7  train_loss=0.0496  val_loss=0.0436  val_qwk=0.6065  val_acc=0.5221
    early-stop at epoch 7 (best epoch=3, best_qwk=0.6197)
  [raw_qar_bilstm                ] train_qwk=0.5268 -> test_qwk=0.5314  acc5=0.4015  raw_w1=0.4380  epoch=3  (3.9s)
    epoch  1  train_loss=0.1040  val_loss=0.0856  val_qwk=0.0000  val_acc=0.1324
    epoch  2  train_loss=0.0770  val_loss=0.0688  val_qwk=0.3634  val_acc=0.2426
    epoch  3  train_loss=0.0602  val_loss=0.0522  val_qwk=0.5472  val_acc=0.5515
    epoch  4  train_loss=0.0534  val_loss=0.0421  val_qwk=0.6268  val_acc=0.5515
    epoch  5  train_loss=0.0468  val_loss=0.0458  val_qwk=0.6262  val_acc=0.5515
    epoch  6  train_loss=0.0421  val_loss=0.0385  val_qwk=0.7173  val_acc=0.5882
    epoch  7  train_loss=0.0376  val_loss=0.0347  val_qwk=0.7454  val_acc=0.6324
    epoch  8  train_loss=0.0336  val_loss=0.0329  val_qwk=0.7571  val_acc=0.6324
    epoch  9  train_loss=0.0312  val_loss=0.0319  val_qwk=0.7426  val_acc=0.6176
    epoch 10  train_loss=0.0292  val_loss=0.0287  val_qwk=0.7905  val_acc=0.6324
    epoch 11  train_loss=0.0278  val_loss=0.0300  val_qwk=0.7827  val_acc=0.6250
    epoch 12  train_loss=0.0254  val_loss=0.0317  val_qwk=0.7478  val_acc=0.6397
    epoch 13  train_loss=0.0245  val_loss=0.0350  val_qwk=0.7401  val_acc=0.6324
    epoch 14  train_loss=0.0218  val_loss=0.0291  val_qwk=0.7913  val_acc=0.6765
    epoch 15  train_loss=0.0196  val_loss=0.0276  val_qwk=0.8061  val_acc=0.6544
    epoch 16  train_loss=0.0190  val_loss=0.0280  val_qwk=0.7803  val_acc=0.6397
    epoch 17  train_loss=0.0177  val_loss=0.0266  val_qwk=0.8077  val_acc=0.6765
    epoch 18  train_loss=0.0151  val_loss=0.0283  val_qwk=0.8034  val_acc=0.6691
    epoch 19  train_loss=0.0140  val_loss=0.0278  val_qwk=0.7787  val_acc=0.6250
    epoch 20  train_loss=0.0136  val_loss=0.0341  val_qwk=0.7517  val_acc=0.6618
  [clean_ra_bilstm               ] train_qwk=0.8836 -> test_qwk=0.6626  acc5=0.6350  raw_w1=0.6788  epoch=17  (10.6s)
    epoch  1  train_loss=0.1044  val_loss=0.0864  val_qwk=0.0000  val_acc=0.1324
    epoch  2  train_loss=0.0789  val_loss=0.0724  val_qwk=0.2665  val_acc=0.1618
    epoch  3  train_loss=0.0630  val_loss=0.0527  val_qwk=0.5711  val_acc=0.5368
    epoch  4  train_loss=0.0563  val_loss=0.0446  val_qwk=0.6415  val_acc=0.5662
    epoch  5  train_loss=0.0513  val_loss=0.0457  val_qwk=0.6064  val_acc=0.5441
    epoch  6  train_loss=0.0485  val_loss=0.0406  val_qwk=0.6669  val_acc=0.5809
    epoch  7  train_loss=0.0461  val_loss=0.0381  val_qwk=0.7098  val_acc=0.6029
    epoch  8  train_loss=0.0448  val_loss=0.0369  val_qwk=0.7156  val_acc=0.5588
    epoch  9  train_loss=0.0409  val_loss=0.0375  val_qwk=0.7213  val_acc=0.5735
    epoch 10  train_loss=0.0342  val_loss=0.0313  val_qwk=0.7755  val_acc=0.6544
    epoch 11  train_loss=0.0331  val_loss=0.0323  val_qwk=0.7506  val_acc=0.6103
    epoch 12  train_loss=0.0306  val_loss=0.0338  val_qwk=0.7668  val_acc=0.6544
    epoch 13  train_loss=0.0298  val_loss=0.0384  val_qwk=0.7010  val_acc=0.6176
    epoch 14  train_loss=0.0271  val_loss=0.0280  val_qwk=0.8000  val_acc=0.6397
    epoch 15  train_loss=0.0259  val_loss=0.0306  val_qwk=0.7970  val_acc=0.6618
    epoch 16  train_loss=0.0227  val_loss=0.0280  val_qwk=0.8280  val_acc=0.6618
    epoch 17  train_loss=0.0222  val_loss=0.0295  val_qwk=0.8275  val_acc=0.6691
    epoch 18  train_loss=0.0198  val_loss=0.0293  val_qwk=0.8233  val_acc=0.6985
    epoch 19  train_loss=0.0184  val_loss=0.0276  val_qwk=0.8306  val_acc=0.6691
    epoch 20  train_loss=0.0190  val_loss=0.0281  val_qwk=0.8246  val_acc=0.6765
  [clean_qar_bilstm              ] train_qwk=0.8843 -> test_qwk=0.6616  acc5=0.6277  raw_w1=0.6058  epoch=19  (10.9s)
    epoch  1  train_loss=0.1010  val_loss=0.0875  val_qwk=0.0000  val_acc=0.1324
    epoch  2  train_loss=0.0815  val_loss=0.0769  val_qwk=0.0299  val_acc=0.1324
    epoch  3  train_loss=0.0684  val_loss=0.0505  val_qwk=0.5466  val_acc=0.4412
    epoch  4  train_loss=0.0544  val_loss=0.0431  val_qwk=0.6573  val_acc=0.5956
    epoch  5  train_loss=0.0498  val_loss=0.0386  val_qwk=0.6463  val_acc=0.5000
    epoch  6  train_loss=0.0443  val_loss=0.0370  val_qwk=0.7116  val_acc=0.5588
    epoch  7  train_loss=0.0451  val_loss=0.0344  val_qwk=0.7017  val_acc=0.5441
    epoch  8  train_loss=0.0437  val_loss=0.0428  val_qwk=0.6607  val_acc=0.5147
    epoch  9  train_loss=0.0379  val_loss=0.0300  val_qwk=0.7686  val_acc=0.6103
    epoch 10  train_loss=0.0341  val_loss=0.0296  val_qwk=0.7457  val_acc=0.5735
    epoch 11  train_loss=0.0309  val_loss=0.0248  val_qwk=0.7938  val_acc=0.6618
    epoch 12  train_loss=0.0297  val_loss=0.0275  val_qwk=0.7810  val_acc=0.5882
    epoch 13  train_loss=0.0263  val_loss=0.0349  val_qwk=0.7143  val_acc=0.6176
    epoch 14  train_loss=0.0266  val_loss=0.0223  val_qwk=0.8299  val_acc=0.6838
    epoch 15  train_loss=0.0226  val_loss=0.0196  val_qwk=0.8581  val_acc=0.7132
    epoch 16  train_loss=0.0197  val_loss=0.0195  val_qwk=0.8503  val_acc=0.7059
    epoch 17  train_loss=0.0181  val_loss=0.0230  val_qwk=0.8311  val_acc=0.6765
    epoch 18  train_loss=0.0175  val_loss=0.0199  val_qwk=0.8139  val_acc=0.6471
    epoch 19  train_loss=0.0164  val_loss=0.0204  val_qwk=0.8608  val_acc=0.7279
    epoch 20  train_loss=0.0185  val_loss=0.0215  val_qwk=0.8323  val_acc=0.6691
  [segment_ra_bilstm             ] train_qwk=0.8895 -> test_qwk=0.7438  acc5=0.6423  raw_w1=0.7080  epoch=19  (20.7s)
    epoch  1  train_loss=0.1014  val_loss=0.0879  val_qwk=0.0000  val_acc=0.1324
    epoch  2  train_loss=0.0827  val_loss=0.0792  val_qwk=0.0000  val_acc=0.1324
    epoch  3  train_loss=0.0703  val_loss=0.0545  val_qwk=0.5081  val_acc=0.4559
    epoch  4  train_loss=0.0582  val_loss=0.0502  val_qwk=0.6196  val_acc=0.5735
    epoch  5  train_loss=0.0573  val_loss=0.0507  val_qwk=0.5678  val_acc=0.4853
    epoch  6  train_loss=0.0514  val_loss=0.0431  val_qwk=0.6485  val_acc=0.5441
    epoch  7  train_loss=0.0548  val_loss=0.0421  val_qwk=0.6437  val_acc=0.5368
    epoch  8  train_loss=0.0506  val_loss=0.0440  val_qwk=0.6252  val_acc=0.5588
    epoch  9  train_loss=0.0466  val_loss=0.0371  val_qwk=0.7068  val_acc=0.5515
    epoch 10  train_loss=0.0437  val_loss=0.0319  val_qwk=0.7537  val_acc=0.6397
    epoch 11  train_loss=0.0437  val_loss=0.0387  val_qwk=0.6936  val_acc=0.5368
    epoch 12  train_loss=0.0432  val_loss=0.0301  val_qwk=0.7954  val_acc=0.6691
    epoch 13  train_loss=0.0387  val_loss=0.0371  val_qwk=0.6732  val_acc=0.5809
    epoch 14  train_loss=0.0394  val_loss=0.0324  val_qwk=0.7188  val_acc=0.6471
    epoch 15  train_loss=0.0358  val_loss=0.0299  val_qwk=0.7871  val_acc=0.6912
    epoch 16  train_loss=0.0351  val_loss=0.0294  val_qwk=0.7711  val_acc=0.6618
    early-stop at epoch 16 (best epoch=12, best_qwk=0.7954)
  [segment_qar_bilstm            ] train_qwk=0.6920 -> test_qwk=0.6562  acc5=0.5766  raw_w1=0.6496  epoch=12  (18.7s)

========== exp05 BiLSTM  895 (no 10C, drop 0)  ->  /home/norak/R&I/kxs-/results_no10c_no0_v05_bilstm ==========
  rows=895 train=626 val=134 test=135
    epoch  1  train_loss=0.0989  val_loss=0.0782  val_qwk=0.0000  val_acc=0.1343
    epoch  2  train_loss=0.0745  val_loss=0.0715  val_qwk=0.0000  val_acc=0.1343
    epoch  3  train_loss=0.0610  val_loss=0.0589  val_qwk=0.3533  val_acc=0.3955
    epoch  4  train_loss=0.0537  val_loss=0.0552  val_qwk=0.5310  val_acc=0.4403
    epoch  5  train_loss=0.0477  val_loss=0.0500  val_qwk=0.5231  val_acc=0.4254
    epoch  6  train_loss=0.0438  val_loss=0.0532  val_qwk=0.5464  val_acc=0.4403
    epoch  7  train_loss=0.0443  val_loss=0.0470  val_qwk=0.5469  val_acc=0.4254
    epoch  8  train_loss=0.0403  val_loss=0.0473  val_qwk=0.5851  val_acc=0.4627
    epoch  9  train_loss=0.0369  val_loss=0.0449  val_qwk=0.6230  val_acc=0.5224
    epoch 10  train_loss=0.0344  val_loss=0.0439  val_qwk=0.6229  val_acc=0.5149
    epoch 11  train_loss=0.0330  val_loss=0.0449  val_qwk=0.6012  val_acc=0.5075
    epoch 12  train_loss=0.0301  val_loss=0.0364  val_qwk=0.6905  val_acc=0.6119
    epoch 13  train_loss=0.0260  val_loss=0.0365  val_qwk=0.6990  val_acc=0.6194
    epoch 14  train_loss=0.0243  val_loss=0.0352  val_qwk=0.7036  val_acc=0.5896
    epoch 15  train_loss=0.0222  val_loss=0.0362  val_qwk=0.7152  val_acc=0.6194
    epoch 16  train_loss=0.0209  val_loss=0.0359  val_qwk=0.7091  val_acc=0.6567
    epoch 17  train_loss=0.0202  val_loss=0.0374  val_qwk=0.6881  val_acc=0.6119
    epoch 18  train_loss=0.0193  val_loss=0.0391  val_qwk=0.6997  val_acc=0.6045
    epoch 19  train_loss=0.0197  val_loss=0.0342  val_qwk=0.7003  val_acc=0.6194
    early-stop at epoch 19 (best epoch=15, best_qwk=0.7152)
  [raw_ra_bilstm                 ] train_qwk=0.7980 -> test_qwk=0.7489  acc5=0.6741  raw_w1=0.7333  epoch=15  (9.3s)
    epoch  1  train_loss=0.1031  val_loss=0.0785  val_qwk=0.0000  val_acc=0.1343
    epoch  2  train_loss=0.0820  val_loss=0.0751  val_qwk=0.0000  val_acc=0.1343
    epoch  3  train_loss=0.0715  val_loss=0.0671  val_qwk=0.0956  val_acc=0.1269
    epoch  4  train_loss=0.0550  val_loss=0.0641  val_qwk=0.4383  val_acc=0.3284
    epoch  5  train_loss=0.0499  val_loss=0.0566  val_qwk=0.4931  val_acc=0.4478
    epoch  6  train_loss=0.0502  val_loss=0.0527  val_qwk=0.5433  val_acc=0.4254
    epoch  7  train_loss=0.0466  val_loss=0.0518  val_qwk=0.5378  val_acc=0.4403
    epoch  8  train_loss=0.0477  val_loss=0.0558  val_qwk=0.5162  val_acc=0.4254
    epoch  9  train_loss=0.0473  val_loss=0.0506  val_qwk=0.5281  val_acc=0.4403
    epoch 10  train_loss=0.0433  val_loss=0.0539  val_qwk=0.5540  val_acc=0.4552
    epoch 11  train_loss=0.0407  val_loss=0.0532  val_qwk=0.5649  val_acc=0.4851
    epoch 12  train_loss=0.0381  val_loss=0.0467  val_qwk=0.6007  val_acc=0.4851
    epoch 13  train_loss=0.0343  val_loss=0.0430  val_qwk=0.6426  val_acc=0.5149
    epoch 14  train_loss=0.0318  val_loss=0.0452  val_qwk=0.6559  val_acc=0.5448
    epoch 15  train_loss=0.0283  val_loss=0.0423  val_qwk=0.6491  val_acc=0.5522
    epoch 16  train_loss=0.0250  val_loss=0.0430  val_qwk=0.6821  val_acc=0.5672
    epoch 17  train_loss=0.0255  val_loss=0.0390  val_qwk=0.6939  val_acc=0.5821
    epoch 18  train_loss=0.0232  val_loss=0.0422  val_qwk=0.6905  val_acc=0.5597
    epoch 19  train_loss=0.0229  val_loss=0.0410  val_qwk=0.6836  val_acc=0.5821
    epoch 20  train_loss=0.0208  val_loss=0.0384  val_qwk=0.6802  val_acc=0.6119
  [raw_qar_bilstm                ] train_qwk=0.8076 -> test_qwk=0.7573  acc5=0.6593  raw_w1=0.7259  epoch=17  (10.1s)
    epoch  1  train_loss=0.0989  val_loss=0.0775  val_qwk=0.0000  val_acc=0.1343
    epoch  2  train_loss=0.0738  val_loss=0.0736  val_qwk=0.1607  val_acc=0.2537
    epoch  3  train_loss=0.0635  val_loss=0.0647  val_qwk=0.3107  val_acc=0.3955
    epoch  4  train_loss=0.0569  val_loss=0.0535  val_qwk=0.4779  val_acc=0.4328
    epoch  5  train_loss=0.0488  val_loss=0.0548  val_qwk=0.5221  val_acc=0.4104
    epoch  6  train_loss=0.0451  val_loss=0.0500  val_qwk=0.5784  val_acc=0.4627
    epoch  7  train_loss=0.0411  val_loss=0.0462  val_qwk=0.5391  val_acc=0.4627
    epoch  8  train_loss=0.0376  val_loss=0.0403  val_qwk=0.6234  val_acc=0.4627
    epoch  9  train_loss=0.0341  val_loss=0.0396  val_qwk=0.6341  val_acc=0.5373
    epoch 10  train_loss=0.0322  val_loss=0.0358  val_qwk=0.6522  val_acc=0.5299
    epoch 11  train_loss=0.0308  val_loss=0.0386  val_qwk=0.6667  val_acc=0.5224
    epoch 12  train_loss=0.0287  val_loss=0.0375  val_qwk=0.6759  val_acc=0.5597
    epoch 13  train_loss=0.0252  val_loss=0.0324  val_qwk=0.7032  val_acc=0.5970
    epoch 14  train_loss=0.0220  val_loss=0.0297  val_qwk=0.7379  val_acc=0.6194
    epoch 15  train_loss=0.0205  val_loss=0.0319  val_qwk=0.7389  val_acc=0.6343
    epoch 16  train_loss=0.0183  val_loss=0.0333  val_qwk=0.7300  val_acc=0.6343
    epoch 17  train_loss=0.0189  val_loss=0.0349  val_qwk=0.7201  val_acc=0.6418
    epoch 18  train_loss=0.0166  val_loss=0.0335  val_qwk=0.7509  val_acc=0.6567
    epoch 19  train_loss=0.0149  val_loss=0.0341  val_qwk=0.7191  val_acc=0.6493
    epoch 20  train_loss=0.0163  val_loss=0.0302  val_qwk=0.7529  val_acc=0.6418
  [clean_ra_bilstm               ] train_qwk=0.8701 -> test_qwk=0.7587  acc5=0.6741  raw_w1=0.7185  epoch=20  (10.8s)
    epoch  1  train_loss=0.0989  val_loss=0.0780  val_qwk=0.0000  val_acc=0.1343
    epoch  2  train_loss=0.0751  val_loss=0.0756  val_qwk=-0.0108  val_acc=0.1343
    epoch  3  train_loss=0.0667  val_loss=0.0657  val_qwk=0.2108  val_acc=0.3134
    epoch  4  train_loss=0.0604  val_loss=0.0582  val_qwk=0.4368  val_acc=0.4030
    epoch  5  train_loss=0.0552  val_loss=0.0629  val_qwk=0.4047  val_acc=0.2985
    epoch  6  train_loss=0.0531  val_loss=0.0546  val_qwk=0.5055  val_acc=0.3657
    epoch  7  train_loss=0.0492  val_loss=0.0563  val_qwk=0.4930  val_acc=0.4403
    epoch  8  train_loss=0.0473  val_loss=0.0519  val_qwk=0.5451  val_acc=0.4328
    epoch  9  train_loss=0.0432  val_loss=0.0537  val_qwk=0.5159  val_acc=0.4254
    epoch 10  train_loss=0.0429  val_loss=0.0501  val_qwk=0.5557  val_acc=0.4776
    epoch 11  train_loss=0.0425  val_loss=0.0487  val_qwk=0.5407  val_acc=0.4627
    epoch 12  train_loss=0.0351  val_loss=0.0476  val_qwk=0.5527  val_acc=0.5149
    epoch 13  train_loss=0.0324  val_loss=0.0492  val_qwk=0.5515  val_acc=0.4925
    epoch 14  train_loss=0.0288  val_loss=0.0497  val_qwk=0.6288  val_acc=0.5522
    epoch 15  train_loss=0.0269  val_loss=0.0418  val_qwk=0.6500  val_acc=0.5522
    epoch 16  train_loss=0.0251  val_loss=0.0455  val_qwk=0.6264  val_acc=0.5597
    epoch 17  train_loss=0.0221  val_loss=0.0411  val_qwk=0.6208  val_acc=0.5821
    epoch 18  train_loss=0.0199  val_loss=0.0407  val_qwk=0.7172  val_acc=0.6567
    epoch 19  train_loss=0.0177  val_loss=0.0436  val_qwk=0.6758  val_acc=0.5970
    epoch 20  train_loss=0.0178  val_loss=0.0519  val_qwk=0.6268  val_acc=0.6119
  [clean_qar_bilstm              ] train_qwk=0.8746 -> test_qwk=0.8207  acc5=0.7556  raw_w1=0.7630  epoch=18  (10.6s)
    epoch  1  train_loss=0.0984  val_loss=0.0791  val_qwk=0.0000  val_acc=0.1343
    epoch  2  train_loss=0.0779  val_loss=0.0768  val_qwk=0.0000  val_acc=0.1343
    epoch  3  train_loss=0.0702  val_loss=0.0676  val_qwk=0.1887  val_acc=0.1940
    epoch  4  train_loss=0.0563  val_loss=0.0590  val_qwk=0.5050  val_acc=0.4104
    epoch  5  train_loss=0.0497  val_loss=0.0524  val_qwk=0.4520  val_acc=0.3955
    epoch  6  train_loss=0.0440  val_loss=0.0486  val_qwk=0.5788  val_acc=0.4552
    epoch  7  train_loss=0.0398  val_loss=0.0476  val_qwk=0.6018  val_acc=0.4851
    epoch  8  train_loss=0.0387  val_loss=0.0457  val_qwk=0.5967  val_acc=0.4776
    epoch  9  train_loss=0.0371  val_loss=0.0429  val_qwk=0.6146  val_acc=0.5299
    epoch 10  train_loss=0.0338  val_loss=0.0429  val_qwk=0.6212  val_acc=0.5149
    epoch 11  train_loss=0.0358  val_loss=0.0404  val_qwk=0.6183  val_acc=0.5000
    epoch 12  train_loss=0.0301  val_loss=0.0360  val_qwk=0.6665  val_acc=0.5299
    epoch 13  train_loss=0.0271  val_loss=0.0352  val_qwk=0.7145  val_acc=0.5746
    epoch 14  train_loss=0.0263  val_loss=0.0322  val_qwk=0.7368  val_acc=0.5672
    epoch 15  train_loss=0.0236  val_loss=0.0340  val_qwk=0.7323  val_acc=0.6045
    epoch 16  train_loss=0.0225  val_loss=0.0305  val_qwk=0.7790  val_acc=0.6119
    epoch 17  train_loss=0.0221  val_loss=0.0333  val_qwk=0.7535  val_acc=0.6269
    epoch 18  train_loss=0.0214  val_loss=0.0295  val_qwk=0.8075  val_acc=0.6493
    epoch 19  train_loss=0.0178  val_loss=0.0303  val_qwk=0.7821  val_acc=0.6418
    epoch 20  train_loss=0.0156  val_loss=0.0301  val_qwk=0.7772  val_acc=0.6194
  [segment_ra_bilstm             ] train_qwk=0.8572 -> test_qwk=0.8229  acc5=0.7037  raw_w1=0.6741  epoch=18  (20.6s)
    epoch  1  train_loss=0.0984  val_loss=0.0791  val_qwk=0.0000  val_acc=0.1343
    epoch  2  train_loss=0.0782  val_loss=0.0772  val_qwk=0.0000  val_acc=0.1343
    epoch  3  train_loss=0.0712  val_loss=0.0690  val_qwk=0.1184  val_acc=0.1269
    epoch  4  train_loss=0.0580  val_loss=0.0586  val_qwk=0.5198  val_acc=0.4254
    epoch  5  train_loss=0.0533  val_loss=0.0564  val_qwk=0.4999  val_acc=0.4254
    epoch  6  train_loss=0.0493  val_loss=0.0539  val_qwk=0.5275  val_acc=0.4179
    epoch  7  train_loss=0.0475  val_loss=0.0600  val_qwk=0.5433  val_acc=0.4403
    epoch  8  train_loss=0.0487  val_loss=0.0576  val_qwk=0.5316  val_acc=0.4552
    epoch  9  train_loss=0.0481  val_loss=0.0554  val_qwk=0.5485  val_acc=0.4478
    epoch 10  train_loss=0.0425  val_loss=0.0514  val_qwk=0.5181  val_acc=0.4179
    epoch 11  train_loss=0.0437  val_loss=0.0507  val_qwk=0.5354  val_acc=0.4925
    epoch 12  train_loss=0.0395  val_loss=0.0492  val_qwk=0.5601  val_acc=0.4701
    epoch 13  train_loss=0.0396  val_loss=0.0489  val_qwk=0.5529  val_acc=0.5224
    epoch 14  train_loss=0.0378  val_loss=0.0455  val_qwk=0.6299  val_acc=0.5522
    epoch 15  train_loss=0.0365  val_loss=0.0500  val_qwk=0.5939  val_acc=0.5373
    epoch 16  train_loss=0.0337  val_loss=0.0443  val_qwk=0.6404  val_acc=0.5672
    epoch 17  train_loss=0.0327  val_loss=0.0448  val_qwk=0.6300  val_acc=0.5672
    epoch 18  train_loss=0.0313  val_loss=0.0433  val_qwk=0.6546  val_acc=0.5896
    epoch 19  train_loss=0.0278  val_loss=0.0423  val_qwk=0.6804  val_acc=0.5896
    epoch 20  train_loss=0.0270  val_loss=0.0429  val_qwk=0.6790  val_acc=0.5746
  [segment_qar_bilstm            ] train_qwk=0.7903 -> test_qwk=0.7644  acc5=0.6815  raw_w1=0.6963  epoch=19  (21.1s)

[*] exp05 done

========== exp06 transformer  1184 (full)  ->  /home/norak/R&I/kxs-/results_full_v06_transformer ==========
  rows=1184 train=828 val=178 test=178
Warning: You are sending unauthenticated requests to the HF Hub. Please set a HF_TOKEN to enable higher rate limits and faster downloads.
Loading weights:   0%|          | 0/199 [00:00<?, ?it/s]Loading weights: 100%|██████████| 199/199 [00:00<00:00, 3180.35it/s]
[transformers] [1mBertModel LOAD REPORT[0m from: bert-base-multilingual-cased
Key                                        | Status     |  | 
-------------------------------------------+------------+--+-
cls.predictions.transform.dense.weight     | UNEXPECTED |  | 
cls.seq_relationship.weight                | UNEXPECTED |  | 
cls.seq_relationship.bias                  | UNEXPECTED |  | 
cls.predictions.transform.LayerNorm.bias   | UNEXPECTED |  | 
cls.predictions.bias                       | UNEXPECTED |  | 
cls.predictions.transform.dense.bias       | UNEXPECTED |  | 
cls.predictions.transform.LayerNorm.weight | UNEXPECTED |  | 

Notes:
- UNEXPECTED:	can be ignored when loading from different task/architecture; not ok if you expect identical arch.
/home/norak/R&I/kxs-/train.py:206: FutureWarning: `torch.cuda.amp.GradScaler(args...)` is deprecated. Please use `torch.amp.GradScaler('cuda', args...)` instead.
  scaler = torch.cuda.amp.GradScaler() if use_amp and device == "cuda" else None
/home/norak/R&I/kxs-/train.py:148: FutureWarning: `torch.cuda.amp.autocast(args...)` is deprecated. Please use `torch.amp.autocast('cuda', args...)` instead.
  with torch.cuda.amp.autocast():
/home/norak/R&I/kxs-/train.py:169: FutureWarning: `torch.cuda.amp.autocast(args...)` is deprecated. Please use `torch.amp.autocast('cuda', args...)` instead.
  with torch.cuda.amp.autocast():
    epoch  1  train_loss=0.0714  val_loss=0.0633  val_qwk=0.3685  val_acc=0.2753
/home/norak/R&I/kxs-/train.py:148: FutureWarning: `torch.cuda.amp.autocast(args...)` is deprecated. Please use `torch.amp.autocast('cuda', args...)` instead.
  with torch.cuda.amp.autocast():
/home/norak/R&I/kxs-/train.py:169: FutureWarning: `torch.cuda.amp.autocast(args...)` is deprecated. Please use `torch.amp.autocast('cuda', args...)` instead.
  with torch.cuda.amp.autocast():
    epoch  2  train_loss=0.0558  val_loss=0.0542  val_qwk=0.5187  val_acc=0.4551
/home/norak/R&I/kxs-/train.py:148: FutureWarning: `torch.cuda.amp.autocast(args...)` is deprecated. Please use `torch.amp.autocast('cuda', args...)` instead.
  with torch.cuda.amp.autocast():
/home/norak/R&I/kxs-/train.py:169: FutureWarning: `torch.cuda.amp.autocast(args...)` is deprecated. Please use `torch.amp.autocast('cuda', args...)` instead.
  with torch.cuda.amp.autocast():
    epoch  3  train_loss=0.0475  val_loss=0.0518  val_qwk=0.5491  val_acc=0.4213
/home/norak/R&I/kxs-/train.py:148: FutureWarning: `torch.cuda.amp.autocast(args...)` is deprecated. Please use `torch.amp.autocast('cuda', args...)` instead.
  with torch.cuda.amp.autocast():
/home/norak/R&I/kxs-/train.py:169: FutureWarning: `torch.cuda.amp.autocast(args...)` is deprecated. Please use `torch.amp.autocast('cuda', args...)` instead.
  with torch.cuda.amp.autocast():
    epoch  4  train_loss=0.0456  val_loss=0.0534  val_qwk=0.4921  val_acc=0.3764
/home/norak/R&I/kxs-/train.py:148: FutureWarning: `torch.cuda.amp.autocast(args...)` is deprecated. Please use `torch.amp.autocast('cuda', args...)` instead.
  with torch.cuda.amp.autocast():
/home/norak/R&I/kxs-/train.py:169: FutureWarning: `torch.cuda.amp.autocast(args...)` is deprecated. Please use `torch.amp.autocast('cuda', args...)` instead.
  with torch.cuda.amp.autocast():
    epoch  5  train_loss=0.0431  val_loss=0.0449  val_qwk=0.5895  val_acc=0.4719
/home/norak/R&I/kxs-/train.py:148: FutureWarning: `torch.cuda.amp.autocast(args...)` is deprecated. Please use `torch.amp.autocast('cuda', args...)` instead.
  with torch.cuda.amp.autocast():
/home/norak/R&I/kxs-/train.py:169: FutureWarning: `torch.cuda.amp.autocast(args...)` is deprecated. Please use `torch.amp.autocast('cuda', args...)` instead.
  with torch.cuda.amp.autocast():
    epoch  6  train_loss=0.0437  val_loss=0.0483  val_qwk=0.5626  val_acc=0.4382
/home/norak/R&I/kxs-/train.py:148: FutureWarning: `torch.cuda.amp.autocast(args...)` is deprecated. Please use `torch.amp.autocast('cuda', args...)` instead.
  with torch.cuda.amp.autocast():
/home/norak/R&I/kxs-/train.py:169: FutureWarning: `torch.cuda.amp.autocast(args...)` is deprecated. Please use `torch.amp.autocast('cuda', args...)` instead.
  with torch.cuda.amp.autocast():
    epoch  7  train_loss=0.0410  val_loss=0.0443  val_qwk=0.5762  val_acc=0.4551
/home/norak/R&I/kxs-/train.py:148: FutureWarning: `torch.cuda.amp.autocast(args...)` is deprecated. Please use `torch.amp.autocast('cuda', args...)` instead.
  with torch.cuda.amp.autocast():
/home/norak/R&I/kxs-/train.py:169: FutureWarning: `torch.cuda.amp.autocast(args...)` is deprecated. Please use `torch.amp.autocast('cuda', args...)` instead.
  with torch.cuda.amp.autocast():
    epoch  8  train_loss=0.0382  val_loss=0.0420  val_qwk=0.6312  val_acc=0.4944
/home/norak/R&I/kxs-/train.py:148: FutureWarning: `torch.cuda.amp.autocast(args...)` is deprecated. Please use `torch.amp.autocast('cuda', args...)` instead.
  with torch.cuda.amp.autocast():
/home/norak/R&I/kxs-/train.py:169: FutureWarning: `torch.cuda.amp.autocast(args...)` is deprecated. Please use `torch.amp.autocast('cuda', args...)` instead.
  with torch.cuda.amp.autocast():
    epoch  9  train_loss=0.0369  val_loss=0.0440  val_qwk=0.6304  val_acc=0.4775
/home/norak/R&I/kxs-/train.py:148: FutureWarning: `torch.cuda.amp.autocast(args...)` is deprecated. Please use `torch.amp.autocast('cuda', args...)` instead.
  with torch.cuda.amp.autocast():
/home/norak/R&I/kxs-/train.py:169: FutureWarning: `torch.cuda.amp.autocast(args...)` is deprecated. Please use `torch.amp.autocast('cuda', args...)` instead.
  with torch.cuda.amp.autocast():
    epoch 10  train_loss=0.0353  val_loss=0.0421  val_qwk=0.6054  val_acc=0.4494
/home/norak/R&I/kxs-/train.py:148: FutureWarning: `torch.cuda.amp.autocast(args...)` is deprecated. Please use `torch.amp.autocast('cuda', args...)` instead.
  with torch.cuda.amp.autocast():
/home/norak/R&I/kxs-/train.py:169: FutureWarning: `torch.cuda.amp.autocast(args...)` is deprecated. Please use `torch.amp.autocast('cuda', args...)` instead.
  with torch.cuda.amp.autocast():
    epoch 11  train_loss=0.0346  val_loss=0.0424  val_qwk=0.6431  val_acc=0.5449
/home/norak/R&I/kxs-/train.py:148: FutureWarning: `torch.cuda.amp.autocast(args...)` is deprecated. Please use `torch.amp.autocast('cuda', args...)` instead.
  with torch.cuda.amp.autocast():
/home/norak/R&I/kxs-/train.py:169: FutureWarning: `torch.cuda.amp.autocast(args...)` is deprecated. Please use `torch.amp.autocast('cuda', args...)` instead.
  with torch.cuda.amp.autocast():
    epoch 12  train_loss=0.0322  val_loss=0.0417  val_qwk=0.6155  val_acc=0.5225
/home/norak/R&I/kxs-/train.py:148: FutureWarning: `torch.cuda.amp.autocast(args...)` is deprecated. Please use `torch.amp.autocast('cuda', args...)` instead.
  with torch.cuda.amp.autocast():
/home/norak/R&I/kxs-/train.py:169: FutureWarning: `torch.cuda.amp.autocast(args...)` is deprecated. Please use `torch.amp.autocast('cuda', args...)` instead.
  with torch.cuda.amp.autocast():
    epoch 13  train_loss=0.0314  val_loss=0.0391  val_qwk=0.6552  val_acc=0.5225
/home/norak/R&I/kxs-/train.py:148: FutureWarning: `torch.cuda.amp.autocast(args...)` is deprecated. Please use `torch.amp.autocast('cuda', args...)` instead.
  with torch.cuda.amp.autocast():
/home/norak/R&I/kxs-/train.py:169: FutureWarning: `torch.cuda.amp.autocast(args...)` is deprecated. Please use `torch.amp.autocast('cuda', args...)` instead.
  with torch.cuda.amp.autocast():
    epoch 14  train_loss=0.0314  val_loss=0.0399  val_qwk=0.6792  val_acc=0.5955
/home/norak/R&I/kxs-/train.py:148: FutureWarning: `torch.cuda.amp.autocast(args...)` is deprecated. Please use `torch.amp.autocast('cuda', args...)` instead.
  with torch.cuda.amp.autocast():
/home/norak/R&I/kxs-/train.py:169: FutureWarning: `torch.cuda.amp.autocast(args...)` is deprecated. Please use `torch.amp.autocast('cuda', args...)` instead.
  with torch.cuda.amp.autocast():
    epoch 15  train_loss=0.0319  val_loss=0.0387  val_qwk=0.6390  val_acc=0.5225
/home/norak/R&I/kxs-/train.py:148: FutureWarning: `torch.cuda.amp.autocast(args...)` is deprecated. Please use `torch.amp.autocast('cuda', args...)` instead.
  with torch.cuda.amp.autocast():
/home/norak/R&I/kxs-/train.py:169: FutureWarning: `torch.cuda.amp.autocast(args...)` is deprecated. Please use `torch.amp.autocast('cuda', args...)` instead.
  with torch.cuda.amp.autocast():
    epoch 16  train_loss=0.0303  val_loss=0.0357  val_qwk=0.6938  val_acc=0.5730
/home/norak/R&I/kxs-/train.py:148: FutureWarning: `torch.cuda.amp.autocast(args...)` is deprecated. Please use `torch.amp.autocast('cuda', args...)` instead.
  with torch.cuda.amp.autocast():
/home/norak/R&I/kxs-/train.py:169: FutureWarning: `torch.cuda.amp.autocast(args...)` is deprecated. Please use `torch.amp.autocast('cuda', args...)` instead.
  with torch.cuda.amp.autocast():
    epoch 17  train_loss=0.0284  val_loss=0.0362  val_qwk=0.6726  val_acc=0.5393
/home/norak/R&I/kxs-/train.py:148: FutureWarning: `torch.cuda.amp.autocast(args...)` is deprecated. Please use `torch.amp.autocast('cuda', args...)` instead.
  with torch.cuda.amp.autocast():
/home/norak/R&I/kxs-/train.py:169: FutureWarning: `torch.cuda.amp.autocast(args...)` is deprecated. Please use `torch.amp.autocast('cuda', args...)` instead.
  with torch.cuda.amp.autocast():
    epoch 18  train_loss=0.0290  val_loss=0.0377  val_qwk=0.6728  val_acc=0.5674
/home/norak/R&I/kxs-/train.py:148: FutureWarning: `torch.cuda.amp.autocast(args...)` is deprecated. Please use `torch.amp.autocast('cuda', args...)` instead.
  with torch.cuda.amp.autocast():
/home/norak/R&I/kxs-/train.py:169: FutureWarning: `torch.cuda.amp.autocast(args...)` is deprecated. Please use `torch.amp.autocast('cuda', args...)` instead.
  with torch.cuda.amp.autocast():
    epoch 19  train_loss=0.0275  val_loss=0.0337  val_qwk=0.6876  val_acc=0.5449
/home/norak/R&I/kxs-/train.py:148: FutureWarning: `torch.cuda.amp.autocast(args...)` is deprecated. Please use `torch.amp.autocast('cuda', args...)` instead.
  with torch.cuda.amp.autocast():
/home/norak/R&I/kxs-/train.py:169: FutureWarning: `torch.cuda.amp.autocast(args...)` is deprecated. Please use `torch.amp.autocast('cuda', args...)` instead.
  with torch.cuda.amp.autocast():
    epoch 20  train_loss=0.0279  val_loss=0.0383  val_qwk=0.6806  val_acc=0.5787
    early-stop at epoch 20 (best epoch=16, best_qwk=0.6938)
/home/norak/R&I/kxs-/train.py:169: FutureWarning: `torch.cuda.amp.autocast(args...)` is deprecated. Please use `torch.amp.autocast('cuda', args...)` instead.
  with torch.cuda.amp.autocast():
/home/norak/R&I/kxs-/train.py:169: FutureWarning: `torch.cuda.amp.autocast(args...)` is deprecated. Please use `torch.amp.autocast('cuda', args...)` instead.
  with torch.cuda.amp.autocast():
/home/norak/R&I/kxs-/train.py:169: FutureWarning: `torch.cuda.amp.autocast(args...)` is deprecated. Please use `torch.amp.autocast('cuda', args...)` instead.
  with torch.cuda.amp.autocast():
  [raw_ra_dual_mbert                  ] train_qwk=0.7711 -> test_qwk=0.7021  raw_w1=0.6910  epoch=16  (144.6s)
Loading weights:   0%|          | 0/199 [00:00<?, ?it/s]Loading weights: 100%|██████████| 199/199 [00:00<00:00, 2995.43it/s]
[transformers] [1mXLMRobertaModel LOAD REPORT[0m from: xlm-roberta-base
Key                       | Status     |  | 
--------------------------+------------+--+-
lm_head.dense.weight      | UNEXPECTED |  | 
lm_head.layer_norm.weight | UNEXPECTED |  | 
lm_head.dense.bias        | UNEXPECTED |  | 
lm_head.layer_norm.bias   | UNEXPECTED |  | 
lm_head.bias              | UNEXPECTED |  | 

Notes:
- UNEXPECTED:	can be ignored when loading from different task/architecture; not ok if you expect identical arch.
/home/norak/R&I/kxs-/train.py:206: FutureWarning: `torch.cuda.amp.GradScaler(args...)` is deprecated. Please use `torch.amp.GradScaler('cuda', args...)` instead.
  scaler = torch.cuda.amp.GradScaler() if use_amp and device == "cuda" else None
/home/norak/R&I/kxs-/train.py:148: FutureWarning: `torch.cuda.amp.autocast(args...)` is deprecated. Please use `torch.amp.autocast('cuda', args...)` instead.
  with torch.cuda.amp.autocast():
/home/norak/R&I/kxs-/train.py:169: FutureWarning: `torch.cuda.amp.autocast(args...)` is deprecated. Please use `torch.amp.autocast('cuda', args...)` instead.
  with torch.cuda.amp.autocast():
    epoch  1  train_loss=0.0912  val_loss=0.0644  val_qwk=0.0869  val_acc=0.2079
/home/norak/R&I/kxs-/train.py:148: FutureWarning: `torch.cuda.amp.autocast(args...)` is deprecated. Please use `torch.amp.autocast('cuda', args...)` instead.
  with torch.cuda.amp.autocast():
/home/norak/R&I/kxs-/train.py:169: FutureWarning: `torch.cuda.amp.autocast(args...)` is deprecated. Please use `torch.amp.autocast('cuda', args...)` instead.
  with torch.cuda.amp.autocast():
    epoch  2  train_loss=0.0616  val_loss=0.0574  val_qwk=0.4780  val_acc=0.4494
/home/norak/R&I/kxs-/train.py:148: FutureWarning: `torch.cuda.amp.autocast(args...)` is deprecated. Please use `torch.amp.autocast('cuda', args...)` instead.
  with torch.cuda.amp.autocast():
/home/norak/R&I/kxs-/train.py:169: FutureWarning: `torch.cuda.amp.autocast(args...)` is deprecated. Please use `torch.amp.autocast('cuda', args...)` instead.
  with torch.cuda.amp.autocast():
    epoch  3  train_loss=0.0521  val_loss=0.0535  val_qwk=0.5346  val_acc=0.4663
/home/norak/R&I/kxs-/train.py:148: FutureWarning: `torch.cuda.amp.autocast(args...)` is deprecated. Please use `torch.amp.autocast('cuda', args...)` instead.
  with torch.cuda.amp.autocast():
/home/norak/R&I/kxs-/train.py:169: FutureWarning: `torch.cuda.amp.autocast(args...)` is deprecated. Please use `torch.amp.autocast('cuda', args...)` instead.
  with torch.cuda.amp.autocast():
    epoch  4  train_loss=0.0489  val_loss=0.0572  val_qwk=0.4292  val_acc=0.2978
/home/norak/R&I/kxs-/train.py:148: FutureWarning: `torch.cuda.amp.autocast(args...)` is deprecated. Please use `torch.amp.autocast('cuda', args...)` instead.
  with torch.cuda.amp.autocast():
/home/norak/R&I/kxs-/train.py:169: FutureWarning: `torch.cuda.amp.autocast(args...)` is deprecated. Please use `torch.amp.autocast('cuda', args...)` instead.
  with torch.cuda.amp.autocast():
    epoch  5  train_loss=0.0466  val_loss=0.0454  val_qwk=0.6176  val_acc=0.5000
/home/norak/R&I/kxs-/train.py:148: FutureWarning: `torch.cuda.amp.autocast(args...)` is deprecated. Please use `torch.amp.autocast('cuda', args...)` instead.
  with torch.cuda.amp.autocast():
/home/norak/R&I/kxs-/train.py:169: FutureWarning: `torch.cuda.amp.autocast(args...)` is deprecated. Please use `torch.amp.autocast('cuda', args...)` instead.
  with torch.cuda.amp.autocast():
    epoch  6  train_loss=0.0419  val_loss=0.0472  val_qwk=0.5773  val_acc=0.5169
/home/norak/R&I/kxs-/train.py:148: FutureWarning: `torch.cuda.amp.autocast(args...)` is deprecated. Please use `torch.amp.autocast('cuda', args...)` instead.
  with torch.cuda.amp.autocast():
/home/norak/R&I/kxs-/train.py:169: FutureWarning: `torch.cuda.amp.autocast(args...)` is deprecated. Please use `torch.amp.autocast('cuda', args...)` instead.
  with torch.cuda.amp.autocast():
    epoch  7  train_loss=0.0387  val_loss=0.0417  val_qwk=0.6366  val_acc=0.5169
/home/norak/R&I/kxs-/train.py:148: FutureWarning: `torch.cuda.amp.autocast(args...)` is deprecated. Please use `torch.amp.autocast('cuda', args...)` instead.
  with torch.cuda.amp.autocast():
/home/norak/R&I/kxs-/train.py:169: FutureWarning: `torch.cuda.amp.autocast(args...)` is deprecated. Please use `torch.amp.autocast('cuda', args...)` instead.
  with torch.cuda.amp.autocast():
    epoch  8  train_loss=0.0352  val_loss=0.0409  val_qwk=0.6563  val_acc=0.5562
/home/norak/R&I/kxs-/train.py:148: FutureWarning: `torch.cuda.amp.autocast(args...)` is deprecated. Please use `torch.amp.autocast('cuda', args...)` instead.
  with torch.cuda.amp.autocast():
/home/norak/R&I/kxs-/train.py:169: FutureWarning: `torch.cuda.amp.autocast(args...)` is deprecated. Please use `torch.amp.autocast('cuda', args...)` instead.
  with torch.cuda.amp.autocast():
    epoch  9  train_loss=0.0363  val_loss=0.0418  val_qwk=0.6097  val_acc=0.5169
/home/norak/R&I/kxs-/train.py:148: FutureWarning: `torch.cuda.amp.autocast(args...)` is deprecated. Please use `torch.amp.autocast('cuda', args...)` instead.
  with torch.cuda.amp.autocast():
/home/norak/R&I/kxs-/train.py:169: FutureWarning: `torch.cuda.amp.autocast(args...)` is deprecated. Please use `torch.amp.autocast('cuda', args...)` instead.
  with torch.cuda.amp.autocast():
    epoch 10  train_loss=0.0335  val_loss=0.0397  val_qwk=0.6374  val_acc=0.5112
/home/norak/R&I/kxs-/train.py:148: FutureWarning: `torch.cuda.amp.autocast(args...)` is deprecated. Please use `torch.amp.autocast('cuda', args...)` instead.
  with torch.cuda.amp.autocast():
/home/norak/R&I/kxs-/train.py:169: FutureWarning: `torch.cuda.amp.autocast(args...)` is deprecated. Please use `torch.amp.autocast('cuda', args...)` instead.
  with torch.cuda.amp.autocast():
    epoch 11  train_loss=0.0324  val_loss=0.0377  val_qwk=0.6831  val_acc=0.5787
/home/norak/R&I/kxs-/train.py:148: FutureWarning: `torch.cuda.amp.autocast(args...)` is deprecated. Please use `torch.amp.autocast('cuda', args...)` instead.
  with torch.cuda.amp.autocast():
/home/norak/R&I/kxs-/train.py:169: FutureWarning: `torch.cuda.amp.autocast(args...)` is deprecated. Please use `torch.amp.autocast('cuda', args...)` instead.
  with torch.cuda.amp.autocast():
    epoch 12  train_loss=0.0300  val_loss=0.0370  val_qwk=0.6650  val_acc=0.6011
/home/norak/R&I/kxs-/train.py:148: FutureWarning: `torch.cuda.amp.autocast(args...)` is deprecated. Please use `torch.amp.autocast('cuda', args...)` instead.
  with torch.cuda.amp.autocast():
/home/norak/R&I/kxs-/train.py:169: FutureWarning: `torch.cuda.amp.autocast(args...)` is deprecated. Please use `torch.amp.autocast('cuda', args...)` instead.
  with torch.cuda.amp.autocast():
    epoch 13  train_loss=0.0301  val_loss=0.0361  val_qwk=0.6958  val_acc=0.5955
/home/norak/R&I/kxs-/train.py:148: FutureWarning: `torch.cuda.amp.autocast(args...)` is deprecated. Please use `torch.amp.autocast('cuda', args...)` instead.
  with torch.cuda.amp.autocast():
/home/norak/R&I/kxs-/train.py:169: FutureWarning: `torch.cuda.amp.autocast(args...)` is deprecated. Please use `torch.amp.autocast('cuda', args...)` instead.
  with torch.cuda.amp.autocast():
    epoch 14  train_loss=0.0290  val_loss=0.0373  val_qwk=0.6918  val_acc=0.5787
/home/norak/R&I/kxs-/train.py:148: FutureWarning: `torch.cuda.amp.autocast(args...)` is deprecated. Please use `torch.amp.autocast('cuda', args...)` instead.
  with torch.cuda.amp.autocast():
/home/norak/R&I/kxs-/train.py:169: FutureWarning: `torch.cuda.amp.autocast(args...)` is deprecated. Please use `torch.amp.autocast('cuda', args...)` instead.
  with torch.cuda.amp.autocast():
    epoch 15  train_loss=0.0264  val_loss=0.0403  val_qwk=0.6791  val_acc=0.5843
/home/norak/R&I/kxs-/train.py:148: FutureWarning: `torch.cuda.amp.autocast(args...)` is deprecated. Please use `torch.amp.autocast('cuda', args...)` instead.
  with torch.cuda.amp.autocast():
/home/norak/R&I/kxs-/train.py:169: FutureWarning: `torch.cuda.amp.autocast(args...)` is deprecated. Please use `torch.amp.autocast('cuda', args...)` instead.
  with torch.cuda.amp.autocast():
    epoch 16  train_loss=0.0248  val_loss=0.0399  val_qwk=0.6714  val_acc=0.5674
/home/norak/R&I/kxs-/train.py:148: FutureWarning: `torch.cuda.amp.autocast(args...)` is deprecated. Please use `torch.amp.autocast('cuda', args...)` instead.
  with torch.cuda.amp.autocast():
/home/norak/R&I/kxs-/train.py:169: FutureWarning: `torch.cuda.amp.autocast(args...)` is deprecated. Please use `torch.amp.autocast('cuda', args...)` instead.
  with torch.cuda.amp.autocast():
    epoch 17  train_loss=0.0242  val_loss=0.0431  val_qwk=0.6314  val_acc=0.5506
    early-stop at epoch 17 (best epoch=13, best_qwk=0.6958)
/home/norak/R&I/kxs-/train.py:169: FutureWarning: `torch.cuda.amp.autocast(args...)` is deprecated. Please use `torch.amp.autocast('cuda', args...)` instead.
  with torch.cuda.amp.autocast():
/home/norak/R&I/kxs-/train.py:169: FutureWarning: `torch.cuda.amp.autocast(args...)` is deprecated. Please use `torch.amp.autocast('cuda', args...)` instead.
  with torch.cuda.amp.autocast():
/home/norak/R&I/kxs-/train.py:169: FutureWarning: `torch.cuda.amp.autocast(args...)` is deprecated. Please use `torch.amp.autocast('cuda', args...)` instead.
  with torch.cuda.amp.autocast():
  [raw_ra_dual_xlmr                   ] train_qwk=0.7896 -> test_qwk=0.7308  raw_w1=0.6798  epoch=13  (127.3s)
Loading weights:   0%|          | 0/136 [00:00<?, ?it/s]Loading weights:   3%|▎         | 4/136 [00:00<00:03, 36.91it/s]Loading weights: 100%|██████████| 136/136 [00:00<00:00, 917.09it/s]
[transformers] [1mNewModel LOAD REPORT[0m from: Alibaba-NLP/gte-multilingual-base
Key               | Status     |  | 
------------------+------------+--+-
classifier.bias   | UNEXPECTED |  | 
classifier.weight | UNEXPECTED |  | 

Notes:
- UNEXPECTED:	can be ignored when loading from different task/architecture; not ok if you expect identical arch.
/home/norak/R&I/kxs-/train.py:206: FutureWarning: `torch.cuda.amp.GradScaler(args...)` is deprecated. Please use `torch.amp.GradScaler('cuda', args...)` instead.
  scaler = torch.cuda.amp.GradScaler() if use_amp and device == "cuda" else None
/home/norak/R&I/kxs-/train.py:148: FutureWarning: `torch.cuda.amp.autocast(args...)` is deprecated. Please use `torch.amp.autocast('cuda', args...)` instead.
  with torch.cuda.amp.autocast():
/home/norak/R&I/kxs-/train.py:169: FutureWarning: `torch.cuda.amp.autocast(args...)` is deprecated. Please use `torch.amp.autocast('cuda', args...)` instead.
  with torch.cuda.amp.autocast():
    epoch  1  train_loss=0.0698  val_loss=0.0511  val_qwk=0.5485  val_acc=0.4270
/home/norak/R&I/kxs-/train.py:148: FutureWarning: `torch.cuda.amp.autocast(args...)` is deprecated. Please use `torch.amp.autocast('cuda', args...)` instead.
  with torch.cuda.amp.autocast():
/home/norak/R&I/kxs-/train.py:169: FutureWarning: `torch.cuda.amp.autocast(args...)` is deprecated. Please use `torch.amp.autocast('cuda', args...)` instead.
  with torch.cuda.amp.autocast():
    epoch  2  train_loss=0.0439  val_loss=0.0424  val_qwk=0.6465  val_acc=0.5618
/home/norak/R&I/kxs-/train.py:148: FutureWarning: `torch.cuda.amp.autocast(args...)` is deprecated. Please use `torch.amp.autocast('cuda', args...)` instead.
  with torch.cuda.amp.autocast():
/home/norak/R&I/kxs-/train.py:169: FutureWarning: `torch.cuda.amp.autocast(args...)` is deprecated. Please use `torch.amp.autocast('cuda', args...)` instead.
  with torch.cuda.amp.autocast():
    epoch  3  train_loss=0.0332  val_loss=0.0371  val_qwk=0.6682  val_acc=0.5674
/home/norak/R&I/kxs-/train.py:148: FutureWarning: `torch.cuda.amp.autocast(args...)` is deprecated. Please use `torch.amp.autocast('cuda', args...)` instead.
  with torch.cuda.amp.autocast():
/home/norak/R&I/kxs-/train.py:169: FutureWarning: `torch.cuda.amp.autocast(args...)` is deprecated. Please use `torch.amp.autocast('cuda', args...)` instead.
  with torch.cuda.amp.autocast():
    epoch  4  train_loss=0.0295  val_loss=0.0339  val_qwk=0.7281  val_acc=0.5955
/home/norak/R&I/kxs-/train.py:148: FutureWarning: `torch.cuda.amp.autocast(args...)` is deprecated. Please use `torch.amp.autocast('cuda', args...)` instead.
  with torch.cuda.amp.autocast():
/home/norak/R&I/kxs-/train.py:169: FutureWarning: `torch.cuda.amp.autocast(args...)` is deprecated. Please use `torch.amp.autocast('cuda', args...)` instead.
  with torch.cuda.amp.autocast():
    epoch  5  train_loss=0.0258  val_loss=0.0331  val_qwk=0.6998  val_acc=0.6011
/home/norak/R&I/kxs-/train.py:148: FutureWarning: `torch.cuda.amp.autocast(args...)` is deprecated. Please use `torch.amp.autocast('cuda', args...)` instead.
  with torch.cuda.amp.autocast():
/home/norak/R&I/kxs-/train.py:169: FutureWarning: `torch.cuda.amp.autocast(args...)` is deprecated. Please use `torch.amp.autocast('cuda', args...)` instead.
  with torch.cuda.amp.autocast():
    epoch  6  train_loss=0.0239  val_loss=0.0328  val_qwk=0.7175  val_acc=0.6461
/home/norak/R&I/kxs-/train.py:148: FutureWarning: `torch.cuda.amp.autocast(args...)` is deprecated. Please use `torch.amp.autocast('cuda', args...)` instead.
  with torch.cuda.amp.autocast():
/home/norak/R&I/kxs-/train.py:169: FutureWarning: `torch.cuda.amp.autocast(args...)` is deprecated. Please use `torch.amp.autocast('cuda', args...)` instead.
  with torch.cuda.amp.autocast():
    epoch  7  train_loss=0.0220  val_loss=0.0315  val_qwk=0.7555  val_acc=0.6404
/home/norak/R&I/kxs-/train.py:148: FutureWarning: `torch.cuda.amp.autocast(args...)` is deprecated. Please use `torch.amp.autocast('cuda', args...)` instead.
  with torch.cuda.amp.autocast():
/home/norak/R&I/kxs-/train.py:169: FutureWarning: `torch.cuda.amp.autocast(args...)` is deprecated. Please use `torch.amp.autocast('cuda', args...)` instead.
  with torch.cuda.amp.autocast():
    epoch  8  train_loss=0.0200  val_loss=0.0311  val_qwk=0.7600  val_acc=0.6292
/home/norak/R&I/kxs-/train.py:148: FutureWarning: `torch.cuda.amp.autocast(args...)` is deprecated. Please use `torch.amp.autocast('cuda', args...)` instead.
  with torch.cuda.amp.autocast():
/home/norak/R&I/kxs-/train.py:169: FutureWarning: `torch.cuda.amp.autocast(args...)` is deprecated. Please use `torch.amp.autocast('cuda', args...)` instead.
  with torch.cuda.amp.autocast():
    epoch  9  train_loss=0.0186  val_loss=0.0310  val_qwk=0.7390  val_acc=0.6124
/home/norak/R&I/kxs-/train.py:148: FutureWarning: `torch.cuda.amp.autocast(args...)` is deprecated. Please use `torch.amp.autocast('cuda', args...)` instead.
  with torch.cuda.amp.autocast():
/home/norak/R&I/kxs-/train.py:169: FutureWarning: `torch.cuda.amp.autocast(args...)` is deprecated. Please use `torch.amp.autocast('cuda', args...)` instead.
  with torch.cuda.amp.autocast():
    epoch 10  train_loss=0.0177  val_loss=0.0293  val_qwk=0.7207  val_acc=0.6292
/home/norak/R&I/kxs-/train.py:148: FutureWarning: `torch.cuda.amp.autocast(args...)` is deprecated. Please use `torch.amp.autocast('cuda', args...)` instead.
  with torch.cuda.amp.autocast():
/home/norak/R&I/kxs-/train.py:169: FutureWarning: `torch.cuda.amp.autocast(args...)` is deprecated. Please use `torch.amp.autocast('cuda', args...)` instead.
  with torch.cuda.amp.autocast():
    epoch 11  train_loss=0.0167  val_loss=0.0310  val_qwk=0.7483  val_acc=0.6461
/home/norak/R&I/kxs-/train.py:148: FutureWarning: `torch.cuda.amp.autocast(args...)` is deprecated. Please use `torch.amp.autocast('cuda', args...)` instead.
  with torch.cuda.amp.autocast():
/home/norak/R&I/kxs-/train.py:169: FutureWarning: `torch.cuda.amp.autocast(args...)` is deprecated. Please use `torch.amp.autocast('cuda', args...)` instead.
  with torch.cuda.amp.autocast():
    epoch 12  train_loss=0.0163  val_loss=0.0332  val_qwk=0.7231  val_acc=0.6404
    early-stop at epoch 12 (best epoch=8, best_qwk=0.7600)
/home/norak/R&I/kxs-/train.py:169: FutureWarning: `torch.cuda.amp.autocast(args...)` is deprecated. Please use `torch.amp.autocast('cuda', args...)` instead.
  with torch.cuda.amp.autocast():
/home/norak/R&I/kxs-/train.py:169: FutureWarning: `torch.cuda.amp.autocast(args...)` is deprecated. Please use `torch.amp.autocast('cuda', args...)` instead.
  with torch.cuda.amp.autocast():
/home/norak/R&I/kxs-/train.py:169: FutureWarning: `torch.cuda.amp.autocast(args...)` is deprecated. Please use `torch.amp.autocast('cuda', args...)` instead.
  with torch.cuda.amp.autocast():
  [raw_ra_dual_gte                    ] train_qwk=0.8389 -> test_qwk=0.7803  raw_w1=0.7191  epoch=8  (113.4s)
Loading weights:   0%|          | 0/199 [00:00<?, ?it/s]Loading weights: 100%|██████████| 199/199 [00:00<00:00, 2832.31it/s]
[transformers] [1mBertModel LOAD REPORT[0m from: bert-base-multilingual-cased
Key                                        | Status     |  | 
-------------------------------------------+------------+--+-
cls.predictions.transform.dense.weight     | UNEXPECTED |  | 
cls.seq_relationship.weight                | UNEXPECTED |  | 
cls.seq_relationship.bias                  | UNEXPECTED |  | 
cls.predictions.transform.LayerNorm.bias   | UNEXPECTED |  | 
cls.predictions.bias                       | UNEXPECTED |  | 
cls.predictions.transform.dense.bias       | UNEXPECTED |  | 
cls.predictions.transform.LayerNorm.weight | UNEXPECTED |  | 

Notes:
- UNEXPECTED:	can be ignored when loading from different task/architecture; not ok if you expect identical arch.
/home/norak/R&I/kxs-/train.py:206: FutureWarning: `torch.cuda.amp.GradScaler(args...)` is deprecated. Please use `torch.amp.GradScaler('cuda', args...)` instead.
  scaler = torch.cuda.amp.GradScaler() if use_amp and device == "cuda" else None
/home/norak/R&I/kxs-/train.py:148: FutureWarning: `torch.cuda.amp.autocast(args...)` is deprecated. Please use `torch.amp.autocast('cuda', args...)` instead.
  with torch.cuda.amp.autocast():
/home/norak/R&I/kxs-/train.py:169: FutureWarning: `torch.cuda.amp.autocast(args...)` is deprecated. Please use `torch.amp.autocast('cuda', args...)` instead.
  with torch.cuda.amp.autocast():
    epoch  1  train_loss=0.0761  val_loss=0.0695  val_qwk=0.0654  val_acc=0.1854
/home/norak/R&I/kxs-/train.py:148: FutureWarning: `torch.cuda.amp.autocast(args...)` is deprecated. Please use `torch.amp.autocast('cuda', args...)` instead.
  with torch.cuda.amp.autocast():
/home/norak/R&I/kxs-/train.py:169: FutureWarning: `torch.cuda.amp.autocast(args...)` is deprecated. Please use `torch.amp.autocast('cuda', args...)` instead.
  with torch.cuda.amp.autocast():
    epoch  2  train_loss=0.0612  val_loss=0.0721  val_qwk=0.3474  val_acc=0.3933
/home/norak/R&I/kxs-/train.py:148: FutureWarning: `torch.cuda.amp.autocast(args...)` is deprecated. Please use `torch.amp.autocast('cuda', args...)` instead.
  with torch.cuda.amp.autocast():
/home/norak/R&I/kxs-/train.py:169: FutureWarning: `torch.cuda.amp.autocast(args...)` is deprecated. Please use `torch.amp.autocast('cuda', args...)` instead.
  with torch.cuda.amp.autocast():
    epoch  3  train_loss=0.0581  val_loss=0.0536  val_qwk=0.4849  val_acc=0.4213
/home/norak/R&I/kxs-/train.py:148: FutureWarning: `torch.cuda.amp.autocast(args...)` is deprecated. Please use `torch.amp.autocast('cuda', args...)` instead.
  with torch.cuda.amp.autocast():
/home/norak/R&I/kxs-/train.py:169: FutureWarning: `torch.cuda.amp.autocast(args...)` is deprecated. Please use `torch.amp.autocast('cuda', args...)` instead.
  with torch.cuda.amp.autocast():
    epoch  4  train_loss=0.0505  val_loss=0.0495  val_qwk=0.5571  val_acc=0.4438
/home/norak/R&I/kxs-/train.py:148: FutureWarning: `torch.cuda.amp.autocast(args...)` is deprecated. Please use `torch.amp.autocast('cuda', args...)` instead.
  with torch.cuda.amp.autocast():
/home/norak/R&I/kxs-/train.py:169: FutureWarning: `torch.cuda.amp.autocast(args...)` is deprecated. Please use `torch.amp.autocast('cuda', args...)` instead.
  with torch.cuda.amp.autocast():
    epoch  5  train_loss=0.0477  val_loss=0.0524  val_qwk=0.4636  val_acc=0.4157
/home/norak/R&I/kxs-/train.py:148: FutureWarning: `torch.cuda.amp.autocast(args...)` is deprecated. Please use `torch.amp.autocast('cuda', args...)` instead.
  with torch.cuda.amp.autocast():
/home/norak/R&I/kxs-/train.py:169: FutureWarning: `torch.cuda.amp.autocast(args...)` is deprecated. Please use `torch.amp.autocast('cuda', args...)` instead.
  with torch.cuda.amp.autocast():
    epoch  6  train_loss=0.0436  val_loss=0.0516  val_qwk=0.5718  val_acc=0.5281
/home/norak/R&I/kxs-/train.py:148: FutureWarning: `torch.cuda.amp.autocast(args...)` is deprecated. Please use `torch.amp.autocast('cuda', args...)` instead.
  with torch.cuda.amp.autocast():
/home/norak/R&I/kxs-/train.py:169: FutureWarning: `torch.cuda.amp.autocast(args...)` is deprecated. Please use `torch.amp.autocast('cuda', args...)` instead.
  with torch.cuda.amp.autocast():
    epoch  7  train_loss=0.0405  val_loss=0.0502  val_qwk=0.5858  val_acc=0.5225
/home/norak/R&I/kxs-/train.py:148: FutureWarning: `torch.cuda.amp.autocast(args...)` is deprecated. Please use `torch.amp.autocast('cuda', args...)` instead.
  with torch.cuda.amp.autocast():
/home/norak/R&I/kxs-/train.py:169: FutureWarning: `torch.cuda.amp.autocast(args...)` is deprecated. Please use `torch.amp.autocast('cuda', args...)` instead.
  with torch.cuda.amp.autocast():
    epoch  8  train_loss=0.0404  val_loss=0.0494  val_qwk=0.5814  val_acc=0.5281
/home/norak/R&I/kxs-/train.py:148: FutureWarning: `torch.cuda.amp.autocast(args...)` is deprecated. Please use `torch.amp.autocast('cuda', args...)` instead.
  with torch.cuda.amp.autocast():
/home/norak/R&I/kxs-/train.py:169: FutureWarning: `torch.cuda.amp.autocast(args...)` is deprecated. Please use `torch.amp.autocast('cuda', args...)` instead.
  with torch.cuda.amp.autocast():
    epoch  9  train_loss=0.0402  val_loss=0.0471  val_qwk=0.6267  val_acc=0.5281
/home/norak/R&I/kxs-/train.py:148: FutureWarning: `torch.cuda.amp.autocast(args...)` is deprecated. Please use `torch.amp.autocast('cuda', args...)` instead.
  with torch.cuda.amp.autocast():
/home/norak/R&I/kxs-/train.py:169: FutureWarning: `torch.cuda.amp.autocast(args...)` is deprecated. Please use `torch.amp.autocast('cuda', args...)` instead.
  with torch.cuda.amp.autocast():
    epoch 10  train_loss=0.0346  val_loss=0.0466  val_qwk=0.6228  val_acc=0.5281
/home/norak/R&I/kxs-/train.py:148: FutureWarning: `torch.cuda.amp.autocast(args...)` is deprecated. Please use `torch.amp.autocast('cuda', args...)` instead.
  with torch.cuda.amp.autocast():
/home/norak/R&I/kxs-/train.py:169: FutureWarning: `torch.cuda.amp.autocast(args...)` is deprecated. Please use `torch.amp.autocast('cuda', args...)` instead.
  with torch.cuda.amp.autocast():
    epoch 11  train_loss=0.0352  val_loss=0.0477  val_qwk=0.6006  val_acc=0.4944
/home/norak/R&I/kxs-/train.py:148: FutureWarning: `torch.cuda.amp.autocast(args...)` is deprecated. Please use `torch.amp.autocast('cuda', args...)` instead.
  with torch.cuda.amp.autocast():
/home/norak/R&I/kxs-/train.py:169: FutureWarning: `torch.cuda.amp.autocast(args...)` is deprecated. Please use `torch.amp.autocast('cuda', args...)` instead.
  with torch.cuda.amp.autocast():
    epoch 12  train_loss=0.0345  val_loss=0.0514  val_qwk=0.5799  val_acc=0.5056
/home/norak/R&I/kxs-/train.py:148: FutureWarning: `torch.cuda.amp.autocast(args...)` is deprecated. Please use `torch.amp.autocast('cuda', args...)` instead.
  with torch.cuda.amp.autocast():
/home/norak/R&I/kxs-/train.py:169: FutureWarning: `torch.cuda.amp.autocast(args...)` is deprecated. Please use `torch.amp.autocast('cuda', args...)` instead.
  with torch.cuda.amp.autocast():
    epoch 13  train_loss=0.0353  val_loss=0.0466  val_qwk=0.6119  val_acc=0.5225
    early-stop at epoch 13 (best epoch=9, best_qwk=0.6267)
/home/norak/R&I/kxs-/train.py:169: FutureWarning: `torch.cuda.amp.autocast(args...)` is deprecated. Please use `torch.amp.autocast('cuda', args...)` instead.
  with torch.cuda.amp.autocast():
/home/norak/R&I/kxs-/train.py:169: FutureWarning: `torch.cuda.amp.autocast(args...)` is deprecated. Please use `torch.amp.autocast('cuda', args...)` instead.
  with torch.cuda.amp.autocast():
/home/norak/R&I/kxs-/train.py:169: FutureWarning: `torch.cuda.amp.autocast(args...)` is deprecated. Please use `torch.amp.autocast('cuda', args...)` instead.
  with torch.cuda.amp.autocast():
  [raw_ra_cross_mbert                 ] train_qwk=0.6908 -> test_qwk=0.6552  raw_w1=0.6517  epoch=9  (60.4s)
Loading weights:   0%|          | 0/199 [00:00<?, ?it/s]Loading weights: 100%|██████████| 199/199 [00:00<00:00, 2896.40it/s]
[transformers] [1mXLMRobertaModel LOAD REPORT[0m from: xlm-roberta-base
Key                       | Status     |  | 
--------------------------+------------+--+-
lm_head.dense.weight      | UNEXPECTED |  | 
lm_head.layer_norm.weight | UNEXPECTED |  | 
lm_head.dense.bias        | UNEXPECTED |  | 
lm_head.layer_norm.bias   | UNEXPECTED |  | 
lm_head.bias              | UNEXPECTED |  | 

Notes:
- UNEXPECTED:	can be ignored when loading from different task/architecture; not ok if you expect identical arch.
/home/norak/R&I/kxs-/train.py:206: FutureWarning: `torch.cuda.amp.GradScaler(args...)` is deprecated. Please use `torch.amp.GradScaler('cuda', args...)` instead.
  scaler = torch.cuda.amp.GradScaler() if use_amp and device == "cuda" else None
/home/norak/R&I/kxs-/train.py:148: FutureWarning: `torch.cuda.amp.autocast(args...)` is deprecated. Please use `torch.amp.autocast('cuda', args...)` instead.
  with torch.cuda.amp.autocast():
/home/norak/R&I/kxs-/train.py:169: FutureWarning: `torch.cuda.amp.autocast(args...)` is deprecated. Please use `torch.amp.autocast('cuda', args...)` instead.
  with torch.cuda.amp.autocast():
    epoch  1  train_loss=0.0782  val_loss=0.0671  val_qwk=0.1889  val_acc=0.1910
/home/norak/R&I/kxs-/train.py:148: FutureWarning: `torch.cuda.amp.autocast(args...)` is deprecated. Please use `torch.amp.autocast('cuda', args...)` instead.
  with torch.cuda.amp.autocast():
/home/norak/R&I/kxs-/train.py:169: FutureWarning: `torch.cuda.amp.autocast(args...)` is deprecated. Please use `torch.amp.autocast('cuda', args...)` instead.
  with torch.cuda.amp.autocast():
    epoch  2  train_loss=0.0695  val_loss=0.0627  val_qwk=0.2898  val_acc=0.2191
/home/norak/R&I/kxs-/train.py:148: FutureWarning: `torch.cuda.amp.autocast(args...)` is deprecated. Please use `torch.amp.autocast('cuda', args...)` instead.
  with torch.cuda.amp.autocast():
/home/norak/R&I/kxs-/train.py:169: FutureWarning: `torch.cuda.amp.autocast(args...)` is deprecated. Please use `torch.amp.autocast('cuda', args...)` instead.
  with torch.cuda.amp.autocast():
    epoch  3  train_loss=0.0597  val_loss=0.0536  val_qwk=0.4990  val_acc=0.4157
/home/norak/R&I/kxs-/train.py:148: FutureWarning: `torch.cuda.amp.autocast(args...)` is deprecated. Please use `torch.amp.autocast('cuda', args...)` instead.
  with torch.cuda.amp.autocast():
/home/norak/R&I/kxs-/train.py:169: FutureWarning: `torch.cuda.amp.autocast(args...)` is deprecated. Please use `torch.amp.autocast('cuda', args...)` instead.
  with torch.cuda.amp.autocast():
    epoch  4  train_loss=0.0532  val_loss=0.0509  val_qwk=0.5270  val_acc=0.4944
/home/norak/R&I/kxs-/train.py:148: FutureWarning: `torch.cuda.amp.autocast(args...)` is deprecated. Please use `torch.amp.autocast('cuda', args...)` instead.
  with torch.cuda.amp.autocast():
/home/norak/R&I/kxs-/train.py:169: FutureWarning: `torch.cuda.amp.autocast(args...)` is deprecated. Please use `torch.amp.autocast('cuda', args...)` instead.
  with torch.cuda.amp.autocast():
    epoch  5  train_loss=0.0481  val_loss=0.0427  val_qwk=0.6031  val_acc=0.5225
/home/norak/R&I/kxs-/train.py:148: FutureWarning: `torch.cuda.amp.autocast(args...)` is deprecated. Please use `torch.amp.autocast('cuda', args...)` instead.
  with torch.cuda.amp.autocast():
/home/norak/R&I/kxs-/train.py:169: FutureWarning: `torch.cuda.amp.autocast(args...)` is deprecated. Please use `torch.amp.autocast('cuda', args...)` instead.
  with torch.cuda.amp.autocast():
    epoch  6  train_loss=0.0433  val_loss=0.0467  val_qwk=0.6425  val_acc=0.5337
/home/norak/R&I/kxs-/train.py:148: FutureWarning: `torch.cuda.amp.autocast(args...)` is deprecated. Please use `torch.amp.autocast('cuda', args...)` instead.
  with torch.cuda.amp.autocast():
/home/norak/R&I/kxs-/train.py:169: FutureWarning: `torch.cuda.amp.autocast(args...)` is deprecated. Please use `torch.amp.autocast('cuda', args...)` instead.
  with torch.cuda.amp.autocast():
    epoch  7  train_loss=0.0427  val_loss=0.0450  val_qwk=0.6553  val_acc=0.5787
/home/norak/R&I/kxs-/train.py:148: FutureWarning: `torch.cuda.amp.autocast(args...)` is deprecated. Please use `torch.amp.autocast('cuda', args...)` instead.
  with torch.cuda.amp.autocast():
/home/norak/R&I/kxs-/train.py:169: FutureWarning: `torch.cuda.amp.autocast(args...)` is deprecated. Please use `torch.amp.autocast('cuda', args...)` instead.
  with torch.cuda.amp.autocast():
    epoch  8  train_loss=0.0367  val_loss=0.0419  val_qwk=0.6803  val_acc=0.6011
/home/norak/R&I/kxs-/train.py:148: FutureWarning: `torch.cuda.amp.autocast(args...)` is deprecated. Please use `torch.amp.autocast('cuda', args...)` instead.
  with torch.cuda.amp.autocast():
/home/norak/R&I/kxs-/train.py:169: FutureWarning: `torch.cuda.amp.autocast(args...)` is deprecated. Please use `torch.amp.autocast('cuda', args...)` instead.
  with torch.cuda.amp.autocast():
    epoch  9  train_loss=0.0369  val_loss=0.0407  val_qwk=0.6766  val_acc=0.6124
/home/norak/R&I/kxs-/train.py:148: FutureWarning: `torch.cuda.amp.autocast(args...)` is deprecated. Please use `torch.amp.autocast('cuda', args...)` instead.
  with torch.cuda.amp.autocast():
/home/norak/R&I/kxs-/train.py:169: FutureWarning: `torch.cuda.amp.autocast(args...)` is deprecated. Please use `torch.amp.autocast('cuda', args...)` instead.
  with torch.cuda.amp.autocast():
    epoch 10  train_loss=0.0342  val_loss=0.0391  val_qwk=0.6877  val_acc=0.6292
/home/norak/R&I/kxs-/train.py:148: FutureWarning: `torch.cuda.amp.autocast(args...)` is deprecated. Please use `torch.amp.autocast('cuda', args...)` instead.
  with torch.cuda.amp.autocast():
/home/norak/R&I/kxs-/train.py:169: FutureWarning: `torch.cuda.amp.autocast(args...)` is deprecated. Please use `torch.amp.autocast('cuda', args...)` instead.
  with torch.cuda.amp.autocast():
    epoch 11  train_loss=0.0330  val_loss=0.0406  val_qwk=0.6538  val_acc=0.5955
/home/norak/R&I/kxs-/train.py:148: FutureWarning: `torch.cuda.amp.autocast(args...)` is deprecated. Please use `torch.amp.autocast('cuda', args...)` instead.
  with torch.cuda.amp.autocast():
/home/norak/R&I/kxs-/train.py:169: FutureWarning: `torch.cuda.amp.autocast(args...)` is deprecated. Please use `torch.amp.autocast('cuda', args...)` instead.
  with torch.cuda.amp.autocast():
    epoch 12  train_loss=0.0301  val_loss=0.0442  val_qwk=0.6815  val_acc=0.6180
/home/norak/R&I/kxs-/train.py:148: FutureWarning: `torch.cuda.amp.autocast(args...)` is deprecated. Please use `torch.amp.autocast('cuda', args...)` instead.
  with torch.cuda.amp.autocast():
/home/norak/R&I/kxs-/train.py:169: FutureWarning: `torch.cuda.amp.autocast(args...)` is deprecated. Please use `torch.amp.autocast('cuda', args...)` instead.
  with torch.cuda.amp.autocast():
    epoch 13  train_loss=0.0280  val_loss=0.0402  val_qwk=0.6714  val_acc=0.5899
/home/norak/R&I/kxs-/train.py:148: FutureWarning: `torch.cuda.amp.autocast(args...)` is deprecated. Please use `torch.amp.autocast('cuda', args...)` instead.
  with torch.cuda.amp.autocast():
/home/norak/R&I/kxs-/train.py:169: FutureWarning: `torch.cuda.amp.autocast(args...)` is deprecated. Please use `torch.amp.autocast('cuda', args...)` instead.
  with torch.cuda.amp.autocast():
    epoch 14  train_loss=0.0270  val_loss=0.0383  val_qwk=0.6790  val_acc=0.5787
    early-stop at epoch 14 (best epoch=10, best_qwk=0.6877)
/home/norak/R&I/kxs-/train.py:169: FutureWarning: `torch.cuda.amp.autocast(args...)` is deprecated. Please use `torch.amp.autocast('cuda', args...)` instead.
  with torch.cuda.amp.autocast():
/home/norak/R&I/kxs-/train.py:169: FutureWarning: `torch.cuda.amp.autocast(args...)` is deprecated. Please use `torch.amp.autocast('cuda', args...)` instead.
  with torch.cuda.amp.autocast():
/home/norak/R&I/kxs-/train.py:169: FutureWarning: `torch.cuda.amp.autocast(args...)` is deprecated. Please use `torch.amp.autocast('cuda', args...)` instead.
  with torch.cuda.amp.autocast():
  [raw_ra_cross_xlmr                  ] train_qwk=0.7832 -> test_qwk=0.7407  raw_w1=0.6854  epoch=10  (75.5s)
Loading weights:   0%|          | 0/136 [00:00<?, ?it/s]Loading weights:  90%|█████████ | 123/136 [00:00<00:00, 1217.40it/s]Loading weights: 100%|██████████| 136/136 [00:00<00:00, 1333.69it/s]
[transformers] [1mNewModel LOAD REPORT[0m from: Alibaba-NLP/gte-multilingual-base
Key               | Status     |  | 
------------------+------------+--+-
classifier.bias   | UNEXPECTED |  | 
classifier.weight | UNEXPECTED |  | 

Notes:
- UNEXPECTED:	can be ignored when loading from different task/architecture; not ok if you expect identical arch.
/home/norak/R&I/kxs-/train.py:206: FutureWarning: `torch.cuda.amp.GradScaler(args...)` is deprecated. Please use `torch.amp.GradScaler('cuda', args...)` instead.
  scaler = torch.cuda.amp.GradScaler() if use_amp and device == "cuda" else None
/home/norak/R&I/kxs-/train.py:148: FutureWarning: `torch.cuda.amp.autocast(args...)` is deprecated. Please use `torch.amp.autocast('cuda', args...)` instead.
  with torch.cuda.amp.autocast():
/home/norak/R&I/kxs-/train.py:169: FutureWarning: `torch.cuda.amp.autocast(args...)` is deprecated. Please use `torch.amp.autocast('cuda', args...)` instead.
  with torch.cuda.amp.autocast():
    epoch  1  train_loss=0.0668  val_loss=0.0538  val_qwk=0.4544  val_acc=0.3539
/home/norak/R&I/kxs-/train.py:148: FutureWarning: `torch.cuda.amp.autocast(args...)` is deprecated. Please use `torch.amp.autocast('cuda', args...)` instead.
  with torch.cuda.amp.autocast():
/home/norak/R&I/kxs-/train.py:169: FutureWarning: `torch.cuda.amp.autocast(args...)` is deprecated. Please use `torch.amp.autocast('cuda', args...)` instead.
  with torch.cuda.amp.autocast():
    epoch  2  train_loss=0.0512  val_loss=0.0519  val_qwk=0.5349  val_acc=0.4607
/home/norak/R&I/kxs-/train.py:148: FutureWarning: `torch.cuda.amp.autocast(args...)` is deprecated. Please use `torch.amp.autocast('cuda', args...)` instead.
  with torch.cuda.amp.autocast():
/home/norak/R&I/kxs-/train.py:169: FutureWarning: `torch.cuda.amp.autocast(args...)` is deprecated. Please use `torch.amp.autocast('cuda', args...)` instead.
  with torch.cuda.amp.autocast():
    epoch  3  train_loss=0.0447  val_loss=0.0472  val_qwk=0.5696  val_acc=0.5056
/home/norak/R&I/kxs-/train.py:148: FutureWarning: `torch.cuda.amp.autocast(args...)` is deprecated. Please use `torch.amp.autocast('cuda', args...)` instead.
  with torch.cuda.amp.autocast():
/home/norak/R&I/kxs-/train.py:169: FutureWarning: `torch.cuda.amp.autocast(args...)` is deprecated. Please use `torch.amp.autocast('cuda', args...)` instead.
  with torch.cuda.amp.autocast():
    epoch  4  train_loss=0.0377  val_loss=0.0443  val_qwk=0.6420  val_acc=0.5899
/home/norak/R&I/kxs-/train.py:148: FutureWarning: `torch.cuda.amp.autocast(args...)` is deprecated. Please use `torch.amp.autocast('cuda', args...)` instead.
  with torch.cuda.amp.autocast():
/home/norak/R&I/kxs-/train.py:169: FutureWarning: `torch.cuda.amp.autocast(args...)` is deprecated. Please use `torch.amp.autocast('cuda', args...)` instead.
  with torch.cuda.amp.autocast():
    epoch  5  train_loss=0.0351  val_loss=0.0472  val_qwk=0.6006  val_acc=0.5562
/home/norak/R&I/kxs-/train.py:148: FutureWarning: `torch.cuda.amp.autocast(args...)` is deprecated. Please use `torch.amp.autocast('cuda', args...)` instead.
  with torch.cuda.amp.autocast():
/home/norak/R&I/kxs-/train.py:169: FutureWarning: `torch.cuda.amp.autocast(args...)` is deprecated. Please use `torch.amp.autocast('cuda', args...)` instead.
  with torch.cuda.amp.autocast():
    epoch  6  train_loss=0.0326  val_loss=0.0412  val_qwk=0.6725  val_acc=0.5506
/home/norak/R&I/kxs-/train.py:148: FutureWarning: `torch.cuda.amp.autocast(args...)` is deprecated. Please use `torch.amp.autocast('cuda', args...)` instead.
  with torch.cuda.amp.autocast():
/home/norak/R&I/kxs-/train.py:169: FutureWarning: `torch.cuda.amp.autocast(args...)` is deprecated. Please use `torch.amp.autocast('cuda', args...)` instead.
  with torch.cuda.amp.autocast():
    epoch  7  train_loss=0.0292  val_loss=0.0426  val_qwk=0.6321  val_acc=0.5955
/home/norak/R&I/kxs-/train.py:148: FutureWarning: `torch.cuda.amp.autocast(args...)` is deprecated. Please use `torch.amp.autocast('cuda', args...)` instead.
  with torch.cuda.amp.autocast():
/home/norak/R&I/kxs-/train.py:169: FutureWarning: `torch.cuda.amp.autocast(args...)` is deprecated. Please use `torch.amp.autocast('cuda', args...)` instead.
  with torch.cuda.amp.autocast():
    epoch  8  train_loss=0.0270  val_loss=0.0399  val_qwk=0.6895  val_acc=0.6348
/home/norak/R&I/kxs-/train.py:148: FutureWarning: `torch.cuda.amp.autocast(args...)` is deprecated. Please use `torch.amp.autocast('cuda', args...)` instead.
  with torch.cuda.amp.autocast():
/home/norak/R&I/kxs-/train.py:169: FutureWarning: `torch.cuda.amp.autocast(args...)` is deprecated. Please use `torch.amp.autocast('cuda', args...)` instead.
  with torch.cuda.amp.autocast():
    epoch  9  train_loss=0.0255  val_loss=0.0421  val_qwk=0.6375  val_acc=0.5674
/home/norak/R&I/kxs-/train.py:148: FutureWarning: `torch.cuda.amp.autocast(args...)` is deprecated. Please use `torch.amp.autocast('cuda', args...)` instead.
  with torch.cuda.amp.autocast():
/home/norak/R&I/kxs-/train.py:169: FutureWarning: `torch.cuda.amp.autocast(args...)` is deprecated. Please use `torch.amp.autocast('cuda', args...)` instead.
  with torch.cuda.amp.autocast():
    epoch 10  train_loss=0.0250  val_loss=0.0348  val_qwk=0.6978  val_acc=0.6124
/home/norak/R&I/kxs-/train.py:148: FutureWarning: `torch.cuda.amp.autocast(args...)` is deprecated. Please use `torch.amp.autocast('cuda', args...)` instead.
  with torch.cuda.amp.autocast():
/home/norak/R&I/kxs-/train.py:169: FutureWarning: `torch.cuda.amp.autocast(args...)` is deprecated. Please use `torch.amp.autocast('cuda', args...)` instead.
  with torch.cuda.amp.autocast():
    epoch 11  train_loss=0.0227  val_loss=0.0401  val_qwk=0.6298  val_acc=0.5618
/home/norak/R&I/kxs-/train.py:148: FutureWarning: `torch.cuda.amp.autocast(args...)` is deprecated. Please use `torch.amp.autocast('cuda', args...)` instead.
  with torch.cuda.amp.autocast():
/home/norak/R&I/kxs-/train.py:169: FutureWarning: `torch.cuda.amp.autocast(args...)` is deprecated. Please use `torch.amp.autocast('cuda', args...)` instead.
  with torch.cuda.amp.autocast():
    epoch 12  train_loss=0.0220  val_loss=0.0386  val_qwk=0.6991  val_acc=0.6292
/home/norak/R&I/kxs-/train.py:148: FutureWarning: `torch.cuda.amp.autocast(args...)` is deprecated. Please use `torch.amp.autocast('cuda', args...)` instead.
  with torch.cuda.amp.autocast():
/home/norak/R&I/kxs-/train.py:169: FutureWarning: `torch.cuda.amp.autocast(args...)` is deprecated. Please use `torch.amp.autocast('cuda', args...)` instead.
  with torch.cuda.amp.autocast():
    epoch 13  train_loss=0.0209  val_loss=0.0372  val_qwk=0.6826  val_acc=0.6124
/home/norak/R&I/kxs-/train.py:148: FutureWarning: `torch.cuda.amp.autocast(args...)` is deprecated. Please use `torch.amp.autocast('cuda', args...)` instead.
  with torch.cuda.amp.autocast():
/home/norak/R&I/kxs-/train.py:169: FutureWarning: `torch.cuda.amp.autocast(args...)` is deprecated. Please use `torch.amp.autocast('cuda', args...)` instead.
  with torch.cuda.amp.autocast():
    epoch 14  train_loss=0.0201  val_loss=0.0393  val_qwk=0.6527  val_acc=0.6067
/home/norak/R&I/kxs-/train.py:148: FutureWarning: `torch.cuda.amp.autocast(args...)` is deprecated. Please use `torch.amp.autocast('cuda', args...)` instead.
  with torch.cuda.amp.autocast():
/home/norak/R&I/kxs-/train.py:169: FutureWarning: `torch.cuda.amp.autocast(args...)` is deprecated. Please use `torch.amp.autocast('cuda', args...)` instead.
  with torch.cuda.amp.autocast():
    epoch 15  train_loss=0.0189  val_loss=0.0384  val_qwk=0.6718  val_acc=0.6292
/home/norak/R&I/kxs-/train.py:148: FutureWarning: `torch.cuda.amp.autocast(args...)` is deprecated. Please use `torch.amp.autocast('cuda', args...)` instead.
  with torch.cuda.amp.autocast():
/home/norak/R&I/kxs-/train.py:169: FutureWarning: `torch.cuda.amp.autocast(args...)` is deprecated. Please use `torch.amp.autocast('cuda', args...)` instead.
  with torch.cuda.amp.autocast():
    epoch 16  train_loss=0.0182  val_loss=0.0347  val_qwk=0.7215  val_acc=0.6517
/home/norak/R&I/kxs-/train.py:148: FutureWarning: `torch.cuda.amp.autocast(args...)` is deprecated. Please use `torch.amp.autocast('cuda', args...)` instead.
  with torch.cuda.amp.autocast():
/home/norak/R&I/kxs-/train.py:169: FutureWarning: `torch.cuda.amp.autocast(args...)` is deprecated. Please use `torch.amp.autocast('cuda', args...)` instead.
  with torch.cuda.amp.autocast():
    epoch 17  train_loss=0.0172  val_loss=0.0340  val_qwk=0.7277  val_acc=0.6404
/home/norak/R&I/kxs-/train.py:148: FutureWarning: `torch.cuda.amp.autocast(args...)` is deprecated. Please use `torch.amp.autocast('cuda', args...)` instead.
  with torch.cuda.amp.autocast():
/home/norak/R&I/kxs-/train.py:169: FutureWarning: `torch.cuda.amp.autocast(args...)` is deprecated. Please use `torch.amp.autocast('cuda', args...)` instead.
  with torch.cuda.amp.autocast():
    epoch 18  train_loss=0.0174  val_loss=0.0360  val_qwk=0.7054  val_acc=0.6011
/home/norak/R&I/kxs-/train.py:148: FutureWarning: `torch.cuda.amp.autocast(args...)` is deprecated. Please use `torch.amp.autocast('cuda', args...)` instead.
  with torch.cuda.amp.autocast():
/home/norak/R&I/kxs-/train.py:169: FutureWarning: `torch.cuda.amp.autocast(args...)` is deprecated. Please use `torch.amp.autocast('cuda', args...)` instead.
  with torch.cuda.amp.autocast():
    epoch 19  train_loss=0.0176  val_loss=0.0324  val_qwk=0.7330  val_acc=0.6124
/home/norak/R&I/kxs-/train.py:148: FutureWarning: `torch.cuda.amp.autocast(args...)` is deprecated. Please use `torch.amp.autocast('cuda', args...)` instead.
  with torch.cuda.amp.autocast():
/home/norak/R&I/kxs-/train.py:169: FutureWarning: `torch.cuda.amp.autocast(args...)` is deprecated. Please use `torch.amp.autocast('cuda', args...)` instead.
  with torch.cuda.amp.autocast():
    epoch 20  train_loss=0.0167  val_loss=0.0320  val_qwk=0.7311  val_acc=0.6573
/home/norak/R&I/kxs-/train.py:169: FutureWarning: `torch.cuda.amp.autocast(args...)` is deprecated. Please use `torch.amp.autocast('cuda', args...)` instead.
  with torch.cuda.amp.autocast():
/home/norak/R&I/kxs-/train.py:169: FutureWarning: `torch.cuda.amp.autocast(args...)` is deprecated. Please use `torch.amp.autocast('cuda', args...)` instead.
  with torch.cuda.amp.autocast():
/home/norak/R&I/kxs-/train.py:169: FutureWarning: `torch.cuda.amp.autocast(args...)` is deprecated. Please use `torch.amp.autocast('cuda', args...)` instead.
  with torch.cuda.amp.autocast():
  [raw_ra_cross_gte                   ] train_qwk=0.8587 -> test_qwk=0.7512  raw_w1=0.7247  epoch=19  (118.8s)
Loading weights:   0%|          | 0/199 [00:00<?, ?it/s]Loading weights: 100%|██████████| 199/199 [00:00<00:00, 2951.87it/s]
[transformers] [1mBertModel LOAD REPORT[0m from: bert-base-multilingual-cased
Key                                        | Status     |  | 
-------------------------------------------+------------+--+-
cls.predictions.transform.dense.weight     | UNEXPECTED |  | 
cls.seq_relationship.weight                | UNEXPECTED |  | 
cls.seq_relationship.bias                  | UNEXPECTED |  | 
cls.predictions.transform.LayerNorm.bias   | UNEXPECTED |  | 
cls.predictions.bias                       | UNEXPECTED |  | 
cls.predictions.transform.dense.bias       | UNEXPECTED |  | 
cls.predictions.transform.LayerNorm.weight | UNEXPECTED |  | 

Notes:
- UNEXPECTED:	can be ignored when loading from different task/architecture; not ok if you expect identical arch.
/home/norak/R&I/kxs-/train.py:206: FutureWarning: `torch.cuda.amp.GradScaler(args...)` is deprecated. Please use `torch.amp.GradScaler('cuda', args...)` instead.
  scaler = torch.cuda.amp.GradScaler() if use_amp and device == "cuda" else None
/home/norak/R&I/kxs-/train.py:148: FutureWarning: `torch.cuda.amp.autocast(args...)` is deprecated. Please use `torch.amp.autocast('cuda', args...)` instead.
  with torch.cuda.amp.autocast():
/home/norak/R&I/kxs-/train.py:169: FutureWarning: `torch.cuda.amp.autocast(args...)` is deprecated. Please use `torch.amp.autocast('cuda', args...)` instead.
  with torch.cuda.amp.autocast():
    epoch  1  train_loss=0.0727  val_loss=0.0656  val_qwk=0.2383  val_acc=0.2191
/home/norak/R&I/kxs-/train.py:148: FutureWarning: `torch.cuda.amp.autocast(args...)` is deprecated. Please use `torch.amp.autocast('cuda', args...)` instead.
  with torch.cuda.amp.autocast():
/home/norak/R&I/kxs-/train.py:169: FutureWarning: `torch.cuda.amp.autocast(args...)` is deprecated. Please use `torch.amp.autocast('cuda', args...)` instead.
  with torch.cuda.amp.autocast():
    epoch  2  train_loss=0.0561  val_loss=0.0493  val_qwk=0.5030  val_acc=0.3652
/home/norak/R&I/kxs-/train.py:148: FutureWarning: `torch.cuda.amp.autocast(args...)` is deprecated. Please use `torch.amp.autocast('cuda', args...)` instead.
  with torch.cuda.amp.autocast():
/home/norak/R&I/kxs-/train.py:169: FutureWarning: `torch.cuda.amp.autocast(args...)` is deprecated. Please use `torch.amp.autocast('cuda', args...)` instead.
  with torch.cuda.amp.autocast():
    epoch  3  train_loss=0.0474  val_loss=0.0507  val_qwk=0.5444  val_acc=0.4382
/home/norak/R&I/kxs-/train.py:148: FutureWarning: `torch.cuda.amp.autocast(args...)` is deprecated. Please use `torch.amp.autocast('cuda', args...)` instead.
  with torch.cuda.amp.autocast():
/home/norak/R&I/kxs-/train.py:169: FutureWarning: `torch.cuda.amp.autocast(args...)` is deprecated. Please use `torch.amp.autocast('cuda', args...)` instead.
  with torch.cuda.amp.autocast():
    epoch  4  train_loss=0.0432  val_loss=0.0514  val_qwk=0.5095  val_acc=0.3820
/home/norak/R&I/kxs-/train.py:148: FutureWarning: `torch.cuda.amp.autocast(args...)` is deprecated. Please use `torch.amp.autocast('cuda', args...)` instead.
  with torch.cuda.amp.autocast():
/home/norak/R&I/kxs-/train.py:169: FutureWarning: `torch.cuda.amp.autocast(args...)` is deprecated. Please use `torch.amp.autocast('cuda', args...)` instead.
  with torch.cuda.amp.autocast():
    epoch  5  train_loss=0.0420  val_loss=0.0434  val_qwk=0.6180  val_acc=0.4775
/home/norak/R&I/kxs-/train.py:148: FutureWarning: `torch.cuda.amp.autocast(args...)` is deprecated. Please use `torch.amp.autocast('cuda', args...)` instead.
  with torch.cuda.amp.autocast():
/home/norak/R&I/kxs-/train.py:169: FutureWarning: `torch.cuda.amp.autocast(args...)` is deprecated. Please use `torch.amp.autocast('cuda', args...)` instead.
  with torch.cuda.amp.autocast():
    epoch  6  train_loss=0.0441  val_loss=0.0453  val_qwk=0.5905  val_acc=0.4719
/home/norak/R&I/kxs-/train.py:148: FutureWarning: `torch.cuda.amp.autocast(args...)` is deprecated. Please use `torch.amp.autocast('cuda', args...)` instead.
  with torch.cuda.amp.autocast():
/home/norak/R&I/kxs-/train.py:169: FutureWarning: `torch.cuda.amp.autocast(args...)` is deprecated. Please use `torch.amp.autocast('cuda', args...)` instead.
  with torch.cuda.amp.autocast():
    epoch  7  train_loss=0.0386  val_loss=0.0453  val_qwk=0.6137  val_acc=0.4888
/home/norak/R&I/kxs-/train.py:148: FutureWarning: `torch.cuda.amp.autocast(args...)` is deprecated. Please use `torch.amp.autocast('cuda', args...)` instead.
  with torch.cuda.amp.autocast():
/home/norak/R&I/kxs-/train.py:169: FutureWarning: `torch.cuda.amp.autocast(args...)` is deprecated. Please use `torch.amp.autocast('cuda', args...)` instead.
  with torch.cuda.amp.autocast():
    epoch  8  train_loss=0.0382  val_loss=0.0428  val_qwk=0.6084  val_acc=0.4888
/home/norak/R&I/kxs-/train.py:148: FutureWarning: `torch.cuda.amp.autocast(args...)` is deprecated. Please use `torch.amp.autocast('cuda', args...)` instead.
  with torch.cuda.amp.autocast():
/home/norak/R&I/kxs-/train.py:169: FutureWarning: `torch.cuda.amp.autocast(args...)` is deprecated. Please use `torch.amp.autocast('cuda', args...)` instead.
  with torch.cuda.amp.autocast():
    epoch  9  train_loss=0.0365  val_loss=0.0471  val_qwk=0.6023  val_acc=0.4831
    early-stop at epoch 9 (best epoch=5, best_qwk=0.6180)
/home/norak/R&I/kxs-/train.py:169: FutureWarning: `torch.cuda.amp.autocast(args...)` is deprecated. Please use `torch.amp.autocast('cuda', args...)` instead.
  with torch.cuda.amp.autocast():
/home/norak/R&I/kxs-/train.py:169: FutureWarning: `torch.cuda.amp.autocast(args...)` is deprecated. Please use `torch.amp.autocast('cuda', args...)` instead.
  with torch.cuda.amp.autocast():
/home/norak/R&I/kxs-/train.py:169: FutureWarning: `torch.cuda.amp.autocast(args...)` is deprecated. Please use `torch.amp.autocast('cuda', args...)` instead.
  with torch.cuda.amp.autocast():
  [raw_qar_dual_mbert                 ] train_qwk=0.6675 -> test_qwk=0.6688  raw_w1=0.6461  epoch=5  (69.5s)
Loading weights:   0%|          | 0/199 [00:00<?, ?it/s]Loading weights: 100%|██████████| 199/199 [00:00<00:00, 3056.17it/s]
[transformers] [1mXLMRobertaModel LOAD REPORT[0m from: xlm-roberta-base
Key                       | Status     |  | 
--------------------------+------------+--+-
lm_head.dense.weight      | UNEXPECTED |  | 
lm_head.layer_norm.weight | UNEXPECTED |  | 
lm_head.dense.bias        | UNEXPECTED |  | 
lm_head.layer_norm.bias   | UNEXPECTED |  | 
lm_head.bias              | UNEXPECTED |  | 

Notes:
- UNEXPECTED:	can be ignored when loading from different task/architecture; not ok if you expect identical arch.
/home/norak/R&I/kxs-/train.py:206: FutureWarning: `torch.cuda.amp.GradScaler(args...)` is deprecated. Please use `torch.amp.GradScaler('cuda', args...)` instead.
  scaler = torch.cuda.amp.GradScaler() if use_amp and device == "cuda" else None
/home/norak/R&I/kxs-/train.py:148: FutureWarning: `torch.cuda.amp.autocast(args...)` is deprecated. Please use `torch.amp.autocast('cuda', args...)` instead.
  with torch.cuda.amp.autocast():
/home/norak/R&I/kxs-/train.py:169: FutureWarning: `torch.cuda.amp.autocast(args...)` is deprecated. Please use `torch.amp.autocast('cuda', args...)` instead.
  with torch.cuda.amp.autocast():
    epoch  1  train_loss=0.0923  val_loss=0.0637  val_qwk=0.0734  val_acc=0.1629
/home/norak/R&I/kxs-/train.py:148: FutureWarning: `torch.cuda.amp.autocast(args...)` is deprecated. Please use `torch.amp.autocast('cuda', args...)` instead.
  with torch.cuda.amp.autocast():
/home/norak/R&I/kxs-/train.py:169: FutureWarning: `torch.cuda.amp.autocast(args...)` is deprecated. Please use `torch.amp.autocast('cuda', args...)` instead.
  with torch.cuda.amp.autocast():
    epoch  2  train_loss=0.0611  val_loss=0.0590  val_qwk=0.4579  val_acc=0.4494
/home/norak/R&I/kxs-/train.py:148: FutureWarning: `torch.cuda.amp.autocast(args...)` is deprecated. Please use `torch.amp.autocast('cuda', args...)` instead.
  with torch.cuda.amp.autocast():
/home/norak/R&I/kxs-/train.py:169: FutureWarning: `torch.cuda.amp.autocast(args...)` is deprecated. Please use `torch.amp.autocast('cuda', args...)` instead.
  with torch.cuda.amp.autocast():
    epoch  3  train_loss=0.0556  val_loss=0.0532  val_qwk=0.4754  val_acc=0.4213
/home/norak/R&I/kxs-/train.py:148: FutureWarning: `torch.cuda.amp.autocast(args...)` is deprecated. Please use `torch.amp.autocast('cuda', args...)` instead.
  with torch.cuda.amp.autocast():
/home/norak/R&I/kxs-/train.py:169: FutureWarning: `torch.cuda.amp.autocast(args...)` is deprecated. Please use `torch.amp.autocast('cuda', args...)` instead.
  with torch.cuda.amp.autocast():
    epoch  4  train_loss=0.0509  val_loss=0.0513  val_qwk=0.5224  val_acc=0.4157
/home/norak/R&I/kxs-/train.py:148: FutureWarning: `torch.cuda.amp.autocast(args...)` is deprecated. Please use `torch.amp.autocast('cuda', args...)` instead.
  with torch.cuda.amp.autocast():
/home/norak/R&I/kxs-/train.py:169: FutureWarning: `torch.cuda.amp.autocast(args...)` is deprecated. Please use `torch.amp.autocast('cuda', args...)` instead.
  with torch.cuda.amp.autocast():
    epoch  5  train_loss=0.0511  val_loss=0.0500  val_qwk=0.5385  val_acc=0.4326
/home/norak/R&I/kxs-/train.py:148: FutureWarning: `torch.cuda.amp.autocast(args...)` is deprecated. Please use `torch.amp.autocast('cuda', args...)` instead.
  with torch.cuda.amp.autocast():
/home/norak/R&I/kxs-/train.py:169: FutureWarning: `torch.cuda.amp.autocast(args...)` is deprecated. Please use `torch.amp.autocast('cuda', args...)` instead.
  with torch.cuda.amp.autocast():
    epoch  6  train_loss=0.0507  val_loss=0.0497  val_qwk=0.5323  val_acc=0.4775
/home/norak/R&I/kxs-/train.py:148: FutureWarning: `torch.cuda.amp.autocast(args...)` is deprecated. Please use `torch.amp.autocast('cuda', args...)` instead.
  with torch.cuda.amp.autocast():
/home/norak/R&I/kxs-/train.py:169: FutureWarning: `torch.cuda.amp.autocast(args...)` is deprecated. Please use `torch.amp.autocast('cuda', args...)` instead.
  with torch.cuda.amp.autocast():
    epoch  7  train_loss=0.0427  val_loss=0.0405  val_qwk=0.6528  val_acc=0.5112
/home/norak/R&I/kxs-/train.py:148: FutureWarning: `torch.cuda.amp.autocast(args...)` is deprecated. Please use `torch.amp.autocast('cuda', args...)` instead.
  with torch.cuda.amp.autocast():
/home/norak/R&I/kxs-/train.py:169: FutureWarning: `torch.cuda.amp.autocast(args...)` is deprecated. Please use `torch.amp.autocast('cuda', args...)` instead.
  with torch.cuda.amp.autocast():
    epoch  8  train_loss=0.0354  val_loss=0.0378  val_qwk=0.6652  val_acc=0.5169
/home/norak/R&I/kxs-/train.py:148: FutureWarning: `torch.cuda.amp.autocast(args...)` is deprecated. Please use `torch.amp.autocast('cuda', args...)` instead.
  with torch.cuda.amp.autocast():
/home/norak/R&I/kxs-/train.py:169: FutureWarning: `torch.cuda.amp.autocast(args...)` is deprecated. Please use `torch.amp.autocast('cuda', args...)` instead.
  with torch.cuda.amp.autocast():
    epoch  9  train_loss=0.0383  val_loss=0.0409  val_qwk=0.6267  val_acc=0.5169
/home/norak/R&I/kxs-/train.py:148: FutureWarning: `torch.cuda.amp.autocast(args...)` is deprecated. Please use `torch.amp.autocast('cuda', args...)` instead.
  with torch.cuda.amp.autocast():
/home/norak/R&I/kxs-/train.py:169: FutureWarning: `torch.cuda.amp.autocast(args...)` is deprecated. Please use `torch.amp.autocast('cuda', args...)` instead.
  with torch.cuda.amp.autocast():
    epoch 10  train_loss=0.0341  val_loss=0.0387  val_qwk=0.6440  val_acc=0.5056
/home/norak/R&I/kxs-/train.py:148: FutureWarning: `torch.cuda.amp.autocast(args...)` is deprecated. Please use `torch.amp.autocast('cuda', args...)` instead.
  with torch.cuda.amp.autocast():
/home/norak/R&I/kxs-/train.py:169: FutureWarning: `torch.cuda.amp.autocast(args...)` is deprecated. Please use `torch.amp.autocast('cuda', args...)` instead.
  with torch.cuda.amp.autocast():
    epoch 11  train_loss=0.0319  val_loss=0.0357  val_qwk=0.6845  val_acc=0.6180
/home/norak/R&I/kxs-/train.py:148: FutureWarning: `torch.cuda.amp.autocast(args...)` is deprecated. Please use `torch.amp.autocast('cuda', args...)` instead.
  with torch.cuda.amp.autocast():
/home/norak/R&I/kxs-/train.py:169: FutureWarning: `torch.cuda.amp.autocast(args...)` is deprecated. Please use `torch.amp.autocast('cuda', args...)` instead.
  with torch.cuda.amp.autocast():
    epoch 12  train_loss=0.0284  val_loss=0.0390  val_qwk=0.6688  val_acc=0.5730
/home/norak/R&I/kxs-/train.py:148: FutureWarning: `torch.cuda.amp.autocast(args...)` is deprecated. Please use `torch.amp.autocast('cuda', args...)` instead.
  with torch.cuda.amp.autocast():
/home/norak/R&I/kxs-/train.py:169: FutureWarning: `torch.cuda.amp.autocast(args...)` is deprecated. Please use `torch.amp.autocast('cuda', args...)` instead.
  with torch.cuda.amp.autocast():
    epoch 13  train_loss=0.0303  val_loss=0.0382  val_qwk=0.6521  val_acc=0.5618
/home/norak/R&I/kxs-/train.py:148: FutureWarning: `torch.cuda.amp.autocast(args...)` is deprecated. Please use `torch.amp.autocast('cuda', args...)` instead.
  with torch.cuda.amp.autocast():
/home/norak/R&I/kxs-/train.py:169: FutureWarning: `torch.cuda.amp.autocast(args...)` is deprecated. Please use `torch.amp.autocast('cuda', args...)` instead.
  with torch.cuda.amp.autocast():
    epoch 14  train_loss=0.0300  val_loss=0.0367  val_qwk=0.7238  val_acc=0.6180
/home/norak/R&I/kxs-/train.py:148: FutureWarning: `torch.cuda.amp.autocast(args...)` is deprecated. Please use `torch.amp.autocast('cuda', args...)` instead.
  with torch.cuda.amp.autocast():
/home/norak/R&I/kxs-/train.py:169: FutureWarning: `torch.cuda.amp.autocast(args...)` is deprecated. Please use `torch.amp.autocast('cuda', args...)` instead.
  with torch.cuda.amp.autocast():
    epoch 15  train_loss=0.0271  val_loss=0.0344  val_qwk=0.7286  val_acc=0.6292
/home/norak/R&I/kxs-/train.py:148: FutureWarning: `torch.cuda.amp.autocast(args...)` is deprecated. Please use `torch.amp.autocast('cuda', args...)` instead.
  with torch.cuda.amp.autocast():
/home/norak/R&I/kxs-/train.py:169: FutureWarning: `torch.cuda.amp.autocast(args...)` is deprecated. Please use `torch.amp.autocast('cuda', args...)` instead.
  with torch.cuda.amp.autocast():
    epoch 16  train_loss=0.0251  val_loss=0.0376  val_qwk=0.6619  val_acc=0.5562
/home/norak/R&I/kxs-/train.py:148: FutureWarning: `torch.cuda.amp.autocast(args...)` is deprecated. Please use `torch.amp.autocast('cuda', args...)` instead.
  with torch.cuda.amp.autocast():
/home/norak/R&I/kxs-/train.py:169: FutureWarning: `torch.cuda.amp.autocast(args...)` is deprecated. Please use `torch.amp.autocast('cuda', args...)` instead.
  with torch.cuda.amp.autocast():
    epoch 17  train_loss=0.0240  val_loss=0.0366  val_qwk=0.6993  val_acc=0.6067
/home/norak/R&I/kxs-/train.py:148: FutureWarning: `torch.cuda.amp.autocast(args...)` is deprecated. Please use `torch.amp.autocast('cuda', args...)` instead.
  with torch.cuda.amp.autocast():
/home/norak/R&I/kxs-/train.py:169: FutureWarning: `torch.cuda.amp.autocast(args...)` is deprecated. Please use `torch.amp.autocast('cuda', args...)` instead.
  with torch.cuda.amp.autocast():
    epoch 18  train_loss=0.0223  val_loss=0.0353  val_qwk=0.7359  val_acc=0.6236
/home/norak/R&I/kxs-/train.py:148: FutureWarning: `torch.cuda.amp.autocast(args...)` is deprecated. Please use `torch.amp.autocast('cuda', args...)` instead.
  with torch.cuda.amp.autocast():
/home/norak/R&I/kxs-/train.py:169: FutureWarning: `torch.cuda.amp.autocast(args...)` is deprecated. Please use `torch.amp.autocast('cuda', args...)` instead.
  with torch.cuda.amp.autocast():
    epoch 19  train_loss=0.0228  val_loss=0.0320  val_qwk=0.7503  val_acc=0.6685
/home/norak/R&I/kxs-/train.py:148: FutureWarning: `torch.cuda.amp.autocast(args...)` is deprecated. Please use `torch.amp.autocast('cuda', args...)` instead.
  with torch.cuda.amp.autocast():
/home/norak/R&I/kxs-/train.py:169: FutureWarning: `torch.cuda.amp.autocast(args...)` is deprecated. Please use `torch.amp.autocast('cuda', args...)` instead.
  with torch.cuda.amp.autocast():
    epoch 20  train_loss=0.0227  val_loss=0.0329  val_qwk=0.7197  val_acc=0.6236
/home/norak/R&I/kxs-/train.py:169: FutureWarning: `torch.cuda.amp.autocast(args...)` is deprecated. Please use `torch.amp.autocast('cuda', args...)` instead.
  with torch.cuda.amp.autocast():
/home/norak/R&I/kxs-/train.py:169: FutureWarning: `torch.cuda.amp.autocast(args...)` is deprecated. Please use `torch.amp.autocast('cuda', args...)` instead.
  with torch.cuda.amp.autocast():
/home/norak/R&I/kxs-/train.py:169: FutureWarning: `torch.cuda.amp.autocast(args...)` is deprecated. Please use `torch.amp.autocast('cuda', args...)` instead.
  with torch.cuda.amp.autocast():
  [raw_qar_dual_xlmr                  ] train_qwk=0.8453 -> test_qwk=0.7654  raw_w1=0.6966  epoch=19  (153.2s)
Loading weights:   0%|          | 0/136 [00:00<?, ?it/s]Loading weights:  74%|███████▍  | 101/136 [00:00<00:00, 1007.63it/s]Loading weights: 100%|██████████| 136/136 [00:00<00:00, 1184.87it/s]
[transformers] [1mNewModel LOAD REPORT[0m from: Alibaba-NLP/gte-multilingual-base
Key               | Status     |  | 
------------------+------------+--+-
classifier.bias   | UNEXPECTED |  | 
classifier.weight | UNEXPECTED |  | 

Notes:
- UNEXPECTED:	can be ignored when loading from different task/architecture; not ok if you expect identical arch.
/home/norak/R&I/kxs-/train.py:206: FutureWarning: `torch.cuda.amp.GradScaler(args...)` is deprecated. Please use `torch.amp.GradScaler('cuda', args...)` instead.
  scaler = torch.cuda.amp.GradScaler() if use_amp and device == "cuda" else None
/home/norak/R&I/kxs-/train.py:148: FutureWarning: `torch.cuda.amp.autocast(args...)` is deprecated. Please use `torch.amp.autocast('cuda', args...)` instead.
  with torch.cuda.amp.autocast():
/home/norak/R&I/kxs-/train.py:169: FutureWarning: `torch.cuda.amp.autocast(args...)` is deprecated. Please use `torch.amp.autocast('cuda', args...)` instead.
  with torch.cuda.amp.autocast():
    epoch  1  train_loss=0.0701  val_loss=0.0526  val_qwk=0.4982  val_acc=0.3933
/home/norak/R&I/kxs-/train.py:148: FutureWarning: `torch.cuda.amp.autocast(args...)` is deprecated. Please use `torch.amp.autocast('cuda', args...)` instead.
  with torch.cuda.amp.autocast():
/home/norak/R&I/kxs-/train.py:169: FutureWarning: `torch.cuda.amp.autocast(args...)` is deprecated. Please use `torch.amp.autocast('cuda', args...)` instead.
  with torch.cuda.amp.autocast():
    epoch  2  train_loss=0.0468  val_loss=0.0425  val_qwk=0.6307  val_acc=0.5562
/home/norak/R&I/kxs-/train.py:148: FutureWarning: `torch.cuda.amp.autocast(args...)` is deprecated. Please use `torch.amp.autocast('cuda', args...)` instead.
  with torch.cuda.amp.autocast():
/home/norak/R&I/kxs-/train.py:169: FutureWarning: `torch.cuda.amp.autocast(args...)` is deprecated. Please use `torch.amp.autocast('cuda', args...)` instead.
  with torch.cuda.amp.autocast():
    epoch  3  train_loss=0.0353  val_loss=0.0417  val_qwk=0.6189  val_acc=0.4719
/home/norak/R&I/kxs-/train.py:148: FutureWarning: `torch.cuda.amp.autocast(args...)` is deprecated. Please use `torch.amp.autocast('cuda', args...)` instead.
  with torch.cuda.amp.autocast():
/home/norak/R&I/kxs-/train.py:169: FutureWarning: `torch.cuda.amp.autocast(args...)` is deprecated. Please use `torch.amp.autocast('cuda', args...)` instead.
  with torch.cuda.amp.autocast():
    epoch  4  train_loss=0.0325  val_loss=0.0386  val_qwk=0.6645  val_acc=0.5393
/home/norak/R&I/kxs-/train.py:148: FutureWarning: `torch.cuda.amp.autocast(args...)` is deprecated. Please use `torch.amp.autocast('cuda', args...)` instead.
  with torch.cuda.amp.autocast():
/home/norak/R&I/kxs-/train.py:169: FutureWarning: `torch.cuda.amp.autocast(args...)` is deprecated. Please use `torch.amp.autocast('cuda', args...)` instead.
  with torch.cuda.amp.autocast():
    epoch  5  train_loss=0.0300  val_loss=0.0358  val_qwk=0.6595  val_acc=0.5562
/home/norak/R&I/kxs-/train.py:148: FutureWarning: `torch.cuda.amp.autocast(args...)` is deprecated. Please use `torch.amp.autocast('cuda', args...)` instead.
  with torch.cuda.amp.autocast():
/home/norak/R&I/kxs-/train.py:169: FutureWarning: `torch.cuda.amp.autocast(args...)` is deprecated. Please use `torch.amp.autocast('cuda', args...)` instead.
  with torch.cuda.amp.autocast():
    epoch  6  train_loss=0.0266  val_loss=0.0348  val_qwk=0.7032  val_acc=0.6236
/home/norak/R&I/kxs-/train.py:148: FutureWarning: `torch.cuda.amp.autocast(args...)` is deprecated. Please use `torch.amp.autocast('cuda', args...)` instead.
  with torch.cuda.amp.autocast():
/home/norak/R&I/kxs-/train.py:169: FutureWarning: `torch.cuda.amp.autocast(args...)` is deprecated. Please use `torch.amp.autocast('cuda', args...)` instead.
  with torch.cuda.amp.autocast():
    epoch  7  train_loss=0.0255  val_loss=0.0335  val_qwk=0.7465  val_acc=0.5955
/home/norak/R&I/kxs-/train.py:148: FutureWarning: `torch.cuda.amp.autocast(args...)` is deprecated. Please use `torch.amp.autocast('cuda', args...)` instead.
  with torch.cuda.amp.autocast():
/home/norak/R&I/kxs-/train.py:169: FutureWarning: `torch.cuda.amp.autocast(args...)` is deprecated. Please use `torch.amp.autocast('cuda', args...)` instead.
  with torch.cuda.amp.autocast():
    epoch  8  train_loss=0.0230  val_loss=0.0320  val_qwk=0.7365  val_acc=0.5955
/home/norak/R&I/kxs-/train.py:148: FutureWarning: `torch.cuda.amp.autocast(args...)` is deprecated. Please use `torch.amp.autocast('cuda', args...)` instead.
  with torch.cuda.amp.autocast():
/home/norak/R&I/kxs-/train.py:169: FutureWarning: `torch.cuda.amp.autocast(args...)` is deprecated. Please use `torch.amp.autocast('cuda', args...)` instead.
  with torch.cuda.amp.autocast():
    epoch  9  train_loss=0.0222  val_loss=0.0306  val_qwk=0.7288  val_acc=0.5955
/home/norak/R&I/kxs-/train.py:148: FutureWarning: `torch.cuda.amp.autocast(args...)` is deprecated. Please use `torch.amp.autocast('cuda', args...)` instead.
  with torch.cuda.amp.autocast():
/home/norak/R&I/kxs-/train.py:169: FutureWarning: `torch.cuda.amp.autocast(args...)` is deprecated. Please use `torch.amp.autocast('cuda', args...)` instead.
  with torch.cuda.amp.autocast():
    epoch 10  train_loss=0.0201  val_loss=0.0310  val_qwk=0.7161  val_acc=0.5843
/home/norak/R&I/kxs-/train.py:148: FutureWarning: `torch.cuda.amp.autocast(args...)` is deprecated. Please use `torch.amp.autocast('cuda', args...)` instead.
  with torch.cuda.amp.autocast():
/home/norak/R&I/kxs-/train.py:169: FutureWarning: `torch.cuda.amp.autocast(args...)` is deprecated. Please use `torch.amp.autocast('cuda', args...)` instead.
  with torch.cuda.amp.autocast():
    epoch 11  train_loss=0.0201  val_loss=0.0317  val_qwk=0.7628  val_acc=0.6517
/home/norak/R&I/kxs-/train.py:148: FutureWarning: `torch.cuda.amp.autocast(args...)` is deprecated. Please use `torch.amp.autocast('cuda', args...)` instead.
  with torch.cuda.amp.autocast():
/home/norak/R&I/kxs-/train.py:169: FutureWarning: `torch.cuda.amp.autocast(args...)` is deprecated. Please use `torch.amp.autocast('cuda', args...)` instead.
  with torch.cuda.amp.autocast():
    epoch 12  train_loss=0.0177  val_loss=0.0321  val_qwk=0.7318  val_acc=0.6461
/home/norak/R&I/kxs-/train.py:148: FutureWarning: `torch.cuda.amp.autocast(args...)` is deprecated. Please use `torch.amp.autocast('cuda', args...)` instead.
  with torch.cuda.amp.autocast():
/home/norak/R&I/kxs-/train.py:169: FutureWarning: `torch.cuda.amp.autocast(args...)` is deprecated. Please use `torch.amp.autocast('cuda', args...)` instead.
  with torch.cuda.amp.autocast():
    epoch 13  train_loss=0.0175  val_loss=0.0307  val_qwk=0.7399  val_acc=0.5955
/home/norak/R&I/kxs-/train.py:148: FutureWarning: `torch.cuda.amp.autocast(args...)` is deprecated. Please use `torch.amp.autocast('cuda', args...)` instead.
  with torch.cuda.amp.autocast():
/home/norak/R&I/kxs-/train.py:169: FutureWarning: `torch.cuda.amp.autocast(args...)` is deprecated. Please use `torch.amp.autocast('cuda', args...)` instead.
  with torch.cuda.amp.autocast():
    epoch 14  train_loss=0.0165  val_loss=0.0304  val_qwk=0.7581  val_acc=0.6685
/home/norak/R&I/kxs-/train.py:148: FutureWarning: `torch.cuda.amp.autocast(args...)` is deprecated. Please use `torch.amp.autocast('cuda', args...)` instead.
  with torch.cuda.amp.autocast():
/home/norak/R&I/kxs-/train.py:169: FutureWarning: `torch.cuda.amp.autocast(args...)` is deprecated. Please use `torch.amp.autocast('cuda', args...)` instead.
  with torch.cuda.amp.autocast():
    epoch 15  train_loss=0.0168  val_loss=0.0302  val_qwk=0.7347  val_acc=0.6236
    early-stop at epoch 15 (best epoch=11, best_qwk=0.7628)
/home/norak/R&I/kxs-/train.py:169: FutureWarning: `torch.cuda.amp.autocast(args...)` is deprecated. Please use `torch.amp.autocast('cuda', args...)` instead.
  with torch.cuda.amp.autocast():
/home/norak/R&I/kxs-/train.py:169: FutureWarning: `torch.cuda.amp.autocast(args...)` is deprecated. Please use `torch.amp.autocast('cuda', args...)` instead.
  with torch.cuda.amp.autocast():
/home/norak/R&I/kxs-/train.py:169: FutureWarning: `torch.cuda.amp.autocast(args...)` is deprecated. Please use `torch.amp.autocast('cuda', args...)` instead.
  with torch.cuda.amp.autocast():
  [raw_qar_dual_gte                   ] train_qwk=0.8501 -> test_qwk=0.7946  raw_w1=0.7472  epoch=11  (139.2s)
Loading weights:   0%|          | 0/199 [00:00<?, ?it/s]Loading weights: 100%|██████████| 199/199 [00:00<00:00, 2900.88it/s]
[transformers] [1mBertModel LOAD REPORT[0m from: bert-base-multilingual-cased
Key                                        | Status     |  | 
-------------------------------------------+------------+--+-
cls.predictions.transform.dense.weight     | UNEXPECTED |  | 
cls.seq_relationship.weight                | UNEXPECTED |  | 
cls.seq_relationship.bias                  | UNEXPECTED |  | 
cls.predictions.transform.LayerNorm.bias   | UNEXPECTED |  | 
cls.predictions.bias                       | UNEXPECTED |  | 
cls.predictions.transform.dense.bias       | UNEXPECTED |  | 
cls.predictions.transform.LayerNorm.weight | UNEXPECTED |  | 

Notes:
- UNEXPECTED:	can be ignored when loading from different task/architecture; not ok if you expect identical arch.
/home/norak/R&I/kxs-/train.py:206: FutureWarning: `torch.cuda.amp.GradScaler(args...)` is deprecated. Please use `torch.amp.GradScaler('cuda', args...)` instead.
  scaler = torch.cuda.amp.GradScaler() if use_amp and device == "cuda" else None
/home/norak/R&I/kxs-/train.py:148: FutureWarning: `torch.cuda.amp.autocast(args...)` is deprecated. Please use `torch.amp.autocast('cuda', args...)` instead.
  with torch.cuda.amp.autocast():
/home/norak/R&I/kxs-/train.py:169: FutureWarning: `torch.cuda.amp.autocast(args...)` is deprecated. Please use `torch.amp.autocast('cuda', args...)` instead.
  with torch.cuda.amp.autocast():
    epoch  1  train_loss=0.0748  val_loss=0.0643  val_qwk=0.1587  val_acc=0.1685
/home/norak/R&I/kxs-/train.py:148: FutureWarning: `torch.cuda.amp.autocast(args...)` is deprecated. Please use `torch.amp.autocast('cuda', args...)` instead.
  with torch.cuda.amp.autocast():
/home/norak/R&I/kxs-/train.py:169: FutureWarning: `torch.cuda.amp.autocast(args...)` is deprecated. Please use `torch.amp.autocast('cuda', args...)` instead.
  with torch.cuda.amp.autocast():
    epoch  2  train_loss=0.0625  val_loss=0.0607  val_qwk=0.3332  val_acc=0.2978
/home/norak/R&I/kxs-/train.py:148: FutureWarning: `torch.cuda.amp.autocast(args...)` is deprecated. Please use `torch.amp.autocast('cuda', args...)` instead.
  with torch.cuda.amp.autocast():
/home/norak/R&I/kxs-/train.py:169: FutureWarning: `torch.cuda.amp.autocast(args...)` is deprecated. Please use `torch.amp.autocast('cuda', args...)` instead.
  with torch.cuda.amp.autocast():
    epoch  3  train_loss=0.0575  val_loss=0.0545  val_qwk=0.5006  val_acc=0.4101
/home/norak/R&I/kxs-/train.py:148: FutureWarning: `torch.cuda.amp.autocast(args...)` is deprecated. Please use `torch.amp.autocast('cuda', args...)` instead.
  with torch.cuda.amp.autocast():
/home/norak/R&I/kxs-/train.py:169: FutureWarning: `torch.cuda.amp.autocast(args...)` is deprecated. Please use `torch.amp.autocast('cuda', args...)` instead.
  with torch.cuda.amp.autocast():
    epoch  4  train_loss=0.0504  val_loss=0.0533  val_qwk=0.4557  val_acc=0.3708
/home/norak/R&I/kxs-/train.py:148: FutureWarning: `torch.cuda.amp.autocast(args...)` is deprecated. Please use `torch.amp.autocast('cuda', args...)` instead.
  with torch.cuda.amp.autocast():
/home/norak/R&I/kxs-/train.py:169: FutureWarning: `torch.cuda.amp.autocast(args...)` is deprecated. Please use `torch.amp.autocast('cuda', args...)` instead.
  with torch.cuda.amp.autocast():
    epoch  5  train_loss=0.0487  val_loss=0.0513  val_qwk=0.5281  val_acc=0.4944
/home/norak/R&I/kxs-/train.py:148: FutureWarning: `torch.cuda.amp.autocast(args...)` is deprecated. Please use `torch.amp.autocast('cuda', args...)` instead.
  with torch.cuda.amp.autocast():
/home/norak/R&I/kxs-/train.py:169: FutureWarning: `torch.cuda.amp.autocast(args...)` is deprecated. Please use `torch.amp.autocast('cuda', args...)` instead.
  with torch.cuda.amp.autocast():
    epoch  6  train_loss=0.0446  val_loss=0.0520  val_qwk=0.4910  val_acc=0.4607
/home/norak/R&I/kxs-/train.py:148: FutureWarning: `torch.cuda.amp.autocast(args...)` is deprecated. Please use `torch.amp.autocast('cuda', args...)` instead.
  with torch.cuda.amp.autocast():
/home/norak/R&I/kxs-/train.py:169: FutureWarning: `torch.cuda.amp.autocast(args...)` is deprecated. Please use `torch.amp.autocast('cuda', args...)` instead.
  with torch.cuda.amp.autocast():
    epoch  7  train_loss=0.0421  val_loss=0.0511  val_qwk=0.5585  val_acc=0.5112
/home/norak/R&I/kxs-/train.py:148: FutureWarning: `torch.cuda.amp.autocast(args...)` is deprecated. Please use `torch.amp.autocast('cuda', args...)` instead.
  with torch.cuda.amp.autocast():
/home/norak/R&I/kxs-/train.py:169: FutureWarning: `torch.cuda.amp.autocast(args...)` is deprecated. Please use `torch.amp.autocast('cuda', args...)` instead.
  with torch.cuda.amp.autocast():
    epoch  8  train_loss=0.0408  val_loss=0.0474  val_qwk=0.5755  val_acc=0.5506
/home/norak/R&I/kxs-/train.py:148: FutureWarning: `torch.cuda.amp.autocast(args...)` is deprecated. Please use `torch.amp.autocast('cuda', args...)` instead.
  with torch.cuda.amp.autocast():
/home/norak/R&I/kxs-/train.py:169: FutureWarning: `torch.cuda.amp.autocast(args...)` is deprecated. Please use `torch.amp.autocast('cuda', args...)` instead.
  with torch.cuda.amp.autocast():
    epoch  9  train_loss=0.0383  val_loss=0.0481  val_qwk=0.5486  val_acc=0.4551
/home/norak/R&I/kxs-/train.py:148: FutureWarning: `torch.cuda.amp.autocast(args...)` is deprecated. Please use `torch.amp.autocast('cuda', args...)` instead.
  with torch.cuda.amp.autocast():
/home/norak/R&I/kxs-/train.py:169: FutureWarning: `torch.cuda.amp.autocast(args...)` is deprecated. Please use `torch.amp.autocast('cuda', args...)` instead.
  with torch.cuda.amp.autocast():
    epoch 10  train_loss=0.0367  val_loss=0.0477  val_qwk=0.5794  val_acc=0.5787
/home/norak/R&I/kxs-/train.py:148: FutureWarning: `torch.cuda.amp.autocast(args...)` is deprecated. Please use `torch.amp.autocast('cuda', args...)` instead.
  with torch.cuda.amp.autocast():
/home/norak/R&I/kxs-/train.py:169: FutureWarning: `torch.cuda.amp.autocast(args...)` is deprecated. Please use `torch.amp.autocast('cuda', args...)` instead.
  with torch.cuda.amp.autocast():
    epoch 11  train_loss=0.0344  val_loss=0.0456  val_qwk=0.5861  val_acc=0.4888
/home/norak/R&I/kxs-/train.py:148: FutureWarning: `torch.cuda.amp.autocast(args...)` is deprecated. Please use `torch.amp.autocast('cuda', args...)` instead.
  with torch.cuda.amp.autocast():
/home/norak/R&I/kxs-/train.py:169: FutureWarning: `torch.cuda.amp.autocast(args...)` is deprecated. Please use `torch.amp.autocast('cuda', args...)` instead.
  with torch.cuda.amp.autocast():
    epoch 12  train_loss=0.0356  val_loss=0.0481  val_qwk=0.5934  val_acc=0.5506
/home/norak/R&I/kxs-/train.py:148: FutureWarning: `torch.cuda.amp.autocast(args...)` is deprecated. Please use `torch.amp.autocast('cuda', args...)` instead.
  with torch.cuda.amp.autocast():
/home/norak/R&I/kxs-/train.py:169: FutureWarning: `torch.cuda.amp.autocast(args...)` is deprecated. Please use `torch.amp.autocast('cuda', args...)` instead.
  with torch.cuda.amp.autocast():
    epoch 13  train_loss=0.0326  val_loss=0.0529  val_qwk=0.5541  val_acc=0.5169
/home/norak/R&I/kxs-/train.py:148: FutureWarning: `torch.cuda.amp.autocast(args...)` is deprecated. Please use `torch.amp.autocast('cuda', args...)` instead.
  with torch.cuda.amp.autocast():
/home/norak/R&I/kxs-/train.py:169: FutureWarning: `torch.cuda.amp.autocast(args...)` is deprecated. Please use `torch.amp.autocast('cuda', args...)` instead.
  with torch.cuda.amp.autocast():
    epoch 14  train_loss=0.0325  val_loss=0.0498  val_qwk=0.6234  val_acc=0.6067
/home/norak/R&I/kxs-/train.py:148: FutureWarning: `torch.cuda.amp.autocast(args...)` is deprecated. Please use `torch.amp.autocast('cuda', args...)` instead.
  with torch.cuda.amp.autocast():
/home/norak/R&I/kxs-/train.py:169: FutureWarning: `torch.cuda.amp.autocast(args...)` is deprecated. Please use `torch.amp.autocast('cuda', args...)` instead.
  with torch.cuda.amp.autocast():
    epoch 15  train_loss=0.0321  val_loss=0.0509  val_qwk=0.6264  val_acc=0.5730
/home/norak/R&I/kxs-/train.py:148: FutureWarning: `torch.cuda.amp.autocast(args...)` is deprecated. Please use `torch.amp.autocast('cuda', args...)` instead.
  with torch.cuda.amp.autocast():
/home/norak/R&I/kxs-/train.py:169: FutureWarning: `torch.cuda.amp.autocast(args...)` is deprecated. Please use `torch.amp.autocast('cuda', args...)` instead.
  with torch.cuda.amp.autocast():
    epoch 16  train_loss=0.0340  val_loss=0.0476  val_qwk=0.5848  val_acc=0.5281
/home/norak/R&I/kxs-/train.py:148: FutureWarning: `torch.cuda.amp.autocast(args...)` is deprecated. Please use `torch.amp.autocast('cuda', args...)` instead.
  with torch.cuda.amp.autocast():
/home/norak/R&I/kxs-/train.py:169: FutureWarning: `torch.cuda.amp.autocast(args...)` is deprecated. Please use `torch.amp.autocast('cuda', args...)` instead.
  with torch.cuda.amp.autocast():
    epoch 17  train_loss=0.0305  val_loss=0.0462  val_qwk=0.6226  val_acc=0.5618
/home/norak/R&I/kxs-/train.py:148: FutureWarning: `torch.cuda.amp.autocast(args...)` is deprecated. Please use `torch.amp.autocast('cuda', args...)` instead.
  with torch.cuda.amp.autocast():
/home/norak/R&I/kxs-/train.py:169: FutureWarning: `torch.cuda.amp.autocast(args...)` is deprecated. Please use `torch.amp.autocast('cuda', args...)` instead.
  with torch.cuda.amp.autocast():
    epoch 18  train_loss=0.0301  val_loss=0.0459  val_qwk=0.6339  val_acc=0.5843
/home/norak/R&I/kxs-/train.py:148: FutureWarning: `torch.cuda.amp.autocast(args...)` is deprecated. Please use `torch.amp.autocast('cuda', args...)` instead.
  with torch.cuda.amp.autocast():
/home/norak/R&I/kxs-/train.py:169: FutureWarning: `torch.cuda.amp.autocast(args...)` is deprecated. Please use `torch.amp.autocast('cuda', args...)` instead.
  with torch.cuda.amp.autocast():
    epoch 19  train_loss=0.0292  val_loss=0.0465  val_qwk=0.5740  val_acc=0.5000
/home/norak/R&I/kxs-/train.py:148: FutureWarning: `torch.cuda.amp.autocast(args...)` is deprecated. Please use `torch.amp.autocast('cuda', args...)` instead.
  with torch.cuda.amp.autocast():
/home/norak/R&I/kxs-/train.py:169: FutureWarning: `torch.cuda.amp.autocast(args...)` is deprecated. Please use `torch.amp.autocast('cuda', args...)` instead.
  with torch.cuda.amp.autocast():
    epoch 20  train_loss=0.0291  val_loss=0.0441  val_qwk=0.6880  val_acc=0.6124
/home/norak/R&I/kxs-/train.py:169: FutureWarning: `torch.cuda.amp.autocast(args...)` is deprecated. Please use `torch.amp.autocast('cuda', args...)` instead.
  with torch.cuda.amp.autocast():
/home/norak/R&I/kxs-/train.py:169: FutureWarning: `torch.cuda.amp.autocast(args...)` is deprecated. Please use `torch.amp.autocast('cuda', args...)` instead.
  with torch.cuda.amp.autocast():
/home/norak/R&I/kxs-/train.py:169: FutureWarning: `torch.cuda.amp.autocast(args...)` is deprecated. Please use `torch.amp.autocast('cuda', args...)` instead.
  with torch.cuda.amp.autocast():
  [raw_qar_cross_mbert                ] train_qwk=0.7906 -> test_qwk=0.6746  raw_w1=0.6966  epoch=20  (97.1s)
Loading weights:   0%|          | 0/199 [00:00<?, ?it/s]Loading weights: 100%|██████████| 199/199 [00:00<00:00, 3125.41it/s]
[transformers] [1mXLMRobertaModel LOAD REPORT[0m from: xlm-roberta-base
Key                       | Status     |  | 
--------------------------+------------+--+-
lm_head.dense.weight      | UNEXPECTED |  | 
lm_head.layer_norm.weight | UNEXPECTED |  | 
lm_head.dense.bias        | UNEXPECTED |  | 
lm_head.layer_norm.bias   | UNEXPECTED |  | 
lm_head.bias              | UNEXPECTED |  | 

Notes:
- UNEXPECTED:	can be ignored when loading from different task/architecture; not ok if you expect identical arch.
/home/norak/R&I/kxs-/train.py:206: FutureWarning: `torch.cuda.amp.GradScaler(args...)` is deprecated. Please use `torch.amp.GradScaler('cuda', args...)` instead.
  scaler = torch.cuda.amp.GradScaler() if use_amp and device == "cuda" else None
/home/norak/R&I/kxs-/train.py:148: FutureWarning: `torch.cuda.amp.autocast(args...)` is deprecated. Please use `torch.amp.autocast('cuda', args...)` instead.
  with torch.cuda.amp.autocast():
/home/norak/R&I/kxs-/train.py:169: FutureWarning: `torch.cuda.amp.autocast(args...)` is deprecated. Please use `torch.amp.autocast('cuda', args...)` instead.
  with torch.cuda.amp.autocast():
    epoch  1  train_loss=0.0807  val_loss=0.0690  val_qwk=0.1332  val_acc=0.1966
/home/norak/R&I/kxs-/train.py:148: FutureWarning: `torch.cuda.amp.autocast(args...)` is deprecated. Please use `torch.amp.autocast('cuda', args...)` instead.
  with torch.cuda.amp.autocast():
/home/norak/R&I/kxs-/train.py:169: FutureWarning: `torch.cuda.amp.autocast(args...)` is deprecated. Please use `torch.amp.autocast('cuda', args...)` instead.
  with torch.cuda.amp.autocast():
    epoch  2  train_loss=0.0716  val_loss=0.0625  val_qwk=0.4135  val_acc=0.3202
/home/norak/R&I/kxs-/train.py:148: FutureWarning: `torch.cuda.amp.autocast(args...)` is deprecated. Please use `torch.amp.autocast('cuda', args...)` instead.
  with torch.cuda.amp.autocast():
/home/norak/R&I/kxs-/train.py:169: FutureWarning: `torch.cuda.amp.autocast(args...)` is deprecated. Please use `torch.amp.autocast('cuda', args...)` instead.
  with torch.cuda.amp.autocast():
    epoch  3  train_loss=0.0602  val_loss=0.0566  val_qwk=0.3221  val_acc=0.2135
/home/norak/R&I/kxs-/train.py:148: FutureWarning: `torch.cuda.amp.autocast(args...)` is deprecated. Please use `torch.amp.autocast('cuda', args...)` instead.
  with torch.cuda.amp.autocast():
/home/norak/R&I/kxs-/train.py:169: FutureWarning: `torch.cuda.amp.autocast(args...)` is deprecated. Please use `torch.amp.autocast('cuda', args...)` instead.
  with torch.cuda.amp.autocast():
    epoch  4  train_loss=0.0528  val_loss=0.0526  val_qwk=0.5117  val_acc=0.4607
/home/norak/R&I/kxs-/train.py:148: FutureWarning: `torch.cuda.amp.autocast(args...)` is deprecated. Please use `torch.amp.autocast('cuda', args...)` instead.
  with torch.cuda.amp.autocast():
/home/norak/R&I/kxs-/train.py:169: FutureWarning: `torch.cuda.amp.autocast(args...)` is deprecated. Please use `torch.amp.autocast('cuda', args...)` instead.
  with torch.cuda.amp.autocast():
    epoch  5  train_loss=0.0491  val_loss=0.0492  val_qwk=0.5256  val_acc=0.4663
/home/norak/R&I/kxs-/train.py:148: FutureWarning: `torch.cuda.amp.autocast(args...)` is deprecated. Please use `torch.amp.autocast('cuda', args...)` instead.
  with torch.cuda.amp.autocast():
/home/norak/R&I/kxs-/train.py:169: FutureWarning: `torch.cuda.amp.autocast(args...)` is deprecated. Please use `torch.amp.autocast('cuda', args...)` instead.
  with torch.cuda.amp.autocast():
    epoch  6  train_loss=0.0450  val_loss=0.0461  val_qwk=0.5897  val_acc=0.5393
/home/norak/R&I/kxs-/train.py:148: FutureWarning: `torch.cuda.amp.autocast(args...)` is deprecated. Please use `torch.amp.autocast('cuda', args...)` instead.
  with torch.cuda.amp.autocast():
/home/norak/R&I/kxs-/train.py:169: FutureWarning: `torch.cuda.amp.autocast(args...)` is deprecated. Please use `torch.amp.autocast('cuda', args...)` instead.
  with torch.cuda.amp.autocast():
    epoch  7  train_loss=0.0409  val_loss=0.0439  val_qwk=0.6262  val_acc=0.5506
/home/norak/R&I/kxs-/train.py:148: FutureWarning: `torch.cuda.amp.autocast(args...)` is deprecated. Please use `torch.amp.autocast('cuda', args...)` instead.
  with torch.cuda.amp.autocast():
/home/norak/R&I/kxs-/train.py:169: FutureWarning: `torch.cuda.amp.autocast(args...)` is deprecated. Please use `torch.amp.autocast('cuda', args...)` instead.
  with torch.cuda.amp.autocast():
    epoch  8  train_loss=0.0361  val_loss=0.0470  val_qwk=0.6300  val_acc=0.5899
/home/norak/R&I/kxs-/train.py:148: FutureWarning: `torch.cuda.amp.autocast(args...)` is deprecated. Please use `torch.amp.autocast('cuda', args...)` instead.
  with torch.cuda.amp.autocast():
/home/norak/R&I/kxs-/train.py:169: FutureWarning: `torch.cuda.amp.autocast(args...)` is deprecated. Please use `torch.amp.autocast('cuda', args...)` instead.
  with torch.cuda.amp.autocast():
    epoch  9  train_loss=0.0367  val_loss=0.0403  val_qwk=0.6969  val_acc=0.6348
/home/norak/R&I/kxs-/train.py:148: FutureWarning: `torch.cuda.amp.autocast(args...)` is deprecated. Please use `torch.amp.autocast('cuda', args...)` instead.
  with torch.cuda.amp.autocast():
/home/norak/R&I/kxs-/train.py:169: FutureWarning: `torch.cuda.amp.autocast(args...)` is deprecated. Please use `torch.amp.autocast('cuda', args...)` instead.
  with torch.cuda.amp.autocast():
    epoch 10  train_loss=0.0334  val_loss=0.0380  val_qwk=0.6779  val_acc=0.6292
/home/norak/R&I/kxs-/train.py:148: FutureWarning: `torch.cuda.amp.autocast(args...)` is deprecated. Please use `torch.amp.autocast('cuda', args...)` instead.
  with torch.cuda.amp.autocast():
/home/norak/R&I/kxs-/train.py:169: FutureWarning: `torch.cuda.amp.autocast(args...)` is deprecated. Please use `torch.amp.autocast('cuda', args...)` instead.
  with torch.cuda.amp.autocast():
    epoch 11  train_loss=0.0334  val_loss=0.0416  val_qwk=0.6005  val_acc=0.5225
/home/norak/R&I/kxs-/train.py:148: FutureWarning: `torch.cuda.amp.autocast(args...)` is deprecated. Please use `torch.amp.autocast('cuda', args...)` instead.
  with torch.cuda.amp.autocast():
/home/norak/R&I/kxs-/train.py:169: FutureWarning: `torch.cuda.amp.autocast(args...)` is deprecated. Please use `torch.amp.autocast('cuda', args...)` instead.
  with torch.cuda.amp.autocast():
    epoch 12  train_loss=0.0317  val_loss=0.0379  val_qwk=0.6810  val_acc=0.6292
/home/norak/R&I/kxs-/train.py:148: FutureWarning: `torch.cuda.amp.autocast(args...)` is deprecated. Please use `torch.amp.autocast('cuda', args...)` instead.
  with torch.cuda.amp.autocast():
/home/norak/R&I/kxs-/train.py:169: FutureWarning: `torch.cuda.amp.autocast(args...)` is deprecated. Please use `torch.amp.autocast('cuda', args...)` instead.
  with torch.cuda.amp.autocast():
    epoch 13  train_loss=0.0286  val_loss=0.0380  val_qwk=0.7021  val_acc=0.6966
/home/norak/R&I/kxs-/train.py:148: FutureWarning: `torch.cuda.amp.autocast(args...)` is deprecated. Please use `torch.amp.autocast('cuda', args...)` instead.
  with torch.cuda.amp.autocast():
/home/norak/R&I/kxs-/train.py:169: FutureWarning: `torch.cuda.amp.autocast(args...)` is deprecated. Please use `torch.amp.autocast('cuda', args...)` instead.
  with torch.cuda.amp.autocast():
    epoch 14  train_loss=0.0275  val_loss=0.0383  val_qwk=0.6698  val_acc=0.6067
/home/norak/R&I/kxs-/train.py:148: FutureWarning: `torch.cuda.amp.autocast(args...)` is deprecated. Please use `torch.amp.autocast('cuda', args...)` instead.
  with torch.cuda.amp.autocast():
/home/norak/R&I/kxs-/train.py:169: FutureWarning: `torch.cuda.amp.autocast(args...)` is deprecated. Please use `torch.amp.autocast('cuda', args...)` instead.
  with torch.cuda.amp.autocast():
    epoch 15  train_loss=0.0241  val_loss=0.0388  val_qwk=0.6967  val_acc=0.6124
/home/norak/R&I/kxs-/train.py:148: FutureWarning: `torch.cuda.amp.autocast(args...)` is deprecated. Please use `torch.amp.autocast('cuda', args...)` instead.
  with torch.cuda.amp.autocast():
/home/norak/R&I/kxs-/train.py:169: FutureWarning: `torch.cuda.amp.autocast(args...)` is deprecated. Please use `torch.amp.autocast('cuda', args...)` instead.
  with torch.cuda.amp.autocast():
    epoch 16  train_loss=0.0246  val_loss=0.0402  val_qwk=0.6999  val_acc=0.6742
/home/norak/R&I/kxs-/train.py:148: FutureWarning: `torch.cuda.amp.autocast(args...)` is deprecated. Please use `torch.amp.autocast('cuda', args...)` instead.
  with torch.cuda.amp.autocast():
/home/norak/R&I/kxs-/train.py:169: FutureWarning: `torch.cuda.amp.autocast(args...)` is deprecated. Please use `torch.amp.autocast('cuda', args...)` instead.
  with torch.cuda.amp.autocast():
    epoch 17  train_loss=0.0225  val_loss=0.0373  val_qwk=0.6765  val_acc=0.6180
    early-stop at epoch 17 (best epoch=13, best_qwk=0.7021)
/home/norak/R&I/kxs-/train.py:169: FutureWarning: `torch.cuda.amp.autocast(args...)` is deprecated. Please use `torch.amp.autocast('cuda', args...)` instead.
  with torch.cuda.amp.autocast():
/home/norak/R&I/kxs-/train.py:169: FutureWarning: `torch.cuda.amp.autocast(args...)` is deprecated. Please use `torch.amp.autocast('cuda', args...)` instead.
  with torch.cuda.amp.autocast():
/home/norak/R&I/kxs-/train.py:169: FutureWarning: `torch.cuda.amp.autocast(args...)` is deprecated. Please use `torch.amp.autocast('cuda', args...)` instead.
  with torch.cuda.amp.autocast():
  [raw_qar_cross_xlmr                 ] train_qwk=0.8292 -> test_qwk=0.7264  raw_w1=0.7022  epoch=13  (85.3s)
Loading weights:   0%|          | 0/136 [00:00<?, ?it/s]Loading weights:  26%|██▋       | 36/136 [00:00<00:00, 359.81it/s]Loading weights: 100%|██████████| 136/136 [00:00<00:00, 1057.32it/s]
[transformers] [1mNewModel LOAD REPORT[0m from: Alibaba-NLP/gte-multilingual-base
Key               | Status     |  | 
------------------+------------+--+-
classifier.bias   | UNEXPECTED |  | 
classifier.weight | UNEXPECTED |  | 

Notes:
- UNEXPECTED:	can be ignored when loading from different task/architecture; not ok if you expect identical arch.
/home/norak/R&I/kxs-/train.py:206: FutureWarning: `torch.cuda.amp.GradScaler(args...)` is deprecated. Please use `torch.amp.GradScaler('cuda', args...)` instead.
  scaler = torch.cuda.amp.GradScaler() if use_amp and device == "cuda" else None
/home/norak/R&I/kxs-/train.py:148: FutureWarning: `torch.cuda.amp.autocast(args...)` is deprecated. Please use `torch.amp.autocast('cuda', args...)` instead.
  with torch.cuda.amp.autocast():
/home/norak/R&I/kxs-/train.py:169: FutureWarning: `torch.cuda.amp.autocast(args...)` is deprecated. Please use `torch.amp.autocast('cuda', args...)` instead.
  with torch.cuda.amp.autocast():
    epoch  1  train_loss=0.0669  val_loss=0.0551  val_qwk=0.4317  val_acc=0.3427
/home/norak/R&I/kxs-/train.py:148: FutureWarning: `torch.cuda.amp.autocast(args...)` is deprecated. Please use `torch.amp.autocast('cuda', args...)` instead.
  with torch.cuda.amp.autocast():
/home/norak/R&I/kxs-/train.py:169: FutureWarning: `torch.cuda.amp.autocast(args...)` is deprecated. Please use `torch.amp.autocast('cuda', args...)` instead.
  with torch.cuda.amp.autocast():
    epoch  2  train_loss=0.0521  val_loss=0.0537  val_qwk=0.5396  val_acc=0.4494
/home/norak/R&I/kxs-/train.py:148: FutureWarning: `torch.cuda.amp.autocast(args...)` is deprecated. Please use `torch.amp.autocast('cuda', args...)` instead.
  with torch.cuda.amp.autocast():
/home/norak/R&I/kxs-/train.py:169: FutureWarning: `torch.cuda.amp.autocast(args...)` is deprecated. Please use `torch.amp.autocast('cuda', args...)` instead.
  with torch.cuda.amp.autocast():
    epoch  3  train_loss=0.0475  val_loss=0.0513  val_qwk=0.5662  val_acc=0.5056
/home/norak/R&I/kxs-/train.py:148: FutureWarning: `torch.cuda.amp.autocast(args...)` is deprecated. Please use `torch.amp.autocast('cuda', args...)` instead.
  with torch.cuda.amp.autocast():
/home/norak/R&I/kxs-/train.py:169: FutureWarning: `torch.cuda.amp.autocast(args...)` is deprecated. Please use `torch.amp.autocast('cuda', args...)` instead.
  with torch.cuda.amp.autocast():
    epoch  4  train_loss=0.0423  val_loss=0.0502  val_qwk=0.5665  val_acc=0.5506
/home/norak/R&I/kxs-/train.py:148: FutureWarning: `torch.cuda.amp.autocast(args...)` is deprecated. Please use `torch.amp.autocast('cuda', args...)` instead.
  with torch.cuda.amp.autocast():
/home/norak/R&I/kxs-/train.py:169: FutureWarning: `torch.cuda.amp.autocast(args...)` is deprecated. Please use `torch.amp.autocast('cuda', args...)` instead.
  with torch.cuda.amp.autocast():
    epoch  5  train_loss=0.0392  val_loss=0.0485  val_qwk=0.5667  val_acc=0.5112
/home/norak/R&I/kxs-/train.py:148: FutureWarning: `torch.cuda.amp.autocast(args...)` is deprecated. Please use `torch.amp.autocast('cuda', args...)` instead.
  with torch.cuda.amp.autocast():
/home/norak/R&I/kxs-/train.py:169: FutureWarning: `torch.cuda.amp.autocast(args...)` is deprecated. Please use `torch.amp.autocast('cuda', args...)` instead.
  with torch.cuda.amp.autocast():
    epoch  6  train_loss=0.0380  val_loss=0.0422  val_qwk=0.6496  val_acc=0.6067
/home/norak/R&I/kxs-/train.py:148: FutureWarning: `torch.cuda.amp.autocast(args...)` is deprecated. Please use `torch.amp.autocast('cuda', args...)` instead.
  with torch.cuda.amp.autocast():
/home/norak/R&I/kxs-/train.py:169: FutureWarning: `torch.cuda.amp.autocast(args...)` is deprecated. Please use `torch.amp.autocast('cuda', args...)` instead.
  with torch.cuda.amp.autocast():
    epoch  7  train_loss=0.0332  val_loss=0.0422  val_qwk=0.6306  val_acc=0.6404
/home/norak/R&I/kxs-/train.py:148: FutureWarning: `torch.cuda.amp.autocast(args...)` is deprecated. Please use `torch.amp.autocast('cuda', args...)` instead.
  with torch.cuda.amp.autocast():
/home/norak/R&I/kxs-/train.py:169: FutureWarning: `torch.cuda.amp.autocast(args...)` is deprecated. Please use `torch.amp.autocast('cuda', args...)` instead.
  with torch.cuda.amp.autocast():
    epoch  8  train_loss=0.0292  val_loss=0.0461  val_qwk=0.6304  val_acc=0.6236
/home/norak/R&I/kxs-/train.py:148: FutureWarning: `torch.cuda.amp.autocast(args...)` is deprecated. Please use `torch.amp.autocast('cuda', args...)` instead.
  with torch.cuda.amp.autocast():
/home/norak/R&I/kxs-/train.py:169: FutureWarning: `torch.cuda.amp.autocast(args...)` is deprecated. Please use `torch.amp.autocast('cuda', args...)` instead.
  with torch.cuda.amp.autocast():
    epoch  9  train_loss=0.0282  val_loss=0.0442  val_qwk=0.6386  val_acc=0.5674
/home/norak/R&I/kxs-/train.py:148: FutureWarning: `torch.cuda.amp.autocast(args...)` is deprecated. Please use `torch.amp.autocast('cuda', args...)` instead.
  with torch.cuda.amp.autocast():
/home/norak/R&I/kxs-/train.py:169: FutureWarning: `torch.cuda.amp.autocast(args...)` is deprecated. Please use `torch.amp.autocast('cuda', args...)` instead.
  with torch.cuda.amp.autocast():
    epoch 10  train_loss=0.0257  val_loss=0.0398  val_qwk=0.6675  val_acc=0.6236
/home/norak/R&I/kxs-/train.py:148: FutureWarning: `torch.cuda.amp.autocast(args...)` is deprecated. Please use `torch.amp.autocast('cuda', args...)` instead.
  with torch.cuda.amp.autocast():
/home/norak/R&I/kxs-/train.py:169: FutureWarning: `torch.cuda.amp.autocast(args...)` is deprecated. Please use `torch.amp.autocast('cuda', args...)` instead.
  with torch.cuda.amp.autocast():
    epoch 11  train_loss=0.0249  val_loss=0.0394  val_qwk=0.6783  val_acc=0.6067
/home/norak/R&I/kxs-/train.py:148: FutureWarning: `torch.cuda.amp.autocast(args...)` is deprecated. Please use `torch.amp.autocast('cuda', args...)` instead.
  with torch.cuda.amp.autocast():
/home/norak/R&I/kxs-/train.py:169: FutureWarning: `torch.cuda.amp.autocast(args...)` is deprecated. Please use `torch.amp.autocast('cuda', args...)` instead.
  with torch.cuda.amp.autocast():
    epoch 12  train_loss=0.0235  val_loss=0.0403  val_qwk=0.7176  val_acc=0.6348
/home/norak/R&I/kxs-/train.py:148: FutureWarning: `torch.cuda.amp.autocast(args...)` is deprecated. Please use `torch.amp.autocast('cuda', args...)` instead.
  with torch.cuda.amp.autocast():
/home/norak/R&I/kxs-/train.py:169: FutureWarning: `torch.cuda.amp.autocast(args...)` is deprecated. Please use `torch.amp.autocast('cuda', args...)` instead.
  with torch.cuda.amp.autocast():
    epoch 13  train_loss=0.0219  val_loss=0.0393  val_qwk=0.6656  val_acc=0.6348
/home/norak/R&I/kxs-/train.py:148: FutureWarning: `torch.cuda.amp.autocast(args...)` is deprecated. Please use `torch.amp.autocast('cuda', args...)` instead.
  with torch.cuda.amp.autocast():
/home/norak/R&I/kxs-/train.py:169: FutureWarning: `torch.cuda.amp.autocast(args...)` is deprecated. Please use `torch.amp.autocast('cuda', args...)` instead.
  with torch.cuda.amp.autocast():
    epoch 14  train_loss=0.0213  val_loss=0.0413  val_qwk=0.6491  val_acc=0.6180
/home/norak/R&I/kxs-/train.py:148: FutureWarning: `torch.cuda.amp.autocast(args...)` is deprecated. Please use `torch.amp.autocast('cuda', args...)` instead.
  with torch.cuda.amp.autocast():
/home/norak/R&I/kxs-/train.py:169: FutureWarning: `torch.cuda.amp.autocast(args...)` is deprecated. Please use `torch.amp.autocast('cuda', args...)` instead.
  with torch.cuda.amp.autocast():
    epoch 15  train_loss=0.0206  val_loss=0.0410  val_qwk=0.6510  val_acc=0.6124
/home/norak/R&I/kxs-/train.py:148: FutureWarning: `torch.cuda.amp.autocast(args...)` is deprecated. Please use `torch.amp.autocast('cuda', args...)` instead.
  with torch.cuda.amp.autocast():
/home/norak/R&I/kxs-/train.py:169: FutureWarning: `torch.cuda.amp.autocast(args...)` is deprecated. Please use `torch.amp.autocast('cuda', args...)` instead.
  with torch.cuda.amp.autocast():
    epoch 16  train_loss=0.0191  val_loss=0.0395  val_qwk=0.6969  val_acc=0.6685
    early-stop at epoch 16 (best epoch=12, best_qwk=0.7176)
/home/norak/R&I/kxs-/train.py:169: FutureWarning: `torch.cuda.amp.autocast(args...)` is deprecated. Please use `torch.amp.autocast('cuda', args...)` instead.
  with torch.cuda.amp.autocast():
/home/norak/R&I/kxs-/train.py:169: FutureWarning: `torch.cuda.amp.autocast(args...)` is deprecated. Please use `torch.amp.autocast('cuda', args...)` instead.
  with torch.cuda.amp.autocast():
/home/norak/R&I/kxs-/train.py:169: FutureWarning: `torch.cuda.amp.autocast(args...)` is deprecated. Please use `torch.amp.autocast('cuda', args...)` instead.
  with torch.cuda.amp.autocast():
  [raw_qar_cross_gte                  ] train_qwk=0.8300 -> test_qwk=0.7323  raw_w1=0.6798  epoch=12  (94.6s)
Loading weights:   0%|          | 0/199 [00:00<?, ?it/s]Loading weights: 100%|██████████| 199/199 [00:00<00:00, 3012.68it/s]
[transformers] [1mBertModel LOAD REPORT[0m from: bert-base-multilingual-cased
Key                                        | Status     |  | 
-------------------------------------------+------------+--+-
cls.predictions.transform.dense.weight     | UNEXPECTED |  | 
cls.seq_relationship.weight                | UNEXPECTED |  | 
cls.seq_relationship.bias                  | UNEXPECTED |  | 
cls.predictions.transform.LayerNorm.bias   | UNEXPECTED |  | 
cls.predictions.bias                       | UNEXPECTED |  | 
cls.predictions.transform.dense.bias       | UNEXPECTED |  | 
cls.predictions.transform.LayerNorm.weight | UNEXPECTED |  | 

Notes:
- UNEXPECTED:	can be ignored when loading from different task/architecture; not ok if you expect identical arch.
/home/norak/R&I/kxs-/train.py:206: FutureWarning: `torch.cuda.amp.GradScaler(args...)` is deprecated. Please use `torch.amp.GradScaler('cuda', args...)` instead.
  scaler = torch.cuda.amp.GradScaler() if use_amp and device == "cuda" else None
/home/norak/R&I/kxs-/train.py:148: FutureWarning: `torch.cuda.amp.autocast(args...)` is deprecated. Please use `torch.amp.autocast('cuda', args...)` instead.
  with torch.cuda.amp.autocast():
/home/norak/R&I/kxs-/train.py:169: FutureWarning: `torch.cuda.amp.autocast(args...)` is deprecated. Please use `torch.amp.autocast('cuda', args...)` instead.
  with torch.cuda.amp.autocast():
    epoch  1  train_loss=0.0727  val_loss=0.0708  val_qwk=0.3290  val_acc=0.3146
/home/norak/R&I/kxs-/train.py:148: FutureWarning: `torch.cuda.amp.autocast(args...)` is deprecated. Please use `torch.amp.autocast('cuda', args...)` instead.
  with torch.cuda.amp.autocast():
/home/norak/R&I/kxs-/train.py:169: FutureWarning: `torch.cuda.amp.autocast(args...)` is deprecated. Please use `torch.amp.autocast('cuda', args...)` instead.
  with torch.cuda.amp.autocast():
    epoch  2  train_loss=0.0634  val_loss=0.0617  val_qwk=0.3143  val_acc=0.2809
/home/norak/R&I/kxs-/train.py:148: FutureWarning: `torch.cuda.amp.autocast(args...)` is deprecated. Please use `torch.amp.autocast('cuda', args...)` instead.
  with torch.cuda.amp.autocast():
/home/norak/R&I/kxs-/train.py:169: FutureWarning: `torch.cuda.amp.autocast(args...)` is deprecated. Please use `torch.amp.autocast('cuda', args...)` instead.
  with torch.cuda.amp.autocast():
    epoch  3  train_loss=0.0561  val_loss=0.0613  val_qwk=0.4265  val_acc=0.3933
/home/norak/R&I/kxs-/train.py:148: FutureWarning: `torch.cuda.amp.autocast(args...)` is deprecated. Please use `torch.amp.autocast('cuda', args...)` instead.
  with torch.cuda.amp.autocast():
/home/norak/R&I/kxs-/train.py:169: FutureWarning: `torch.cuda.amp.autocast(args...)` is deprecated. Please use `torch.amp.autocast('cuda', args...)` instead.
  with torch.cuda.amp.autocast():
    epoch  4  train_loss=0.0540  val_loss=0.0610  val_qwk=0.3844  val_acc=0.3539
/home/norak/R&I/kxs-/train.py:148: FutureWarning: `torch.cuda.amp.autocast(args...)` is deprecated. Please use `torch.amp.autocast('cuda', args...)` instead.
  with torch.cuda.amp.autocast():
/home/norak/R&I/kxs-/train.py:169: FutureWarning: `torch.cuda.amp.autocast(args...)` is deprecated. Please use `torch.amp.autocast('cuda', args...)` instead.
  with torch.cuda.amp.autocast():
    epoch  5  train_loss=0.0528  val_loss=0.0565  val_qwk=0.4357  val_acc=0.3652
/home/norak/R&I/kxs-/train.py:148: FutureWarning: `torch.cuda.amp.autocast(args...)` is deprecated. Please use `torch.amp.autocast('cuda', args...)` instead.
  with torch.cuda.amp.autocast():
/home/norak/R&I/kxs-/train.py:169: FutureWarning: `torch.cuda.amp.autocast(args...)` is deprecated. Please use `torch.amp.autocast('cuda', args...)` instead.
  with torch.cuda.amp.autocast():
    epoch  6  train_loss=0.0532  val_loss=0.0523  val_qwk=0.4584  val_acc=0.4270
/home/norak/R&I/kxs-/train.py:148: FutureWarning: `torch.cuda.amp.autocast(args...)` is deprecated. Please use `torch.amp.autocast('cuda', args...)` instead.
  with torch.cuda.amp.autocast():
/home/norak/R&I/kxs-/train.py:169: FutureWarning: `torch.cuda.amp.autocast(args...)` is deprecated. Please use `torch.amp.autocast('cuda', args...)` instead.
  with torch.cuda.amp.autocast():
    epoch  7  train_loss=0.0500  val_loss=0.0541  val_qwk=0.4385  val_acc=0.4157
/home/norak/R&I/kxs-/train.py:148: FutureWarning: `torch.cuda.amp.autocast(args...)` is deprecated. Please use `torch.amp.autocast('cuda', args...)` instead.
  with torch.cuda.amp.autocast():
/home/norak/R&I/kxs-/train.py:169: FutureWarning: `torch.cuda.amp.autocast(args...)` is deprecated. Please use `torch.amp.autocast('cuda', args...)` instead.
  with torch.cuda.amp.autocast():
    epoch  8  train_loss=0.0504  val_loss=0.0534  val_qwk=0.4747  val_acc=0.4438
/home/norak/R&I/kxs-/train.py:148: FutureWarning: `torch.cuda.amp.autocast(args...)` is deprecated. Please use `torch.amp.autocast('cuda', args...)` instead.
  with torch.cuda.amp.autocast():
/home/norak/R&I/kxs-/train.py:169: FutureWarning: `torch.cuda.amp.autocast(args...)` is deprecated. Please use `torch.amp.autocast('cuda', args...)` instead.
  with torch.cuda.amp.autocast():
    epoch  9  train_loss=0.0493  val_loss=0.0570  val_qwk=0.4363  val_acc=0.4382
/home/norak/R&I/kxs-/train.py:148: FutureWarning: `torch.cuda.amp.autocast(args...)` is deprecated. Please use `torch.amp.autocast('cuda', args...)` instead.
  with torch.cuda.amp.autocast():
/home/norak/R&I/kxs-/train.py:169: FutureWarning: `torch.cuda.amp.autocast(args...)` is deprecated. Please use `torch.amp.autocast('cuda', args...)` instead.
  with torch.cuda.amp.autocast():
    epoch 10  train_loss=0.0470  val_loss=0.0535  val_qwk=0.4243  val_acc=0.3933
/home/norak/R&I/kxs-/train.py:148: FutureWarning: `torch.cuda.amp.autocast(args...)` is deprecated. Please use `torch.amp.autocast('cuda', args...)` instead.
  with torch.cuda.amp.autocast():
/home/norak/R&I/kxs-/train.py:169: FutureWarning: `torch.cuda.amp.autocast(args...)` is deprecated. Please use `torch.amp.autocast('cuda', args...)` instead.
  with torch.cuda.amp.autocast():
    epoch 11  train_loss=0.0482  val_loss=0.0525  val_qwk=0.4877  val_acc=0.4719
/home/norak/R&I/kxs-/train.py:148: FutureWarning: `torch.cuda.amp.autocast(args...)` is deprecated. Please use `torch.amp.autocast('cuda', args...)` instead.
  with torch.cuda.amp.autocast():
/home/norak/R&I/kxs-/train.py:169: FutureWarning: `torch.cuda.amp.autocast(args...)` is deprecated. Please use `torch.amp.autocast('cuda', args...)` instead.
  with torch.cuda.amp.autocast():
    epoch 12  train_loss=0.0466  val_loss=0.0537  val_qwk=0.4481  val_acc=0.4607
/home/norak/R&I/kxs-/train.py:148: FutureWarning: `torch.cuda.amp.autocast(args...)` is deprecated. Please use `torch.amp.autocast('cuda', args...)` instead.
  with torch.cuda.amp.autocast():
/home/norak/R&I/kxs-/train.py:169: FutureWarning: `torch.cuda.amp.autocast(args...)` is deprecated. Please use `torch.amp.autocast('cuda', args...)` instead.
  with torch.cuda.amp.autocast():
    epoch 13  train_loss=0.0479  val_loss=0.0551  val_qwk=0.4949  val_acc=0.4551
/home/norak/R&I/kxs-/train.py:148: FutureWarning: `torch.cuda.amp.autocast(args...)` is deprecated. Please use `torch.amp.autocast('cuda', args...)` instead.
  with torch.cuda.amp.autocast():
/home/norak/R&I/kxs-/train.py:169: FutureWarning: `torch.cuda.amp.autocast(args...)` is deprecated. Please use `torch.amp.autocast('cuda', args...)` instead.
  with torch.cuda.amp.autocast():
    epoch 14  train_loss=0.0469  val_loss=0.0518  val_qwk=0.5081  val_acc=0.4944
/home/norak/R&I/kxs-/train.py:148: FutureWarning: `torch.cuda.amp.autocast(args...)` is deprecated. Please use `torch.amp.autocast('cuda', args...)` instead.
  with torch.cuda.amp.autocast():
/home/norak/R&I/kxs-/train.py:169: FutureWarning: `torch.cuda.amp.autocast(args...)` is deprecated. Please use `torch.amp.autocast('cuda', args...)` instead.
  with torch.cuda.amp.autocast():
    epoch 15  train_loss=0.0452  val_loss=0.0518  val_qwk=0.4381  val_acc=0.4157
/home/norak/R&I/kxs-/train.py:148: FutureWarning: `torch.cuda.amp.autocast(args...)` is deprecated. Please use `torch.amp.autocast('cuda', args...)` instead.
  with torch.cuda.amp.autocast():
/home/norak/R&I/kxs-/train.py:169: FutureWarning: `torch.cuda.amp.autocast(args...)` is deprecated. Please use `torch.amp.autocast('cuda', args...)` instead.
  with torch.cuda.amp.autocast():
    epoch 16  train_loss=0.0461  val_loss=0.0543  val_qwk=0.4815  val_acc=0.4326
/home/norak/R&I/kxs-/train.py:148: FutureWarning: `torch.cuda.amp.autocast(args...)` is deprecated. Please use `torch.amp.autocast('cuda', args...)` instead.
  with torch.cuda.amp.autocast():
/home/norak/R&I/kxs-/train.py:169: FutureWarning: `torch.cuda.amp.autocast(args...)` is deprecated. Please use `torch.amp.autocast('cuda', args...)` instead.
  with torch.cuda.amp.autocast():
    epoch 17  train_loss=0.0463  val_loss=0.0551  val_qwk=0.4412  val_acc=0.4101
/home/norak/R&I/kxs-/train.py:148: FutureWarning: `torch.cuda.amp.autocast(args...)` is deprecated. Please use `torch.amp.autocast('cuda', args...)` instead.
  with torch.cuda.amp.autocast():
/home/norak/R&I/kxs-/train.py:169: FutureWarning: `torch.cuda.amp.autocast(args...)` is deprecated. Please use `torch.amp.autocast('cuda', args...)` instead.
  with torch.cuda.amp.autocast():
    epoch 18  train_loss=0.0453  val_loss=0.0553  val_qwk=0.4875  val_acc=0.4494
    early-stop at epoch 18 (best epoch=14, best_qwk=0.5081)
/home/norak/R&I/kxs-/train.py:169: FutureWarning: `torch.cuda.amp.autocast(args...)` is deprecated. Please use `torch.amp.autocast('cuda', args...)` instead.
  with torch.cuda.amp.autocast():
/home/norak/R&I/kxs-/train.py:169: FutureWarning: `torch.cuda.amp.autocast(args...)` is deprecated. Please use `torch.amp.autocast('cuda', args...)` instead.
  with torch.cuda.amp.autocast():
/home/norak/R&I/kxs-/train.py:169: FutureWarning: `torch.cuda.amp.autocast(args...)` is deprecated. Please use `torch.amp.autocast('cuda', args...)` instead.
  with torch.cuda.amp.autocast():
  [clean_ra_dual_mbert                ] train_qwk=0.6062 -> test_qwk=0.6458  raw_w1=0.6180  epoch=14  (133.9s)
Loading weights:   0%|          | 0/199 [00:00<?, ?it/s]Loading weights: 100%|██████████| 199/199 [00:00<00:00, 2726.37it/s]
[transformers] [1mXLMRobertaModel LOAD REPORT[0m from: xlm-roberta-base
Key                       | Status     |  | 
--------------------------+------------+--+-
lm_head.dense.weight      | UNEXPECTED |  | 
lm_head.layer_norm.weight | UNEXPECTED |  | 
lm_head.dense.bias        | UNEXPECTED |  | 
lm_head.layer_norm.bias   | UNEXPECTED |  | 
lm_head.bias              | UNEXPECTED |  | 

Notes:
- UNEXPECTED:	can be ignored when loading from different task/architecture; not ok if you expect identical arch.
/home/norak/R&I/kxs-/train.py:206: FutureWarning: `torch.cuda.amp.GradScaler(args...)` is deprecated. Please use `torch.amp.GradScaler('cuda', args...)` instead.
  scaler = torch.cuda.amp.GradScaler() if use_amp and device == "cuda" else None
/home/norak/R&I/kxs-/train.py:148: FutureWarning: `torch.cuda.amp.autocast(args...)` is deprecated. Please use `torch.amp.autocast('cuda', args...)` instead.
  with torch.cuda.amp.autocast():
/home/norak/R&I/kxs-/train.py:169: FutureWarning: `torch.cuda.amp.autocast(args...)` is deprecated. Please use `torch.amp.autocast('cuda', args...)` instead.
  with torch.cuda.amp.autocast():
    epoch  1  train_loss=0.0936  val_loss=0.0735  val_qwk=0.1047  val_acc=0.1742
/home/norak/R&I/kxs-/train.py:148: FutureWarning: `torch.cuda.amp.autocast(args...)` is deprecated. Please use `torch.amp.autocast('cuda', args...)` instead.
  with torch.cuda.amp.autocast():
/home/norak/R&I/kxs-/train.py:169: FutureWarning: `torch.cuda.amp.autocast(args...)` is deprecated. Please use `torch.amp.autocast('cuda', args...)` instead.
  with torch.cuda.amp.autocast():
    epoch  2  train_loss=0.0619  val_loss=0.0602  val_qwk=0.4092  val_acc=0.4045
/home/norak/R&I/kxs-/train.py:148: FutureWarning: `torch.cuda.amp.autocast(args...)` is deprecated. Please use `torch.amp.autocast('cuda', args...)` instead.
  with torch.cuda.amp.autocast():
/home/norak/R&I/kxs-/train.py:169: FutureWarning: `torch.cuda.amp.autocast(args...)` is deprecated. Please use `torch.amp.autocast('cuda', args...)` instead.
  with torch.cuda.amp.autocast():
    epoch  3  train_loss=0.0548  val_loss=0.0536  val_qwk=0.5102  val_acc=0.4944
/home/norak/R&I/kxs-/train.py:148: FutureWarning: `torch.cuda.amp.autocast(args...)` is deprecated. Please use `torch.amp.autocast('cuda', args...)` instead.
  with torch.cuda.amp.autocast():
/home/norak/R&I/kxs-/train.py:169: FutureWarning: `torch.cuda.amp.autocast(args...)` is deprecated. Please use `torch.amp.autocast('cuda', args...)` instead.
  with torch.cuda.amp.autocast():
    epoch  4  train_loss=0.0497  val_loss=0.0522  val_qwk=0.4838  val_acc=0.3989
/home/norak/R&I/kxs-/train.py:148: FutureWarning: `torch.cuda.amp.autocast(args...)` is deprecated. Please use `torch.amp.autocast('cuda', args...)` instead.
  with torch.cuda.amp.autocast():
/home/norak/R&I/kxs-/train.py:169: FutureWarning: `torch.cuda.amp.autocast(args...)` is deprecated. Please use `torch.amp.autocast('cuda', args...)` instead.
  with torch.cuda.amp.autocast():
    epoch  5  train_loss=0.0481  val_loss=0.0456  val_qwk=0.5786  val_acc=0.4719
/home/norak/R&I/kxs-/train.py:148: FutureWarning: `torch.cuda.amp.autocast(args...)` is deprecated. Please use `torch.amp.autocast('cuda', args...)` instead.
  with torch.cuda.amp.autocast():
/home/norak/R&I/kxs-/train.py:169: FutureWarning: `torch.cuda.amp.autocast(args...)` is deprecated. Please use `torch.amp.autocast('cuda', args...)` instead.
  with torch.cuda.amp.autocast():
    epoch  6  train_loss=0.0439  val_loss=0.0491  val_qwk=0.5851  val_acc=0.5169
/home/norak/R&I/kxs-/train.py:148: FutureWarning: `torch.cuda.amp.autocast(args...)` is deprecated. Please use `torch.amp.autocast('cuda', args...)` instead.
  with torch.cuda.amp.autocast():
/home/norak/R&I/kxs-/train.py:169: FutureWarning: `torch.cuda.amp.autocast(args...)` is deprecated. Please use `torch.amp.autocast('cuda', args...)` instead.
  with torch.cuda.amp.autocast():
    epoch  7  train_loss=0.0413  val_loss=0.0406  val_qwk=0.6272  val_acc=0.4944
/home/norak/R&I/kxs-/train.py:148: FutureWarning: `torch.cuda.amp.autocast(args...)` is deprecated. Please use `torch.amp.autocast('cuda', args...)` instead.
  with torch.cuda.amp.autocast():
/home/norak/R&I/kxs-/train.py:169: FutureWarning: `torch.cuda.amp.autocast(args...)` is deprecated. Please use `torch.amp.autocast('cuda', args...)` instead.
  with torch.cuda.amp.autocast():
    epoch  8  train_loss=0.0362  val_loss=0.0369  val_qwk=0.7086  val_acc=0.5899
/home/norak/R&I/kxs-/train.py:148: FutureWarning: `torch.cuda.amp.autocast(args...)` is deprecated. Please use `torch.amp.autocast('cuda', args...)` instead.
  with torch.cuda.amp.autocast():
/home/norak/R&I/kxs-/train.py:169: FutureWarning: `torch.cuda.amp.autocast(args...)` is deprecated. Please use `torch.amp.autocast('cuda', args...)` instead.
  with torch.cuda.amp.autocast():
    epoch  9  train_loss=0.0367  val_loss=0.0443  val_qwk=0.5965  val_acc=0.5169
/home/norak/R&I/kxs-/train.py:148: FutureWarning: `torch.cuda.amp.autocast(args...)` is deprecated. Please use `torch.amp.autocast('cuda', args...)` instead.
  with torch.cuda.amp.autocast():
/home/norak/R&I/kxs-/train.py:169: FutureWarning: `torch.cuda.amp.autocast(args...)` is deprecated. Please use `torch.amp.autocast('cuda', args...)` instead.
  with torch.cuda.amp.autocast():
    epoch 10  train_loss=0.0357  val_loss=0.0427  val_qwk=0.6103  val_acc=0.5056
/home/norak/R&I/kxs-/train.py:148: FutureWarning: `torch.cuda.amp.autocast(args...)` is deprecated. Please use `torch.amp.autocast('cuda', args...)` instead.
  with torch.cuda.amp.autocast():
/home/norak/R&I/kxs-/train.py:169: FutureWarning: `torch.cuda.amp.autocast(args...)` is deprecated. Please use `torch.amp.autocast('cuda', args...)` instead.
  with torch.cuda.amp.autocast():
    epoch 11  train_loss=0.0337  val_loss=0.0359  val_qwk=0.7111  val_acc=0.6011
/home/norak/R&I/kxs-/train.py:148: FutureWarning: `torch.cuda.amp.autocast(args...)` is deprecated. Please use `torch.amp.autocast('cuda', args...)` instead.
  with torch.cuda.amp.autocast():
/home/norak/R&I/kxs-/train.py:169: FutureWarning: `torch.cuda.amp.autocast(args...)` is deprecated. Please use `torch.amp.autocast('cuda', args...)` instead.
  with torch.cuda.amp.autocast():
    epoch 12  train_loss=0.0311  val_loss=0.0372  val_qwk=0.6454  val_acc=0.5899
/home/norak/R&I/kxs-/train.py:148: FutureWarning: `torch.cuda.amp.autocast(args...)` is deprecated. Please use `torch.amp.autocast('cuda', args...)` instead.
  with torch.cuda.amp.autocast():
/home/norak/R&I/kxs-/train.py:169: FutureWarning: `torch.cuda.amp.autocast(args...)` is deprecated. Please use `torch.amp.autocast('cuda', args...)` instead.
  with torch.cuda.amp.autocast():
    epoch 13  train_loss=0.0306  val_loss=0.0356  val_qwk=0.7010  val_acc=0.6011
/home/norak/R&I/kxs-/train.py:148: FutureWarning: `torch.cuda.amp.autocast(args...)` is deprecated. Please use `torch.amp.autocast('cuda', args...)` instead.
  with torch.cuda.amp.autocast():
/home/norak/R&I/kxs-/train.py:169: FutureWarning: `torch.cuda.amp.autocast(args...)` is deprecated. Please use `torch.amp.autocast('cuda', args...)` instead.
  with torch.cuda.amp.autocast():
    epoch 14  train_loss=0.0283  val_loss=0.0352  val_qwk=0.6952  val_acc=0.5562
/home/norak/R&I/kxs-/train.py:148: FutureWarning: `torch.cuda.amp.autocast(args...)` is deprecated. Please use `torch.amp.autocast('cuda', args...)` instead.
  with torch.cuda.amp.autocast():
/home/norak/R&I/kxs-/train.py:169: FutureWarning: `torch.cuda.amp.autocast(args...)` is deprecated. Please use `torch.amp.autocast('cuda', args...)` instead.
  with torch.cuda.amp.autocast():
    epoch 15  train_loss=0.0267  val_loss=0.0379  val_qwk=0.7027  val_acc=0.5955
    early-stop at epoch 15 (best epoch=11, best_qwk=0.7111)
/home/norak/R&I/kxs-/train.py:169: FutureWarning: `torch.cuda.amp.autocast(args...)` is deprecated. Please use `torch.amp.autocast('cuda', args...)` instead.
  with torch.cuda.amp.autocast():
/home/norak/R&I/kxs-/train.py:169: FutureWarning: `torch.cuda.amp.autocast(args...)` is deprecated. Please use `torch.amp.autocast('cuda', args...)` instead.
  with torch.cuda.amp.autocast():
/home/norak/R&I/kxs-/train.py:169: FutureWarning: `torch.cuda.amp.autocast(args...)` is deprecated. Please use `torch.amp.autocast('cuda', args...)` instead.
  with torch.cuda.amp.autocast():
  [clean_ra_dual_xlmr                 ] train_qwk=0.7799 -> test_qwk=0.6780  raw_w1=0.6854  epoch=11  (119.0s)
Loading weights:   0%|          | 0/136 [00:00<?, ?it/s]Loading weights:   3%|▎         | 4/136 [00:00<00:03, 33.36it/s]Loading weights: 100%|██████████| 136/136 [00:00<00:00, 914.98it/s]
[transformers] [1mNewModel LOAD REPORT[0m from: Alibaba-NLP/gte-multilingual-base
Key               | Status     |  | 
------------------+------------+--+-
classifier.bias   | UNEXPECTED |  | 
classifier.weight | UNEXPECTED |  | 

Notes:
- UNEXPECTED:	can be ignored when loading from different task/architecture; not ok if you expect identical arch.
/home/norak/R&I/kxs-/train.py:206: FutureWarning: `torch.cuda.amp.GradScaler(args...)` is deprecated. Please use `torch.amp.GradScaler('cuda', args...)` instead.
  scaler = torch.cuda.amp.GradScaler() if use_amp and device == "cuda" else None
/home/norak/R&I/kxs-/train.py:148: FutureWarning: `torch.cuda.amp.autocast(args...)` is deprecated. Please use `torch.amp.autocast('cuda', args...)` instead.
  with torch.cuda.amp.autocast():
/home/norak/R&I/kxs-/train.py:169: FutureWarning: `torch.cuda.amp.autocast(args...)` is deprecated. Please use `torch.amp.autocast('cuda', args...)` instead.
  with torch.cuda.amp.autocast():
    epoch  1  train_loss=0.0703  val_loss=0.0512  val_qwk=0.5051  val_acc=0.3876
/home/norak/R&I/kxs-/train.py:148: FutureWarning: `torch.cuda.amp.autocast(args...)` is deprecated. Please use `torch.amp.autocast('cuda', args...)` instead.
  with torch.cuda.amp.autocast():
/home/norak/R&I/kxs-/train.py:169: FutureWarning: `torch.cuda.amp.autocast(args...)` is deprecated. Please use `torch.amp.autocast('cuda', args...)` instead.
  with torch.cuda.amp.autocast():
    epoch  2  train_loss=0.0451  val_loss=0.0413  val_qwk=0.6350  val_acc=0.5393
/home/norak/R&I/kxs-/train.py:148: FutureWarning: `torch.cuda.amp.autocast(args...)` is deprecated. Please use `torch.amp.autocast('cuda', args...)` instead.
  with torch.cuda.amp.autocast():
/home/norak/R&I/kxs-/train.py:169: FutureWarning: `torch.cuda.amp.autocast(args...)` is deprecated. Please use `torch.amp.autocast('cuda', args...)` instead.
  with torch.cuda.amp.autocast():
    epoch  3  train_loss=0.0332  val_loss=0.0392  val_qwk=0.6293  val_acc=0.5281
/home/norak/R&I/kxs-/train.py:148: FutureWarning: `torch.cuda.amp.autocast(args...)` is deprecated. Please use `torch.amp.autocast('cuda', args...)` instead.
  with torch.cuda.amp.autocast():
/home/norak/R&I/kxs-/train.py:169: FutureWarning: `torch.cuda.amp.autocast(args...)` is deprecated. Please use `torch.amp.autocast('cuda', args...)` instead.
  with torch.cuda.amp.autocast():
    epoch  4  train_loss=0.0302  val_loss=0.0364  val_qwk=0.6891  val_acc=0.5843
/home/norak/R&I/kxs-/train.py:148: FutureWarning: `torch.cuda.amp.autocast(args...)` is deprecated. Please use `torch.amp.autocast('cuda', args...)` instead.
  with torch.cuda.amp.autocast():
/home/norak/R&I/kxs-/train.py:169: FutureWarning: `torch.cuda.amp.autocast(args...)` is deprecated. Please use `torch.amp.autocast('cuda', args...)` instead.
  with torch.cuda.amp.autocast():
    epoch  5  train_loss=0.0263  val_loss=0.0359  val_qwk=0.6711  val_acc=0.5899
/home/norak/R&I/kxs-/train.py:148: FutureWarning: `torch.cuda.amp.autocast(args...)` is deprecated. Please use `torch.amp.autocast('cuda', args...)` instead.
  with torch.cuda.amp.autocast():
/home/norak/R&I/kxs-/train.py:169: FutureWarning: `torch.cuda.amp.autocast(args...)` is deprecated. Please use `torch.amp.autocast('cuda', args...)` instead.
  with torch.cuda.amp.autocast():
    epoch  6  train_loss=0.0231  val_loss=0.0336  val_qwk=0.7311  val_acc=0.6573
/home/norak/R&I/kxs-/train.py:148: FutureWarning: `torch.cuda.amp.autocast(args...)` is deprecated. Please use `torch.amp.autocast('cuda', args...)` instead.
  with torch.cuda.amp.autocast():
/home/norak/R&I/kxs-/train.py:169: FutureWarning: `torch.cuda.amp.autocast(args...)` is deprecated. Please use `torch.amp.autocast('cuda', args...)` instead.
  with torch.cuda.amp.autocast():
    epoch  7  train_loss=0.0211  val_loss=0.0294  val_qwk=0.7799  val_acc=0.6573
/home/norak/R&I/kxs-/train.py:148: FutureWarning: `torch.cuda.amp.autocast(args...)` is deprecated. Please use `torch.amp.autocast('cuda', args...)` instead.
  with torch.cuda.amp.autocast():
/home/norak/R&I/kxs-/train.py:169: FutureWarning: `torch.cuda.amp.autocast(args...)` is deprecated. Please use `torch.amp.autocast('cuda', args...)` instead.
  with torch.cuda.amp.autocast():
    epoch  8  train_loss=0.0192  val_loss=0.0307  val_qwk=0.7654  val_acc=0.6517
/home/norak/R&I/kxs-/train.py:148: FutureWarning: `torch.cuda.amp.autocast(args...)` is deprecated. Please use `torch.amp.autocast('cuda', args...)` instead.
  with torch.cuda.amp.autocast():
/home/norak/R&I/kxs-/train.py:169: FutureWarning: `torch.cuda.amp.autocast(args...)` is deprecated. Please use `torch.amp.autocast('cuda', args...)` instead.
  with torch.cuda.amp.autocast():
    epoch  9  train_loss=0.0181  val_loss=0.0297  val_qwk=0.7486  val_acc=0.6180
/home/norak/R&I/kxs-/train.py:148: FutureWarning: `torch.cuda.amp.autocast(args...)` is deprecated. Please use `torch.amp.autocast('cuda', args...)` instead.
  with torch.cuda.amp.autocast():
/home/norak/R&I/kxs-/train.py:169: FutureWarning: `torch.cuda.amp.autocast(args...)` is deprecated. Please use `torch.amp.autocast('cuda', args...)` instead.
  with torch.cuda.amp.autocast():
    epoch 10  train_loss=0.0173  val_loss=0.0284  val_qwk=0.7377  val_acc=0.6180
/home/norak/R&I/kxs-/train.py:148: FutureWarning: `torch.cuda.amp.autocast(args...)` is deprecated. Please use `torch.amp.autocast('cuda', args...)` instead.
  with torch.cuda.amp.autocast():
/home/norak/R&I/kxs-/train.py:169: FutureWarning: `torch.cuda.amp.autocast(args...)` is deprecated. Please use `torch.amp.autocast('cuda', args...)` instead.
  with torch.cuda.amp.autocast():
    epoch 11  train_loss=0.0160  val_loss=0.0310  val_qwk=0.7514  val_acc=0.6742
    early-stop at epoch 11 (best epoch=7, best_qwk=0.7799)
/home/norak/R&I/kxs-/train.py:169: FutureWarning: `torch.cuda.amp.autocast(args...)` is deprecated. Please use `torch.amp.autocast('cuda', args...)` instead.
  with torch.cuda.amp.autocast():
/home/norak/R&I/kxs-/train.py:169: FutureWarning: `torch.cuda.amp.autocast(args...)` is deprecated. Please use `torch.amp.autocast('cuda', args...)` instead.
  with torch.cuda.amp.autocast():
/home/norak/R&I/kxs-/train.py:169: FutureWarning: `torch.cuda.amp.autocast(args...)` is deprecated. Please use `torch.amp.autocast('cuda', args...)` instead.
  with torch.cuda.amp.autocast():
  [clean_ra_dual_gte                  ] train_qwk=0.8538 -> test_qwk=0.7824  raw_w1=0.7303  epoch=7  (104.0s)
Loading weights:   0%|          | 0/199 [00:00<?, ?it/s]Loading weights: 100%|██████████| 199/199 [00:00<00:00, 2865.39it/s]
[transformers] [1mBertModel LOAD REPORT[0m from: bert-base-multilingual-cased
Key                                        | Status     |  | 
-------------------------------------------+------------+--+-
cls.predictions.transform.dense.weight     | UNEXPECTED |  | 
cls.seq_relationship.weight                | UNEXPECTED |  | 
cls.seq_relationship.bias                  | UNEXPECTED |  | 
cls.predictions.transform.LayerNorm.bias   | UNEXPECTED |  | 
cls.predictions.bias                       | UNEXPECTED |  | 
cls.predictions.transform.dense.bias       | UNEXPECTED |  | 
cls.predictions.transform.LayerNorm.weight | UNEXPECTED |  | 

Notes:
- UNEXPECTED:	can be ignored when loading from different task/architecture; not ok if you expect identical arch.
/home/norak/R&I/kxs-/train.py:206: FutureWarning: `torch.cuda.amp.GradScaler(args...)` is deprecated. Please use `torch.amp.GradScaler('cuda', args...)` instead.
  scaler = torch.cuda.amp.GradScaler() if use_amp and device == "cuda" else None
/home/norak/R&I/kxs-/train.py:148: FutureWarning: `torch.cuda.amp.autocast(args...)` is deprecated. Please use `torch.amp.autocast('cuda', args...)` instead.
  with torch.cuda.amp.autocast():
/home/norak/R&I/kxs-/train.py:169: FutureWarning: `torch.cuda.amp.autocast(args...)` is deprecated. Please use `torch.amp.autocast('cuda', args...)` instead.
  with torch.cuda.amp.autocast():
    epoch  1  train_loss=0.0798  val_loss=0.0784  val_qwk=0.0000  val_acc=0.1629
/home/norak/R&I/kxs-/train.py:148: FutureWarning: `torch.cuda.amp.autocast(args...)` is deprecated. Please use `torch.amp.autocast('cuda', args...)` instead.
  with torch.cuda.amp.autocast():
/home/norak/R&I/kxs-/train.py:169: FutureWarning: `torch.cuda.amp.autocast(args...)` is deprecated. Please use `torch.amp.autocast('cuda', args...)` instead.
  with torch.cuda.amp.autocast():
    epoch  2  train_loss=0.0715  val_loss=0.0947  val_qwk=0.1414  val_acc=0.2865
/home/norak/R&I/kxs-/train.py:148: FutureWarning: `torch.cuda.amp.autocast(args...)` is deprecated. Please use `torch.amp.autocast('cuda', args...)` instead.
  with torch.cuda.amp.autocast():
/home/norak/R&I/kxs-/train.py:169: FutureWarning: `torch.cuda.amp.autocast(args...)` is deprecated. Please use `torch.amp.autocast('cuda', args...)` instead.
  with torch.cuda.amp.autocast():
    epoch  3  train_loss=0.0706  val_loss=0.0744  val_qwk=0.3243  val_acc=0.3034
/home/norak/R&I/kxs-/train.py:148: FutureWarning: `torch.cuda.amp.autocast(args...)` is deprecated. Please use `torch.amp.autocast('cuda', args...)` instead.
  with torch.cuda.amp.autocast():
/home/norak/R&I/kxs-/train.py:169: FutureWarning: `torch.cuda.amp.autocast(args...)` is deprecated. Please use `torch.amp.autocast('cuda', args...)` instead.
  with torch.cuda.amp.autocast():
    epoch  4  train_loss=0.0653  val_loss=0.0660  val_qwk=0.2067  val_acc=0.2191
/home/norak/R&I/kxs-/train.py:148: FutureWarning: `torch.cuda.amp.autocast(args...)` is deprecated. Please use `torch.amp.autocast('cuda', args...)` instead.
  with torch.cuda.amp.autocast():
/home/norak/R&I/kxs-/train.py:169: FutureWarning: `torch.cuda.amp.autocast(args...)` is deprecated. Please use `torch.amp.autocast('cuda', args...)` instead.
  with torch.cuda.amp.autocast():
    epoch  5  train_loss=0.0635  val_loss=0.0660  val_qwk=0.1998  val_acc=0.2640
/home/norak/R&I/kxs-/train.py:148: FutureWarning: `torch.cuda.amp.autocast(args...)` is deprecated. Please use `torch.amp.autocast('cuda', args...)` instead.
  with torch.cuda.amp.autocast():
/home/norak/R&I/kxs-/train.py:169: FutureWarning: `torch.cuda.amp.autocast(args...)` is deprecated. Please use `torch.amp.autocast('cuda', args...)` instead.
  with torch.cuda.amp.autocast():
    epoch  6  train_loss=0.0617  val_loss=0.0606  val_qwk=0.3928  val_acc=0.3371
/home/norak/R&I/kxs-/train.py:148: FutureWarning: `torch.cuda.amp.autocast(args...)` is deprecated. Please use `torch.amp.autocast('cuda', args...)` instead.
  with torch.cuda.amp.autocast():
/home/norak/R&I/kxs-/train.py:169: FutureWarning: `torch.cuda.amp.autocast(args...)` is deprecated. Please use `torch.amp.autocast('cuda', args...)` instead.
  with torch.cuda.amp.autocast():
    epoch  7  train_loss=0.0605  val_loss=0.0700  val_qwk=0.2315  val_acc=0.2584
/home/norak/R&I/kxs-/train.py:148: FutureWarning: `torch.cuda.amp.autocast(args...)` is deprecated. Please use `torch.amp.autocast('cuda', args...)` instead.
  with torch.cuda.amp.autocast():
/home/norak/R&I/kxs-/train.py:169: FutureWarning: `torch.cuda.amp.autocast(args...)` is deprecated. Please use `torch.amp.autocast('cuda', args...)` instead.
  with torch.cuda.amp.autocast():
    epoch  8  train_loss=0.0617  val_loss=0.0607  val_qwk=0.4597  val_acc=0.4270
/home/norak/R&I/kxs-/train.py:148: FutureWarning: `torch.cuda.amp.autocast(args...)` is deprecated. Please use `torch.amp.autocast('cuda', args...)` instead.
  with torch.cuda.amp.autocast():
/home/norak/R&I/kxs-/train.py:169: FutureWarning: `torch.cuda.amp.autocast(args...)` is deprecated. Please use `torch.amp.autocast('cuda', args...)` instead.
  with torch.cuda.amp.autocast():
    epoch  9  train_loss=0.0560  val_loss=0.0555  val_qwk=0.4534  val_acc=0.4101
/home/norak/R&I/kxs-/train.py:148: FutureWarning: `torch.cuda.amp.autocast(args...)` is deprecated. Please use `torch.amp.autocast('cuda', args...)` instead.
  with torch.cuda.amp.autocast():
/home/norak/R&I/kxs-/train.py:169: FutureWarning: `torch.cuda.amp.autocast(args...)` is deprecated. Please use `torch.amp.autocast('cuda', args...)` instead.
  with torch.cuda.amp.autocast():
    epoch 10  train_loss=0.0534  val_loss=0.0532  val_qwk=0.5260  val_acc=0.4719
/home/norak/R&I/kxs-/train.py:148: FutureWarning: `torch.cuda.amp.autocast(args...)` is deprecated. Please use `torch.amp.autocast('cuda', args...)` instead.
  with torch.cuda.amp.autocast():
/home/norak/R&I/kxs-/train.py:169: FutureWarning: `torch.cuda.amp.autocast(args...)` is deprecated. Please use `torch.amp.autocast('cuda', args...)` instead.
  with torch.cuda.amp.autocast():
    epoch 11  train_loss=0.0540  val_loss=0.0544  val_qwk=0.4317  val_acc=0.3427
/home/norak/R&I/kxs-/train.py:148: FutureWarning: `torch.cuda.amp.autocast(args...)` is deprecated. Please use `torch.amp.autocast('cuda', args...)` instead.
  with torch.cuda.amp.autocast():
/home/norak/R&I/kxs-/train.py:169: FutureWarning: `torch.cuda.amp.autocast(args...)` is deprecated. Please use `torch.amp.autocast('cuda', args...)` instead.
  with torch.cuda.amp.autocast():
    epoch 12  train_loss=0.0518  val_loss=0.0566  val_qwk=0.4787  val_acc=0.4438
/home/norak/R&I/kxs-/train.py:148: FutureWarning: `torch.cuda.amp.autocast(args...)` is deprecated. Please use `torch.amp.autocast('cuda', args...)` instead.
  with torch.cuda.amp.autocast():
/home/norak/R&I/kxs-/train.py:169: FutureWarning: `torch.cuda.amp.autocast(args...)` is deprecated. Please use `torch.amp.autocast('cuda', args...)` instead.
  with torch.cuda.amp.autocast():
    epoch 13  train_loss=0.0512  val_loss=0.0584  val_qwk=0.3815  val_acc=0.4326
/home/norak/R&I/kxs-/train.py:148: FutureWarning: `torch.cuda.amp.autocast(args...)` is deprecated. Please use `torch.amp.autocast('cuda', args...)` instead.
  with torch.cuda.amp.autocast():
/home/norak/R&I/kxs-/train.py:169: FutureWarning: `torch.cuda.amp.autocast(args...)` is deprecated. Please use `torch.amp.autocast('cuda', args...)` instead.
  with torch.cuda.amp.autocast():
    epoch 14  train_loss=0.0524  val_loss=0.0558  val_qwk=0.5272  val_acc=0.5000
/home/norak/R&I/kxs-/train.py:148: FutureWarning: `torch.cuda.amp.autocast(args...)` is deprecated. Please use `torch.amp.autocast('cuda', args...)` instead.
  with torch.cuda.amp.autocast():
/home/norak/R&I/kxs-/train.py:169: FutureWarning: `torch.cuda.amp.autocast(args...)` is deprecated. Please use `torch.amp.autocast('cuda', args...)` instead.
  with torch.cuda.amp.autocast():
    epoch 15  train_loss=0.0512  val_loss=0.0521  val_qwk=0.5566  val_acc=0.5169
/home/norak/R&I/kxs-/train.py:148: FutureWarning: `torch.cuda.amp.autocast(args...)` is deprecated. Please use `torch.amp.autocast('cuda', args...)` instead.
  with torch.cuda.amp.autocast():
/home/norak/R&I/kxs-/train.py:169: FutureWarning: `torch.cuda.amp.autocast(args...)` is deprecated. Please use `torch.amp.autocast('cuda', args...)` instead.
  with torch.cuda.amp.autocast():
    epoch 16  train_loss=0.0490  val_loss=0.0524  val_qwk=0.5364  val_acc=0.4719
/home/norak/R&I/kxs-/train.py:148: FutureWarning: `torch.cuda.amp.autocast(args...)` is deprecated. Please use `torch.amp.autocast('cuda', args...)` instead.
  with torch.cuda.amp.autocast():
/home/norak/R&I/kxs-/train.py:169: FutureWarning: `torch.cuda.amp.autocast(args...)` is deprecated. Please use `torch.amp.autocast('cuda', args...)` instead.
  with torch.cuda.amp.autocast():
    epoch 17  train_loss=0.0468  val_loss=0.0534  val_qwk=0.5314  val_acc=0.4944
/home/norak/R&I/kxs-/train.py:148: FutureWarning: `torch.cuda.amp.autocast(args...)` is deprecated. Please use `torch.amp.autocast('cuda', args...)` instead.
  with torch.cuda.amp.autocast():
/home/norak/R&I/kxs-/train.py:169: FutureWarning: `torch.cuda.amp.autocast(args...)` is deprecated. Please use `torch.amp.autocast('cuda', args...)` instead.
  with torch.cuda.amp.autocast():
    epoch 18  train_loss=0.0481  val_loss=0.0527  val_qwk=0.4873  val_acc=0.4382
/home/norak/R&I/kxs-/train.py:148: FutureWarning: `torch.cuda.amp.autocast(args...)` is deprecated. Please use `torch.amp.autocast('cuda', args...)` instead.
  with torch.cuda.amp.autocast():
/home/norak/R&I/kxs-/train.py:169: FutureWarning: `torch.cuda.amp.autocast(args...)` is deprecated. Please use `torch.amp.autocast('cuda', args...)` instead.
  with torch.cuda.amp.autocast():
    epoch 19  train_loss=0.0480  val_loss=0.0521  val_qwk=0.5058  val_acc=0.4719
    early-stop at epoch 19 (best epoch=15, best_qwk=0.5566)
/home/norak/R&I/kxs-/train.py:169: FutureWarning: `torch.cuda.amp.autocast(args...)` is deprecated. Please use `torch.amp.autocast('cuda', args...)` instead.
  with torch.cuda.amp.autocast():
/home/norak/R&I/kxs-/train.py:169: FutureWarning: `torch.cuda.amp.autocast(args...)` is deprecated. Please use `torch.amp.autocast('cuda', args...)` instead.
  with torch.cuda.amp.autocast():
/home/norak/R&I/kxs-/train.py:169: FutureWarning: `torch.cuda.amp.autocast(args...)` is deprecated. Please use `torch.amp.autocast('cuda', args...)` instead.
  with torch.cuda.amp.autocast():
  [clean_ra_cross_mbert               ] train_qwk=0.5609 -> test_qwk=0.6429  raw_w1=0.6124  epoch=15  (83.3s)
Loading weights:   0%|          | 0/199 [00:00<?, ?it/s]Loading weights: 100%|██████████| 199/199 [00:00<00:00, 2919.72it/s]
[transformers] [1mXLMRobertaModel LOAD REPORT[0m from: xlm-roberta-base
Key                       | Status     |  | 
--------------------------+------------+--+-
lm_head.dense.weight      | UNEXPECTED |  | 
lm_head.layer_norm.weight | UNEXPECTED |  | 
lm_head.dense.bias        | UNEXPECTED |  | 
lm_head.layer_norm.bias   | UNEXPECTED |  | 
lm_head.bias              | UNEXPECTED |  | 

Notes:
- UNEXPECTED:	can be ignored when loading from different task/architecture; not ok if you expect identical arch.
/home/norak/R&I/kxs-/train.py:206: FutureWarning: `torch.cuda.amp.GradScaler(args...)` is deprecated. Please use `torch.amp.GradScaler('cuda', args...)` instead.
  scaler = torch.cuda.amp.GradScaler() if use_amp and device == "cuda" else None
/home/norak/R&I/kxs-/train.py:148: FutureWarning: `torch.cuda.amp.autocast(args...)` is deprecated. Please use `torch.amp.autocast('cuda', args...)` instead.
  with torch.cuda.amp.autocast():
/home/norak/R&I/kxs-/train.py:169: FutureWarning: `torch.cuda.amp.autocast(args...)` is deprecated. Please use `torch.amp.autocast('cuda', args...)` instead.
  with torch.cuda.amp.autocast():
    epoch  1  train_loss=0.0782  val_loss=0.0605  val_qwk=0.3303  val_acc=0.2921
/home/norak/R&I/kxs-/train.py:148: FutureWarning: `torch.cuda.amp.autocast(args...)` is deprecated. Please use `torch.amp.autocast('cuda', args...)` instead.
  with torch.cuda.amp.autocast():
/home/norak/R&I/kxs-/train.py:169: FutureWarning: `torch.cuda.amp.autocast(args...)` is deprecated. Please use `torch.amp.autocast('cuda', args...)` instead.
  with torch.cuda.amp.autocast():
    epoch  2  train_loss=0.0650  val_loss=0.0571  val_qwk=0.4925  val_acc=0.4213
/home/norak/R&I/kxs-/train.py:148: FutureWarning: `torch.cuda.amp.autocast(args...)` is deprecated. Please use `torch.amp.autocast('cuda', args...)` instead.
  with torch.cuda.amp.autocast():
/home/norak/R&I/kxs-/train.py:169: FutureWarning: `torch.cuda.amp.autocast(args...)` is deprecated. Please use `torch.amp.autocast('cuda', args...)` instead.
  with torch.cuda.amp.autocast():
    epoch  3  train_loss=0.0590  val_loss=0.0503  val_qwk=0.5071  val_acc=0.4494
/home/norak/R&I/kxs-/train.py:148: FutureWarning: `torch.cuda.amp.autocast(args...)` is deprecated. Please use `torch.amp.autocast('cuda', args...)` instead.
  with torch.cuda.amp.autocast():
/home/norak/R&I/kxs-/train.py:169: FutureWarning: `torch.cuda.amp.autocast(args...)` is deprecated. Please use `torch.amp.autocast('cuda', args...)` instead.
  with torch.cuda.amp.autocast():
    epoch  4  train_loss=0.0517  val_loss=0.0488  val_qwk=0.5700  val_acc=0.5281
/home/norak/R&I/kxs-/train.py:148: FutureWarning: `torch.cuda.amp.autocast(args...)` is deprecated. Please use `torch.amp.autocast('cuda', args...)` instead.
  with torch.cuda.amp.autocast():
/home/norak/R&I/kxs-/train.py:169: FutureWarning: `torch.cuda.amp.autocast(args...)` is deprecated. Please use `torch.amp.autocast('cuda', args...)` instead.
  with torch.cuda.amp.autocast():
    epoch  5  train_loss=0.0464  val_loss=0.0428  val_qwk=0.6002  val_acc=0.5674
/home/norak/R&I/kxs-/train.py:148: FutureWarning: `torch.cuda.amp.autocast(args...)` is deprecated. Please use `torch.amp.autocast('cuda', args...)` instead.
  with torch.cuda.amp.autocast():
/home/norak/R&I/kxs-/train.py:169: FutureWarning: `torch.cuda.amp.autocast(args...)` is deprecated. Please use `torch.amp.autocast('cuda', args...)` instead.
  with torch.cuda.amp.autocast():
    epoch  6  train_loss=0.0453  val_loss=0.0403  val_qwk=0.6809  val_acc=0.5955
/home/norak/R&I/kxs-/train.py:148: FutureWarning: `torch.cuda.amp.autocast(args...)` is deprecated. Please use `torch.amp.autocast('cuda', args...)` instead.
  with torch.cuda.amp.autocast():
/home/norak/R&I/kxs-/train.py:169: FutureWarning: `torch.cuda.amp.autocast(args...)` is deprecated. Please use `torch.amp.autocast('cuda', args...)` instead.
  with torch.cuda.amp.autocast():
    epoch  7  train_loss=0.0414  val_loss=0.0409  val_qwk=0.5879  val_acc=0.5618
/home/norak/R&I/kxs-/train.py:148: FutureWarning: `torch.cuda.amp.autocast(args...)` is deprecated. Please use `torch.amp.autocast('cuda', args...)` instead.
  with torch.cuda.amp.autocast():
/home/norak/R&I/kxs-/train.py:169: FutureWarning: `torch.cuda.amp.autocast(args...)` is deprecated. Please use `torch.amp.autocast('cuda', args...)` instead.
  with torch.cuda.amp.autocast():
    epoch  8  train_loss=0.0372  val_loss=0.0422  val_qwk=0.6869  val_acc=0.6011
/home/norak/R&I/kxs-/train.py:148: FutureWarning: `torch.cuda.amp.autocast(args...)` is deprecated. Please use `torch.amp.autocast('cuda', args...)` instead.
  with torch.cuda.amp.autocast():
/home/norak/R&I/kxs-/train.py:169: FutureWarning: `torch.cuda.amp.autocast(args...)` is deprecated. Please use `torch.amp.autocast('cuda', args...)` instead.
  with torch.cuda.amp.autocast():
    epoch  9  train_loss=0.0370  val_loss=0.0379  val_qwk=0.6773  val_acc=0.5787
/home/norak/R&I/kxs-/train.py:148: FutureWarning: `torch.cuda.amp.autocast(args...)` is deprecated. Please use `torch.amp.autocast('cuda', args...)` instead.
  with torch.cuda.amp.autocast():
/home/norak/R&I/kxs-/train.py:169: FutureWarning: `torch.cuda.amp.autocast(args...)` is deprecated. Please use `torch.amp.autocast('cuda', args...)` instead.
  with torch.cuda.amp.autocast():
    epoch 10  train_loss=0.0350  val_loss=0.0370  val_qwk=0.7312  val_acc=0.6404
/home/norak/R&I/kxs-/train.py:148: FutureWarning: `torch.cuda.amp.autocast(args...)` is deprecated. Please use `torch.amp.autocast('cuda', args...)` instead.
  with torch.cuda.amp.autocast():
/home/norak/R&I/kxs-/train.py:169: FutureWarning: `torch.cuda.amp.autocast(args...)` is deprecated. Please use `torch.amp.autocast('cuda', args...)` instead.
  with torch.cuda.amp.autocast():
    epoch 11  train_loss=0.0329  val_loss=0.0359  val_qwk=0.6921  val_acc=0.6067
/home/norak/R&I/kxs-/train.py:148: FutureWarning: `torch.cuda.amp.autocast(args...)` is deprecated. Please use `torch.amp.autocast('cuda', args...)` instead.
  with torch.cuda.amp.autocast():
/home/norak/R&I/kxs-/train.py:169: FutureWarning: `torch.cuda.amp.autocast(args...)` is deprecated. Please use `torch.amp.autocast('cuda', args...)` instead.
  with torch.cuda.amp.autocast():
    epoch 12  train_loss=0.0290  val_loss=0.0358  val_qwk=0.7116  val_acc=0.6067
/home/norak/R&I/kxs-/train.py:148: FutureWarning: `torch.cuda.amp.autocast(args...)` is deprecated. Please use `torch.amp.autocast('cuda', args...)` instead.
  with torch.cuda.amp.autocast():
/home/norak/R&I/kxs-/train.py:169: FutureWarning: `torch.cuda.amp.autocast(args...)` is deprecated. Please use `torch.amp.autocast('cuda', args...)` instead.
  with torch.cuda.amp.autocast():
    epoch 13  train_loss=0.0296  val_loss=0.0406  val_qwk=0.6643  val_acc=0.6461
/home/norak/R&I/kxs-/train.py:148: FutureWarning: `torch.cuda.amp.autocast(args...)` is deprecated. Please use `torch.amp.autocast('cuda', args...)` instead.
  with torch.cuda.amp.autocast():
/home/norak/R&I/kxs-/train.py:169: FutureWarning: `torch.cuda.amp.autocast(args...)` is deprecated. Please use `torch.amp.autocast('cuda', args...)` instead.
  with torch.cuda.amp.autocast():
    epoch 14  train_loss=0.0286  val_loss=0.0373  val_qwk=0.7359  val_acc=0.6685
/home/norak/R&I/kxs-/train.py:148: FutureWarning: `torch.cuda.amp.autocast(args...)` is deprecated. Please use `torch.amp.autocast('cuda', args...)` instead.
  with torch.cuda.amp.autocast():
/home/norak/R&I/kxs-/train.py:169: FutureWarning: `torch.cuda.amp.autocast(args...)` is deprecated. Please use `torch.amp.autocast('cuda', args...)` instead.
  with torch.cuda.amp.autocast():
    epoch 15  train_loss=0.0240  val_loss=0.0361  val_qwk=0.7367  val_acc=0.6798
/home/norak/R&I/kxs-/train.py:148: FutureWarning: `torch.cuda.amp.autocast(args...)` is deprecated. Please use `torch.amp.autocast('cuda', args...)` instead.
  with torch.cuda.amp.autocast():
/home/norak/R&I/kxs-/train.py:169: FutureWarning: `torch.cuda.amp.autocast(args...)` is deprecated. Please use `torch.amp.autocast('cuda', args...)` instead.
  with torch.cuda.amp.autocast():
    epoch 16  train_loss=0.0250  val_loss=0.0329  val_qwk=0.7595  val_acc=0.6461
/home/norak/R&I/kxs-/train.py:148: FutureWarning: `torch.cuda.amp.autocast(args...)` is deprecated. Please use `torch.amp.autocast('cuda', args...)` instead.
  with torch.cuda.amp.autocast():
/home/norak/R&I/kxs-/train.py:169: FutureWarning: `torch.cuda.amp.autocast(args...)` is deprecated. Please use `torch.amp.autocast('cuda', args...)` instead.
  with torch.cuda.amp.autocast():
    epoch 17  train_loss=0.0235  val_loss=0.0370  val_qwk=0.6936  val_acc=0.6236
/home/norak/R&I/kxs-/train.py:148: FutureWarning: `torch.cuda.amp.autocast(args...)` is deprecated. Please use `torch.amp.autocast('cuda', args...)` instead.
  with torch.cuda.amp.autocast():
/home/norak/R&I/kxs-/train.py:169: FutureWarning: `torch.cuda.amp.autocast(args...)` is deprecated. Please use `torch.amp.autocast('cuda', args...)` instead.
  with torch.cuda.amp.autocast():
    epoch 18  train_loss=0.0241  val_loss=0.0335  val_qwk=0.7426  val_acc=0.6461
/home/norak/R&I/kxs-/train.py:148: FutureWarning: `torch.cuda.amp.autocast(args...)` is deprecated. Please use `torch.amp.autocast('cuda', args...)` instead.
  with torch.cuda.amp.autocast():
/home/norak/R&I/kxs-/train.py:169: FutureWarning: `torch.cuda.amp.autocast(args...)` is deprecated. Please use `torch.amp.autocast('cuda', args...)` instead.
  with torch.cuda.amp.autocast():
    epoch 19  train_loss=0.0212  val_loss=0.0354  val_qwk=0.6972  val_acc=0.5899
/home/norak/R&I/kxs-/train.py:148: FutureWarning: `torch.cuda.amp.autocast(args...)` is deprecated. Please use `torch.amp.autocast('cuda', args...)` instead.
  with torch.cuda.amp.autocast():
/home/norak/R&I/kxs-/train.py:169: FutureWarning: `torch.cuda.amp.autocast(args...)` is deprecated. Please use `torch.amp.autocast('cuda', args...)` instead.
  with torch.cuda.amp.autocast():
    epoch 20  train_loss=0.0209  val_loss=0.0353  val_qwk=0.7446  val_acc=0.6573
    early-stop at epoch 20 (best epoch=16, best_qwk=0.7595)
/home/norak/R&I/kxs-/train.py:169: FutureWarning: `torch.cuda.amp.autocast(args...)` is deprecated. Please use `torch.amp.autocast('cuda', args...)` instead.
  with torch.cuda.amp.autocast():
/home/norak/R&I/kxs-/train.py:169: FutureWarning: `torch.cuda.amp.autocast(args...)` is deprecated. Please use `torch.amp.autocast('cuda', args...)` instead.
  with torch.cuda.amp.autocast():
/home/norak/R&I/kxs-/train.py:169: FutureWarning: `torch.cuda.amp.autocast(args...)` is deprecated. Please use `torch.amp.autocast('cuda', args...)` instead.
  with torch.cuda.amp.autocast():
  [clean_ra_cross_xlmr                ] train_qwk=0.8318 -> test_qwk=0.7553  raw_w1=0.7135  epoch=16  (103.9s)
Loading weights:   0%|          | 0/136 [00:00<?, ?it/s]Loading weights:   3%|▎         | 4/136 [00:00<00:04, 27.05it/s]Loading weights: 100%|██████████| 136/136 [00:00<00:00, 890.38it/s]
[transformers] [1mNewModel LOAD REPORT[0m from: Alibaba-NLP/gte-multilingual-base
Key               | Status     |  | 
------------------+------------+--+-
classifier.bias   | UNEXPECTED |  | 
classifier.weight | UNEXPECTED |  | 

Notes:
- UNEXPECTED:	can be ignored when loading from different task/architecture; not ok if you expect identical arch.
/home/norak/R&I/kxs-/train.py:206: FutureWarning: `torch.cuda.amp.GradScaler(args...)` is deprecated. Please use `torch.amp.GradScaler('cuda', args...)` instead.
  scaler = torch.cuda.amp.GradScaler() if use_amp and device == "cuda" else None
/home/norak/R&I/kxs-/train.py:148: FutureWarning: `torch.cuda.amp.autocast(args...)` is deprecated. Please use `torch.amp.autocast('cuda', args...)` instead.
  with torch.cuda.amp.autocast():
/home/norak/R&I/kxs-/train.py:169: FutureWarning: `torch.cuda.amp.autocast(args...)` is deprecated. Please use `torch.amp.autocast('cuda', args...)` instead.
  with torch.cuda.amp.autocast():
    epoch  1  train_loss=0.0668  val_loss=0.0546  val_qwk=0.4515  val_acc=0.3596
/home/norak/R&I/kxs-/train.py:148: FutureWarning: `torch.cuda.amp.autocast(args...)` is deprecated. Please use `torch.amp.autocast('cuda', args...)` instead.
  with torch.cuda.amp.autocast():
/home/norak/R&I/kxs-/train.py:169: FutureWarning: `torch.cuda.amp.autocast(args...)` is deprecated. Please use `torch.amp.autocast('cuda', args...)` instead.
  with torch.cuda.amp.autocast():
    epoch  2  train_loss=0.0507  val_loss=0.0541  val_qwk=0.5484  val_acc=0.4719
/home/norak/R&I/kxs-/train.py:148: FutureWarning: `torch.cuda.amp.autocast(args...)` is deprecated. Please use `torch.amp.autocast('cuda', args...)` instead.
  with torch.cuda.amp.autocast():
/home/norak/R&I/kxs-/train.py:169: FutureWarning: `torch.cuda.amp.autocast(args...)` is deprecated. Please use `torch.amp.autocast('cuda', args...)` instead.
  with torch.cuda.amp.autocast():
    epoch  3  train_loss=0.0437  val_loss=0.0469  val_qwk=0.5962  val_acc=0.5562
/home/norak/R&I/kxs-/train.py:148: FutureWarning: `torch.cuda.amp.autocast(args...)` is deprecated. Please use `torch.amp.autocast('cuda', args...)` instead.
  with torch.cuda.amp.autocast():
/home/norak/R&I/kxs-/train.py:169: FutureWarning: `torch.cuda.amp.autocast(args...)` is deprecated. Please use `torch.amp.autocast('cuda', args...)` instead.
  with torch.cuda.amp.autocast():
    epoch  4  train_loss=0.0370  val_loss=0.0447  val_qwk=0.6396  val_acc=0.5955
/home/norak/R&I/kxs-/train.py:148: FutureWarning: `torch.cuda.amp.autocast(args...)` is deprecated. Please use `torch.amp.autocast('cuda', args...)` instead.
  with torch.cuda.amp.autocast():
/home/norak/R&I/kxs-/train.py:169: FutureWarning: `torch.cuda.amp.autocast(args...)` is deprecated. Please use `torch.amp.autocast('cuda', args...)` instead.
  with torch.cuda.amp.autocast():
    epoch  5  train_loss=0.0342  val_loss=0.0444  val_qwk=0.6200  val_acc=0.5674
/home/norak/R&I/kxs-/train.py:148: FutureWarning: `torch.cuda.amp.autocast(args...)` is deprecated. Please use `torch.amp.autocast('cuda', args...)` instead.
  with torch.cuda.amp.autocast():
/home/norak/R&I/kxs-/train.py:169: FutureWarning: `torch.cuda.amp.autocast(args...)` is deprecated. Please use `torch.amp.autocast('cuda', args...)` instead.
  with torch.cuda.amp.autocast():
    epoch  6  train_loss=0.0323  val_loss=0.0434  val_qwk=0.6662  val_acc=0.5955
/home/norak/R&I/kxs-/train.py:148: FutureWarning: `torch.cuda.amp.autocast(args...)` is deprecated. Please use `torch.amp.autocast('cuda', args...)` instead.
  with torch.cuda.amp.autocast():
/home/norak/R&I/kxs-/train.py:169: FutureWarning: `torch.cuda.amp.autocast(args...)` is deprecated. Please use `torch.amp.autocast('cuda', args...)` instead.
  with torch.cuda.amp.autocast():
    epoch  7  train_loss=0.0298  val_loss=0.0406  val_qwk=0.6385  val_acc=0.6011
/home/norak/R&I/kxs-/train.py:148: FutureWarning: `torch.cuda.amp.autocast(args...)` is deprecated. Please use `torch.amp.autocast('cuda', args...)` instead.
  with torch.cuda.amp.autocast():
/home/norak/R&I/kxs-/train.py:169: FutureWarning: `torch.cuda.amp.autocast(args...)` is deprecated. Please use `torch.amp.autocast('cuda', args...)` instead.
  with torch.cuda.amp.autocast():
    epoch  8  train_loss=0.0277  val_loss=0.0439  val_qwk=0.6626  val_acc=0.6124
/home/norak/R&I/kxs-/train.py:148: FutureWarning: `torch.cuda.amp.autocast(args...)` is deprecated. Please use `torch.amp.autocast('cuda', args...)` instead.
  with torch.cuda.amp.autocast():
/home/norak/R&I/kxs-/train.py:169: FutureWarning: `torch.cuda.amp.autocast(args...)` is deprecated. Please use `torch.amp.autocast('cuda', args...)` instead.
  with torch.cuda.amp.autocast():
    epoch  9  train_loss=0.0264  val_loss=0.0416  val_qwk=0.6395  val_acc=0.5562
/home/norak/R&I/kxs-/train.py:148: FutureWarning: `torch.cuda.amp.autocast(args...)` is deprecated. Please use `torch.amp.autocast('cuda', args...)` instead.
  with torch.cuda.amp.autocast():
/home/norak/R&I/kxs-/train.py:169: FutureWarning: `torch.cuda.amp.autocast(args...)` is deprecated. Please use `torch.amp.autocast('cuda', args...)` instead.
  with torch.cuda.amp.autocast():
    epoch 10  train_loss=0.0237  val_loss=0.0331  val_qwk=0.7385  val_acc=0.6404
/home/norak/R&I/kxs-/train.py:148: FutureWarning: `torch.cuda.amp.autocast(args...)` is deprecated. Please use `torch.amp.autocast('cuda', args...)` instead.
  with torch.cuda.amp.autocast():
/home/norak/R&I/kxs-/train.py:169: FutureWarning: `torch.cuda.amp.autocast(args...)` is deprecated. Please use `torch.amp.autocast('cuda', args...)` instead.
  with torch.cuda.amp.autocast():
    epoch 11  train_loss=0.0235  val_loss=0.0413  val_qwk=0.6017  val_acc=0.5393
/home/norak/R&I/kxs-/train.py:148: FutureWarning: `torch.cuda.amp.autocast(args...)` is deprecated. Please use `torch.amp.autocast('cuda', args...)` instead.
  with torch.cuda.amp.autocast():
/home/norak/R&I/kxs-/train.py:169: FutureWarning: `torch.cuda.amp.autocast(args...)` is deprecated. Please use `torch.amp.autocast('cuda', args...)` instead.
  with torch.cuda.amp.autocast():
    epoch 12  train_loss=0.0221  val_loss=0.0361  val_qwk=0.7120  val_acc=0.6236
/home/norak/R&I/kxs-/train.py:148: FutureWarning: `torch.cuda.amp.autocast(args...)` is deprecated. Please use `torch.amp.autocast('cuda', args...)` instead.
  with torch.cuda.amp.autocast():
/home/norak/R&I/kxs-/train.py:169: FutureWarning: `torch.cuda.amp.autocast(args...)` is deprecated. Please use `torch.amp.autocast('cuda', args...)` instead.
  with torch.cuda.amp.autocast():
    epoch 13  train_loss=0.0208  val_loss=0.0374  val_qwk=0.6710  val_acc=0.6180
/home/norak/R&I/kxs-/train.py:148: FutureWarning: `torch.cuda.amp.autocast(args...)` is deprecated. Please use `torch.amp.autocast('cuda', args...)` instead.
  with torch.cuda.amp.autocast():
/home/norak/R&I/kxs-/train.py:169: FutureWarning: `torch.cuda.amp.autocast(args...)` is deprecated. Please use `torch.amp.autocast('cuda', args...)` instead.
  with torch.cuda.amp.autocast():
    epoch 14  train_loss=0.0209  val_loss=0.0354  val_qwk=0.7085  val_acc=0.6124
    early-stop at epoch 14 (best epoch=10, best_qwk=0.7385)
/home/norak/R&I/kxs-/train.py:169: FutureWarning: `torch.cuda.amp.autocast(args...)` is deprecated. Please use `torch.amp.autocast('cuda', args...)` instead.
  with torch.cuda.amp.autocast():
/home/norak/R&I/kxs-/train.py:169: FutureWarning: `torch.cuda.amp.autocast(args...)` is deprecated. Please use `torch.amp.autocast('cuda', args...)` instead.
  with torch.cuda.amp.autocast():
/home/norak/R&I/kxs-/train.py:169: FutureWarning: `torch.cuda.amp.autocast(args...)` is deprecated. Please use `torch.amp.autocast('cuda', args...)` instead.
  with torch.cuda.amp.autocast():
  [clean_ra_cross_gte                 ] train_qwk=0.8101 -> test_qwk=0.7449  raw_w1=0.7247  epoch=10  (84.6s)
Loading weights:   0%|          | 0/199 [00:00<?, ?it/s]Loading weights: 100%|██████████| 199/199 [00:00<00:00, 3044.13it/s]
[transformers] [1mBertModel LOAD REPORT[0m from: bert-base-multilingual-cased
Key                                        | Status     |  | 
-------------------------------------------+------------+--+-
cls.predictions.transform.dense.weight     | UNEXPECTED |  | 
cls.seq_relationship.weight                | UNEXPECTED |  | 
cls.seq_relationship.bias                  | UNEXPECTED |  | 
cls.predictions.transform.LayerNorm.bias   | UNEXPECTED |  | 
cls.predictions.bias                       | UNEXPECTED |  | 
cls.predictions.transform.dense.bias       | UNEXPECTED |  | 
cls.predictions.transform.LayerNorm.weight | UNEXPECTED |  | 

Notes:
- UNEXPECTED:	can be ignored when loading from different task/architecture; not ok if you expect identical arch.
/home/norak/R&I/kxs-/train.py:206: FutureWarning: `torch.cuda.amp.GradScaler(args...)` is deprecated. Please use `torch.amp.GradScaler('cuda', args...)` instead.
  scaler = torch.cuda.amp.GradScaler() if use_amp and device == "cuda" else None
/home/norak/R&I/kxs-/train.py:148: FutureWarning: `torch.cuda.amp.autocast(args...)` is deprecated. Please use `torch.amp.autocast('cuda', args...)` instead.
  with torch.cuda.amp.autocast():
/home/norak/R&I/kxs-/train.py:169: FutureWarning: `torch.cuda.amp.autocast(args...)` is deprecated. Please use `torch.amp.autocast('cuda', args...)` instead.
  with torch.cuda.amp.autocast():
    epoch  1  train_loss=0.0745  val_loss=0.0800  val_qwk=0.1522  val_acc=0.2697
/home/norak/R&I/kxs-/train.py:148: FutureWarning: `torch.cuda.amp.autocast(args...)` is deprecated. Please use `torch.amp.autocast('cuda', args...)` instead.
  with torch.cuda.amp.autocast():
/home/norak/R&I/kxs-/train.py:169: FutureWarning: `torch.cuda.amp.autocast(args...)` is deprecated. Please use `torch.amp.autocast('cuda', args...)` instead.
  with torch.cuda.amp.autocast():
    epoch  2  train_loss=0.0615  val_loss=0.0624  val_qwk=0.2602  val_acc=0.2247
/home/norak/R&I/kxs-/train.py:148: FutureWarning: `torch.cuda.amp.autocast(args...)` is deprecated. Please use `torch.amp.autocast('cuda', args...)` instead.
  with torch.cuda.amp.autocast():
/home/norak/R&I/kxs-/train.py:169: FutureWarning: `torch.cuda.amp.autocast(args...)` is deprecated. Please use `torch.amp.autocast('cuda', args...)` instead.
  with torch.cuda.amp.autocast():
    epoch  3  train_loss=0.0532  val_loss=0.0569  val_qwk=0.4157  val_acc=0.3708
/home/norak/R&I/kxs-/train.py:148: FutureWarning: `torch.cuda.amp.autocast(args...)` is deprecated. Please use `torch.amp.autocast('cuda', args...)` instead.
  with torch.cuda.amp.autocast():
/home/norak/R&I/kxs-/train.py:169: FutureWarning: `torch.cuda.amp.autocast(args...)` is deprecated. Please use `torch.amp.autocast('cuda', args...)` instead.
  with torch.cuda.amp.autocast():
    epoch  4  train_loss=0.0521  val_loss=0.0602  val_qwk=0.4401  val_acc=0.4101
/home/norak/R&I/kxs-/train.py:148: FutureWarning: `torch.cuda.amp.autocast(args...)` is deprecated. Please use `torch.amp.autocast('cuda', args...)` instead.
  with torch.cuda.amp.autocast():
/home/norak/R&I/kxs-/train.py:169: FutureWarning: `torch.cuda.amp.autocast(args...)` is deprecated. Please use `torch.amp.autocast('cuda', args...)` instead.
  with torch.cuda.amp.autocast():
    epoch  5  train_loss=0.0519  val_loss=0.0575  val_qwk=0.3314  val_acc=0.3034
/home/norak/R&I/kxs-/train.py:148: FutureWarning: `torch.cuda.amp.autocast(args...)` is deprecated. Please use `torch.amp.autocast('cuda', args...)` instead.
  with torch.cuda.amp.autocast():
/home/norak/R&I/kxs-/train.py:169: FutureWarning: `torch.cuda.amp.autocast(args...)` is deprecated. Please use `torch.amp.autocast('cuda', args...)` instead.
  with torch.cuda.amp.autocast():
    epoch  6  train_loss=0.0529  val_loss=0.0568  val_qwk=0.3956  val_acc=0.3764
/home/norak/R&I/kxs-/train.py:148: FutureWarning: `torch.cuda.amp.autocast(args...)` is deprecated. Please use `torch.amp.autocast('cuda', args...)` instead.
  with torch.cuda.amp.autocast():
/home/norak/R&I/kxs-/train.py:169: FutureWarning: `torch.cuda.amp.autocast(args...)` is deprecated. Please use `torch.amp.autocast('cuda', args...)` instead.
  with torch.cuda.amp.autocast():
    epoch  7  train_loss=0.0511  val_loss=0.0580  val_qwk=0.3584  val_acc=0.3539
/home/norak/R&I/kxs-/train.py:148: FutureWarning: `torch.cuda.amp.autocast(args...)` is deprecated. Please use `torch.amp.autocast('cuda', args...)` instead.
  with torch.cuda.amp.autocast():
/home/norak/R&I/kxs-/train.py:169: FutureWarning: `torch.cuda.amp.autocast(args...)` is deprecated. Please use `torch.amp.autocast('cuda', args...)` instead.
  with torch.cuda.amp.autocast():
    epoch  8  train_loss=0.0505  val_loss=0.0540  val_qwk=0.4333  val_acc=0.3820
    early-stop at epoch 8 (best epoch=4, best_qwk=0.4401)
/home/norak/R&I/kxs-/train.py:169: FutureWarning: `torch.cuda.amp.autocast(args...)` is deprecated. Please use `torch.amp.autocast('cuda', args...)` instead.
  with torch.cuda.amp.autocast():
/home/norak/R&I/kxs-/train.py:169: FutureWarning: `torch.cuda.amp.autocast(args...)` is deprecated. Please use `torch.amp.autocast('cuda', args...)` instead.
  with torch.cuda.amp.autocast():
/home/norak/R&I/kxs-/train.py:169: FutureWarning: `torch.cuda.amp.autocast(args...)` is deprecated. Please use `torch.amp.autocast('cuda', args...)` instead.
  with torch.cuda.amp.autocast():
  [clean_qar_dual_mbert               ] train_qwk=0.5155 -> test_qwk=0.5227  raw_w1=0.5562  epoch=4  (64.1s)
Loading weights:   0%|          | 0/199 [00:00<?, ?it/s]Loading weights: 100%|██████████| 199/199 [00:00<00:00, 3518.16it/s]
[transformers] [1mXLMRobertaModel LOAD REPORT[0m from: xlm-roberta-base
Key                       | Status     |  | 
--------------------------+------------+--+-
lm_head.dense.weight      | UNEXPECTED |  | 
lm_head.layer_norm.weight | UNEXPECTED |  | 
lm_head.dense.bias        | UNEXPECTED |  | 
lm_head.layer_norm.bias   | UNEXPECTED |  | 
lm_head.bias              | UNEXPECTED |  | 

Notes:
- UNEXPECTED:	can be ignored when loading from different task/architecture; not ok if you expect identical arch.
/home/norak/R&I/kxs-/train.py:206: FutureWarning: `torch.cuda.amp.GradScaler(args...)` is deprecated. Please use `torch.amp.GradScaler('cuda', args...)` instead.
  scaler = torch.cuda.amp.GradScaler() if use_amp and device == "cuda" else None
/home/norak/R&I/kxs-/train.py:148: FutureWarning: `torch.cuda.amp.autocast(args...)` is deprecated. Please use `torch.amp.autocast('cuda', args...)` instead.
  with torch.cuda.amp.autocast():
/home/norak/R&I/kxs-/train.py:169: FutureWarning: `torch.cuda.amp.autocast(args...)` is deprecated. Please use `torch.amp.autocast('cuda', args...)` instead.
  with torch.cuda.amp.autocast():
    epoch  1  train_loss=0.0946  val_loss=0.0723  val_qwk=0.0780  val_acc=0.1685
/home/norak/R&I/kxs-/train.py:148: FutureWarning: `torch.cuda.amp.autocast(args...)` is deprecated. Please use `torch.amp.autocast('cuda', args...)` instead.
  with torch.cuda.amp.autocast():
/home/norak/R&I/kxs-/train.py:169: FutureWarning: `torch.cuda.amp.autocast(args...)` is deprecated. Please use `torch.amp.autocast('cuda', args...)` instead.
  with torch.cuda.amp.autocast():
    epoch  2  train_loss=0.0617  val_loss=0.0598  val_qwk=0.4571  val_acc=0.4382
/home/norak/R&I/kxs-/train.py:148: FutureWarning: `torch.cuda.amp.autocast(args...)` is deprecated. Please use `torch.amp.autocast('cuda', args...)` instead.
  with torch.cuda.amp.autocast():
/home/norak/R&I/kxs-/train.py:169: FutureWarning: `torch.cuda.amp.autocast(args...)` is deprecated. Please use `torch.amp.autocast('cuda', args...)` instead.
  with torch.cuda.amp.autocast():
    epoch  3  train_loss=0.0559  val_loss=0.0562  val_qwk=0.4139  val_acc=0.3933
/home/norak/R&I/kxs-/train.py:148: FutureWarning: `torch.cuda.amp.autocast(args...)` is deprecated. Please use `torch.amp.autocast('cuda', args...)` instead.
  with torch.cuda.amp.autocast():
/home/norak/R&I/kxs-/train.py:169: FutureWarning: `torch.cuda.amp.autocast(args...)` is deprecated. Please use `torch.amp.autocast('cuda', args...)` instead.
  with torch.cuda.amp.autocast():
    epoch  4  train_loss=0.0513  val_loss=0.0612  val_qwk=0.3926  val_acc=0.2865
/home/norak/R&I/kxs-/train.py:148: FutureWarning: `torch.cuda.amp.autocast(args...)` is deprecated. Please use `torch.amp.autocast('cuda', args...)` instead.
  with torch.cuda.amp.autocast():
/home/norak/R&I/kxs-/train.py:169: FutureWarning: `torch.cuda.amp.autocast(args...)` is deprecated. Please use `torch.amp.autocast('cuda', args...)` instead.
  with torch.cuda.amp.autocast():
    epoch  5  train_loss=0.0508  val_loss=0.0467  val_qwk=0.5360  val_acc=0.4551
/home/norak/R&I/kxs-/train.py:148: FutureWarning: `torch.cuda.amp.autocast(args...)` is deprecated. Please use `torch.amp.autocast('cuda', args...)` instead.
  with torch.cuda.amp.autocast():
/home/norak/R&I/kxs-/train.py:169: FutureWarning: `torch.cuda.amp.autocast(args...)` is deprecated. Please use `torch.amp.autocast('cuda', args...)` instead.
  with torch.cuda.amp.autocast():
    epoch  6  train_loss=0.0460  val_loss=0.0525  val_qwk=0.5373  val_acc=0.4944
/home/norak/R&I/kxs-/train.py:148: FutureWarning: `torch.cuda.amp.autocast(args...)` is deprecated. Please use `torch.amp.autocast('cuda', args...)` instead.
  with torch.cuda.amp.autocast():
/home/norak/R&I/kxs-/train.py:169: FutureWarning: `torch.cuda.amp.autocast(args...)` is deprecated. Please use `torch.amp.autocast('cuda', args...)` instead.
  with torch.cuda.amp.autocast():
    epoch  7  train_loss=0.0419  val_loss=0.0426  val_qwk=0.5777  val_acc=0.4663
/home/norak/R&I/kxs-/train.py:148: FutureWarning: `torch.cuda.amp.autocast(args...)` is deprecated. Please use `torch.amp.autocast('cuda', args...)` instead.
  with torch.cuda.amp.autocast():
/home/norak/R&I/kxs-/train.py:169: FutureWarning: `torch.cuda.amp.autocast(args...)` is deprecated. Please use `torch.amp.autocast('cuda', args...)` instead.
  with torch.cuda.amp.autocast():
    epoch  8  train_loss=0.0381  val_loss=0.0451  val_qwk=0.5639  val_acc=0.5112
/home/norak/R&I/kxs-/train.py:148: FutureWarning: `torch.cuda.amp.autocast(args...)` is deprecated. Please use `torch.amp.autocast('cuda', args...)` instead.
  with torch.cuda.amp.autocast():
/home/norak/R&I/kxs-/train.py:169: FutureWarning: `torch.cuda.amp.autocast(args...)` is deprecated. Please use `torch.amp.autocast('cuda', args...)` instead.
  with torch.cuda.amp.autocast():
    epoch  9  train_loss=0.0380  val_loss=0.0425  val_qwk=0.5912  val_acc=0.4888
/home/norak/R&I/kxs-/train.py:148: FutureWarning: `torch.cuda.amp.autocast(args...)` is deprecated. Please use `torch.amp.autocast('cuda', args...)` instead.
  with torch.cuda.amp.autocast():
/home/norak/R&I/kxs-/train.py:169: FutureWarning: `torch.cuda.amp.autocast(args...)` is deprecated. Please use `torch.amp.autocast('cuda', args...)` instead.
  with torch.cuda.amp.autocast():
    epoch 10  train_loss=0.0328  val_loss=0.0369  val_qwk=0.6685  val_acc=0.5337
/home/norak/R&I/kxs-/train.py:148: FutureWarning: `torch.cuda.amp.autocast(args...)` is deprecated. Please use `torch.amp.autocast('cuda', args...)` instead.
  with torch.cuda.amp.autocast():
/home/norak/R&I/kxs-/train.py:169: FutureWarning: `torch.cuda.amp.autocast(args...)` is deprecated. Please use `torch.amp.autocast('cuda', args...)` instead.
  with torch.cuda.amp.autocast():
    epoch 11  train_loss=0.0325  val_loss=0.0375  val_qwk=0.6910  val_acc=0.5730
/home/norak/R&I/kxs-/train.py:148: FutureWarning: `torch.cuda.amp.autocast(args...)` is deprecated. Please use `torch.amp.autocast('cuda', args...)` instead.
  with torch.cuda.amp.autocast():
/home/norak/R&I/kxs-/train.py:169: FutureWarning: `torch.cuda.amp.autocast(args...)` is deprecated. Please use `torch.amp.autocast('cuda', args...)` instead.
  with torch.cuda.amp.autocast():
    epoch 12  train_loss=0.0308  val_loss=0.0412  val_qwk=0.6649  val_acc=0.5506
/home/norak/R&I/kxs-/train.py:148: FutureWarning: `torch.cuda.amp.autocast(args...)` is deprecated. Please use `torch.amp.autocast('cuda', args...)` instead.
  with torch.cuda.amp.autocast():
/home/norak/R&I/kxs-/train.py:169: FutureWarning: `torch.cuda.amp.autocast(args...)` is deprecated. Please use `torch.amp.autocast('cuda', args...)` instead.
  with torch.cuda.amp.autocast():
    epoch 13  train_loss=0.0308  val_loss=0.0353  val_qwk=0.7171  val_acc=0.5843
/home/norak/R&I/kxs-/train.py:148: FutureWarning: `torch.cuda.amp.autocast(args...)` is deprecated. Please use `torch.amp.autocast('cuda', args...)` instead.
  with torch.cuda.amp.autocast():
/home/norak/R&I/kxs-/train.py:169: FutureWarning: `torch.cuda.amp.autocast(args...)` is deprecated. Please use `torch.amp.autocast('cuda', args...)` instead.
  with torch.cuda.amp.autocast():
    epoch 14  train_loss=0.0296  val_loss=0.0377  val_qwk=0.6942  val_acc=0.5562
/home/norak/R&I/kxs-/train.py:148: FutureWarning: `torch.cuda.amp.autocast(args...)` is deprecated. Please use `torch.amp.autocast('cuda', args...)` instead.
  with torch.cuda.amp.autocast():
/home/norak/R&I/kxs-/train.py:169: FutureWarning: `torch.cuda.amp.autocast(args...)` is deprecated. Please use `torch.amp.autocast('cuda', args...)` instead.
  with torch.cuda.amp.autocast():
    epoch 15  train_loss=0.0271  val_loss=0.0383  val_qwk=0.6750  val_acc=0.5674
/home/norak/R&I/kxs-/train.py:148: FutureWarning: `torch.cuda.amp.autocast(args...)` is deprecated. Please use `torch.amp.autocast('cuda', args...)` instead.
  with torch.cuda.amp.autocast():
/home/norak/R&I/kxs-/train.py:169: FutureWarning: `torch.cuda.amp.autocast(args...)` is deprecated. Please use `torch.amp.autocast('cuda', args...)` instead.
  with torch.cuda.amp.autocast():
    epoch 16  train_loss=0.0257  val_loss=0.0383  val_qwk=0.6527  val_acc=0.5618
/home/norak/R&I/kxs-/train.py:148: FutureWarning: `torch.cuda.amp.autocast(args...)` is deprecated. Please use `torch.amp.autocast('cuda', args...)` instead.
  with torch.cuda.amp.autocast():
/home/norak/R&I/kxs-/train.py:169: FutureWarning: `torch.cuda.amp.autocast(args...)` is deprecated. Please use `torch.amp.autocast('cuda', args...)` instead.
  with torch.cuda.amp.autocast():
    epoch 17  train_loss=0.0262  val_loss=0.0351  val_qwk=0.6817  val_acc=0.5730
    early-stop at epoch 17 (best epoch=13, best_qwk=0.7171)
/home/norak/R&I/kxs-/train.py:169: FutureWarning: `torch.cuda.amp.autocast(args...)` is deprecated. Please use `torch.amp.autocast('cuda', args...)` instead.
  with torch.cuda.amp.autocast():
/home/norak/R&I/kxs-/train.py:169: FutureWarning: `torch.cuda.amp.autocast(args...)` is deprecated. Please use `torch.amp.autocast('cuda', args...)` instead.
  with torch.cuda.amp.autocast():
/home/norak/R&I/kxs-/train.py:169: FutureWarning: `torch.cuda.amp.autocast(args...)` is deprecated. Please use `torch.amp.autocast('cuda', args...)` instead.
  with torch.cuda.amp.autocast():
  [clean_qar_dual_xlmr                ] train_qwk=0.7936 -> test_qwk=0.7063  raw_w1=0.7135  epoch=13  (128.2s)
Loading weights:   0%|          | 0/136 [00:00<?, ?it/s]Loading weights:   3%|▎         | 4/136 [00:00<00:03, 34.70it/s]Loading weights: 100%|██████████| 136/136 [00:00<00:00, 1047.52it/s]
[transformers] [1mNewModel LOAD REPORT[0m from: Alibaba-NLP/gte-multilingual-base
Key               | Status     |  | 
------------------+------------+--+-
classifier.bias   | UNEXPECTED |  | 
classifier.weight | UNEXPECTED |  | 

Notes:
- UNEXPECTED:	can be ignored when loading from different task/architecture; not ok if you expect identical arch.
/home/norak/R&I/kxs-/train.py:206: FutureWarning: `torch.cuda.amp.GradScaler(args...)` is deprecated. Please use `torch.amp.GradScaler('cuda', args...)` instead.
  scaler = torch.cuda.amp.GradScaler() if use_amp and device == "cuda" else None
/home/norak/R&I/kxs-/train.py:148: FutureWarning: `torch.cuda.amp.autocast(args...)` is deprecated. Please use `torch.amp.autocast('cuda', args...)` instead.
  with torch.cuda.amp.autocast():
/home/norak/R&I/kxs-/train.py:169: FutureWarning: `torch.cuda.amp.autocast(args...)` is deprecated. Please use `torch.amp.autocast('cuda', args...)` instead.
  with torch.cuda.amp.autocast():
    epoch  1  train_loss=0.0711  val_loss=0.0536  val_qwk=0.4390  val_acc=0.3764
/home/norak/R&I/kxs-/train.py:148: FutureWarning: `torch.cuda.amp.autocast(args...)` is deprecated. Please use `torch.amp.autocast('cuda', args...)` instead.
  with torch.cuda.amp.autocast():
/home/norak/R&I/kxs-/train.py:169: FutureWarning: `torch.cuda.amp.autocast(args...)` is deprecated. Please use `torch.amp.autocast('cuda', args...)` instead.
  with torch.cuda.amp.autocast():
    epoch  2  train_loss=0.0479  val_loss=0.0461  val_qwk=0.6047  val_acc=0.5281
/home/norak/R&I/kxs-/train.py:148: FutureWarning: `torch.cuda.amp.autocast(args...)` is deprecated. Please use `torch.amp.autocast('cuda', args...)` instead.
  with torch.cuda.amp.autocast():
/home/norak/R&I/kxs-/train.py:169: FutureWarning: `torch.cuda.amp.autocast(args...)` is deprecated. Please use `torch.amp.autocast('cuda', args...)` instead.
  with torch.cuda.amp.autocast():
    epoch  3  train_loss=0.0359  val_loss=0.0418  val_qwk=0.6234  val_acc=0.5112
/home/norak/R&I/kxs-/train.py:148: FutureWarning: `torch.cuda.amp.autocast(args...)` is deprecated. Please use `torch.amp.autocast('cuda', args...)` instead.
  with torch.cuda.amp.autocast():
/home/norak/R&I/kxs-/train.py:169: FutureWarning: `torch.cuda.amp.autocast(args...)` is deprecated. Please use `torch.amp.autocast('cuda', args...)` instead.
  with torch.cuda.amp.autocast():
    epoch  4  train_loss=0.0319  val_loss=0.0398  val_qwk=0.6565  val_acc=0.4719
/home/norak/R&I/kxs-/train.py:148: FutureWarning: `torch.cuda.amp.autocast(args...)` is deprecated. Please use `torch.amp.autocast('cuda', args...)` instead.
  with torch.cuda.amp.autocast():
/home/norak/R&I/kxs-/train.py:169: FutureWarning: `torch.cuda.amp.autocast(args...)` is deprecated. Please use `torch.amp.autocast('cuda', args...)` instead.
  with torch.cuda.amp.autocast():
    epoch  5  train_loss=0.0282  val_loss=0.0349  val_qwk=0.6756  val_acc=0.5730
/home/norak/R&I/kxs-/train.py:148: FutureWarning: `torch.cuda.amp.autocast(args...)` is deprecated. Please use `torch.amp.autocast('cuda', args...)` instead.
  with torch.cuda.amp.autocast():
/home/norak/R&I/kxs-/train.py:169: FutureWarning: `torch.cuda.amp.autocast(args...)` is deprecated. Please use `torch.amp.autocast('cuda', args...)` instead.
  with torch.cuda.amp.autocast():
    epoch  6  train_loss=0.0248  val_loss=0.0333  val_qwk=0.7192  val_acc=0.6292
/home/norak/R&I/kxs-/train.py:148: FutureWarning: `torch.cuda.amp.autocast(args...)` is deprecated. Please use `torch.amp.autocast('cuda', args...)` instead.
  with torch.cuda.amp.autocast():
/home/norak/R&I/kxs-/train.py:169: FutureWarning: `torch.cuda.amp.autocast(args...)` is deprecated. Please use `torch.amp.autocast('cuda', args...)` instead.
  with torch.cuda.amp.autocast():
    epoch  7  train_loss=0.0238  val_loss=0.0314  val_qwk=0.7551  val_acc=0.6124
/home/norak/R&I/kxs-/train.py:148: FutureWarning: `torch.cuda.amp.autocast(args...)` is deprecated. Please use `torch.amp.autocast('cuda', args...)` instead.
  with torch.cuda.amp.autocast():
/home/norak/R&I/kxs-/train.py:169: FutureWarning: `torch.cuda.amp.autocast(args...)` is deprecated. Please use `torch.amp.autocast('cuda', args...)` instead.
  with torch.cuda.amp.autocast():
    epoch  8  train_loss=0.0201  val_loss=0.0305  val_qwk=0.7597  val_acc=0.6573
/home/norak/R&I/kxs-/train.py:148: FutureWarning: `torch.cuda.amp.autocast(args...)` is deprecated. Please use `torch.amp.autocast('cuda', args...)` instead.
  with torch.cuda.amp.autocast():
/home/norak/R&I/kxs-/train.py:169: FutureWarning: `torch.cuda.amp.autocast(args...)` is deprecated. Please use `torch.amp.autocast('cuda', args...)` instead.
  with torch.cuda.amp.autocast():
    epoch  9  train_loss=0.0202  val_loss=0.0309  val_qwk=0.7395  val_acc=0.6124
/home/norak/R&I/kxs-/train.py:148: FutureWarning: `torch.cuda.amp.autocast(args...)` is deprecated. Please use `torch.amp.autocast('cuda', args...)` instead.
  with torch.cuda.amp.autocast():
/home/norak/R&I/kxs-/train.py:169: FutureWarning: `torch.cuda.amp.autocast(args...)` is deprecated. Please use `torch.amp.autocast('cuda', args...)` instead.
  with torch.cuda.amp.autocast():
    epoch 10  train_loss=0.0183  val_loss=0.0296  val_qwk=0.7477  val_acc=0.6292
/home/norak/R&I/kxs-/train.py:148: FutureWarning: `torch.cuda.amp.autocast(args...)` is deprecated. Please use `torch.amp.autocast('cuda', args...)` instead.
  with torch.cuda.amp.autocast():
/home/norak/R&I/kxs-/train.py:169: FutureWarning: `torch.cuda.amp.autocast(args...)` is deprecated. Please use `torch.amp.autocast('cuda', args...)` instead.
  with torch.cuda.amp.autocast():
    epoch 11  train_loss=0.0176  val_loss=0.0309  val_qwk=0.7409  val_acc=0.6067
/home/norak/R&I/kxs-/train.py:148: FutureWarning: `torch.cuda.amp.autocast(args...)` is deprecated. Please use `torch.amp.autocast('cuda', args...)` instead.
  with torch.cuda.amp.autocast():
/home/norak/R&I/kxs-/train.py:169: FutureWarning: `torch.cuda.amp.autocast(args...)` is deprecated. Please use `torch.amp.autocast('cuda', args...)` instead.
  with torch.cuda.amp.autocast():
    epoch 12  train_loss=0.0176  val_loss=0.0312  val_qwk=0.7145  val_acc=0.6348
    early-stop at epoch 12 (best epoch=8, best_qwk=0.7597)
/home/norak/R&I/kxs-/train.py:169: FutureWarning: `torch.cuda.amp.autocast(args...)` is deprecated. Please use `torch.amp.autocast('cuda', args...)` instead.
  with torch.cuda.amp.autocast():
/home/norak/R&I/kxs-/train.py:169: FutureWarning: `torch.cuda.amp.autocast(args...)` is deprecated. Please use `torch.amp.autocast('cuda', args...)` instead.
  with torch.cuda.amp.autocast():
/home/norak/R&I/kxs-/train.py:169: FutureWarning: `torch.cuda.amp.autocast(args...)` is deprecated. Please use `torch.amp.autocast('cuda', args...)` instead.
  with torch.cuda.amp.autocast():
  [clean_qar_dual_gte                 ] train_qwk=0.8453 -> test_qwk=0.7549  raw_w1=0.7191  epoch=8  (115.0s)
Loading weights:   0%|          | 0/199 [00:00<?, ?it/s]Loading weights: 100%|██████████| 199/199 [00:00<00:00, 2907.70it/s]
[transformers] [1mBertModel LOAD REPORT[0m from: bert-base-multilingual-cased
Key                                        | Status     |  | 
-------------------------------------------+------------+--+-
cls.predictions.transform.dense.weight     | UNEXPECTED |  | 
cls.seq_relationship.weight                | UNEXPECTED |  | 
cls.seq_relationship.bias                  | UNEXPECTED |  | 
cls.predictions.transform.LayerNorm.bias   | UNEXPECTED |  | 
cls.predictions.bias                       | UNEXPECTED |  | 
cls.predictions.transform.dense.bias       | UNEXPECTED |  | 
cls.predictions.transform.LayerNorm.weight | UNEXPECTED |  | 

Notes:
- UNEXPECTED:	can be ignored when loading from different task/architecture; not ok if you expect identical arch.
/home/norak/R&I/kxs-/train.py:206: FutureWarning: `torch.cuda.amp.GradScaler(args...)` is deprecated. Please use `torch.amp.GradScaler('cuda', args...)` instead.
  scaler = torch.cuda.amp.GradScaler() if use_amp and device == "cuda" else None
/home/norak/R&I/kxs-/train.py:148: FutureWarning: `torch.cuda.amp.autocast(args...)` is deprecated. Please use `torch.amp.autocast('cuda', args...)` instead.
  with torch.cuda.amp.autocast():
/home/norak/R&I/kxs-/train.py:169: FutureWarning: `torch.cuda.amp.autocast(args...)` is deprecated. Please use `torch.amp.autocast('cuda', args...)` instead.
  with torch.cuda.amp.autocast():
    epoch  1  train_loss=0.0789  val_loss=0.0780  val_qwk=0.0000  val_acc=0.1629
/home/norak/R&I/kxs-/train.py:148: FutureWarning: `torch.cuda.amp.autocast(args...)` is deprecated. Please use `torch.amp.autocast('cuda', args...)` instead.
  with torch.cuda.amp.autocast():
/home/norak/R&I/kxs-/train.py:169: FutureWarning: `torch.cuda.amp.autocast(args...)` is deprecated. Please use `torch.amp.autocast('cuda', args...)` instead.
  with torch.cuda.amp.autocast():
    epoch  2  train_loss=0.0711  val_loss=0.0785  val_qwk=0.3235  val_acc=0.3483
/home/norak/R&I/kxs-/train.py:148: FutureWarning: `torch.cuda.amp.autocast(args...)` is deprecated. Please use `torch.amp.autocast('cuda', args...)` instead.
  with torch.cuda.amp.autocast():
/home/norak/R&I/kxs-/train.py:169: FutureWarning: `torch.cuda.amp.autocast(args...)` is deprecated. Please use `torch.amp.autocast('cuda', args...)` instead.
  with torch.cuda.amp.autocast():
    epoch  3  train_loss=0.0685  val_loss=0.0750  val_qwk=0.2860  val_acc=0.3146
/home/norak/R&I/kxs-/train.py:148: FutureWarning: `torch.cuda.amp.autocast(args...)` is deprecated. Please use `torch.amp.autocast('cuda', args...)` instead.
  with torch.cuda.amp.autocast():
/home/norak/R&I/kxs-/train.py:169: FutureWarning: `torch.cuda.amp.autocast(args...)` is deprecated. Please use `torch.amp.autocast('cuda', args...)` instead.
  with torch.cuda.amp.autocast():
    epoch  4  train_loss=0.0647  val_loss=0.0707  val_qwk=0.1260  val_acc=0.2472
/home/norak/R&I/kxs-/train.py:148: FutureWarning: `torch.cuda.amp.autocast(args...)` is deprecated. Please use `torch.amp.autocast('cuda', args...)` instead.
  with torch.cuda.amp.autocast():
/home/norak/R&I/kxs-/train.py:169: FutureWarning: `torch.cuda.amp.autocast(args...)` is deprecated. Please use `torch.amp.autocast('cuda', args...)` instead.
  with torch.cuda.amp.autocast():
    epoch  5  train_loss=0.0641  val_loss=0.0661  val_qwk=0.2691  val_acc=0.2640
/home/norak/R&I/kxs-/train.py:148: FutureWarning: `torch.cuda.amp.autocast(args...)` is deprecated. Please use `torch.amp.autocast('cuda', args...)` instead.
  with torch.cuda.amp.autocast():
/home/norak/R&I/kxs-/train.py:169: FutureWarning: `torch.cuda.amp.autocast(args...)` is deprecated. Please use `torch.amp.autocast('cuda', args...)` instead.
  with torch.cuda.amp.autocast():
    epoch  6  train_loss=0.0626  val_loss=0.0690  val_qwk=0.1787  val_acc=0.2360
    early-stop at epoch 6 (best epoch=2, best_qwk=0.3235)
/home/norak/R&I/kxs-/train.py:169: FutureWarning: `torch.cuda.amp.autocast(args...)` is deprecated. Please use `torch.amp.autocast('cuda', args...)` instead.
  with torch.cuda.amp.autocast():
/home/norak/R&I/kxs-/train.py:169: FutureWarning: `torch.cuda.amp.autocast(args...)` is deprecated. Please use `torch.amp.autocast('cuda', args...)` instead.
  with torch.cuda.amp.autocast():
/home/norak/R&I/kxs-/train.py:169: FutureWarning: `torch.cuda.amp.autocast(args...)` is deprecated. Please use `torch.amp.autocast('cuda', args...)` instead.
  with torch.cuda.amp.autocast():
  [clean_qar_cross_mbert              ] train_qwk=0.3094 -> test_qwk=0.2938  raw_w1=0.4045  epoch=2  (31.9s)
Loading weights:   0%|          | 0/199 [00:00<?, ?it/s]Loading weights: 100%|██████████| 199/199 [00:00<00:00, 3294.16it/s]
[transformers] [1mXLMRobertaModel LOAD REPORT[0m from: xlm-roberta-base
Key                       | Status     |  | 
--------------------------+------------+--+-
lm_head.dense.weight      | UNEXPECTED |  | 
lm_head.layer_norm.weight | UNEXPECTED |  | 
lm_head.dense.bias        | UNEXPECTED |  | 
lm_head.layer_norm.bias   | UNEXPECTED |  | 
lm_head.bias              | UNEXPECTED |  | 

Notes:
- UNEXPECTED:	can be ignored when loading from different task/architecture; not ok if you expect identical arch.
/home/norak/R&I/kxs-/train.py:206: FutureWarning: `torch.cuda.amp.GradScaler(args...)` is deprecated. Please use `torch.amp.GradScaler('cuda', args...)` instead.
  scaler = torch.cuda.amp.GradScaler() if use_amp and device == "cuda" else None
/home/norak/R&I/kxs-/train.py:148: FutureWarning: `torch.cuda.amp.autocast(args...)` is deprecated. Please use `torch.amp.autocast('cuda', args...)` instead.
  with torch.cuda.amp.autocast():
/home/norak/R&I/kxs-/train.py:169: FutureWarning: `torch.cuda.amp.autocast(args...)` is deprecated. Please use `torch.amp.autocast('cuda', args...)` instead.
  with torch.cuda.amp.autocast():
    epoch  1  train_loss=0.0800  val_loss=0.0659  val_qwk=0.2759  val_acc=0.1854
/home/norak/R&I/kxs-/train.py:148: FutureWarning: `torch.cuda.amp.autocast(args...)` is deprecated. Please use `torch.amp.autocast('cuda', args...)` instead.
  with torch.cuda.amp.autocast():
/home/norak/R&I/kxs-/train.py:169: FutureWarning: `torch.cuda.amp.autocast(args...)` is deprecated. Please use `torch.amp.autocast('cuda', args...)` instead.
  with torch.cuda.amp.autocast():
    epoch  2  train_loss=0.0702  val_loss=0.0708  val_qwk=0.2755  val_acc=0.2247
/home/norak/R&I/kxs-/train.py:148: FutureWarning: `torch.cuda.amp.autocast(args...)` is deprecated. Please use `torch.amp.autocast('cuda', args...)` instead.
  with torch.cuda.amp.autocast():
/home/norak/R&I/kxs-/train.py:169: FutureWarning: `torch.cuda.amp.autocast(args...)` is deprecated. Please use `torch.amp.autocast('cuda', args...)` instead.
  with torch.cuda.amp.autocast():
    epoch  3  train_loss=0.0628  val_loss=0.0556  val_qwk=0.3677  val_acc=0.2697
/home/norak/R&I/kxs-/train.py:148: FutureWarning: `torch.cuda.amp.autocast(args...)` is deprecated. Please use `torch.amp.autocast('cuda', args...)` instead.
  with torch.cuda.amp.autocast():
/home/norak/R&I/kxs-/train.py:169: FutureWarning: `torch.cuda.amp.autocast(args...)` is deprecated. Please use `torch.amp.autocast('cuda', args...)` instead.
  with torch.cuda.amp.autocast():
    epoch  4  train_loss=0.0571  val_loss=0.0550  val_qwk=0.5480  val_acc=0.5337
/home/norak/R&I/kxs-/train.py:148: FutureWarning: `torch.cuda.amp.autocast(args...)` is deprecated. Please use `torch.amp.autocast('cuda', args...)` instead.
  with torch.cuda.amp.autocast():
/home/norak/R&I/kxs-/train.py:169: FutureWarning: `torch.cuda.amp.autocast(args...)` is deprecated. Please use `torch.amp.autocast('cuda', args...)` instead.
  with torch.cuda.amp.autocast():
    epoch  5  train_loss=0.0487  val_loss=0.0490  val_qwk=0.5621  val_acc=0.4831
/home/norak/R&I/kxs-/train.py:148: FutureWarning: `torch.cuda.amp.autocast(args...)` is deprecated. Please use `torch.amp.autocast('cuda', args...)` instead.
  with torch.cuda.amp.autocast():
/home/norak/R&I/kxs-/train.py:169: FutureWarning: `torch.cuda.amp.autocast(args...)` is deprecated. Please use `torch.amp.autocast('cuda', args...)` instead.
  with torch.cuda.amp.autocast():
    epoch  6  train_loss=0.0454  val_loss=0.0465  val_qwk=0.6134  val_acc=0.5000
/home/norak/R&I/kxs-/train.py:148: FutureWarning: `torch.cuda.amp.autocast(args...)` is deprecated. Please use `torch.amp.autocast('cuda', args...)` instead.
  with torch.cuda.amp.autocast():
/home/norak/R&I/kxs-/train.py:169: FutureWarning: `torch.cuda.amp.autocast(args...)` is deprecated. Please use `torch.amp.autocast('cuda', args...)` instead.
  with torch.cuda.amp.autocast():
    epoch  7  train_loss=0.0425  val_loss=0.0483  val_qwk=0.6265  val_acc=0.5506
/home/norak/R&I/kxs-/train.py:148: FutureWarning: `torch.cuda.amp.autocast(args...)` is deprecated. Please use `torch.amp.autocast('cuda', args...)` instead.
  with torch.cuda.amp.autocast():
/home/norak/R&I/kxs-/train.py:169: FutureWarning: `torch.cuda.amp.autocast(args...)` is deprecated. Please use `torch.amp.autocast('cuda', args...)` instead.
  with torch.cuda.amp.autocast():
    epoch  8  train_loss=0.0388  val_loss=0.0430  val_qwk=0.6546  val_acc=0.5618
/home/norak/R&I/kxs-/train.py:148: FutureWarning: `torch.cuda.amp.autocast(args...)` is deprecated. Please use `torch.amp.autocast('cuda', args...)` instead.
  with torch.cuda.amp.autocast():
/home/norak/R&I/kxs-/train.py:169: FutureWarning: `torch.cuda.amp.autocast(args...)` is deprecated. Please use `torch.amp.autocast('cuda', args...)` instead.
  with torch.cuda.amp.autocast():
    epoch  9  train_loss=0.0371  val_loss=0.0432  val_qwk=0.6577  val_acc=0.5562
/home/norak/R&I/kxs-/train.py:148: FutureWarning: `torch.cuda.amp.autocast(args...)` is deprecated. Please use `torch.amp.autocast('cuda', args...)` instead.
  with torch.cuda.amp.autocast():
/home/norak/R&I/kxs-/train.py:169: FutureWarning: `torch.cuda.amp.autocast(args...)` is deprecated. Please use `torch.amp.autocast('cuda', args...)` instead.
  with torch.cuda.amp.autocast():
    epoch 10  train_loss=0.0344  val_loss=0.0404  val_qwk=0.6557  val_acc=0.5225
/home/norak/R&I/kxs-/train.py:148: FutureWarning: `torch.cuda.amp.autocast(args...)` is deprecated. Please use `torch.amp.autocast('cuda', args...)` instead.
  with torch.cuda.amp.autocast():
/home/norak/R&I/kxs-/train.py:169: FutureWarning: `torch.cuda.amp.autocast(args...)` is deprecated. Please use `torch.amp.autocast('cuda', args...)` instead.
  with torch.cuda.amp.autocast():
    epoch 11  train_loss=0.0329  val_loss=0.0397  val_qwk=0.6566  val_acc=0.5843
/home/norak/R&I/kxs-/train.py:148: FutureWarning: `torch.cuda.amp.autocast(args...)` is deprecated. Please use `torch.amp.autocast('cuda', args...)` instead.
  with torch.cuda.amp.autocast():
/home/norak/R&I/kxs-/train.py:169: FutureWarning: `torch.cuda.amp.autocast(args...)` is deprecated. Please use `torch.amp.autocast('cuda', args...)` instead.
  with torch.cuda.amp.autocast():
    epoch 12  train_loss=0.0318  val_loss=0.0397  val_qwk=0.6564  val_acc=0.5337
/home/norak/R&I/kxs-/train.py:148: FutureWarning: `torch.cuda.amp.autocast(args...)` is deprecated. Please use `torch.amp.autocast('cuda', args...)` instead.
  with torch.cuda.amp.autocast():
/home/norak/R&I/kxs-/train.py:169: FutureWarning: `torch.cuda.amp.autocast(args...)` is deprecated. Please use `torch.amp.autocast('cuda', args...)` instead.
  with torch.cuda.amp.autocast():
    epoch 13  train_loss=0.0323  val_loss=0.0427  val_qwk=0.6568  val_acc=0.6067
    early-stop at epoch 13 (best epoch=9, best_qwk=0.6577)
/home/norak/R&I/kxs-/train.py:169: FutureWarning: `torch.cuda.amp.autocast(args...)` is deprecated. Please use `torch.amp.autocast('cuda', args...)` instead.
  with torch.cuda.amp.autocast():
/home/norak/R&I/kxs-/train.py:169: FutureWarning: `torch.cuda.amp.autocast(args...)` is deprecated. Please use `torch.amp.autocast('cuda', args...)` instead.
  with torch.cuda.amp.autocast():
/home/norak/R&I/kxs-/train.py:169: FutureWarning: `torch.cuda.amp.autocast(args...)` is deprecated. Please use `torch.amp.autocast('cuda', args...)` instead.
  with torch.cuda.amp.autocast():
  [clean_qar_cross_xlmr               ] train_qwk=0.7572 -> test_qwk=0.6660  raw_w1=0.6236  epoch=9  (68.7s)
Loading weights:   0%|          | 0/136 [00:00<?, ?it/s]Loading weights:  58%|█████▊    | 79/136 [00:00<00:00, 786.11it/s]Loading weights: 100%|██████████| 136/136 [00:00<00:00, 1074.60it/s]
[transformers] [1mNewModel LOAD REPORT[0m from: Alibaba-NLP/gte-multilingual-base
Key               | Status     |  | 
------------------+------------+--+-
classifier.bias   | UNEXPECTED |  | 
classifier.weight | UNEXPECTED |  | 

Notes:
- UNEXPECTED:	can be ignored when loading from different task/architecture; not ok if you expect identical arch.
/home/norak/R&I/kxs-/train.py:206: FutureWarning: `torch.cuda.amp.GradScaler(args...)` is deprecated. Please use `torch.amp.GradScaler('cuda', args...)` instead.
  scaler = torch.cuda.amp.GradScaler() if use_amp and device == "cuda" else None
/home/norak/R&I/kxs-/train.py:148: FutureWarning: `torch.cuda.amp.autocast(args...)` is deprecated. Please use `torch.amp.autocast('cuda', args...)` instead.
  with torch.cuda.amp.autocast():
/home/norak/R&I/kxs-/train.py:169: FutureWarning: `torch.cuda.amp.autocast(args...)` is deprecated. Please use `torch.amp.autocast('cuda', args...)` instead.
  with torch.cuda.amp.autocast():
    epoch  1  train_loss=0.0666  val_loss=0.0551  val_qwk=0.4871  val_acc=0.3596
/home/norak/R&I/kxs-/train.py:148: FutureWarning: `torch.cuda.amp.autocast(args...)` is deprecated. Please use `torch.amp.autocast('cuda', args...)` instead.
  with torch.cuda.amp.autocast():
/home/norak/R&I/kxs-/train.py:169: FutureWarning: `torch.cuda.amp.autocast(args...)` is deprecated. Please use `torch.amp.autocast('cuda', args...)` instead.
  with torch.cuda.amp.autocast():
    epoch  2  train_loss=0.0507  val_loss=0.0559  val_qwk=0.5090  val_acc=0.4382
/home/norak/R&I/kxs-/train.py:148: FutureWarning: `torch.cuda.amp.autocast(args...)` is deprecated. Please use `torch.amp.autocast('cuda', args...)` instead.
  with torch.cuda.amp.autocast():
/home/norak/R&I/kxs-/train.py:169: FutureWarning: `torch.cuda.amp.autocast(args...)` is deprecated. Please use `torch.amp.autocast('cuda', args...)` instead.
  with torch.cuda.amp.autocast():
    epoch  3  train_loss=0.0444  val_loss=0.0535  val_qwk=0.5824  val_acc=0.5449
/home/norak/R&I/kxs-/train.py:148: FutureWarning: `torch.cuda.amp.autocast(args...)` is deprecated. Please use `torch.amp.autocast('cuda', args...)` instead.
  with torch.cuda.amp.autocast():
/home/norak/R&I/kxs-/train.py:169: FutureWarning: `torch.cuda.amp.autocast(args...)` is deprecated. Please use `torch.amp.autocast('cuda', args...)` instead.
  with torch.cuda.amp.autocast():
    epoch  4  train_loss=0.0374  val_loss=0.0498  val_qwk=0.5716  val_acc=0.5955
/home/norak/R&I/kxs-/train.py:148: FutureWarning: `torch.cuda.amp.autocast(args...)` is deprecated. Please use `torch.amp.autocast('cuda', args...)` instead.
  with torch.cuda.amp.autocast():
/home/norak/R&I/kxs-/train.py:169: FutureWarning: `torch.cuda.amp.autocast(args...)` is deprecated. Please use `torch.amp.autocast('cuda', args...)` instead.
  with torch.cuda.amp.autocast():
    epoch  5  train_loss=0.0364  val_loss=0.0467  val_qwk=0.6251  val_acc=0.6180
/home/norak/R&I/kxs-/train.py:148: FutureWarning: `torch.cuda.amp.autocast(args...)` is deprecated. Please use `torch.amp.autocast('cuda', args...)` instead.
  with torch.cuda.amp.autocast():
/home/norak/R&I/kxs-/train.py:169: FutureWarning: `torch.cuda.amp.autocast(args...)` is deprecated. Please use `torch.amp.autocast('cuda', args...)` instead.
  with torch.cuda.amp.autocast():
    epoch  6  train_loss=0.0342  val_loss=0.0448  val_qwk=0.6203  val_acc=0.6067
/home/norak/R&I/kxs-/train.py:148: FutureWarning: `torch.cuda.amp.autocast(args...)` is deprecated. Please use `torch.amp.autocast('cuda', args...)` instead.
  with torch.cuda.amp.autocast():
/home/norak/R&I/kxs-/train.py:169: FutureWarning: `torch.cuda.amp.autocast(args...)` is deprecated. Please use `torch.amp.autocast('cuda', args...)` instead.
  with torch.cuda.amp.autocast():
    epoch  7  train_loss=0.0327  val_loss=0.0450  val_qwk=0.6254  val_acc=0.6629
/home/norak/R&I/kxs-/train.py:148: FutureWarning: `torch.cuda.amp.autocast(args...)` is deprecated. Please use `torch.amp.autocast('cuda', args...)` instead.
  with torch.cuda.amp.autocast():
/home/norak/R&I/kxs-/train.py:169: FutureWarning: `torch.cuda.amp.autocast(args...)` is deprecated. Please use `torch.amp.autocast('cuda', args...)` instead.
  with torch.cuda.amp.autocast():
    epoch  8  train_loss=0.0292  val_loss=0.0481  val_qwk=0.6002  val_acc=0.6236
/home/norak/R&I/kxs-/train.py:148: FutureWarning: `torch.cuda.amp.autocast(args...)` is deprecated. Please use `torch.amp.autocast('cuda', args...)` instead.
  with torch.cuda.amp.autocast():
/home/norak/R&I/kxs-/train.py:169: FutureWarning: `torch.cuda.amp.autocast(args...)` is deprecated. Please use `torch.amp.autocast('cuda', args...)` instead.
  with torch.cuda.amp.autocast():
    epoch  9  train_loss=0.0278  val_loss=0.0430  val_qwk=0.6537  val_acc=0.6011
/home/norak/R&I/kxs-/train.py:148: FutureWarning: `torch.cuda.amp.autocast(args...)` is deprecated. Please use `torch.amp.autocast('cuda', args...)` instead.
  with torch.cuda.amp.autocast():
/home/norak/R&I/kxs-/train.py:169: FutureWarning: `torch.cuda.amp.autocast(args...)` is deprecated. Please use `torch.amp.autocast('cuda', args...)` instead.
  with torch.cuda.amp.autocast():
    epoch 10  train_loss=0.0275  val_loss=0.0383  val_qwk=0.6796  val_acc=0.6629
/home/norak/R&I/kxs-/train.py:148: FutureWarning: `torch.cuda.amp.autocast(args...)` is deprecated. Please use `torch.amp.autocast('cuda', args...)` instead.
  with torch.cuda.amp.autocast():
/home/norak/R&I/kxs-/train.py:169: FutureWarning: `torch.cuda.amp.autocast(args...)` is deprecated. Please use `torch.amp.autocast('cuda', args...)` instead.
  with torch.cuda.amp.autocast():
    epoch 11  train_loss=0.0249  val_loss=0.0421  val_qwk=0.6528  val_acc=0.6067
/home/norak/R&I/kxs-/train.py:148: FutureWarning: `torch.cuda.amp.autocast(args...)` is deprecated. Please use `torch.amp.autocast('cuda', args...)` instead.
  with torch.cuda.amp.autocast():
/home/norak/R&I/kxs-/train.py:169: FutureWarning: `torch.cuda.amp.autocast(args...)` is deprecated. Please use `torch.amp.autocast('cuda', args...)` instead.
  with torch.cuda.amp.autocast():
    epoch 12  train_loss=0.0253  val_loss=0.0402  val_qwk=0.6827  val_acc=0.6292
/home/norak/R&I/kxs-/train.py:148: FutureWarning: `torch.cuda.amp.autocast(args...)` is deprecated. Please use `torch.amp.autocast('cuda', args...)` instead.
  with torch.cuda.amp.autocast():
/home/norak/R&I/kxs-/train.py:169: FutureWarning: `torch.cuda.amp.autocast(args...)` is deprecated. Please use `torch.amp.autocast('cuda', args...)` instead.
  with torch.cuda.amp.autocast():
    epoch 13  train_loss=0.0237  val_loss=0.0398  val_qwk=0.6856  val_acc=0.6348
/home/norak/R&I/kxs-/train.py:148: FutureWarning: `torch.cuda.amp.autocast(args...)` is deprecated. Please use `torch.amp.autocast('cuda', args...)` instead.
  with torch.cuda.amp.autocast():
/home/norak/R&I/kxs-/train.py:169: FutureWarning: `torch.cuda.amp.autocast(args...)` is deprecated. Please use `torch.amp.autocast('cuda', args...)` instead.
  with torch.cuda.amp.autocast():
    epoch 14  train_loss=0.0229  val_loss=0.0446  val_qwk=0.6001  val_acc=0.6011
/home/norak/R&I/kxs-/train.py:148: FutureWarning: `torch.cuda.amp.autocast(args...)` is deprecated. Please use `torch.amp.autocast('cuda', args...)` instead.
  with torch.cuda.amp.autocast():
/home/norak/R&I/kxs-/train.py:169: FutureWarning: `torch.cuda.amp.autocast(args...)` is deprecated. Please use `torch.amp.autocast('cuda', args...)` instead.
  with torch.cuda.amp.autocast():
    epoch 15  train_loss=0.0218  val_loss=0.0375  val_qwk=0.6784  val_acc=0.6404
/home/norak/R&I/kxs-/train.py:148: FutureWarning: `torch.cuda.amp.autocast(args...)` is deprecated. Please use `torch.amp.autocast('cuda', args...)` instead.
  with torch.cuda.amp.autocast():
/home/norak/R&I/kxs-/train.py:169: FutureWarning: `torch.cuda.amp.autocast(args...)` is deprecated. Please use `torch.amp.autocast('cuda', args...)` instead.
  with torch.cuda.amp.autocast():
    epoch 16  train_loss=0.0202  val_loss=0.0383  val_qwk=0.7039  val_acc=0.6461
/home/norak/R&I/kxs-/train.py:148: FutureWarning: `torch.cuda.amp.autocast(args...)` is deprecated. Please use `torch.amp.autocast('cuda', args...)` instead.
  with torch.cuda.amp.autocast():
/home/norak/R&I/kxs-/train.py:169: FutureWarning: `torch.cuda.amp.autocast(args...)` is deprecated. Please use `torch.amp.autocast('cuda', args...)` instead.
  with torch.cuda.amp.autocast():
    epoch 17  train_loss=0.0193  val_loss=0.0371  val_qwk=0.7170  val_acc=0.6292
/home/norak/R&I/kxs-/train.py:148: FutureWarning: `torch.cuda.amp.autocast(args...)` is deprecated. Please use `torch.amp.autocast('cuda', args...)` instead.
  with torch.cuda.amp.autocast():
/home/norak/R&I/kxs-/train.py:169: FutureWarning: `torch.cuda.amp.autocast(args...)` is deprecated. Please use `torch.amp.autocast('cuda', args...)` instead.
  with torch.cuda.amp.autocast():
    epoch 18  train_loss=0.0188  val_loss=0.0379  val_qwk=0.6903  val_acc=0.6067
/home/norak/R&I/kxs-/train.py:148: FutureWarning: `torch.cuda.amp.autocast(args...)` is deprecated. Please use `torch.amp.autocast('cuda', args...)` instead.
  with torch.cuda.amp.autocast():
/home/norak/R&I/kxs-/train.py:169: FutureWarning: `torch.cuda.amp.autocast(args...)` is deprecated. Please use `torch.amp.autocast('cuda', args...)` instead.
  with torch.cuda.amp.autocast():
    epoch 19  train_loss=0.0181  val_loss=0.0345  val_qwk=0.7208  val_acc=0.6124
/home/norak/R&I/kxs-/train.py:148: FutureWarning: `torch.cuda.amp.autocast(args...)` is deprecated. Please use `torch.amp.autocast('cuda', args...)` instead.
  with torch.cuda.amp.autocast():
/home/norak/R&I/kxs-/train.py:169: FutureWarning: `torch.cuda.amp.autocast(args...)` is deprecated. Please use `torch.amp.autocast('cuda', args...)` instead.
  with torch.cuda.amp.autocast():
    epoch 20  train_loss=0.0182  val_loss=0.0365  val_qwk=0.6856  val_acc=0.6292
/home/norak/R&I/kxs-/train.py:169: FutureWarning: `torch.cuda.amp.autocast(args...)` is deprecated. Please use `torch.amp.autocast('cuda', args...)` instead.
  with torch.cuda.amp.autocast():
/home/norak/R&I/kxs-/train.py:169: FutureWarning: `torch.cuda.amp.autocast(args...)` is deprecated. Please use `torch.amp.autocast('cuda', args...)` instead.
  with torch.cuda.amp.autocast():
/home/norak/R&I/kxs-/train.py:169: FutureWarning: `torch.cuda.amp.autocast(args...)` is deprecated. Please use `torch.amp.autocast('cuda', args...)` instead.
  with torch.cuda.amp.autocast():
  [clean_qar_cross_gte                ] train_qwk=0.8501 -> test_qwk=0.7562  raw_w1=0.7191  epoch=19  (116.7s)
| 2026-05-17 09:55:26,370 | [1;32mINFO[0m | khmer-nltk | Loaded model from /home/norak/R&I/kxs-/venv/lib/python3.12/site-packages/khmernltk/word_tokenize/sklearn_crf_ner_10000.sav |
Loading weights:   0%|          | 0/199 [00:00<?, ?it/s]Loading weights: 100%|██████████| 199/199 [00:00<00:00, 3211.45it/s]
[transformers] [1mBertModel LOAD REPORT[0m from: bert-base-multilingual-cased
Key                                        | Status     |  | 
-------------------------------------------+------------+--+-
cls.predictions.transform.dense.weight     | UNEXPECTED |  | 
cls.seq_relationship.weight                | UNEXPECTED |  | 
cls.seq_relationship.bias                  | UNEXPECTED |  | 
cls.predictions.transform.LayerNorm.bias   | UNEXPECTED |  | 
cls.predictions.bias                       | UNEXPECTED |  | 
cls.predictions.transform.dense.bias       | UNEXPECTED |  | 
cls.predictions.transform.LayerNorm.weight | UNEXPECTED |  | 

Notes:
- UNEXPECTED:	can be ignored when loading from different task/architecture; not ok if you expect identical arch.
/home/norak/R&I/kxs-/train.py:206: FutureWarning: `torch.cuda.amp.GradScaler(args...)` is deprecated. Please use `torch.amp.GradScaler('cuda', args...)` instead.
  scaler = torch.cuda.amp.GradScaler() if use_amp and device == "cuda" else None
/home/norak/R&I/kxs-/train.py:148: FutureWarning: `torch.cuda.amp.autocast(args...)` is deprecated. Please use `torch.amp.autocast('cuda', args...)` instead.
  with torch.cuda.amp.autocast():
/home/norak/R&I/kxs-/train.py:169: FutureWarning: `torch.cuda.amp.autocast(args...)` is deprecated. Please use `torch.amp.autocast('cuda', args...)` instead.
  with torch.cuda.amp.autocast():
    epoch  1  train_loss=0.0768  val_loss=0.0685  val_qwk=0.1682  val_acc=0.2247
/home/norak/R&I/kxs-/train.py:148: FutureWarning: `torch.cuda.amp.autocast(args...)` is deprecated. Please use `torch.amp.autocast('cuda', args...)` instead.
  with torch.cuda.amp.autocast():
/home/norak/R&I/kxs-/train.py:169: FutureWarning: `torch.cuda.amp.autocast(args...)` is deprecated. Please use `torch.amp.autocast('cuda', args...)` instead.
  with torch.cuda.amp.autocast():
    epoch  2  train_loss=0.0638  val_loss=0.0600  val_qwk=0.3765  val_acc=0.3034
/home/norak/R&I/kxs-/train.py:148: FutureWarning: `torch.cuda.amp.autocast(args...)` is deprecated. Please use `torch.amp.autocast('cuda', args...)` instead.
  with torch.cuda.amp.autocast():
/home/norak/R&I/kxs-/train.py:169: FutureWarning: `torch.cuda.amp.autocast(args...)` is deprecated. Please use `torch.amp.autocast('cuda', args...)` instead.
  with torch.cuda.amp.autocast():
    epoch  3  train_loss=0.0575  val_loss=0.0706  val_qwk=0.2394  val_acc=0.2978
/home/norak/R&I/kxs-/train.py:148: FutureWarning: `torch.cuda.amp.autocast(args...)` is deprecated. Please use `torch.amp.autocast('cuda', args...)` instead.
  with torch.cuda.amp.autocast():
/home/norak/R&I/kxs-/train.py:169: FutureWarning: `torch.cuda.amp.autocast(args...)` is deprecated. Please use `torch.amp.autocast('cuda', args...)` instead.
  with torch.cuda.amp.autocast():
    epoch  4  train_loss=0.0547  val_loss=0.0640  val_qwk=0.4595  val_acc=0.3371
/home/norak/R&I/kxs-/train.py:148: FutureWarning: `torch.cuda.amp.autocast(args...)` is deprecated. Please use `torch.amp.autocast('cuda', args...)` instead.
  with torch.cuda.amp.autocast():
/home/norak/R&I/kxs-/train.py:169: FutureWarning: `torch.cuda.amp.autocast(args...)` is deprecated. Please use `torch.amp.autocast('cuda', args...)` instead.
  with torch.cuda.amp.autocast():
    epoch  5  train_loss=0.0564  val_loss=0.0598  val_qwk=0.2853  val_acc=0.2921
/home/norak/R&I/kxs-/train.py:148: FutureWarning: `torch.cuda.amp.autocast(args...)` is deprecated. Please use `torch.amp.autocast('cuda', args...)` instead.
  with torch.cuda.amp.autocast():
/home/norak/R&I/kxs-/train.py:169: FutureWarning: `torch.cuda.amp.autocast(args...)` is deprecated. Please use `torch.amp.autocast('cuda', args...)` instead.
  with torch.cuda.amp.autocast():
    epoch  6  train_loss=0.0560  val_loss=0.0582  val_qwk=0.3420  val_acc=0.3090
/home/norak/R&I/kxs-/train.py:148: FutureWarning: `torch.cuda.amp.autocast(args...)` is deprecated. Please use `torch.amp.autocast('cuda', args...)` instead.
  with torch.cuda.amp.autocast():
/home/norak/R&I/kxs-/train.py:169: FutureWarning: `torch.cuda.amp.autocast(args...)` is deprecated. Please use `torch.amp.autocast('cuda', args...)` instead.
  with torch.cuda.amp.autocast():
    epoch  7  train_loss=0.0535  val_loss=0.0575  val_qwk=0.3818  val_acc=0.3427
/home/norak/R&I/kxs-/train.py:148: FutureWarning: `torch.cuda.amp.autocast(args...)` is deprecated. Please use `torch.amp.autocast('cuda', args...)` instead.
  with torch.cuda.amp.autocast():
/home/norak/R&I/kxs-/train.py:169: FutureWarning: `torch.cuda.amp.autocast(args...)` is deprecated. Please use `torch.amp.autocast('cuda', args...)` instead.
  with torch.cuda.amp.autocast():
    epoch  8  train_loss=0.0523  val_loss=0.0558  val_qwk=0.3351  val_acc=0.3427
    early-stop at epoch 8 (best epoch=4, best_qwk=0.4595)
/home/norak/R&I/kxs-/train.py:169: FutureWarning: `torch.cuda.amp.autocast(args...)` is deprecated. Please use `torch.amp.autocast('cuda', args...)` instead.
  with torch.cuda.amp.autocast():
/home/norak/R&I/kxs-/train.py:169: FutureWarning: `torch.cuda.amp.autocast(args...)` is deprecated. Please use `torch.amp.autocast('cuda', args...)` instead.
  with torch.cuda.amp.autocast():
/home/norak/R&I/kxs-/train.py:169: FutureWarning: `torch.cuda.amp.autocast(args...)` is deprecated. Please use `torch.amp.autocast('cuda', args...)` instead.
  with torch.cuda.amp.autocast():
  [segment_ra_dual_mbert              ] train_qwk=0.4993 -> test_qwk=0.5331  raw_w1=0.3539  epoch=4  (74.9s)
Loading weights:   0%|          | 0/199 [00:00<?, ?it/s]Loading weights: 100%|██████████| 199/199 [00:00<00:00, 2971.27it/s]
[transformers] [1mXLMRobertaModel LOAD REPORT[0m from: xlm-roberta-base
Key                       | Status     |  | 
--------------------------+------------+--+-
lm_head.dense.weight      | UNEXPECTED |  | 
lm_head.layer_norm.weight | UNEXPECTED |  | 
lm_head.dense.bias        | UNEXPECTED |  | 
lm_head.layer_norm.bias   | UNEXPECTED |  | 
lm_head.bias              | UNEXPECTED |  | 

Notes:
- UNEXPECTED:	can be ignored when loading from different task/architecture; not ok if you expect identical arch.
/home/norak/R&I/kxs-/train.py:206: FutureWarning: `torch.cuda.amp.GradScaler(args...)` is deprecated. Please use `torch.amp.GradScaler('cuda', args...)` instead.
  scaler = torch.cuda.amp.GradScaler() if use_amp and device == "cuda" else None
/home/norak/R&I/kxs-/train.py:148: FutureWarning: `torch.cuda.amp.autocast(args...)` is deprecated. Please use `torch.amp.autocast('cuda', args...)` instead.
  with torch.cuda.amp.autocast():
/home/norak/R&I/kxs-/train.py:169: FutureWarning: `torch.cuda.amp.autocast(args...)` is deprecated. Please use `torch.amp.autocast('cuda', args...)` instead.
  with torch.cuda.amp.autocast():
    epoch  1  train_loss=0.0916  val_loss=0.0591  val_qwk=0.4555  val_acc=0.3876
/home/norak/R&I/kxs-/train.py:148: FutureWarning: `torch.cuda.amp.autocast(args...)` is deprecated. Please use `torch.amp.autocast('cuda', args...)` instead.
  with torch.cuda.amp.autocast():
/home/norak/R&I/kxs-/train.py:169: FutureWarning: `torch.cuda.amp.autocast(args...)` is deprecated. Please use `torch.amp.autocast('cuda', args...)` instead.
  with torch.cuda.amp.autocast():
    epoch  2  train_loss=0.0606  val_loss=0.0586  val_qwk=0.4667  val_acc=0.4326
/home/norak/R&I/kxs-/train.py:148: FutureWarning: `torch.cuda.amp.autocast(args...)` is deprecated. Please use `torch.amp.autocast('cuda', args...)` instead.
  with torch.cuda.amp.autocast():
/home/norak/R&I/kxs-/train.py:169: FutureWarning: `torch.cuda.amp.autocast(args...)` is deprecated. Please use `torch.amp.autocast('cuda', args...)` instead.
  with torch.cuda.amp.autocast():
    epoch  3  train_loss=0.0539  val_loss=0.0544  val_qwk=0.4917  val_acc=0.4494
/home/norak/R&I/kxs-/train.py:148: FutureWarning: `torch.cuda.amp.autocast(args...)` is deprecated. Please use `torch.amp.autocast('cuda', args...)` instead.
  with torch.cuda.amp.autocast():
/home/norak/R&I/kxs-/train.py:169: FutureWarning: `torch.cuda.amp.autocast(args...)` is deprecated. Please use `torch.amp.autocast('cuda', args...)` instead.
  with torch.cuda.amp.autocast():
    epoch  4  train_loss=0.0501  val_loss=0.0504  val_qwk=0.5107  val_acc=0.4551
/home/norak/R&I/kxs-/train.py:148: FutureWarning: `torch.cuda.amp.autocast(args...)` is deprecated. Please use `torch.amp.autocast('cuda', args...)` instead.
  with torch.cuda.amp.autocast():
/home/norak/R&I/kxs-/train.py:169: FutureWarning: `torch.cuda.amp.autocast(args...)` is deprecated. Please use `torch.amp.autocast('cuda', args...)` instead.
  with torch.cuda.amp.autocast():
    epoch  5  train_loss=0.0437  val_loss=0.0434  val_qwk=0.6096  val_acc=0.5056
/home/norak/R&I/kxs-/train.py:148: FutureWarning: `torch.cuda.amp.autocast(args...)` is deprecated. Please use `torch.amp.autocast('cuda', args...)` instead.
  with torch.cuda.amp.autocast():
/home/norak/R&I/kxs-/train.py:169: FutureWarning: `torch.cuda.amp.autocast(args...)` is deprecated. Please use `torch.amp.autocast('cuda', args...)` instead.
  with torch.cuda.amp.autocast():
    epoch  6  train_loss=0.0411  val_loss=0.0471  val_qwk=0.5919  val_acc=0.5393
/home/norak/R&I/kxs-/train.py:148: FutureWarning: `torch.cuda.amp.autocast(args...)` is deprecated. Please use `torch.amp.autocast('cuda', args...)` instead.
  with torch.cuda.amp.autocast():
/home/norak/R&I/kxs-/train.py:169: FutureWarning: `torch.cuda.amp.autocast(args...)` is deprecated. Please use `torch.amp.autocast('cuda', args...)` instead.
  with torch.cuda.amp.autocast():
    epoch  7  train_loss=0.0354  val_loss=0.0367  val_qwk=0.6596  val_acc=0.5449
/home/norak/R&I/kxs-/train.py:148: FutureWarning: `torch.cuda.amp.autocast(args...)` is deprecated. Please use `torch.amp.autocast('cuda', args...)` instead.
  with torch.cuda.amp.autocast():
/home/norak/R&I/kxs-/train.py:169: FutureWarning: `torch.cuda.amp.autocast(args...)` is deprecated. Please use `torch.amp.autocast('cuda', args...)` instead.
  with torch.cuda.amp.autocast():
    epoch  8  train_loss=0.0311  val_loss=0.0344  val_qwk=0.7020  val_acc=0.5674
/home/norak/R&I/kxs-/train.py:148: FutureWarning: `torch.cuda.amp.autocast(args...)` is deprecated. Please use `torch.amp.autocast('cuda', args...)` instead.
  with torch.cuda.amp.autocast():
/home/norak/R&I/kxs-/train.py:169: FutureWarning: `torch.cuda.amp.autocast(args...)` is deprecated. Please use `torch.amp.autocast('cuda', args...)` instead.
  with torch.cuda.amp.autocast():
    epoch  9  train_loss=0.0306  val_loss=0.0410  val_qwk=0.6632  val_acc=0.5843
/home/norak/R&I/kxs-/train.py:148: FutureWarning: `torch.cuda.amp.autocast(args...)` is deprecated. Please use `torch.amp.autocast('cuda', args...)` instead.
  with torch.cuda.amp.autocast():
/home/norak/R&I/kxs-/train.py:169: FutureWarning: `torch.cuda.amp.autocast(args...)` is deprecated. Please use `torch.amp.autocast('cuda', args...)` instead.
  with torch.cuda.amp.autocast():
    epoch 10  train_loss=0.0277  val_loss=0.0436  val_qwk=0.6137  val_acc=0.5337
/home/norak/R&I/kxs-/train.py:148: FutureWarning: `torch.cuda.amp.autocast(args...)` is deprecated. Please use `torch.amp.autocast('cuda', args...)` instead.
  with torch.cuda.amp.autocast():
/home/norak/R&I/kxs-/train.py:169: FutureWarning: `torch.cuda.amp.autocast(args...)` is deprecated. Please use `torch.amp.autocast('cuda', args...)` instead.
  with torch.cuda.amp.autocast():
    epoch 11  train_loss=0.0271  val_loss=0.0331  val_qwk=0.7386  val_acc=0.6180
/home/norak/R&I/kxs-/train.py:148: FutureWarning: `torch.cuda.amp.autocast(args...)` is deprecated. Please use `torch.amp.autocast('cuda', args...)` instead.
  with torch.cuda.amp.autocast():
/home/norak/R&I/kxs-/train.py:169: FutureWarning: `torch.cuda.amp.autocast(args...)` is deprecated. Please use `torch.amp.autocast('cuda', args...)` instead.
  with torch.cuda.amp.autocast():
    epoch 12  train_loss=0.0239  val_loss=0.0362  val_qwk=0.6970  val_acc=0.6461
/home/norak/R&I/kxs-/train.py:148: FutureWarning: `torch.cuda.amp.autocast(args...)` is deprecated. Please use `torch.amp.autocast('cuda', args...)` instead.
  with torch.cuda.amp.autocast():
/home/norak/R&I/kxs-/train.py:169: FutureWarning: `torch.cuda.amp.autocast(args...)` is deprecated. Please use `torch.amp.autocast('cuda', args...)` instead.
  with torch.cuda.amp.autocast():
    epoch 13  train_loss=0.0247  val_loss=0.0344  val_qwk=0.7259  val_acc=0.6180
/home/norak/R&I/kxs-/train.py:148: FutureWarning: `torch.cuda.amp.autocast(args...)` is deprecated. Please use `torch.amp.autocast('cuda', args...)` instead.
  with torch.cuda.amp.autocast():
/home/norak/R&I/kxs-/train.py:169: FutureWarning: `torch.cuda.amp.autocast(args...)` is deprecated. Please use `torch.amp.autocast('cuda', args...)` instead.
  with torch.cuda.amp.autocast():
    epoch 14  train_loss=0.0216  val_loss=0.0353  val_qwk=0.7307  val_acc=0.6573
/home/norak/R&I/kxs-/train.py:148: FutureWarning: `torch.cuda.amp.autocast(args...)` is deprecated. Please use `torch.amp.autocast('cuda', args...)` instead.
  with torch.cuda.amp.autocast():
/home/norak/R&I/kxs-/train.py:169: FutureWarning: `torch.cuda.amp.autocast(args...)` is deprecated. Please use `torch.amp.autocast('cuda', args...)` instead.
  with torch.cuda.amp.autocast():
    epoch 15  train_loss=0.0202  val_loss=0.0324  val_qwk=0.7217  val_acc=0.5955
    early-stop at epoch 15 (best epoch=11, best_qwk=0.7386)
/home/norak/R&I/kxs-/train.py:169: FutureWarning: `torch.cuda.amp.autocast(args...)` is deprecated. Please use `torch.amp.autocast('cuda', args...)` instead.
  with torch.cuda.amp.autocast():
/home/norak/R&I/kxs-/train.py:169: FutureWarning: `torch.cuda.amp.autocast(args...)` is deprecated. Please use `torch.amp.autocast('cuda', args...)` instead.
  with torch.cuda.amp.autocast():
/home/norak/R&I/kxs-/train.py:169: FutureWarning: `torch.cuda.amp.autocast(args...)` is deprecated. Please use `torch.amp.autocast('cuda', args...)` instead.
  with torch.cuda.amp.autocast():
  [segment_ra_dual_xlmr               ] train_qwk=0.8335 -> test_qwk=0.7709  raw_w1=0.7191  epoch=11  (127.4s)
Loading weights:   0%|          | 0/136 [00:00<?, ?it/s]Loading weights:  79%|███████▉  | 108/136 [00:00<00:00, 1067.34it/s]Loading weights: 100%|██████████| 136/136 [00:00<00:00, 1185.24it/s]
[transformers] [1mNewModel LOAD REPORT[0m from: Alibaba-NLP/gte-multilingual-base
Key               | Status     |  | 
------------------+------------+--+-
classifier.bias   | UNEXPECTED |  | 
classifier.weight | UNEXPECTED |  | 

Notes:
- UNEXPECTED:	can be ignored when loading from different task/architecture; not ok if you expect identical arch.
/home/norak/R&I/kxs-/train.py:206: FutureWarning: `torch.cuda.amp.GradScaler(args...)` is deprecated. Please use `torch.amp.GradScaler('cuda', args...)` instead.
  scaler = torch.cuda.amp.GradScaler() if use_amp and device == "cuda" else None
/home/norak/R&I/kxs-/train.py:148: FutureWarning: `torch.cuda.amp.autocast(args...)` is deprecated. Please use `torch.amp.autocast('cuda', args...)` instead.
  with torch.cuda.amp.autocast():
/home/norak/R&I/kxs-/train.py:169: FutureWarning: `torch.cuda.amp.autocast(args...)` is deprecated. Please use `torch.amp.autocast('cuda', args...)` instead.
  with torch.cuda.amp.autocast():
    epoch  1  train_loss=0.0701  val_loss=0.0510  val_qwk=0.5008  val_acc=0.3652
/home/norak/R&I/kxs-/train.py:148: FutureWarning: `torch.cuda.amp.autocast(args...)` is deprecated. Please use `torch.amp.autocast('cuda', args...)` instead.
  with torch.cuda.amp.autocast():
/home/norak/R&I/kxs-/train.py:169: FutureWarning: `torch.cuda.amp.autocast(args...)` is deprecated. Please use `torch.amp.autocast('cuda', args...)` instead.
  with torch.cuda.amp.autocast():
    epoch  2  train_loss=0.0456  val_loss=0.0412  val_qwk=0.6457  val_acc=0.5562
/home/norak/R&I/kxs-/train.py:148: FutureWarning: `torch.cuda.amp.autocast(args...)` is deprecated. Please use `torch.amp.autocast('cuda', args...)` instead.
  with torch.cuda.amp.autocast():
/home/norak/R&I/kxs-/train.py:169: FutureWarning: `torch.cuda.amp.autocast(args...)` is deprecated. Please use `torch.amp.autocast('cuda', args...)` instead.
  with torch.cuda.amp.autocast():
    epoch  3  train_loss=0.0334  val_loss=0.0396  val_qwk=0.6424  val_acc=0.4944
/home/norak/R&I/kxs-/train.py:148: FutureWarning: `torch.cuda.amp.autocast(args...)` is deprecated. Please use `torch.amp.autocast('cuda', args...)` instead.
  with torch.cuda.amp.autocast():
/home/norak/R&I/kxs-/train.py:169: FutureWarning: `torch.cuda.amp.autocast(args...)` is deprecated. Please use `torch.amp.autocast('cuda', args...)` instead.
  with torch.cuda.amp.autocast():
    epoch  4  train_loss=0.0304  val_loss=0.0366  val_qwk=0.6908  val_acc=0.5112
/home/norak/R&I/kxs-/train.py:148: FutureWarning: `torch.cuda.amp.autocast(args...)` is deprecated. Please use `torch.amp.autocast('cuda', args...)` instead.
  with torch.cuda.amp.autocast():
/home/norak/R&I/kxs-/train.py:169: FutureWarning: `torch.cuda.amp.autocast(args...)` is deprecated. Please use `torch.amp.autocast('cuda', args...)` instead.
  with torch.cuda.amp.autocast():
    epoch  5  train_loss=0.0271  val_loss=0.0324  val_qwk=0.7130  val_acc=0.6124
/home/norak/R&I/kxs-/train.py:148: FutureWarning: `torch.cuda.amp.autocast(args...)` is deprecated. Please use `torch.amp.autocast('cuda', args...)` instead.
  with torch.cuda.amp.autocast():
/home/norak/R&I/kxs-/train.py:169: FutureWarning: `torch.cuda.amp.autocast(args...)` is deprecated. Please use `torch.amp.autocast('cuda', args...)` instead.
  with torch.cuda.amp.autocast():
    epoch  6  train_loss=0.0232  val_loss=0.0318  val_qwk=0.7462  val_acc=0.6292
/home/norak/R&I/kxs-/train.py:148: FutureWarning: `torch.cuda.amp.autocast(args...)` is deprecated. Please use `torch.amp.autocast('cuda', args...)` instead.
  with torch.cuda.amp.autocast():
/home/norak/R&I/kxs-/train.py:169: FutureWarning: `torch.cuda.amp.autocast(args...)` is deprecated. Please use `torch.amp.autocast('cuda', args...)` instead.
  with torch.cuda.amp.autocast():
    epoch  7  train_loss=0.0214  val_loss=0.0296  val_qwk=0.7757  val_acc=0.6404
/home/norak/R&I/kxs-/train.py:148: FutureWarning: `torch.cuda.amp.autocast(args...)` is deprecated. Please use `torch.amp.autocast('cuda', args...)` instead.
  with torch.cuda.amp.autocast():
/home/norak/R&I/kxs-/train.py:169: FutureWarning: `torch.cuda.amp.autocast(args...)` is deprecated. Please use `torch.amp.autocast('cuda', args...)` instead.
  with torch.cuda.amp.autocast():
    epoch  8  train_loss=0.0196  val_loss=0.0286  val_qwk=0.7859  val_acc=0.6461
/home/norak/R&I/kxs-/train.py:148: FutureWarning: `torch.cuda.amp.autocast(args...)` is deprecated. Please use `torch.amp.autocast('cuda', args...)` instead.
  with torch.cuda.amp.autocast():
/home/norak/R&I/kxs-/train.py:169: FutureWarning: `torch.cuda.amp.autocast(args...)` is deprecated. Please use `torch.amp.autocast('cuda', args...)` instead.
  with torch.cuda.amp.autocast():
    epoch  9  train_loss=0.0189  val_loss=0.0300  val_qwk=0.7236  val_acc=0.5618
/home/norak/R&I/kxs-/train.py:148: FutureWarning: `torch.cuda.amp.autocast(args...)` is deprecated. Please use `torch.amp.autocast('cuda', args...)` instead.
  with torch.cuda.amp.autocast():
/home/norak/R&I/kxs-/train.py:169: FutureWarning: `torch.cuda.amp.autocast(args...)` is deprecated. Please use `torch.amp.autocast('cuda', args...)` instead.
  with torch.cuda.amp.autocast():
    epoch 10  train_loss=0.0180  val_loss=0.0286  val_qwk=0.7525  val_acc=0.6180
/home/norak/R&I/kxs-/train.py:148: FutureWarning: `torch.cuda.amp.autocast(args...)` is deprecated. Please use `torch.amp.autocast('cuda', args...)` instead.
  with torch.cuda.amp.autocast():
/home/norak/R&I/kxs-/train.py:169: FutureWarning: `torch.cuda.amp.autocast(args...)` is deprecated. Please use `torch.amp.autocast('cuda', args...)` instead.
  with torch.cuda.amp.autocast():
    epoch 11  train_loss=0.0171  val_loss=0.0298  val_qwk=0.7651  val_acc=0.6348
/home/norak/R&I/kxs-/train.py:148: FutureWarning: `torch.cuda.amp.autocast(args...)` is deprecated. Please use `torch.amp.autocast('cuda', args...)` instead.
  with torch.cuda.amp.autocast():
/home/norak/R&I/kxs-/train.py:169: FutureWarning: `torch.cuda.amp.autocast(args...)` is deprecated. Please use `torch.amp.autocast('cuda', args...)` instead.
  with torch.cuda.amp.autocast():
    epoch 12  train_loss=0.0169  val_loss=0.0328  val_qwk=0.7260  val_acc=0.6236
    early-stop at epoch 12 (best epoch=8, best_qwk=0.7859)
/home/norak/R&I/kxs-/train.py:169: FutureWarning: `torch.cuda.amp.autocast(args...)` is deprecated. Please use `torch.amp.autocast('cuda', args...)` instead.
  with torch.cuda.amp.autocast():
/home/norak/R&I/kxs-/train.py:169: FutureWarning: `torch.cuda.amp.autocast(args...)` is deprecated. Please use `torch.amp.autocast('cuda', args...)` instead.
  with torch.cuda.amp.autocast():
/home/norak/R&I/kxs-/train.py:169: FutureWarning: `torch.cuda.amp.autocast(args...)` is deprecated. Please use `torch.amp.autocast('cuda', args...)` instead.
  with torch.cuda.amp.autocast():
  [segment_ra_dual_gte                ] train_qwk=0.8455 -> test_qwk=0.7703  raw_w1=0.7191  epoch=8  (127.7s)
Loading weights:   0%|          | 0/199 [00:00<?, ?it/s]Loading weights: 100%|██████████| 199/199 [00:00<00:00, 2998.78it/s]
[transformers] [1mBertModel LOAD REPORT[0m from: bert-base-multilingual-cased
Key                                        | Status     |  | 
-------------------------------------------+------------+--+-
cls.predictions.transform.dense.weight     | UNEXPECTED |  | 
cls.seq_relationship.weight                | UNEXPECTED |  | 
cls.seq_relationship.bias                  | UNEXPECTED |  | 
cls.predictions.transform.LayerNorm.bias   | UNEXPECTED |  | 
cls.predictions.bias                       | UNEXPECTED |  | 
cls.predictions.transform.dense.bias       | UNEXPECTED |  | 
cls.predictions.transform.LayerNorm.weight | UNEXPECTED |  | 

Notes:
- UNEXPECTED:	can be ignored when loading from different task/architecture; not ok if you expect identical arch.
/home/norak/R&I/kxs-/train.py:206: FutureWarning: `torch.cuda.amp.GradScaler(args...)` is deprecated. Please use `torch.amp.GradScaler('cuda', args...)` instead.
  scaler = torch.cuda.amp.GradScaler() if use_amp and device == "cuda" else None
/home/norak/R&I/kxs-/train.py:148: FutureWarning: `torch.cuda.amp.autocast(args...)` is deprecated. Please use `torch.amp.autocast('cuda', args...)` instead.
  with torch.cuda.amp.autocast():
/home/norak/R&I/kxs-/train.py:169: FutureWarning: `torch.cuda.amp.autocast(args...)` is deprecated. Please use `torch.amp.autocast('cuda', args...)` instead.
  with torch.cuda.amp.autocast():
    epoch  1  train_loss=0.0791  val_loss=0.0789  val_qwk=0.0000  val_acc=0.1629
/home/norak/R&I/kxs-/train.py:148: FutureWarning: `torch.cuda.amp.autocast(args...)` is deprecated. Please use `torch.amp.autocast('cuda', args...)` instead.
  with torch.cuda.amp.autocast():
/home/norak/R&I/kxs-/train.py:169: FutureWarning: `torch.cuda.amp.autocast(args...)` is deprecated. Please use `torch.amp.autocast('cuda', args...)` instead.
  with torch.cuda.amp.autocast():
    epoch  2  train_loss=0.0731  val_loss=0.0842  val_qwk=0.1004  val_acc=0.2697
/home/norak/R&I/kxs-/train.py:148: FutureWarning: `torch.cuda.amp.autocast(args...)` is deprecated. Please use `torch.amp.autocast('cuda', args...)` instead.
  with torch.cuda.amp.autocast():
/home/norak/R&I/kxs-/train.py:169: FutureWarning: `torch.cuda.amp.autocast(args...)` is deprecated. Please use `torch.amp.autocast('cuda', args...)` instead.
  with torch.cuda.amp.autocast():
    epoch  3  train_loss=0.0699  val_loss=0.0773  val_qwk=0.1975  val_acc=0.2640
/home/norak/R&I/kxs-/train.py:148: FutureWarning: `torch.cuda.amp.autocast(args...)` is deprecated. Please use `torch.amp.autocast('cuda', args...)` instead.
  with torch.cuda.amp.autocast():
/home/norak/R&I/kxs-/train.py:169: FutureWarning: `torch.cuda.amp.autocast(args...)` is deprecated. Please use `torch.amp.autocast('cuda', args...)` instead.
  with torch.cuda.amp.autocast():
    epoch  4  train_loss=0.0663  val_loss=0.0725  val_qwk=0.1319  val_acc=0.2528
/home/norak/R&I/kxs-/train.py:148: FutureWarning: `torch.cuda.amp.autocast(args...)` is deprecated. Please use `torch.amp.autocast('cuda', args...)` instead.
  with torch.cuda.amp.autocast():
/home/norak/R&I/kxs-/train.py:169: FutureWarning: `torch.cuda.amp.autocast(args...)` is deprecated. Please use `torch.amp.autocast('cuda', args...)` instead.
  with torch.cuda.amp.autocast():
    epoch  5  train_loss=0.0658  val_loss=0.0745  val_qwk=0.1690  val_acc=0.2472
/home/norak/R&I/kxs-/train.py:148: FutureWarning: `torch.cuda.amp.autocast(args...)` is deprecated. Please use `torch.amp.autocast('cuda', args...)` instead.
  with torch.cuda.amp.autocast():
/home/norak/R&I/kxs-/train.py:169: FutureWarning: `torch.cuda.amp.autocast(args...)` is deprecated. Please use `torch.amp.autocast('cuda', args...)` instead.
  with torch.cuda.amp.autocast():
    epoch  6  train_loss=0.0654  val_loss=0.0729  val_qwk=0.1626  val_acc=0.2640
/home/norak/R&I/kxs-/train.py:148: FutureWarning: `torch.cuda.amp.autocast(args...)` is deprecated. Please use `torch.amp.autocast('cuda', args...)` instead.
  with torch.cuda.amp.autocast():
/home/norak/R&I/kxs-/train.py:169: FutureWarning: `torch.cuda.amp.autocast(args...)` is deprecated. Please use `torch.amp.autocast('cuda', args...)` instead.
  with torch.cuda.amp.autocast():
    epoch  7  train_loss=0.0645  val_loss=0.0724  val_qwk=0.1879  val_acc=0.2584
    early-stop at epoch 7 (best epoch=3, best_qwk=0.1975)
/home/norak/R&I/kxs-/train.py:169: FutureWarning: `torch.cuda.amp.autocast(args...)` is deprecated. Please use `torch.amp.autocast('cuda', args...)` instead.
  with torch.cuda.amp.autocast():
/home/norak/R&I/kxs-/train.py:169: FutureWarning: `torch.cuda.amp.autocast(args...)` is deprecated. Please use `torch.amp.autocast('cuda', args...)` instead.
  with torch.cuda.amp.autocast():
/home/norak/R&I/kxs-/train.py:169: FutureWarning: `torch.cuda.amp.autocast(args...)` is deprecated. Please use `torch.amp.autocast('cuda', args...)` instead.
  with torch.cuda.amp.autocast():
  [segment_ra_cross_mbert             ] train_qwk=0.2754 -> test_qwk=0.2694  raw_w1=0.3876  epoch=3  (48.5s)
Loading weights:   0%|          | 0/199 [00:00<?, ?it/s]Loading weights: 100%|██████████| 199/199 [00:00<00:00, 3004.47it/s]
[transformers] [1mXLMRobertaModel LOAD REPORT[0m from: xlm-roberta-base
Key                       | Status     |  | 
--------------------------+------------+--+-
lm_head.dense.weight      | UNEXPECTED |  | 
lm_head.layer_norm.weight | UNEXPECTED |  | 
lm_head.dense.bias        | UNEXPECTED |  | 
lm_head.layer_norm.bias   | UNEXPECTED |  | 
lm_head.bias              | UNEXPECTED |  | 

Notes:
- UNEXPECTED:	can be ignored when loading from different task/architecture; not ok if you expect identical arch.
/home/norak/R&I/kxs-/train.py:206: FutureWarning: `torch.cuda.amp.GradScaler(args...)` is deprecated. Please use `torch.amp.GradScaler('cuda', args...)` instead.
  scaler = torch.cuda.amp.GradScaler() if use_amp and device == "cuda" else None
/home/norak/R&I/kxs-/train.py:148: FutureWarning: `torch.cuda.amp.autocast(args...)` is deprecated. Please use `torch.amp.autocast('cuda', args...)` instead.
  with torch.cuda.amp.autocast():
/home/norak/R&I/kxs-/train.py:169: FutureWarning: `torch.cuda.amp.autocast(args...)` is deprecated. Please use `torch.amp.autocast('cuda', args...)` instead.
  with torch.cuda.amp.autocast():
    epoch  1  train_loss=0.0780  val_loss=0.0617  val_qwk=0.3539  val_acc=0.2247
/home/norak/R&I/kxs-/train.py:148: FutureWarning: `torch.cuda.amp.autocast(args...)` is deprecated. Please use `torch.amp.autocast('cuda', args...)` instead.
  with torch.cuda.amp.autocast():
/home/norak/R&I/kxs-/train.py:169: FutureWarning: `torch.cuda.amp.autocast(args...)` is deprecated. Please use `torch.amp.autocast('cuda', args...)` instead.
  with torch.cuda.amp.autocast():
    epoch  2  train_loss=0.0647  val_loss=0.0519  val_qwk=0.5264  val_acc=0.4438
/home/norak/R&I/kxs-/train.py:148: FutureWarning: `torch.cuda.amp.autocast(args...)` is deprecated. Please use `torch.amp.autocast('cuda', args...)` instead.
  with torch.cuda.amp.autocast():
/home/norak/R&I/kxs-/train.py:169: FutureWarning: `torch.cuda.amp.autocast(args...)` is deprecated. Please use `torch.amp.autocast('cuda', args...)` instead.
  with torch.cuda.amp.autocast():
    epoch  3  train_loss=0.0559  val_loss=0.0481  val_qwk=0.5578  val_acc=0.5056
/home/norak/R&I/kxs-/train.py:148: FutureWarning: `torch.cuda.amp.autocast(args...)` is deprecated. Please use `torch.amp.autocast('cuda', args...)` instead.
  with torch.cuda.amp.autocast():
/home/norak/R&I/kxs-/train.py:169: FutureWarning: `torch.cuda.amp.autocast(args...)` is deprecated. Please use `torch.amp.autocast('cuda', args...)` instead.
  with torch.cuda.amp.autocast():
    epoch  4  train_loss=0.0488  val_loss=0.0510  val_qwk=0.5310  val_acc=0.4494
/home/norak/R&I/kxs-/train.py:148: FutureWarning: `torch.cuda.amp.autocast(args...)` is deprecated. Please use `torch.amp.autocast('cuda', args...)` instead.
  with torch.cuda.amp.autocast():
/home/norak/R&I/kxs-/train.py:169: FutureWarning: `torch.cuda.amp.autocast(args...)` is deprecated. Please use `torch.amp.autocast('cuda', args...)` instead.
  with torch.cuda.amp.autocast():
    epoch  5  train_loss=0.0437  val_loss=0.0462  val_qwk=0.5749  val_acc=0.5393
/home/norak/R&I/kxs-/train.py:148: FutureWarning: `torch.cuda.amp.autocast(args...)` is deprecated. Please use `torch.amp.autocast('cuda', args...)` instead.
  with torch.cuda.amp.autocast():
/home/norak/R&I/kxs-/train.py:169: FutureWarning: `torch.cuda.amp.autocast(args...)` is deprecated. Please use `torch.amp.autocast('cuda', args...)` instead.
  with torch.cuda.amp.autocast():
    epoch  6  train_loss=0.0395  val_loss=0.0426  val_qwk=0.6316  val_acc=0.5337
/home/norak/R&I/kxs-/train.py:148: FutureWarning: `torch.cuda.amp.autocast(args...)` is deprecated. Please use `torch.amp.autocast('cuda', args...)` instead.
  with torch.cuda.amp.autocast():
/home/norak/R&I/kxs-/train.py:169: FutureWarning: `torch.cuda.amp.autocast(args...)` is deprecated. Please use `torch.amp.autocast('cuda', args...)` instead.
  with torch.cuda.amp.autocast():
    epoch  7  train_loss=0.0387  val_loss=0.0417  val_qwk=0.6590  val_acc=0.5787
/home/norak/R&I/kxs-/train.py:148: FutureWarning: `torch.cuda.amp.autocast(args...)` is deprecated. Please use `torch.amp.autocast('cuda', args...)` instead.
  with torch.cuda.amp.autocast():
/home/norak/R&I/kxs-/train.py:169: FutureWarning: `torch.cuda.amp.autocast(args...)` is deprecated. Please use `torch.amp.autocast('cuda', args...)` instead.
  with torch.cuda.amp.autocast():
    epoch  8  train_loss=0.0363  val_loss=0.0392  val_qwk=0.6825  val_acc=0.5843
/home/norak/R&I/kxs-/train.py:148: FutureWarning: `torch.cuda.amp.autocast(args...)` is deprecated. Please use `torch.amp.autocast('cuda', args...)` instead.
  with torch.cuda.amp.autocast():
/home/norak/R&I/kxs-/train.py:169: FutureWarning: `torch.cuda.amp.autocast(args...)` is deprecated. Please use `torch.amp.autocast('cuda', args...)` instead.
  with torch.cuda.amp.autocast():
    epoch  9  train_loss=0.0339  val_loss=0.0402  val_qwk=0.7325  val_acc=0.6461
/home/norak/R&I/kxs-/train.py:148: FutureWarning: `torch.cuda.amp.autocast(args...)` is deprecated. Please use `torch.amp.autocast('cuda', args...)` instead.
  with torch.cuda.amp.autocast():
/home/norak/R&I/kxs-/train.py:169: FutureWarning: `torch.cuda.amp.autocast(args...)` is deprecated. Please use `torch.amp.autocast('cuda', args...)` instead.
  with torch.cuda.amp.autocast():
    epoch 10  train_loss=0.0324  val_loss=0.0382  val_qwk=0.6945  val_acc=0.5787
/home/norak/R&I/kxs-/train.py:148: FutureWarning: `torch.cuda.amp.autocast(args...)` is deprecated. Please use `torch.amp.autocast('cuda', args...)` instead.
  with torch.cuda.amp.autocast():
/home/norak/R&I/kxs-/train.py:169: FutureWarning: `torch.cuda.amp.autocast(args...)` is deprecated. Please use `torch.amp.autocast('cuda', args...)` instead.
  with torch.cuda.amp.autocast():
    epoch 11  train_loss=0.0311  val_loss=0.0366  val_qwk=0.6850  val_acc=0.6011
/home/norak/R&I/kxs-/train.py:148: FutureWarning: `torch.cuda.amp.autocast(args...)` is deprecated. Please use `torch.amp.autocast('cuda', args...)` instead.
  with torch.cuda.amp.autocast():
/home/norak/R&I/kxs-/train.py:169: FutureWarning: `torch.cuda.amp.autocast(args...)` is deprecated. Please use `torch.amp.autocast('cuda', args...)` instead.
  with torch.cuda.amp.autocast():
    epoch 12  train_loss=0.0297  val_loss=0.0369  val_qwk=0.6754  val_acc=0.5843
/home/norak/R&I/kxs-/train.py:148: FutureWarning: `torch.cuda.amp.autocast(args...)` is deprecated. Please use `torch.amp.autocast('cuda', args...)` instead.
  with torch.cuda.amp.autocast():
/home/norak/R&I/kxs-/train.py:169: FutureWarning: `torch.cuda.amp.autocast(args...)` is deprecated. Please use `torch.amp.autocast('cuda', args...)` instead.
  with torch.cuda.amp.autocast():
    epoch 13  train_loss=0.0275  val_loss=0.0408  val_qwk=0.6777  val_acc=0.6180
    early-stop at epoch 13 (best epoch=9, best_qwk=0.7325)
/home/norak/R&I/kxs-/train.py:169: FutureWarning: `torch.cuda.amp.autocast(args...)` is deprecated. Please use `torch.amp.autocast('cuda', args...)` instead.
  with torch.cuda.amp.autocast():
/home/norak/R&I/kxs-/train.py:169: FutureWarning: `torch.cuda.amp.autocast(args...)` is deprecated. Please use `torch.amp.autocast('cuda', args...)` instead.
  with torch.cuda.amp.autocast():
/home/norak/R&I/kxs-/train.py:169: FutureWarning: `torch.cuda.amp.autocast(args...)` is deprecated. Please use `torch.amp.autocast('cuda', args...)` instead.
  with torch.cuda.amp.autocast():
  [segment_ra_cross_xlmr              ] train_qwk=0.7795 -> test_qwk=0.7436  raw_w1=0.7135  epoch=9  (85.7s)
Loading weights:   0%|          | 0/136 [00:00<?, ?it/s]Loading weights:   3%|▎         | 4/136 [00:00<00:03, 35.33it/s]Loading weights: 100%|██████████| 136/136 [00:00<00:00, 981.10it/s]
[transformers] [1mNewModel LOAD REPORT[0m from: Alibaba-NLP/gte-multilingual-base
Key               | Status     |  | 
------------------+------------+--+-
classifier.bias   | UNEXPECTED |  | 
classifier.weight | UNEXPECTED |  | 

Notes:
- UNEXPECTED:	can be ignored when loading from different task/architecture; not ok if you expect identical arch.
/home/norak/R&I/kxs-/train.py:206: FutureWarning: `torch.cuda.amp.GradScaler(args...)` is deprecated. Please use `torch.amp.GradScaler('cuda', args...)` instead.
  scaler = torch.cuda.amp.GradScaler() if use_amp and device == "cuda" else None
/home/norak/R&I/kxs-/train.py:148: FutureWarning: `torch.cuda.amp.autocast(args...)` is deprecated. Please use `torch.amp.autocast('cuda', args...)` instead.
  with torch.cuda.amp.autocast():
/home/norak/R&I/kxs-/train.py:169: FutureWarning: `torch.cuda.amp.autocast(args...)` is deprecated. Please use `torch.amp.autocast('cuda', args...)` instead.
  with torch.cuda.amp.autocast():
    epoch  1  train_loss=0.0679  val_loss=0.0541  val_qwk=0.4500  val_acc=0.3483
/home/norak/R&I/kxs-/train.py:148: FutureWarning: `torch.cuda.amp.autocast(args...)` is deprecated. Please use `torch.amp.autocast('cuda', args...)` instead.
  with torch.cuda.amp.autocast():
/home/norak/R&I/kxs-/train.py:169: FutureWarning: `torch.cuda.amp.autocast(args...)` is deprecated. Please use `torch.amp.autocast('cuda', args...)` instead.
  with torch.cuda.amp.autocast():
    epoch  2  train_loss=0.0518  val_loss=0.0532  val_qwk=0.5279  val_acc=0.4382
/home/norak/R&I/kxs-/train.py:148: FutureWarning: `torch.cuda.amp.autocast(args...)` is deprecated. Please use `torch.amp.autocast('cuda', args...)` instead.
  with torch.cuda.amp.autocast():
/home/norak/R&I/kxs-/train.py:169: FutureWarning: `torch.cuda.amp.autocast(args...)` is deprecated. Please use `torch.amp.autocast('cuda', args...)` instead.
  with torch.cuda.amp.autocast():
    epoch  3  train_loss=0.0452  val_loss=0.0477  val_qwk=0.5939  val_acc=0.5281
/home/norak/R&I/kxs-/train.py:148: FutureWarning: `torch.cuda.amp.autocast(args...)` is deprecated. Please use `torch.amp.autocast('cuda', args...)` instead.
  with torch.cuda.amp.autocast():
/home/norak/R&I/kxs-/train.py:169: FutureWarning: `torch.cuda.amp.autocast(args...)` is deprecated. Please use `torch.amp.autocast('cuda', args...)` instead.
  with torch.cuda.amp.autocast():
    epoch  4  train_loss=0.0401  val_loss=0.0431  val_qwk=0.6380  val_acc=0.5787
/home/norak/R&I/kxs-/train.py:148: FutureWarning: `torch.cuda.amp.autocast(args...)` is deprecated. Please use `torch.amp.autocast('cuda', args...)` instead.
  with torch.cuda.amp.autocast():
/home/norak/R&I/kxs-/train.py:169: FutureWarning: `torch.cuda.amp.autocast(args...)` is deprecated. Please use `torch.amp.autocast('cuda', args...)` instead.
  with torch.cuda.amp.autocast():
    epoch  5  train_loss=0.0366  val_loss=0.0425  val_qwk=0.6469  val_acc=0.5899
/home/norak/R&I/kxs-/train.py:148: FutureWarning: `torch.cuda.amp.autocast(args...)` is deprecated. Please use `torch.amp.autocast('cuda', args...)` instead.
  with torch.cuda.amp.autocast():
/home/norak/R&I/kxs-/train.py:169: FutureWarning: `torch.cuda.amp.autocast(args...)` is deprecated. Please use `torch.amp.autocast('cuda', args...)` instead.
  with torch.cuda.amp.autocast():
    epoch  6  train_loss=0.0362  val_loss=0.0400  val_qwk=0.6756  val_acc=0.5787
/home/norak/R&I/kxs-/train.py:148: FutureWarning: `torch.cuda.amp.autocast(args...)` is deprecated. Please use `torch.amp.autocast('cuda', args...)` instead.
  with torch.cuda.amp.autocast():
/home/norak/R&I/kxs-/train.py:169: FutureWarning: `torch.cuda.amp.autocast(args...)` is deprecated. Please use `torch.amp.autocast('cuda', args...)` instead.
  with torch.cuda.amp.autocast():
    epoch  7  train_loss=0.0299  val_loss=0.0406  val_qwk=0.7075  val_acc=0.6629
/home/norak/R&I/kxs-/train.py:148: FutureWarning: `torch.cuda.amp.autocast(args...)` is deprecated. Please use `torch.amp.autocast('cuda', args...)` instead.
  with torch.cuda.amp.autocast():
/home/norak/R&I/kxs-/train.py:169: FutureWarning: `torch.cuda.amp.autocast(args...)` is deprecated. Please use `torch.amp.autocast('cuda', args...)` instead.
  with torch.cuda.amp.autocast():
    epoch  8  train_loss=0.0276  val_loss=0.0399  val_qwk=0.7147  val_acc=0.6573
/home/norak/R&I/kxs-/train.py:148: FutureWarning: `torch.cuda.amp.autocast(args...)` is deprecated. Please use `torch.amp.autocast('cuda', args...)` instead.
  with torch.cuda.amp.autocast():
/home/norak/R&I/kxs-/train.py:169: FutureWarning: `torch.cuda.amp.autocast(args...)` is deprecated. Please use `torch.amp.autocast('cuda', args...)` instead.
  with torch.cuda.amp.autocast():
    epoch  9  train_loss=0.0268  val_loss=0.0377  val_qwk=0.7044  val_acc=0.6124
/home/norak/R&I/kxs-/train.py:148: FutureWarning: `torch.cuda.amp.autocast(args...)` is deprecated. Please use `torch.amp.autocast('cuda', args...)` instead.
  with torch.cuda.amp.autocast():
/home/norak/R&I/kxs-/train.py:169: FutureWarning: `torch.cuda.amp.autocast(args...)` is deprecated. Please use `torch.amp.autocast('cuda', args...)` instead.
  with torch.cuda.amp.autocast():
    epoch 10  train_loss=0.0259  val_loss=0.0327  val_qwk=0.7293  val_acc=0.6685
/home/norak/R&I/kxs-/train.py:148: FutureWarning: `torch.cuda.amp.autocast(args...)` is deprecated. Please use `torch.amp.autocast('cuda', args...)` instead.
  with torch.cuda.amp.autocast():
/home/norak/R&I/kxs-/train.py:169: FutureWarning: `torch.cuda.amp.autocast(args...)` is deprecated. Please use `torch.amp.autocast('cuda', args...)` instead.
  with torch.cuda.amp.autocast():
    epoch 11  train_loss=0.0250  val_loss=0.0356  val_qwk=0.7070  val_acc=0.6292
/home/norak/R&I/kxs-/train.py:148: FutureWarning: `torch.cuda.amp.autocast(args...)` is deprecated. Please use `torch.amp.autocast('cuda', args...)` instead.
  with torch.cuda.amp.autocast():
/home/norak/R&I/kxs-/train.py:169: FutureWarning: `torch.cuda.amp.autocast(args...)` is deprecated. Please use `torch.amp.autocast('cuda', args...)` instead.
  with torch.cuda.amp.autocast():
    epoch 12  train_loss=0.0240  val_loss=0.0357  val_qwk=0.7332  val_acc=0.6236
/home/norak/R&I/kxs-/train.py:148: FutureWarning: `torch.cuda.amp.autocast(args...)` is deprecated. Please use `torch.amp.autocast('cuda', args...)` instead.
  with torch.cuda.amp.autocast():
/home/norak/R&I/kxs-/train.py:169: FutureWarning: `torch.cuda.amp.autocast(args...)` is deprecated. Please use `torch.amp.autocast('cuda', args...)` instead.
  with torch.cuda.amp.autocast():
    epoch 13  train_loss=0.0216  val_loss=0.0361  val_qwk=0.7147  val_acc=0.6517
/home/norak/R&I/kxs-/train.py:148: FutureWarning: `torch.cuda.amp.autocast(args...)` is deprecated. Please use `torch.amp.autocast('cuda', args...)` instead.
  with torch.cuda.amp.autocast():
/home/norak/R&I/kxs-/train.py:169: FutureWarning: `torch.cuda.amp.autocast(args...)` is deprecated. Please use `torch.amp.autocast('cuda', args...)` instead.
  with torch.cuda.amp.autocast():
    epoch 14  train_loss=0.0221  val_loss=0.0364  val_qwk=0.7253  val_acc=0.6348
/home/norak/R&I/kxs-/train.py:148: FutureWarning: `torch.cuda.amp.autocast(args...)` is deprecated. Please use `torch.amp.autocast('cuda', args...)` instead.
  with torch.cuda.amp.autocast():
/home/norak/R&I/kxs-/train.py:169: FutureWarning: `torch.cuda.amp.autocast(args...)` is deprecated. Please use `torch.amp.autocast('cuda', args...)` instead.
  with torch.cuda.amp.autocast():
    epoch 15  train_loss=0.0210  val_loss=0.0351  val_qwk=0.6982  val_acc=0.6292
/home/norak/R&I/kxs-/train.py:148: FutureWarning: `torch.cuda.amp.autocast(args...)` is deprecated. Please use `torch.amp.autocast('cuda', args...)` instead.
  with torch.cuda.amp.autocast():
/home/norak/R&I/kxs-/train.py:169: FutureWarning: `torch.cuda.amp.autocast(args...)` is deprecated. Please use `torch.amp.autocast('cuda', args...)` instead.
  with torch.cuda.amp.autocast():
    epoch 16  train_loss=0.0199  val_loss=0.0339  val_qwk=0.7538  val_acc=0.6517
/home/norak/R&I/kxs-/train.py:148: FutureWarning: `torch.cuda.amp.autocast(args...)` is deprecated. Please use `torch.amp.autocast('cuda', args...)` instead.
  with torch.cuda.amp.autocast():
/home/norak/R&I/kxs-/train.py:169: FutureWarning: `torch.cuda.amp.autocast(args...)` is deprecated. Please use `torch.amp.autocast('cuda', args...)` instead.
  with torch.cuda.amp.autocast():
    epoch 17  train_loss=0.0190  val_loss=0.0320  val_qwk=0.7211  val_acc=0.6517
/home/norak/R&I/kxs-/train.py:148: FutureWarning: `torch.cuda.amp.autocast(args...)` is deprecated. Please use `torch.amp.autocast('cuda', args...)` instead.
  with torch.cuda.amp.autocast():
/home/norak/R&I/kxs-/train.py:169: FutureWarning: `torch.cuda.amp.autocast(args...)` is deprecated. Please use `torch.amp.autocast('cuda', args...)` instead.
  with torch.cuda.amp.autocast():
    epoch 18  train_loss=0.0179  val_loss=0.0324  val_qwk=0.7073  val_acc=0.6685
/home/norak/R&I/kxs-/train.py:148: FutureWarning: `torch.cuda.amp.autocast(args...)` is deprecated. Please use `torch.amp.autocast('cuda', args...)` instead.
  with torch.cuda.amp.autocast():
/home/norak/R&I/kxs-/train.py:169: FutureWarning: `torch.cuda.amp.autocast(args...)` is deprecated. Please use `torch.amp.autocast('cuda', args...)` instead.
  with torch.cuda.amp.autocast():
    epoch 19  train_loss=0.0173  val_loss=0.0322  val_qwk=0.7268  val_acc=0.6517
/home/norak/R&I/kxs-/train.py:148: FutureWarning: `torch.cuda.amp.autocast(args...)` is deprecated. Please use `torch.amp.autocast('cuda', args...)` instead.
  with torch.cuda.amp.autocast():
/home/norak/R&I/kxs-/train.py:169: FutureWarning: `torch.cuda.amp.autocast(args...)` is deprecated. Please use `torch.amp.autocast('cuda', args...)` instead.
  with torch.cuda.amp.autocast():
    epoch 20  train_loss=0.0176  val_loss=0.0340  val_qwk=0.7093  val_acc=0.6685
    early-stop at epoch 20 (best epoch=16, best_qwk=0.7538)
/home/norak/R&I/kxs-/train.py:169: FutureWarning: `torch.cuda.amp.autocast(args...)` is deprecated. Please use `torch.amp.autocast('cuda', args...)` instead.
  with torch.cuda.amp.autocast():
/home/norak/R&I/kxs-/train.py:169: FutureWarning: `torch.cuda.amp.autocast(args...)` is deprecated. Please use `torch.amp.autocast('cuda', args...)` instead.
  with torch.cuda.amp.autocast():
/home/norak/R&I/kxs-/train.py:169: FutureWarning: `torch.cuda.amp.autocast(args...)` is deprecated. Please use `torch.amp.autocast('cuda', args...)` instead.
  with torch.cuda.amp.autocast():
  [segment_ra_cross_gte               ] train_qwk=0.8491 -> test_qwk=0.7612  raw_w1=0.7416  epoch=16  (136.4s)
Loading weights:   0%|          | 0/199 [00:00<?, ?it/s]Loading weights: 100%|██████████| 199/199 [00:00<00:00, 2792.64it/s]
[transformers] [1mBertModel LOAD REPORT[0m from: bert-base-multilingual-cased
Key                                        | Status     |  | 
-------------------------------------------+------------+--+-
cls.predictions.transform.dense.weight     | UNEXPECTED |  | 
cls.seq_relationship.weight                | UNEXPECTED |  | 
cls.seq_relationship.bias                  | UNEXPECTED |  | 
cls.predictions.transform.LayerNorm.bias   | UNEXPECTED |  | 
cls.predictions.bias                       | UNEXPECTED |  | 
cls.predictions.transform.dense.bias       | UNEXPECTED |  | 
cls.predictions.transform.LayerNorm.weight | UNEXPECTED |  | 

Notes:
- UNEXPECTED:	can be ignored when loading from different task/architecture; not ok if you expect identical arch.
/home/norak/R&I/kxs-/train.py:206: FutureWarning: `torch.cuda.amp.GradScaler(args...)` is deprecated. Please use `torch.amp.GradScaler('cuda', args...)` instead.
  scaler = torch.cuda.amp.GradScaler() if use_amp and device == "cuda" else None
/home/norak/R&I/kxs-/train.py:148: FutureWarning: `torch.cuda.amp.autocast(args...)` is deprecated. Please use `torch.amp.autocast('cuda', args...)` instead.
  with torch.cuda.amp.autocast():
/home/norak/R&I/kxs-/train.py:169: FutureWarning: `torch.cuda.amp.autocast(args...)` is deprecated. Please use `torch.amp.autocast('cuda', args...)` instead.
  with torch.cuda.amp.autocast():
    epoch  1  train_loss=0.0782  val_loss=0.0770  val_qwk=0.0000  val_acc=0.1629
/home/norak/R&I/kxs-/train.py:148: FutureWarning: `torch.cuda.amp.autocast(args...)` is deprecated. Please use `torch.amp.autocast('cuda', args...)` instead.
  with torch.cuda.amp.autocast():
/home/norak/R&I/kxs-/train.py:169: FutureWarning: `torch.cuda.amp.autocast(args...)` is deprecated. Please use `torch.amp.autocast('cuda', args...)` instead.
  with torch.cuda.amp.autocast():
    epoch  2  train_loss=0.0705  val_loss=0.0712  val_qwk=0.2378  val_acc=0.2865
/home/norak/R&I/kxs-/train.py:148: FutureWarning: `torch.cuda.amp.autocast(args...)` is deprecated. Please use `torch.amp.autocast('cuda', args...)` instead.
  with torch.cuda.amp.autocast():
/home/norak/R&I/kxs-/train.py:169: FutureWarning: `torch.cuda.amp.autocast(args...)` is deprecated. Please use `torch.amp.autocast('cuda', args...)` instead.
  with torch.cuda.amp.autocast():
    epoch  3  train_loss=0.0590  val_loss=0.0627  val_qwk=0.2540  val_acc=0.3090
/home/norak/R&I/kxs-/train.py:148: FutureWarning: `torch.cuda.amp.autocast(args...)` is deprecated. Please use `torch.amp.autocast('cuda', args...)` instead.
  with torch.cuda.amp.autocast():
/home/norak/R&I/kxs-/train.py:169: FutureWarning: `torch.cuda.amp.autocast(args...)` is deprecated. Please use `torch.amp.autocast('cuda', args...)` instead.
  with torch.cuda.amp.autocast():
    epoch  4  train_loss=0.0552  val_loss=0.0614  val_qwk=0.4318  val_acc=0.3539
/home/norak/R&I/kxs-/train.py:148: FutureWarning: `torch.cuda.amp.autocast(args...)` is deprecated. Please use `torch.amp.autocast('cuda', args...)` instead.
  with torch.cuda.amp.autocast():
/home/norak/R&I/kxs-/train.py:169: FutureWarning: `torch.cuda.amp.autocast(args...)` is deprecated. Please use `torch.amp.autocast('cuda', args...)` instead.
  with torch.cuda.amp.autocast():
    epoch  5  train_loss=0.0550  val_loss=0.0590  val_qwk=0.2934  val_acc=0.3090
/home/norak/R&I/kxs-/train.py:148: FutureWarning: `torch.cuda.amp.autocast(args...)` is deprecated. Please use `torch.amp.autocast('cuda', args...)` instead.
  with torch.cuda.amp.autocast():
/home/norak/R&I/kxs-/train.py:169: FutureWarning: `torch.cuda.amp.autocast(args...)` is deprecated. Please use `torch.amp.autocast('cuda', args...)` instead.
  with torch.cuda.amp.autocast():
    epoch  6  train_loss=0.0552  val_loss=0.0580  val_qwk=0.3559  val_acc=0.3371
/home/norak/R&I/kxs-/train.py:148: FutureWarning: `torch.cuda.amp.autocast(args...)` is deprecated. Please use `torch.amp.autocast('cuda', args...)` instead.
  with torch.cuda.amp.autocast():
/home/norak/R&I/kxs-/train.py:169: FutureWarning: `torch.cuda.amp.autocast(args...)` is deprecated. Please use `torch.amp.autocast('cuda', args...)` instead.
  with torch.cuda.amp.autocast():
    epoch  7  train_loss=0.0525  val_loss=0.0564  val_qwk=0.3772  val_acc=0.3371
/home/norak/R&I/kxs-/train.py:148: FutureWarning: `torch.cuda.amp.autocast(args...)` is deprecated. Please use `torch.amp.autocast('cuda', args...)` instead.
  with torch.cuda.amp.autocast():
/home/norak/R&I/kxs-/train.py:169: FutureWarning: `torch.cuda.amp.autocast(args...)` is deprecated. Please use `torch.amp.autocast('cuda', args...)` instead.
  with torch.cuda.amp.autocast():
    epoch  8  train_loss=0.0505  val_loss=0.0580  val_qwk=0.2958  val_acc=0.3258
    early-stop at epoch 8 (best epoch=4, best_qwk=0.4318)
/home/norak/R&I/kxs-/train.py:169: FutureWarning: `torch.cuda.amp.autocast(args...)` is deprecated. Please use `torch.amp.autocast('cuda', args...)` instead.
  with torch.cuda.amp.autocast():
/home/norak/R&I/kxs-/train.py:169: FutureWarning: `torch.cuda.amp.autocast(args...)` is deprecated. Please use `torch.amp.autocast('cuda', args...)` instead.
  with torch.cuda.amp.autocast():
/home/norak/R&I/kxs-/train.py:169: FutureWarning: `torch.cuda.amp.autocast(args...)` is deprecated. Please use `torch.amp.autocast('cuda', args...)` instead.
  with torch.cuda.amp.autocast():
  [segment_qar_dual_mbert             ] train_qwk=0.5016 -> test_qwk=0.5449  raw_w1=0.4944  epoch=4  (78.1s)
Loading weights:   0%|          | 0/199 [00:00<?, ?it/s]Loading weights: 100%|██████████| 199/199 [00:00<00:00, 2962.94it/s]
[transformers] [1mXLMRobertaModel LOAD REPORT[0m from: xlm-roberta-base
Key                       | Status     |  | 
--------------------------+------------+--+-
lm_head.dense.weight      | UNEXPECTED |  | 
lm_head.layer_norm.weight | UNEXPECTED |  | 
lm_head.dense.bias        | UNEXPECTED |  | 
lm_head.layer_norm.bias   | UNEXPECTED |  | 
lm_head.bias              | UNEXPECTED |  | 

Notes:
- UNEXPECTED:	can be ignored when loading from different task/architecture; not ok if you expect identical arch.
/home/norak/R&I/kxs-/train.py:206: FutureWarning: `torch.cuda.amp.GradScaler(args...)` is deprecated. Please use `torch.amp.GradScaler('cuda', args...)` instead.
  scaler = torch.cuda.amp.GradScaler() if use_amp and device == "cuda" else None
/home/norak/R&I/kxs-/train.py:148: FutureWarning: `torch.cuda.amp.autocast(args...)` is deprecated. Please use `torch.amp.autocast('cuda', args...)` instead.
  with torch.cuda.amp.autocast():
/home/norak/R&I/kxs-/train.py:169: FutureWarning: `torch.cuda.amp.autocast(args...)` is deprecated. Please use `torch.amp.autocast('cuda', args...)` instead.
  with torch.cuda.amp.autocast():
    epoch  1  train_loss=0.0902  val_loss=0.0617  val_qwk=0.3605  val_acc=0.2865
/home/norak/R&I/kxs-/train.py:148: FutureWarning: `torch.cuda.amp.autocast(args...)` is deprecated. Please use `torch.amp.autocast('cuda', args...)` instead.
  with torch.cuda.amp.autocast():
/home/norak/R&I/kxs-/train.py:169: FutureWarning: `torch.cuda.amp.autocast(args...)` is deprecated. Please use `torch.amp.autocast('cuda', args...)` instead.
  with torch.cuda.amp.autocast():
    epoch  2  train_loss=0.0582  val_loss=0.0583  val_qwk=0.4713  val_acc=0.4382
/home/norak/R&I/kxs-/train.py:148: FutureWarning: `torch.cuda.amp.autocast(args...)` is deprecated. Please use `torch.amp.autocast('cuda', args...)` instead.
  with torch.cuda.amp.autocast():
/home/norak/R&I/kxs-/train.py:169: FutureWarning: `torch.cuda.amp.autocast(args...)` is deprecated. Please use `torch.amp.autocast('cuda', args...)` instead.
  with torch.cuda.amp.autocast():
    epoch  3  train_loss=0.0522  val_loss=0.0539  val_qwk=0.4985  val_acc=0.4101
/home/norak/R&I/kxs-/train.py:148: FutureWarning: `torch.cuda.amp.autocast(args...)` is deprecated. Please use `torch.amp.autocast('cuda', args...)` instead.
  with torch.cuda.amp.autocast():
/home/norak/R&I/kxs-/train.py:169: FutureWarning: `torch.cuda.amp.autocast(args...)` is deprecated. Please use `torch.amp.autocast('cuda', args...)` instead.
  with torch.cuda.amp.autocast():
    epoch  4  train_loss=0.0479  val_loss=0.0577  val_qwk=0.5114  val_acc=0.4157
/home/norak/R&I/kxs-/train.py:148: FutureWarning: `torch.cuda.amp.autocast(args...)` is deprecated. Please use `torch.amp.autocast('cuda', args...)` instead.
  with torch.cuda.amp.autocast():
/home/norak/R&I/kxs-/train.py:169: FutureWarning: `torch.cuda.amp.autocast(args...)` is deprecated. Please use `torch.amp.autocast('cuda', args...)` instead.
  with torch.cuda.amp.autocast():
    epoch  5  train_loss=0.0436  val_loss=0.0426  val_qwk=0.6265  val_acc=0.4831
/home/norak/R&I/kxs-/train.py:148: FutureWarning: `torch.cuda.amp.autocast(args...)` is deprecated. Please use `torch.amp.autocast('cuda', args...)` instead.
  with torch.cuda.amp.autocast():
/home/norak/R&I/kxs-/train.py:169: FutureWarning: `torch.cuda.amp.autocast(args...)` is deprecated. Please use `torch.amp.autocast('cuda', args...)` instead.
  with torch.cuda.amp.autocast():
    epoch  6  train_loss=0.0381  val_loss=0.0455  val_qwk=0.5782  val_acc=0.5281
/home/norak/R&I/kxs-/train.py:148: FutureWarning: `torch.cuda.amp.autocast(args...)` is deprecated. Please use `torch.amp.autocast('cuda', args...)` instead.
  with torch.cuda.amp.autocast():
/home/norak/R&I/kxs-/train.py:169: FutureWarning: `torch.cuda.amp.autocast(args...)` is deprecated. Please use `torch.amp.autocast('cuda', args...)` instead.
  with torch.cuda.amp.autocast():
    epoch  7  train_loss=0.0330  val_loss=0.0350  val_qwk=0.6658  val_acc=0.5225
/home/norak/R&I/kxs-/train.py:148: FutureWarning: `torch.cuda.amp.autocast(args...)` is deprecated. Please use `torch.amp.autocast('cuda', args...)` instead.
  with torch.cuda.amp.autocast():
/home/norak/R&I/kxs-/train.py:169: FutureWarning: `torch.cuda.amp.autocast(args...)` is deprecated. Please use `torch.amp.autocast('cuda', args...)` instead.
  with torch.cuda.amp.autocast():
    epoch  8  train_loss=0.0316  val_loss=0.0324  val_qwk=0.7206  val_acc=0.6011
/home/norak/R&I/kxs-/train.py:148: FutureWarning: `torch.cuda.amp.autocast(args...)` is deprecated. Please use `torch.amp.autocast('cuda', args...)` instead.
  with torch.cuda.amp.autocast():
/home/norak/R&I/kxs-/train.py:169: FutureWarning: `torch.cuda.amp.autocast(args...)` is deprecated. Please use `torch.amp.autocast('cuda', args...)` instead.
  with torch.cuda.amp.autocast():
    epoch  9  train_loss=0.0278  val_loss=0.0374  val_qwk=0.7082  val_acc=0.5562
/home/norak/R&I/kxs-/train.py:148: FutureWarning: `torch.cuda.amp.autocast(args...)` is deprecated. Please use `torch.amp.autocast('cuda', args...)` instead.
  with torch.cuda.amp.autocast():
/home/norak/R&I/kxs-/train.py:169: FutureWarning: `torch.cuda.amp.autocast(args...)` is deprecated. Please use `torch.amp.autocast('cuda', args...)` instead.
  with torch.cuda.amp.autocast():
    epoch 10  train_loss=0.0273  val_loss=0.0384  val_qwk=0.6735  val_acc=0.5506
/home/norak/R&I/kxs-/train.py:148: FutureWarning: `torch.cuda.amp.autocast(args...)` is deprecated. Please use `torch.amp.autocast('cuda', args...)` instead.
  with torch.cuda.amp.autocast():
/home/norak/R&I/kxs-/train.py:169: FutureWarning: `torch.cuda.amp.autocast(args...)` is deprecated. Please use `torch.amp.autocast('cuda', args...)` instead.
  with torch.cuda.amp.autocast():
    epoch 11  train_loss=0.0264  val_loss=0.0330  val_qwk=0.7186  val_acc=0.5843
/home/norak/R&I/kxs-/train.py:148: FutureWarning: `torch.cuda.amp.autocast(args...)` is deprecated. Please use `torch.amp.autocast('cuda', args...)` instead.
  with torch.cuda.amp.autocast():
/home/norak/R&I/kxs-/train.py:169: FutureWarning: `torch.cuda.amp.autocast(args...)` is deprecated. Please use `torch.amp.autocast('cuda', args...)` instead.
  with torch.cuda.amp.autocast():
    epoch 12  train_loss=0.0249  val_loss=0.0326  val_qwk=0.6884  val_acc=0.5955
    early-stop at epoch 12 (best epoch=8, best_qwk=0.7206)
/home/norak/R&I/kxs-/train.py:169: FutureWarning: `torch.cuda.amp.autocast(args...)` is deprecated. Please use `torch.amp.autocast('cuda', args...)` instead.
  with torch.cuda.amp.autocast():
/home/norak/R&I/kxs-/train.py:169: FutureWarning: `torch.cuda.amp.autocast(args...)` is deprecated. Please use `torch.amp.autocast('cuda', args...)` instead.
  with torch.cuda.amp.autocast():
/home/norak/R&I/kxs-/train.py:169: FutureWarning: `torch.cuda.amp.autocast(args...)` is deprecated. Please use `torch.amp.autocast('cuda', args...)` instead.
  with torch.cuda.amp.autocast():
  [segment_qar_dual_xlmr              ] train_qwk=0.7977 -> test_qwk=0.7417  raw_w1=0.6461  epoch=8  (113.3s)
Loading weights:   0%|          | 0/136 [00:00<?, ?it/s]Loading weights:   3%|▎         | 4/136 [00:00<00:03, 34.34it/s]Loading weights: 100%|██████████| 136/136 [00:00<00:00, 995.67it/s]
[transformers] [1mNewModel LOAD REPORT[0m from: Alibaba-NLP/gte-multilingual-base
Key               | Status     |  | 
------------------+------------+--+-
classifier.bias   | UNEXPECTED |  | 
classifier.weight | UNEXPECTED |  | 

Notes:
- UNEXPECTED:	can be ignored when loading from different task/architecture; not ok if you expect identical arch.
/home/norak/R&I/kxs-/train.py:206: FutureWarning: `torch.cuda.amp.GradScaler(args...)` is deprecated. Please use `torch.amp.GradScaler('cuda', args...)` instead.
  scaler = torch.cuda.amp.GradScaler() if use_amp and device == "cuda" else None
/home/norak/R&I/kxs-/train.py:148: FutureWarning: `torch.cuda.amp.autocast(args...)` is deprecated. Please use `torch.amp.autocast('cuda', args...)` instead.
  with torch.cuda.amp.autocast():
/home/norak/R&I/kxs-/train.py:169: FutureWarning: `torch.cuda.amp.autocast(args...)` is deprecated. Please use `torch.amp.autocast('cuda', args...)` instead.
  with torch.cuda.amp.autocast():
    epoch  1  train_loss=0.0703  val_loss=0.0506  val_qwk=0.5061  val_acc=0.3876
/home/norak/R&I/kxs-/train.py:148: FutureWarning: `torch.cuda.amp.autocast(args...)` is deprecated. Please use `torch.amp.autocast('cuda', args...)` instead.
  with torch.cuda.amp.autocast():
/home/norak/R&I/kxs-/train.py:169: FutureWarning: `torch.cuda.amp.autocast(args...)` is deprecated. Please use `torch.amp.autocast('cuda', args...)` instead.
  with torch.cuda.amp.autocast():
    epoch  2  train_loss=0.0472  val_loss=0.0427  val_qwk=0.6461  val_acc=0.5562
/home/norak/R&I/kxs-/train.py:148: FutureWarning: `torch.cuda.amp.autocast(args...)` is deprecated. Please use `torch.amp.autocast('cuda', args...)` instead.
  with torch.cuda.amp.autocast():
/home/norak/R&I/kxs-/train.py:169: FutureWarning: `torch.cuda.amp.autocast(args...)` is deprecated. Please use `torch.amp.autocast('cuda', args...)` instead.
  with torch.cuda.amp.autocast():
    epoch  3  train_loss=0.0353  val_loss=0.0414  val_qwk=0.6264  val_acc=0.4944
/home/norak/R&I/kxs-/train.py:148: FutureWarning: `torch.cuda.amp.autocast(args...)` is deprecated. Please use `torch.amp.autocast('cuda', args...)` instead.
  with torch.cuda.amp.autocast():
/home/norak/R&I/kxs-/train.py:169: FutureWarning: `torch.cuda.amp.autocast(args...)` is deprecated. Please use `torch.amp.autocast('cuda', args...)` instead.
  with torch.cuda.amp.autocast():
    epoch  4  train_loss=0.0325  val_loss=0.0373  val_qwk=0.7019  val_acc=0.5337
/home/norak/R&I/kxs-/train.py:148: FutureWarning: `torch.cuda.amp.autocast(args...)` is deprecated. Please use `torch.amp.autocast('cuda', args...)` instead.
  with torch.cuda.amp.autocast():
/home/norak/R&I/kxs-/train.py:169: FutureWarning: `torch.cuda.amp.autocast(args...)` is deprecated. Please use `torch.amp.autocast('cuda', args...)` instead.
  with torch.cuda.amp.autocast():
    epoch  5  train_loss=0.0294  val_loss=0.0367  val_qwk=0.6440  val_acc=0.5506
/home/norak/R&I/kxs-/train.py:148: FutureWarning: `torch.cuda.amp.autocast(args...)` is deprecated. Please use `torch.amp.autocast('cuda', args...)` instead.
  with torch.cuda.amp.autocast():
/home/norak/R&I/kxs-/train.py:169: FutureWarning: `torch.cuda.amp.autocast(args...)` is deprecated. Please use `torch.amp.autocast('cuda', args...)` instead.
  with torch.cuda.amp.autocast():
    epoch  6  train_loss=0.0263  val_loss=0.0350  val_qwk=0.6756  val_acc=0.5899
/home/norak/R&I/kxs-/train.py:148: FutureWarning: `torch.cuda.amp.autocast(args...)` is deprecated. Please use `torch.amp.autocast('cuda', args...)` instead.
  with torch.cuda.amp.autocast():
/home/norak/R&I/kxs-/train.py:169: FutureWarning: `torch.cuda.amp.autocast(args...)` is deprecated. Please use `torch.amp.autocast('cuda', args...)` instead.
  with torch.cuda.amp.autocast():
    epoch  7  train_loss=0.0245  val_loss=0.0337  val_qwk=0.7497  val_acc=0.6011
/home/norak/R&I/kxs-/train.py:148: FutureWarning: `torch.cuda.amp.autocast(args...)` is deprecated. Please use `torch.amp.autocast('cuda', args...)` instead.
  with torch.cuda.amp.autocast():
/home/norak/R&I/kxs-/train.py:169: FutureWarning: `torch.cuda.amp.autocast(args...)` is deprecated. Please use `torch.amp.autocast('cuda', args...)` instead.
  with torch.cuda.amp.autocast():
    epoch  8  train_loss=0.0222  val_loss=0.0359  val_qwk=0.7292  val_acc=0.5787
/home/norak/R&I/kxs-/train.py:148: FutureWarning: `torch.cuda.amp.autocast(args...)` is deprecated. Please use `torch.amp.autocast('cuda', args...)` instead.
  with torch.cuda.amp.autocast():
/home/norak/R&I/kxs-/train.py:169: FutureWarning: `torch.cuda.amp.autocast(args...)` is deprecated. Please use `torch.amp.autocast('cuda', args...)` instead.
  with torch.cuda.amp.autocast():
    epoch  9  train_loss=0.0215  val_loss=0.0327  val_qwk=0.7346  val_acc=0.6124
/home/norak/R&I/kxs-/train.py:148: FutureWarning: `torch.cuda.amp.autocast(args...)` is deprecated. Please use `torch.amp.autocast('cuda', args...)` instead.
  with torch.cuda.amp.autocast():
/home/norak/R&I/kxs-/train.py:169: FutureWarning: `torch.cuda.amp.autocast(args...)` is deprecated. Please use `torch.amp.autocast('cuda', args...)` instead.
  with torch.cuda.amp.autocast():
    epoch 10  train_loss=0.0198  val_loss=0.0301  val_qwk=0.7439  val_acc=0.6292
/home/norak/R&I/kxs-/train.py:148: FutureWarning: `torch.cuda.amp.autocast(args...)` is deprecated. Please use `torch.amp.autocast('cuda', args...)` instead.
  with torch.cuda.amp.autocast():
/home/norak/R&I/kxs-/train.py:169: FutureWarning: `torch.cuda.amp.autocast(args...)` is deprecated. Please use `torch.amp.autocast('cuda', args...)` instead.
  with torch.cuda.amp.autocast():
    epoch 11  train_loss=0.0198  val_loss=0.0318  val_qwk=0.7466  val_acc=0.5899
    early-stop at epoch 11 (best epoch=7, best_qwk=0.7497)
/home/norak/R&I/kxs-/train.py:169: FutureWarning: `torch.cuda.amp.autocast(args...)` is deprecated. Please use `torch.amp.autocast('cuda', args...)` instead.
  with torch.cuda.amp.autocast():
/home/norak/R&I/kxs-/train.py:169: FutureWarning: `torch.cuda.amp.autocast(args...)` is deprecated. Please use `torch.amp.autocast('cuda', args...)` instead.
  with torch.cuda.amp.autocast():
/home/norak/R&I/kxs-/train.py:169: FutureWarning: `torch.cuda.amp.autocast(args...)` is deprecated. Please use `torch.amp.autocast('cuda', args...)` instead.
  with torch.cuda.amp.autocast():
  [segment_qar_dual_gte               ] train_qwk=0.8202 -> test_qwk=0.7516  raw_w1=0.6910  epoch=7  (118.3s)
Loading weights:   0%|          | 0/199 [00:00<?, ?it/s]Loading weights: 100%|██████████| 199/199 [00:00<00:00, 3301.96it/s]
[transformers] [1mBertModel LOAD REPORT[0m from: bert-base-multilingual-cased
Key                                        | Status     |  | 
-------------------------------------------+------------+--+-
cls.predictions.transform.dense.weight     | UNEXPECTED |  | 
cls.seq_relationship.weight                | UNEXPECTED |  | 
cls.seq_relationship.bias                  | UNEXPECTED |  | 
cls.predictions.transform.LayerNorm.bias   | UNEXPECTED |  | 
cls.predictions.bias                       | UNEXPECTED |  | 
cls.predictions.transform.dense.bias       | UNEXPECTED |  | 
cls.predictions.transform.LayerNorm.weight | UNEXPECTED |  | 

Notes:
- UNEXPECTED:	can be ignored when loading from different task/architecture; not ok if you expect identical arch.
/home/norak/R&I/kxs-/train.py:206: FutureWarning: `torch.cuda.amp.GradScaler(args...)` is deprecated. Please use `torch.amp.GradScaler('cuda', args...)` instead.
  scaler = torch.cuda.amp.GradScaler() if use_amp and device == "cuda" else None
/home/norak/R&I/kxs-/train.py:148: FutureWarning: `torch.cuda.amp.autocast(args...)` is deprecated. Please use `torch.amp.autocast('cuda', args...)` instead.
  with torch.cuda.amp.autocast():
/home/norak/R&I/kxs-/train.py:169: FutureWarning: `torch.cuda.amp.autocast(args...)` is deprecated. Please use `torch.amp.autocast('cuda', args...)` instead.
  with torch.cuda.amp.autocast():
    epoch  1  train_loss=0.0775  val_loss=0.0776  val_qwk=0.0444  val_acc=0.1854
/home/norak/R&I/kxs-/train.py:148: FutureWarning: `torch.cuda.amp.autocast(args...)` is deprecated. Please use `torch.amp.autocast('cuda', args...)` instead.
  with torch.cuda.amp.autocast():
/home/norak/R&I/kxs-/train.py:169: FutureWarning: `torch.cuda.amp.autocast(args...)` is deprecated. Please use `torch.amp.autocast('cuda', args...)` instead.
  with torch.cuda.amp.autocast():
    epoch  2  train_loss=0.0702  val_loss=0.0842  val_qwk=0.1490  val_acc=0.2584
/home/norak/R&I/kxs-/train.py:148: FutureWarning: `torch.cuda.amp.autocast(args...)` is deprecated. Please use `torch.amp.autocast('cuda', args...)` instead.
  with torch.cuda.amp.autocast():
/home/norak/R&I/kxs-/train.py:169: FutureWarning: `torch.cuda.amp.autocast(args...)` is deprecated. Please use `torch.amp.autocast('cuda', args...)` instead.
  with torch.cuda.amp.autocast():
    epoch  3  train_loss=0.0691  val_loss=0.0755  val_qwk=0.1554  val_acc=0.2472
/home/norak/R&I/kxs-/train.py:148: FutureWarning: `torch.cuda.amp.autocast(args...)` is deprecated. Please use `torch.amp.autocast('cuda', args...)` instead.
  with torch.cuda.amp.autocast():
/home/norak/R&I/kxs-/train.py:169: FutureWarning: `torch.cuda.amp.autocast(args...)` is deprecated. Please use `torch.amp.autocast('cuda', args...)` instead.
  with torch.cuda.amp.autocast():
    epoch  4  train_loss=0.0653  val_loss=0.0720  val_qwk=0.1789  val_acc=0.2809
/home/norak/R&I/kxs-/train.py:148: FutureWarning: `torch.cuda.amp.autocast(args...)` is deprecated. Please use `torch.amp.autocast('cuda', args...)` instead.
  with torch.cuda.amp.autocast():
/home/norak/R&I/kxs-/train.py:169: FutureWarning: `torch.cuda.amp.autocast(args...)` is deprecated. Please use `torch.amp.autocast('cuda', args...)` instead.
  with torch.cuda.amp.autocast():
    epoch  5  train_loss=0.0662  val_loss=0.0720  val_qwk=0.1719  val_acc=0.2360
/home/norak/R&I/kxs-/train.py:148: FutureWarning: `torch.cuda.amp.autocast(args...)` is deprecated. Please use `torch.amp.autocast('cuda', args...)` instead.
  with torch.cuda.amp.autocast():
/home/norak/R&I/kxs-/train.py:169: FutureWarning: `torch.cuda.amp.autocast(args...)` is deprecated. Please use `torch.amp.autocast('cuda', args...)` instead.
  with torch.cuda.amp.autocast():
    epoch  6  train_loss=0.0652  val_loss=0.0720  val_qwk=0.1861  val_acc=0.2753
/home/norak/R&I/kxs-/train.py:148: FutureWarning: `torch.cuda.amp.autocast(args...)` is deprecated. Please use `torch.amp.autocast('cuda', args...)` instead.
  with torch.cuda.amp.autocast():
/home/norak/R&I/kxs-/train.py:169: FutureWarning: `torch.cuda.amp.autocast(args...)` is deprecated. Please use `torch.amp.autocast('cuda', args...)` instead.
  with torch.cuda.amp.autocast():
    epoch  7  train_loss=0.0651  val_loss=0.0718  val_qwk=0.1792  val_acc=0.2753
/home/norak/R&I/kxs-/train.py:148: FutureWarning: `torch.cuda.amp.autocast(args...)` is deprecated. Please use `torch.amp.autocast('cuda', args...)` instead.
  with torch.cuda.amp.autocast():
/home/norak/R&I/kxs-/train.py:169: FutureWarning: `torch.cuda.amp.autocast(args...)` is deprecated. Please use `torch.amp.autocast('cuda', args...)` instead.
  with torch.cuda.amp.autocast():
    epoch  8  train_loss=0.0640  val_loss=0.0694  val_qwk=0.2035  val_acc=0.2753
/home/norak/R&I/kxs-/train.py:148: FutureWarning: `torch.cuda.amp.autocast(args...)` is deprecated. Please use `torch.amp.autocast('cuda', args...)` instead.
  with torch.cuda.amp.autocast():
/home/norak/R&I/kxs-/train.py:169: FutureWarning: `torch.cuda.amp.autocast(args...)` is deprecated. Please use `torch.amp.autocast('cuda', args...)` instead.
  with torch.cuda.amp.autocast():
    epoch  9  train_loss=0.0649  val_loss=0.0725  val_qwk=0.1847  val_acc=0.2809
/home/norak/R&I/kxs-/train.py:148: FutureWarning: `torch.cuda.amp.autocast(args...)` is deprecated. Please use `torch.amp.autocast('cuda', args...)` instead.
  with torch.cuda.amp.autocast():
/home/norak/R&I/kxs-/train.py:169: FutureWarning: `torch.cuda.amp.autocast(args...)` is deprecated. Please use `torch.amp.autocast('cuda', args...)` instead.
  with torch.cuda.amp.autocast():
    epoch 10  train_loss=0.0633  val_loss=0.0704  val_qwk=0.1835  val_acc=0.2921
/home/norak/R&I/kxs-/train.py:148: FutureWarning: `torch.cuda.amp.autocast(args...)` is deprecated. Please use `torch.amp.autocast('cuda', args...)` instead.
  with torch.cuda.amp.autocast():
/home/norak/R&I/kxs-/train.py:169: FutureWarning: `torch.cuda.amp.autocast(args...)` is deprecated. Please use `torch.amp.autocast('cuda', args...)` instead.
  with torch.cuda.amp.autocast():
    epoch 11  train_loss=0.0624  val_loss=0.0691  val_qwk=0.2000  val_acc=0.2921
/home/norak/R&I/kxs-/train.py:148: FutureWarning: `torch.cuda.amp.autocast(args...)` is deprecated. Please use `torch.amp.autocast('cuda', args...)` instead.
  with torch.cuda.amp.autocast():
/home/norak/R&I/kxs-/train.py:169: FutureWarning: `torch.cuda.amp.autocast(args...)` is deprecated. Please use `torch.amp.autocast('cuda', args...)` instead.
  with torch.cuda.amp.autocast():
    epoch 12  train_loss=0.0614  val_loss=0.0707  val_qwk=0.3192  val_acc=0.3652
/home/norak/R&I/kxs-/train.py:148: FutureWarning: `torch.cuda.amp.autocast(args...)` is deprecated. Please use `torch.amp.autocast('cuda', args...)` instead.
  with torch.cuda.amp.autocast():
/home/norak/R&I/kxs-/train.py:169: FutureWarning: `torch.cuda.amp.autocast(args...)` is deprecated. Please use `torch.amp.autocast('cuda', args...)` instead.
  with torch.cuda.amp.autocast():
    epoch 13  train_loss=0.0588  val_loss=0.0697  val_qwk=0.2963  val_acc=0.4157
/home/norak/R&I/kxs-/train.py:148: FutureWarning: `torch.cuda.amp.autocast(args...)` is deprecated. Please use `torch.amp.autocast('cuda', args...)` instead.
  with torch.cuda.amp.autocast():
/home/norak/R&I/kxs-/train.py:169: FutureWarning: `torch.cuda.amp.autocast(args...)` is deprecated. Please use `torch.amp.autocast('cuda', args...)` instead.
  with torch.cuda.amp.autocast():
    epoch 14  train_loss=0.0593  val_loss=0.0713  val_qwk=0.2817  val_acc=0.3764
/home/norak/R&I/kxs-/train.py:148: FutureWarning: `torch.cuda.amp.autocast(args...)` is deprecated. Please use `torch.amp.autocast('cuda', args...)` instead.
  with torch.cuda.amp.autocast():
/home/norak/R&I/kxs-/train.py:169: FutureWarning: `torch.cuda.amp.autocast(args...)` is deprecated. Please use `torch.amp.autocast('cuda', args...)` instead.
  with torch.cuda.amp.autocast():
    epoch 15  train_loss=0.0617  val_loss=0.0669  val_qwk=0.2355  val_acc=0.3202
/home/norak/R&I/kxs-/train.py:148: FutureWarning: `torch.cuda.amp.autocast(args...)` is deprecated. Please use `torch.amp.autocast('cuda', args...)` instead.
  with torch.cuda.amp.autocast():
/home/norak/R&I/kxs-/train.py:169: FutureWarning: `torch.cuda.amp.autocast(args...)` is deprecated. Please use `torch.amp.autocast('cuda', args...)` instead.
  with torch.cuda.amp.autocast():
    epoch 16  train_loss=0.0568  val_loss=0.0663  val_qwk=0.2314  val_acc=0.3202
    early-stop at epoch 16 (best epoch=12, best_qwk=0.3192)
/home/norak/R&I/kxs-/train.py:169: FutureWarning: `torch.cuda.amp.autocast(args...)` is deprecated. Please use `torch.amp.autocast('cuda', args...)` instead.
  with torch.cuda.amp.autocast():
/home/norak/R&I/kxs-/train.py:169: FutureWarning: `torch.cuda.amp.autocast(args...)` is deprecated. Please use `torch.amp.autocast('cuda', args...)` instead.
  with torch.cuda.amp.autocast():
/home/norak/R&I/kxs-/train.py:169: FutureWarning: `torch.cuda.amp.autocast(args...)` is deprecated. Please use `torch.amp.autocast('cuda', args...)` instead.
  with torch.cuda.amp.autocast():
  [segment_qar_cross_mbert            ] train_qwk=0.4032 -> test_qwk=0.3989  raw_w1=0.4157  epoch=12  (86.9s)
Loading weights:   0%|          | 0/199 [00:00<?, ?it/s]Loading weights: 100%|██████████| 199/199 [00:00<00:00, 2563.77it/s]
[transformers] [1mXLMRobertaModel LOAD REPORT[0m from: xlm-roberta-base
Key                       | Status     |  | 
--------------------------+------------+--+-
lm_head.dense.weight      | UNEXPECTED |  | 
lm_head.layer_norm.weight | UNEXPECTED |  | 
lm_head.dense.bias        | UNEXPECTED |  | 
lm_head.layer_norm.bias   | UNEXPECTED |  | 
lm_head.bias              | UNEXPECTED |  | 

Notes:
- UNEXPECTED:	can be ignored when loading from different task/architecture; not ok if you expect identical arch.
/home/norak/R&I/kxs-/train.py:206: FutureWarning: `torch.cuda.amp.GradScaler(args...)` is deprecated. Please use `torch.amp.GradScaler('cuda', args...)` instead.
  scaler = torch.cuda.amp.GradScaler() if use_amp and device == "cuda" else None
/home/norak/R&I/kxs-/train.py:148: FutureWarning: `torch.cuda.amp.autocast(args...)` is deprecated. Please use `torch.amp.autocast('cuda', args...)` instead.
  with torch.cuda.amp.autocast():
/home/norak/R&I/kxs-/train.py:169: FutureWarning: `torch.cuda.amp.autocast(args...)` is deprecated. Please use `torch.amp.autocast('cuda', args...)` instead.
  with torch.cuda.amp.autocast():
    epoch  1  train_loss=0.0770  val_loss=0.0619  val_qwk=0.3677  val_acc=0.3146
/home/norak/R&I/kxs-/train.py:148: FutureWarning: `torch.cuda.amp.autocast(args...)` is deprecated. Please use `torch.amp.autocast('cuda', args...)` instead.
  with torch.cuda.amp.autocast():
/home/norak/R&I/kxs-/train.py:169: FutureWarning: `torch.cuda.amp.autocast(args...)` is deprecated. Please use `torch.amp.autocast('cuda', args...)` instead.
  with torch.cuda.amp.autocast():
    epoch  2  train_loss=0.0635  val_loss=0.0641  val_qwk=0.4609  val_acc=0.4382
/home/norak/R&I/kxs-/train.py:148: FutureWarning: `torch.cuda.amp.autocast(args...)` is deprecated. Please use `torch.amp.autocast('cuda', args...)` instead.
  with torch.cuda.amp.autocast():
/home/norak/R&I/kxs-/train.py:169: FutureWarning: `torch.cuda.amp.autocast(args...)` is deprecated. Please use `torch.amp.autocast('cuda', args...)` instead.
  with torch.cuda.amp.autocast():
    epoch  3  train_loss=0.0585  val_loss=0.0545  val_qwk=0.4634  val_acc=0.4494
/home/norak/R&I/kxs-/train.py:148: FutureWarning: `torch.cuda.amp.autocast(args...)` is deprecated. Please use `torch.amp.autocast('cuda', args...)` instead.
  with torch.cuda.amp.autocast():
/home/norak/R&I/kxs-/train.py:169: FutureWarning: `torch.cuda.amp.autocast(args...)` is deprecated. Please use `torch.amp.autocast('cuda', args...)` instead.
  with torch.cuda.amp.autocast():
    epoch  4  train_loss=0.0533  val_loss=0.0528  val_qwk=0.4979  val_acc=0.4831
/home/norak/R&I/kxs-/train.py:148: FutureWarning: `torch.cuda.amp.autocast(args...)` is deprecated. Please use `torch.amp.autocast('cuda', args...)` instead.
  with torch.cuda.amp.autocast():
/home/norak/R&I/kxs-/train.py:169: FutureWarning: `torch.cuda.amp.autocast(args...)` is deprecated. Please use `torch.amp.autocast('cuda', args...)` instead.
  with torch.cuda.amp.autocast():
    epoch  5  train_loss=0.0484  val_loss=0.0493  val_qwk=0.5475  val_acc=0.5169
/home/norak/R&I/kxs-/train.py:148: FutureWarning: `torch.cuda.amp.autocast(args...)` is deprecated. Please use `torch.amp.autocast('cuda', args...)` instead.
  with torch.cuda.amp.autocast():
/home/norak/R&I/kxs-/train.py:169: FutureWarning: `torch.cuda.amp.autocast(args...)` is deprecated. Please use `torch.amp.autocast('cuda', args...)` instead.
  with torch.cuda.amp.autocast():
    epoch  6  train_loss=0.0436  val_loss=0.0478  val_qwk=0.5951  val_acc=0.5225
/home/norak/R&I/kxs-/train.py:148: FutureWarning: `torch.cuda.amp.autocast(args...)` is deprecated. Please use `torch.amp.autocast('cuda', args...)` instead.
  with torch.cuda.amp.autocast():
/home/norak/R&I/kxs-/train.py:169: FutureWarning: `torch.cuda.amp.autocast(args...)` is deprecated. Please use `torch.amp.autocast('cuda', args...)` instead.
  with torch.cuda.amp.autocast():
    epoch  7  train_loss=0.0405  val_loss=0.0456  val_qwk=0.6455  val_acc=0.5843
/home/norak/R&I/kxs-/train.py:148: FutureWarning: `torch.cuda.amp.autocast(args...)` is deprecated. Please use `torch.amp.autocast('cuda', args...)` instead.
  with torch.cuda.amp.autocast():
/home/norak/R&I/kxs-/train.py:169: FutureWarning: `torch.cuda.amp.autocast(args...)` is deprecated. Please use `torch.amp.autocast('cuda', args...)` instead.
  with torch.cuda.amp.autocast():
    epoch  8  train_loss=0.0369  val_loss=0.0467  val_qwk=0.6405  val_acc=0.5506
/home/norak/R&I/kxs-/train.py:148: FutureWarning: `torch.cuda.amp.autocast(args...)` is deprecated. Please use `torch.amp.autocast('cuda', args...)` instead.
  with torch.cuda.amp.autocast():
/home/norak/R&I/kxs-/train.py:169: FutureWarning: `torch.cuda.amp.autocast(args...)` is deprecated. Please use `torch.amp.autocast('cuda', args...)` instead.
  with torch.cuda.amp.autocast():
    epoch  9  train_loss=0.0375  val_loss=0.0464  val_qwk=0.6446  val_acc=0.6011
/home/norak/R&I/kxs-/train.py:148: FutureWarning: `torch.cuda.amp.autocast(args...)` is deprecated. Please use `torch.amp.autocast('cuda', args...)` instead.
  with torch.cuda.amp.autocast():
/home/norak/R&I/kxs-/train.py:169: FutureWarning: `torch.cuda.amp.autocast(args...)` is deprecated. Please use `torch.amp.autocast('cuda', args...)` instead.
  with torch.cuda.amp.autocast():
    epoch 10  train_loss=0.0361  val_loss=0.0449  val_qwk=0.6471  val_acc=0.6011
/home/norak/R&I/kxs-/train.py:148: FutureWarning: `torch.cuda.amp.autocast(args...)` is deprecated. Please use `torch.amp.autocast('cuda', args...)` instead.
  with torch.cuda.amp.autocast():
/home/norak/R&I/kxs-/train.py:169: FutureWarning: `torch.cuda.amp.autocast(args...)` is deprecated. Please use `torch.amp.autocast('cuda', args...)` instead.
  with torch.cuda.amp.autocast():
    epoch 11  train_loss=0.0333  val_loss=0.0504  val_qwk=0.5236  val_acc=0.4775
/home/norak/R&I/kxs-/train.py:148: FutureWarning: `torch.cuda.amp.autocast(args...)` is deprecated. Please use `torch.amp.autocast('cuda', args...)` instead.
  with torch.cuda.amp.autocast():
/home/norak/R&I/kxs-/train.py:169: FutureWarning: `torch.cuda.amp.autocast(args...)` is deprecated. Please use `torch.amp.autocast('cuda', args...)` instead.
  with torch.cuda.amp.autocast():
    epoch 12  train_loss=0.0315  val_loss=0.0423  val_qwk=0.6762  val_acc=0.6011
/home/norak/R&I/kxs-/train.py:148: FutureWarning: `torch.cuda.amp.autocast(args...)` is deprecated. Please use `torch.amp.autocast('cuda', args...)` instead.
  with torch.cuda.amp.autocast():
/home/norak/R&I/kxs-/train.py:169: FutureWarning: `torch.cuda.amp.autocast(args...)` is deprecated. Please use `torch.amp.autocast('cuda', args...)` instead.
  with torch.cuda.amp.autocast():
    epoch 13  train_loss=0.0304  val_loss=0.0440  val_qwk=0.6275  val_acc=0.5843
/home/norak/R&I/kxs-/train.py:148: FutureWarning: `torch.cuda.amp.autocast(args...)` is deprecated. Please use `torch.amp.autocast('cuda', args...)` instead.
  with torch.cuda.amp.autocast():
/home/norak/R&I/kxs-/train.py:169: FutureWarning: `torch.cuda.amp.autocast(args...)` is deprecated. Please use `torch.amp.autocast('cuda', args...)` instead.
  with torch.cuda.amp.autocast():
    epoch 14  train_loss=0.0290  val_loss=0.0480  val_qwk=0.6039  val_acc=0.5787
/home/norak/R&I/kxs-/train.py:148: FutureWarning: `torch.cuda.amp.autocast(args...)` is deprecated. Please use `torch.amp.autocast('cuda', args...)` instead.
  with torch.cuda.amp.autocast():
/home/norak/R&I/kxs-/train.py:169: FutureWarning: `torch.cuda.amp.autocast(args...)` is deprecated. Please use `torch.amp.autocast('cuda', args...)` instead.
  with torch.cuda.amp.autocast():
    epoch 15  train_loss=0.0287  val_loss=0.0452  val_qwk=0.6423  val_acc=0.6011
/home/norak/R&I/kxs-/train.py:148: FutureWarning: `torch.cuda.amp.autocast(args...)` is deprecated. Please use `torch.amp.autocast('cuda', args...)` instead.
  with torch.cuda.amp.autocast():
/home/norak/R&I/kxs-/train.py:169: FutureWarning: `torch.cuda.amp.autocast(args...)` is deprecated. Please use `torch.amp.autocast('cuda', args...)` instead.
  with torch.cuda.amp.autocast():
    epoch 16  train_loss=0.0263  val_loss=0.0426  val_qwk=0.6659  val_acc=0.6236
    early-stop at epoch 16 (best epoch=12, best_qwk=0.6762)
/home/norak/R&I/kxs-/train.py:169: FutureWarning: `torch.cuda.amp.autocast(args...)` is deprecated. Please use `torch.amp.autocast('cuda', args...)` instead.
  with torch.cuda.amp.autocast():
/home/norak/R&I/kxs-/train.py:169: FutureWarning: `torch.cuda.amp.autocast(args...)` is deprecated. Please use `torch.amp.autocast('cuda', args...)` instead.
  with torch.cuda.amp.autocast():
/home/norak/R&I/kxs-/train.py:169: FutureWarning: `torch.cuda.amp.autocast(args...)` is deprecated. Please use `torch.amp.autocast('cuda', args...)` instead.
  with torch.cuda.amp.autocast():
  [segment_qar_cross_xlmr             ] train_qwk=0.7786 -> test_qwk=0.6896  raw_w1=0.6629  epoch=12  (96.2s)
Loading weights:   0%|          | 0/136 [00:00<?, ?it/s]Loading weights:  99%|█████████▊| 134/136 [00:00<00:00, 1330.57it/s]Loading weights: 100%|██████████| 136/136 [00:00<00:00, 1345.28it/s]
[transformers] [1mNewModel LOAD REPORT[0m from: Alibaba-NLP/gte-multilingual-base
Key               | Status     |  | 
------------------+------------+--+-
classifier.bias   | UNEXPECTED |  | 
classifier.weight | UNEXPECTED |  | 

Notes:
- UNEXPECTED:	can be ignored when loading from different task/architecture; not ok if you expect identical arch.
/home/norak/R&I/kxs-/train.py:206: FutureWarning: `torch.cuda.amp.GradScaler(args...)` is deprecated. Please use `torch.amp.GradScaler('cuda', args...)` instead.
  scaler = torch.cuda.amp.GradScaler() if use_amp and device == "cuda" else None
/home/norak/R&I/kxs-/train.py:148: FutureWarning: `torch.cuda.amp.autocast(args...)` is deprecated. Please use `torch.amp.autocast('cuda', args...)` instead.
  with torch.cuda.amp.autocast():
/home/norak/R&I/kxs-/train.py:169: FutureWarning: `torch.cuda.amp.autocast(args...)` is deprecated. Please use `torch.amp.autocast('cuda', args...)` instead.
  with torch.cuda.amp.autocast():
    epoch  1  train_loss=0.0672  val_loss=0.0543  val_qwk=0.4679  val_acc=0.3483
/home/norak/R&I/kxs-/train.py:148: FutureWarning: `torch.cuda.amp.autocast(args...)` is deprecated. Please use `torch.amp.autocast('cuda', args...)` instead.
  with torch.cuda.amp.autocast():
/home/norak/R&I/kxs-/train.py:169: FutureWarning: `torch.cuda.amp.autocast(args...)` is deprecated. Please use `torch.amp.autocast('cuda', args...)` instead.
  with torch.cuda.amp.autocast():
    epoch  2  train_loss=0.0517  val_loss=0.0547  val_qwk=0.5051  val_acc=0.4101
/home/norak/R&I/kxs-/train.py:148: FutureWarning: `torch.cuda.amp.autocast(args...)` is deprecated. Please use `torch.amp.autocast('cuda', args...)` instead.
  with torch.cuda.amp.autocast():
/home/norak/R&I/kxs-/train.py:169: FutureWarning: `torch.cuda.amp.autocast(args...)` is deprecated. Please use `torch.amp.autocast('cuda', args...)` instead.
  with torch.cuda.amp.autocast():
    epoch  3  train_loss=0.0472  val_loss=0.0541  val_qwk=0.5610  val_acc=0.5169
/home/norak/R&I/kxs-/train.py:148: FutureWarning: `torch.cuda.amp.autocast(args...)` is deprecated. Please use `torch.amp.autocast('cuda', args...)` instead.
  with torch.cuda.amp.autocast():
/home/norak/R&I/kxs-/train.py:169: FutureWarning: `torch.cuda.amp.autocast(args...)` is deprecated. Please use `torch.amp.autocast('cuda', args...)` instead.
  with torch.cuda.amp.autocast():
    epoch  4  train_loss=0.0425  val_loss=0.0466  val_qwk=0.6005  val_acc=0.5618
/home/norak/R&I/kxs-/train.py:148: FutureWarning: `torch.cuda.amp.autocast(args...)` is deprecated. Please use `torch.amp.autocast('cuda', args...)` instead.
  with torch.cuda.amp.autocast():
/home/norak/R&I/kxs-/train.py:169: FutureWarning: `torch.cuda.amp.autocast(args...)` is deprecated. Please use `torch.amp.autocast('cuda', args...)` instead.
  with torch.cuda.amp.autocast():
    epoch  5  train_loss=0.0390  val_loss=0.0454  val_qwk=0.6448  val_acc=0.6067
/home/norak/R&I/kxs-/train.py:148: FutureWarning: `torch.cuda.amp.autocast(args...)` is deprecated. Please use `torch.amp.autocast('cuda', args...)` instead.
  with torch.cuda.amp.autocast():
/home/norak/R&I/kxs-/train.py:169: FutureWarning: `torch.cuda.amp.autocast(args...)` is deprecated. Please use `torch.amp.autocast('cuda', args...)` instead.
  with torch.cuda.amp.autocast():
    epoch  6  train_loss=0.0375  val_loss=0.0435  val_qwk=0.6761  val_acc=0.6292
/home/norak/R&I/kxs-/train.py:148: FutureWarning: `torch.cuda.amp.autocast(args...)` is deprecated. Please use `torch.amp.autocast('cuda', args...)` instead.
  with torch.cuda.amp.autocast():
/home/norak/R&I/kxs-/train.py:169: FutureWarning: `torch.cuda.amp.autocast(args...)` is deprecated. Please use `torch.amp.autocast('cuda', args...)` instead.
  with torch.cuda.amp.autocast():
    epoch  7  train_loss=0.0344  val_loss=0.0434  val_qwk=0.7092  val_acc=0.6629
/home/norak/R&I/kxs-/train.py:148: FutureWarning: `torch.cuda.amp.autocast(args...)` is deprecated. Please use `torch.amp.autocast('cuda', args...)` instead.
  with torch.cuda.amp.autocast():
/home/norak/R&I/kxs-/train.py:169: FutureWarning: `torch.cuda.amp.autocast(args...)` is deprecated. Please use `torch.amp.autocast('cuda', args...)` instead.
  with torch.cuda.amp.autocast():
    epoch  8  train_loss=0.0318  val_loss=0.0468  val_qwk=0.6541  val_acc=0.5955
/home/norak/R&I/kxs-/train.py:148: FutureWarning: `torch.cuda.amp.autocast(args...)` is deprecated. Please use `torch.amp.autocast('cuda', args...)` instead.
  with torch.cuda.amp.autocast():
/home/norak/R&I/kxs-/train.py:169: FutureWarning: `torch.cuda.amp.autocast(args...)` is deprecated. Please use `torch.amp.autocast('cuda', args...)` instead.
  with torch.cuda.amp.autocast():
    epoch  9  train_loss=0.0320  val_loss=0.0423  val_qwk=0.6566  val_acc=0.5955
/home/norak/R&I/kxs-/train.py:148: FutureWarning: `torch.cuda.amp.autocast(args...)` is deprecated. Please use `torch.amp.autocast('cuda', args...)` instead.
  with torch.cuda.amp.autocast():
/home/norak/R&I/kxs-/train.py:169: FutureWarning: `torch.cuda.amp.autocast(args...)` is deprecated. Please use `torch.amp.autocast('cuda', args...)` instead.
  with torch.cuda.amp.autocast():
    epoch 10  train_loss=0.0297  val_loss=0.0411  val_qwk=0.6882  val_acc=0.6629
/home/norak/R&I/kxs-/train.py:148: FutureWarning: `torch.cuda.amp.autocast(args...)` is deprecated. Please use `torch.amp.autocast('cuda', args...)` instead.
  with torch.cuda.amp.autocast():
/home/norak/R&I/kxs-/train.py:169: FutureWarning: `torch.cuda.amp.autocast(args...)` is deprecated. Please use `torch.amp.autocast('cuda', args...)` instead.
  with torch.cuda.amp.autocast():
    epoch 11  train_loss=0.0284  val_loss=0.0416  val_qwk=0.6738  val_acc=0.6180
    early-stop at epoch 11 (best epoch=7, best_qwk=0.7092)
/home/norak/R&I/kxs-/train.py:169: FutureWarning: `torch.cuda.amp.autocast(args...)` is deprecated. Please use `torch.amp.autocast('cuda', args...)` instead.
  with torch.cuda.amp.autocast():
/home/norak/R&I/kxs-/train.py:169: FutureWarning: `torch.cuda.amp.autocast(args...)` is deprecated. Please use `torch.amp.autocast('cuda', args...)` instead.
  with torch.cuda.amp.autocast():
/home/norak/R&I/kxs-/train.py:169: FutureWarning: `torch.cuda.amp.autocast(args...)` is deprecated. Please use `torch.amp.autocast('cuda', args...)` instead.
  with torch.cuda.amp.autocast():
  [segment_qar_cross_gte              ] train_qwk=0.7363 -> test_qwk=0.7020  raw_w1=0.6348  epoch=7  (85.2s)

========== exp06 transformer  909 (no 10C biology)  ->  /home/norak/R&I/kxs-/results_no10c_v06_transformer ==========
  rows=909 train=636 val=136 test=137
Loading weights:   0%|          | 0/199 [00:00<?, ?it/s]Loading weights: 100%|██████████| 199/199 [00:00<00:00, 2599.14it/s]
[transformers] [1mBertModel LOAD REPORT[0m from: bert-base-multilingual-cased
Key                                        | Status     |  | 
-------------------------------------------+------------+--+-
cls.predictions.transform.dense.weight     | UNEXPECTED |  | 
cls.seq_relationship.weight                | UNEXPECTED |  | 
cls.seq_relationship.bias                  | UNEXPECTED |  | 
cls.predictions.transform.LayerNorm.bias   | UNEXPECTED |  | 
cls.predictions.bias                       | UNEXPECTED |  | 
cls.predictions.transform.dense.bias       | UNEXPECTED |  | 
cls.predictions.transform.LayerNorm.weight | UNEXPECTED |  | 

Notes:
- UNEXPECTED:	can be ignored when loading from different task/architecture; not ok if you expect identical arch.
/home/norak/R&I/kxs-/train.py:206: FutureWarning: `torch.cuda.amp.GradScaler(args...)` is deprecated. Please use `torch.amp.GradScaler('cuda', args...)` instead.
  scaler = torch.cuda.amp.GradScaler() if use_amp and device == "cuda" else None
/home/norak/R&I/kxs-/train.py:148: FutureWarning: `torch.cuda.amp.autocast(args...)` is deprecated. Please use `torch.amp.autocast('cuda', args...)` instead.
  with torch.cuda.amp.autocast():
/home/norak/R&I/kxs-/train.py:169: FutureWarning: `torch.cuda.amp.autocast(args...)` is deprecated. Please use `torch.amp.autocast('cuda', args...)` instead.
  with torch.cuda.amp.autocast():
    epoch  1  train_loss=0.0770  val_loss=0.0569  val_qwk=0.3083  val_acc=0.1912
/home/norak/R&I/kxs-/train.py:148: FutureWarning: `torch.cuda.amp.autocast(args...)` is deprecated. Please use `torch.amp.autocast('cuda', args...)` instead.
  with torch.cuda.amp.autocast():
/home/norak/R&I/kxs-/train.py:169: FutureWarning: `torch.cuda.amp.autocast(args...)` is deprecated. Please use `torch.amp.autocast('cuda', args...)` instead.
  with torch.cuda.amp.autocast():
    epoch  2  train_loss=0.0564  val_loss=0.0394  val_qwk=0.7013  val_acc=0.6029
/home/norak/R&I/kxs-/train.py:148: FutureWarning: `torch.cuda.amp.autocast(args...)` is deprecated. Please use `torch.amp.autocast('cuda', args...)` instead.
  with torch.cuda.amp.autocast():
/home/norak/R&I/kxs-/train.py:169: FutureWarning: `torch.cuda.amp.autocast(args...)` is deprecated. Please use `torch.amp.autocast('cuda', args...)` instead.
  with torch.cuda.amp.autocast():
    epoch  3  train_loss=0.0480  val_loss=0.0371  val_qwk=0.7403  val_acc=0.6250
/home/norak/R&I/kxs-/train.py:148: FutureWarning: `torch.cuda.amp.autocast(args...)` is deprecated. Please use `torch.amp.autocast('cuda', args...)` instead.
  with torch.cuda.amp.autocast():
/home/norak/R&I/kxs-/train.py:169: FutureWarning: `torch.cuda.amp.autocast(args...)` is deprecated. Please use `torch.amp.autocast('cuda', args...)` instead.
  with torch.cuda.amp.autocast():
    epoch  4  train_loss=0.0437  val_loss=0.0327  val_qwk=0.7469  val_acc=0.6544
/home/norak/R&I/kxs-/train.py:148: FutureWarning: `torch.cuda.amp.autocast(args...)` is deprecated. Please use `torch.amp.autocast('cuda', args...)` instead.
  with torch.cuda.amp.autocast():
/home/norak/R&I/kxs-/train.py:169: FutureWarning: `torch.cuda.amp.autocast(args...)` is deprecated. Please use `torch.amp.autocast('cuda', args...)` instead.
  with torch.cuda.amp.autocast():
    epoch  5  train_loss=0.0431  val_loss=0.0340  val_qwk=0.7223  val_acc=0.6176
/home/norak/R&I/kxs-/train.py:148: FutureWarning: `torch.cuda.amp.autocast(args...)` is deprecated. Please use `torch.amp.autocast('cuda', args...)` instead.
  with torch.cuda.amp.autocast():
/home/norak/R&I/kxs-/train.py:169: FutureWarning: `torch.cuda.amp.autocast(args...)` is deprecated. Please use `torch.amp.autocast('cuda', args...)` instead.
  with torch.cuda.amp.autocast():
    epoch  6  train_loss=0.0397  val_loss=0.0322  val_qwk=0.7535  val_acc=0.6103
/home/norak/R&I/kxs-/train.py:148: FutureWarning: `torch.cuda.amp.autocast(args...)` is deprecated. Please use `torch.amp.autocast('cuda', args...)` instead.
  with torch.cuda.amp.autocast():
/home/norak/R&I/kxs-/train.py:169: FutureWarning: `torch.cuda.amp.autocast(args...)` is deprecated. Please use `torch.amp.autocast('cuda', args...)` instead.
  with torch.cuda.amp.autocast():
    epoch  7  train_loss=0.0390  val_loss=0.0292  val_qwk=0.7768  val_acc=0.7059
/home/norak/R&I/kxs-/train.py:148: FutureWarning: `torch.cuda.amp.autocast(args...)` is deprecated. Please use `torch.amp.autocast('cuda', args...)` instead.
  with torch.cuda.amp.autocast():
/home/norak/R&I/kxs-/train.py:169: FutureWarning: `torch.cuda.amp.autocast(args...)` is deprecated. Please use `torch.amp.autocast('cuda', args...)` instead.
  with torch.cuda.amp.autocast():
    epoch  8  train_loss=0.0378  val_loss=0.0306  val_qwk=0.7771  val_acc=0.6765
/home/norak/R&I/kxs-/train.py:148: FutureWarning: `torch.cuda.amp.autocast(args...)` is deprecated. Please use `torch.amp.autocast('cuda', args...)` instead.
  with torch.cuda.amp.autocast():
/home/norak/R&I/kxs-/train.py:169: FutureWarning: `torch.cuda.amp.autocast(args...)` is deprecated. Please use `torch.amp.autocast('cuda', args...)` instead.
  with torch.cuda.amp.autocast():
    epoch  9  train_loss=0.0346  val_loss=0.0340  val_qwk=0.7783  val_acc=0.6103
/home/norak/R&I/kxs-/train.py:148: FutureWarning: `torch.cuda.amp.autocast(args...)` is deprecated. Please use `torch.amp.autocast('cuda', args...)` instead.
  with torch.cuda.amp.autocast():
/home/norak/R&I/kxs-/train.py:169: FutureWarning: `torch.cuda.amp.autocast(args...)` is deprecated. Please use `torch.amp.autocast('cuda', args...)` instead.
  with torch.cuda.amp.autocast():
    epoch 10  train_loss=0.0360  val_loss=0.0308  val_qwk=0.7872  val_acc=0.6397
/home/norak/R&I/kxs-/train.py:148: FutureWarning: `torch.cuda.amp.autocast(args...)` is deprecated. Please use `torch.amp.autocast('cuda', args...)` instead.
  with torch.cuda.amp.autocast():
/home/norak/R&I/kxs-/train.py:169: FutureWarning: `torch.cuda.amp.autocast(args...)` is deprecated. Please use `torch.amp.autocast('cuda', args...)` instead.
  with torch.cuda.amp.autocast():
    epoch 11  train_loss=0.0302  val_loss=0.0307  val_qwk=0.7589  val_acc=0.6324
/home/norak/R&I/kxs-/train.py:148: FutureWarning: `torch.cuda.amp.autocast(args...)` is deprecated. Please use `torch.amp.autocast('cuda', args...)` instead.
  with torch.cuda.amp.autocast():
/home/norak/R&I/kxs-/train.py:169: FutureWarning: `torch.cuda.amp.autocast(args...)` is deprecated. Please use `torch.amp.autocast('cuda', args...)` instead.
  with torch.cuda.amp.autocast():
    epoch 12  train_loss=0.0292  val_loss=0.0294  val_qwk=0.7725  val_acc=0.6324
/home/norak/R&I/kxs-/train.py:148: FutureWarning: `torch.cuda.amp.autocast(args...)` is deprecated. Please use `torch.amp.autocast('cuda', args...)` instead.
  with torch.cuda.amp.autocast():
/home/norak/R&I/kxs-/train.py:169: FutureWarning: `torch.cuda.amp.autocast(args...)` is deprecated. Please use `torch.amp.autocast('cuda', args...)` instead.
  with torch.cuda.amp.autocast():
    epoch 13  train_loss=0.0259  val_loss=0.0339  val_qwk=0.7555  val_acc=0.6103
/home/norak/R&I/kxs-/train.py:148: FutureWarning: `torch.cuda.amp.autocast(args...)` is deprecated. Please use `torch.amp.autocast('cuda', args...)` instead.
  with torch.cuda.amp.autocast():
/home/norak/R&I/kxs-/train.py:169: FutureWarning: `torch.cuda.amp.autocast(args...)` is deprecated. Please use `torch.amp.autocast('cuda', args...)` instead.
  with torch.cuda.amp.autocast():
    epoch 14  train_loss=0.0267  val_loss=0.0290  val_qwk=0.7946  val_acc=0.6324
/home/norak/R&I/kxs-/train.py:148: FutureWarning: `torch.cuda.amp.autocast(args...)` is deprecated. Please use `torch.amp.autocast('cuda', args...)` instead.
  with torch.cuda.amp.autocast():
/home/norak/R&I/kxs-/train.py:169: FutureWarning: `torch.cuda.amp.autocast(args...)` is deprecated. Please use `torch.amp.autocast('cuda', args...)` instead.
  with torch.cuda.amp.autocast():
    epoch 15  train_loss=0.0273  val_loss=0.0289  val_qwk=0.7902  val_acc=0.6985
/home/norak/R&I/kxs-/train.py:148: FutureWarning: `torch.cuda.amp.autocast(args...)` is deprecated. Please use `torch.amp.autocast('cuda', args...)` instead.
  with torch.cuda.amp.autocast():
/home/norak/R&I/kxs-/train.py:169: FutureWarning: `torch.cuda.amp.autocast(args...)` is deprecated. Please use `torch.amp.autocast('cuda', args...)` instead.
  with torch.cuda.amp.autocast():
    epoch 16  train_loss=0.0255  val_loss=0.0294  val_qwk=0.7793  val_acc=0.6324
/home/norak/R&I/kxs-/train.py:148: FutureWarning: `torch.cuda.amp.autocast(args...)` is deprecated. Please use `torch.amp.autocast('cuda', args...)` instead.
  with torch.cuda.amp.autocast():
/home/norak/R&I/kxs-/train.py:169: FutureWarning: `torch.cuda.amp.autocast(args...)` is deprecated. Please use `torch.amp.autocast('cuda', args...)` instead.
  with torch.cuda.amp.autocast():
    epoch 17  train_loss=0.0238  val_loss=0.0277  val_qwk=0.8023  val_acc=0.6765
/home/norak/R&I/kxs-/train.py:148: FutureWarning: `torch.cuda.amp.autocast(args...)` is deprecated. Please use `torch.amp.autocast('cuda', args...)` instead.
  with torch.cuda.amp.autocast():
/home/norak/R&I/kxs-/train.py:169: FutureWarning: `torch.cuda.amp.autocast(args...)` is deprecated. Please use `torch.amp.autocast('cuda', args...)` instead.
  with torch.cuda.amp.autocast():
    epoch 18  train_loss=0.0250  val_loss=0.0289  val_qwk=0.7975  val_acc=0.6985
/home/norak/R&I/kxs-/train.py:148: FutureWarning: `torch.cuda.amp.autocast(args...)` is deprecated. Please use `torch.amp.autocast('cuda', args...)` instead.
  with torch.cuda.amp.autocast():
/home/norak/R&I/kxs-/train.py:169: FutureWarning: `torch.cuda.amp.autocast(args...)` is deprecated. Please use `torch.amp.autocast('cuda', args...)` instead.
  with torch.cuda.amp.autocast():
    epoch 19  train_loss=0.0246  val_loss=0.0297  val_qwk=0.7979  val_acc=0.6838
/home/norak/R&I/kxs-/train.py:148: FutureWarning: `torch.cuda.amp.autocast(args...)` is deprecated. Please use `torch.amp.autocast('cuda', args...)` instead.
  with torch.cuda.amp.autocast():
/home/norak/R&I/kxs-/train.py:169: FutureWarning: `torch.cuda.amp.autocast(args...)` is deprecated. Please use `torch.amp.autocast('cuda', args...)` instead.
  with torch.cuda.amp.autocast():
    epoch 20  train_loss=0.0228  val_loss=0.0270  val_qwk=0.8114  val_acc=0.6985
/home/norak/R&I/kxs-/train.py:169: FutureWarning: `torch.cuda.amp.autocast(args...)` is deprecated. Please use `torch.amp.autocast('cuda', args...)` instead.
  with torch.cuda.amp.autocast():
/home/norak/R&I/kxs-/train.py:169: FutureWarning: `torch.cuda.amp.autocast(args...)` is deprecated. Please use `torch.amp.autocast('cuda', args...)` instead.
  with torch.cuda.amp.autocast():
/home/norak/R&I/kxs-/train.py:169: FutureWarning: `torch.cuda.amp.autocast(args...)` is deprecated. Please use `torch.amp.autocast('cuda', args...)` instead.
  with torch.cuda.amp.autocast():
  [raw_ra_dual_mbert                  ] train_qwk=0.8713 -> test_qwk=0.7111  raw_w1=0.7007  epoch=20  (116.3s)
Loading weights:   0%|          | 0/199 [00:00<?, ?it/s]Loading weights: 100%|██████████| 199/199 [00:00<00:00, 2867.64it/s]
[transformers] [1mXLMRobertaModel LOAD REPORT[0m from: xlm-roberta-base
Key                       | Status     |  | 
--------------------------+------------+--+-
lm_head.dense.weight      | UNEXPECTED |  | 
lm_head.layer_norm.weight | UNEXPECTED |  | 
lm_head.dense.bias        | UNEXPECTED |  | 
lm_head.layer_norm.bias   | UNEXPECTED |  | 
lm_head.bias              | UNEXPECTED |  | 

Notes:
- UNEXPECTED:	can be ignored when loading from different task/architecture; not ok if you expect identical arch.
/home/norak/R&I/kxs-/train.py:206: FutureWarning: `torch.cuda.amp.GradScaler(args...)` is deprecated. Please use `torch.amp.GradScaler('cuda', args...)` instead.
  scaler = torch.cuda.amp.GradScaler() if use_amp and device == "cuda" else None
/home/norak/R&I/kxs-/train.py:148: FutureWarning: `torch.cuda.amp.autocast(args...)` is deprecated. Please use `torch.amp.autocast('cuda', args...)` instead.
  with torch.cuda.amp.autocast():
/home/norak/R&I/kxs-/train.py:169: FutureWarning: `torch.cuda.amp.autocast(args...)` is deprecated. Please use `torch.amp.autocast('cuda', args...)` instead.
  with torch.cuda.amp.autocast():
    epoch  1  train_loss=0.1074  val_loss=0.0721  val_qwk=0.0299  val_acc=0.1324
/home/norak/R&I/kxs-/train.py:148: FutureWarning: `torch.cuda.amp.autocast(args...)` is deprecated. Please use `torch.amp.autocast('cuda', args...)` instead.
  with torch.cuda.amp.autocast():
/home/norak/R&I/kxs-/train.py:169: FutureWarning: `torch.cuda.amp.autocast(args...)` is deprecated. Please use `torch.amp.autocast('cuda', args...)` instead.
  with torch.cuda.amp.autocast():
    epoch  2  train_loss=0.0733  val_loss=0.0514  val_qwk=0.5601  val_acc=0.5074
/home/norak/R&I/kxs-/train.py:148: FutureWarning: `torch.cuda.amp.autocast(args...)` is deprecated. Please use `torch.amp.autocast('cuda', args...)` instead.
  with torch.cuda.amp.autocast():
/home/norak/R&I/kxs-/train.py:169: FutureWarning: `torch.cuda.amp.autocast(args...)` is deprecated. Please use `torch.amp.autocast('cuda', args...)` instead.
  with torch.cuda.amp.autocast():
    epoch  3  train_loss=0.0578  val_loss=0.0429  val_qwk=0.6448  val_acc=0.4485
/home/norak/R&I/kxs-/train.py:148: FutureWarning: `torch.cuda.amp.autocast(args...)` is deprecated. Please use `torch.amp.autocast('cuda', args...)` instead.
  with torch.cuda.amp.autocast():
/home/norak/R&I/kxs-/train.py:169: FutureWarning: `torch.cuda.amp.autocast(args...)` is deprecated. Please use `torch.amp.autocast('cuda', args...)` instead.
  with torch.cuda.amp.autocast():
    epoch  4  train_loss=0.0471  val_loss=0.0355  val_qwk=0.7378  val_acc=0.5588
/home/norak/R&I/kxs-/train.py:148: FutureWarning: `torch.cuda.amp.autocast(args...)` is deprecated. Please use `torch.amp.autocast('cuda', args...)` instead.
  with torch.cuda.amp.autocast():
/home/norak/R&I/kxs-/train.py:169: FutureWarning: `torch.cuda.amp.autocast(args...)` is deprecated. Please use `torch.amp.autocast('cuda', args...)` instead.
  with torch.cuda.amp.autocast():
    epoch  5  train_loss=0.0464  val_loss=0.0303  val_qwk=0.7780  val_acc=0.6471
/home/norak/R&I/kxs-/train.py:148: FutureWarning: `torch.cuda.amp.autocast(args...)` is deprecated. Please use `torch.amp.autocast('cuda', args...)` instead.
  with torch.cuda.amp.autocast():
/home/norak/R&I/kxs-/train.py:169: FutureWarning: `torch.cuda.amp.autocast(args...)` is deprecated. Please use `torch.amp.autocast('cuda', args...)` instead.
  with torch.cuda.amp.autocast():
    epoch  6  train_loss=0.0392  val_loss=0.0307  val_qwk=0.7392  val_acc=0.6103
/home/norak/R&I/kxs-/train.py:148: FutureWarning: `torch.cuda.amp.autocast(args...)` is deprecated. Please use `torch.amp.autocast('cuda', args...)` instead.
  with torch.cuda.amp.autocast():
/home/norak/R&I/kxs-/train.py:169: FutureWarning: `torch.cuda.amp.autocast(args...)` is deprecated. Please use `torch.amp.autocast('cuda', args...)` instead.
  with torch.cuda.amp.autocast():
    epoch  7  train_loss=0.0374  val_loss=0.0260  val_qwk=0.8046  val_acc=0.6618
/home/norak/R&I/kxs-/train.py:148: FutureWarning: `torch.cuda.amp.autocast(args...)` is deprecated. Please use `torch.amp.autocast('cuda', args...)` instead.
  with torch.cuda.amp.autocast():
/home/norak/R&I/kxs-/train.py:169: FutureWarning: `torch.cuda.amp.autocast(args...)` is deprecated. Please use `torch.amp.autocast('cuda', args...)` instead.
  with torch.cuda.amp.autocast():
    epoch  8  train_loss=0.0325  val_loss=0.0230  val_qwk=0.8408  val_acc=0.7574
/home/norak/R&I/kxs-/train.py:148: FutureWarning: `torch.cuda.amp.autocast(args...)` is deprecated. Please use `torch.amp.autocast('cuda', args...)` instead.
  with torch.cuda.amp.autocast():
/home/norak/R&I/kxs-/train.py:169: FutureWarning: `torch.cuda.amp.autocast(args...)` is deprecated. Please use `torch.amp.autocast('cuda', args...)` instead.
  with torch.cuda.amp.autocast():
    epoch  9  train_loss=0.0334  val_loss=0.0258  val_qwk=0.8115  val_acc=0.6985
/home/norak/R&I/kxs-/train.py:148: FutureWarning: `torch.cuda.amp.autocast(args...)` is deprecated. Please use `torch.amp.autocast('cuda', args...)` instead.
  with torch.cuda.amp.autocast():
/home/norak/R&I/kxs-/train.py:169: FutureWarning: `torch.cuda.amp.autocast(args...)` is deprecated. Please use `torch.amp.autocast('cuda', args...)` instead.
  with torch.cuda.amp.autocast():
    epoch 10  train_loss=0.0296  val_loss=0.0236  val_qwk=0.8425  val_acc=0.7059
/home/norak/R&I/kxs-/train.py:148: FutureWarning: `torch.cuda.amp.autocast(args...)` is deprecated. Please use `torch.amp.autocast('cuda', args...)` instead.
  with torch.cuda.amp.autocast():
/home/norak/R&I/kxs-/train.py:169: FutureWarning: `torch.cuda.amp.autocast(args...)` is deprecated. Please use `torch.amp.autocast('cuda', args...)` instead.
  with torch.cuda.amp.autocast():
    epoch 11  train_loss=0.0267  val_loss=0.0255  val_qwk=0.8235  val_acc=0.6985
/home/norak/R&I/kxs-/train.py:148: FutureWarning: `torch.cuda.amp.autocast(args...)` is deprecated. Please use `torch.amp.autocast('cuda', args...)` instead.
  with torch.cuda.amp.autocast():
/home/norak/R&I/kxs-/train.py:169: FutureWarning: `torch.cuda.amp.autocast(args...)` is deprecated. Please use `torch.amp.autocast('cuda', args...)` instead.
  with torch.cuda.amp.autocast():
    epoch 12  train_loss=0.0252  val_loss=0.0279  val_qwk=0.7926  val_acc=0.6765
/home/norak/R&I/kxs-/train.py:148: FutureWarning: `torch.cuda.amp.autocast(args...)` is deprecated. Please use `torch.amp.autocast('cuda', args...)` instead.
  with torch.cuda.amp.autocast():
/home/norak/R&I/kxs-/train.py:169: FutureWarning: `torch.cuda.amp.autocast(args...)` is deprecated. Please use `torch.amp.autocast('cuda', args...)` instead.
  with torch.cuda.amp.autocast():
    epoch 13  train_loss=0.0191  val_loss=0.0335  val_qwk=0.7482  val_acc=0.6544
/home/norak/R&I/kxs-/train.py:148: FutureWarning: `torch.cuda.amp.autocast(args...)` is deprecated. Please use `torch.amp.autocast('cuda', args...)` instead.
  with torch.cuda.amp.autocast():
/home/norak/R&I/kxs-/train.py:169: FutureWarning: `torch.cuda.amp.autocast(args...)` is deprecated. Please use `torch.amp.autocast('cuda', args...)` instead.
  with torch.cuda.amp.autocast():
    epoch 14  train_loss=0.0235  val_loss=0.0263  val_qwk=0.7982  val_acc=0.6912
    early-stop at epoch 14 (best epoch=10, best_qwk=0.8425)
/home/norak/R&I/kxs-/train.py:169: FutureWarning: `torch.cuda.amp.autocast(args...)` is deprecated. Please use `torch.amp.autocast('cuda', args...)` instead.
  with torch.cuda.amp.autocast():
/home/norak/R&I/kxs-/train.py:169: FutureWarning: `torch.cuda.amp.autocast(args...)` is deprecated. Please use `torch.amp.autocast('cuda', args...)` instead.
  with torch.cuda.amp.autocast():
/home/norak/R&I/kxs-/train.py:169: FutureWarning: `torch.cuda.amp.autocast(args...)` is deprecated. Please use `torch.amp.autocast('cuda', args...)` instead.
  with torch.cuda.amp.autocast():
  [raw_ra_dual_xlmr                   ] train_qwk=0.8514 -> test_qwk=0.7526  raw_w1=0.6934  epoch=10  (90.4s)
Loading weights:   0%|          | 0/136 [00:00<?, ?it/s]Loading weights:  93%|█████████▎| 127/136 [00:00<00:00, 1263.78it/s]Loading weights: 100%|██████████| 136/136 [00:00<00:00, 1337.64it/s]
[transformers] [1mNewModel LOAD REPORT[0m from: Alibaba-NLP/gte-multilingual-base
Key               | Status     |  | 
------------------+------------+--+-
classifier.bias   | UNEXPECTED |  | 
classifier.weight | UNEXPECTED |  | 

Notes:
- UNEXPECTED:	can be ignored when loading from different task/architecture; not ok if you expect identical arch.
/home/norak/R&I/kxs-/train.py:206: FutureWarning: `torch.cuda.amp.GradScaler(args...)` is deprecated. Please use `torch.amp.GradScaler('cuda', args...)` instead.
  scaler = torch.cuda.amp.GradScaler() if use_amp and device == "cuda" else None
/home/norak/R&I/kxs-/train.py:148: FutureWarning: `torch.cuda.amp.autocast(args...)` is deprecated. Please use `torch.amp.autocast('cuda', args...)` instead.
  with torch.cuda.amp.autocast():
/home/norak/R&I/kxs-/train.py:169: FutureWarning: `torch.cuda.amp.autocast(args...)` is deprecated. Please use `torch.amp.autocast('cuda', args...)` instead.
  with torch.cuda.amp.autocast():
    epoch  1  train_loss=0.0820  val_loss=0.0485  val_qwk=0.5940  val_acc=0.4853
/home/norak/R&I/kxs-/train.py:148: FutureWarning: `torch.cuda.amp.autocast(args...)` is deprecated. Please use `torch.amp.autocast('cuda', args...)` instead.
  with torch.cuda.amp.autocast():
/home/norak/R&I/kxs-/train.py:169: FutureWarning: `torch.cuda.amp.autocast(args...)` is deprecated. Please use `torch.amp.autocast('cuda', args...)` instead.
  with torch.cuda.amp.autocast():
    epoch  2  train_loss=0.0461  val_loss=0.0270  val_qwk=0.7686  val_acc=0.5809
/home/norak/R&I/kxs-/train.py:148: FutureWarning: `torch.cuda.amp.autocast(args...)` is deprecated. Please use `torch.amp.autocast('cuda', args...)` instead.
  with torch.cuda.amp.autocast():
/home/norak/R&I/kxs-/train.py:169: FutureWarning: `torch.cuda.amp.autocast(args...)` is deprecated. Please use `torch.amp.autocast('cuda', args...)` instead.
  with torch.cuda.amp.autocast():
    epoch  3  train_loss=0.0321  val_loss=0.0241  val_qwk=0.8456  val_acc=0.6618
/home/norak/R&I/kxs-/train.py:148: FutureWarning: `torch.cuda.amp.autocast(args...)` is deprecated. Please use `torch.amp.autocast('cuda', args...)` instead.
  with torch.cuda.amp.autocast():
/home/norak/R&I/kxs-/train.py:169: FutureWarning: `torch.cuda.amp.autocast(args...)` is deprecated. Please use `torch.amp.autocast('cuda', args...)` instead.
  with torch.cuda.amp.autocast():
    epoch  4  train_loss=0.0259  val_loss=0.0223  val_qwk=0.8378  val_acc=0.6618
/home/norak/R&I/kxs-/train.py:148: FutureWarning: `torch.cuda.amp.autocast(args...)` is deprecated. Please use `torch.amp.autocast('cuda', args...)` instead.
  with torch.cuda.amp.autocast():
/home/norak/R&I/kxs-/train.py:169: FutureWarning: `torch.cuda.amp.autocast(args...)` is deprecated. Please use `torch.amp.autocast('cuda', args...)` instead.
  with torch.cuda.amp.autocast():
    epoch  5  train_loss=0.0205  val_loss=0.0248  val_qwk=0.8253  val_acc=0.6691
/home/norak/R&I/kxs-/train.py:148: FutureWarning: `torch.cuda.amp.autocast(args...)` is deprecated. Please use `torch.amp.autocast('cuda', args...)` instead.
  with torch.cuda.amp.autocast():
/home/norak/R&I/kxs-/train.py:169: FutureWarning: `torch.cuda.amp.autocast(args...)` is deprecated. Please use `torch.amp.autocast('cuda', args...)` instead.
  with torch.cuda.amp.autocast():
    epoch  6  train_loss=0.0169  val_loss=0.0283  val_qwk=0.8186  val_acc=0.7353
/home/norak/R&I/kxs-/train.py:148: FutureWarning: `torch.cuda.amp.autocast(args...)` is deprecated. Please use `torch.amp.autocast('cuda', args...)` instead.
  with torch.cuda.amp.autocast():
/home/norak/R&I/kxs-/train.py:169: FutureWarning: `torch.cuda.amp.autocast(args...)` is deprecated. Please use `torch.amp.autocast('cuda', args...)` instead.
  with torch.cuda.amp.autocast():
    epoch  7  train_loss=0.0151  val_loss=0.0195  val_qwk=0.8797  val_acc=0.7279
/home/norak/R&I/kxs-/train.py:148: FutureWarning: `torch.cuda.amp.autocast(args...)` is deprecated. Please use `torch.amp.autocast('cuda', args...)` instead.
  with torch.cuda.amp.autocast():
/home/norak/R&I/kxs-/train.py:169: FutureWarning: `torch.cuda.amp.autocast(args...)` is deprecated. Please use `torch.amp.autocast('cuda', args...)` instead.
  with torch.cuda.amp.autocast():
    epoch  8  train_loss=0.0126  val_loss=0.0222  val_qwk=0.8567  val_acc=0.7132
/home/norak/R&I/kxs-/train.py:148: FutureWarning: `torch.cuda.amp.autocast(args...)` is deprecated. Please use `torch.amp.autocast('cuda', args...)` instead.
  with torch.cuda.amp.autocast():
/home/norak/R&I/kxs-/train.py:169: FutureWarning: `torch.cuda.amp.autocast(args...)` is deprecated. Please use `torch.amp.autocast('cuda', args...)` instead.
  with torch.cuda.amp.autocast():
    epoch  9  train_loss=0.0104  val_loss=0.0213  val_qwk=0.8603  val_acc=0.7059
/home/norak/R&I/kxs-/train.py:148: FutureWarning: `torch.cuda.amp.autocast(args...)` is deprecated. Please use `torch.amp.autocast('cuda', args...)` instead.
  with torch.cuda.amp.autocast():
/home/norak/R&I/kxs-/train.py:169: FutureWarning: `torch.cuda.amp.autocast(args...)` is deprecated. Please use `torch.amp.autocast('cuda', args...)` instead.
  with torch.cuda.amp.autocast():
    epoch 10  train_loss=0.0109  val_loss=0.0231  val_qwk=0.8653  val_acc=0.7426
/home/norak/R&I/kxs-/train.py:148: FutureWarning: `torch.cuda.amp.autocast(args...)` is deprecated. Please use `torch.amp.autocast('cuda', args...)` instead.
  with torch.cuda.amp.autocast():
/home/norak/R&I/kxs-/train.py:169: FutureWarning: `torch.cuda.amp.autocast(args...)` is deprecated. Please use `torch.amp.autocast('cuda', args...)` instead.
  with torch.cuda.amp.autocast():
    epoch 11  train_loss=0.0100  val_loss=0.0241  val_qwk=0.8506  val_acc=0.7500
    early-stop at epoch 11 (best epoch=7, best_qwk=0.8797)
/home/norak/R&I/kxs-/train.py:169: FutureWarning: `torch.cuda.amp.autocast(args...)` is deprecated. Please use `torch.amp.autocast('cuda', args...)` instead.
  with torch.cuda.amp.autocast():
/home/norak/R&I/kxs-/train.py:169: FutureWarning: `torch.cuda.amp.autocast(args...)` is deprecated. Please use `torch.amp.autocast('cuda', args...)` instead.
  with torch.cuda.amp.autocast():
/home/norak/R&I/kxs-/train.py:169: FutureWarning: `torch.cuda.amp.autocast(args...)` is deprecated. Please use `torch.amp.autocast('cuda', args...)` instead.
  with torch.cuda.amp.autocast():
  [raw_ra_dual_gte                    ] train_qwk=0.9188 -> test_qwk=0.7968  raw_w1=0.7226  epoch=7  (81.4s)
Loading weights:   0%|          | 0/199 [00:00<?, ?it/s]Loading weights: 100%|██████████| 199/199 [00:00<00:00, 3084.84it/s]
[transformers] [1mBertModel LOAD REPORT[0m from: bert-base-multilingual-cased
Key                                        | Status     |  | 
-------------------------------------------+------------+--+-
cls.predictions.transform.dense.weight     | UNEXPECTED |  | 
cls.seq_relationship.weight                | UNEXPECTED |  | 
cls.seq_relationship.bias                  | UNEXPECTED |  | 
cls.predictions.transform.LayerNorm.bias   | UNEXPECTED |  | 
cls.predictions.bias                       | UNEXPECTED |  | 
cls.predictions.transform.dense.bias       | UNEXPECTED |  | 
cls.predictions.transform.LayerNorm.weight | UNEXPECTED |  | 

Notes:
- UNEXPECTED:	can be ignored when loading from different task/architecture; not ok if you expect identical arch.
/home/norak/R&I/kxs-/train.py:206: FutureWarning: `torch.cuda.amp.GradScaler(args...)` is deprecated. Please use `torch.amp.GradScaler('cuda', args...)` instead.
  scaler = torch.cuda.amp.GradScaler() if use_amp and device == "cuda" else None
/home/norak/R&I/kxs-/train.py:148: FutureWarning: `torch.cuda.amp.autocast(args...)` is deprecated. Please use `torch.amp.autocast('cuda', args...)` instead.
  with torch.cuda.amp.autocast():
/home/norak/R&I/kxs-/train.py:169: FutureWarning: `torch.cuda.amp.autocast(args...)` is deprecated. Please use `torch.amp.autocast('cuda', args...)` instead.
  with torch.cuda.amp.autocast():
    epoch  1  train_loss=0.0897  val_loss=0.0779  val_qwk=0.1185  val_acc=0.1397
/home/norak/R&I/kxs-/train.py:148: FutureWarning: `torch.cuda.amp.autocast(args...)` is deprecated. Please use `torch.amp.autocast('cuda', args...)` instead.
  with torch.cuda.amp.autocast():
/home/norak/R&I/kxs-/train.py:169: FutureWarning: `torch.cuda.amp.autocast(args...)` is deprecated. Please use `torch.amp.autocast('cuda', args...)` instead.
  with torch.cuda.amp.autocast():
    epoch  2  train_loss=0.0736  val_loss=0.0568  val_qwk=0.3980  val_acc=0.3235
/home/norak/R&I/kxs-/train.py:148: FutureWarning: `torch.cuda.amp.autocast(args...)` is deprecated. Please use `torch.amp.autocast('cuda', args...)` instead.
  with torch.cuda.amp.autocast():
/home/norak/R&I/kxs-/train.py:169: FutureWarning: `torch.cuda.amp.autocast(args...)` is deprecated. Please use `torch.amp.autocast('cuda', args...)` instead.
  with torch.cuda.amp.autocast():
    epoch  3  train_loss=0.0601  val_loss=0.0443  val_qwk=0.6850  val_acc=0.6176
/home/norak/R&I/kxs-/train.py:148: FutureWarning: `torch.cuda.amp.autocast(args...)` is deprecated. Please use `torch.amp.autocast('cuda', args...)` instead.
  with torch.cuda.amp.autocast():
/home/norak/R&I/kxs-/train.py:169: FutureWarning: `torch.cuda.amp.autocast(args...)` is deprecated. Please use `torch.amp.autocast('cuda', args...)` instead.
  with torch.cuda.amp.autocast():
    epoch  4  train_loss=0.0486  val_loss=0.0416  val_qwk=0.7422  val_acc=0.6838
/home/norak/R&I/kxs-/train.py:148: FutureWarning: `torch.cuda.amp.autocast(args...)` is deprecated. Please use `torch.amp.autocast('cuda', args...)` instead.
  with torch.cuda.amp.autocast():
/home/norak/R&I/kxs-/train.py:169: FutureWarning: `torch.cuda.amp.autocast(args...)` is deprecated. Please use `torch.amp.autocast('cuda', args...)` instead.
  with torch.cuda.amp.autocast():
    epoch  5  train_loss=0.0471  val_loss=0.0411  val_qwk=0.6913  val_acc=0.6618
/home/norak/R&I/kxs-/train.py:148: FutureWarning: `torch.cuda.amp.autocast(args...)` is deprecated. Please use `torch.amp.autocast('cuda', args...)` instead.
  with torch.cuda.amp.autocast():
/home/norak/R&I/kxs-/train.py:169: FutureWarning: `torch.cuda.amp.autocast(args...)` is deprecated. Please use `torch.amp.autocast('cuda', args...)` instead.
  with torch.cuda.amp.autocast():
    epoch  6  train_loss=0.0421  val_loss=0.0343  val_qwk=0.7829  val_acc=0.7279
/home/norak/R&I/kxs-/train.py:148: FutureWarning: `torch.cuda.amp.autocast(args...)` is deprecated. Please use `torch.amp.autocast('cuda', args...)` instead.
  with torch.cuda.amp.autocast():
/home/norak/R&I/kxs-/train.py:169: FutureWarning: `torch.cuda.amp.autocast(args...)` is deprecated. Please use `torch.amp.autocast('cuda', args...)` instead.
  with torch.cuda.amp.autocast():
    epoch  7  train_loss=0.0386  val_loss=0.0327  val_qwk=0.7785  val_acc=0.6985
/home/norak/R&I/kxs-/train.py:148: FutureWarning: `torch.cuda.amp.autocast(args...)` is deprecated. Please use `torch.amp.autocast('cuda', args...)` instead.
  with torch.cuda.amp.autocast():
/home/norak/R&I/kxs-/train.py:169: FutureWarning: `torch.cuda.amp.autocast(args...)` is deprecated. Please use `torch.amp.autocast('cuda', args...)` instead.
  with torch.cuda.amp.autocast():
    epoch  8  train_loss=0.0376  val_loss=0.0488  val_qwk=0.6015  val_acc=0.5588
/home/norak/R&I/kxs-/train.py:148: FutureWarning: `torch.cuda.amp.autocast(args...)` is deprecated. Please use `torch.amp.autocast('cuda', args...)` instead.
  with torch.cuda.amp.autocast():
/home/norak/R&I/kxs-/train.py:169: FutureWarning: `torch.cuda.amp.autocast(args...)` is deprecated. Please use `torch.amp.autocast('cuda', args...)` instead.
  with torch.cuda.amp.autocast():
    epoch  9  train_loss=0.0379  val_loss=0.0387  val_qwk=0.7151  val_acc=0.6985
/home/norak/R&I/kxs-/train.py:148: FutureWarning: `torch.cuda.amp.autocast(args...)` is deprecated. Please use `torch.amp.autocast('cuda', args...)` instead.
  with torch.cuda.amp.autocast():
/home/norak/R&I/kxs-/train.py:169: FutureWarning: `torch.cuda.amp.autocast(args...)` is deprecated. Please use `torch.amp.autocast('cuda', args...)` instead.
  with torch.cuda.amp.autocast():
    epoch 10  train_loss=0.0391  val_loss=0.0410  val_qwk=0.7095  val_acc=0.6691
    early-stop at epoch 10 (best epoch=6, best_qwk=0.7829)
/home/norak/R&I/kxs-/train.py:169: FutureWarning: `torch.cuda.amp.autocast(args...)` is deprecated. Please use `torch.amp.autocast('cuda', args...)` instead.
  with torch.cuda.amp.autocast():
/home/norak/R&I/kxs-/train.py:169: FutureWarning: `torch.cuda.amp.autocast(args...)` is deprecated. Please use `torch.amp.autocast('cuda', args...)` instead.
  with torch.cuda.amp.autocast():
/home/norak/R&I/kxs-/train.py:169: FutureWarning: `torch.cuda.amp.autocast(args...)` is deprecated. Please use `torch.amp.autocast('cuda', args...)` instead.
  with torch.cuda.amp.autocast():
  [raw_ra_cross_mbert                 ] train_qwk=0.7473 -> test_qwk=0.6380  raw_w1=0.6277  epoch=6  (39.1s)
Loading weights:   0%|          | 0/199 [00:00<?, ?it/s]Loading weights: 100%|██████████| 199/199 [00:00<00:00, 2924.20it/s]
[transformers] [1mXLMRobertaModel LOAD REPORT[0m from: xlm-roberta-base
Key                       | Status     |  | 
--------------------------+------------+--+-
lm_head.dense.weight      | UNEXPECTED |  | 
lm_head.layer_norm.weight | UNEXPECTED |  | 
lm_head.dense.bias        | UNEXPECTED |  | 
lm_head.layer_norm.bias   | UNEXPECTED |  | 
lm_head.bias              | UNEXPECTED |  | 

Notes:
- UNEXPECTED:	can be ignored when loading from different task/architecture; not ok if you expect identical arch.
/home/norak/R&I/kxs-/train.py:206: FutureWarning: `torch.cuda.amp.GradScaler(args...)` is deprecated. Please use `torch.amp.GradScaler('cuda', args...)` instead.
  scaler = torch.cuda.amp.GradScaler() if use_amp and device == "cuda" else None
/home/norak/R&I/kxs-/train.py:148: FutureWarning: `torch.cuda.amp.autocast(args...)` is deprecated. Please use `torch.amp.autocast('cuda', args...)` instead.
  with torch.cuda.amp.autocast():
/home/norak/R&I/kxs-/train.py:169: FutureWarning: `torch.cuda.amp.autocast(args...)` is deprecated. Please use `torch.amp.autocast('cuda', args...)` instead.
  with torch.cuda.amp.autocast():
    epoch  1  train_loss=0.0996  val_loss=0.0940  val_qwk=0.0438  val_acc=0.1618
/home/norak/R&I/kxs-/train.py:148: FutureWarning: `torch.cuda.amp.autocast(args...)` is deprecated. Please use `torch.amp.autocast('cuda', args...)` instead.
  with torch.cuda.amp.autocast():
/home/norak/R&I/kxs-/train.py:169: FutureWarning: `torch.cuda.amp.autocast(args...)` is deprecated. Please use `torch.amp.autocast('cuda', args...)` instead.
  with torch.cuda.amp.autocast():
    epoch  2  train_loss=0.0749  val_loss=0.0740  val_qwk=0.2345  val_acc=0.2574
/home/norak/R&I/kxs-/train.py:148: FutureWarning: `torch.cuda.amp.autocast(args...)` is deprecated. Please use `torch.amp.autocast('cuda', args...)` instead.
  with torch.cuda.amp.autocast():
/home/norak/R&I/kxs-/train.py:169: FutureWarning: `torch.cuda.amp.autocast(args...)` is deprecated. Please use `torch.amp.autocast('cuda', args...)` instead.
  with torch.cuda.amp.autocast():
    epoch  3  train_loss=0.0614  val_loss=0.0479  val_qwk=0.6267  val_acc=0.4338
/home/norak/R&I/kxs-/train.py:148: FutureWarning: `torch.cuda.amp.autocast(args...)` is deprecated. Please use `torch.amp.autocast('cuda', args...)` instead.
  with torch.cuda.amp.autocast():
/home/norak/R&I/kxs-/train.py:169: FutureWarning: `torch.cuda.amp.autocast(args...)` is deprecated. Please use `torch.amp.autocast('cuda', args...)` instead.
  with torch.cuda.amp.autocast():
    epoch  4  train_loss=0.0518  val_loss=0.0427  val_qwk=0.7348  val_acc=0.5588
/home/norak/R&I/kxs-/train.py:148: FutureWarning: `torch.cuda.amp.autocast(args...)` is deprecated. Please use `torch.amp.autocast('cuda', args...)` instead.
  with torch.cuda.amp.autocast():
/home/norak/R&I/kxs-/train.py:169: FutureWarning: `torch.cuda.amp.autocast(args...)` is deprecated. Please use `torch.amp.autocast('cuda', args...)` instead.
  with torch.cuda.amp.autocast():
    epoch  5  train_loss=0.0453  val_loss=0.0340  val_qwk=0.7521  val_acc=0.5588
/home/norak/R&I/kxs-/train.py:148: FutureWarning: `torch.cuda.amp.autocast(args...)` is deprecated. Please use `torch.amp.autocast('cuda', args...)` instead.
  with torch.cuda.amp.autocast():
/home/norak/R&I/kxs-/train.py:169: FutureWarning: `torch.cuda.amp.autocast(args...)` is deprecated. Please use `torch.amp.autocast('cuda', args...)` instead.
  with torch.cuda.amp.autocast():
    epoch  6  train_loss=0.0400  val_loss=0.0304  val_qwk=0.7705  val_acc=0.5809
/home/norak/R&I/kxs-/train.py:148: FutureWarning: `torch.cuda.amp.autocast(args...)` is deprecated. Please use `torch.amp.autocast('cuda', args...)` instead.
  with torch.cuda.amp.autocast():
/home/norak/R&I/kxs-/train.py:169: FutureWarning: `torch.cuda.amp.autocast(args...)` is deprecated. Please use `torch.amp.autocast('cuda', args...)` instead.
  with torch.cuda.amp.autocast():
    epoch  7  train_loss=0.0360  val_loss=0.0434  val_qwk=0.7429  val_acc=0.6029
/home/norak/R&I/kxs-/train.py:148: FutureWarning: `torch.cuda.amp.autocast(args...)` is deprecated. Please use `torch.amp.autocast('cuda', args...)` instead.
  with torch.cuda.amp.autocast():
/home/norak/R&I/kxs-/train.py:169: FutureWarning: `torch.cuda.amp.autocast(args...)` is deprecated. Please use `torch.amp.autocast('cuda', args...)` instead.
  with torch.cuda.amp.autocast():
    epoch  8  train_loss=0.0366  val_loss=0.0238  val_qwk=0.8284  val_acc=0.6691
/home/norak/R&I/kxs-/train.py:148: FutureWarning: `torch.cuda.amp.autocast(args...)` is deprecated. Please use `torch.amp.autocast('cuda', args...)` instead.
  with torch.cuda.amp.autocast():
/home/norak/R&I/kxs-/train.py:169: FutureWarning: `torch.cuda.amp.autocast(args...)` is deprecated. Please use `torch.amp.autocast('cuda', args...)` instead.
  with torch.cuda.amp.autocast():
    epoch  9  train_loss=0.0328  val_loss=0.0302  val_qwk=0.7882  val_acc=0.6838
/home/norak/R&I/kxs-/train.py:148: FutureWarning: `torch.cuda.amp.autocast(args...)` is deprecated. Please use `torch.amp.autocast('cuda', args...)` instead.
  with torch.cuda.amp.autocast():
/home/norak/R&I/kxs-/train.py:169: FutureWarning: `torch.cuda.amp.autocast(args...)` is deprecated. Please use `torch.amp.autocast('cuda', args...)` instead.
  with torch.cuda.amp.autocast():
    epoch 10  train_loss=0.0340  val_loss=0.0245  val_qwk=0.8350  val_acc=0.7059
/home/norak/R&I/kxs-/train.py:148: FutureWarning: `torch.cuda.amp.autocast(args...)` is deprecated. Please use `torch.amp.autocast('cuda', args...)` instead.
  with torch.cuda.amp.autocast():
/home/norak/R&I/kxs-/train.py:169: FutureWarning: `torch.cuda.amp.autocast(args...)` is deprecated. Please use `torch.amp.autocast('cuda', args...)` instead.
  with torch.cuda.amp.autocast():
    epoch 11  train_loss=0.0284  val_loss=0.0233  val_qwk=0.8535  val_acc=0.7500
/home/norak/R&I/kxs-/train.py:148: FutureWarning: `torch.cuda.amp.autocast(args...)` is deprecated. Please use `torch.amp.autocast('cuda', args...)` instead.
  with torch.cuda.amp.autocast():
/home/norak/R&I/kxs-/train.py:169: FutureWarning: `torch.cuda.amp.autocast(args...)` is deprecated. Please use `torch.amp.autocast('cuda', args...)` instead.
  with torch.cuda.amp.autocast():
    epoch 12  train_loss=0.0267  val_loss=0.0229  val_qwk=0.8519  val_acc=0.7132
/home/norak/R&I/kxs-/train.py:148: FutureWarning: `torch.cuda.amp.autocast(args...)` is deprecated. Please use `torch.amp.autocast('cuda', args...)` instead.
  with torch.cuda.amp.autocast():
/home/norak/R&I/kxs-/train.py:169: FutureWarning: `torch.cuda.amp.autocast(args...)` is deprecated. Please use `torch.amp.autocast('cuda', args...)` instead.
  with torch.cuda.amp.autocast():
    epoch 13  train_loss=0.0233  val_loss=0.0216  val_qwk=0.8718  val_acc=0.7426
/home/norak/R&I/kxs-/train.py:148: FutureWarning: `torch.cuda.amp.autocast(args...)` is deprecated. Please use `torch.amp.autocast('cuda', args...)` instead.
  with torch.cuda.amp.autocast():
/home/norak/R&I/kxs-/train.py:169: FutureWarning: `torch.cuda.amp.autocast(args...)` is deprecated. Please use `torch.amp.autocast('cuda', args...)` instead.
  with torch.cuda.amp.autocast():
    epoch 14  train_loss=0.0241  val_loss=0.0211  val_qwk=0.8626  val_acc=0.7206
/home/norak/R&I/kxs-/train.py:148: FutureWarning: `torch.cuda.amp.autocast(args...)` is deprecated. Please use `torch.amp.autocast('cuda', args...)` instead.
  with torch.cuda.amp.autocast():
/home/norak/R&I/kxs-/train.py:169: FutureWarning: `torch.cuda.amp.autocast(args...)` is deprecated. Please use `torch.amp.autocast('cuda', args...)` instead.
  with torch.cuda.amp.autocast():
    epoch 15  train_loss=0.0228  val_loss=0.0233  val_qwk=0.8385  val_acc=0.7059
/home/norak/R&I/kxs-/train.py:148: FutureWarning: `torch.cuda.amp.autocast(args...)` is deprecated. Please use `torch.amp.autocast('cuda', args...)` instead.
  with torch.cuda.amp.autocast():
/home/norak/R&I/kxs-/train.py:169: FutureWarning: `torch.cuda.amp.autocast(args...)` is deprecated. Please use `torch.amp.autocast('cuda', args...)` instead.
  with torch.cuda.amp.autocast():
    epoch 16  train_loss=0.0232  val_loss=0.0198  val_qwk=0.8953  val_acc=0.8015
/home/norak/R&I/kxs-/train.py:148: FutureWarning: `torch.cuda.amp.autocast(args...)` is deprecated. Please use `torch.amp.autocast('cuda', args...)` instead.
  with torch.cuda.amp.autocast():
/home/norak/R&I/kxs-/train.py:169: FutureWarning: `torch.cuda.amp.autocast(args...)` is deprecated. Please use `torch.amp.autocast('cuda', args...)` instead.
  with torch.cuda.amp.autocast():
    epoch 17  train_loss=0.0208  val_loss=0.0212  val_qwk=0.8733  val_acc=0.7574
/home/norak/R&I/kxs-/train.py:148: FutureWarning: `torch.cuda.amp.autocast(args...)` is deprecated. Please use `torch.amp.autocast('cuda', args...)` instead.
  with torch.cuda.amp.autocast():
/home/norak/R&I/kxs-/train.py:169: FutureWarning: `torch.cuda.amp.autocast(args...)` is deprecated. Please use `torch.amp.autocast('cuda', args...)` instead.
  with torch.cuda.amp.autocast():
    epoch 18  train_loss=0.0172  val_loss=0.0200  val_qwk=0.8722  val_acc=0.7132
/home/norak/R&I/kxs-/train.py:148: FutureWarning: `torch.cuda.amp.autocast(args...)` is deprecated. Please use `torch.amp.autocast('cuda', args...)` instead.
  with torch.cuda.amp.autocast():
/home/norak/R&I/kxs-/train.py:169: FutureWarning: `torch.cuda.amp.autocast(args...)` is deprecated. Please use `torch.amp.autocast('cuda', args...)` instead.
  with torch.cuda.amp.autocast():
    epoch 19  train_loss=0.0203  val_loss=0.0206  val_qwk=0.8734  val_acc=0.7721
/home/norak/R&I/kxs-/train.py:148: FutureWarning: `torch.cuda.amp.autocast(args...)` is deprecated. Please use `torch.amp.autocast('cuda', args...)` instead.
  with torch.cuda.amp.autocast():
/home/norak/R&I/kxs-/train.py:169: FutureWarning: `torch.cuda.amp.autocast(args...)` is deprecated. Please use `torch.amp.autocast('cuda', args...)` instead.
  with torch.cuda.amp.autocast():
    epoch 20  train_loss=0.0140  val_loss=0.0215  val_qwk=0.8602  val_acc=0.7353
    early-stop at epoch 20 (best epoch=16, best_qwk=0.8953)
/home/norak/R&I/kxs-/train.py:169: FutureWarning: `torch.cuda.amp.autocast(args...)` is deprecated. Please use `torch.amp.autocast('cuda', args...)` instead.
  with torch.cuda.amp.autocast():
/home/norak/R&I/kxs-/train.py:169: FutureWarning: `torch.cuda.amp.autocast(args...)` is deprecated. Please use `torch.amp.autocast('cuda', args...)` instead.
  with torch.cuda.amp.autocast():
/home/norak/R&I/kxs-/train.py:169: FutureWarning: `torch.cuda.amp.autocast(args...)` is deprecated. Please use `torch.amp.autocast('cuda', args...)` instead.
  with torch.cuda.amp.autocast():
  [raw_ra_cross_xlmr                  ] train_qwk=0.9173 -> test_qwk=0.7973  raw_w1=0.7810  epoch=16  (85.9s)
Loading weights:   0%|          | 0/136 [00:00<?, ?it/s]Loading weights:   3%|▎         | 4/136 [00:00<00:04, 31.32it/s]Loading weights: 100%|██████████| 136/136 [00:00<00:00, 906.80it/s]
[transformers] [1mNewModel LOAD REPORT[0m from: Alibaba-NLP/gte-multilingual-base
Key               | Status     |  | 
------------------+------------+--+-
classifier.bias   | UNEXPECTED |  | 
classifier.weight | UNEXPECTED |  | 

Notes:
- UNEXPECTED:	can be ignored when loading from different task/architecture; not ok if you expect identical arch.
/home/norak/R&I/kxs-/train.py:206: FutureWarning: `torch.cuda.amp.GradScaler(args...)` is deprecated. Please use `torch.amp.GradScaler('cuda', args...)` instead.
  scaler = torch.cuda.amp.GradScaler() if use_amp and device == "cuda" else None
/home/norak/R&I/kxs-/train.py:148: FutureWarning: `torch.cuda.amp.autocast(args...)` is deprecated. Please use `torch.amp.autocast('cuda', args...)` instead.
  with torch.cuda.amp.autocast():
/home/norak/R&I/kxs-/train.py:169: FutureWarning: `torch.cuda.amp.autocast(args...)` is deprecated. Please use `torch.amp.autocast('cuda', args...)` instead.
  with torch.cuda.amp.autocast():
    epoch  1  train_loss=0.0768  val_loss=0.0479  val_qwk=0.5907  val_acc=0.4926
/home/norak/R&I/kxs-/train.py:148: FutureWarning: `torch.cuda.amp.autocast(args...)` is deprecated. Please use `torch.amp.autocast('cuda', args...)` instead.
  with torch.cuda.amp.autocast():
/home/norak/R&I/kxs-/train.py:169: FutureWarning: `torch.cuda.amp.autocast(args...)` is deprecated. Please use `torch.amp.autocast('cuda', args...)` instead.
  with torch.cuda.amp.autocast():
    epoch  2  train_loss=0.0524  val_loss=0.0381  val_qwk=0.6698  val_acc=0.5735
/home/norak/R&I/kxs-/train.py:148: FutureWarning: `torch.cuda.amp.autocast(args...)` is deprecated. Please use `torch.amp.autocast('cuda', args...)` instead.
  with torch.cuda.amp.autocast():
/home/norak/R&I/kxs-/train.py:169: FutureWarning: `torch.cuda.amp.autocast(args...)` is deprecated. Please use `torch.amp.autocast('cuda', args...)` instead.
  with torch.cuda.amp.autocast():
    epoch  3  train_loss=0.0437  val_loss=0.0314  val_qwk=0.7674  val_acc=0.6544
/home/norak/R&I/kxs-/train.py:148: FutureWarning: `torch.cuda.amp.autocast(args...)` is deprecated. Please use `torch.amp.autocast('cuda', args...)` instead.
  with torch.cuda.amp.autocast():
/home/norak/R&I/kxs-/train.py:169: FutureWarning: `torch.cuda.amp.autocast(args...)` is deprecated. Please use `torch.amp.autocast('cuda', args...)` instead.
  with torch.cuda.amp.autocast():
    epoch  4  train_loss=0.0369  val_loss=0.0285  val_qwk=0.7983  val_acc=0.6985
/home/norak/R&I/kxs-/train.py:148: FutureWarning: `torch.cuda.amp.autocast(args...)` is deprecated. Please use `torch.amp.autocast('cuda', args...)` instead.
  with torch.cuda.amp.autocast():
/home/norak/R&I/kxs-/train.py:169: FutureWarning: `torch.cuda.amp.autocast(args...)` is deprecated. Please use `torch.amp.autocast('cuda', args...)` instead.
  with torch.cuda.amp.autocast():
    epoch  5  train_loss=0.0309  val_loss=0.0281  val_qwk=0.7677  val_acc=0.5735
/home/norak/R&I/kxs-/train.py:148: FutureWarning: `torch.cuda.amp.autocast(args...)` is deprecated. Please use `torch.amp.autocast('cuda', args...)` instead.
  with torch.cuda.amp.autocast():
/home/norak/R&I/kxs-/train.py:169: FutureWarning: `torch.cuda.amp.autocast(args...)` is deprecated. Please use `torch.amp.autocast('cuda', args...)` instead.
  with torch.cuda.amp.autocast():
    epoch  6  train_loss=0.0268  val_loss=0.0223  val_qwk=0.8535  val_acc=0.7279
/home/norak/R&I/kxs-/train.py:148: FutureWarning: `torch.cuda.amp.autocast(args...)` is deprecated. Please use `torch.amp.autocast('cuda', args...)` instead.
  with torch.cuda.amp.autocast():
/home/norak/R&I/kxs-/train.py:169: FutureWarning: `torch.cuda.amp.autocast(args...)` is deprecated. Please use `torch.amp.autocast('cuda', args...)` instead.
  with torch.cuda.amp.autocast():
    epoch  7  train_loss=0.0257  val_loss=0.0218  val_qwk=0.8553  val_acc=0.7059
/home/norak/R&I/kxs-/train.py:148: FutureWarning: `torch.cuda.amp.autocast(args...)` is deprecated. Please use `torch.amp.autocast('cuda', args...)` instead.
  with torch.cuda.amp.autocast():
/home/norak/R&I/kxs-/train.py:169: FutureWarning: `torch.cuda.amp.autocast(args...)` is deprecated. Please use `torch.amp.autocast('cuda', args...)` instead.
  with torch.cuda.amp.autocast():
    epoch  8  train_loss=0.0220  val_loss=0.0227  val_qwk=0.8304  val_acc=0.6838
/home/norak/R&I/kxs-/train.py:148: FutureWarning: `torch.cuda.amp.autocast(args...)` is deprecated. Please use `torch.amp.autocast('cuda', args...)` instead.
  with torch.cuda.amp.autocast():
/home/norak/R&I/kxs-/train.py:169: FutureWarning: `torch.cuda.amp.autocast(args...)` is deprecated. Please use `torch.amp.autocast('cuda', args...)` instead.
  with torch.cuda.amp.autocast():
    epoch  9  train_loss=0.0207  val_loss=0.0214  val_qwk=0.8348  val_acc=0.7132
/home/norak/R&I/kxs-/train.py:148: FutureWarning: `torch.cuda.amp.autocast(args...)` is deprecated. Please use `torch.amp.autocast('cuda', args...)` instead.
  with torch.cuda.amp.autocast():
/home/norak/R&I/kxs-/train.py:169: FutureWarning: `torch.cuda.amp.autocast(args...)` is deprecated. Please use `torch.amp.autocast('cuda', args...)` instead.
  with torch.cuda.amp.autocast():
    epoch 10  train_loss=0.0188  val_loss=0.0210  val_qwk=0.8626  val_acc=0.7206
/home/norak/R&I/kxs-/train.py:148: FutureWarning: `torch.cuda.amp.autocast(args...)` is deprecated. Please use `torch.amp.autocast('cuda', args...)` instead.
  with torch.cuda.amp.autocast():
/home/norak/R&I/kxs-/train.py:169: FutureWarning: `torch.cuda.amp.autocast(args...)` is deprecated. Please use `torch.amp.autocast('cuda', args...)` instead.
  with torch.cuda.amp.autocast():
    epoch 11  train_loss=0.0179  val_loss=0.0209  val_qwk=0.8731  val_acc=0.7426
/home/norak/R&I/kxs-/train.py:148: FutureWarning: `torch.cuda.amp.autocast(args...)` is deprecated. Please use `torch.amp.autocast('cuda', args...)` instead.
  with torch.cuda.amp.autocast():
/home/norak/R&I/kxs-/train.py:169: FutureWarning: `torch.cuda.amp.autocast(args...)` is deprecated. Please use `torch.amp.autocast('cuda', args...)` instead.
  with torch.cuda.amp.autocast():
    epoch 12  train_loss=0.0175  val_loss=0.0222  val_qwk=0.8542  val_acc=0.6985
/home/norak/R&I/kxs-/train.py:148: FutureWarning: `torch.cuda.amp.autocast(args...)` is deprecated. Please use `torch.amp.autocast('cuda', args...)` instead.
  with torch.cuda.amp.autocast():
/home/norak/R&I/kxs-/train.py:169: FutureWarning: `torch.cuda.amp.autocast(args...)` is deprecated. Please use `torch.amp.autocast('cuda', args...)` instead.
  with torch.cuda.amp.autocast():
    epoch 13  train_loss=0.0164  val_loss=0.0204  val_qwk=0.8628  val_acc=0.7206
/home/norak/R&I/kxs-/train.py:148: FutureWarning: `torch.cuda.amp.autocast(args...)` is deprecated. Please use `torch.amp.autocast('cuda', args...)` instead.
  with torch.cuda.amp.autocast():
/home/norak/R&I/kxs-/train.py:169: FutureWarning: `torch.cuda.amp.autocast(args...)` is deprecated. Please use `torch.amp.autocast('cuda', args...)` instead.
  with torch.cuda.amp.autocast():
    epoch 14  train_loss=0.0138  val_loss=0.0227  val_qwk=0.8443  val_acc=0.6838
/home/norak/R&I/kxs-/train.py:148: FutureWarning: `torch.cuda.amp.autocast(args...)` is deprecated. Please use `torch.amp.autocast('cuda', args...)` instead.
  with torch.cuda.amp.autocast():
/home/norak/R&I/kxs-/train.py:169: FutureWarning: `torch.cuda.amp.autocast(args...)` is deprecated. Please use `torch.amp.autocast('cuda', args...)` instead.
  with torch.cuda.amp.autocast():
    epoch 15  train_loss=0.0114  val_loss=0.0220  val_qwk=0.8665  val_acc=0.7721
    early-stop at epoch 15 (best epoch=11, best_qwk=0.8731)
/home/norak/R&I/kxs-/train.py:169: FutureWarning: `torch.cuda.amp.autocast(args...)` is deprecated. Please use `torch.amp.autocast('cuda', args...)` instead.
  with torch.cuda.amp.autocast():
/home/norak/R&I/kxs-/train.py:169: FutureWarning: `torch.cuda.amp.autocast(args...)` is deprecated. Please use `torch.amp.autocast('cuda', args...)` instead.
  with torch.cuda.amp.autocast():
/home/norak/R&I/kxs-/train.py:169: FutureWarning: `torch.cuda.amp.autocast(args...)` is deprecated. Please use `torch.amp.autocast('cuda', args...)` instead.
  with torch.cuda.amp.autocast():
  [raw_ra_cross_gte                   ] train_qwk=0.8955 -> test_qwk=0.7657  raw_w1=0.7299  epoch=11  (75.3s)
Loading weights:   0%|          | 0/199 [00:00<?, ?it/s]Loading weights: 100%|██████████| 199/199 [00:00<00:00, 2741.23it/s]
[transformers] [1mBertModel LOAD REPORT[0m from: bert-base-multilingual-cased
Key                                        | Status     |  | 
-------------------------------------------+------------+--+-
cls.predictions.transform.dense.weight     | UNEXPECTED |  | 
cls.seq_relationship.weight                | UNEXPECTED |  | 
cls.seq_relationship.bias                  | UNEXPECTED |  | 
cls.predictions.transform.LayerNorm.bias   | UNEXPECTED |  | 
cls.predictions.bias                       | UNEXPECTED |  | 
cls.predictions.transform.dense.bias       | UNEXPECTED |  | 
cls.predictions.transform.LayerNorm.weight | UNEXPECTED |  | 

Notes:
- UNEXPECTED:	can be ignored when loading from different task/architecture; not ok if you expect identical arch.
/home/norak/R&I/kxs-/train.py:206: FutureWarning: `torch.cuda.amp.GradScaler(args...)` is deprecated. Please use `torch.amp.GradScaler('cuda', args...)` instead.
  scaler = torch.cuda.amp.GradScaler() if use_amp and device == "cuda" else None
/home/norak/R&I/kxs-/train.py:148: FutureWarning: `torch.cuda.amp.autocast(args...)` is deprecated. Please use `torch.amp.autocast('cuda', args...)` instead.
  with torch.cuda.amp.autocast():
/home/norak/R&I/kxs-/train.py:169: FutureWarning: `torch.cuda.amp.autocast(args...)` is deprecated. Please use `torch.amp.autocast('cuda', args...)` instead.
  with torch.cuda.amp.autocast():
    epoch  1  train_loss=0.0791  val_loss=0.0629  val_qwk=0.4921  val_acc=0.4926
/home/norak/R&I/kxs-/train.py:148: FutureWarning: `torch.cuda.amp.autocast(args...)` is deprecated. Please use `torch.amp.autocast('cuda', args...)` instead.
  with torch.cuda.amp.autocast():
/home/norak/R&I/kxs-/train.py:169: FutureWarning: `torch.cuda.amp.autocast(args...)` is deprecated. Please use `torch.amp.autocast('cuda', args...)` instead.
  with torch.cuda.amp.autocast():
    epoch  2  train_loss=0.0605  val_loss=0.0402  val_qwk=0.7195  val_acc=0.5882
/home/norak/R&I/kxs-/train.py:148: FutureWarning: `torch.cuda.amp.autocast(args...)` is deprecated. Please use `torch.amp.autocast('cuda', args...)` instead.
  with torch.cuda.amp.autocast():
/home/norak/R&I/kxs-/train.py:169: FutureWarning: `torch.cuda.amp.autocast(args...)` is deprecated. Please use `torch.amp.autocast('cuda', args...)` instead.
  with torch.cuda.amp.autocast():
    epoch  3  train_loss=0.0495  val_loss=0.0380  val_qwk=0.6882  val_acc=0.5735
/home/norak/R&I/kxs-/train.py:148: FutureWarning: `torch.cuda.amp.autocast(args...)` is deprecated. Please use `torch.amp.autocast('cuda', args...)` instead.
  with torch.cuda.amp.autocast():
/home/norak/R&I/kxs-/train.py:169: FutureWarning: `torch.cuda.amp.autocast(args...)` is deprecated. Please use `torch.amp.autocast('cuda', args...)` instead.
  with torch.cuda.amp.autocast():
    epoch  4  train_loss=0.0438  val_loss=0.0314  val_qwk=0.7557  val_acc=0.5809
/home/norak/R&I/kxs-/train.py:148: FutureWarning: `torch.cuda.amp.autocast(args...)` is deprecated. Please use `torch.amp.autocast('cuda', args...)` instead.
  with torch.cuda.amp.autocast():
/home/norak/R&I/kxs-/train.py:169: FutureWarning: `torch.cuda.amp.autocast(args...)` is deprecated. Please use `torch.amp.autocast('cuda', args...)` instead.
  with torch.cuda.amp.autocast():
    epoch  5  train_loss=0.0426  val_loss=0.0334  val_qwk=0.7743  val_acc=0.6838
/home/norak/R&I/kxs-/train.py:148: FutureWarning: `torch.cuda.amp.autocast(args...)` is deprecated. Please use `torch.amp.autocast('cuda', args...)` instead.
  with torch.cuda.amp.autocast():
/home/norak/R&I/kxs-/train.py:169: FutureWarning: `torch.cuda.amp.autocast(args...)` is deprecated. Please use `torch.amp.autocast('cuda', args...)` instead.
  with torch.cuda.amp.autocast():
    epoch  6  train_loss=0.0387  val_loss=0.0294  val_qwk=0.8103  val_acc=0.7206
/home/norak/R&I/kxs-/train.py:148: FutureWarning: `torch.cuda.amp.autocast(args...)` is deprecated. Please use `torch.amp.autocast('cuda', args...)` instead.
  with torch.cuda.amp.autocast():
/home/norak/R&I/kxs-/train.py:169: FutureWarning: `torch.cuda.amp.autocast(args...)` is deprecated. Please use `torch.amp.autocast('cuda', args...)` instead.
  with torch.cuda.amp.autocast():
    epoch  7  train_loss=0.0382  val_loss=0.0254  val_qwk=0.8331  val_acc=0.7132
/home/norak/R&I/kxs-/train.py:148: FutureWarning: `torch.cuda.amp.autocast(args...)` is deprecated. Please use `torch.amp.autocast('cuda', args...)` instead.
  with torch.cuda.amp.autocast():
/home/norak/R&I/kxs-/train.py:169: FutureWarning: `torch.cuda.amp.autocast(args...)` is deprecated. Please use `torch.amp.autocast('cuda', args...)` instead.
  with torch.cuda.amp.autocast():
    epoch  8  train_loss=0.0360  val_loss=0.0268  val_qwk=0.7981  val_acc=0.6765
/home/norak/R&I/kxs-/train.py:148: FutureWarning: `torch.cuda.amp.autocast(args...)` is deprecated. Please use `torch.amp.autocast('cuda', args...)` instead.
  with torch.cuda.amp.autocast():
/home/norak/R&I/kxs-/train.py:169: FutureWarning: `torch.cuda.amp.autocast(args...)` is deprecated. Please use `torch.amp.autocast('cuda', args...)` instead.
  with torch.cuda.amp.autocast():
    epoch  9  train_loss=0.0331  val_loss=0.0286  val_qwk=0.8121  val_acc=0.6691
/home/norak/R&I/kxs-/train.py:148: FutureWarning: `torch.cuda.amp.autocast(args...)` is deprecated. Please use `torch.amp.autocast('cuda', args...)` instead.
  with torch.cuda.amp.autocast():
/home/norak/R&I/kxs-/train.py:169: FutureWarning: `torch.cuda.amp.autocast(args...)` is deprecated. Please use `torch.amp.autocast('cuda', args...)` instead.
  with torch.cuda.amp.autocast():
    epoch 10  train_loss=0.0323  val_loss=0.0255  val_qwk=0.8212  val_acc=0.6838
/home/norak/R&I/kxs-/train.py:148: FutureWarning: `torch.cuda.amp.autocast(args...)` is deprecated. Please use `torch.amp.autocast('cuda', args...)` instead.
  with torch.cuda.amp.autocast():
/home/norak/R&I/kxs-/train.py:169: FutureWarning: `torch.cuda.amp.autocast(args...)` is deprecated. Please use `torch.amp.autocast('cuda', args...)` instead.
  with torch.cuda.amp.autocast():
    epoch 11  train_loss=0.0309  val_loss=0.0244  val_qwk=0.8104  val_acc=0.6912
    early-stop at epoch 11 (best epoch=7, best_qwk=0.8331)
/home/norak/R&I/kxs-/train.py:169: FutureWarning: `torch.cuda.amp.autocast(args...)` is deprecated. Please use `torch.amp.autocast('cuda', args...)` instead.
  with torch.cuda.amp.autocast():
/home/norak/R&I/kxs-/train.py:169: FutureWarning: `torch.cuda.amp.autocast(args...)` is deprecated. Please use `torch.amp.autocast('cuda', args...)` instead.
  with torch.cuda.amp.autocast():
/home/norak/R&I/kxs-/train.py:169: FutureWarning: `torch.cuda.amp.autocast(args...)` is deprecated. Please use `torch.amp.autocast('cuda', args...)` instead.
  with torch.cuda.amp.autocast():
  [raw_qar_dual_mbert                 ] train_qwk=0.7759 -> test_qwk=0.6491  raw_w1=0.6350  epoch=7  (66.0s)
Loading weights:   0%|          | 0/199 [00:00<?, ?it/s]Loading weights: 100%|██████████| 199/199 [00:00<00:00, 3568.26it/s]
[transformers] [1mXLMRobertaModel LOAD REPORT[0m from: xlm-roberta-base
Key                       | Status     |  | 
--------------------------+------------+--+-
lm_head.dense.weight      | UNEXPECTED |  | 
lm_head.layer_norm.weight | UNEXPECTED |  | 
lm_head.dense.bias        | UNEXPECTED |  | 
lm_head.layer_norm.bias   | UNEXPECTED |  | 
lm_head.bias              | UNEXPECTED |  | 

Notes:
- UNEXPECTED:	can be ignored when loading from different task/architecture; not ok if you expect identical arch.
/home/norak/R&I/kxs-/train.py:206: FutureWarning: `torch.cuda.amp.GradScaler(args...)` is deprecated. Please use `torch.amp.GradScaler('cuda', args...)` instead.
  scaler = torch.cuda.amp.GradScaler() if use_amp and device == "cuda" else None
/home/norak/R&I/kxs-/train.py:148: FutureWarning: `torch.cuda.amp.autocast(args...)` is deprecated. Please use `torch.amp.autocast('cuda', args...)` instead.
  with torch.cuda.amp.autocast():
/home/norak/R&I/kxs-/train.py:169: FutureWarning: `torch.cuda.amp.autocast(args...)` is deprecated. Please use `torch.amp.autocast('cuda', args...)` instead.
  with torch.cuda.amp.autocast():
    epoch  1  train_loss=0.1075  val_loss=0.0739  val_qwk=0.0000  val_acc=0.1324
/home/norak/R&I/kxs-/train.py:148: FutureWarning: `torch.cuda.amp.autocast(args...)` is deprecated. Please use `torch.amp.autocast('cuda', args...)` instead.
  with torch.cuda.amp.autocast():
/home/norak/R&I/kxs-/train.py:169: FutureWarning: `torch.cuda.amp.autocast(args...)` is deprecated. Please use `torch.amp.autocast('cuda', args...)` instead.
  with torch.cuda.amp.autocast():
    epoch  2  train_loss=0.0688  val_loss=0.0506  val_qwk=0.6357  val_acc=0.5662
/home/norak/R&I/kxs-/train.py:148: FutureWarning: `torch.cuda.amp.autocast(args...)` is deprecated. Please use `torch.amp.autocast('cuda', args...)` instead.
  with torch.cuda.amp.autocast():
/home/norak/R&I/kxs-/train.py:169: FutureWarning: `torch.cuda.amp.autocast(args...)` is deprecated. Please use `torch.amp.autocast('cuda', args...)` instead.
  with torch.cuda.amp.autocast():
    epoch  3  train_loss=0.0605  val_loss=0.0488  val_qwk=0.4697  val_acc=0.3456
/home/norak/R&I/kxs-/train.py:148: FutureWarning: `torch.cuda.amp.autocast(args...)` is deprecated. Please use `torch.amp.autocast('cuda', args...)` instead.
  with torch.cuda.amp.autocast():
/home/norak/R&I/kxs-/train.py:169: FutureWarning: `torch.cuda.amp.autocast(args...)` is deprecated. Please use `torch.amp.autocast('cuda', args...)` instead.
  with torch.cuda.amp.autocast():
    epoch  4  train_loss=0.0546  val_loss=0.0501  val_qwk=0.6032  val_acc=0.5882
/home/norak/R&I/kxs-/train.py:148: FutureWarning: `torch.cuda.amp.autocast(args...)` is deprecated. Please use `torch.amp.autocast('cuda', args...)` instead.
  with torch.cuda.amp.autocast():
/home/norak/R&I/kxs-/train.py:169: FutureWarning: `torch.cuda.amp.autocast(args...)` is deprecated. Please use `torch.amp.autocast('cuda', args...)` instead.
  with torch.cuda.amp.autocast():
    epoch  5  train_loss=0.0518  val_loss=0.0308  val_qwk=0.7657  val_acc=0.6471
/home/norak/R&I/kxs-/train.py:148: FutureWarning: `torch.cuda.amp.autocast(args...)` is deprecated. Please use `torch.amp.autocast('cuda', args...)` instead.
  with torch.cuda.amp.autocast():
/home/norak/R&I/kxs-/train.py:169: FutureWarning: `torch.cuda.amp.autocast(args...)` is deprecated. Please use `torch.amp.autocast('cuda', args...)` instead.
  with torch.cuda.amp.autocast():
    epoch  6  train_loss=0.0435  val_loss=0.0419  val_qwk=0.6874  val_acc=0.6029
/home/norak/R&I/kxs-/train.py:148: FutureWarning: `torch.cuda.amp.autocast(args...)` is deprecated. Please use `torch.amp.autocast('cuda', args...)` instead.
  with torch.cuda.amp.autocast():
/home/norak/R&I/kxs-/train.py:169: FutureWarning: `torch.cuda.amp.autocast(args...)` is deprecated. Please use `torch.amp.autocast('cuda', args...)` instead.
  with torch.cuda.amp.autocast():
    epoch  7  train_loss=0.0382  val_loss=0.0270  val_qwk=0.8167  val_acc=0.6691
/home/norak/R&I/kxs-/train.py:148: FutureWarning: `torch.cuda.amp.autocast(args...)` is deprecated. Please use `torch.amp.autocast('cuda', args...)` instead.
  with torch.cuda.amp.autocast():
/home/norak/R&I/kxs-/train.py:169: FutureWarning: `torch.cuda.amp.autocast(args...)` is deprecated. Please use `torch.amp.autocast('cuda', args...)` instead.
  with torch.cuda.amp.autocast():
    epoch  8  train_loss=0.0344  val_loss=0.0266  val_qwk=0.8159  val_acc=0.6912
/home/norak/R&I/kxs-/train.py:148: FutureWarning: `torch.cuda.amp.autocast(args...)` is deprecated. Please use `torch.amp.autocast('cuda', args...)` instead.
  with torch.cuda.amp.autocast():
/home/norak/R&I/kxs-/train.py:169: FutureWarning: `torch.cuda.amp.autocast(args...)` is deprecated. Please use `torch.amp.autocast('cuda', args...)` instead.
  with torch.cuda.amp.autocast():
    epoch  9  train_loss=0.0337  val_loss=0.0253  val_qwk=0.8389  val_acc=0.7132
/home/norak/R&I/kxs-/train.py:148: FutureWarning: `torch.cuda.amp.autocast(args...)` is deprecated. Please use `torch.amp.autocast('cuda', args...)` instead.
  with torch.cuda.amp.autocast():
/home/norak/R&I/kxs-/train.py:169: FutureWarning: `torch.cuda.amp.autocast(args...)` is deprecated. Please use `torch.amp.autocast('cuda', args...)` instead.
  with torch.cuda.amp.autocast():
    epoch 10  train_loss=0.0282  val_loss=0.0238  val_qwk=0.8393  val_acc=0.7426
/home/norak/R&I/kxs-/train.py:148: FutureWarning: `torch.cuda.amp.autocast(args...)` is deprecated. Please use `torch.amp.autocast('cuda', args...)` instead.
  with torch.cuda.amp.autocast():
/home/norak/R&I/kxs-/train.py:169: FutureWarning: `torch.cuda.amp.autocast(args...)` is deprecated. Please use `torch.amp.autocast('cuda', args...)` instead.
  with torch.cuda.amp.autocast():
    epoch 11  train_loss=0.0251  val_loss=0.0245  val_qwk=0.8117  val_acc=0.6544
/home/norak/R&I/kxs-/train.py:148: FutureWarning: `torch.cuda.amp.autocast(args...)` is deprecated. Please use `torch.amp.autocast('cuda', args...)` instead.
  with torch.cuda.amp.autocast():
/home/norak/R&I/kxs-/train.py:169: FutureWarning: `torch.cuda.amp.autocast(args...)` is deprecated. Please use `torch.amp.autocast('cuda', args...)` instead.
  with torch.cuda.amp.autocast():
    epoch 12  train_loss=0.0239  val_loss=0.0255  val_qwk=0.8227  val_acc=0.6691
/home/norak/R&I/kxs-/train.py:148: FutureWarning: `torch.cuda.amp.autocast(args...)` is deprecated. Please use `torch.amp.autocast('cuda', args...)` instead.
  with torch.cuda.amp.autocast():
/home/norak/R&I/kxs-/train.py:169: FutureWarning: `torch.cuda.amp.autocast(args...)` is deprecated. Please use `torch.amp.autocast('cuda', args...)` instead.
  with torch.cuda.amp.autocast():
    epoch 13  train_loss=0.0210  val_loss=0.0243  val_qwk=0.8755  val_acc=0.7794
/home/norak/R&I/kxs-/train.py:148: FutureWarning: `torch.cuda.amp.autocast(args...)` is deprecated. Please use `torch.amp.autocast('cuda', args...)` instead.
  with torch.cuda.amp.autocast():
/home/norak/R&I/kxs-/train.py:169: FutureWarning: `torch.cuda.amp.autocast(args...)` is deprecated. Please use `torch.amp.autocast('cuda', args...)` instead.
  with torch.cuda.amp.autocast():
    epoch 14  train_loss=0.0192  val_loss=0.0224  val_qwk=0.8444  val_acc=0.7206
/home/norak/R&I/kxs-/train.py:148: FutureWarning: `torch.cuda.amp.autocast(args...)` is deprecated. Please use `torch.amp.autocast('cuda', args...)` instead.
  with torch.cuda.amp.autocast():
/home/norak/R&I/kxs-/train.py:169: FutureWarning: `torch.cuda.amp.autocast(args...)` is deprecated. Please use `torch.amp.autocast('cuda', args...)` instead.
  with torch.cuda.amp.autocast():
    epoch 15  train_loss=0.0180  val_loss=0.0230  val_qwk=0.8511  val_acc=0.7574
/home/norak/R&I/kxs-/train.py:148: FutureWarning: `torch.cuda.amp.autocast(args...)` is deprecated. Please use `torch.amp.autocast('cuda', args...)` instead.
  with torch.cuda.amp.autocast():
/home/norak/R&I/kxs-/train.py:169: FutureWarning: `torch.cuda.amp.autocast(args...)` is deprecated. Please use `torch.amp.autocast('cuda', args...)` instead.
  with torch.cuda.amp.autocast():
    epoch 16  train_loss=0.0167  val_loss=0.0251  val_qwk=0.8491  val_acc=0.7574
/home/norak/R&I/kxs-/train.py:148: FutureWarning: `torch.cuda.amp.autocast(args...)` is deprecated. Please use `torch.amp.autocast('cuda', args...)` instead.
  with torch.cuda.amp.autocast():
/home/norak/R&I/kxs-/train.py:169: FutureWarning: `torch.cuda.amp.autocast(args...)` is deprecated. Please use `torch.amp.autocast('cuda', args...)` instead.
  with torch.cuda.amp.autocast():
    epoch 17  train_loss=0.0178  val_loss=0.0250  val_qwk=0.8525  val_acc=0.7574
    early-stop at epoch 17 (best epoch=13, best_qwk=0.8755)
/home/norak/R&I/kxs-/train.py:169: FutureWarning: `torch.cuda.amp.autocast(args...)` is deprecated. Please use `torch.amp.autocast('cuda', args...)` instead.
  with torch.cuda.amp.autocast():
/home/norak/R&I/kxs-/train.py:169: FutureWarning: `torch.cuda.amp.autocast(args...)` is deprecated. Please use `torch.amp.autocast('cuda', args...)` instead.
  with torch.cuda.amp.autocast():
/home/norak/R&I/kxs-/train.py:169: FutureWarning: `torch.cuda.amp.autocast(args...)` is deprecated. Please use `torch.amp.autocast('cuda', args...)` instead.
  with torch.cuda.amp.autocast():
  [raw_qar_dual_xlmr                  ] train_qwk=0.9021 -> test_qwk=0.7660  raw_w1=0.7153  epoch=13  (99.7s)
Loading weights:   0%|          | 0/136 [00:00<?, ?it/s]Loading weights:   3%|▎         | 4/136 [00:00<00:03, 33.05it/s]Loading weights: 100%|██████████| 136/136 [00:00<00:00, 965.12it/s]
[transformers] [1mNewModel LOAD REPORT[0m from: Alibaba-NLP/gte-multilingual-base
Key               | Status     |  | 
------------------+------------+--+-
classifier.bias   | UNEXPECTED |  | 
classifier.weight | UNEXPECTED |  | 

Notes:
- UNEXPECTED:	can be ignored when loading from different task/architecture; not ok if you expect identical arch.
/home/norak/R&I/kxs-/train.py:206: FutureWarning: `torch.cuda.amp.GradScaler(args...)` is deprecated. Please use `torch.amp.GradScaler('cuda', args...)` instead.
  scaler = torch.cuda.amp.GradScaler() if use_amp and device == "cuda" else None
/home/norak/R&I/kxs-/train.py:148: FutureWarning: `torch.cuda.amp.autocast(args...)` is deprecated. Please use `torch.amp.autocast('cuda', args...)` instead.
  with torch.cuda.amp.autocast():
/home/norak/R&I/kxs-/train.py:169: FutureWarning: `torch.cuda.amp.autocast(args...)` is deprecated. Please use `torch.amp.autocast('cuda', args...)` instead.
  with torch.cuda.amp.autocast():
    epoch  1  train_loss=0.0822  val_loss=0.0499  val_qwk=0.5576  val_acc=0.4779
/home/norak/R&I/kxs-/train.py:148: FutureWarning: `torch.cuda.amp.autocast(args...)` is deprecated. Please use `torch.amp.autocast('cuda', args...)` instead.
  with torch.cuda.amp.autocast():
/home/norak/R&I/kxs-/train.py:169: FutureWarning: `torch.cuda.amp.autocast(args...)` is deprecated. Please use `torch.amp.autocast('cuda', args...)` instead.
  with torch.cuda.amp.autocast():
    epoch  2  train_loss=0.0491  val_loss=0.0314  val_qwk=0.7321  val_acc=0.6029
/home/norak/R&I/kxs-/train.py:148: FutureWarning: `torch.cuda.amp.autocast(args...)` is deprecated. Please use `torch.amp.autocast('cuda', args...)` instead.
  with torch.cuda.amp.autocast():
/home/norak/R&I/kxs-/train.py:169: FutureWarning: `torch.cuda.amp.autocast(args...)` is deprecated. Please use `torch.amp.autocast('cuda', args...)` instead.
  with torch.cuda.amp.autocast():
    epoch  3  train_loss=0.0362  val_loss=0.0277  val_qwk=0.8220  val_acc=0.6691
/home/norak/R&I/kxs-/train.py:148: FutureWarning: `torch.cuda.amp.autocast(args...)` is deprecated. Please use `torch.amp.autocast('cuda', args...)` instead.
  with torch.cuda.amp.autocast():
/home/norak/R&I/kxs-/train.py:169: FutureWarning: `torch.cuda.amp.autocast(args...)` is deprecated. Please use `torch.amp.autocast('cuda', args...)` instead.
  with torch.cuda.amp.autocast():
    epoch  4  train_loss=0.0297  val_loss=0.0244  val_qwk=0.8144  val_acc=0.6912
/home/norak/R&I/kxs-/train.py:148: FutureWarning: `torch.cuda.amp.autocast(args...)` is deprecated. Please use `torch.amp.autocast('cuda', args...)` instead.
  with torch.cuda.amp.autocast():
/home/norak/R&I/kxs-/train.py:169: FutureWarning: `torch.cuda.amp.autocast(args...)` is deprecated. Please use `torch.amp.autocast('cuda', args...)` instead.
  with torch.cuda.amp.autocast():
    epoch  5  train_loss=0.0257  val_loss=0.0225  val_qwk=0.8601  val_acc=0.6985
/home/norak/R&I/kxs-/train.py:148: FutureWarning: `torch.cuda.amp.autocast(args...)` is deprecated. Please use `torch.amp.autocast('cuda', args...)` instead.
  with torch.cuda.amp.autocast():
/home/norak/R&I/kxs-/train.py:169: FutureWarning: `torch.cuda.amp.autocast(args...)` is deprecated. Please use `torch.amp.autocast('cuda', args...)` instead.
  with torch.cuda.amp.autocast():
    epoch  6  train_loss=0.0218  val_loss=0.0261  val_qwk=0.8306  val_acc=0.7206
/home/norak/R&I/kxs-/train.py:148: FutureWarning: `torch.cuda.amp.autocast(args...)` is deprecated. Please use `torch.amp.autocast('cuda', args...)` instead.
  with torch.cuda.amp.autocast():
/home/norak/R&I/kxs-/train.py:169: FutureWarning: `torch.cuda.amp.autocast(args...)` is deprecated. Please use `torch.amp.autocast('cuda', args...)` instead.
  with torch.cuda.amp.autocast():
    epoch  7  train_loss=0.0179  val_loss=0.0214  val_qwk=0.8688  val_acc=0.7574
/home/norak/R&I/kxs-/train.py:148: FutureWarning: `torch.cuda.amp.autocast(args...)` is deprecated. Please use `torch.amp.autocast('cuda', args...)` instead.
  with torch.cuda.amp.autocast():
/home/norak/R&I/kxs-/train.py:169: FutureWarning: `torch.cuda.amp.autocast(args...)` is deprecated. Please use `torch.amp.autocast('cuda', args...)` instead.
  with torch.cuda.amp.autocast():
    epoch  8  train_loss=0.0157  val_loss=0.0236  val_qwk=0.8466  val_acc=0.7353
/home/norak/R&I/kxs-/train.py:148: FutureWarning: `torch.cuda.amp.autocast(args...)` is deprecated. Please use `torch.amp.autocast('cuda', args...)` instead.
  with torch.cuda.amp.autocast():
/home/norak/R&I/kxs-/train.py:169: FutureWarning: `torch.cuda.amp.autocast(args...)` is deprecated. Please use `torch.amp.autocast('cuda', args...)` instead.
  with torch.cuda.amp.autocast():
    epoch  9  train_loss=0.0127  val_loss=0.0265  val_qwk=0.8491  val_acc=0.7721
/home/norak/R&I/kxs-/train.py:148: FutureWarning: `torch.cuda.amp.autocast(args...)` is deprecated. Please use `torch.amp.autocast('cuda', args...)` instead.
  with torch.cuda.amp.autocast():
/home/norak/R&I/kxs-/train.py:169: FutureWarning: `torch.cuda.amp.autocast(args...)` is deprecated. Please use `torch.amp.autocast('cuda', args...)` instead.
  with torch.cuda.amp.autocast():
    epoch 10  train_loss=0.0117  val_loss=0.0259  val_qwk=0.8325  val_acc=0.7500
/home/norak/R&I/kxs-/train.py:148: FutureWarning: `torch.cuda.amp.autocast(args...)` is deprecated. Please use `torch.amp.autocast('cuda', args...)` instead.
  with torch.cuda.amp.autocast():
/home/norak/R&I/kxs-/train.py:169: FutureWarning: `torch.cuda.amp.autocast(args...)` is deprecated. Please use `torch.amp.autocast('cuda', args...)` instead.
  with torch.cuda.amp.autocast():
    epoch 11  train_loss=0.0136  val_loss=0.0261  val_qwk=0.8573  val_acc=0.7574
    early-stop at epoch 11 (best epoch=7, best_qwk=0.8688)
/home/norak/R&I/kxs-/train.py:169: FutureWarning: `torch.cuda.amp.autocast(args...)` is deprecated. Please use `torch.amp.autocast('cuda', args...)` instead.
  with torch.cuda.amp.autocast():
/home/norak/R&I/kxs-/train.py:169: FutureWarning: `torch.cuda.amp.autocast(args...)` is deprecated. Please use `torch.amp.autocast('cuda', args...)` instead.
  with torch.cuda.amp.autocast():
/home/norak/R&I/kxs-/train.py:169: FutureWarning: `torch.cuda.amp.autocast(args...)` is deprecated. Please use `torch.amp.autocast('cuda', args...)` instead.
  with torch.cuda.amp.autocast():
  [raw_qar_dual_gte                   ] train_qwk=0.9073 -> test_qwk=0.8061  raw_w1=0.7299  epoch=7  (83.2s)
Loading weights:   0%|          | 0/199 [00:00<?, ?it/s]Loading weights: 100%|██████████| 199/199 [00:00<00:00, 3432.81it/s]
[transformers] [1mBertModel LOAD REPORT[0m from: bert-base-multilingual-cased
Key                                        | Status     |  | 
-------------------------------------------+------------+--+-
cls.predictions.transform.dense.weight     | UNEXPECTED |  | 
cls.seq_relationship.weight                | UNEXPECTED |  | 
cls.seq_relationship.bias                  | UNEXPECTED |  | 
cls.predictions.transform.LayerNorm.bias   | UNEXPECTED |  | 
cls.predictions.bias                       | UNEXPECTED |  | 
cls.predictions.transform.dense.bias       | UNEXPECTED |  | 
cls.predictions.transform.LayerNorm.weight | UNEXPECTED |  | 

Notes:
- UNEXPECTED:	can be ignored when loading from different task/architecture; not ok if you expect identical arch.
/home/norak/R&I/kxs-/train.py:206: FutureWarning: `torch.cuda.amp.GradScaler(args...)` is deprecated. Please use `torch.amp.GradScaler('cuda', args...)` instead.
  scaler = torch.cuda.amp.GradScaler() if use_amp and device == "cuda" else None
/home/norak/R&I/kxs-/train.py:148: FutureWarning: `torch.cuda.amp.autocast(args...)` is deprecated. Please use `torch.amp.autocast('cuda', args...)` instead.
  with torch.cuda.amp.autocast():
/home/norak/R&I/kxs-/train.py:169: FutureWarning: `torch.cuda.amp.autocast(args...)` is deprecated. Please use `torch.amp.autocast('cuda', args...)` instead.
  with torch.cuda.amp.autocast():
    epoch  1  train_loss=0.0894  val_loss=0.0743  val_qwk=0.1297  val_acc=0.1397
/home/norak/R&I/kxs-/train.py:148: FutureWarning: `torch.cuda.amp.autocast(args...)` is deprecated. Please use `torch.amp.autocast('cuda', args...)` instead.
  with torch.cuda.amp.autocast():
/home/norak/R&I/kxs-/train.py:169: FutureWarning: `torch.cuda.amp.autocast(args...)` is deprecated. Please use `torch.amp.autocast('cuda', args...)` instead.
  with torch.cuda.amp.autocast():
    epoch  2  train_loss=0.0707  val_loss=0.0609  val_qwk=0.4395  val_acc=0.3750
/home/norak/R&I/kxs-/train.py:148: FutureWarning: `torch.cuda.amp.autocast(args...)` is deprecated. Please use `torch.amp.autocast('cuda', args...)` instead.
  with torch.cuda.amp.autocast():
/home/norak/R&I/kxs-/train.py:169: FutureWarning: `torch.cuda.amp.autocast(args...)` is deprecated. Please use `torch.amp.autocast('cuda', args...)` instead.
  with torch.cuda.amp.autocast():
    epoch  3  train_loss=0.0617  val_loss=0.0513  val_qwk=0.6370  val_acc=0.5515
/home/norak/R&I/kxs-/train.py:148: FutureWarning: `torch.cuda.amp.autocast(args...)` is deprecated. Please use `torch.amp.autocast('cuda', args...)` instead.
  with torch.cuda.amp.autocast():
/home/norak/R&I/kxs-/train.py:169: FutureWarning: `torch.cuda.amp.autocast(args...)` is deprecated. Please use `torch.amp.autocast('cuda', args...)` instead.
  with torch.cuda.amp.autocast():
    epoch  4  train_loss=0.0542  val_loss=0.0505  val_qwk=0.6589  val_acc=0.6029
/home/norak/R&I/kxs-/train.py:148: FutureWarning: `torch.cuda.amp.autocast(args...)` is deprecated. Please use `torch.amp.autocast('cuda', args...)` instead.
  with torch.cuda.amp.autocast():
/home/norak/R&I/kxs-/train.py:169: FutureWarning: `torch.cuda.amp.autocast(args...)` is deprecated. Please use `torch.amp.autocast('cuda', args...)` instead.
  with torch.cuda.amp.autocast():
    epoch  5  train_loss=0.0482  val_loss=0.0479  val_qwk=0.6393  val_acc=0.6397
/home/norak/R&I/kxs-/train.py:148: FutureWarning: `torch.cuda.amp.autocast(args...)` is deprecated. Please use `torch.amp.autocast('cuda', args...)` instead.
  with torch.cuda.amp.autocast():
/home/norak/R&I/kxs-/train.py:169: FutureWarning: `torch.cuda.amp.autocast(args...)` is deprecated. Please use `torch.amp.autocast('cuda', args...)` instead.
  with torch.cuda.amp.autocast():
    epoch  6  train_loss=0.0460  val_loss=0.0366  val_qwk=0.7482  val_acc=0.6912
/home/norak/R&I/kxs-/train.py:148: FutureWarning: `torch.cuda.amp.autocast(args...)` is deprecated. Please use `torch.amp.autocast('cuda', args...)` instead.
  with torch.cuda.amp.autocast():
/home/norak/R&I/kxs-/train.py:169: FutureWarning: `torch.cuda.amp.autocast(args...)` is deprecated. Please use `torch.amp.autocast('cuda', args...)` instead.
  with torch.cuda.amp.autocast():
    epoch  7  train_loss=0.0425  val_loss=0.0308  val_qwk=0.7868  val_acc=0.6618
/home/norak/R&I/kxs-/train.py:148: FutureWarning: `torch.cuda.amp.autocast(args...)` is deprecated. Please use `torch.amp.autocast('cuda', args...)` instead.
  with torch.cuda.amp.autocast():
/home/norak/R&I/kxs-/train.py:169: FutureWarning: `torch.cuda.amp.autocast(args...)` is deprecated. Please use `torch.amp.autocast('cuda', args...)` instead.
  with torch.cuda.amp.autocast():
    epoch  8  train_loss=0.0403  val_loss=0.0379  val_qwk=0.7157  val_acc=0.6471
/home/norak/R&I/kxs-/train.py:148: FutureWarning: `torch.cuda.amp.autocast(args...)` is deprecated. Please use `torch.amp.autocast('cuda', args...)` instead.
  with torch.cuda.amp.autocast():
/home/norak/R&I/kxs-/train.py:169: FutureWarning: `torch.cuda.amp.autocast(args...)` is deprecated. Please use `torch.amp.autocast('cuda', args...)` instead.
  with torch.cuda.amp.autocast():
    epoch  9  train_loss=0.0379  val_loss=0.0418  val_qwk=0.6638  val_acc=0.5588
/home/norak/R&I/kxs-/train.py:148: FutureWarning: `torch.cuda.amp.autocast(args...)` is deprecated. Please use `torch.amp.autocast('cuda', args...)` instead.
  with torch.cuda.amp.autocast():
/home/norak/R&I/kxs-/train.py:169: FutureWarning: `torch.cuda.amp.autocast(args...)` is deprecated. Please use `torch.amp.autocast('cuda', args...)` instead.
  with torch.cuda.amp.autocast():
    epoch 10  train_loss=0.0372  val_loss=0.0335  val_qwk=0.7576  val_acc=0.6985
/home/norak/R&I/kxs-/train.py:148: FutureWarning: `torch.cuda.amp.autocast(args...)` is deprecated. Please use `torch.amp.autocast('cuda', args...)` instead.
  with torch.cuda.amp.autocast():
/home/norak/R&I/kxs-/train.py:169: FutureWarning: `torch.cuda.amp.autocast(args...)` is deprecated. Please use `torch.amp.autocast('cuda', args...)` instead.
  with torch.cuda.amp.autocast():
    epoch 11  train_loss=0.0330  val_loss=0.0296  val_qwk=0.7868  val_acc=0.7279
/home/norak/R&I/kxs-/train.py:148: FutureWarning: `torch.cuda.amp.autocast(args...)` is deprecated. Please use `torch.amp.autocast('cuda', args...)` instead.
  with torch.cuda.amp.autocast():
/home/norak/R&I/kxs-/train.py:169: FutureWarning: `torch.cuda.amp.autocast(args...)` is deprecated. Please use `torch.amp.autocast('cuda', args...)` instead.
  with torch.cuda.amp.autocast():
    epoch 12  train_loss=0.0327  val_loss=0.0278  val_qwk=0.8162  val_acc=0.7279
/home/norak/R&I/kxs-/train.py:148: FutureWarning: `torch.cuda.amp.autocast(args...)` is deprecated. Please use `torch.amp.autocast('cuda', args...)` instead.
  with torch.cuda.amp.autocast():
/home/norak/R&I/kxs-/train.py:169: FutureWarning: `torch.cuda.amp.autocast(args...)` is deprecated. Please use `torch.amp.autocast('cuda', args...)` instead.
  with torch.cuda.amp.autocast():
    epoch 13  train_loss=0.0309  val_loss=0.0318  val_qwk=0.7918  val_acc=0.7500
/home/norak/R&I/kxs-/train.py:148: FutureWarning: `torch.cuda.amp.autocast(args...)` is deprecated. Please use `torch.amp.autocast('cuda', args...)` instead.
  with torch.cuda.amp.autocast():
/home/norak/R&I/kxs-/train.py:169: FutureWarning: `torch.cuda.amp.autocast(args...)` is deprecated. Please use `torch.amp.autocast('cuda', args...)` instead.
  with torch.cuda.amp.autocast():
    epoch 14  train_loss=0.0322  val_loss=0.0333  val_qwk=0.7520  val_acc=0.6838
/home/norak/R&I/kxs-/train.py:148: FutureWarning: `torch.cuda.amp.autocast(args...)` is deprecated. Please use `torch.amp.autocast('cuda', args...)` instead.
  with torch.cuda.amp.autocast():
/home/norak/R&I/kxs-/train.py:169: FutureWarning: `torch.cuda.amp.autocast(args...)` is deprecated. Please use `torch.amp.autocast('cuda', args...)` instead.
  with torch.cuda.amp.autocast():
    epoch 15  train_loss=0.0297  val_loss=0.0272  val_qwk=0.8122  val_acc=0.7279
/home/norak/R&I/kxs-/train.py:148: FutureWarning: `torch.cuda.amp.autocast(args...)` is deprecated. Please use `torch.amp.autocast('cuda', args...)` instead.
  with torch.cuda.amp.autocast():
/home/norak/R&I/kxs-/train.py:169: FutureWarning: `torch.cuda.amp.autocast(args...)` is deprecated. Please use `torch.amp.autocast('cuda', args...)` instead.
  with torch.cuda.amp.autocast():
    epoch 16  train_loss=0.0311  val_loss=0.0249  val_qwk=0.8220  val_acc=0.7059
/home/norak/R&I/kxs-/train.py:148: FutureWarning: `torch.cuda.amp.autocast(args...)` is deprecated. Please use `torch.amp.autocast('cuda', args...)` instead.
  with torch.cuda.amp.autocast():
/home/norak/R&I/kxs-/train.py:169: FutureWarning: `torch.cuda.amp.autocast(args...)` is deprecated. Please use `torch.amp.autocast('cuda', args...)` instead.
  with torch.cuda.amp.autocast():
    epoch 17  train_loss=0.0293  val_loss=0.0298  val_qwk=0.8020  val_acc=0.7279
/home/norak/R&I/kxs-/train.py:148: FutureWarning: `torch.cuda.amp.autocast(args...)` is deprecated. Please use `torch.amp.autocast('cuda', args...)` instead.
  with torch.cuda.amp.autocast():
/home/norak/R&I/kxs-/train.py:169: FutureWarning: `torch.cuda.amp.autocast(args...)` is deprecated. Please use `torch.amp.autocast('cuda', args...)` instead.
  with torch.cuda.amp.autocast():
    epoch 18  train_loss=0.0288  val_loss=0.0303  val_qwk=0.7810  val_acc=0.7426
/home/norak/R&I/kxs-/train.py:148: FutureWarning: `torch.cuda.amp.autocast(args...)` is deprecated. Please use `torch.amp.autocast('cuda', args...)` instead.
  with torch.cuda.amp.autocast():
/home/norak/R&I/kxs-/train.py:169: FutureWarning: `torch.cuda.amp.autocast(args...)` is deprecated. Please use `torch.amp.autocast('cuda', args...)` instead.
  with torch.cuda.amp.autocast():
    epoch 19  train_loss=0.0253  val_loss=0.0317  val_qwk=0.7590  val_acc=0.6618
/home/norak/R&I/kxs-/train.py:148: FutureWarning: `torch.cuda.amp.autocast(args...)` is deprecated. Please use `torch.amp.autocast('cuda', args...)` instead.
  with torch.cuda.amp.autocast():
/home/norak/R&I/kxs-/train.py:169: FutureWarning: `torch.cuda.amp.autocast(args...)` is deprecated. Please use `torch.amp.autocast('cuda', args...)` instead.
  with torch.cuda.amp.autocast():
    epoch 20  train_loss=0.0255  val_loss=0.0321  val_qwk=0.7906  val_acc=0.6985
    early-stop at epoch 20 (best epoch=16, best_qwk=0.8220)
/home/norak/R&I/kxs-/train.py:169: FutureWarning: `torch.cuda.amp.autocast(args...)` is deprecated. Please use `torch.amp.autocast('cuda', args...)` instead.
  with torch.cuda.amp.autocast():
/home/norak/R&I/kxs-/train.py:169: FutureWarning: `torch.cuda.amp.autocast(args...)` is deprecated. Please use `torch.amp.autocast('cuda', args...)` instead.
  with torch.cuda.amp.autocast():
/home/norak/R&I/kxs-/train.py:169: FutureWarning: `torch.cuda.amp.autocast(args...)` is deprecated. Please use `torch.amp.autocast('cuda', args...)` instead.
  with torch.cuda.amp.autocast():
  [raw_qar_cross_mbert                ] train_qwk=0.8187 -> test_qwk=0.6428  raw_w1=0.6131  epoch=16  (70.9s)
Loading weights:   0%|          | 0/199 [00:00<?, ?it/s]Loading weights: 100%|██████████| 199/199 [00:00<00:00, 2990.40it/s]
[transformers] [1mXLMRobertaModel LOAD REPORT[0m from: xlm-roberta-base
Key                       | Status     |  | 
--------------------------+------------+--+-
lm_head.dense.weight      | UNEXPECTED |  | 
lm_head.layer_norm.weight | UNEXPECTED |  | 
lm_head.dense.bias        | UNEXPECTED |  | 
lm_head.layer_norm.bias   | UNEXPECTED |  | 
lm_head.bias              | UNEXPECTED |  | 

Notes:
- UNEXPECTED:	can be ignored when loading from different task/architecture; not ok if you expect identical arch.
/home/norak/R&I/kxs-/train.py:206: FutureWarning: `torch.cuda.amp.GradScaler(args...)` is deprecated. Please use `torch.amp.GradScaler('cuda', args...)` instead.
  scaler = torch.cuda.amp.GradScaler() if use_amp and device == "cuda" else None
/home/norak/R&I/kxs-/train.py:148: FutureWarning: `torch.cuda.amp.autocast(args...)` is deprecated. Please use `torch.amp.autocast('cuda', args...)` instead.
  with torch.cuda.amp.autocast():
/home/norak/R&I/kxs-/train.py:169: FutureWarning: `torch.cuda.amp.autocast(args...)` is deprecated. Please use `torch.amp.autocast('cuda', args...)` instead.
  with torch.cuda.amp.autocast():
    epoch  1  train_loss=0.0954  val_loss=0.0958  val_qwk=0.0482  val_acc=0.1397
/home/norak/R&I/kxs-/train.py:148: FutureWarning: `torch.cuda.amp.autocast(args...)` is deprecated. Please use `torch.amp.autocast('cuda', args...)` instead.
  with torch.cuda.amp.autocast():
/home/norak/R&I/kxs-/train.py:169: FutureWarning: `torch.cuda.amp.autocast(args...)` is deprecated. Please use `torch.amp.autocast('cuda', args...)` instead.
  with torch.cuda.amp.autocast():
    epoch  2  train_loss=0.0879  val_loss=0.0940  val_qwk=0.0000  val_acc=0.1324
/home/norak/R&I/kxs-/train.py:148: FutureWarning: `torch.cuda.amp.autocast(args...)` is deprecated. Please use `torch.amp.autocast('cuda', args...)` instead.
  with torch.cuda.amp.autocast():
/home/norak/R&I/kxs-/train.py:169: FutureWarning: `torch.cuda.amp.autocast(args...)` is deprecated. Please use `torch.amp.autocast('cuda', args...)` instead.
  with torch.cuda.amp.autocast():
    epoch  3  train_loss=0.0671  val_loss=0.0535  val_qwk=0.5741  val_acc=0.5147
/home/norak/R&I/kxs-/train.py:148: FutureWarning: `torch.cuda.amp.autocast(args...)` is deprecated. Please use `torch.amp.autocast('cuda', args...)` instead.
  with torch.cuda.amp.autocast():
/home/norak/R&I/kxs-/train.py:169: FutureWarning: `torch.cuda.amp.autocast(args...)` is deprecated. Please use `torch.amp.autocast('cuda', args...)` instead.
  with torch.cuda.amp.autocast():
    epoch  4  train_loss=0.0562  val_loss=0.0486  val_qwk=0.6190  val_acc=0.5074
/home/norak/R&I/kxs-/train.py:148: FutureWarning: `torch.cuda.amp.autocast(args...)` is deprecated. Please use `torch.amp.autocast('cuda', args...)` instead.
  with torch.cuda.amp.autocast():
/home/norak/R&I/kxs-/train.py:169: FutureWarning: `torch.cuda.amp.autocast(args...)` is deprecated. Please use `torch.amp.autocast('cuda', args...)` instead.
  with torch.cuda.amp.autocast():
    epoch  5  train_loss=0.0514  val_loss=0.0401  val_qwk=0.6509  val_acc=0.4118
/home/norak/R&I/kxs-/train.py:148: FutureWarning: `torch.cuda.amp.autocast(args...)` is deprecated. Please use `torch.amp.autocast('cuda', args...)` instead.
  with torch.cuda.amp.autocast():
/home/norak/R&I/kxs-/train.py:169: FutureWarning: `torch.cuda.amp.autocast(args...)` is deprecated. Please use `torch.amp.autocast('cuda', args...)` instead.
  with torch.cuda.amp.autocast():
    epoch  6  train_loss=0.0464  val_loss=0.0338  val_qwk=0.7574  val_acc=0.5809
/home/norak/R&I/kxs-/train.py:148: FutureWarning: `torch.cuda.amp.autocast(args...)` is deprecated. Please use `torch.amp.autocast('cuda', args...)` instead.
  with torch.cuda.amp.autocast():
/home/norak/R&I/kxs-/train.py:169: FutureWarning: `torch.cuda.amp.autocast(args...)` is deprecated. Please use `torch.amp.autocast('cuda', args...)` instead.
  with torch.cuda.amp.autocast():
    epoch  7  train_loss=0.0452  val_loss=0.0448  val_qwk=0.6704  val_acc=0.4191
/home/norak/R&I/kxs-/train.py:148: FutureWarning: `torch.cuda.amp.autocast(args...)` is deprecated. Please use `torch.amp.autocast('cuda', args...)` instead.
  with torch.cuda.amp.autocast():
/home/norak/R&I/kxs-/train.py:169: FutureWarning: `torch.cuda.amp.autocast(args...)` is deprecated. Please use `torch.amp.autocast('cuda', args...)` instead.
  with torch.cuda.amp.autocast():
    epoch  8  train_loss=0.0405  val_loss=0.0278  val_qwk=0.7379  val_acc=0.6029
/home/norak/R&I/kxs-/train.py:148: FutureWarning: `torch.cuda.amp.autocast(args...)` is deprecated. Please use `torch.amp.autocast('cuda', args...)` instead.
  with torch.cuda.amp.autocast():
/home/norak/R&I/kxs-/train.py:169: FutureWarning: `torch.cuda.amp.autocast(args...)` is deprecated. Please use `torch.amp.autocast('cuda', args...)` instead.
  with torch.cuda.amp.autocast():
    epoch  9  train_loss=0.0345  val_loss=0.0242  val_qwk=0.8367  val_acc=0.7059
/home/norak/R&I/kxs-/train.py:148: FutureWarning: `torch.cuda.amp.autocast(args...)` is deprecated. Please use `torch.amp.autocast('cuda', args...)` instead.
  with torch.cuda.amp.autocast():
/home/norak/R&I/kxs-/train.py:169: FutureWarning: `torch.cuda.amp.autocast(args...)` is deprecated. Please use `torch.amp.autocast('cuda', args...)` instead.
  with torch.cuda.amp.autocast():
    epoch 10  train_loss=0.0328  val_loss=0.0260  val_qwk=0.8445  val_acc=0.7426
/home/norak/R&I/kxs-/train.py:148: FutureWarning: `torch.cuda.amp.autocast(args...)` is deprecated. Please use `torch.amp.autocast('cuda', args...)` instead.
  with torch.cuda.amp.autocast():
/home/norak/R&I/kxs-/train.py:169: FutureWarning: `torch.cuda.amp.autocast(args...)` is deprecated. Please use `torch.amp.autocast('cuda', args...)` instead.
  with torch.cuda.amp.autocast():
    epoch 11  train_loss=0.0300  val_loss=0.0243  val_qwk=0.8534  val_acc=0.7279
/home/norak/R&I/kxs-/train.py:148: FutureWarning: `torch.cuda.amp.autocast(args...)` is deprecated. Please use `torch.amp.autocast('cuda', args...)` instead.
  with torch.cuda.amp.autocast():
/home/norak/R&I/kxs-/train.py:169: FutureWarning: `torch.cuda.amp.autocast(args...)` is deprecated. Please use `torch.amp.autocast('cuda', args...)` instead.
  with torch.cuda.amp.autocast():
    epoch 12  train_loss=0.0273  val_loss=0.0256  val_qwk=0.8553  val_acc=0.7279
/home/norak/R&I/kxs-/train.py:148: FutureWarning: `torch.cuda.amp.autocast(args...)` is deprecated. Please use `torch.amp.autocast('cuda', args...)` instead.
  with torch.cuda.amp.autocast():
/home/norak/R&I/kxs-/train.py:169: FutureWarning: `torch.cuda.amp.autocast(args...)` is deprecated. Please use `torch.amp.autocast('cuda', args...)` instead.
  with torch.cuda.amp.autocast():
    epoch 13  train_loss=0.0270  val_loss=0.0292  val_qwk=0.8091  val_acc=0.7059
/home/norak/R&I/kxs-/train.py:148: FutureWarning: `torch.cuda.amp.autocast(args...)` is deprecated. Please use `torch.amp.autocast('cuda', args...)` instead.
  with torch.cuda.amp.autocast():
/home/norak/R&I/kxs-/train.py:169: FutureWarning: `torch.cuda.amp.autocast(args...)` is deprecated. Please use `torch.amp.autocast('cuda', args...)` instead.
  with torch.cuda.amp.autocast():
    epoch 14  train_loss=0.0252  val_loss=0.0266  val_qwk=0.8030  val_acc=0.6765
/home/norak/R&I/kxs-/train.py:148: FutureWarning: `torch.cuda.amp.autocast(args...)` is deprecated. Please use `torch.amp.autocast('cuda', args...)` instead.
  with torch.cuda.amp.autocast():
/home/norak/R&I/kxs-/train.py:169: FutureWarning: `torch.cuda.amp.autocast(args...)` is deprecated. Please use `torch.amp.autocast('cuda', args...)` instead.
  with torch.cuda.amp.autocast():
    epoch 15  train_loss=0.0226  val_loss=0.0247  val_qwk=0.8337  val_acc=0.7574
/home/norak/R&I/kxs-/train.py:148: FutureWarning: `torch.cuda.amp.autocast(args...)` is deprecated. Please use `torch.amp.autocast('cuda', args...)` instead.
  with torch.cuda.amp.autocast():
/home/norak/R&I/kxs-/train.py:169: FutureWarning: `torch.cuda.amp.autocast(args...)` is deprecated. Please use `torch.amp.autocast('cuda', args...)` instead.
  with torch.cuda.amp.autocast():
    epoch 16  train_loss=0.0240  val_loss=0.0281  val_qwk=0.8278  val_acc=0.7500
    early-stop at epoch 16 (best epoch=12, best_qwk=0.8553)
/home/norak/R&I/kxs-/train.py:169: FutureWarning: `torch.cuda.amp.autocast(args...)` is deprecated. Please use `torch.amp.autocast('cuda', args...)` instead.
  with torch.cuda.amp.autocast():
/home/norak/R&I/kxs-/train.py:169: FutureWarning: `torch.cuda.amp.autocast(args...)` is deprecated. Please use `torch.amp.autocast('cuda', args...)` instead.
  with torch.cuda.amp.autocast():
/home/norak/R&I/kxs-/train.py:169: FutureWarning: `torch.cuda.amp.autocast(args...)` is deprecated. Please use `torch.amp.autocast('cuda', args...)` instead.
  with torch.cuda.amp.autocast():
  [raw_qar_cross_xlmr                 ] train_qwk=0.8539 -> test_qwk=0.7616  raw_w1=0.7153  epoch=12  (66.3s)
Loading weights:   0%|          | 0/136 [00:00<?, ?it/s]Loading weights:  76%|███████▋  | 104/136 [00:00<00:00, 1033.66it/s]Loading weights: 100%|██████████| 136/136 [00:00<00:00, 1180.29it/s]
[transformers] [1mNewModel LOAD REPORT[0m from: Alibaba-NLP/gte-multilingual-base
Key               | Status     |  | 
------------------+------------+--+-
classifier.bias   | UNEXPECTED |  | 
classifier.weight | UNEXPECTED |  | 

Notes:
- UNEXPECTED:	can be ignored when loading from different task/architecture; not ok if you expect identical arch.
/home/norak/R&I/kxs-/train.py:206: FutureWarning: `torch.cuda.amp.GradScaler(args...)` is deprecated. Please use `torch.amp.GradScaler('cuda', args...)` instead.
  scaler = torch.cuda.amp.GradScaler() if use_amp and device == "cuda" else None
/home/norak/R&I/kxs-/train.py:148: FutureWarning: `torch.cuda.amp.autocast(args...)` is deprecated. Please use `torch.amp.autocast('cuda', args...)` instead.
  with torch.cuda.amp.autocast():
/home/norak/R&I/kxs-/train.py:169: FutureWarning: `torch.cuda.amp.autocast(args...)` is deprecated. Please use `torch.amp.autocast('cuda', args...)` instead.
  with torch.cuda.amp.autocast():
    epoch  1  train_loss=0.0779  val_loss=0.0508  val_qwk=0.5858  val_acc=0.4779
/home/norak/R&I/kxs-/train.py:148: FutureWarning: `torch.cuda.amp.autocast(args...)` is deprecated. Please use `torch.amp.autocast('cuda', args...)` instead.
  with torch.cuda.amp.autocast():
/home/norak/R&I/kxs-/train.py:169: FutureWarning: `torch.cuda.amp.autocast(args...)` is deprecated. Please use `torch.amp.autocast('cuda', args...)` instead.
  with torch.cuda.amp.autocast():
    epoch  2  train_loss=0.0540  val_loss=0.0414  val_qwk=0.6788  val_acc=0.5735
/home/norak/R&I/kxs-/train.py:148: FutureWarning: `torch.cuda.amp.autocast(args...)` is deprecated. Please use `torch.amp.autocast('cuda', args...)` instead.
  with torch.cuda.amp.autocast():
/home/norak/R&I/kxs-/train.py:169: FutureWarning: `torch.cuda.amp.autocast(args...)` is deprecated. Please use `torch.amp.autocast('cuda', args...)` instead.
  with torch.cuda.amp.autocast():
    epoch  3  train_loss=0.0466  val_loss=0.0357  val_qwk=0.7260  val_acc=0.5662
/home/norak/R&I/kxs-/train.py:148: FutureWarning: `torch.cuda.amp.autocast(args...)` is deprecated. Please use `torch.amp.autocast('cuda', args...)` instead.
  with torch.cuda.amp.autocast():
/home/norak/R&I/kxs-/train.py:169: FutureWarning: `torch.cuda.amp.autocast(args...)` is deprecated. Please use `torch.amp.autocast('cuda', args...)` instead.
  with torch.cuda.amp.autocast():
    epoch  4  train_loss=0.0412  val_loss=0.0340  val_qwk=0.7954  val_acc=0.6765
/home/norak/R&I/kxs-/train.py:148: FutureWarning: `torch.cuda.amp.autocast(args...)` is deprecated. Please use `torch.amp.autocast('cuda', args...)` instead.
  with torch.cuda.amp.autocast():
/home/norak/R&I/kxs-/train.py:169: FutureWarning: `torch.cuda.amp.autocast(args...)` is deprecated. Please use `torch.amp.autocast('cuda', args...)` instead.
  with torch.cuda.amp.autocast():
    epoch  5  train_loss=0.0344  val_loss=0.0324  val_qwk=0.7741  val_acc=0.6103
/home/norak/R&I/kxs-/train.py:148: FutureWarning: `torch.cuda.amp.autocast(args...)` is deprecated. Please use `torch.amp.autocast('cuda', args...)` instead.
  with torch.cuda.amp.autocast():
/home/norak/R&I/kxs-/train.py:169: FutureWarning: `torch.cuda.amp.autocast(args...)` is deprecated. Please use `torch.amp.autocast('cuda', args...)` instead.
  with torch.cuda.amp.autocast():
    epoch  6  train_loss=0.0323  val_loss=0.0272  val_qwk=0.8190  val_acc=0.7426
/home/norak/R&I/kxs-/train.py:148: FutureWarning: `torch.cuda.amp.autocast(args...)` is deprecated. Please use `torch.amp.autocast('cuda', args...)` instead.
  with torch.cuda.amp.autocast():
/home/norak/R&I/kxs-/train.py:169: FutureWarning: `torch.cuda.amp.autocast(args...)` is deprecated. Please use `torch.amp.autocast('cuda', args...)` instead.
  with torch.cuda.amp.autocast():
    epoch  7  train_loss=0.0292  val_loss=0.0281  val_qwk=0.8335  val_acc=0.7647
/home/norak/R&I/kxs-/train.py:148: FutureWarning: `torch.cuda.amp.autocast(args...)` is deprecated. Please use `torch.amp.autocast('cuda', args...)` instead.
  with torch.cuda.amp.autocast():
/home/norak/R&I/kxs-/train.py:169: FutureWarning: `torch.cuda.amp.autocast(args...)` is deprecated. Please use `torch.amp.autocast('cuda', args...)` instead.
  with torch.cuda.amp.autocast():
    epoch  8  train_loss=0.0251  val_loss=0.0267  val_qwk=0.7886  val_acc=0.6324
/home/norak/R&I/kxs-/train.py:148: FutureWarning: `torch.cuda.amp.autocast(args...)` is deprecated. Please use `torch.amp.autocast('cuda', args...)` instead.
  with torch.cuda.amp.autocast():
/home/norak/R&I/kxs-/train.py:169: FutureWarning: `torch.cuda.amp.autocast(args...)` is deprecated. Please use `torch.amp.autocast('cuda', args...)` instead.
  with torch.cuda.amp.autocast():
    epoch  9  train_loss=0.0237  val_loss=0.0279  val_qwk=0.7890  val_acc=0.6176
/home/norak/R&I/kxs-/train.py:148: FutureWarning: `torch.cuda.amp.autocast(args...)` is deprecated. Please use `torch.amp.autocast('cuda', args...)` instead.
  with torch.cuda.amp.autocast():
/home/norak/R&I/kxs-/train.py:169: FutureWarning: `torch.cuda.amp.autocast(args...)` is deprecated. Please use `torch.amp.autocast('cuda', args...)` instead.
  with torch.cuda.amp.autocast():
    epoch 10  train_loss=0.0242  val_loss=0.0248  val_qwk=0.8575  val_acc=0.7721
/home/norak/R&I/kxs-/train.py:148: FutureWarning: `torch.cuda.amp.autocast(args...)` is deprecated. Please use `torch.amp.autocast('cuda', args...)` instead.
  with torch.cuda.amp.autocast():
/home/norak/R&I/kxs-/train.py:169: FutureWarning: `torch.cuda.amp.autocast(args...)` is deprecated. Please use `torch.amp.autocast('cuda', args...)` instead.
  with torch.cuda.amp.autocast():
    epoch 11  train_loss=0.0197  val_loss=0.0254  val_qwk=0.8279  val_acc=0.7353
/home/norak/R&I/kxs-/train.py:148: FutureWarning: `torch.cuda.amp.autocast(args...)` is deprecated. Please use `torch.amp.autocast('cuda', args...)` instead.
  with torch.cuda.amp.autocast():
/home/norak/R&I/kxs-/train.py:169: FutureWarning: `torch.cuda.amp.autocast(args...)` is deprecated. Please use `torch.amp.autocast('cuda', args...)` instead.
  with torch.cuda.amp.autocast():
    epoch 12  train_loss=0.0192  val_loss=0.0289  val_qwk=0.8122  val_acc=0.7059
/home/norak/R&I/kxs-/train.py:148: FutureWarning: `torch.cuda.amp.autocast(args...)` is deprecated. Please use `torch.amp.autocast('cuda', args...)` instead.
  with torch.cuda.amp.autocast():
/home/norak/R&I/kxs-/train.py:169: FutureWarning: `torch.cuda.amp.autocast(args...)` is deprecated. Please use `torch.amp.autocast('cuda', args...)` instead.
  with torch.cuda.amp.autocast():
    epoch 13  train_loss=0.0191  val_loss=0.0264  val_qwk=0.8219  val_acc=0.6765
/home/norak/R&I/kxs-/train.py:148: FutureWarning: `torch.cuda.amp.autocast(args...)` is deprecated. Please use `torch.amp.autocast('cuda', args...)` instead.
  with torch.cuda.amp.autocast():
/home/norak/R&I/kxs-/train.py:169: FutureWarning: `torch.cuda.amp.autocast(args...)` is deprecated. Please use `torch.amp.autocast('cuda', args...)` instead.
  with torch.cuda.amp.autocast():
    epoch 14  train_loss=0.0160  val_loss=0.0219  val_qwk=0.8335  val_acc=0.6985
    early-stop at epoch 14 (best epoch=10, best_qwk=0.8575)
/home/norak/R&I/kxs-/train.py:169: FutureWarning: `torch.cuda.amp.autocast(args...)` is deprecated. Please use `torch.amp.autocast('cuda', args...)` instead.
  with torch.cuda.amp.autocast():
/home/norak/R&I/kxs-/train.py:169: FutureWarning: `torch.cuda.amp.autocast(args...)` is deprecated. Please use `torch.amp.autocast('cuda', args...)` instead.
  with torch.cuda.amp.autocast():
/home/norak/R&I/kxs-/train.py:169: FutureWarning: `torch.cuda.amp.autocast(args...)` is deprecated. Please use `torch.amp.autocast('cuda', args...)` instead.
  with torch.cuda.amp.autocast():
  [raw_qar_cross_gte                  ] train_qwk=0.8673 -> test_qwk=0.7556  raw_w1=0.7372  epoch=10  (67.1s)
Loading weights:   0%|          | 0/199 [00:00<?, ?it/s]Loading weights: 100%|██████████| 199/199 [00:00<00:00, 3008.96it/s]
[transformers] [1mBertModel LOAD REPORT[0m from: bert-base-multilingual-cased
Key                                        | Status     |  | 
-------------------------------------------+------------+--+-
cls.predictions.transform.dense.weight     | UNEXPECTED |  | 
cls.seq_relationship.weight                | UNEXPECTED |  | 
cls.seq_relationship.bias                  | UNEXPECTED |  | 
cls.predictions.transform.LayerNorm.bias   | UNEXPECTED |  | 
cls.predictions.bias                       | UNEXPECTED |  | 
cls.predictions.transform.dense.bias       | UNEXPECTED |  | 
cls.predictions.transform.LayerNorm.weight | UNEXPECTED |  | 

Notes:
- UNEXPECTED:	can be ignored when loading from different task/architecture; not ok if you expect identical arch.
/home/norak/R&I/kxs-/train.py:206: FutureWarning: `torch.cuda.amp.GradScaler(args...)` is deprecated. Please use `torch.amp.GradScaler('cuda', args...)` instead.
  scaler = torch.cuda.amp.GradScaler() if use_amp and device == "cuda" else None
/home/norak/R&I/kxs-/train.py:148: FutureWarning: `torch.cuda.amp.autocast(args...)` is deprecated. Please use `torch.amp.autocast('cuda', args...)` instead.
  with torch.cuda.amp.autocast():
/home/norak/R&I/kxs-/train.py:169: FutureWarning: `torch.cuda.amp.autocast(args...)` is deprecated. Please use `torch.amp.autocast('cuda', args...)` instead.
  with torch.cuda.amp.autocast():
    epoch  1  train_loss=0.0789  val_loss=0.0713  val_qwk=0.2709  val_acc=0.2353
/home/norak/R&I/kxs-/train.py:148: FutureWarning: `torch.cuda.amp.autocast(args...)` is deprecated. Please use `torch.amp.autocast('cuda', args...)` instead.
  with torch.cuda.amp.autocast():
/home/norak/R&I/kxs-/train.py:169: FutureWarning: `torch.cuda.amp.autocast(args...)` is deprecated. Please use `torch.amp.autocast('cuda', args...)` instead.
  with torch.cuda.amp.autocast():
    epoch  2  train_loss=0.0615  val_loss=0.0466  val_qwk=0.6234  val_acc=0.5294
/home/norak/R&I/kxs-/train.py:148: FutureWarning: `torch.cuda.amp.autocast(args...)` is deprecated. Please use `torch.amp.autocast('cuda', args...)` instead.
  with torch.cuda.amp.autocast():
/home/norak/R&I/kxs-/train.py:169: FutureWarning: `torch.cuda.amp.autocast(args...)` is deprecated. Please use `torch.amp.autocast('cuda', args...)` instead.
  with torch.cuda.amp.autocast():
    epoch  3  train_loss=0.0564  val_loss=0.0471  val_qwk=0.6421  val_acc=0.5000
/home/norak/R&I/kxs-/train.py:148: FutureWarning: `torch.cuda.amp.autocast(args...)` is deprecated. Please use `torch.amp.autocast('cuda', args...)` instead.
  with torch.cuda.amp.autocast():
/home/norak/R&I/kxs-/train.py:169: FutureWarning: `torch.cuda.amp.autocast(args...)` is deprecated. Please use `torch.amp.autocast('cuda', args...)` instead.
  with torch.cuda.amp.autocast():
    epoch  4  train_loss=0.0504  val_loss=0.0473  val_qwk=0.5924  val_acc=0.5441
/home/norak/R&I/kxs-/train.py:148: FutureWarning: `torch.cuda.amp.autocast(args...)` is deprecated. Please use `torch.amp.autocast('cuda', args...)` instead.
  with torch.cuda.amp.autocast():
/home/norak/R&I/kxs-/train.py:169: FutureWarning: `torch.cuda.amp.autocast(args...)` is deprecated. Please use `torch.amp.autocast('cuda', args...)` instead.
  with torch.cuda.amp.autocast():
    epoch  5  train_loss=0.0481  val_loss=0.0471  val_qwk=0.6142  val_acc=0.5662
/home/norak/R&I/kxs-/train.py:148: FutureWarning: `torch.cuda.amp.autocast(args...)` is deprecated. Please use `torch.amp.autocast('cuda', args...)` instead.
  with torch.cuda.amp.autocast():
/home/norak/R&I/kxs-/train.py:169: FutureWarning: `torch.cuda.amp.autocast(args...)` is deprecated. Please use `torch.amp.autocast('cuda', args...)` instead.
  with torch.cuda.amp.autocast():
    epoch  6  train_loss=0.0472  val_loss=0.0444  val_qwk=0.6266  val_acc=0.5662
/home/norak/R&I/kxs-/train.py:148: FutureWarning: `torch.cuda.amp.autocast(args...)` is deprecated. Please use `torch.amp.autocast('cuda', args...)` instead.
  with torch.cuda.amp.autocast():
/home/norak/R&I/kxs-/train.py:169: FutureWarning: `torch.cuda.amp.autocast(args...)` is deprecated. Please use `torch.amp.autocast('cuda', args...)` instead.
  with torch.cuda.amp.autocast():
    epoch  7  train_loss=0.0459  val_loss=0.0484  val_qwk=0.6928  val_acc=0.4853
/home/norak/R&I/kxs-/train.py:148: FutureWarning: `torch.cuda.amp.autocast(args...)` is deprecated. Please use `torch.amp.autocast('cuda', args...)` instead.
  with torch.cuda.amp.autocast():
/home/norak/R&I/kxs-/train.py:169: FutureWarning: `torch.cuda.amp.autocast(args...)` is deprecated. Please use `torch.amp.autocast('cuda', args...)` instead.
  with torch.cuda.amp.autocast():
    epoch  8  train_loss=0.0499  val_loss=0.0422  val_qwk=0.6425  val_acc=0.5662
/home/norak/R&I/kxs-/train.py:148: FutureWarning: `torch.cuda.amp.autocast(args...)` is deprecated. Please use `torch.amp.autocast('cuda', args...)` instead.
  with torch.cuda.amp.autocast():
/home/norak/R&I/kxs-/train.py:169: FutureWarning: `torch.cuda.amp.autocast(args...)` is deprecated. Please use `torch.amp.autocast('cuda', args...)` instead.
  with torch.cuda.amp.autocast():
    epoch  9  train_loss=0.0443  val_loss=0.0423  val_qwk=0.6553  val_acc=0.5956
/home/norak/R&I/kxs-/train.py:148: FutureWarning: `torch.cuda.amp.autocast(args...)` is deprecated. Please use `torch.amp.autocast('cuda', args...)` instead.
  with torch.cuda.amp.autocast():
/home/norak/R&I/kxs-/train.py:169: FutureWarning: `torch.cuda.amp.autocast(args...)` is deprecated. Please use `torch.amp.autocast('cuda', args...)` instead.
  with torch.cuda.amp.autocast():
    epoch 10  train_loss=0.0465  val_loss=0.0428  val_qwk=0.6573  val_acc=0.5956
/home/norak/R&I/kxs-/train.py:148: FutureWarning: `torch.cuda.amp.autocast(args...)` is deprecated. Please use `torch.amp.autocast('cuda', args...)` instead.
  with torch.cuda.amp.autocast():
/home/norak/R&I/kxs-/train.py:169: FutureWarning: `torch.cuda.amp.autocast(args...)` is deprecated. Please use `torch.amp.autocast('cuda', args...)` instead.
  with torch.cuda.amp.autocast():
    epoch 11  train_loss=0.0436  val_loss=0.0431  val_qwk=0.6634  val_acc=0.5956
    early-stop at epoch 11 (best epoch=7, best_qwk=0.6928)
/home/norak/R&I/kxs-/train.py:169: FutureWarning: `torch.cuda.amp.autocast(args...)` is deprecated. Please use `torch.amp.autocast('cuda', args...)` instead.
  with torch.cuda.amp.autocast():
/home/norak/R&I/kxs-/train.py:169: FutureWarning: `torch.cuda.amp.autocast(args...)` is deprecated. Please use `torch.amp.autocast('cuda', args...)` instead.
  with torch.cuda.amp.autocast():
/home/norak/R&I/kxs-/train.py:169: FutureWarning: `torch.cuda.amp.autocast(args...)` is deprecated. Please use `torch.amp.autocast('cuda', args...)` instead.
  with torch.cuda.amp.autocast():
  [clean_ra_dual_mbert                ] train_qwk=0.6592 -> test_qwk=0.5912  raw_w1=0.6131  epoch=7  (64.8s)
Loading weights:   0%|          | 0/199 [00:00<?, ?it/s]Loading weights: 100%|██████████| 199/199 [00:00<00:00, 3213.23it/s]
[transformers] [1mXLMRobertaModel LOAD REPORT[0m from: xlm-roberta-base
Key                       | Status     |  | 
--------------------------+------------+--+-
lm_head.dense.weight      | UNEXPECTED |  | 
lm_head.layer_norm.weight | UNEXPECTED |  | 
lm_head.dense.bias        | UNEXPECTED |  | 
lm_head.layer_norm.bias   | UNEXPECTED |  | 
lm_head.bias              | UNEXPECTED |  | 

Notes:
- UNEXPECTED:	can be ignored when loading from different task/architecture; not ok if you expect identical arch.
/home/norak/R&I/kxs-/train.py:206: FutureWarning: `torch.cuda.amp.GradScaler(args...)` is deprecated. Please use `torch.amp.GradScaler('cuda', args...)` instead.
  scaler = torch.cuda.amp.GradScaler() if use_amp and device == "cuda" else None
/home/norak/R&I/kxs-/train.py:148: FutureWarning: `torch.cuda.amp.autocast(args...)` is deprecated. Please use `torch.amp.autocast('cuda', args...)` instead.
  with torch.cuda.amp.autocast():
/home/norak/R&I/kxs-/train.py:169: FutureWarning: `torch.cuda.amp.autocast(args...)` is deprecated. Please use `torch.amp.autocast('cuda', args...)` instead.
  with torch.cuda.amp.autocast():
    epoch  1  train_loss=0.1047  val_loss=0.0746  val_qwk=0.3526  val_acc=0.4485
/home/norak/R&I/kxs-/train.py:148: FutureWarning: `torch.cuda.amp.autocast(args...)` is deprecated. Please use `torch.amp.autocast('cuda', args...)` instead.
  with torch.cuda.amp.autocast():
/home/norak/R&I/kxs-/train.py:169: FutureWarning: `torch.cuda.amp.autocast(args...)` is deprecated. Please use `torch.amp.autocast('cuda', args...)` instead.
  with torch.cuda.amp.autocast():
    epoch  2  train_loss=0.0683  val_loss=0.0527  val_qwk=0.5840  val_acc=0.5000
/home/norak/R&I/kxs-/train.py:148: FutureWarning: `torch.cuda.amp.autocast(args...)` is deprecated. Please use `torch.amp.autocast('cuda', args...)` instead.
  with torch.cuda.amp.autocast():
/home/norak/R&I/kxs-/train.py:169: FutureWarning: `torch.cuda.amp.autocast(args...)` is deprecated. Please use `torch.amp.autocast('cuda', args...)` instead.
  with torch.cuda.amp.autocast():
    epoch  3  train_loss=0.0666  val_loss=0.0503  val_qwk=0.5383  val_acc=0.4485
/home/norak/R&I/kxs-/train.py:148: FutureWarning: `torch.cuda.amp.autocast(args...)` is deprecated. Please use `torch.amp.autocast('cuda', args...)` instead.
  with torch.cuda.amp.autocast():
/home/norak/R&I/kxs-/train.py:169: FutureWarning: `torch.cuda.amp.autocast(args...)` is deprecated. Please use `torch.amp.autocast('cuda', args...)` instead.
  with torch.cuda.amp.autocast():
    epoch  4  train_loss=0.0613  val_loss=0.0404  val_qwk=0.6537  val_acc=0.5588
/home/norak/R&I/kxs-/train.py:148: FutureWarning: `torch.cuda.amp.autocast(args...)` is deprecated. Please use `torch.amp.autocast('cuda', args...)` instead.
  with torch.cuda.amp.autocast():
/home/norak/R&I/kxs-/train.py:169: FutureWarning: `torch.cuda.amp.autocast(args...)` is deprecated. Please use `torch.amp.autocast('cuda', args...)` instead.
  with torch.cuda.amp.autocast():
    epoch  5  train_loss=0.0532  val_loss=0.0383  val_qwk=0.7201  val_acc=0.5662
/home/norak/R&I/kxs-/train.py:148: FutureWarning: `torch.cuda.amp.autocast(args...)` is deprecated. Please use `torch.amp.autocast('cuda', args...)` instead.
  with torch.cuda.amp.autocast():
/home/norak/R&I/kxs-/train.py:169: FutureWarning: `torch.cuda.amp.autocast(args...)` is deprecated. Please use `torch.amp.autocast('cuda', args...)` instead.
  with torch.cuda.amp.autocast():
    epoch  6  train_loss=0.0426  val_loss=0.0310  val_qwk=0.7623  val_acc=0.6103
/home/norak/R&I/kxs-/train.py:148: FutureWarning: `torch.cuda.amp.autocast(args...)` is deprecated. Please use `torch.amp.autocast('cuda', args...)` instead.
  with torch.cuda.amp.autocast():
/home/norak/R&I/kxs-/train.py:169: FutureWarning: `torch.cuda.amp.autocast(args...)` is deprecated. Please use `torch.amp.autocast('cuda', args...)` instead.
  with torch.cuda.amp.autocast():
    epoch  7  train_loss=0.0375  val_loss=0.0290  val_qwk=0.7991  val_acc=0.6691
/home/norak/R&I/kxs-/train.py:148: FutureWarning: `torch.cuda.amp.autocast(args...)` is deprecated. Please use `torch.amp.autocast('cuda', args...)` instead.
  with torch.cuda.amp.autocast():
/home/norak/R&I/kxs-/train.py:169: FutureWarning: `torch.cuda.amp.autocast(args...)` is deprecated. Please use `torch.amp.autocast('cuda', args...)` instead.
  with torch.cuda.amp.autocast():
    epoch  8  train_loss=0.0359  val_loss=0.0313  val_qwk=0.7866  val_acc=0.6838
/home/norak/R&I/kxs-/train.py:148: FutureWarning: `torch.cuda.amp.autocast(args...)` is deprecated. Please use `torch.amp.autocast('cuda', args...)` instead.
  with torch.cuda.amp.autocast():
/home/norak/R&I/kxs-/train.py:169: FutureWarning: `torch.cuda.amp.autocast(args...)` is deprecated. Please use `torch.amp.autocast('cuda', args...)` instead.
  with torch.cuda.amp.autocast():
    epoch  9  train_loss=0.0349  val_loss=0.0280  val_qwk=0.8386  val_acc=0.6691
/home/norak/R&I/kxs-/train.py:148: FutureWarning: `torch.cuda.amp.autocast(args...)` is deprecated. Please use `torch.amp.autocast('cuda', args...)` instead.
  with torch.cuda.amp.autocast():
/home/norak/R&I/kxs-/train.py:169: FutureWarning: `torch.cuda.amp.autocast(args...)` is deprecated. Please use `torch.amp.autocast('cuda', args...)` instead.
  with torch.cuda.amp.autocast():
    epoch 10  train_loss=0.0306  val_loss=0.0262  val_qwk=0.8173  val_acc=0.6912
/home/norak/R&I/kxs-/train.py:148: FutureWarning: `torch.cuda.amp.autocast(args...)` is deprecated. Please use `torch.amp.autocast('cuda', args...)` instead.
  with torch.cuda.amp.autocast():
/home/norak/R&I/kxs-/train.py:169: FutureWarning: `torch.cuda.amp.autocast(args...)` is deprecated. Please use `torch.amp.autocast('cuda', args...)` instead.
  with torch.cuda.amp.autocast():
    epoch 11  train_loss=0.0300  val_loss=0.0250  val_qwk=0.8106  val_acc=0.6471
/home/norak/R&I/kxs-/train.py:148: FutureWarning: `torch.cuda.amp.autocast(args...)` is deprecated. Please use `torch.amp.autocast('cuda', args...)` instead.
  with torch.cuda.amp.autocast():
/home/norak/R&I/kxs-/train.py:169: FutureWarning: `torch.cuda.amp.autocast(args...)` is deprecated. Please use `torch.amp.autocast('cuda', args...)` instead.
  with torch.cuda.amp.autocast():
    epoch 12  train_loss=0.0257  val_loss=0.0259  val_qwk=0.8259  val_acc=0.6618
/home/norak/R&I/kxs-/train.py:148: FutureWarning: `torch.cuda.amp.autocast(args...)` is deprecated. Please use `torch.amp.autocast('cuda', args...)` instead.
  with torch.cuda.amp.autocast():
/home/norak/R&I/kxs-/train.py:169: FutureWarning: `torch.cuda.amp.autocast(args...)` is deprecated. Please use `torch.amp.autocast('cuda', args...)` instead.
  with torch.cuda.amp.autocast():
    epoch 13  train_loss=0.0241  val_loss=0.0283  val_qwk=0.8051  val_acc=0.6544
    early-stop at epoch 13 (best epoch=9, best_qwk=0.8386)
/home/norak/R&I/kxs-/train.py:169: FutureWarning: `torch.cuda.amp.autocast(args...)` is deprecated. Please use `torch.amp.autocast('cuda', args...)` instead.
  with torch.cuda.amp.autocast():
/home/norak/R&I/kxs-/train.py:169: FutureWarning: `torch.cuda.amp.autocast(args...)` is deprecated. Please use `torch.amp.autocast('cuda', args...)` instead.
  with torch.cuda.amp.autocast():
/home/norak/R&I/kxs-/train.py:169: FutureWarning: `torch.cuda.amp.autocast(args...)` is deprecated. Please use `torch.amp.autocast('cuda', args...)` instead.
  with torch.cuda.amp.autocast():
  [clean_ra_dual_xlmr                 ] train_qwk=0.8067 -> test_qwk=0.7578  raw_w1=0.6496  epoch=9  (81.9s)
Loading weights:   0%|          | 0/136 [00:00<?, ?it/s]Loading weights:  74%|███████▍  | 101/136 [00:00<00:00, 987.30it/s]Loading weights: 100%|██████████| 136/136 [00:00<00:00, 1144.29it/s]
[transformers] [1mNewModel LOAD REPORT[0m from: Alibaba-NLP/gte-multilingual-base
Key               | Status     |  | 
------------------+------------+--+-
classifier.bias   | UNEXPECTED |  | 
classifier.weight | UNEXPECTED |  | 

Notes:
- UNEXPECTED:	can be ignored when loading from different task/architecture; not ok if you expect identical arch.
/home/norak/R&I/kxs-/train.py:206: FutureWarning: `torch.cuda.amp.GradScaler(args...)` is deprecated. Please use `torch.amp.GradScaler('cuda', args...)` instead.
  scaler = torch.cuda.amp.GradScaler() if use_amp and device == "cuda" else None
/home/norak/R&I/kxs-/train.py:148: FutureWarning: `torch.cuda.amp.autocast(args...)` is deprecated. Please use `torch.amp.autocast('cuda', args...)` instead.
  with torch.cuda.amp.autocast():
/home/norak/R&I/kxs-/train.py:169: FutureWarning: `torch.cuda.amp.autocast(args...)` is deprecated. Please use `torch.amp.autocast('cuda', args...)` instead.
  with torch.cuda.amp.autocast():
    epoch  1  train_loss=0.0830  val_loss=0.0510  val_qwk=0.6095  val_acc=0.4779
/home/norak/R&I/kxs-/train.py:148: FutureWarning: `torch.cuda.amp.autocast(args...)` is deprecated. Please use `torch.amp.autocast('cuda', args...)` instead.
  with torch.cuda.amp.autocast():
/home/norak/R&I/kxs-/train.py:169: FutureWarning: `torch.cuda.amp.autocast(args...)` is deprecated. Please use `torch.amp.autocast('cuda', args...)` instead.
  with torch.cuda.amp.autocast():
    epoch  2  train_loss=0.0468  val_loss=0.0313  val_qwk=0.7311  val_acc=0.5662
/home/norak/R&I/kxs-/train.py:148: FutureWarning: `torch.cuda.amp.autocast(args...)` is deprecated. Please use `torch.amp.autocast('cuda', args...)` instead.
  with torch.cuda.amp.autocast():
/home/norak/R&I/kxs-/train.py:169: FutureWarning: `torch.cuda.amp.autocast(args...)` is deprecated. Please use `torch.amp.autocast('cuda', args...)` instead.
  with torch.cuda.amp.autocast():
    epoch  3  train_loss=0.0342  val_loss=0.0294  val_qwk=0.7941  val_acc=0.5662
/home/norak/R&I/kxs-/train.py:148: FutureWarning: `torch.cuda.amp.autocast(args...)` is deprecated. Please use `torch.amp.autocast('cuda', args...)` instead.
  with torch.cuda.amp.autocast():
/home/norak/R&I/kxs-/train.py:169: FutureWarning: `torch.cuda.amp.autocast(args...)` is deprecated. Please use `torch.amp.autocast('cuda', args...)` instead.
  with torch.cuda.amp.autocast():
    epoch  4  train_loss=0.0275  val_loss=0.0242  val_qwk=0.8244  val_acc=0.6912
/home/norak/R&I/kxs-/train.py:148: FutureWarning: `torch.cuda.amp.autocast(args...)` is deprecated. Please use `torch.amp.autocast('cuda', args...)` instead.
  with torch.cuda.amp.autocast():
/home/norak/R&I/kxs-/train.py:169: FutureWarning: `torch.cuda.amp.autocast(args...)` is deprecated. Please use `torch.amp.autocast('cuda', args...)` instead.
  with torch.cuda.amp.autocast():
    epoch  5  train_loss=0.0218  val_loss=0.0241  val_qwk=0.8404  val_acc=0.7059
/home/norak/R&I/kxs-/train.py:148: FutureWarning: `torch.cuda.amp.autocast(args...)` is deprecated. Please use `torch.amp.autocast('cuda', args...)` instead.
  with torch.cuda.amp.autocast():
/home/norak/R&I/kxs-/train.py:169: FutureWarning: `torch.cuda.amp.autocast(args...)` is deprecated. Please use `torch.amp.autocast('cuda', args...)` instead.
  with torch.cuda.amp.autocast():
    epoch  6  train_loss=0.0171  val_loss=0.0210  val_qwk=0.8727  val_acc=0.7794
/home/norak/R&I/kxs-/train.py:148: FutureWarning: `torch.cuda.amp.autocast(args...)` is deprecated. Please use `torch.amp.autocast('cuda', args...)` instead.
  with torch.cuda.amp.autocast():
/home/norak/R&I/kxs-/train.py:169: FutureWarning: `torch.cuda.amp.autocast(args...)` is deprecated. Please use `torch.amp.autocast('cuda', args...)` instead.
  with torch.cuda.amp.autocast():
    epoch  7  train_loss=0.0140  val_loss=0.0192  val_qwk=0.8948  val_acc=0.7647
/home/norak/R&I/kxs-/train.py:148: FutureWarning: `torch.cuda.amp.autocast(args...)` is deprecated. Please use `torch.amp.autocast('cuda', args...)` instead.
  with torch.cuda.amp.autocast():
/home/norak/R&I/kxs-/train.py:169: FutureWarning: `torch.cuda.amp.autocast(args...)` is deprecated. Please use `torch.amp.autocast('cuda', args...)` instead.
  with torch.cuda.amp.autocast():
    epoch  8  train_loss=0.0129  val_loss=0.0188  val_qwk=0.8825  val_acc=0.7353
/home/norak/R&I/kxs-/train.py:148: FutureWarning: `torch.cuda.amp.autocast(args...)` is deprecated. Please use `torch.amp.autocast('cuda', args...)` instead.
  with torch.cuda.amp.autocast():
/home/norak/R&I/kxs-/train.py:169: FutureWarning: `torch.cuda.amp.autocast(args...)` is deprecated. Please use `torch.amp.autocast('cuda', args...)` instead.
  with torch.cuda.amp.autocast():
    epoch  9  train_loss=0.0104  val_loss=0.0232  val_qwk=0.8658  val_acc=0.7647
/home/norak/R&I/kxs-/train.py:148: FutureWarning: `torch.cuda.amp.autocast(args...)` is deprecated. Please use `torch.amp.autocast('cuda', args...)` instead.
  with torch.cuda.amp.autocast():
/home/norak/R&I/kxs-/train.py:169: FutureWarning: `torch.cuda.amp.autocast(args...)` is deprecated. Please use `torch.amp.autocast('cuda', args...)` instead.
  with torch.cuda.amp.autocast():
    epoch 10  train_loss=0.0100  val_loss=0.0243  val_qwk=0.8639  val_acc=0.7647
/home/norak/R&I/kxs-/train.py:148: FutureWarning: `torch.cuda.amp.autocast(args...)` is deprecated. Please use `torch.amp.autocast('cuda', args...)` instead.
  with torch.cuda.amp.autocast():
/home/norak/R&I/kxs-/train.py:169: FutureWarning: `torch.cuda.amp.autocast(args...)` is deprecated. Please use `torch.amp.autocast('cuda', args...)` instead.
  with torch.cuda.amp.autocast():
    epoch 11  train_loss=0.0106  val_loss=0.0224  val_qwk=0.8506  val_acc=0.7206
    early-stop at epoch 11 (best epoch=7, best_qwk=0.8948)
/home/norak/R&I/kxs-/train.py:169: FutureWarning: `torch.cuda.amp.autocast(args...)` is deprecated. Please use `torch.amp.autocast('cuda', args...)` instead.
  with torch.cuda.amp.autocast():
/home/norak/R&I/kxs-/train.py:169: FutureWarning: `torch.cuda.amp.autocast(args...)` is deprecated. Please use `torch.amp.autocast('cuda', args...)` instead.
  with torch.cuda.amp.autocast():
/home/norak/R&I/kxs-/train.py:169: FutureWarning: `torch.cuda.amp.autocast(args...)` is deprecated. Please use `torch.amp.autocast('cuda', args...)` instead.
  with torch.cuda.amp.autocast():
  [clean_ra_dual_gte                  ] train_qwk=0.9220 -> test_qwk=0.8418  raw_w1=0.7372  epoch=7  (85.9s)
Loading weights:   0%|          | 0/199 [00:00<?, ?it/s]Loading weights: 100%|██████████| 199/199 [00:00<00:00, 2952.90it/s]
[transformers] [1mBertModel LOAD REPORT[0m from: bert-base-multilingual-cased
Key                                        | Status     |  | 
-------------------------------------------+------------+--+-
cls.predictions.transform.dense.weight     | UNEXPECTED |  | 
cls.seq_relationship.weight                | UNEXPECTED |  | 
cls.seq_relationship.bias                  | UNEXPECTED |  | 
cls.predictions.transform.LayerNorm.bias   | UNEXPECTED |  | 
cls.predictions.bias                       | UNEXPECTED |  | 
cls.predictions.transform.dense.bias       | UNEXPECTED |  | 
cls.predictions.transform.LayerNorm.weight | UNEXPECTED |  | 

Notes:
- UNEXPECTED:	can be ignored when loading from different task/architecture; not ok if you expect identical arch.
/home/norak/R&I/kxs-/train.py:206: FutureWarning: `torch.cuda.amp.GradScaler(args...)` is deprecated. Please use `torch.amp.GradScaler('cuda', args...)` instead.
  scaler = torch.cuda.amp.GradScaler() if use_amp and device == "cuda" else None
/home/norak/R&I/kxs-/train.py:148: FutureWarning: `torch.cuda.amp.autocast(args...)` is deprecated. Please use `torch.amp.autocast('cuda', args...)` instead.
  with torch.cuda.amp.autocast():
/home/norak/R&I/kxs-/train.py:169: FutureWarning: `torch.cuda.amp.autocast(args...)` is deprecated. Please use `torch.amp.autocast('cuda', args...)` instead.
  with torch.cuda.amp.autocast():
    epoch  1  train_loss=0.0926  val_loss=0.0865  val_qwk=0.0000  val_acc=0.1324
/home/norak/R&I/kxs-/train.py:148: FutureWarning: `torch.cuda.amp.autocast(args...)` is deprecated. Please use `torch.amp.autocast('cuda', args...)` instead.
  with torch.cuda.amp.autocast():
/home/norak/R&I/kxs-/train.py:169: FutureWarning: `torch.cuda.amp.autocast(args...)` is deprecated. Please use `torch.amp.autocast('cuda', args...)` instead.
  with torch.cuda.amp.autocast():
    epoch  2  train_loss=0.0822  val_loss=0.0765  val_qwk=0.0815  val_acc=0.1324
/home/norak/R&I/kxs-/train.py:148: FutureWarning: `torch.cuda.amp.autocast(args...)` is deprecated. Please use `torch.amp.autocast('cuda', args...)` instead.
  with torch.cuda.amp.autocast():
/home/norak/R&I/kxs-/train.py:169: FutureWarning: `torch.cuda.amp.autocast(args...)` is deprecated. Please use `torch.amp.autocast('cuda', args...)` instead.
  with torch.cuda.amp.autocast():
    epoch  3  train_loss=0.0713  val_loss=0.0730  val_qwk=0.4045  val_acc=0.3676
/home/norak/R&I/kxs-/train.py:148: FutureWarning: `torch.cuda.amp.autocast(args...)` is deprecated. Please use `torch.amp.autocast('cuda', args...)` instead.
  with torch.cuda.amp.autocast():
/home/norak/R&I/kxs-/train.py:169: FutureWarning: `torch.cuda.amp.autocast(args...)` is deprecated. Please use `torch.amp.autocast('cuda', args...)` instead.
  with torch.cuda.amp.autocast():
    epoch  4  train_loss=0.0683  val_loss=0.0688  val_qwk=0.4201  val_acc=0.3971
/home/norak/R&I/kxs-/train.py:148: FutureWarning: `torch.cuda.amp.autocast(args...)` is deprecated. Please use `torch.amp.autocast('cuda', args...)` instead.
  with torch.cuda.amp.autocast():
/home/norak/R&I/kxs-/train.py:169: FutureWarning: `torch.cuda.amp.autocast(args...)` is deprecated. Please use `torch.amp.autocast('cuda', args...)` instead.
  with torch.cuda.amp.autocast():
    epoch  5  train_loss=0.0626  val_loss=0.0621  val_qwk=0.6040  val_acc=0.5147
/home/norak/R&I/kxs-/train.py:148: FutureWarning: `torch.cuda.amp.autocast(args...)` is deprecated. Please use `torch.amp.autocast('cuda', args...)` instead.
  with torch.cuda.amp.autocast():
/home/norak/R&I/kxs-/train.py:169: FutureWarning: `torch.cuda.amp.autocast(args...)` is deprecated. Please use `torch.amp.autocast('cuda', args...)` instead.
  with torch.cuda.amp.autocast():
    epoch  6  train_loss=0.0604  val_loss=0.0680  val_qwk=0.4399  val_acc=0.5147
/home/norak/R&I/kxs-/train.py:148: FutureWarning: `torch.cuda.amp.autocast(args...)` is deprecated. Please use `torch.amp.autocast('cuda', args...)` instead.
  with torch.cuda.amp.autocast():
/home/norak/R&I/kxs-/train.py:169: FutureWarning: `torch.cuda.amp.autocast(args...)` is deprecated. Please use `torch.amp.autocast('cuda', args...)` instead.
  with torch.cuda.amp.autocast():
    epoch  7  train_loss=0.0577  val_loss=0.0551  val_qwk=0.6224  val_acc=0.5294
/home/norak/R&I/kxs-/train.py:148: FutureWarning: `torch.cuda.amp.autocast(args...)` is deprecated. Please use `torch.amp.autocast('cuda', args...)` instead.
  with torch.cuda.amp.autocast():
/home/norak/R&I/kxs-/train.py:169: FutureWarning: `torch.cuda.amp.autocast(args...)` is deprecated. Please use `torch.amp.autocast('cuda', args...)` instead.
  with torch.cuda.amp.autocast():
    epoch  8  train_loss=0.0568  val_loss=0.0573  val_qwk=0.5650  val_acc=0.4632
/home/norak/R&I/kxs-/train.py:148: FutureWarning: `torch.cuda.amp.autocast(args...)` is deprecated. Please use `torch.amp.autocast('cuda', args...)` instead.
  with torch.cuda.amp.autocast():
/home/norak/R&I/kxs-/train.py:169: FutureWarning: `torch.cuda.amp.autocast(args...)` is deprecated. Please use `torch.amp.autocast('cuda', args...)` instead.
  with torch.cuda.amp.autocast():
    epoch  9  train_loss=0.0560  val_loss=0.0568  val_qwk=0.6296  val_acc=0.5588
/home/norak/R&I/kxs-/train.py:148: FutureWarning: `torch.cuda.amp.autocast(args...)` is deprecated. Please use `torch.amp.autocast('cuda', args...)` instead.
  with torch.cuda.amp.autocast():
/home/norak/R&I/kxs-/train.py:169: FutureWarning: `torch.cuda.amp.autocast(args...)` is deprecated. Please use `torch.amp.autocast('cuda', args...)` instead.
  with torch.cuda.amp.autocast():
    epoch 10  train_loss=0.0528  val_loss=0.0520  val_qwk=0.6319  val_acc=0.5441
/home/norak/R&I/kxs-/train.py:148: FutureWarning: `torch.cuda.amp.autocast(args...)` is deprecated. Please use `torch.amp.autocast('cuda', args...)` instead.
  with torch.cuda.amp.autocast():
/home/norak/R&I/kxs-/train.py:169: FutureWarning: `torch.cuda.amp.autocast(args...)` is deprecated. Please use `torch.amp.autocast('cuda', args...)` instead.
  with torch.cuda.amp.autocast():
    epoch 11  train_loss=0.0502  val_loss=0.0522  val_qwk=0.6256  val_acc=0.6029
/home/norak/R&I/kxs-/train.py:148: FutureWarning: `torch.cuda.amp.autocast(args...)` is deprecated. Please use `torch.amp.autocast('cuda', args...)` instead.
  with torch.cuda.amp.autocast():
/home/norak/R&I/kxs-/train.py:169: FutureWarning: `torch.cuda.amp.autocast(args...)` is deprecated. Please use `torch.amp.autocast('cuda', args...)` instead.
  with torch.cuda.amp.autocast():
    epoch 12  train_loss=0.0532  val_loss=0.0565  val_qwk=0.5922  val_acc=0.5441
/home/norak/R&I/kxs-/train.py:148: FutureWarning: `torch.cuda.amp.autocast(args...)` is deprecated. Please use `torch.amp.autocast('cuda', args...)` instead.
  with torch.cuda.amp.autocast():
/home/norak/R&I/kxs-/train.py:169: FutureWarning: `torch.cuda.amp.autocast(args...)` is deprecated. Please use `torch.amp.autocast('cuda', args...)` instead.
  with torch.cuda.amp.autocast():
    epoch 13  train_loss=0.0554  val_loss=0.0545  val_qwk=0.6201  val_acc=0.6029
/home/norak/R&I/kxs-/train.py:148: FutureWarning: `torch.cuda.amp.autocast(args...)` is deprecated. Please use `torch.amp.autocast('cuda', args...)` instead.
  with torch.cuda.amp.autocast():
/home/norak/R&I/kxs-/train.py:169: FutureWarning: `torch.cuda.amp.autocast(args...)` is deprecated. Please use `torch.amp.autocast('cuda', args...)` instead.
  with torch.cuda.amp.autocast():
    epoch 14  train_loss=0.0503  val_loss=0.0475  val_qwk=0.6584  val_acc=0.6250
/home/norak/R&I/kxs-/train.py:148: FutureWarning: `torch.cuda.amp.autocast(args...)` is deprecated. Please use `torch.amp.autocast('cuda', args...)` instead.
  with torch.cuda.amp.autocast():
/home/norak/R&I/kxs-/train.py:169: FutureWarning: `torch.cuda.amp.autocast(args...)` is deprecated. Please use `torch.amp.autocast('cuda', args...)` instead.
  with torch.cuda.amp.autocast():
    epoch 15  train_loss=0.0488  val_loss=0.0466  val_qwk=0.6566  val_acc=0.6176
/home/norak/R&I/kxs-/train.py:148: FutureWarning: `torch.cuda.amp.autocast(args...)` is deprecated. Please use `torch.amp.autocast('cuda', args...)` instead.
  with torch.cuda.amp.autocast():
/home/norak/R&I/kxs-/train.py:169: FutureWarning: `torch.cuda.amp.autocast(args...)` is deprecated. Please use `torch.amp.autocast('cuda', args...)` instead.
  with torch.cuda.amp.autocast():
    epoch 16  train_loss=0.0455  val_loss=0.0436  val_qwk=0.6943  val_acc=0.6618
/home/norak/R&I/kxs-/train.py:148: FutureWarning: `torch.cuda.amp.autocast(args...)` is deprecated. Please use `torch.amp.autocast('cuda', args...)` instead.
  with torch.cuda.amp.autocast():
/home/norak/R&I/kxs-/train.py:169: FutureWarning: `torch.cuda.amp.autocast(args...)` is deprecated. Please use `torch.amp.autocast('cuda', args...)` instead.
  with torch.cuda.amp.autocast():
    epoch 17  train_loss=0.0492  val_loss=0.0489  val_qwk=0.6389  val_acc=0.6250
/home/norak/R&I/kxs-/train.py:148: FutureWarning: `torch.cuda.amp.autocast(args...)` is deprecated. Please use `torch.amp.autocast('cuda', args...)` instead.
  with torch.cuda.amp.autocast():
/home/norak/R&I/kxs-/train.py:169: FutureWarning: `torch.cuda.amp.autocast(args...)` is deprecated. Please use `torch.amp.autocast('cuda', args...)` instead.
  with torch.cuda.amp.autocast():
    epoch 18  train_loss=0.0512  val_loss=0.0482  val_qwk=0.6580  val_acc=0.5368
/home/norak/R&I/kxs-/train.py:148: FutureWarning: `torch.cuda.amp.autocast(args...)` is deprecated. Please use `torch.amp.autocast('cuda', args...)` instead.
  with torch.cuda.amp.autocast():
/home/norak/R&I/kxs-/train.py:169: FutureWarning: `torch.cuda.amp.autocast(args...)` is deprecated. Please use `torch.amp.autocast('cuda', args...)` instead.
  with torch.cuda.amp.autocast():
    epoch 19  train_loss=0.0468  val_loss=0.0441  val_qwk=0.6942  val_acc=0.6471
/home/norak/R&I/kxs-/train.py:148: FutureWarning: `torch.cuda.amp.autocast(args...)` is deprecated. Please use `torch.amp.autocast('cuda', args...)` instead.
  with torch.cuda.amp.autocast():
/home/norak/R&I/kxs-/train.py:169: FutureWarning: `torch.cuda.amp.autocast(args...)` is deprecated. Please use `torch.amp.autocast('cuda', args...)` instead.
  with torch.cuda.amp.autocast():
    epoch 20  train_loss=0.0464  val_loss=0.0466  val_qwk=0.6406  val_acc=0.5882
    early-stop at epoch 20 (best epoch=16, best_qwk=0.6943)
/home/norak/R&I/kxs-/train.py:169: FutureWarning: `torch.cuda.amp.autocast(args...)` is deprecated. Please use `torch.amp.autocast('cuda', args...)` instead.
  with torch.cuda.amp.autocast():
/home/norak/R&I/kxs-/train.py:169: FutureWarning: `torch.cuda.amp.autocast(args...)` is deprecated. Please use `torch.amp.autocast('cuda', args...)` instead.
  with torch.cuda.amp.autocast():
/home/norak/R&I/kxs-/train.py:169: FutureWarning: `torch.cuda.amp.autocast(args...)` is deprecated. Please use `torch.amp.autocast('cuda', args...)` instead.
  with torch.cuda.amp.autocast():
  [clean_ra_cross_mbert               ] train_qwk=0.7073 -> test_qwk=0.6399  raw_w1=0.6277  epoch=16  (71.8s)
Loading weights:   0%|          | 0/199 [00:00<?, ?it/s]Loading weights: 100%|██████████| 199/199 [00:00<00:00, 2823.03it/s]
[transformers] [1mXLMRobertaModel LOAD REPORT[0m from: xlm-roberta-base
Key                       | Status     |  | 
--------------------------+------------+--+-
lm_head.dense.weight      | UNEXPECTED |  | 
lm_head.layer_norm.weight | UNEXPECTED |  | 
lm_head.dense.bias        | UNEXPECTED |  | 
lm_head.layer_norm.bias   | UNEXPECTED |  | 
lm_head.bias              | UNEXPECTED |  | 

Notes:
- UNEXPECTED:	can be ignored when loading from different task/architecture; not ok if you expect identical arch.
/home/norak/R&I/kxs-/train.py:206: FutureWarning: `torch.cuda.amp.GradScaler(args...)` is deprecated. Please use `torch.amp.GradScaler('cuda', args...)` instead.
  scaler = torch.cuda.amp.GradScaler() if use_amp and device == "cuda" else None
/home/norak/R&I/kxs-/train.py:148: FutureWarning: `torch.cuda.amp.autocast(args...)` is deprecated. Please use `torch.amp.autocast('cuda', args...)` instead.
  with torch.cuda.amp.autocast():
/home/norak/R&I/kxs-/train.py:169: FutureWarning: `torch.cuda.amp.autocast(args...)` is deprecated. Please use `torch.amp.autocast('cuda', args...)` instead.
  with torch.cuda.amp.autocast():
    epoch  1  train_loss=0.0958  val_loss=0.0667  val_qwk=0.0000  val_acc=0.1324
/home/norak/R&I/kxs-/train.py:148: FutureWarning: `torch.cuda.amp.autocast(args...)` is deprecated. Please use `torch.amp.autocast('cuda', args...)` instead.
  with torch.cuda.amp.autocast():
/home/norak/R&I/kxs-/train.py:169: FutureWarning: `torch.cuda.amp.autocast(args...)` is deprecated. Please use `torch.amp.autocast('cuda', args...)` instead.
  with torch.cuda.amp.autocast():
    epoch  2  train_loss=0.0721  val_loss=0.0810  val_qwk=0.1117  val_acc=0.2059
/home/norak/R&I/kxs-/train.py:148: FutureWarning: `torch.cuda.amp.autocast(args...)` is deprecated. Please use `torch.amp.autocast('cuda', args...)` instead.
  with torch.cuda.amp.autocast():
/home/norak/R&I/kxs-/train.py:169: FutureWarning: `torch.cuda.amp.autocast(args...)` is deprecated. Please use `torch.amp.autocast('cuda', args...)` instead.
  with torch.cuda.amp.autocast():
    epoch  3  train_loss=0.0612  val_loss=0.0464  val_qwk=0.6529  val_acc=0.5294
/home/norak/R&I/kxs-/train.py:148: FutureWarning: `torch.cuda.amp.autocast(args...)` is deprecated. Please use `torch.amp.autocast('cuda', args...)` instead.
  with torch.cuda.amp.autocast():
/home/norak/R&I/kxs-/train.py:169: FutureWarning: `torch.cuda.amp.autocast(args...)` is deprecated. Please use `torch.amp.autocast('cuda', args...)` instead.
  with torch.cuda.amp.autocast():
    epoch  4  train_loss=0.0496  val_loss=0.0432  val_qwk=0.6442  val_acc=0.5147
/home/norak/R&I/kxs-/train.py:148: FutureWarning: `torch.cuda.amp.autocast(args...)` is deprecated. Please use `torch.amp.autocast('cuda', args...)` instead.
  with torch.cuda.amp.autocast():
/home/norak/R&I/kxs-/train.py:169: FutureWarning: `torch.cuda.amp.autocast(args...)` is deprecated. Please use `torch.amp.autocast('cuda', args...)` instead.
  with torch.cuda.amp.autocast():
    epoch  5  train_loss=0.0435  val_loss=0.0400  val_qwk=0.7056  val_acc=0.5294
/home/norak/R&I/kxs-/train.py:148: FutureWarning: `torch.cuda.amp.autocast(args...)` is deprecated. Please use `torch.amp.autocast('cuda', args...)` instead.
  with torch.cuda.amp.autocast():
/home/norak/R&I/kxs-/train.py:169: FutureWarning: `torch.cuda.amp.autocast(args...)` is deprecated. Please use `torch.amp.autocast('cuda', args...)` instead.
  with torch.cuda.amp.autocast():
    epoch  6  train_loss=0.0461  val_loss=0.0309  val_qwk=0.7378  val_acc=0.5368
/home/norak/R&I/kxs-/train.py:148: FutureWarning: `torch.cuda.amp.autocast(args...)` is deprecated. Please use `torch.amp.autocast('cuda', args...)` instead.
  with torch.cuda.amp.autocast():
/home/norak/R&I/kxs-/train.py:169: FutureWarning: `torch.cuda.amp.autocast(args...)` is deprecated. Please use `torch.amp.autocast('cuda', args...)` instead.
  with torch.cuda.amp.autocast():
    epoch  7  train_loss=0.0397  val_loss=0.0310  val_qwk=0.7562  val_acc=0.6103
/home/norak/R&I/kxs-/train.py:148: FutureWarning: `torch.cuda.amp.autocast(args...)` is deprecated. Please use `torch.amp.autocast('cuda', args...)` instead.
  with torch.cuda.amp.autocast():
/home/norak/R&I/kxs-/train.py:169: FutureWarning: `torch.cuda.amp.autocast(args...)` is deprecated. Please use `torch.amp.autocast('cuda', args...)` instead.
  with torch.cuda.amp.autocast():
    epoch  8  train_loss=0.0365  val_loss=0.0287  val_qwk=0.7822  val_acc=0.6397
/home/norak/R&I/kxs-/train.py:148: FutureWarning: `torch.cuda.amp.autocast(args...)` is deprecated. Please use `torch.amp.autocast('cuda', args...)` instead.
  with torch.cuda.amp.autocast():
/home/norak/R&I/kxs-/train.py:169: FutureWarning: `torch.cuda.amp.autocast(args...)` is deprecated. Please use `torch.amp.autocast('cuda', args...)` instead.
  with torch.cuda.amp.autocast():
    epoch  9  train_loss=0.0331  val_loss=0.0349  val_qwk=0.7211  val_acc=0.6250
/home/norak/R&I/kxs-/train.py:148: FutureWarning: `torch.cuda.amp.autocast(args...)` is deprecated. Please use `torch.amp.autocast('cuda', args...)` instead.
  with torch.cuda.amp.autocast():
/home/norak/R&I/kxs-/train.py:169: FutureWarning: `torch.cuda.amp.autocast(args...)` is deprecated. Please use `torch.amp.autocast('cuda', args...)` instead.
  with torch.cuda.amp.autocast():
    epoch 10  train_loss=0.0342  val_loss=0.0268  val_qwk=0.8274  val_acc=0.7132
/home/norak/R&I/kxs-/train.py:148: FutureWarning: `torch.cuda.amp.autocast(args...)` is deprecated. Please use `torch.amp.autocast('cuda', args...)` instead.
  with torch.cuda.amp.autocast():
/home/norak/R&I/kxs-/train.py:169: FutureWarning: `torch.cuda.amp.autocast(args...)` is deprecated. Please use `torch.amp.autocast('cuda', args...)` instead.
  with torch.cuda.amp.autocast():
    epoch 11  train_loss=0.0298  val_loss=0.0225  val_qwk=0.8686  val_acc=0.7500
/home/norak/R&I/kxs-/train.py:148: FutureWarning: `torch.cuda.amp.autocast(args...)` is deprecated. Please use `torch.amp.autocast('cuda', args...)` instead.
  with torch.cuda.amp.autocast():
/home/norak/R&I/kxs-/train.py:169: FutureWarning: `torch.cuda.amp.autocast(args...)` is deprecated. Please use `torch.amp.autocast('cuda', args...)` instead.
  with torch.cuda.amp.autocast():
    epoch 12  train_loss=0.0248  val_loss=0.0243  val_qwk=0.8544  val_acc=0.7206
/home/norak/R&I/kxs-/train.py:148: FutureWarning: `torch.cuda.amp.autocast(args...)` is deprecated. Please use `torch.amp.autocast('cuda', args...)` instead.
  with torch.cuda.amp.autocast():
/home/norak/R&I/kxs-/train.py:169: FutureWarning: `torch.cuda.amp.autocast(args...)` is deprecated. Please use `torch.amp.autocast('cuda', args...)` instead.
  with torch.cuda.amp.autocast():
    epoch 13  train_loss=0.0250  val_loss=0.0216  val_qwk=0.8581  val_acc=0.7500
/home/norak/R&I/kxs-/train.py:148: FutureWarning: `torch.cuda.amp.autocast(args...)` is deprecated. Please use `torch.amp.autocast('cuda', args...)` instead.
  with torch.cuda.amp.autocast():
/home/norak/R&I/kxs-/train.py:169: FutureWarning: `torch.cuda.amp.autocast(args...)` is deprecated. Please use `torch.amp.autocast('cuda', args...)` instead.
  with torch.cuda.amp.autocast():
    epoch 14  train_loss=0.0232  val_loss=0.0223  val_qwk=0.8388  val_acc=0.6912
/home/norak/R&I/kxs-/train.py:148: FutureWarning: `torch.cuda.amp.autocast(args...)` is deprecated. Please use `torch.amp.autocast('cuda', args...)` instead.
  with torch.cuda.amp.autocast():
/home/norak/R&I/kxs-/train.py:169: FutureWarning: `torch.cuda.amp.autocast(args...)` is deprecated. Please use `torch.amp.autocast('cuda', args...)` instead.
  with torch.cuda.amp.autocast():
    epoch 15  train_loss=0.0198  val_loss=0.0237  val_qwk=0.8492  val_acc=0.7279
    early-stop at epoch 15 (best epoch=11, best_qwk=0.8686)
/home/norak/R&I/kxs-/train.py:169: FutureWarning: `torch.cuda.amp.autocast(args...)` is deprecated. Please use `torch.amp.autocast('cuda', args...)` instead.
  with torch.cuda.amp.autocast():
/home/norak/R&I/kxs-/train.py:169: FutureWarning: `torch.cuda.amp.autocast(args...)` is deprecated. Please use `torch.amp.autocast('cuda', args...)` instead.
  with torch.cuda.amp.autocast():
/home/norak/R&I/kxs-/train.py:169: FutureWarning: `torch.cuda.amp.autocast(args...)` is deprecated. Please use `torch.amp.autocast('cuda', args...)` instead.
  with torch.cuda.amp.autocast():
  [clean_ra_cross_xlmr                ] train_qwk=0.8569 -> test_qwk=0.7977  raw_w1=0.7518  epoch=11  (67.8s)
Loading weights:   0%|          | 0/136 [00:00<?, ?it/s]Loading weights:   3%|▎         | 4/136 [00:00<00:04, 30.84it/s]Loading weights: 100%|██████████| 136/136 [00:00<00:00, 917.73it/s]
[transformers] [1mNewModel LOAD REPORT[0m from: Alibaba-NLP/gte-multilingual-base
Key               | Status     |  | 
------------------+------------+--+-
classifier.bias   | UNEXPECTED |  | 
classifier.weight | UNEXPECTED |  | 

Notes:
- UNEXPECTED:	can be ignored when loading from different task/architecture; not ok if you expect identical arch.
/home/norak/R&I/kxs-/train.py:206: FutureWarning: `torch.cuda.amp.GradScaler(args...)` is deprecated. Please use `torch.amp.GradScaler('cuda', args...)` instead.
  scaler = torch.cuda.amp.GradScaler() if use_amp and device == "cuda" else None
/home/norak/R&I/kxs-/train.py:148: FutureWarning: `torch.cuda.amp.autocast(args...)` is deprecated. Please use `torch.amp.autocast('cuda', args...)` instead.
  with torch.cuda.amp.autocast():
/home/norak/R&I/kxs-/train.py:169: FutureWarning: `torch.cuda.amp.autocast(args...)` is deprecated. Please use `torch.amp.autocast('cuda', args...)` instead.
  with torch.cuda.amp.autocast():
    epoch  1  train_loss=0.0776  val_loss=0.0486  val_qwk=0.5888  val_acc=0.5074
/home/norak/R&I/kxs-/train.py:148: FutureWarning: `torch.cuda.amp.autocast(args...)` is deprecated. Please use `torch.amp.autocast('cuda', args...)` instead.
  with torch.cuda.amp.autocast():
/home/norak/R&I/kxs-/train.py:169: FutureWarning: `torch.cuda.amp.autocast(args...)` is deprecated. Please use `torch.amp.autocast('cuda', args...)` instead.
  with torch.cuda.amp.autocast():
    epoch  2  train_loss=0.0527  val_loss=0.0386  val_qwk=0.6699  val_acc=0.5662
/home/norak/R&I/kxs-/train.py:148: FutureWarning: `torch.cuda.amp.autocast(args...)` is deprecated. Please use `torch.amp.autocast('cuda', args...)` instead.
  with torch.cuda.amp.autocast():
/home/norak/R&I/kxs-/train.py:169: FutureWarning: `torch.cuda.amp.autocast(args...)` is deprecated. Please use `torch.amp.autocast('cuda', args...)` instead.
  with torch.cuda.amp.autocast():
    epoch  3  train_loss=0.0438  val_loss=0.0332  val_qwk=0.7678  val_acc=0.6471
/home/norak/R&I/kxs-/train.py:148: FutureWarning: `torch.cuda.amp.autocast(args...)` is deprecated. Please use `torch.amp.autocast('cuda', args...)` instead.
  with torch.cuda.amp.autocast():
/home/norak/R&I/kxs-/train.py:169: FutureWarning: `torch.cuda.amp.autocast(args...)` is deprecated. Please use `torch.amp.autocast('cuda', args...)` instead.
  with torch.cuda.amp.autocast():
    epoch  4  train_loss=0.0357  val_loss=0.0295  val_qwk=0.7970  val_acc=0.6838
/home/norak/R&I/kxs-/train.py:148: FutureWarning: `torch.cuda.amp.autocast(args...)` is deprecated. Please use `torch.amp.autocast('cuda', args...)` instead.
  with torch.cuda.amp.autocast():
/home/norak/R&I/kxs-/train.py:169: FutureWarning: `torch.cuda.amp.autocast(args...)` is deprecated. Please use `torch.amp.autocast('cuda', args...)` instead.
  with torch.cuda.amp.autocast():
    epoch  5  train_loss=0.0296  val_loss=0.0299  val_qwk=0.7847  val_acc=0.6691
/home/norak/R&I/kxs-/train.py:148: FutureWarning: `torch.cuda.amp.autocast(args...)` is deprecated. Please use `torch.amp.autocast('cuda', args...)` instead.
  with torch.cuda.amp.autocast():
/home/norak/R&I/kxs-/train.py:169: FutureWarning: `torch.cuda.amp.autocast(args...)` is deprecated. Please use `torch.amp.autocast('cuda', args...)` instead.
  with torch.cuda.amp.autocast():
    epoch  6  train_loss=0.0263  val_loss=0.0288  val_qwk=0.8182  val_acc=0.7353
/home/norak/R&I/kxs-/train.py:148: FutureWarning: `torch.cuda.amp.autocast(args...)` is deprecated. Please use `torch.amp.autocast('cuda', args...)` instead.
  with torch.cuda.amp.autocast():
/home/norak/R&I/kxs-/train.py:169: FutureWarning: `torch.cuda.amp.autocast(args...)` is deprecated. Please use `torch.amp.autocast('cuda', args...)` instead.
  with torch.cuda.amp.autocast():
    epoch  7  train_loss=0.0250  val_loss=0.0241  val_qwk=0.8671  val_acc=0.7500
/home/norak/R&I/kxs-/train.py:148: FutureWarning: `torch.cuda.amp.autocast(args...)` is deprecated. Please use `torch.amp.autocast('cuda', args...)` instead.
  with torch.cuda.amp.autocast():
/home/norak/R&I/kxs-/train.py:169: FutureWarning: `torch.cuda.amp.autocast(args...)` is deprecated. Please use `torch.amp.autocast('cuda', args...)` instead.
  with torch.cuda.amp.autocast():
    epoch  8  train_loss=0.0228  val_loss=0.0219  val_qwk=0.8443  val_acc=0.7794
/home/norak/R&I/kxs-/train.py:148: FutureWarning: `torch.cuda.amp.autocast(args...)` is deprecated. Please use `torch.amp.autocast('cuda', args...)` instead.
  with torch.cuda.amp.autocast():
/home/norak/R&I/kxs-/train.py:169: FutureWarning: `torch.cuda.amp.autocast(args...)` is deprecated. Please use `torch.amp.autocast('cuda', args...)` instead.
  with torch.cuda.amp.autocast():
    epoch  9  train_loss=0.0193  val_loss=0.0266  val_qwk=0.8069  val_acc=0.7279
/home/norak/R&I/kxs-/train.py:148: FutureWarning: `torch.cuda.amp.autocast(args...)` is deprecated. Please use `torch.amp.autocast('cuda', args...)` instead.
  with torch.cuda.amp.autocast():
/home/norak/R&I/kxs-/train.py:169: FutureWarning: `torch.cuda.amp.autocast(args...)` is deprecated. Please use `torch.amp.autocast('cuda', args...)` instead.
  with torch.cuda.amp.autocast():
    epoch 10  train_loss=0.0186  val_loss=0.0209  val_qwk=0.8619  val_acc=0.7574
/home/norak/R&I/kxs-/train.py:148: FutureWarning: `torch.cuda.amp.autocast(args...)` is deprecated. Please use `torch.amp.autocast('cuda', args...)` instead.
  with torch.cuda.amp.autocast():
/home/norak/R&I/kxs-/train.py:169: FutureWarning: `torch.cuda.amp.autocast(args...)` is deprecated. Please use `torch.amp.autocast('cuda', args...)` instead.
  with torch.cuda.amp.autocast():
    epoch 11  train_loss=0.0165  val_loss=0.0224  val_qwk=0.8725  val_acc=0.7574
/home/norak/R&I/kxs-/train.py:148: FutureWarning: `torch.cuda.amp.autocast(args...)` is deprecated. Please use `torch.amp.autocast('cuda', args...)` instead.
  with torch.cuda.amp.autocast():
/home/norak/R&I/kxs-/train.py:169: FutureWarning: `torch.cuda.amp.autocast(args...)` is deprecated. Please use `torch.amp.autocast('cuda', args...)` instead.
  with torch.cuda.amp.autocast():
    epoch 12  train_loss=0.0160  val_loss=0.0228  val_qwk=0.8713  val_acc=0.7574
/home/norak/R&I/kxs-/train.py:148: FutureWarning: `torch.cuda.amp.autocast(args...)` is deprecated. Please use `torch.amp.autocast('cuda', args...)` instead.
  with torch.cuda.amp.autocast():
/home/norak/R&I/kxs-/train.py:169: FutureWarning: `torch.cuda.amp.autocast(args...)` is deprecated. Please use `torch.amp.autocast('cuda', args...)` instead.
  with torch.cuda.amp.autocast():
    epoch 13  train_loss=0.0156  val_loss=0.0233  val_qwk=0.8734  val_acc=0.7574
/home/norak/R&I/kxs-/train.py:148: FutureWarning: `torch.cuda.amp.autocast(args...)` is deprecated. Please use `torch.amp.autocast('cuda', args...)` instead.
  with torch.cuda.amp.autocast():
/home/norak/R&I/kxs-/train.py:169: FutureWarning: `torch.cuda.amp.autocast(args...)` is deprecated. Please use `torch.amp.autocast('cuda', args...)` instead.
  with torch.cuda.amp.autocast():
    epoch 14  train_loss=0.0133  val_loss=0.0275  val_qwk=0.8055  val_acc=0.6691
/home/norak/R&I/kxs-/train.py:148: FutureWarning: `torch.cuda.amp.autocast(args...)` is deprecated. Please use `torch.amp.autocast('cuda', args...)` instead.
  with torch.cuda.amp.autocast():
/home/norak/R&I/kxs-/train.py:169: FutureWarning: `torch.cuda.amp.autocast(args...)` is deprecated. Please use `torch.amp.autocast('cuda', args...)` instead.
  with torch.cuda.amp.autocast():
    epoch 15  train_loss=0.0124  val_loss=0.0209  val_qwk=0.8778  val_acc=0.7500
/home/norak/R&I/kxs-/train.py:148: FutureWarning: `torch.cuda.amp.autocast(args...)` is deprecated. Please use `torch.amp.autocast('cuda', args...)` instead.
  with torch.cuda.amp.autocast():
/home/norak/R&I/kxs-/train.py:169: FutureWarning: `torch.cuda.amp.autocast(args...)` is deprecated. Please use `torch.amp.autocast('cuda', args...)` instead.
  with torch.cuda.amp.autocast():
    epoch 16  train_loss=0.0116  val_loss=0.0215  val_qwk=0.8559  val_acc=0.7647
/home/norak/R&I/kxs-/train.py:148: FutureWarning: `torch.cuda.amp.autocast(args...)` is deprecated. Please use `torch.amp.autocast('cuda', args...)` instead.
  with torch.cuda.amp.autocast():
/home/norak/R&I/kxs-/train.py:169: FutureWarning: `torch.cuda.amp.autocast(args...)` is deprecated. Please use `torch.amp.autocast('cuda', args...)` instead.
  with torch.cuda.amp.autocast():
    epoch 17  train_loss=0.0126  val_loss=0.0199  val_qwk=0.8774  val_acc=0.7721
/home/norak/R&I/kxs-/train.py:148: FutureWarning: `torch.cuda.amp.autocast(args...)` is deprecated. Please use `torch.amp.autocast('cuda', args...)` instead.
  with torch.cuda.amp.autocast():
/home/norak/R&I/kxs-/train.py:169: FutureWarning: `torch.cuda.amp.autocast(args...)` is deprecated. Please use `torch.amp.autocast('cuda', args...)` instead.
  with torch.cuda.amp.autocast():
    epoch 18  train_loss=0.0095  val_loss=0.0208  val_qwk=0.8885  val_acc=0.7353
/home/norak/R&I/kxs-/train.py:148: FutureWarning: `torch.cuda.amp.autocast(args...)` is deprecated. Please use `torch.amp.autocast('cuda', args...)` instead.
  with torch.cuda.amp.autocast():
/home/norak/R&I/kxs-/train.py:169: FutureWarning: `torch.cuda.amp.autocast(args...)` is deprecated. Please use `torch.amp.autocast('cuda', args...)` instead.
  with torch.cuda.amp.autocast():
    epoch 19  train_loss=0.0115  val_loss=0.0218  val_qwk=0.8754  val_acc=0.7647
/home/norak/R&I/kxs-/train.py:148: FutureWarning: `torch.cuda.amp.autocast(args...)` is deprecated. Please use `torch.amp.autocast('cuda', args...)` instead.
  with torch.cuda.amp.autocast():
/home/norak/R&I/kxs-/train.py:169: FutureWarning: `torch.cuda.amp.autocast(args...)` is deprecated. Please use `torch.amp.autocast('cuda', args...)` instead.
  with torch.cuda.amp.autocast():
    epoch 20  train_loss=0.0079  val_loss=0.0212  val_qwk=0.8573  val_acc=0.6912
/home/norak/R&I/kxs-/train.py:169: FutureWarning: `torch.cuda.amp.autocast(args...)` is deprecated. Please use `torch.amp.autocast('cuda', args...)` instead.
  with torch.cuda.amp.autocast():
/home/norak/R&I/kxs-/train.py:169: FutureWarning: `torch.cuda.amp.autocast(args...)` is deprecated. Please use `torch.amp.autocast('cuda', args...)` instead.
  with torch.cuda.amp.autocast():
/home/norak/R&I/kxs-/train.py:169: FutureWarning: `torch.cuda.amp.autocast(args...)` is deprecated. Please use `torch.amp.autocast('cuda', args...)` instead.
  with torch.cuda.amp.autocast():
  [clean_ra_cross_gte                 ] train_qwk=0.9198 -> test_qwk=0.7487  raw_w1=0.7372  epoch=18  (95.7s)
Loading weights:   0%|          | 0/199 [00:00<?, ?it/s]Loading weights: 100%|██████████| 199/199 [00:00<00:00, 3002.45it/s]
[transformers] [1mBertModel LOAD REPORT[0m from: bert-base-multilingual-cased
Key                                        | Status     |  | 
-------------------------------------------+------------+--+-
cls.predictions.transform.dense.weight     | UNEXPECTED |  | 
cls.seq_relationship.weight                | UNEXPECTED |  | 
cls.seq_relationship.bias                  | UNEXPECTED |  | 
cls.predictions.transform.LayerNorm.bias   | UNEXPECTED |  | 
cls.predictions.bias                       | UNEXPECTED |  | 
cls.predictions.transform.dense.bias       | UNEXPECTED |  | 
cls.predictions.transform.LayerNorm.weight | UNEXPECTED |  | 

Notes:
- UNEXPECTED:	can be ignored when loading from different task/architecture; not ok if you expect identical arch.
/home/norak/R&I/kxs-/train.py:206: FutureWarning: `torch.cuda.amp.GradScaler(args...)` is deprecated. Please use `torch.amp.GradScaler('cuda', args...)` instead.
  scaler = torch.cuda.amp.GradScaler() if use_amp and device == "cuda" else None
/home/norak/R&I/kxs-/train.py:148: FutureWarning: `torch.cuda.amp.autocast(args...)` is deprecated. Please use `torch.amp.autocast('cuda', args...)` instead.
  with torch.cuda.amp.autocast():
/home/norak/R&I/kxs-/train.py:169: FutureWarning: `torch.cuda.amp.autocast(args...)` is deprecated. Please use `torch.amp.autocast('cuda', args...)` instead.
  with torch.cuda.amp.autocast():
    epoch  1  train_loss=0.0813  val_loss=0.0717  val_qwk=0.1373  val_acc=0.1912
/home/norak/R&I/kxs-/train.py:148: FutureWarning: `torch.cuda.amp.autocast(args...)` is deprecated. Please use `torch.amp.autocast('cuda', args...)` instead.
  with torch.cuda.amp.autocast():
/home/norak/R&I/kxs-/train.py:169: FutureWarning: `torch.cuda.amp.autocast(args...)` is deprecated. Please use `torch.amp.autocast('cuda', args...)` instead.
  with torch.cuda.amp.autocast():
    epoch  2  train_loss=0.0656  val_loss=0.0553  val_qwk=0.4436  val_acc=0.3529
/home/norak/R&I/kxs-/train.py:148: FutureWarning: `torch.cuda.amp.autocast(args...)` is deprecated. Please use `torch.amp.autocast('cuda', args...)` instead.
  with torch.cuda.amp.autocast():
/home/norak/R&I/kxs-/train.py:169: FutureWarning: `torch.cuda.amp.autocast(args...)` is deprecated. Please use `torch.amp.autocast('cuda', args...)` instead.
  with torch.cuda.amp.autocast():
    epoch  3  train_loss=0.0587  val_loss=0.0767  val_qwk=0.3094  val_acc=0.2353
/home/norak/R&I/kxs-/train.py:148: FutureWarning: `torch.cuda.amp.autocast(args...)` is deprecated. Please use `torch.amp.autocast('cuda', args...)` instead.
  with torch.cuda.amp.autocast():
/home/norak/R&I/kxs-/train.py:169: FutureWarning: `torch.cuda.amp.autocast(args...)` is deprecated. Please use `torch.amp.autocast('cuda', args...)` instead.
  with torch.cuda.amp.autocast():
    epoch  4  train_loss=0.0582  val_loss=0.0472  val_qwk=0.6423  val_acc=0.5809
/home/norak/R&I/kxs-/train.py:148: FutureWarning: `torch.cuda.amp.autocast(args...)` is deprecated. Please use `torch.amp.autocast('cuda', args...)` instead.
  with torch.cuda.amp.autocast():
/home/norak/R&I/kxs-/train.py:169: FutureWarning: `torch.cuda.amp.autocast(args...)` is deprecated. Please use `torch.amp.autocast('cuda', args...)` instead.
  with torch.cuda.amp.autocast():
    epoch  5  train_loss=0.0526  val_loss=0.0499  val_qwk=0.5762  val_acc=0.5809
/home/norak/R&I/kxs-/train.py:148: FutureWarning: `torch.cuda.amp.autocast(args...)` is deprecated. Please use `torch.amp.autocast('cuda', args...)` instead.
  with torch.cuda.amp.autocast():
/home/norak/R&I/kxs-/train.py:169: FutureWarning: `torch.cuda.amp.autocast(args...)` is deprecated. Please use `torch.amp.autocast('cuda', args...)` instead.
  with torch.cuda.amp.autocast():
    epoch  6  train_loss=0.0505  val_loss=0.0442  val_qwk=0.6192  val_acc=0.6029
/home/norak/R&I/kxs-/train.py:148: FutureWarning: `torch.cuda.amp.autocast(args...)` is deprecated. Please use `torch.amp.autocast('cuda', args...)` instead.
  with torch.cuda.amp.autocast():
/home/norak/R&I/kxs-/train.py:169: FutureWarning: `torch.cuda.amp.autocast(args...)` is deprecated. Please use `torch.amp.autocast('cuda', args...)` instead.
  with torch.cuda.amp.autocast():
    epoch  7  train_loss=0.0490  val_loss=0.0459  val_qwk=0.6364  val_acc=0.3824
/home/norak/R&I/kxs-/train.py:148: FutureWarning: `torch.cuda.amp.autocast(args...)` is deprecated. Please use `torch.amp.autocast('cuda', args...)` instead.
  with torch.cuda.amp.autocast():
/home/norak/R&I/kxs-/train.py:169: FutureWarning: `torch.cuda.amp.autocast(args...)` is deprecated. Please use `torch.amp.autocast('cuda', args...)` instead.
  with torch.cuda.amp.autocast():
    epoch  8  train_loss=0.0503  val_loss=0.0463  val_qwk=0.6470  val_acc=0.6029
/home/norak/R&I/kxs-/train.py:148: FutureWarning: `torch.cuda.amp.autocast(args...)` is deprecated. Please use `torch.amp.autocast('cuda', args...)` instead.
  with torch.cuda.amp.autocast():
/home/norak/R&I/kxs-/train.py:169: FutureWarning: `torch.cuda.amp.autocast(args...)` is deprecated. Please use `torch.amp.autocast('cuda', args...)` instead.
  with torch.cuda.amp.autocast():
    epoch  9  train_loss=0.0457  val_loss=0.0421  val_qwk=0.6537  val_acc=0.6103
/home/norak/R&I/kxs-/train.py:148: FutureWarning: `torch.cuda.amp.autocast(args...)` is deprecated. Please use `torch.amp.autocast('cuda', args...)` instead.
  with torch.cuda.amp.autocast():
/home/norak/R&I/kxs-/train.py:169: FutureWarning: `torch.cuda.amp.autocast(args...)` is deprecated. Please use `torch.amp.autocast('cuda', args...)` instead.
  with torch.cuda.amp.autocast():
    epoch 10  train_loss=0.0476  val_loss=0.0423  val_qwk=0.6672  val_acc=0.6029
/home/norak/R&I/kxs-/train.py:148: FutureWarning: `torch.cuda.amp.autocast(args...)` is deprecated. Please use `torch.amp.autocast('cuda', args...)` instead.
  with torch.cuda.amp.autocast():
/home/norak/R&I/kxs-/train.py:169: FutureWarning: `torch.cuda.amp.autocast(args...)` is deprecated. Please use `torch.amp.autocast('cuda', args...)` instead.
  with torch.cuda.amp.autocast():
    epoch 11  train_loss=0.0467  val_loss=0.0411  val_qwk=0.6823  val_acc=0.5882
/home/norak/R&I/kxs-/train.py:148: FutureWarning: `torch.cuda.amp.autocast(args...)` is deprecated. Please use `torch.amp.autocast('cuda', args...)` instead.
  with torch.cuda.amp.autocast():
/home/norak/R&I/kxs-/train.py:169: FutureWarning: `torch.cuda.amp.autocast(args...)` is deprecated. Please use `torch.amp.autocast('cuda', args...)` instead.
  with torch.cuda.amp.autocast():
    epoch 12  train_loss=0.0462  val_loss=0.0423  val_qwk=0.6375  val_acc=0.5882
/home/norak/R&I/kxs-/train.py:148: FutureWarning: `torch.cuda.amp.autocast(args...)` is deprecated. Please use `torch.amp.autocast('cuda', args...)` instead.
  with torch.cuda.amp.autocast():
/home/norak/R&I/kxs-/train.py:169: FutureWarning: `torch.cuda.amp.autocast(args...)` is deprecated. Please use `torch.amp.autocast('cuda', args...)` instead.
  with torch.cuda.amp.autocast():
    epoch 13  train_loss=0.0433  val_loss=0.0469  val_qwk=0.6321  val_acc=0.6544
/home/norak/R&I/kxs-/train.py:148: FutureWarning: `torch.cuda.amp.autocast(args...)` is deprecated. Please use `torch.amp.autocast('cuda', args...)` instead.
  with torch.cuda.amp.autocast():
/home/norak/R&I/kxs-/train.py:169: FutureWarning: `torch.cuda.amp.autocast(args...)` is deprecated. Please use `torch.amp.autocast('cuda', args...)` instead.
  with torch.cuda.amp.autocast():
    epoch 14  train_loss=0.0445  val_loss=0.0404  val_qwk=0.6749  val_acc=0.6250
/home/norak/R&I/kxs-/train.py:148: FutureWarning: `torch.cuda.amp.autocast(args...)` is deprecated. Please use `torch.amp.autocast('cuda', args...)` instead.
  with torch.cuda.amp.autocast():
/home/norak/R&I/kxs-/train.py:169: FutureWarning: `torch.cuda.amp.autocast(args...)` is deprecated. Please use `torch.amp.autocast('cuda', args...)` instead.
  with torch.cuda.amp.autocast():
    epoch 15  train_loss=0.0459  val_loss=0.0400  val_qwk=0.6580  val_acc=0.5588
    early-stop at epoch 15 (best epoch=11, best_qwk=0.6823)
/home/norak/R&I/kxs-/train.py:169: FutureWarning: `torch.cuda.amp.autocast(args...)` is deprecated. Please use `torch.amp.autocast('cuda', args...)` instead.
  with torch.cuda.amp.autocast():
/home/norak/R&I/kxs-/train.py:169: FutureWarning: `torch.cuda.amp.autocast(args...)` is deprecated. Please use `torch.amp.autocast('cuda', args...)` instead.
  with torch.cuda.amp.autocast():
/home/norak/R&I/kxs-/train.py:169: FutureWarning: `torch.cuda.amp.autocast(args...)` is deprecated. Please use `torch.amp.autocast('cuda', args...)` instead.
  with torch.cuda.amp.autocast():
  [clean_qar_dual_mbert               ] train_qwk=0.6640 -> test_qwk=0.6491  raw_w1=0.5693  epoch=11  (90.5s)
Loading weights:   0%|          | 0/199 [00:00<?, ?it/s]Loading weights: 100%|██████████| 199/199 [00:00<00:00, 2961.14it/s]
[transformers] [1mXLMRobertaModel LOAD REPORT[0m from: xlm-roberta-base
Key                       | Status     |  | 
--------------------------+------------+--+-
lm_head.dense.weight      | UNEXPECTED |  | 
lm_head.layer_norm.weight | UNEXPECTED |  | 
lm_head.dense.bias        | UNEXPECTED |  | 
lm_head.layer_norm.bias   | UNEXPECTED |  | 
lm_head.bias              | UNEXPECTED |  | 

Notes:
- UNEXPECTED:	can be ignored when loading from different task/architecture; not ok if you expect identical arch.
/home/norak/R&I/kxs-/train.py:206: FutureWarning: `torch.cuda.amp.GradScaler(args...)` is deprecated. Please use `torch.amp.GradScaler('cuda', args...)` instead.
  scaler = torch.cuda.amp.GradScaler() if use_amp and device == "cuda" else None
/home/norak/R&I/kxs-/train.py:148: FutureWarning: `torch.cuda.amp.autocast(args...)` is deprecated. Please use `torch.amp.autocast('cuda', args...)` instead.
  with torch.cuda.amp.autocast():
/home/norak/R&I/kxs-/train.py:169: FutureWarning: `torch.cuda.amp.autocast(args...)` is deprecated. Please use `torch.amp.autocast('cuda', args...)` instead.
  with torch.cuda.amp.autocast():
    epoch  1  train_loss=0.1066  val_loss=0.0678  val_qwk=0.0930  val_acc=0.1471
/home/norak/R&I/kxs-/train.py:148: FutureWarning: `torch.cuda.amp.autocast(args...)` is deprecated. Please use `torch.amp.autocast('cuda', args...)` instead.
  with torch.cuda.amp.autocast():
/home/norak/R&I/kxs-/train.py:169: FutureWarning: `torch.cuda.amp.autocast(args...)` is deprecated. Please use `torch.amp.autocast('cuda', args...)` instead.
  with torch.cuda.amp.autocast():
    epoch  2  train_loss=0.0707  val_loss=0.0564  val_qwk=0.5844  val_acc=0.6103
/home/norak/R&I/kxs-/train.py:148: FutureWarning: `torch.cuda.amp.autocast(args...)` is deprecated. Please use `torch.amp.autocast('cuda', args...)` instead.
  with torch.cuda.amp.autocast():
/home/norak/R&I/kxs-/train.py:169: FutureWarning: `torch.cuda.amp.autocast(args...)` is deprecated. Please use `torch.amp.autocast('cuda', args...)` instead.
  with torch.cuda.amp.autocast():
    epoch  3  train_loss=0.0647  val_loss=0.0466  val_qwk=0.6156  val_acc=0.5515
/home/norak/R&I/kxs-/train.py:148: FutureWarning: `torch.cuda.amp.autocast(args...)` is deprecated. Please use `torch.amp.autocast('cuda', args...)` instead.
  with torch.cuda.amp.autocast():
/home/norak/R&I/kxs-/train.py:169: FutureWarning: `torch.cuda.amp.autocast(args...)` is deprecated. Please use `torch.amp.autocast('cuda', args...)` instead.
  with torch.cuda.amp.autocast():
    epoch  4  train_loss=0.0599  val_loss=0.0488  val_qwk=0.5941  val_acc=0.5809
/home/norak/R&I/kxs-/train.py:148: FutureWarning: `torch.cuda.amp.autocast(args...)` is deprecated. Please use `torch.amp.autocast('cuda', args...)` instead.
  with torch.cuda.amp.autocast():
/home/norak/R&I/kxs-/train.py:169: FutureWarning: `torch.cuda.amp.autocast(args...)` is deprecated. Please use `torch.amp.autocast('cuda', args...)` instead.
  with torch.cuda.amp.autocast():
    epoch  5  train_loss=0.0581  val_loss=0.0395  val_qwk=0.6646  val_acc=0.6103
/home/norak/R&I/kxs-/train.py:148: FutureWarning: `torch.cuda.amp.autocast(args...)` is deprecated. Please use `torch.amp.autocast('cuda', args...)` instead.
  with torch.cuda.amp.autocast():
/home/norak/R&I/kxs-/train.py:169: FutureWarning: `torch.cuda.amp.autocast(args...)` is deprecated. Please use `torch.amp.autocast('cuda', args...)` instead.
  with torch.cuda.amp.autocast():
    epoch  6  train_loss=0.0473  val_loss=0.0446  val_qwk=0.6797  val_acc=0.6324
/home/norak/R&I/kxs-/train.py:148: FutureWarning: `torch.cuda.amp.autocast(args...)` is deprecated. Please use `torch.amp.autocast('cuda', args...)` instead.
  with torch.cuda.amp.autocast():
/home/norak/R&I/kxs-/train.py:169: FutureWarning: `torch.cuda.amp.autocast(args...)` is deprecated. Please use `torch.amp.autocast('cuda', args...)` instead.
  with torch.cuda.amp.autocast():
    epoch  7  train_loss=0.0431  val_loss=0.0321  val_qwk=0.7505  val_acc=0.5882
/home/norak/R&I/kxs-/train.py:148: FutureWarning: `torch.cuda.amp.autocast(args...)` is deprecated. Please use `torch.amp.autocast('cuda', args...)` instead.
  with torch.cuda.amp.autocast():
/home/norak/R&I/kxs-/train.py:169: FutureWarning: `torch.cuda.amp.autocast(args...)` is deprecated. Please use `torch.amp.autocast('cuda', args...)` instead.
  with torch.cuda.amp.autocast():
    epoch  8  train_loss=0.0384  val_loss=0.0323  val_qwk=0.7664  val_acc=0.6029
/home/norak/R&I/kxs-/train.py:148: FutureWarning: `torch.cuda.amp.autocast(args...)` is deprecated. Please use `torch.amp.autocast('cuda', args...)` instead.
  with torch.cuda.amp.autocast():
/home/norak/R&I/kxs-/train.py:169: FutureWarning: `torch.cuda.amp.autocast(args...)` is deprecated. Please use `torch.amp.autocast('cuda', args...)` instead.
  with torch.cuda.amp.autocast():
    epoch  9  train_loss=0.0408  val_loss=0.0288  val_qwk=0.8214  val_acc=0.7059
/home/norak/R&I/kxs-/train.py:148: FutureWarning: `torch.cuda.amp.autocast(args...)` is deprecated. Please use `torch.amp.autocast('cuda', args...)` instead.
  with torch.cuda.amp.autocast():
/home/norak/R&I/kxs-/train.py:169: FutureWarning: `torch.cuda.amp.autocast(args...)` is deprecated. Please use `torch.amp.autocast('cuda', args...)` instead.
  with torch.cuda.amp.autocast():
    epoch 10  train_loss=0.0310  val_loss=0.0297  val_qwk=0.7992  val_acc=0.6544
/home/norak/R&I/kxs-/train.py:148: FutureWarning: `torch.cuda.amp.autocast(args...)` is deprecated. Please use `torch.amp.autocast('cuda', args...)` instead.
  with torch.cuda.amp.autocast():
/home/norak/R&I/kxs-/train.py:169: FutureWarning: `torch.cuda.amp.autocast(args...)` is deprecated. Please use `torch.amp.autocast('cuda', args...)` instead.
  with torch.cuda.amp.autocast():
    epoch 11  train_loss=0.0293  val_loss=0.0309  val_qwk=0.7538  val_acc=0.6912
/home/norak/R&I/kxs-/train.py:148: FutureWarning: `torch.cuda.amp.autocast(args...)` is deprecated. Please use `torch.amp.autocast('cuda', args...)` instead.
  with torch.cuda.amp.autocast():
/home/norak/R&I/kxs-/train.py:169: FutureWarning: `torch.cuda.amp.autocast(args...)` is deprecated. Please use `torch.amp.autocast('cuda', args...)` instead.
  with torch.cuda.amp.autocast():
    epoch 12  train_loss=0.0288  val_loss=0.0311  val_qwk=0.7587  val_acc=0.6544
/home/norak/R&I/kxs-/train.py:148: FutureWarning: `torch.cuda.amp.autocast(args...)` is deprecated. Please use `torch.amp.autocast('cuda', args...)` instead.
  with torch.cuda.amp.autocast():
/home/norak/R&I/kxs-/train.py:169: FutureWarning: `torch.cuda.amp.autocast(args...)` is deprecated. Please use `torch.amp.autocast('cuda', args...)` instead.
  with torch.cuda.amp.autocast():
    epoch 13  train_loss=0.0236  val_loss=0.0310  val_qwk=0.7635  val_acc=0.6691
    early-stop at epoch 13 (best epoch=9, best_qwk=0.8214)
/home/norak/R&I/kxs-/train.py:169: FutureWarning: `torch.cuda.amp.autocast(args...)` is deprecated. Please use `torch.amp.autocast('cuda', args...)` instead.
  with torch.cuda.amp.autocast():
/home/norak/R&I/kxs-/train.py:169: FutureWarning: `torch.cuda.amp.autocast(args...)` is deprecated. Please use `torch.amp.autocast('cuda', args...)` instead.
  with torch.cuda.amp.autocast():
/home/norak/R&I/kxs-/train.py:169: FutureWarning: `torch.cuda.amp.autocast(args...)` is deprecated. Please use `torch.amp.autocast('cuda', args...)` instead.
  with torch.cuda.amp.autocast():
  [clean_qar_dual_xlmr                ] train_qwk=0.8214 -> test_qwk=0.7641  raw_w1=0.6569  epoch=9  (83.6s)
Loading weights:   0%|          | 0/136 [00:00<?, ?it/s]Loading weights:   3%|▎         | 4/136 [00:00<00:04, 32.78it/s]Loading weights: 100%|██████████| 136/136 [00:00<00:00, 856.38it/s]
[transformers] [1mNewModel LOAD REPORT[0m from: Alibaba-NLP/gte-multilingual-base
Key               | Status     |  | 
------------------+------------+--+-
classifier.bias   | UNEXPECTED |  | 
classifier.weight | UNEXPECTED |  | 

Notes:
- UNEXPECTED:	can be ignored when loading from different task/architecture; not ok if you expect identical arch.
/home/norak/R&I/kxs-/train.py:206: FutureWarning: `torch.cuda.amp.GradScaler(args...)` is deprecated. Please use `torch.amp.GradScaler('cuda', args...)` instead.
  scaler = torch.cuda.amp.GradScaler() if use_amp and device == "cuda" else None
/home/norak/R&I/kxs-/train.py:148: FutureWarning: `torch.cuda.amp.autocast(args...)` is deprecated. Please use `torch.amp.autocast('cuda', args...)` instead.
  with torch.cuda.amp.autocast():
/home/norak/R&I/kxs-/train.py:169: FutureWarning: `torch.cuda.amp.autocast(args...)` is deprecated. Please use `torch.amp.autocast('cuda', args...)` instead.
  with torch.cuda.amp.autocast():
    epoch  1  train_loss=0.0832  val_loss=0.0515  val_qwk=0.5858  val_acc=0.4779
/home/norak/R&I/kxs-/train.py:148: FutureWarning: `torch.cuda.amp.autocast(args...)` is deprecated. Please use `torch.amp.autocast('cuda', args...)` instead.
  with torch.cuda.amp.autocast():
/home/norak/R&I/kxs-/train.py:169: FutureWarning: `torch.cuda.amp.autocast(args...)` is deprecated. Please use `torch.amp.autocast('cuda', args...)` instead.
  with torch.cuda.amp.autocast():
    epoch  2  train_loss=0.0484  val_loss=0.0333  val_qwk=0.7455  val_acc=0.5956
/home/norak/R&I/kxs-/train.py:148: FutureWarning: `torch.cuda.amp.autocast(args...)` is deprecated. Please use `torch.amp.autocast('cuda', args...)` instead.
  with torch.cuda.amp.autocast():
/home/norak/R&I/kxs-/train.py:169: FutureWarning: `torch.cuda.amp.autocast(args...)` is deprecated. Please use `torch.amp.autocast('cuda', args...)` instead.
  with torch.cuda.amp.autocast():
    epoch  3  train_loss=0.0356  val_loss=0.0294  val_qwk=0.8182  val_acc=0.6471
/home/norak/R&I/kxs-/train.py:148: FutureWarning: `torch.cuda.amp.autocast(args...)` is deprecated. Please use `torch.amp.autocast('cuda', args...)` instead.
  with torch.cuda.amp.autocast():
/home/norak/R&I/kxs-/train.py:169: FutureWarning: `torch.cuda.amp.autocast(args...)` is deprecated. Please use `torch.amp.autocast('cuda', args...)` instead.
  with torch.cuda.amp.autocast():
    epoch  4  train_loss=0.0286  val_loss=0.0294  val_qwk=0.7842  val_acc=0.6471
/home/norak/R&I/kxs-/train.py:148: FutureWarning: `torch.cuda.amp.autocast(args...)` is deprecated. Please use `torch.amp.autocast('cuda', args...)` instead.
  with torch.cuda.amp.autocast():
/home/norak/R&I/kxs-/train.py:169: FutureWarning: `torch.cuda.amp.autocast(args...)` is deprecated. Please use `torch.amp.autocast('cuda', args...)` instead.
  with torch.cuda.amp.autocast():
    epoch  5  train_loss=0.0259  val_loss=0.0294  val_qwk=0.8055  val_acc=0.6912
/home/norak/R&I/kxs-/train.py:148: FutureWarning: `torch.cuda.amp.autocast(args...)` is deprecated. Please use `torch.amp.autocast('cuda', args...)` instead.
  with torch.cuda.amp.autocast():
/home/norak/R&I/kxs-/train.py:169: FutureWarning: `torch.cuda.amp.autocast(args...)` is deprecated. Please use `torch.amp.autocast('cuda', args...)` instead.
  with torch.cuda.amp.autocast():
    epoch  6  train_loss=0.0210  val_loss=0.0248  val_qwk=0.8616  val_acc=0.7426
/home/norak/R&I/kxs-/train.py:148: FutureWarning: `torch.cuda.amp.autocast(args...)` is deprecated. Please use `torch.amp.autocast('cuda', args...)` instead.
  with torch.cuda.amp.autocast():
/home/norak/R&I/kxs-/train.py:169: FutureWarning: `torch.cuda.amp.autocast(args...)` is deprecated. Please use `torch.amp.autocast('cuda', args...)` instead.
  with torch.cuda.amp.autocast():
    epoch  7  train_loss=0.0176  val_loss=0.0199  val_qwk=0.8924  val_acc=0.7721
/home/norak/R&I/kxs-/train.py:148: FutureWarning: `torch.cuda.amp.autocast(args...)` is deprecated. Please use `torch.amp.autocast('cuda', args...)` instead.
  with torch.cuda.amp.autocast():
/home/norak/R&I/kxs-/train.py:169: FutureWarning: `torch.cuda.amp.autocast(args...)` is deprecated. Please use `torch.amp.autocast('cuda', args...)` instead.
  with torch.cuda.amp.autocast():
    epoch  8  train_loss=0.0147  val_loss=0.0244  val_qwk=0.8391  val_acc=0.6912
/home/norak/R&I/kxs-/train.py:148: FutureWarning: `torch.cuda.amp.autocast(args...)` is deprecated. Please use `torch.amp.autocast('cuda', args...)` instead.
  with torch.cuda.amp.autocast():
/home/norak/R&I/kxs-/train.py:169: FutureWarning: `torch.cuda.amp.autocast(args...)` is deprecated. Please use `torch.amp.autocast('cuda', args...)` instead.
  with torch.cuda.amp.autocast():
    epoch  9  train_loss=0.0130  val_loss=0.0289  val_qwk=0.8555  val_acc=0.7132
/home/norak/R&I/kxs-/train.py:148: FutureWarning: `torch.cuda.amp.autocast(args...)` is deprecated. Please use `torch.amp.autocast('cuda', args...)` instead.
  with torch.cuda.amp.autocast():
/home/norak/R&I/kxs-/train.py:169: FutureWarning: `torch.cuda.amp.autocast(args...)` is deprecated. Please use `torch.amp.autocast('cuda', args...)` instead.
  with torch.cuda.amp.autocast():
    epoch 10  train_loss=0.0128  val_loss=0.0245  val_qwk=0.8694  val_acc=0.7574
/home/norak/R&I/kxs-/train.py:148: FutureWarning: `torch.cuda.amp.autocast(args...)` is deprecated. Please use `torch.amp.autocast('cuda', args...)` instead.
  with torch.cuda.amp.autocast():
/home/norak/R&I/kxs-/train.py:169: FutureWarning: `torch.cuda.amp.autocast(args...)` is deprecated. Please use `torch.amp.autocast('cuda', args...)` instead.
  with torch.cuda.amp.autocast():
    epoch 11  train_loss=0.0112  val_loss=0.0233  val_qwk=0.8487  val_acc=0.7206
    early-stop at epoch 11 (best epoch=7, best_qwk=0.8924)
/home/norak/R&I/kxs-/train.py:169: FutureWarning: `torch.cuda.amp.autocast(args...)` is deprecated. Please use `torch.amp.autocast('cuda', args...)` instead.
  with torch.cuda.amp.autocast():
/home/norak/R&I/kxs-/train.py:169: FutureWarning: `torch.cuda.amp.autocast(args...)` is deprecated. Please use `torch.amp.autocast('cuda', args...)` instead.
  with torch.cuda.amp.autocast():
/home/norak/R&I/kxs-/train.py:169: FutureWarning: `torch.cuda.amp.autocast(args...)` is deprecated. Please use `torch.amp.autocast('cuda', args...)` instead.
  with torch.cuda.amp.autocast():
  [clean_qar_dual_gte                 ] train_qwk=0.9015 -> test_qwk=0.8047  raw_w1=0.7591  epoch=7  (84.9s)
Loading weights:   0%|          | 0/199 [00:00<?, ?it/s]Loading weights: 100%|██████████| 199/199 [00:00<00:00, 2947.62it/s]
[transformers] [1mBertModel LOAD REPORT[0m from: bert-base-multilingual-cased
Key                                        | Status     |  | 
-------------------------------------------+------------+--+-
cls.predictions.transform.dense.weight     | UNEXPECTED |  | 
cls.seq_relationship.weight                | UNEXPECTED |  | 
cls.seq_relationship.bias                  | UNEXPECTED |  | 
cls.predictions.transform.LayerNorm.bias   | UNEXPECTED |  | 
cls.predictions.bias                       | UNEXPECTED |  | 
cls.predictions.transform.dense.bias       | UNEXPECTED |  | 
cls.predictions.transform.LayerNorm.weight | UNEXPECTED |  | 

Notes:
- UNEXPECTED:	can be ignored when loading from different task/architecture; not ok if you expect identical arch.
/home/norak/R&I/kxs-/train.py:206: FutureWarning: `torch.cuda.amp.GradScaler(args...)` is deprecated. Please use `torch.amp.GradScaler('cuda', args...)` instead.
  scaler = torch.cuda.amp.GradScaler() if use_amp and device == "cuda" else None
/home/norak/R&I/kxs-/train.py:148: FutureWarning: `torch.cuda.amp.autocast(args...)` is deprecated. Please use `torch.amp.autocast('cuda', args...)` instead.
  with torch.cuda.amp.autocast():
/home/norak/R&I/kxs-/train.py:169: FutureWarning: `torch.cuda.amp.autocast(args...)` is deprecated. Please use `torch.amp.autocast('cuda', args...)` instead.
  with torch.cuda.amp.autocast():
    epoch  1  train_loss=0.0923  val_loss=0.0852  val_qwk=0.0000  val_acc=0.1324
/home/norak/R&I/kxs-/train.py:148: FutureWarning: `torch.cuda.amp.autocast(args...)` is deprecated. Please use `torch.amp.autocast('cuda', args...)` instead.
  with torch.cuda.amp.autocast():
/home/norak/R&I/kxs-/train.py:169: FutureWarning: `torch.cuda.amp.autocast(args...)` is deprecated. Please use `torch.amp.autocast('cuda', args...)` instead.
  with torch.cuda.amp.autocast():
    epoch  2  train_loss=0.0791  val_loss=0.0753  val_qwk=0.2317  val_acc=0.2794
/home/norak/R&I/kxs-/train.py:148: FutureWarning: `torch.cuda.amp.autocast(args...)` is deprecated. Please use `torch.amp.autocast('cuda', args...)` instead.
  with torch.cuda.amp.autocast():
/home/norak/R&I/kxs-/train.py:169: FutureWarning: `torch.cuda.amp.autocast(args...)` is deprecated. Please use `torch.amp.autocast('cuda', args...)` instead.
  with torch.cuda.amp.autocast():
    epoch  3  train_loss=0.0716  val_loss=0.0763  val_qwk=0.2927  val_acc=0.2868
/home/norak/R&I/kxs-/train.py:148: FutureWarning: `torch.cuda.amp.autocast(args...)` is deprecated. Please use `torch.amp.autocast('cuda', args...)` instead.
  with torch.cuda.amp.autocast():
/home/norak/R&I/kxs-/train.py:169: FutureWarning: `torch.cuda.amp.autocast(args...)` is deprecated. Please use `torch.amp.autocast('cuda', args...)` instead.
  with torch.cuda.amp.autocast():
    epoch  4  train_loss=0.0689  val_loss=0.0727  val_qwk=0.4600  val_acc=0.4118
/home/norak/R&I/kxs-/train.py:148: FutureWarning: `torch.cuda.amp.autocast(args...)` is deprecated. Please use `torch.amp.autocast('cuda', args...)` instead.
  with torch.cuda.amp.autocast():
/home/norak/R&I/kxs-/train.py:169: FutureWarning: `torch.cuda.amp.autocast(args...)` is deprecated. Please use `torch.amp.autocast('cuda', args...)` instead.
  with torch.cuda.amp.autocast():
    epoch  5  train_loss=0.0683  val_loss=0.0716  val_qwk=0.3855  val_acc=0.3750
/home/norak/R&I/kxs-/train.py:148: FutureWarning: `torch.cuda.amp.autocast(args...)` is deprecated. Please use `torch.amp.autocast('cuda', args...)` instead.
  with torch.cuda.amp.autocast():
/home/norak/R&I/kxs-/train.py:169: FutureWarning: `torch.cuda.amp.autocast(args...)` is deprecated. Please use `torch.amp.autocast('cuda', args...)` instead.
  with torch.cuda.amp.autocast():
    epoch  6  train_loss=0.0676  val_loss=0.0698  val_qwk=0.3628  val_acc=0.3015
/home/norak/R&I/kxs-/train.py:148: FutureWarning: `torch.cuda.amp.autocast(args...)` is deprecated. Please use `torch.amp.autocast('cuda', args...)` instead.
  with torch.cuda.amp.autocast():
/home/norak/R&I/kxs-/train.py:169: FutureWarning: `torch.cuda.amp.autocast(args...)` is deprecated. Please use `torch.amp.autocast('cuda', args...)` instead.
  with torch.cuda.amp.autocast():
    epoch  7  train_loss=0.0648  val_loss=0.0669  val_qwk=0.3877  val_acc=0.3235
/home/norak/R&I/kxs-/train.py:148: FutureWarning: `torch.cuda.amp.autocast(args...)` is deprecated. Please use `torch.amp.autocast('cuda', args...)` instead.
  with torch.cuda.amp.autocast():
/home/norak/R&I/kxs-/train.py:169: FutureWarning: `torch.cuda.amp.autocast(args...)` is deprecated. Please use `torch.amp.autocast('cuda', args...)` instead.
  with torch.cuda.amp.autocast():
    epoch  8  train_loss=0.0690  val_loss=0.0656  val_qwk=0.3577  val_acc=0.3088
    early-stop at epoch 8 (best epoch=4, best_qwk=0.4600)
/home/norak/R&I/kxs-/train.py:169: FutureWarning: `torch.cuda.amp.autocast(args...)` is deprecated. Please use `torch.amp.autocast('cuda', args...)` instead.
  with torch.cuda.amp.autocast():
/home/norak/R&I/kxs-/train.py:169: FutureWarning: `torch.cuda.amp.autocast(args...)` is deprecated. Please use `torch.amp.autocast('cuda', args...)` instead.
  with torch.cuda.amp.autocast():
/home/norak/R&I/kxs-/train.py:169: FutureWarning: `torch.cuda.amp.autocast(args...)` is deprecated. Please use `torch.amp.autocast('cuda', args...)` instead.
  with torch.cuda.amp.autocast():
  [clean_qar_cross_mbert              ] train_qwk=0.4160 -> test_qwk=0.3646  raw_w1=0.3139  epoch=4  (36.4s)
Loading weights:   0%|          | 0/199 [00:00<?, ?it/s]Loading weights: 100%|██████████| 199/199 [00:00<00:00, 3155.10it/s]
[transformers] [1mXLMRobertaModel LOAD REPORT[0m from: xlm-roberta-base
Key                       | Status     |  | 
--------------------------+------------+--+-
lm_head.dense.weight      | UNEXPECTED |  | 
lm_head.layer_norm.weight | UNEXPECTED |  | 
lm_head.dense.bias        | UNEXPECTED |  | 
lm_head.layer_norm.bias   | UNEXPECTED |  | 
lm_head.bias              | UNEXPECTED |  | 

Notes:
- UNEXPECTED:	can be ignored when loading from different task/architecture; not ok if you expect identical arch.
/home/norak/R&I/kxs-/train.py:206: FutureWarning: `torch.cuda.amp.GradScaler(args...)` is deprecated. Please use `torch.amp.GradScaler('cuda', args...)` instead.
  scaler = torch.cuda.amp.GradScaler() if use_amp and device == "cuda" else None
/home/norak/R&I/kxs-/train.py:148: FutureWarning: `torch.cuda.amp.autocast(args...)` is deprecated. Please use `torch.amp.autocast('cuda', args...)` instead.
  with torch.cuda.amp.autocast():
/home/norak/R&I/kxs-/train.py:169: FutureWarning: `torch.cuda.amp.autocast(args...)` is deprecated. Please use `torch.amp.autocast('cuda', args...)` instead.
  with torch.cuda.amp.autocast():
    epoch  1  train_loss=0.0977  val_loss=0.0847  val_qwk=0.0000  val_acc=0.1324
/home/norak/R&I/kxs-/train.py:148: FutureWarning: `torch.cuda.amp.autocast(args...)` is deprecated. Please use `torch.amp.autocast('cuda', args...)` instead.
  with torch.cuda.amp.autocast():
/home/norak/R&I/kxs-/train.py:169: FutureWarning: `torch.cuda.amp.autocast(args...)` is deprecated. Please use `torch.amp.autocast('cuda', args...)` instead.
  with torch.cuda.amp.autocast():
    epoch  2  train_loss=0.0828  val_loss=0.0734  val_qwk=0.0000  val_acc=0.1324
/home/norak/R&I/kxs-/train.py:148: FutureWarning: `torch.cuda.amp.autocast(args...)` is deprecated. Please use `torch.amp.autocast('cuda', args...)` instead.
  with torch.cuda.amp.autocast():
/home/norak/R&I/kxs-/train.py:169: FutureWarning: `torch.cuda.amp.autocast(args...)` is deprecated. Please use `torch.amp.autocast('cuda', args...)` instead.
  with torch.cuda.amp.autocast():
    epoch  3  train_loss=0.0663  val_loss=0.0534  val_qwk=0.6327  val_acc=0.5515
/home/norak/R&I/kxs-/train.py:148: FutureWarning: `torch.cuda.amp.autocast(args...)` is deprecated. Please use `torch.amp.autocast('cuda', args...)` instead.
  with torch.cuda.amp.autocast():
/home/norak/R&I/kxs-/train.py:169: FutureWarning: `torch.cuda.amp.autocast(args...)` is deprecated. Please use `torch.amp.autocast('cuda', args...)` instead.
  with torch.cuda.amp.autocast():
    epoch  4  train_loss=0.0558  val_loss=0.0467  val_qwk=0.6392  val_acc=0.5809
/home/norak/R&I/kxs-/train.py:148: FutureWarning: `torch.cuda.amp.autocast(args...)` is deprecated. Please use `torch.amp.autocast('cuda', args...)` instead.
  with torch.cuda.amp.autocast():
/home/norak/R&I/kxs-/train.py:169: FutureWarning: `torch.cuda.amp.autocast(args...)` is deprecated. Please use `torch.amp.autocast('cuda', args...)` instead.
  with torch.cuda.amp.autocast():
    epoch  5  train_loss=0.0512  val_loss=0.0441  val_qwk=0.6961  val_acc=0.5515
/home/norak/R&I/kxs-/train.py:148: FutureWarning: `torch.cuda.amp.autocast(args...)` is deprecated. Please use `torch.amp.autocast('cuda', args...)` instead.
  with torch.cuda.amp.autocast():
/home/norak/R&I/kxs-/train.py:169: FutureWarning: `torch.cuda.amp.autocast(args...)` is deprecated. Please use `torch.amp.autocast('cuda', args...)` instead.
  with torch.cuda.amp.autocast():
    epoch  6  train_loss=0.0460  val_loss=0.0366  val_qwk=0.7493  val_acc=0.5882
/home/norak/R&I/kxs-/train.py:148: FutureWarning: `torch.cuda.amp.autocast(args...)` is deprecated. Please use `torch.amp.autocast('cuda', args...)` instead.
  with torch.cuda.amp.autocast():
/home/norak/R&I/kxs-/train.py:169: FutureWarning: `torch.cuda.amp.autocast(args...)` is deprecated. Please use `torch.amp.autocast('cuda', args...)` instead.
  with torch.cuda.amp.autocast():
    epoch  7  train_loss=0.0473  val_loss=0.0361  val_qwk=0.7423  val_acc=0.5809
/home/norak/R&I/kxs-/train.py:148: FutureWarning: `torch.cuda.amp.autocast(args...)` is deprecated. Please use `torch.amp.autocast('cuda', args...)` instead.
  with torch.cuda.amp.autocast():
/home/norak/R&I/kxs-/train.py:169: FutureWarning: `torch.cuda.amp.autocast(args...)` is deprecated. Please use `torch.amp.autocast('cuda', args...)` instead.
  with torch.cuda.amp.autocast():
    epoch  8  train_loss=0.0464  val_loss=0.0350  val_qwk=0.7256  val_acc=0.5662
/home/norak/R&I/kxs-/train.py:148: FutureWarning: `torch.cuda.amp.autocast(args...)` is deprecated. Please use `torch.amp.autocast('cuda', args...)` instead.
  with torch.cuda.amp.autocast():
/home/norak/R&I/kxs-/train.py:169: FutureWarning: `torch.cuda.amp.autocast(args...)` is deprecated. Please use `torch.amp.autocast('cuda', args...)` instead.
  with torch.cuda.amp.autocast():
    epoch  9  train_loss=0.0401  val_loss=0.0342  val_qwk=0.7243  val_acc=0.5956
/home/norak/R&I/kxs-/train.py:148: FutureWarning: `torch.cuda.amp.autocast(args...)` is deprecated. Please use `torch.amp.autocast('cuda', args...)` instead.
  with torch.cuda.amp.autocast():
/home/norak/R&I/kxs-/train.py:169: FutureWarning: `torch.cuda.amp.autocast(args...)` is deprecated. Please use `torch.amp.autocast('cuda', args...)` instead.
  with torch.cuda.amp.autocast():
    epoch 10  train_loss=0.0356  val_loss=0.0312  val_qwk=0.7933  val_acc=0.6544
/home/norak/R&I/kxs-/train.py:148: FutureWarning: `torch.cuda.amp.autocast(args...)` is deprecated. Please use `torch.amp.autocast('cuda', args...)` instead.
  with torch.cuda.amp.autocast():
/home/norak/R&I/kxs-/train.py:169: FutureWarning: `torch.cuda.amp.autocast(args...)` is deprecated. Please use `torch.amp.autocast('cuda', args...)` instead.
  with torch.cuda.amp.autocast():
    epoch 11  train_loss=0.0327  val_loss=0.0297  val_qwk=0.7603  val_acc=0.6176
/home/norak/R&I/kxs-/train.py:148: FutureWarning: `torch.cuda.amp.autocast(args...)` is deprecated. Please use `torch.amp.autocast('cuda', args...)` instead.
  with torch.cuda.amp.autocast():
/home/norak/R&I/kxs-/train.py:169: FutureWarning: `torch.cuda.amp.autocast(args...)` is deprecated. Please use `torch.amp.autocast('cuda', args...)` instead.
  with torch.cuda.amp.autocast():
    epoch 12  train_loss=0.0309  val_loss=0.0298  val_qwk=0.8173  val_acc=0.6765
/home/norak/R&I/kxs-/train.py:148: FutureWarning: `torch.cuda.amp.autocast(args...)` is deprecated. Please use `torch.amp.autocast('cuda', args...)` instead.
  with torch.cuda.amp.autocast():
/home/norak/R&I/kxs-/train.py:169: FutureWarning: `torch.cuda.amp.autocast(args...)` is deprecated. Please use `torch.amp.autocast('cuda', args...)` instead.
  with torch.cuda.amp.autocast():
    epoch 13  train_loss=0.0280  val_loss=0.0278  val_qwk=0.8380  val_acc=0.6912
/home/norak/R&I/kxs-/train.py:148: FutureWarning: `torch.cuda.amp.autocast(args...)` is deprecated. Please use `torch.amp.autocast('cuda', args...)` instead.
  with torch.cuda.amp.autocast():
/home/norak/R&I/kxs-/train.py:169: FutureWarning: `torch.cuda.amp.autocast(args...)` is deprecated. Please use `torch.amp.autocast('cuda', args...)` instead.
  with torch.cuda.amp.autocast():
    epoch 14  train_loss=0.0271  val_loss=0.0247  val_qwk=0.8376  val_acc=0.7132
/home/norak/R&I/kxs-/train.py:148: FutureWarning: `torch.cuda.amp.autocast(args...)` is deprecated. Please use `torch.amp.autocast('cuda', args...)` instead.
  with torch.cuda.amp.autocast():
/home/norak/R&I/kxs-/train.py:169: FutureWarning: `torch.cuda.amp.autocast(args...)` is deprecated. Please use `torch.amp.autocast('cuda', args...)` instead.
  with torch.cuda.amp.autocast():
    epoch 15  train_loss=0.0283  val_loss=0.0295  val_qwk=0.8310  val_acc=0.7353
/home/norak/R&I/kxs-/train.py:148: FutureWarning: `torch.cuda.amp.autocast(args...)` is deprecated. Please use `torch.amp.autocast('cuda', args...)` instead.
  with torch.cuda.amp.autocast():
/home/norak/R&I/kxs-/train.py:169: FutureWarning: `torch.cuda.amp.autocast(args...)` is deprecated. Please use `torch.amp.autocast('cuda', args...)` instead.
  with torch.cuda.amp.autocast():
    epoch 16  train_loss=0.0248  val_loss=0.0224  val_qwk=0.8532  val_acc=0.7132
/home/norak/R&I/kxs-/train.py:148: FutureWarning: `torch.cuda.amp.autocast(args...)` is deprecated. Please use `torch.amp.autocast('cuda', args...)` instead.
  with torch.cuda.amp.autocast():
/home/norak/R&I/kxs-/train.py:169: FutureWarning: `torch.cuda.amp.autocast(args...)` is deprecated. Please use `torch.amp.autocast('cuda', args...)` instead.
  with torch.cuda.amp.autocast():
    epoch 17  train_loss=0.0223  val_loss=0.0244  val_qwk=0.8571  val_acc=0.7353
/home/norak/R&I/kxs-/train.py:148: FutureWarning: `torch.cuda.amp.autocast(args...)` is deprecated. Please use `torch.amp.autocast('cuda', args...)` instead.
  with torch.cuda.amp.autocast():
/home/norak/R&I/kxs-/train.py:169: FutureWarning: `torch.cuda.amp.autocast(args...)` is deprecated. Please use `torch.amp.autocast('cuda', args...)` instead.
  with torch.cuda.amp.autocast():
    epoch 18  train_loss=0.0193  val_loss=0.0271  val_qwk=0.8345  val_acc=0.7426
/home/norak/R&I/kxs-/train.py:148: FutureWarning: `torch.cuda.amp.autocast(args...)` is deprecated. Please use `torch.amp.autocast('cuda', args...)` instead.
  with torch.cuda.amp.autocast():
/home/norak/R&I/kxs-/train.py:169: FutureWarning: `torch.cuda.amp.autocast(args...)` is deprecated. Please use `torch.amp.autocast('cuda', args...)` instead.
  with torch.cuda.amp.autocast():
    epoch 19  train_loss=0.0201  val_loss=0.0235  val_qwk=0.8577  val_acc=0.7426
/home/norak/R&I/kxs-/train.py:148: FutureWarning: `torch.cuda.amp.autocast(args...)` is deprecated. Please use `torch.amp.autocast('cuda', args...)` instead.
  with torch.cuda.amp.autocast():
/home/norak/R&I/kxs-/train.py:169: FutureWarning: `torch.cuda.amp.autocast(args...)` is deprecated. Please use `torch.amp.autocast('cuda', args...)` instead.
  with torch.cuda.amp.autocast():
    epoch 20  train_loss=0.0165  val_loss=0.0303  val_qwk=0.7755  val_acc=0.6838
/home/norak/R&I/kxs-/train.py:169: FutureWarning: `torch.cuda.amp.autocast(args...)` is deprecated. Please use `torch.amp.autocast('cuda', args...)` instead.
  with torch.cuda.amp.autocast():
/home/norak/R&I/kxs-/train.py:169: FutureWarning: `torch.cuda.amp.autocast(args...)` is deprecated. Please use `torch.amp.autocast('cuda', args...)` instead.
  with torch.cuda.amp.autocast():
/home/norak/R&I/kxs-/train.py:169: FutureWarning: `torch.cuda.amp.autocast(args...)` is deprecated. Please use `torch.amp.autocast('cuda', args...)` instead.
  with torch.cuda.amp.autocast():
  [clean_qar_cross_xlmr               ] train_qwk=0.9086 -> test_qwk=0.7755  raw_w1=0.7372  epoch=19  (84.7s)
Loading weights:   0%|          | 0/136 [00:00<?, ?it/s]Loading weights:   3%|▎         | 4/136 [00:00<00:03, 35.43it/s]Loading weights: 100%|██████████| 136/136 [00:00<00:00, 927.49it/s]
[transformers] [1mNewModel LOAD REPORT[0m from: Alibaba-NLP/gte-multilingual-base
Key               | Status     |  | 
------------------+------------+--+-
classifier.bias   | UNEXPECTED |  | 
classifier.weight | UNEXPECTED |  | 

Notes:
- UNEXPECTED:	can be ignored when loading from different task/architecture; not ok if you expect identical arch.
/home/norak/R&I/kxs-/train.py:206: FutureWarning: `torch.cuda.amp.GradScaler(args...)` is deprecated. Please use `torch.amp.GradScaler('cuda', args...)` instead.
  scaler = torch.cuda.amp.GradScaler() if use_amp and device == "cuda" else None
/home/norak/R&I/kxs-/train.py:148: FutureWarning: `torch.cuda.amp.autocast(args...)` is deprecated. Please use `torch.amp.autocast('cuda', args...)` instead.
  with torch.cuda.amp.autocast():
/home/norak/R&I/kxs-/train.py:169: FutureWarning: `torch.cuda.amp.autocast(args...)` is deprecated. Please use `torch.amp.autocast('cuda', args...)` instead.
  with torch.cuda.amp.autocast():
    epoch  1  train_loss=0.0785  val_loss=0.0512  val_qwk=0.5510  val_acc=0.4338
/home/norak/R&I/kxs-/train.py:148: FutureWarning: `torch.cuda.amp.autocast(args...)` is deprecated. Please use `torch.amp.autocast('cuda', args...)` instead.
  with torch.cuda.amp.autocast():
/home/norak/R&I/kxs-/train.py:169: FutureWarning: `torch.cuda.amp.autocast(args...)` is deprecated. Please use `torch.amp.autocast('cuda', args...)` instead.
  with torch.cuda.amp.autocast():
    epoch  2  train_loss=0.0538  val_loss=0.0406  val_qwk=0.6821  val_acc=0.6103
/home/norak/R&I/kxs-/train.py:148: FutureWarning: `torch.cuda.amp.autocast(args...)` is deprecated. Please use `torch.amp.autocast('cuda', args...)` instead.
  with torch.cuda.amp.autocast():
/home/norak/R&I/kxs-/train.py:169: FutureWarning: `torch.cuda.amp.autocast(args...)` is deprecated. Please use `torch.amp.autocast('cuda', args...)` instead.
  with torch.cuda.amp.autocast():
    epoch  3  train_loss=0.0462  val_loss=0.0398  val_qwk=0.6796  val_acc=0.5294
/home/norak/R&I/kxs-/train.py:148: FutureWarning: `torch.cuda.amp.autocast(args...)` is deprecated. Please use `torch.amp.autocast('cuda', args...)` instead.
  with torch.cuda.amp.autocast():
/home/norak/R&I/kxs-/train.py:169: FutureWarning: `torch.cuda.amp.autocast(args...)` is deprecated. Please use `torch.amp.autocast('cuda', args...)` instead.
  with torch.cuda.amp.autocast():
    epoch  4  train_loss=0.0394  val_loss=0.0344  val_qwk=0.7993  val_acc=0.7279
/home/norak/R&I/kxs-/train.py:148: FutureWarning: `torch.cuda.amp.autocast(args...)` is deprecated. Please use `torch.amp.autocast('cuda', args...)` instead.
  with torch.cuda.amp.autocast():
/home/norak/R&I/kxs-/train.py:169: FutureWarning: `torch.cuda.amp.autocast(args...)` is deprecated. Please use `torch.amp.autocast('cuda', args...)` instead.
  with torch.cuda.amp.autocast():
    epoch  5  train_loss=0.0325  val_loss=0.0326  val_qwk=0.7774  val_acc=0.6618
/home/norak/R&I/kxs-/train.py:148: FutureWarning: `torch.cuda.amp.autocast(args...)` is deprecated. Please use `torch.amp.autocast('cuda', args...)` instead.
  with torch.cuda.amp.autocast():
/home/norak/R&I/kxs-/train.py:169: FutureWarning: `torch.cuda.amp.autocast(args...)` is deprecated. Please use `torch.amp.autocast('cuda', args...)` instead.
  with torch.cuda.amp.autocast():
    epoch  6  train_loss=0.0295  val_loss=0.0283  val_qwk=0.8269  val_acc=0.7206
/home/norak/R&I/kxs-/train.py:148: FutureWarning: `torch.cuda.amp.autocast(args...)` is deprecated. Please use `torch.amp.autocast('cuda', args...)` instead.
  with torch.cuda.amp.autocast():
/home/norak/R&I/kxs-/train.py:169: FutureWarning: `torch.cuda.amp.autocast(args...)` is deprecated. Please use `torch.amp.autocast('cuda', args...)` instead.
  with torch.cuda.amp.autocast():
    epoch  7  train_loss=0.0286  val_loss=0.0356  val_qwk=0.8031  val_acc=0.7132
/home/norak/R&I/kxs-/train.py:148: FutureWarning: `torch.cuda.amp.autocast(args...)` is deprecated. Please use `torch.amp.autocast('cuda', args...)` instead.
  with torch.cuda.amp.autocast():
/home/norak/R&I/kxs-/train.py:169: FutureWarning: `torch.cuda.amp.autocast(args...)` is deprecated. Please use `torch.amp.autocast('cuda', args...)` instead.
  with torch.cuda.amp.autocast():
    epoch  8  train_loss=0.0272  val_loss=0.0245  val_qwk=0.8511  val_acc=0.7279
/home/norak/R&I/kxs-/train.py:148: FutureWarning: `torch.cuda.amp.autocast(args...)` is deprecated. Please use `torch.amp.autocast('cuda', args...)` instead.
  with torch.cuda.amp.autocast():
/home/norak/R&I/kxs-/train.py:169: FutureWarning: `torch.cuda.amp.autocast(args...)` is deprecated. Please use `torch.amp.autocast('cuda', args...)` instead.
  with torch.cuda.amp.autocast():
    epoch  9  train_loss=0.0241  val_loss=0.0283  val_qwk=0.8192  val_acc=0.6838
/home/norak/R&I/kxs-/train.py:148: FutureWarning: `torch.cuda.amp.autocast(args...)` is deprecated. Please use `torch.amp.autocast('cuda', args...)` instead.
  with torch.cuda.amp.autocast():
/home/norak/R&I/kxs-/train.py:169: FutureWarning: `torch.cuda.amp.autocast(args...)` is deprecated. Please use `torch.amp.autocast('cuda', args...)` instead.
  with torch.cuda.amp.autocast():
    epoch 10  train_loss=0.0238  val_loss=0.0272  val_qwk=0.8510  val_acc=0.7059
/home/norak/R&I/kxs-/train.py:148: FutureWarning: `torch.cuda.amp.autocast(args...)` is deprecated. Please use `torch.amp.autocast('cuda', args...)` instead.
  with torch.cuda.amp.autocast():
/home/norak/R&I/kxs-/train.py:169: FutureWarning: `torch.cuda.amp.autocast(args...)` is deprecated. Please use `torch.amp.autocast('cuda', args...)` instead.
  with torch.cuda.amp.autocast():
    epoch 11  train_loss=0.0200  val_loss=0.0254  val_qwk=0.8363  val_acc=0.6912
/home/norak/R&I/kxs-/train.py:148: FutureWarning: `torch.cuda.amp.autocast(args...)` is deprecated. Please use `torch.amp.autocast('cuda', args...)` instead.
  with torch.cuda.amp.autocast():
/home/norak/R&I/kxs-/train.py:169: FutureWarning: `torch.cuda.amp.autocast(args...)` is deprecated. Please use `torch.amp.autocast('cuda', args...)` instead.
  with torch.cuda.amp.autocast():
    epoch 12  train_loss=0.0192  val_loss=0.0236  val_qwk=0.8344  val_acc=0.6985
    early-stop at epoch 12 (best epoch=8, best_qwk=0.8511)
/home/norak/R&I/kxs-/train.py:169: FutureWarning: `torch.cuda.amp.autocast(args...)` is deprecated. Please use `torch.amp.autocast('cuda', args...)` instead.
  with torch.cuda.amp.autocast():
/home/norak/R&I/kxs-/train.py:169: FutureWarning: `torch.cuda.amp.autocast(args...)` is deprecated. Please use `torch.amp.autocast('cuda', args...)` instead.
  with torch.cuda.amp.autocast():
/home/norak/R&I/kxs-/train.py:169: FutureWarning: `torch.cuda.amp.autocast(args...)` is deprecated. Please use `torch.amp.autocast('cuda', args...)` instead.
  with torch.cuda.amp.autocast():
  [clean_qar_cross_gte                ] train_qwk=0.8466 -> test_qwk=0.7713  raw_w1=0.7664  epoch=8  (60.7s)
Loading weights:   0%|          | 0/199 [00:00<?, ?it/s]Loading weights: 100%|██████████| 199/199 [00:00<00:00, 2972.85it/s]
[transformers] [1mBertModel LOAD REPORT[0m from: bert-base-multilingual-cased
Key                                        | Status     |  | 
-------------------------------------------+------------+--+-
cls.predictions.transform.dense.weight     | UNEXPECTED |  | 
cls.seq_relationship.weight                | UNEXPECTED |  | 
cls.seq_relationship.bias                  | UNEXPECTED |  | 
cls.predictions.transform.LayerNorm.bias   | UNEXPECTED |  | 
cls.predictions.bias                       | UNEXPECTED |  | 
cls.predictions.transform.dense.bias       | UNEXPECTED |  | 
cls.predictions.transform.LayerNorm.weight | UNEXPECTED |  | 

Notes:
- UNEXPECTED:	can be ignored when loading from different task/architecture; not ok if you expect identical arch.
/home/norak/R&I/kxs-/train.py:206: FutureWarning: `torch.cuda.amp.GradScaler(args...)` is deprecated. Please use `torch.amp.GradScaler('cuda', args...)` instead.
  scaler = torch.cuda.amp.GradScaler() if use_amp and device == "cuda" else None
/home/norak/R&I/kxs-/train.py:148: FutureWarning: `torch.cuda.amp.autocast(args...)` is deprecated. Please use `torch.amp.autocast('cuda', args...)` instead.
  with torch.cuda.amp.autocast():
/home/norak/R&I/kxs-/train.py:169: FutureWarning: `torch.cuda.amp.autocast(args...)` is deprecated. Please use `torch.amp.autocast('cuda', args...)` instead.
  with torch.cuda.amp.autocast():
    epoch  1  train_loss=0.0819  val_loss=0.0659  val_qwk=0.2428  val_acc=0.1985
/home/norak/R&I/kxs-/train.py:148: FutureWarning: `torch.cuda.amp.autocast(args...)` is deprecated. Please use `torch.amp.autocast('cuda', args...)` instead.
  with torch.cuda.amp.autocast():
/home/norak/R&I/kxs-/train.py:169: FutureWarning: `torch.cuda.amp.autocast(args...)` is deprecated. Please use `torch.amp.autocast('cuda', args...)` instead.
  with torch.cuda.amp.autocast():
    epoch  2  train_loss=0.0642  val_loss=0.0493  val_qwk=0.5930  val_acc=0.4926
/home/norak/R&I/kxs-/train.py:148: FutureWarning: `torch.cuda.amp.autocast(args...)` is deprecated. Please use `torch.amp.autocast('cuda', args...)` instead.
  with torch.cuda.amp.autocast():
/home/norak/R&I/kxs-/train.py:169: FutureWarning: `torch.cuda.amp.autocast(args...)` is deprecated. Please use `torch.amp.autocast('cuda', args...)` instead.
  with torch.cuda.amp.autocast():
    epoch  3  train_loss=0.0582  val_loss=0.0461  val_qwk=0.7638  val_acc=0.5735
/home/norak/R&I/kxs-/train.py:148: FutureWarning: `torch.cuda.amp.autocast(args...)` is deprecated. Please use `torch.amp.autocast('cuda', args...)` instead.
  with torch.cuda.amp.autocast():
/home/norak/R&I/kxs-/train.py:169: FutureWarning: `torch.cuda.amp.autocast(args...)` is deprecated. Please use `torch.amp.autocast('cuda', args...)` instead.
  with torch.cuda.amp.autocast():
    epoch  4  train_loss=0.0515  val_loss=0.0494  val_qwk=0.5858  val_acc=0.4191
/home/norak/R&I/kxs-/train.py:148: FutureWarning: `torch.cuda.amp.autocast(args...)` is deprecated. Please use `torch.amp.autocast('cuda', args...)` instead.
  with torch.cuda.amp.autocast():
/home/norak/R&I/kxs-/train.py:169: FutureWarning: `torch.cuda.amp.autocast(args...)` is deprecated. Please use `torch.amp.autocast('cuda', args...)` instead.
  with torch.cuda.amp.autocast():
    epoch  5  train_loss=0.0518  val_loss=0.0493  val_qwk=0.5930  val_acc=0.5588
/home/norak/R&I/kxs-/train.py:148: FutureWarning: `torch.cuda.amp.autocast(args...)` is deprecated. Please use `torch.amp.autocast('cuda', args...)` instead.
  with torch.cuda.amp.autocast():
/home/norak/R&I/kxs-/train.py:169: FutureWarning: `torch.cuda.amp.autocast(args...)` is deprecated. Please use `torch.amp.autocast('cuda', args...)` instead.
  with torch.cuda.amp.autocast():
    epoch  6  train_loss=0.0474  val_loss=0.0450  val_qwk=0.6537  val_acc=0.5735
/home/norak/R&I/kxs-/train.py:148: FutureWarning: `torch.cuda.amp.autocast(args...)` is deprecated. Please use `torch.amp.autocast('cuda', args...)` instead.
  with torch.cuda.amp.autocast():
/home/norak/R&I/kxs-/train.py:169: FutureWarning: `torch.cuda.amp.autocast(args...)` is deprecated. Please use `torch.amp.autocast('cuda', args...)` instead.
  with torch.cuda.amp.autocast():
    epoch  7  train_loss=0.0472  val_loss=0.0416  val_qwk=0.7555  val_acc=0.5735
    early-stop at epoch 7 (best epoch=3, best_qwk=0.7638)
/home/norak/R&I/kxs-/train.py:169: FutureWarning: `torch.cuda.amp.autocast(args...)` is deprecated. Please use `torch.amp.autocast('cuda', args...)` instead.
  with torch.cuda.amp.autocast():
/home/norak/R&I/kxs-/train.py:169: FutureWarning: `torch.cuda.amp.autocast(args...)` is deprecated. Please use `torch.amp.autocast('cuda', args...)` instead.
  with torch.cuda.amp.autocast():
/home/norak/R&I/kxs-/train.py:169: FutureWarning: `torch.cuda.amp.autocast(args...)` is deprecated. Please use `torch.amp.autocast('cuda', args...)` instead.
  with torch.cuda.amp.autocast():
  [segment_ra_dual_mbert              ] train_qwk=0.6632 -> test_qwk=0.6794  raw_w1=0.5109  epoch=3  (55.5s)
Loading weights:   0%|          | 0/199 [00:00<?, ?it/s]Loading weights: 100%|██████████| 199/199 [00:00<00:00, 3105.98it/s]
[transformers] [1mXLMRobertaModel LOAD REPORT[0m from: xlm-roberta-base
Key                       | Status     |  | 
--------------------------+------------+--+-
lm_head.dense.weight      | UNEXPECTED |  | 
lm_head.layer_norm.weight | UNEXPECTED |  | 
lm_head.dense.bias        | UNEXPECTED |  | 
lm_head.layer_norm.bias   | UNEXPECTED |  | 
lm_head.bias              | UNEXPECTED |  | 

Notes:
- UNEXPECTED:	can be ignored when loading from different task/architecture; not ok if you expect identical arch.
/home/norak/R&I/kxs-/train.py:206: FutureWarning: `torch.cuda.amp.GradScaler(args...)` is deprecated. Please use `torch.amp.GradScaler('cuda', args...)` instead.
  scaler = torch.cuda.amp.GradScaler() if use_amp and device == "cuda" else None
/home/norak/R&I/kxs-/train.py:148: FutureWarning: `torch.cuda.amp.autocast(args...)` is deprecated. Please use `torch.amp.autocast('cuda', args...)` instead.
  with torch.cuda.amp.autocast():
/home/norak/R&I/kxs-/train.py:169: FutureWarning: `torch.cuda.amp.autocast(args...)` is deprecated. Please use `torch.amp.autocast('cuda', args...)` instead.
  with torch.cuda.amp.autocast():
    epoch  1  train_loss=0.1091  val_loss=0.0760  val_qwk=0.1539  val_acc=0.2794
/home/norak/R&I/kxs-/train.py:148: FutureWarning: `torch.cuda.amp.autocast(args...)` is deprecated. Please use `torch.amp.autocast('cuda', args...)` instead.
  with torch.cuda.amp.autocast():
/home/norak/R&I/kxs-/train.py:169: FutureWarning: `torch.cuda.amp.autocast(args...)` is deprecated. Please use `torch.amp.autocast('cuda', args...)` instead.
  with torch.cuda.amp.autocast():
    epoch  2  train_loss=0.0654  val_loss=0.0517  val_qwk=0.5904  val_acc=0.5515
/home/norak/R&I/kxs-/train.py:148: FutureWarning: `torch.cuda.amp.autocast(args...)` is deprecated. Please use `torch.amp.autocast('cuda', args...)` instead.
  with torch.cuda.amp.autocast():
/home/norak/R&I/kxs-/train.py:169: FutureWarning: `torch.cuda.amp.autocast(args...)` is deprecated. Please use `torch.amp.autocast('cuda', args...)` instead.
  with torch.cuda.amp.autocast():
    epoch  3  train_loss=0.0554  val_loss=0.0426  val_qwk=0.6513  val_acc=0.6103
/home/norak/R&I/kxs-/train.py:148: FutureWarning: `torch.cuda.amp.autocast(args...)` is deprecated. Please use `torch.amp.autocast('cuda', args...)` instead.
  with torch.cuda.amp.autocast():
/home/norak/R&I/kxs-/train.py:169: FutureWarning: `torch.cuda.amp.autocast(args...)` is deprecated. Please use `torch.amp.autocast('cuda', args...)` instead.
  with torch.cuda.amp.autocast():
    epoch  4  train_loss=0.0453  val_loss=0.0364  val_qwk=0.7494  val_acc=0.5515
/home/norak/R&I/kxs-/train.py:148: FutureWarning: `torch.cuda.amp.autocast(args...)` is deprecated. Please use `torch.amp.autocast('cuda', args...)` instead.
  with torch.cuda.amp.autocast():
/home/norak/R&I/kxs-/train.py:169: FutureWarning: `torch.cuda.amp.autocast(args...)` is deprecated. Please use `torch.amp.autocast('cuda', args...)` instead.
  with torch.cuda.amp.autocast():
    epoch  5  train_loss=0.0423  val_loss=0.0298  val_qwk=0.7607  val_acc=0.6324
/home/norak/R&I/kxs-/train.py:148: FutureWarning: `torch.cuda.amp.autocast(args...)` is deprecated. Please use `torch.amp.autocast('cuda', args...)` instead.
  with torch.cuda.amp.autocast():
/home/norak/R&I/kxs-/train.py:169: FutureWarning: `torch.cuda.amp.autocast(args...)` is deprecated. Please use `torch.amp.autocast('cuda', args...)` instead.
  with torch.cuda.amp.autocast():
    epoch  6  train_loss=0.0330  val_loss=0.0262  val_qwk=0.8095  val_acc=0.6838
/home/norak/R&I/kxs-/train.py:148: FutureWarning: `torch.cuda.amp.autocast(args...)` is deprecated. Please use `torch.amp.autocast('cuda', args...)` instead.
  with torch.cuda.amp.autocast():
/home/norak/R&I/kxs-/train.py:169: FutureWarning: `torch.cuda.amp.autocast(args...)` is deprecated. Please use `torch.amp.autocast('cuda', args...)` instead.
  with torch.cuda.amp.autocast():
    epoch  7  train_loss=0.0329  val_loss=0.0272  val_qwk=0.8340  val_acc=0.6912
/home/norak/R&I/kxs-/train.py:148: FutureWarning: `torch.cuda.amp.autocast(args...)` is deprecated. Please use `torch.amp.autocast('cuda', args...)` instead.
  with torch.cuda.amp.autocast():
/home/norak/R&I/kxs-/train.py:169: FutureWarning: `torch.cuda.amp.autocast(args...)` is deprecated. Please use `torch.amp.autocast('cuda', args...)` instead.
  with torch.cuda.amp.autocast():
    epoch  8  train_loss=0.0265  val_loss=0.0268  val_qwk=0.8098  val_acc=0.6765
/home/norak/R&I/kxs-/train.py:148: FutureWarning: `torch.cuda.amp.autocast(args...)` is deprecated. Please use `torch.amp.autocast('cuda', args...)` instead.
  with torch.cuda.amp.autocast():
/home/norak/R&I/kxs-/train.py:169: FutureWarning: `torch.cuda.amp.autocast(args...)` is deprecated. Please use `torch.amp.autocast('cuda', args...)` instead.
  with torch.cuda.amp.autocast():
    epoch  9  train_loss=0.0233  val_loss=0.0259  val_qwk=0.8322  val_acc=0.7206
/home/norak/R&I/kxs-/train.py:148: FutureWarning: `torch.cuda.amp.autocast(args...)` is deprecated. Please use `torch.amp.autocast('cuda', args...)` instead.
  with torch.cuda.amp.autocast():
/home/norak/R&I/kxs-/train.py:169: FutureWarning: `torch.cuda.amp.autocast(args...)` is deprecated. Please use `torch.amp.autocast('cuda', args...)` instead.
  with torch.cuda.amp.autocast():
    epoch 10  train_loss=0.0208  val_loss=0.0262  val_qwk=0.8339  val_acc=0.7279
/home/norak/R&I/kxs-/train.py:148: FutureWarning: `torch.cuda.amp.autocast(args...)` is deprecated. Please use `torch.amp.autocast('cuda', args...)` instead.
  with torch.cuda.amp.autocast():
/home/norak/R&I/kxs-/train.py:169: FutureWarning: `torch.cuda.amp.autocast(args...)` is deprecated. Please use `torch.amp.autocast('cuda', args...)` instead.
  with torch.cuda.amp.autocast():
    epoch 11  train_loss=0.0215  val_loss=0.0305  val_qwk=0.7762  val_acc=0.6471
    early-stop at epoch 11 (best epoch=7, best_qwk=0.8340)
/home/norak/R&I/kxs-/train.py:169: FutureWarning: `torch.cuda.amp.autocast(args...)` is deprecated. Please use `torch.amp.autocast('cuda', args...)` instead.
  with torch.cuda.amp.autocast():
/home/norak/R&I/kxs-/train.py:169: FutureWarning: `torch.cuda.amp.autocast(args...)` is deprecated. Please use `torch.amp.autocast('cuda', args...)` instead.
  with torch.cuda.amp.autocast():
/home/norak/R&I/kxs-/train.py:169: FutureWarning: `torch.cuda.amp.autocast(args...)` is deprecated. Please use `torch.amp.autocast('cuda', args...)` instead.
  with torch.cuda.amp.autocast():
  [segment_ra_dual_xlmr               ] train_qwk=0.8500 -> test_qwk=0.7792  raw_w1=0.6788  epoch=7  (82.3s)
Loading weights:   0%|          | 0/136 [00:00<?, ?it/s]Loading weights:   3%|▎         | 4/136 [00:00<00:03, 37.10it/s]Loading weights: 100%|██████████| 136/136 [00:00<00:00, 928.30it/s]
[transformers] [1mNewModel LOAD REPORT[0m from: Alibaba-NLP/gte-multilingual-base
Key               | Status     |  | 
------------------+------------+--+-
classifier.bias   | UNEXPECTED |  | 
classifier.weight | UNEXPECTED |  | 

Notes:
- UNEXPECTED:	can be ignored when loading from different task/architecture; not ok if you expect identical arch.
/home/norak/R&I/kxs-/train.py:206: FutureWarning: `torch.cuda.amp.GradScaler(args...)` is deprecated. Please use `torch.amp.GradScaler('cuda', args...)` instead.
  scaler = torch.cuda.amp.GradScaler() if use_amp and device == "cuda" else None
/home/norak/R&I/kxs-/train.py:148: FutureWarning: `torch.cuda.amp.autocast(args...)` is deprecated. Please use `torch.amp.autocast('cuda', args...)` instead.
  with torch.cuda.amp.autocast():
/home/norak/R&I/kxs-/train.py:169: FutureWarning: `torch.cuda.amp.autocast(args...)` is deprecated. Please use `torch.amp.autocast('cuda', args...)` instead.
  with torch.cuda.amp.autocast():
    epoch  1  train_loss=0.0835  val_loss=0.0515  val_qwk=0.5864  val_acc=0.4779
/home/norak/R&I/kxs-/train.py:148: FutureWarning: `torch.cuda.amp.autocast(args...)` is deprecated. Please use `torch.amp.autocast('cuda', args...)` instead.
  with torch.cuda.amp.autocast():
/home/norak/R&I/kxs-/train.py:169: FutureWarning: `torch.cuda.amp.autocast(args...)` is deprecated. Please use `torch.amp.autocast('cuda', args...)` instead.
  with torch.cuda.amp.autocast():
    epoch  2  train_loss=0.0477  val_loss=0.0330  val_qwk=0.7199  val_acc=0.5735
/home/norak/R&I/kxs-/train.py:148: FutureWarning: `torch.cuda.amp.autocast(args...)` is deprecated. Please use `torch.amp.autocast('cuda', args...)` instead.
  with torch.cuda.amp.autocast():
/home/norak/R&I/kxs-/train.py:169: FutureWarning: `torch.cuda.amp.autocast(args...)` is deprecated. Please use `torch.amp.autocast('cuda', args...)` instead.
  with torch.cuda.amp.autocast():
    epoch  3  train_loss=0.0356  val_loss=0.0290  val_qwk=0.8029  val_acc=0.5588
/home/norak/R&I/kxs-/train.py:148: FutureWarning: `torch.cuda.amp.autocast(args...)` is deprecated. Please use `torch.amp.autocast('cuda', args...)` instead.
  with torch.cuda.amp.autocast():
/home/norak/R&I/kxs-/train.py:169: FutureWarning: `torch.cuda.amp.autocast(args...)` is deprecated. Please use `torch.amp.autocast('cuda', args...)` instead.
  with torch.cuda.amp.autocast():
    epoch  4  train_loss=0.0281  val_loss=0.0262  val_qwk=0.8257  val_acc=0.6838
/home/norak/R&I/kxs-/train.py:148: FutureWarning: `torch.cuda.amp.autocast(args...)` is deprecated. Please use `torch.amp.autocast('cuda', args...)` instead.
  with torch.cuda.amp.autocast():
/home/norak/R&I/kxs-/train.py:169: FutureWarning: `torch.cuda.amp.autocast(args...)` is deprecated. Please use `torch.amp.autocast('cuda', args...)` instead.
  with torch.cuda.amp.autocast():
    epoch  5  train_loss=0.0228  val_loss=0.0252  val_qwk=0.8471  val_acc=0.7206
/home/norak/R&I/kxs-/train.py:148: FutureWarning: `torch.cuda.amp.autocast(args...)` is deprecated. Please use `torch.amp.autocast('cuda', args...)` instead.
  with torch.cuda.amp.autocast():
/home/norak/R&I/kxs-/train.py:169: FutureWarning: `torch.cuda.amp.autocast(args...)` is deprecated. Please use `torch.amp.autocast('cuda', args...)` instead.
  with torch.cuda.amp.autocast():
    epoch  6  train_loss=0.0179  val_loss=0.0204  val_qwk=0.8809  val_acc=0.7574
/home/norak/R&I/kxs-/train.py:148: FutureWarning: `torch.cuda.amp.autocast(args...)` is deprecated. Please use `torch.amp.autocast('cuda', args...)` instead.
  with torch.cuda.amp.autocast():
/home/norak/R&I/kxs-/train.py:169: FutureWarning: `torch.cuda.amp.autocast(args...)` is deprecated. Please use `torch.amp.autocast('cuda', args...)` instead.
  with torch.cuda.amp.autocast():
    epoch  7  train_loss=0.0142  val_loss=0.0191  val_qwk=0.8824  val_acc=0.7353
/home/norak/R&I/kxs-/train.py:148: FutureWarning: `torch.cuda.amp.autocast(args...)` is deprecated. Please use `torch.amp.autocast('cuda', args...)` instead.
  with torch.cuda.amp.autocast():
/home/norak/R&I/kxs-/train.py:169: FutureWarning: `torch.cuda.amp.autocast(args...)` is deprecated. Please use `torch.amp.autocast('cuda', args...)` instead.
  with torch.cuda.amp.autocast():
    epoch  8  train_loss=0.0125  val_loss=0.0188  val_qwk=0.8967  val_acc=0.7574
/home/norak/R&I/kxs-/train.py:148: FutureWarning: `torch.cuda.amp.autocast(args...)` is deprecated. Please use `torch.amp.autocast('cuda', args...)` instead.
  with torch.cuda.amp.autocast():
/home/norak/R&I/kxs-/train.py:169: FutureWarning: `torch.cuda.amp.autocast(args...)` is deprecated. Please use `torch.amp.autocast('cuda', args...)` instead.
  with torch.cuda.amp.autocast():
    epoch  9  train_loss=0.0105  val_loss=0.0229  val_qwk=0.8667  val_acc=0.6912
/home/norak/R&I/kxs-/train.py:148: FutureWarning: `torch.cuda.amp.autocast(args...)` is deprecated. Please use `torch.amp.autocast('cuda', args...)` instead.
  with torch.cuda.amp.autocast():
/home/norak/R&I/kxs-/train.py:169: FutureWarning: `torch.cuda.amp.autocast(args...)` is deprecated. Please use `torch.amp.autocast('cuda', args...)` instead.
  with torch.cuda.amp.autocast():
    epoch 10  train_loss=0.0110  val_loss=0.0217  val_qwk=0.8629  val_acc=0.7574
/home/norak/R&I/kxs-/train.py:148: FutureWarning: `torch.cuda.amp.autocast(args...)` is deprecated. Please use `torch.amp.autocast('cuda', args...)` instead.
  with torch.cuda.amp.autocast():
/home/norak/R&I/kxs-/train.py:169: FutureWarning: `torch.cuda.amp.autocast(args...)` is deprecated. Please use `torch.amp.autocast('cuda', args...)` instead.
  with torch.cuda.amp.autocast():
    epoch 11  train_loss=0.0101  val_loss=0.0200  val_qwk=0.8753  val_acc=0.7353
/home/norak/R&I/kxs-/train.py:148: FutureWarning: `torch.cuda.amp.autocast(args...)` is deprecated. Please use `torch.amp.autocast('cuda', args...)` instead.
  with torch.cuda.amp.autocast():
/home/norak/R&I/kxs-/train.py:169: FutureWarning: `torch.cuda.amp.autocast(args...)` is deprecated. Please use `torch.amp.autocast('cuda', args...)` instead.
  with torch.cuda.amp.autocast():
    epoch 12  train_loss=0.0083  val_loss=0.0210  val_qwk=0.8634  val_acc=0.7574
    early-stop at epoch 12 (best epoch=8, best_qwk=0.8967)
/home/norak/R&I/kxs-/train.py:169: FutureWarning: `torch.cuda.amp.autocast(args...)` is deprecated. Please use `torch.amp.autocast('cuda', args...)` instead.
  with torch.cuda.amp.autocast():
/home/norak/R&I/kxs-/train.py:169: FutureWarning: `torch.cuda.amp.autocast(args...)` is deprecated. Please use `torch.amp.autocast('cuda', args...)` instead.
  with torch.cuda.amp.autocast():
/home/norak/R&I/kxs-/train.py:169: FutureWarning: `torch.cuda.amp.autocast(args...)` is deprecated. Please use `torch.amp.autocast('cuda', args...)` instead.
  with torch.cuda.amp.autocast():
  [segment_ra_dual_gte                ] train_qwk=0.9110 -> test_qwk=0.8416  raw_w1=0.7372  epoch=8  (107.2s)
Loading weights:   0%|          | 0/199 [00:00<?, ?it/s]Loading weights: 100%|██████████| 199/199 [00:00<00:00, 2725.82it/s]
[transformers] [1mBertModel LOAD REPORT[0m from: bert-base-multilingual-cased
Key                                        | Status     |  | 
-------------------------------------------+------------+--+-
cls.predictions.transform.dense.weight     | UNEXPECTED |  | 
cls.seq_relationship.weight                | UNEXPECTED |  | 
cls.seq_relationship.bias                  | UNEXPECTED |  | 
cls.predictions.transform.LayerNorm.bias   | UNEXPECTED |  | 
cls.predictions.bias                       | UNEXPECTED |  | 
cls.predictions.transform.dense.bias       | UNEXPECTED |  | 
cls.predictions.transform.LayerNorm.weight | UNEXPECTED |  | 

Notes:
- UNEXPECTED:	can be ignored when loading from different task/architecture; not ok if you expect identical arch.
/home/norak/R&I/kxs-/train.py:206: FutureWarning: `torch.cuda.amp.GradScaler(args...)` is deprecated. Please use `torch.amp.GradScaler('cuda', args...)` instead.
  scaler = torch.cuda.amp.GradScaler() if use_amp and device == "cuda" else None
/home/norak/R&I/kxs-/train.py:148: FutureWarning: `torch.cuda.amp.autocast(args...)` is deprecated. Please use `torch.amp.autocast('cuda', args...)` instead.
  with torch.cuda.amp.autocast():
/home/norak/R&I/kxs-/train.py:169: FutureWarning: `torch.cuda.amp.autocast(args...)` is deprecated. Please use `torch.amp.autocast('cuda', args...)` instead.
  with torch.cuda.amp.autocast():
    epoch  1  train_loss=0.0935  val_loss=0.0881  val_qwk=0.0000  val_acc=0.1324
/home/norak/R&I/kxs-/train.py:148: FutureWarning: `torch.cuda.amp.autocast(args...)` is deprecated. Please use `torch.amp.autocast('cuda', args...)` instead.
  with torch.cuda.amp.autocast():
/home/norak/R&I/kxs-/train.py:169: FutureWarning: `torch.cuda.amp.autocast(args...)` is deprecated. Please use `torch.amp.autocast('cuda', args...)` instead.
  with torch.cuda.amp.autocast():
    epoch  2  train_loss=0.0849  val_loss=0.0848  val_qwk=0.0000  val_acc=0.1324
/home/norak/R&I/kxs-/train.py:148: FutureWarning: `torch.cuda.amp.autocast(args...)` is deprecated. Please use `torch.amp.autocast('cuda', args...)` instead.
  with torch.cuda.amp.autocast():
/home/norak/R&I/kxs-/train.py:169: FutureWarning: `torch.cuda.amp.autocast(args...)` is deprecated. Please use `torch.amp.autocast('cuda', args...)` instead.
  with torch.cuda.amp.autocast():
    epoch  3  train_loss=0.0804  val_loss=0.0754  val_qwk=0.1543  val_acc=0.2426
/home/norak/R&I/kxs-/train.py:148: FutureWarning: `torch.cuda.amp.autocast(args...)` is deprecated. Please use `torch.amp.autocast('cuda', args...)` instead.
  with torch.cuda.amp.autocast():
/home/norak/R&I/kxs-/train.py:169: FutureWarning: `torch.cuda.amp.autocast(args...)` is deprecated. Please use `torch.amp.autocast('cuda', args...)` instead.
  with torch.cuda.amp.autocast():
    epoch  4  train_loss=0.0731  val_loss=0.0799  val_qwk=0.3504  val_acc=0.3750
/home/norak/R&I/kxs-/train.py:148: FutureWarning: `torch.cuda.amp.autocast(args...)` is deprecated. Please use `torch.amp.autocast('cuda', args...)` instead.
  with torch.cuda.amp.autocast():
/home/norak/R&I/kxs-/train.py:169: FutureWarning: `torch.cuda.amp.autocast(args...)` is deprecated. Please use `torch.amp.autocast('cuda', args...)` instead.
  with torch.cuda.amp.autocast():
    epoch  5  train_loss=0.0690  val_loss=0.0650  val_qwk=0.4577  val_acc=0.4044
/home/norak/R&I/kxs-/train.py:148: FutureWarning: `torch.cuda.amp.autocast(args...)` is deprecated. Please use `torch.amp.autocast('cuda', args...)` instead.
  with torch.cuda.amp.autocast():
/home/norak/R&I/kxs-/train.py:169: FutureWarning: `torch.cuda.amp.autocast(args...)` is deprecated. Please use `torch.amp.autocast('cuda', args...)` instead.
  with torch.cuda.amp.autocast():
    epoch  6  train_loss=0.0670  val_loss=0.0602  val_qwk=0.4459  val_acc=0.4559
/home/norak/R&I/kxs-/train.py:148: FutureWarning: `torch.cuda.amp.autocast(args...)` is deprecated. Please use `torch.amp.autocast('cuda', args...)` instead.
  with torch.cuda.amp.autocast():
/home/norak/R&I/kxs-/train.py:169: FutureWarning: `torch.cuda.amp.autocast(args...)` is deprecated. Please use `torch.amp.autocast('cuda', args...)` instead.
  with torch.cuda.amp.autocast():
    epoch  7  train_loss=0.0620  val_loss=0.0691  val_qwk=0.4756  val_acc=0.3676
/home/norak/R&I/kxs-/train.py:148: FutureWarning: `torch.cuda.amp.autocast(args...)` is deprecated. Please use `torch.amp.autocast('cuda', args...)` instead.
  with torch.cuda.amp.autocast():
/home/norak/R&I/kxs-/train.py:169: FutureWarning: `torch.cuda.amp.autocast(args...)` is deprecated. Please use `torch.amp.autocast('cuda', args...)` instead.
  with torch.cuda.amp.autocast():
    epoch  8  train_loss=0.0625  val_loss=0.0595  val_qwk=0.5418  val_acc=0.5294
/home/norak/R&I/kxs-/train.py:148: FutureWarning: `torch.cuda.amp.autocast(args...)` is deprecated. Please use `torch.amp.autocast('cuda', args...)` instead.
  with torch.cuda.amp.autocast():
/home/norak/R&I/kxs-/train.py:169: FutureWarning: `torch.cuda.amp.autocast(args...)` is deprecated. Please use `torch.amp.autocast('cuda', args...)` instead.
  with torch.cuda.amp.autocast():
    epoch  9  train_loss=0.0543  val_loss=0.0595  val_qwk=0.5857  val_acc=0.6103
/home/norak/R&I/kxs-/train.py:148: FutureWarning: `torch.cuda.amp.autocast(args...)` is deprecated. Please use `torch.amp.autocast('cuda', args...)` instead.
  with torch.cuda.amp.autocast():
/home/norak/R&I/kxs-/train.py:169: FutureWarning: `torch.cuda.amp.autocast(args...)` is deprecated. Please use `torch.amp.autocast('cuda', args...)` instead.
  with torch.cuda.amp.autocast():
    epoch 10  train_loss=0.0565  val_loss=0.0503  val_qwk=0.6447  val_acc=0.5956
/home/norak/R&I/kxs-/train.py:148: FutureWarning: `torch.cuda.amp.autocast(args...)` is deprecated. Please use `torch.amp.autocast('cuda', args...)` instead.
  with torch.cuda.amp.autocast():
/home/norak/R&I/kxs-/train.py:169: FutureWarning: `torch.cuda.amp.autocast(args...)` is deprecated. Please use `torch.amp.autocast('cuda', args...)` instead.
  with torch.cuda.amp.autocast():
    epoch 11  train_loss=0.0506  val_loss=0.0541  val_qwk=0.5851  val_acc=0.5735
/home/norak/R&I/kxs-/train.py:148: FutureWarning: `torch.cuda.amp.autocast(args...)` is deprecated. Please use `torch.amp.autocast('cuda', args...)` instead.
  with torch.cuda.amp.autocast():
/home/norak/R&I/kxs-/train.py:169: FutureWarning: `torch.cuda.amp.autocast(args...)` is deprecated. Please use `torch.amp.autocast('cuda', args...)` instead.
  with torch.cuda.amp.autocast():
    epoch 12  train_loss=0.0554  val_loss=0.0425  val_qwk=0.7347  val_acc=0.6471
/home/norak/R&I/kxs-/train.py:148: FutureWarning: `torch.cuda.amp.autocast(args...)` is deprecated. Please use `torch.amp.autocast('cuda', args...)` instead.
  with torch.cuda.amp.autocast():
/home/norak/R&I/kxs-/train.py:169: FutureWarning: `torch.cuda.amp.autocast(args...)` is deprecated. Please use `torch.amp.autocast('cuda', args...)` instead.
  with torch.cuda.amp.autocast():
    epoch 13  train_loss=0.0500  val_loss=0.0439  val_qwk=0.6793  val_acc=0.6176
/home/norak/R&I/kxs-/train.py:148: FutureWarning: `torch.cuda.amp.autocast(args...)` is deprecated. Please use `torch.amp.autocast('cuda', args...)` instead.
  with torch.cuda.amp.autocast():
/home/norak/R&I/kxs-/train.py:169: FutureWarning: `torch.cuda.amp.autocast(args...)` is deprecated. Please use `torch.amp.autocast('cuda', args...)` instead.
  with torch.cuda.amp.autocast():
    epoch 14  train_loss=0.0479  val_loss=0.0421  val_qwk=0.7288  val_acc=0.6838
/home/norak/R&I/kxs-/train.py:148: FutureWarning: `torch.cuda.amp.autocast(args...)` is deprecated. Please use `torch.amp.autocast('cuda', args...)` instead.
  with torch.cuda.amp.autocast():
/home/norak/R&I/kxs-/train.py:169: FutureWarning: `torch.cuda.amp.autocast(args...)` is deprecated. Please use `torch.amp.autocast('cuda', args...)` instead.
  with torch.cuda.amp.autocast():
    epoch 15  train_loss=0.0455  val_loss=0.0398  val_qwk=0.7270  val_acc=0.6397
/home/norak/R&I/kxs-/train.py:148: FutureWarning: `torch.cuda.amp.autocast(args...)` is deprecated. Please use `torch.amp.autocast('cuda', args...)` instead.
  with torch.cuda.amp.autocast():
/home/norak/R&I/kxs-/train.py:169: FutureWarning: `torch.cuda.amp.autocast(args...)` is deprecated. Please use `torch.amp.autocast('cuda', args...)` instead.
  with torch.cuda.amp.autocast():
    epoch 16  train_loss=0.0448  val_loss=0.0437  val_qwk=0.7137  val_acc=0.6618
    early-stop at epoch 16 (best epoch=12, best_qwk=0.7347)
/home/norak/R&I/kxs-/train.py:169: FutureWarning: `torch.cuda.amp.autocast(args...)` is deprecated. Please use `torch.amp.autocast('cuda', args...)` instead.
  with torch.cuda.amp.autocast():
/home/norak/R&I/kxs-/train.py:169: FutureWarning: `torch.cuda.amp.autocast(args...)` is deprecated. Please use `torch.amp.autocast('cuda', args...)` instead.
  with torch.cuda.amp.autocast():
/home/norak/R&I/kxs-/train.py:169: FutureWarning: `torch.cuda.amp.autocast(args...)` is deprecated. Please use `torch.amp.autocast('cuda', args...)` instead.
  with torch.cuda.amp.autocast():
  [segment_ra_cross_mbert             ] train_qwk=0.6777 -> test_qwk=0.6747  raw_w1=0.6131  epoch=12  (73.8s)
Loading weights:   0%|          | 0/199 [00:00<?, ?it/s]Loading weights: 100%|██████████| 199/199 [00:00<00:00, 2878.99it/s]
[transformers] [1mXLMRobertaModel LOAD REPORT[0m from: xlm-roberta-base
Key                       | Status     |  | 
--------------------------+------------+--+-
lm_head.dense.weight      | UNEXPECTED |  | 
lm_head.layer_norm.weight | UNEXPECTED |  | 
lm_head.dense.bias        | UNEXPECTED |  | 
lm_head.layer_norm.bias   | UNEXPECTED |  | 
lm_head.bias              | UNEXPECTED |  | 

Notes:
- UNEXPECTED:	can be ignored when loading from different task/architecture; not ok if you expect identical arch.
/home/norak/R&I/kxs-/train.py:206: FutureWarning: `torch.cuda.amp.GradScaler(args...)` is deprecated. Please use `torch.amp.GradScaler('cuda', args...)` instead.
  scaler = torch.cuda.amp.GradScaler() if use_amp and device == "cuda" else None
/home/norak/R&I/kxs-/train.py:148: FutureWarning: `torch.cuda.amp.autocast(args...)` is deprecated. Please use `torch.amp.autocast('cuda', args...)` instead.
  with torch.cuda.amp.autocast():
/home/norak/R&I/kxs-/train.py:169: FutureWarning: `torch.cuda.amp.autocast(args...)` is deprecated. Please use `torch.amp.autocast('cuda', args...)` instead.
  with torch.cuda.amp.autocast():
    epoch  1  train_loss=0.1027  val_loss=0.0825  val_qwk=0.0000  val_acc=0.1324
/home/norak/R&I/kxs-/train.py:148: FutureWarning: `torch.cuda.amp.autocast(args...)` is deprecated. Please use `torch.amp.autocast('cuda', args...)` instead.
  with torch.cuda.amp.autocast():
/home/norak/R&I/kxs-/train.py:169: FutureWarning: `torch.cuda.amp.autocast(args...)` is deprecated. Please use `torch.amp.autocast('cuda', args...)` instead.
  with torch.cuda.amp.autocast():
    epoch  2  train_loss=0.0737  val_loss=0.0574  val_qwk=0.4002  val_acc=0.3750
/home/norak/R&I/kxs-/train.py:148: FutureWarning: `torch.cuda.amp.autocast(args...)` is deprecated. Please use `torch.amp.autocast('cuda', args...)` instead.
  with torch.cuda.amp.autocast():
/home/norak/R&I/kxs-/train.py:169: FutureWarning: `torch.cuda.amp.autocast(args...)` is deprecated. Please use `torch.amp.autocast('cuda', args...)` instead.
  with torch.cuda.amp.autocast():
    epoch  3  train_loss=0.0582  val_loss=0.0551  val_qwk=0.5761  val_acc=0.5809
/home/norak/R&I/kxs-/train.py:148: FutureWarning: `torch.cuda.amp.autocast(args...)` is deprecated. Please use `torch.amp.autocast('cuda', args...)` instead.
  with torch.cuda.amp.autocast():
/home/norak/R&I/kxs-/train.py:169: FutureWarning: `torch.cuda.amp.autocast(args...)` is deprecated. Please use `torch.amp.autocast('cuda', args...)` instead.
  with torch.cuda.amp.autocast():
    epoch  4  train_loss=0.0476  val_loss=0.0409  val_qwk=0.7529  val_acc=0.6029
/home/norak/R&I/kxs-/train.py:148: FutureWarning: `torch.cuda.amp.autocast(args...)` is deprecated. Please use `torch.amp.autocast('cuda', args...)` instead.
  with torch.cuda.amp.autocast():
/home/norak/R&I/kxs-/train.py:169: FutureWarning: `torch.cuda.amp.autocast(args...)` is deprecated. Please use `torch.amp.autocast('cuda', args...)` instead.
  with torch.cuda.amp.autocast():
    epoch  5  train_loss=0.0425  val_loss=0.0369  val_qwk=0.7311  val_acc=0.6250
/home/norak/R&I/kxs-/train.py:148: FutureWarning: `torch.cuda.amp.autocast(args...)` is deprecated. Please use `torch.amp.autocast('cuda', args...)` instead.
  with torch.cuda.amp.autocast():
/home/norak/R&I/kxs-/train.py:169: FutureWarning: `torch.cuda.amp.autocast(args...)` is deprecated. Please use `torch.amp.autocast('cuda', args...)` instead.
  with torch.cuda.amp.autocast():
    epoch  6  train_loss=0.0395  val_loss=0.0317  val_qwk=0.7798  val_acc=0.6176
/home/norak/R&I/kxs-/train.py:148: FutureWarning: `torch.cuda.amp.autocast(args...)` is deprecated. Please use `torch.amp.autocast('cuda', args...)` instead.
  with torch.cuda.amp.autocast():
/home/norak/R&I/kxs-/train.py:169: FutureWarning: `torch.cuda.amp.autocast(args...)` is deprecated. Please use `torch.amp.autocast('cuda', args...)` instead.
  with torch.cuda.amp.autocast():
    epoch  7  train_loss=0.0339  val_loss=0.0277  val_qwk=0.7955  val_acc=0.6985
/home/norak/R&I/kxs-/train.py:148: FutureWarning: `torch.cuda.amp.autocast(args...)` is deprecated. Please use `torch.amp.autocast('cuda', args...)` instead.
  with torch.cuda.amp.autocast():
/home/norak/R&I/kxs-/train.py:169: FutureWarning: `torch.cuda.amp.autocast(args...)` is deprecated. Please use `torch.amp.autocast('cuda', args...)` instead.
  with torch.cuda.amp.autocast():
    epoch  8  train_loss=0.0331  val_loss=0.0335  val_qwk=0.7743  val_acc=0.7059
/home/norak/R&I/kxs-/train.py:148: FutureWarning: `torch.cuda.amp.autocast(args...)` is deprecated. Please use `torch.amp.autocast('cuda', args...)` instead.
  with torch.cuda.amp.autocast():
/home/norak/R&I/kxs-/train.py:169: FutureWarning: `torch.cuda.amp.autocast(args...)` is deprecated. Please use `torch.amp.autocast('cuda', args...)` instead.
  with torch.cuda.amp.autocast():
    epoch  9  train_loss=0.0301  val_loss=0.0292  val_qwk=0.7861  val_acc=0.6765
/home/norak/R&I/kxs-/train.py:148: FutureWarning: `torch.cuda.amp.autocast(args...)` is deprecated. Please use `torch.amp.autocast('cuda', args...)` instead.
  with torch.cuda.amp.autocast():
/home/norak/R&I/kxs-/train.py:169: FutureWarning: `torch.cuda.amp.autocast(args...)` is deprecated. Please use `torch.amp.autocast('cuda', args...)` instead.
  with torch.cuda.amp.autocast():
    epoch 10  train_loss=0.0300  val_loss=0.0246  val_qwk=0.8429  val_acc=0.7206
/home/norak/R&I/kxs-/train.py:148: FutureWarning: `torch.cuda.amp.autocast(args...)` is deprecated. Please use `torch.amp.autocast('cuda', args...)` instead.
  with torch.cuda.amp.autocast():
/home/norak/R&I/kxs-/train.py:169: FutureWarning: `torch.cuda.amp.autocast(args...)` is deprecated. Please use `torch.amp.autocast('cuda', args...)` instead.
  with torch.cuda.amp.autocast():
    epoch 11  train_loss=0.0244  val_loss=0.0238  val_qwk=0.8528  val_acc=0.7647
/home/norak/R&I/kxs-/train.py:148: FutureWarning: `torch.cuda.amp.autocast(args...)` is deprecated. Please use `torch.amp.autocast('cuda', args...)` instead.
  with torch.cuda.amp.autocast():
/home/norak/R&I/kxs-/train.py:169: FutureWarning: `torch.cuda.amp.autocast(args...)` is deprecated. Please use `torch.amp.autocast('cuda', args...)` instead.
  with torch.cuda.amp.autocast():
    epoch 12  train_loss=0.0201  val_loss=0.0241  val_qwk=0.8728  val_acc=0.7500
/home/norak/R&I/kxs-/train.py:148: FutureWarning: `torch.cuda.amp.autocast(args...)` is deprecated. Please use `torch.amp.autocast('cuda', args...)` instead.
  with torch.cuda.amp.autocast():
/home/norak/R&I/kxs-/train.py:169: FutureWarning: `torch.cuda.amp.autocast(args...)` is deprecated. Please use `torch.amp.autocast('cuda', args...)` instead.
  with torch.cuda.amp.autocast():
    epoch 13  train_loss=0.0191  val_loss=0.0272  val_qwk=0.8710  val_acc=0.7721
/home/norak/R&I/kxs-/train.py:148: FutureWarning: `torch.cuda.amp.autocast(args...)` is deprecated. Please use `torch.amp.autocast('cuda', args...)` instead.
  with torch.cuda.amp.autocast():
/home/norak/R&I/kxs-/train.py:169: FutureWarning: `torch.cuda.amp.autocast(args...)` is deprecated. Please use `torch.amp.autocast('cuda', args...)` instead.
  with torch.cuda.amp.autocast():
    epoch 14  train_loss=0.0197  val_loss=0.0215  val_qwk=0.8401  val_acc=0.6765
/home/norak/R&I/kxs-/train.py:148: FutureWarning: `torch.cuda.amp.autocast(args...)` is deprecated. Please use `torch.amp.autocast('cuda', args...)` instead.
  with torch.cuda.amp.autocast():
/home/norak/R&I/kxs-/train.py:169: FutureWarning: `torch.cuda.amp.autocast(args...)` is deprecated. Please use `torch.amp.autocast('cuda', args...)` instead.
  with torch.cuda.amp.autocast():
    epoch 15  train_loss=0.0168  val_loss=0.0233  val_qwk=0.8712  val_acc=0.7426
/home/norak/R&I/kxs-/train.py:148: FutureWarning: `torch.cuda.amp.autocast(args...)` is deprecated. Please use `torch.amp.autocast('cuda', args...)` instead.
  with torch.cuda.amp.autocast():
/home/norak/R&I/kxs-/train.py:169: FutureWarning: `torch.cuda.amp.autocast(args...)` is deprecated. Please use `torch.amp.autocast('cuda', args...)` instead.
  with torch.cuda.amp.autocast():
    epoch 16  train_loss=0.0175  val_loss=0.0214  val_qwk=0.8792  val_acc=0.8015
/home/norak/R&I/kxs-/train.py:148: FutureWarning: `torch.cuda.amp.autocast(args...)` is deprecated. Please use `torch.amp.autocast('cuda', args...)` instead.
  with torch.cuda.amp.autocast():
/home/norak/R&I/kxs-/train.py:169: FutureWarning: `torch.cuda.amp.autocast(args...)` is deprecated. Please use `torch.amp.autocast('cuda', args...)` instead.
  with torch.cuda.amp.autocast():
    epoch 17  train_loss=0.0138  val_loss=0.0225  val_qwk=0.8661  val_acc=0.7868
/home/norak/R&I/kxs-/train.py:148: FutureWarning: `torch.cuda.amp.autocast(args...)` is deprecated. Please use `torch.amp.autocast('cuda', args...)` instead.
  with torch.cuda.amp.autocast():
/home/norak/R&I/kxs-/train.py:169: FutureWarning: `torch.cuda.amp.autocast(args...)` is deprecated. Please use `torch.amp.autocast('cuda', args...)` instead.
  with torch.cuda.amp.autocast():
    epoch 18  train_loss=0.0130  val_loss=0.0226  val_qwk=0.8744  val_acc=0.7721
/home/norak/R&I/kxs-/train.py:148: FutureWarning: `torch.cuda.amp.autocast(args...)` is deprecated. Please use `torch.amp.autocast('cuda', args...)` instead.
  with torch.cuda.amp.autocast():
/home/norak/R&I/kxs-/train.py:169: FutureWarning: `torch.cuda.amp.autocast(args...)` is deprecated. Please use `torch.amp.autocast('cuda', args...)` instead.
  with torch.cuda.amp.autocast():
    epoch 19  train_loss=0.0158  val_loss=0.0316  val_qwk=0.7934  val_acc=0.7426
/home/norak/R&I/kxs-/train.py:148: FutureWarning: `torch.cuda.amp.autocast(args...)` is deprecated. Please use `torch.amp.autocast('cuda', args...)` instead.
  with torch.cuda.amp.autocast():
/home/norak/R&I/kxs-/train.py:169: FutureWarning: `torch.cuda.amp.autocast(args...)` is deprecated. Please use `torch.amp.autocast('cuda', args...)` instead.
  with torch.cuda.amp.autocast():
    epoch 20  train_loss=0.0138  val_loss=0.0229  val_qwk=0.8479  val_acc=0.7279
    early-stop at epoch 20 (best epoch=16, best_qwk=0.8792)
/home/norak/R&I/kxs-/train.py:169: FutureWarning: `torch.cuda.amp.autocast(args...)` is deprecated. Please use `torch.amp.autocast('cuda', args...)` instead.
  with torch.cuda.amp.autocast():
/home/norak/R&I/kxs-/train.py:169: FutureWarning: `torch.cuda.amp.autocast(args...)` is deprecated. Please use `torch.amp.autocast('cuda', args...)` instead.
  with torch.cuda.amp.autocast():
/home/norak/R&I/kxs-/train.py:169: FutureWarning: `torch.cuda.amp.autocast(args...)` is deprecated. Please use `torch.amp.autocast('cuda', args...)` instead.
  with torch.cuda.amp.autocast():
  [segment_ra_cross_xlmr              ] train_qwk=0.9152 -> test_qwk=0.7817  raw_w1=0.7591  epoch=16  (96.7s)
Loading weights:   0%|          | 0/136 [00:00<?, ?it/s]Loading weights:  65%|██████▌   | 89/136 [00:00<00:00, 889.64it/s]Loading weights: 100%|██████████| 136/136 [00:00<00:00, 1115.62it/s]
[transformers] [1mNewModel LOAD REPORT[0m from: Alibaba-NLP/gte-multilingual-base
Key               | Status     |  | 
------------------+------------+--+-
classifier.bias   | UNEXPECTED |  | 
classifier.weight | UNEXPECTED |  | 

Notes:
- UNEXPECTED:	can be ignored when loading from different task/architecture; not ok if you expect identical arch.
/home/norak/R&I/kxs-/train.py:206: FutureWarning: `torch.cuda.amp.GradScaler(args...)` is deprecated. Please use `torch.amp.GradScaler('cuda', args...)` instead.
  scaler = torch.cuda.amp.GradScaler() if use_amp and device == "cuda" else None
/home/norak/R&I/kxs-/train.py:148: FutureWarning: `torch.cuda.amp.autocast(args...)` is deprecated. Please use `torch.amp.autocast('cuda', args...)` instead.
  with torch.cuda.amp.autocast():
/home/norak/R&I/kxs-/train.py:169: FutureWarning: `torch.cuda.amp.autocast(args...)` is deprecated. Please use `torch.amp.autocast('cuda', args...)` instead.
  with torch.cuda.amp.autocast():
    epoch  1  train_loss=0.0783  val_loss=0.0490  val_qwk=0.6069  val_acc=0.5074
/home/norak/R&I/kxs-/train.py:148: FutureWarning: `torch.cuda.amp.autocast(args...)` is deprecated. Please use `torch.amp.autocast('cuda', args...)` instead.
  with torch.cuda.amp.autocast():
/home/norak/R&I/kxs-/train.py:169: FutureWarning: `torch.cuda.amp.autocast(args...)` is deprecated. Please use `torch.amp.autocast('cuda', args...)` instead.
  with torch.cuda.amp.autocast():
    epoch  2  train_loss=0.0533  val_loss=0.0396  val_qwk=0.6745  val_acc=0.5735
/home/norak/R&I/kxs-/train.py:148: FutureWarning: `torch.cuda.amp.autocast(args...)` is deprecated. Please use `torch.amp.autocast('cuda', args...)` instead.
  with torch.cuda.amp.autocast():
/home/norak/R&I/kxs-/train.py:169: FutureWarning: `torch.cuda.amp.autocast(args...)` is deprecated. Please use `torch.amp.autocast('cuda', args...)` instead.
  with torch.cuda.amp.autocast():
    epoch  3  train_loss=0.0453  val_loss=0.0371  val_qwk=0.7591  val_acc=0.6471
/home/norak/R&I/kxs-/train.py:148: FutureWarning: `torch.cuda.amp.autocast(args...)` is deprecated. Please use `torch.amp.autocast('cuda', args...)` instead.
  with torch.cuda.amp.autocast():
/home/norak/R&I/kxs-/train.py:169: FutureWarning: `torch.cuda.amp.autocast(args...)` is deprecated. Please use `torch.amp.autocast('cuda', args...)` instead.
  with torch.cuda.amp.autocast():
    epoch  4  train_loss=0.0385  val_loss=0.0317  val_qwk=0.8072  val_acc=0.6838
/home/norak/R&I/kxs-/train.py:148: FutureWarning: `torch.cuda.amp.autocast(args...)` is deprecated. Please use `torch.amp.autocast('cuda', args...)` instead.
  with torch.cuda.amp.autocast():
/home/norak/R&I/kxs-/train.py:169: FutureWarning: `torch.cuda.amp.autocast(args...)` is deprecated. Please use `torch.amp.autocast('cuda', args...)` instead.
  with torch.cuda.amp.autocast():
    epoch  5  train_loss=0.0322  val_loss=0.0252  val_qwk=0.8111  val_acc=0.6985
/home/norak/R&I/kxs-/train.py:148: FutureWarning: `torch.cuda.amp.autocast(args...)` is deprecated. Please use `torch.amp.autocast('cuda', args...)` instead.
  with torch.cuda.amp.autocast():
/home/norak/R&I/kxs-/train.py:169: FutureWarning: `torch.cuda.amp.autocast(args...)` is deprecated. Please use `torch.amp.autocast('cuda', args...)` instead.
  with torch.cuda.amp.autocast():
    epoch  6  train_loss=0.0254  val_loss=0.0223  val_qwk=0.8357  val_acc=0.6618
/home/norak/R&I/kxs-/train.py:148: FutureWarning: `torch.cuda.amp.autocast(args...)` is deprecated. Please use `torch.amp.autocast('cuda', args...)` instead.
  with torch.cuda.amp.autocast():
/home/norak/R&I/kxs-/train.py:169: FutureWarning: `torch.cuda.amp.autocast(args...)` is deprecated. Please use `torch.amp.autocast('cuda', args...)` instead.
  with torch.cuda.amp.autocast():
    epoch  7  train_loss=0.0236  val_loss=0.0273  val_qwk=0.8539  val_acc=0.7426
/home/norak/R&I/kxs-/train.py:148: FutureWarning: `torch.cuda.amp.autocast(args...)` is deprecated. Please use `torch.amp.autocast('cuda', args...)` instead.
  with torch.cuda.amp.autocast():
/home/norak/R&I/kxs-/train.py:169: FutureWarning: `torch.cuda.amp.autocast(args...)` is deprecated. Please use `torch.amp.autocast('cuda', args...)` instead.
  with torch.cuda.amp.autocast():
    epoch  8  train_loss=0.0234  val_loss=0.0229  val_qwk=0.8646  val_acc=0.7574
/home/norak/R&I/kxs-/train.py:148: FutureWarning: `torch.cuda.amp.autocast(args...)` is deprecated. Please use `torch.amp.autocast('cuda', args...)` instead.
  with torch.cuda.amp.autocast():
/home/norak/R&I/kxs-/train.py:169: FutureWarning: `torch.cuda.amp.autocast(args...)` is deprecated. Please use `torch.amp.autocast('cuda', args...)` instead.
  with torch.cuda.amp.autocast():
    epoch  9  train_loss=0.0206  val_loss=0.0250  val_qwk=0.8261  val_acc=0.7279
/home/norak/R&I/kxs-/train.py:148: FutureWarning: `torch.cuda.amp.autocast(args...)` is deprecated. Please use `torch.amp.autocast('cuda', args...)` instead.
  with torch.cuda.amp.autocast():
/home/norak/R&I/kxs-/train.py:169: FutureWarning: `torch.cuda.amp.autocast(args...)` is deprecated. Please use `torch.amp.autocast('cuda', args...)` instead.
  with torch.cuda.amp.autocast():
    epoch 10  train_loss=0.0191  val_loss=0.0206  val_qwk=0.8859  val_acc=0.7794
/home/norak/R&I/kxs-/train.py:148: FutureWarning: `torch.cuda.amp.autocast(args...)` is deprecated. Please use `torch.amp.autocast('cuda', args...)` instead.
  with torch.cuda.amp.autocast():
/home/norak/R&I/kxs-/train.py:169: FutureWarning: `torch.cuda.amp.autocast(args...)` is deprecated. Please use `torch.amp.autocast('cuda', args...)` instead.
  with torch.cuda.amp.autocast():
    epoch 11  train_loss=0.0156  val_loss=0.0238  val_qwk=0.8719  val_acc=0.7721
/home/norak/R&I/kxs-/train.py:148: FutureWarning: `torch.cuda.amp.autocast(args...)` is deprecated. Please use `torch.amp.autocast('cuda', args...)` instead.
  with torch.cuda.amp.autocast():
/home/norak/R&I/kxs-/train.py:169: FutureWarning: `torch.cuda.amp.autocast(args...)` is deprecated. Please use `torch.amp.autocast('cuda', args...)` instead.
  with torch.cuda.amp.autocast():
    epoch 12  train_loss=0.0161  val_loss=0.0240  val_qwk=0.8522  val_acc=0.7426
/home/norak/R&I/kxs-/train.py:148: FutureWarning: `torch.cuda.amp.autocast(args...)` is deprecated. Please use `torch.amp.autocast('cuda', args...)` instead.
  with torch.cuda.amp.autocast():
/home/norak/R&I/kxs-/train.py:169: FutureWarning: `torch.cuda.amp.autocast(args...)` is deprecated. Please use `torch.amp.autocast('cuda', args...)` instead.
  with torch.cuda.amp.autocast():
    epoch 13  train_loss=0.0166  val_loss=0.0214  val_qwk=0.8721  val_acc=0.7426
/home/norak/R&I/kxs-/train.py:148: FutureWarning: `torch.cuda.amp.autocast(args...)` is deprecated. Please use `torch.amp.autocast('cuda', args...)` instead.
  with torch.cuda.amp.autocast():
/home/norak/R&I/kxs-/train.py:169: FutureWarning: `torch.cuda.amp.autocast(args...)` is deprecated. Please use `torch.amp.autocast('cuda', args...)` instead.
  with torch.cuda.amp.autocast():
    epoch 14  train_loss=0.0132  val_loss=0.0192  val_qwk=0.8594  val_acc=0.7059
    early-stop at epoch 14 (best epoch=10, best_qwk=0.8859)
/home/norak/R&I/kxs-/train.py:169: FutureWarning: `torch.cuda.amp.autocast(args...)` is deprecated. Please use `torch.amp.autocast('cuda', args...)` instead.
  with torch.cuda.amp.autocast():
/home/norak/R&I/kxs-/train.py:169: FutureWarning: `torch.cuda.amp.autocast(args...)` is deprecated. Please use `torch.amp.autocast('cuda', args...)` instead.
  with torch.cuda.amp.autocast():
/home/norak/R&I/kxs-/train.py:169: FutureWarning: `torch.cuda.amp.autocast(args...)` is deprecated. Please use `torch.amp.autocast('cuda', args...)` instead.
  with torch.cuda.amp.autocast():
  [segment_ra_cross_gte               ] train_qwk=0.8914 -> test_qwk=0.7619  raw_w1=0.7883  epoch=10  (86.2s)
Loading weights:   0%|          | 0/199 [00:00<?, ?it/s]Loading weights: 100%|██████████| 199/199 [00:00<00:00, 3014.55it/s]
[transformers] [1mBertModel LOAD REPORT[0m from: bert-base-multilingual-cased
Key                                        | Status     |  | 
-------------------------------------------+------------+--+-
cls.predictions.transform.dense.weight     | UNEXPECTED |  | 
cls.seq_relationship.weight                | UNEXPECTED |  | 
cls.seq_relationship.bias                  | UNEXPECTED |  | 
cls.predictions.transform.LayerNorm.bias   | UNEXPECTED |  | 
cls.predictions.bias                       | UNEXPECTED |  | 
cls.predictions.transform.dense.bias       | UNEXPECTED |  | 
cls.predictions.transform.LayerNorm.weight | UNEXPECTED |  | 

Notes:
- UNEXPECTED:	can be ignored when loading from different task/architecture; not ok if you expect identical arch.
/home/norak/R&I/kxs-/train.py:206: FutureWarning: `torch.cuda.amp.GradScaler(args...)` is deprecated. Please use `torch.amp.GradScaler('cuda', args...)` instead.
  scaler = torch.cuda.amp.GradScaler() if use_amp and device == "cuda" else None
/home/norak/R&I/kxs-/train.py:148: FutureWarning: `torch.cuda.amp.autocast(args...)` is deprecated. Please use `torch.amp.autocast('cuda', args...)` instead.
  with torch.cuda.amp.autocast():
/home/norak/R&I/kxs-/train.py:169: FutureWarning: `torch.cuda.amp.autocast(args...)` is deprecated. Please use `torch.amp.autocast('cuda', args...)` instead.
  with torch.cuda.amp.autocast():
    epoch  1  train_loss=0.0847  val_loss=0.0837  val_qwk=0.0000  val_acc=0.1324
/home/norak/R&I/kxs-/train.py:148: FutureWarning: `torch.cuda.amp.autocast(args...)` is deprecated. Please use `torch.amp.autocast('cuda', args...)` instead.
  with torch.cuda.amp.autocast():
/home/norak/R&I/kxs-/train.py:169: FutureWarning: `torch.cuda.amp.autocast(args...)` is deprecated. Please use `torch.amp.autocast('cuda', args...)` instead.
  with torch.cuda.amp.autocast():
    epoch  2  train_loss=0.0738  val_loss=0.0601  val_qwk=0.3762  val_acc=0.3088
/home/norak/R&I/kxs-/train.py:148: FutureWarning: `torch.cuda.amp.autocast(args...)` is deprecated. Please use `torch.amp.autocast('cuda', args...)` instead.
  with torch.cuda.amp.autocast():
/home/norak/R&I/kxs-/train.py:169: FutureWarning: `torch.cuda.amp.autocast(args...)` is deprecated. Please use `torch.amp.autocast('cuda', args...)` instead.
  with torch.cuda.amp.autocast():
    epoch  3  train_loss=0.0598  val_loss=0.0461  val_qwk=0.5962  val_acc=0.4265
/home/norak/R&I/kxs-/train.py:148: FutureWarning: `torch.cuda.amp.autocast(args...)` is deprecated. Please use `torch.amp.autocast('cuda', args...)` instead.
  with torch.cuda.amp.autocast():
/home/norak/R&I/kxs-/train.py:169: FutureWarning: `torch.cuda.amp.autocast(args...)` is deprecated. Please use `torch.amp.autocast('cuda', args...)` instead.
  with torch.cuda.amp.autocast():
    epoch  4  train_loss=0.0537  val_loss=0.0440  val_qwk=0.6202  val_acc=0.5147
/home/norak/R&I/kxs-/train.py:148: FutureWarning: `torch.cuda.amp.autocast(args...)` is deprecated. Please use `torch.amp.autocast('cuda', args...)` instead.
  with torch.cuda.amp.autocast():
/home/norak/R&I/kxs-/train.py:169: FutureWarning: `torch.cuda.amp.autocast(args...)` is deprecated. Please use `torch.amp.autocast('cuda', args...)` instead.
  with torch.cuda.amp.autocast():
    epoch  5  train_loss=0.0500  val_loss=0.0454  val_qwk=0.4963  val_acc=0.3971
/home/norak/R&I/kxs-/train.py:148: FutureWarning: `torch.cuda.amp.autocast(args...)` is deprecated. Please use `torch.amp.autocast('cuda', args...)` instead.
  with torch.cuda.amp.autocast():
/home/norak/R&I/kxs-/train.py:169: FutureWarning: `torch.cuda.amp.autocast(args...)` is deprecated. Please use `torch.amp.autocast('cuda', args...)` instead.
  with torch.cuda.amp.autocast():
    epoch  6  train_loss=0.0478  val_loss=0.0400  val_qwk=0.6994  val_acc=0.6029
/home/norak/R&I/kxs-/train.py:148: FutureWarning: `torch.cuda.amp.autocast(args...)` is deprecated. Please use `torch.amp.autocast('cuda', args...)` instead.
  with torch.cuda.amp.autocast():
/home/norak/R&I/kxs-/train.py:169: FutureWarning: `torch.cuda.amp.autocast(args...)` is deprecated. Please use `torch.amp.autocast('cuda', args...)` instead.
  with torch.cuda.amp.autocast():
    epoch  7  train_loss=0.0459  val_loss=0.0404  val_qwk=0.6541  val_acc=0.4926
/home/norak/R&I/kxs-/train.py:148: FutureWarning: `torch.cuda.amp.autocast(args...)` is deprecated. Please use `torch.amp.autocast('cuda', args...)` instead.
  with torch.cuda.amp.autocast():
/home/norak/R&I/kxs-/train.py:169: FutureWarning: `torch.cuda.amp.autocast(args...)` is deprecated. Please use `torch.amp.autocast('cuda', args...)` instead.
  with torch.cuda.amp.autocast():
    epoch  8  train_loss=0.0446  val_loss=0.0360  val_qwk=0.7473  val_acc=0.6029
/home/norak/R&I/kxs-/train.py:148: FutureWarning: `torch.cuda.amp.autocast(args...)` is deprecated. Please use `torch.amp.autocast('cuda', args...)` instead.
  with torch.cuda.amp.autocast():
/home/norak/R&I/kxs-/train.py:169: FutureWarning: `torch.cuda.amp.autocast(args...)` is deprecated. Please use `torch.amp.autocast('cuda', args...)` instead.
  with torch.cuda.amp.autocast():
    epoch  9  train_loss=0.0434  val_loss=0.0389  val_qwk=0.6853  val_acc=0.5515
/home/norak/R&I/kxs-/train.py:148: FutureWarning: `torch.cuda.amp.autocast(args...)` is deprecated. Please use `torch.amp.autocast('cuda', args...)` instead.
  with torch.cuda.amp.autocast():
/home/norak/R&I/kxs-/train.py:169: FutureWarning: `torch.cuda.amp.autocast(args...)` is deprecated. Please use `torch.amp.autocast('cuda', args...)` instead.
  with torch.cuda.amp.autocast():
    epoch 10  train_loss=0.0424  val_loss=0.0388  val_qwk=0.7632  val_acc=0.6544
/home/norak/R&I/kxs-/train.py:148: FutureWarning: `torch.cuda.amp.autocast(args...)` is deprecated. Please use `torch.amp.autocast('cuda', args...)` instead.
  with torch.cuda.amp.autocast():
/home/norak/R&I/kxs-/train.py:169: FutureWarning: `torch.cuda.amp.autocast(args...)` is deprecated. Please use `torch.amp.autocast('cuda', args...)` instead.
  with torch.cuda.amp.autocast():
    epoch 11  train_loss=0.0435  val_loss=0.0416  val_qwk=0.6497  val_acc=0.4853
/home/norak/R&I/kxs-/train.py:148: FutureWarning: `torch.cuda.amp.autocast(args...)` is deprecated. Please use `torch.amp.autocast('cuda', args...)` instead.
  with torch.cuda.amp.autocast():
/home/norak/R&I/kxs-/train.py:169: FutureWarning: `torch.cuda.amp.autocast(args...)` is deprecated. Please use `torch.amp.autocast('cuda', args...)` instead.
  with torch.cuda.amp.autocast():
    epoch 12  train_loss=0.0411  val_loss=0.0389  val_qwk=0.6766  val_acc=0.5000
/home/norak/R&I/kxs-/train.py:148: FutureWarning: `torch.cuda.amp.autocast(args...)` is deprecated. Please use `torch.amp.autocast('cuda', args...)` instead.
  with torch.cuda.amp.autocast():
/home/norak/R&I/kxs-/train.py:169: FutureWarning: `torch.cuda.amp.autocast(args...)` is deprecated. Please use `torch.amp.autocast('cuda', args...)` instead.
  with torch.cuda.amp.autocast():
    epoch 13  train_loss=0.0392  val_loss=0.0393  val_qwk=0.7019  val_acc=0.5956
/home/norak/R&I/kxs-/train.py:148: FutureWarning: `torch.cuda.amp.autocast(args...)` is deprecated. Please use `torch.amp.autocast('cuda', args...)` instead.
  with torch.cuda.amp.autocast():
/home/norak/R&I/kxs-/train.py:169: FutureWarning: `torch.cuda.amp.autocast(args...)` is deprecated. Please use `torch.amp.autocast('cuda', args...)` instead.
  with torch.cuda.amp.autocast():
    epoch 14  train_loss=0.0399  val_loss=0.0403  val_qwk=0.6215  val_acc=0.4853
    early-stop at epoch 14 (best epoch=10, best_qwk=0.7632)
/home/norak/R&I/kxs-/train.py:169: FutureWarning: `torch.cuda.amp.autocast(args...)` is deprecated. Please use `torch.amp.autocast('cuda', args...)` instead.
  with torch.cuda.amp.autocast():
/home/norak/R&I/kxs-/train.py:169: FutureWarning: `torch.cuda.amp.autocast(args...)` is deprecated. Please use `torch.amp.autocast('cuda', args...)` instead.
  with torch.cuda.amp.autocast():
/home/norak/R&I/kxs-/train.py:169: FutureWarning: `torch.cuda.amp.autocast(args...)` is deprecated. Please use `torch.amp.autocast('cuda', args...)` instead.
  with torch.cuda.amp.autocast():
  [segment_qar_dual_mbert             ] train_qwk=0.7246 -> test_qwk=0.6603  raw_w1=0.5620  epoch=10  (94.9s)
Loading weights:   0%|          | 0/199 [00:00<?, ?it/s]Loading weights: 100%|██████████| 199/199 [00:00<00:00, 2868.95it/s]
[transformers] [1mXLMRobertaModel LOAD REPORT[0m from: xlm-roberta-base
Key                       | Status     |  | 
--------------------------+------------+--+-
lm_head.dense.weight      | UNEXPECTED |  | 
lm_head.layer_norm.weight | UNEXPECTED |  | 
lm_head.dense.bias        | UNEXPECTED |  | 
lm_head.layer_norm.bias   | UNEXPECTED |  | 
lm_head.bias              | UNEXPECTED |  | 

Notes:
- UNEXPECTED:	can be ignored when loading from different task/architecture; not ok if you expect identical arch.
/home/norak/R&I/kxs-/train.py:206: FutureWarning: `torch.cuda.amp.GradScaler(args...)` is deprecated. Please use `torch.amp.GradScaler('cuda', args...)` instead.
  scaler = torch.cuda.amp.GradScaler() if use_amp and device == "cuda" else None
/home/norak/R&I/kxs-/train.py:148: FutureWarning: `torch.cuda.amp.autocast(args...)` is deprecated. Please use `torch.amp.autocast('cuda', args...)` instead.
  with torch.cuda.amp.autocast():
/home/norak/R&I/kxs-/train.py:169: FutureWarning: `torch.cuda.amp.autocast(args...)` is deprecated. Please use `torch.amp.autocast('cuda', args...)` instead.
  with torch.cuda.amp.autocast():
    epoch  1  train_loss=0.1089  val_loss=0.0733  val_qwk=0.3016  val_acc=0.3971
/home/norak/R&I/kxs-/train.py:148: FutureWarning: `torch.cuda.amp.autocast(args...)` is deprecated. Please use `torch.amp.autocast('cuda', args...)` instead.
  with torch.cuda.amp.autocast():
/home/norak/R&I/kxs-/train.py:169: FutureWarning: `torch.cuda.amp.autocast(args...)` is deprecated. Please use `torch.amp.autocast('cuda', args...)` instead.
  with torch.cuda.amp.autocast():
    epoch  2  train_loss=0.0698  val_loss=0.0510  val_qwk=0.6413  val_acc=0.4926
/home/norak/R&I/kxs-/train.py:148: FutureWarning: `torch.cuda.amp.autocast(args...)` is deprecated. Please use `torch.amp.autocast('cuda', args...)` instead.
  with torch.cuda.amp.autocast():
/home/norak/R&I/kxs-/train.py:169: FutureWarning: `torch.cuda.amp.autocast(args...)` is deprecated. Please use `torch.amp.autocast('cuda', args...)` instead.
  with torch.cuda.amp.autocast():
    epoch  3  train_loss=0.0607  val_loss=0.0429  val_qwk=0.6380  val_acc=0.5735
/home/norak/R&I/kxs-/train.py:148: FutureWarning: `torch.cuda.amp.autocast(args...)` is deprecated. Please use `torch.amp.autocast('cuda', args...)` instead.
  with torch.cuda.amp.autocast():
/home/norak/R&I/kxs-/train.py:169: FutureWarning: `torch.cuda.amp.autocast(args...)` is deprecated. Please use `torch.amp.autocast('cuda', args...)` instead.
  with torch.cuda.amp.autocast():
    epoch  4  train_loss=0.0565  val_loss=0.0421  val_qwk=0.6713  val_acc=0.5735
/home/norak/R&I/kxs-/train.py:148: FutureWarning: `torch.cuda.amp.autocast(args...)` is deprecated. Please use `torch.amp.autocast('cuda', args...)` instead.
  with torch.cuda.amp.autocast():
/home/norak/R&I/kxs-/train.py:169: FutureWarning: `torch.cuda.amp.autocast(args...)` is deprecated. Please use `torch.amp.autocast('cuda', args...)` instead.
  with torch.cuda.amp.autocast():
    epoch  5  train_loss=0.0491  val_loss=0.0341  val_qwk=0.7406  val_acc=0.6618
/home/norak/R&I/kxs-/train.py:148: FutureWarning: `torch.cuda.amp.autocast(args...)` is deprecated. Please use `torch.amp.autocast('cuda', args...)` instead.
  with torch.cuda.amp.autocast():
/home/norak/R&I/kxs-/train.py:169: FutureWarning: `torch.cuda.amp.autocast(args...)` is deprecated. Please use `torch.amp.autocast('cuda', args...)` instead.
  with torch.cuda.amp.autocast():
    epoch  6  train_loss=0.0373  val_loss=0.0282  val_qwk=0.7899  val_acc=0.6985
/home/norak/R&I/kxs-/train.py:148: FutureWarning: `torch.cuda.amp.autocast(args...)` is deprecated. Please use `torch.amp.autocast('cuda', args...)` instead.
  with torch.cuda.amp.autocast():
/home/norak/R&I/kxs-/train.py:169: FutureWarning: `torch.cuda.amp.autocast(args...)` is deprecated. Please use `torch.amp.autocast('cuda', args...)` instead.
  with torch.cuda.amp.autocast():
    epoch  7  train_loss=0.0350  val_loss=0.0294  val_qwk=0.8049  val_acc=0.6471
/home/norak/R&I/kxs-/train.py:148: FutureWarning: `torch.cuda.amp.autocast(args...)` is deprecated. Please use `torch.amp.autocast('cuda', args...)` instead.
  with torch.cuda.amp.autocast():
/home/norak/R&I/kxs-/train.py:169: FutureWarning: `torch.cuda.amp.autocast(args...)` is deprecated. Please use `torch.amp.autocast('cuda', args...)` instead.
  with torch.cuda.amp.autocast():
    epoch  8  train_loss=0.0293  val_loss=0.0307  val_qwk=0.8098  val_acc=0.6838
/home/norak/R&I/kxs-/train.py:148: FutureWarning: `torch.cuda.amp.autocast(args...)` is deprecated. Please use `torch.amp.autocast('cuda', args...)` instead.
  with torch.cuda.amp.autocast():
/home/norak/R&I/kxs-/train.py:169: FutureWarning: `torch.cuda.amp.autocast(args...)` is deprecated. Please use `torch.amp.autocast('cuda', args...)` instead.
  with torch.cuda.amp.autocast():
    epoch  9  train_loss=0.0244  val_loss=0.0269  val_qwk=0.8252  val_acc=0.6985
/home/norak/R&I/kxs-/train.py:148: FutureWarning: `torch.cuda.amp.autocast(args...)` is deprecated. Please use `torch.amp.autocast('cuda', args...)` instead.
  with torch.cuda.amp.autocast():
/home/norak/R&I/kxs-/train.py:169: FutureWarning: `torch.cuda.amp.autocast(args...)` is deprecated. Please use `torch.amp.autocast('cuda', args...)` instead.
  with torch.cuda.amp.autocast():
    epoch 10  train_loss=0.0214  val_loss=0.0233  val_qwk=0.8448  val_acc=0.7206
/home/norak/R&I/kxs-/train.py:148: FutureWarning: `torch.cuda.amp.autocast(args...)` is deprecated. Please use `torch.amp.autocast('cuda', args...)` instead.
  with torch.cuda.amp.autocast():
/home/norak/R&I/kxs-/train.py:169: FutureWarning: `torch.cuda.amp.autocast(args...)` is deprecated. Please use `torch.amp.autocast('cuda', args...)` instead.
  with torch.cuda.amp.autocast():
    epoch 11  train_loss=0.0190  val_loss=0.0238  val_qwk=0.8202  val_acc=0.6765
/home/norak/R&I/kxs-/train.py:148: FutureWarning: `torch.cuda.amp.autocast(args...)` is deprecated. Please use `torch.amp.autocast('cuda', args...)` instead.
  with torch.cuda.amp.autocast():
/home/norak/R&I/kxs-/train.py:169: FutureWarning: `torch.cuda.amp.autocast(args...)` is deprecated. Please use `torch.amp.autocast('cuda', args...)` instead.
  with torch.cuda.amp.autocast():
    epoch 12  train_loss=0.0162  val_loss=0.0257  val_qwk=0.8277  val_acc=0.7721
/home/norak/R&I/kxs-/train.py:148: FutureWarning: `torch.cuda.amp.autocast(args...)` is deprecated. Please use `torch.amp.autocast('cuda', args...)` instead.
  with torch.cuda.amp.autocast():
/home/norak/R&I/kxs-/train.py:169: FutureWarning: `torch.cuda.amp.autocast(args...)` is deprecated. Please use `torch.amp.autocast('cuda', args...)` instead.
  with torch.cuda.amp.autocast():
    epoch 13  train_loss=0.0132  val_loss=0.0223  val_qwk=0.8448  val_acc=0.7059
/home/norak/R&I/kxs-/train.py:148: FutureWarning: `torch.cuda.amp.autocast(args...)` is deprecated. Please use `torch.amp.autocast('cuda', args...)` instead.
  with torch.cuda.amp.autocast():
/home/norak/R&I/kxs-/train.py:169: FutureWarning: `torch.cuda.amp.autocast(args...)` is deprecated. Please use `torch.amp.autocast('cuda', args...)` instead.
  with torch.cuda.amp.autocast():
    epoch 14  train_loss=0.0144  val_loss=0.0256  val_qwk=0.8130  val_acc=0.6838
    early-stop at epoch 14 (best epoch=10, best_qwk=0.8448)
/home/norak/R&I/kxs-/train.py:169: FutureWarning: `torch.cuda.amp.autocast(args...)` is deprecated. Please use `torch.amp.autocast('cuda', args...)` instead.
  with torch.cuda.amp.autocast():
/home/norak/R&I/kxs-/train.py:169: FutureWarning: `torch.cuda.amp.autocast(args...)` is deprecated. Please use `torch.amp.autocast('cuda', args...)` instead.
  with torch.cuda.amp.autocast():
/home/norak/R&I/kxs-/train.py:169: FutureWarning: `torch.cuda.amp.autocast(args...)` is deprecated. Please use `torch.amp.autocast('cuda', args...)` instead.
  with torch.cuda.amp.autocast():
  [segment_qar_dual_xlmr              ] train_qwk=0.8921 -> test_qwk=0.7917  raw_w1=0.7299  epoch=10  (102.9s)
Loading weights:   0%|          | 0/136 [00:00<?, ?it/s]Loading weights:   3%|▎         | 4/136 [00:00<00:03, 39.40it/s]Loading weights: 100%|██████████| 136/136 [00:00<00:00, 1156.93it/s]
[transformers] [1mNewModel LOAD REPORT[0m from: Alibaba-NLP/gte-multilingual-base
Key               | Status     |  | 
------------------+------------+--+-
classifier.bias   | UNEXPECTED |  | 
classifier.weight | UNEXPECTED |  | 

Notes:
- UNEXPECTED:	can be ignored when loading from different task/architecture; not ok if you expect identical arch.
/home/norak/R&I/kxs-/train.py:206: FutureWarning: `torch.cuda.amp.GradScaler(args...)` is deprecated. Please use `torch.amp.GradScaler('cuda', args...)` instead.
  scaler = torch.cuda.amp.GradScaler() if use_amp and device == "cuda" else None
/home/norak/R&I/kxs-/train.py:148: FutureWarning: `torch.cuda.amp.autocast(args...)` is deprecated. Please use `torch.amp.autocast('cuda', args...)` instead.
  with torch.cuda.amp.autocast():
/home/norak/R&I/kxs-/train.py:169: FutureWarning: `torch.cuda.amp.autocast(args...)` is deprecated. Please use `torch.amp.autocast('cuda', args...)` instead.
  with torch.cuda.amp.autocast():
    epoch  1  train_loss=0.0832  val_loss=0.0511  val_qwk=0.5788  val_acc=0.4853
/home/norak/R&I/kxs-/train.py:148: FutureWarning: `torch.cuda.amp.autocast(args...)` is deprecated. Please use `torch.amp.autocast('cuda', args...)` instead.
  with torch.cuda.amp.autocast():
/home/norak/R&I/kxs-/train.py:169: FutureWarning: `torch.cuda.amp.autocast(args...)` is deprecated. Please use `torch.amp.autocast('cuda', args...)` instead.
  with torch.cuda.amp.autocast():
    epoch  2  train_loss=0.0489  val_loss=0.0330  val_qwk=0.7539  val_acc=0.5882
/home/norak/R&I/kxs-/train.py:148: FutureWarning: `torch.cuda.amp.autocast(args...)` is deprecated. Please use `torch.amp.autocast('cuda', args...)` instead.
  with torch.cuda.amp.autocast():
/home/norak/R&I/kxs-/train.py:169: FutureWarning: `torch.cuda.amp.autocast(args...)` is deprecated. Please use `torch.amp.autocast('cuda', args...)` instead.
  with torch.cuda.amp.autocast():
    epoch  3  train_loss=0.0363  val_loss=0.0310  val_qwk=0.8159  val_acc=0.6471
/home/norak/R&I/kxs-/train.py:148: FutureWarning: `torch.cuda.amp.autocast(args...)` is deprecated. Please use `torch.amp.autocast('cuda', args...)` instead.
  with torch.cuda.amp.autocast():
/home/norak/R&I/kxs-/train.py:169: FutureWarning: `torch.cuda.amp.autocast(args...)` is deprecated. Please use `torch.amp.autocast('cuda', args...)` instead.
  with torch.cuda.amp.autocast():
    epoch  4  train_loss=0.0283  val_loss=0.0273  val_qwk=0.7940  val_acc=0.6324
/home/norak/R&I/kxs-/train.py:148: FutureWarning: `torch.cuda.amp.autocast(args...)` is deprecated. Please use `torch.amp.autocast('cuda', args...)` instead.
  with torch.cuda.amp.autocast():
/home/norak/R&I/kxs-/train.py:169: FutureWarning: `torch.cuda.amp.autocast(args...)` is deprecated. Please use `torch.amp.autocast('cuda', args...)` instead.
  with torch.cuda.amp.autocast():
    epoch  5  train_loss=0.0261  val_loss=0.0266  val_qwk=0.8289  val_acc=0.6765
/home/norak/R&I/kxs-/train.py:148: FutureWarning: `torch.cuda.amp.autocast(args...)` is deprecated. Please use `torch.amp.autocast('cuda', args...)` instead.
  with torch.cuda.amp.autocast():
/home/norak/R&I/kxs-/train.py:169: FutureWarning: `torch.cuda.amp.autocast(args...)` is deprecated. Please use `torch.amp.autocast('cuda', args...)` instead.
  with torch.cuda.amp.autocast():
    epoch  6  train_loss=0.0202  val_loss=0.0235  val_qwk=0.8695  val_acc=0.7647
/home/norak/R&I/kxs-/train.py:148: FutureWarning: `torch.cuda.amp.autocast(args...)` is deprecated. Please use `torch.amp.autocast('cuda', args...)` instead.
  with torch.cuda.amp.autocast():
/home/norak/R&I/kxs-/train.py:169: FutureWarning: `torch.cuda.amp.autocast(args...)` is deprecated. Please use `torch.amp.autocast('cuda', args...)` instead.
  with torch.cuda.amp.autocast():
    epoch  7  train_loss=0.0188  val_loss=0.0200  val_qwk=0.8830  val_acc=0.7500
/home/norak/R&I/kxs-/train.py:148: FutureWarning: `torch.cuda.amp.autocast(args...)` is deprecated. Please use `torch.amp.autocast('cuda', args...)` instead.
  with torch.cuda.amp.autocast():
/home/norak/R&I/kxs-/train.py:169: FutureWarning: `torch.cuda.amp.autocast(args...)` is deprecated. Please use `torch.amp.autocast('cuda', args...)` instead.
  with torch.cuda.amp.autocast():
    epoch  8  train_loss=0.0151  val_loss=0.0215  val_qwk=0.8904  val_acc=0.7721
/home/norak/R&I/kxs-/train.py:148: FutureWarning: `torch.cuda.amp.autocast(args...)` is deprecated. Please use `torch.amp.autocast('cuda', args...)` instead.
  with torch.cuda.amp.autocast():
/home/norak/R&I/kxs-/train.py:169: FutureWarning: `torch.cuda.amp.autocast(args...)` is deprecated. Please use `torch.amp.autocast('cuda', args...)` instead.
  with torch.cuda.amp.autocast():
    epoch  9  train_loss=0.0122  val_loss=0.0257  val_qwk=0.8435  val_acc=0.7132
/home/norak/R&I/kxs-/train.py:148: FutureWarning: `torch.cuda.amp.autocast(args...)` is deprecated. Please use `torch.amp.autocast('cuda', args...)` instead.
  with torch.cuda.amp.autocast():
/home/norak/R&I/kxs-/train.py:169: FutureWarning: `torch.cuda.amp.autocast(args...)` is deprecated. Please use `torch.amp.autocast('cuda', args...)` instead.
  with torch.cuda.amp.autocast():
    epoch 10  train_loss=0.0132  val_loss=0.0239  val_qwk=0.8724  val_acc=0.7647
/home/norak/R&I/kxs-/train.py:148: FutureWarning: `torch.cuda.amp.autocast(args...)` is deprecated. Please use `torch.amp.autocast('cuda', args...)` instead.
  with torch.cuda.amp.autocast():
/home/norak/R&I/kxs-/train.py:169: FutureWarning: `torch.cuda.amp.autocast(args...)` is deprecated. Please use `torch.amp.autocast('cuda', args...)` instead.
  with torch.cuda.amp.autocast():
    epoch 11  train_loss=0.0120  val_loss=0.0205  val_qwk=0.8752  val_acc=0.7279
/home/norak/R&I/kxs-/train.py:148: FutureWarning: `torch.cuda.amp.autocast(args...)` is deprecated. Please use `torch.amp.autocast('cuda', args...)` instead.
  with torch.cuda.amp.autocast():
/home/norak/R&I/kxs-/train.py:169: FutureWarning: `torch.cuda.amp.autocast(args...)` is deprecated. Please use `torch.amp.autocast('cuda', args...)` instead.
  with torch.cuda.amp.autocast():
    epoch 12  train_loss=0.0109  val_loss=0.0204  val_qwk=0.8807  val_acc=0.7574
    early-stop at epoch 12 (best epoch=8, best_qwk=0.8904)
/home/norak/R&I/kxs-/train.py:169: FutureWarning: `torch.cuda.amp.autocast(args...)` is deprecated. Please use `torch.amp.autocast('cuda', args...)` instead.
  with torch.cuda.amp.autocast():
/home/norak/R&I/kxs-/train.py:169: FutureWarning: `torch.cuda.amp.autocast(args...)` is deprecated. Please use `torch.amp.autocast('cuda', args...)` instead.
  with torch.cuda.amp.autocast():
/home/norak/R&I/kxs-/train.py:169: FutureWarning: `torch.cuda.amp.autocast(args...)` is deprecated. Please use `torch.amp.autocast('cuda', args...)` instead.
  with torch.cuda.amp.autocast():
  [segment_qar_dual_gte               ] train_qwk=0.9197 -> test_qwk=0.8302  raw_w1=0.7153  epoch=8  (104.0s)
Loading weights:   0%|          | 0/199 [00:00<?, ?it/s]Loading weights: 100%|██████████| 199/199 [00:00<00:00, 3225.04it/s]
[transformers] [1mBertModel LOAD REPORT[0m from: bert-base-multilingual-cased
Key                                        | Status     |  | 
-------------------------------------------+------------+--+-
cls.predictions.transform.dense.weight     | UNEXPECTED |  | 
cls.seq_relationship.weight                | UNEXPECTED |  | 
cls.seq_relationship.bias                  | UNEXPECTED |  | 
cls.predictions.transform.LayerNorm.bias   | UNEXPECTED |  | 
cls.predictions.bias                       | UNEXPECTED |  | 
cls.predictions.transform.dense.bias       | UNEXPECTED |  | 
cls.predictions.transform.LayerNorm.weight | UNEXPECTED |  | 

Notes:
- UNEXPECTED:	can be ignored when loading from different task/architecture; not ok if you expect identical arch.
/home/norak/R&I/kxs-/train.py:206: FutureWarning: `torch.cuda.amp.GradScaler(args...)` is deprecated. Please use `torch.amp.GradScaler('cuda', args...)` instead.
  scaler = torch.cuda.amp.GradScaler() if use_amp and device == "cuda" else None
/home/norak/R&I/kxs-/train.py:148: FutureWarning: `torch.cuda.amp.autocast(args...)` is deprecated. Please use `torch.amp.autocast('cuda', args...)` instead.
  with torch.cuda.amp.autocast():
/home/norak/R&I/kxs-/train.py:169: FutureWarning: `torch.cuda.amp.autocast(args...)` is deprecated. Please use `torch.amp.autocast('cuda', args...)` instead.
  with torch.cuda.amp.autocast():
    epoch  1  train_loss=0.0922  val_loss=0.0846  val_qwk=0.0815  val_acc=0.1324
/home/norak/R&I/kxs-/train.py:148: FutureWarning: `torch.cuda.amp.autocast(args...)` is deprecated. Please use `torch.amp.autocast('cuda', args...)` instead.
  with torch.cuda.amp.autocast():
/home/norak/R&I/kxs-/train.py:169: FutureWarning: `torch.cuda.amp.autocast(args...)` is deprecated. Please use `torch.amp.autocast('cuda', args...)` instead.
  with torch.cuda.amp.autocast():
    epoch  2  train_loss=0.0796  val_loss=0.0792  val_qwk=0.2059  val_acc=0.1765
/home/norak/R&I/kxs-/train.py:148: FutureWarning: `torch.cuda.amp.autocast(args...)` is deprecated. Please use `torch.amp.autocast('cuda', args...)` instead.
  with torch.cuda.amp.autocast():
/home/norak/R&I/kxs-/train.py:169: FutureWarning: `torch.cuda.amp.autocast(args...)` is deprecated. Please use `torch.amp.autocast('cuda', args...)` instead.
  with torch.cuda.amp.autocast():
    epoch  3  train_loss=0.0724  val_loss=0.0755  val_qwk=0.3104  val_acc=0.2721
/home/norak/R&I/kxs-/train.py:148: FutureWarning: `torch.cuda.amp.autocast(args...)` is deprecated. Please use `torch.amp.autocast('cuda', args...)` instead.
  with torch.cuda.amp.autocast():
/home/norak/R&I/kxs-/train.py:169: FutureWarning: `torch.cuda.amp.autocast(args...)` is deprecated. Please use `torch.amp.autocast('cuda', args...)` instead.
  with torch.cuda.amp.autocast():
    epoch  4  train_loss=0.0698  val_loss=0.0778  val_qwk=0.4249  val_acc=0.3456
/home/norak/R&I/kxs-/train.py:148: FutureWarning: `torch.cuda.amp.autocast(args...)` is deprecated. Please use `torch.amp.autocast('cuda', args...)` instead.
  with torch.cuda.amp.autocast():
/home/norak/R&I/kxs-/train.py:169: FutureWarning: `torch.cuda.amp.autocast(args...)` is deprecated. Please use `torch.amp.autocast('cuda', args...)` instead.
  with torch.cuda.amp.autocast():
    epoch  5  train_loss=0.0700  val_loss=0.0683  val_qwk=0.3436  val_acc=0.3162
/home/norak/R&I/kxs-/train.py:148: FutureWarning: `torch.cuda.amp.autocast(args...)` is deprecated. Please use `torch.amp.autocast('cuda', args...)` instead.
  with torch.cuda.amp.autocast():
/home/norak/R&I/kxs-/train.py:169: FutureWarning: `torch.cuda.amp.autocast(args...)` is deprecated. Please use `torch.amp.autocast('cuda', args...)` instead.
  with torch.cuda.amp.autocast():
    epoch  6  train_loss=0.0677  val_loss=0.0670  val_qwk=0.3436  val_acc=0.3235
/home/norak/R&I/kxs-/train.py:148: FutureWarning: `torch.cuda.amp.autocast(args...)` is deprecated. Please use `torch.amp.autocast('cuda', args...)` instead.
  with torch.cuda.amp.autocast():
/home/norak/R&I/kxs-/train.py:169: FutureWarning: `torch.cuda.amp.autocast(args...)` is deprecated. Please use `torch.amp.autocast('cuda', args...)` instead.
  with torch.cuda.amp.autocast():
    epoch  7  train_loss=0.0659  val_loss=0.0623  val_qwk=0.4672  val_acc=0.4412
/home/norak/R&I/kxs-/train.py:148: FutureWarning: `torch.cuda.amp.autocast(args...)` is deprecated. Please use `torch.amp.autocast('cuda', args...)` instead.
  with torch.cuda.amp.autocast():
/home/norak/R&I/kxs-/train.py:169: FutureWarning: `torch.cuda.amp.autocast(args...)` is deprecated. Please use `torch.amp.autocast('cuda', args...)` instead.
  with torch.cuda.amp.autocast():
    epoch  8  train_loss=0.0645  val_loss=0.0740  val_qwk=0.4096  val_acc=0.4485
/home/norak/R&I/kxs-/train.py:148: FutureWarning: `torch.cuda.amp.autocast(args...)` is deprecated. Please use `torch.amp.autocast('cuda', args...)` instead.
  with torch.cuda.amp.autocast():
/home/norak/R&I/kxs-/train.py:169: FutureWarning: `torch.cuda.amp.autocast(args...)` is deprecated. Please use `torch.amp.autocast('cuda', args...)` instead.
  with torch.cuda.amp.autocast():
    epoch  9  train_loss=0.0660  val_loss=0.0632  val_qwk=0.4504  val_acc=0.4485
/home/norak/R&I/kxs-/train.py:148: FutureWarning: `torch.cuda.amp.autocast(args...)` is deprecated. Please use `torch.amp.autocast('cuda', args...)` instead.
  with torch.cuda.amp.autocast():
/home/norak/R&I/kxs-/train.py:169: FutureWarning: `torch.cuda.amp.autocast(args...)` is deprecated. Please use `torch.amp.autocast('cuda', args...)` instead.
  with torch.cuda.amp.autocast():
    epoch 10  train_loss=0.0608  val_loss=0.0615  val_qwk=0.4516  val_acc=0.4559
/home/norak/R&I/kxs-/train.py:148: FutureWarning: `torch.cuda.amp.autocast(args...)` is deprecated. Please use `torch.amp.autocast('cuda', args...)` instead.
  with torch.cuda.amp.autocast():
/home/norak/R&I/kxs-/train.py:169: FutureWarning: `torch.cuda.amp.autocast(args...)` is deprecated. Please use `torch.amp.autocast('cuda', args...)` instead.
  with torch.cuda.amp.autocast():
    epoch 11  train_loss=0.0626  val_loss=0.0708  val_qwk=0.4717  val_acc=0.3897
/home/norak/R&I/kxs-/train.py:148: FutureWarning: `torch.cuda.amp.autocast(args...)` is deprecated. Please use `torch.amp.autocast('cuda', args...)` instead.
  with torch.cuda.amp.autocast():
/home/norak/R&I/kxs-/train.py:169: FutureWarning: `torch.cuda.amp.autocast(args...)` is deprecated. Please use `torch.amp.autocast('cuda', args...)` instead.
  with torch.cuda.amp.autocast():
    epoch 12  train_loss=0.0619  val_loss=0.0604  val_qwk=0.4709  val_acc=0.4632
/home/norak/R&I/kxs-/train.py:148: FutureWarning: `torch.cuda.amp.autocast(args...)` is deprecated. Please use `torch.amp.autocast('cuda', args...)` instead.
  with torch.cuda.amp.autocast():
/home/norak/R&I/kxs-/train.py:169: FutureWarning: `torch.cuda.amp.autocast(args...)` is deprecated. Please use `torch.amp.autocast('cuda', args...)` instead.
  with torch.cuda.amp.autocast():
    epoch 13  train_loss=0.0635  val_loss=0.0635  val_qwk=0.4517  val_acc=0.4706
/home/norak/R&I/kxs-/train.py:148: FutureWarning: `torch.cuda.amp.autocast(args...)` is deprecated. Please use `torch.amp.autocast('cuda', args...)` instead.
  with torch.cuda.amp.autocast():
/home/norak/R&I/kxs-/train.py:169: FutureWarning: `torch.cuda.amp.autocast(args...)` is deprecated. Please use `torch.amp.autocast('cuda', args...)` instead.
  with torch.cuda.amp.autocast():
    epoch 14  train_loss=0.0584  val_loss=0.0596  val_qwk=0.5696  val_acc=0.5588
/home/norak/R&I/kxs-/train.py:148: FutureWarning: `torch.cuda.amp.autocast(args...)` is deprecated. Please use `torch.amp.autocast('cuda', args...)` instead.
  with torch.cuda.amp.autocast():
/home/norak/R&I/kxs-/train.py:169: FutureWarning: `torch.cuda.amp.autocast(args...)` is deprecated. Please use `torch.amp.autocast('cuda', args...)` instead.
  with torch.cuda.amp.autocast():
    epoch 15  train_loss=0.0619  val_loss=0.0628  val_qwk=0.4552  val_acc=0.4853
/home/norak/R&I/kxs-/train.py:148: FutureWarning: `torch.cuda.amp.autocast(args...)` is deprecated. Please use `torch.amp.autocast('cuda', args...)` instead.
  with torch.cuda.amp.autocast():
/home/norak/R&I/kxs-/train.py:169: FutureWarning: `torch.cuda.amp.autocast(args...)` is deprecated. Please use `torch.amp.autocast('cuda', args...)` instead.
  with torch.cuda.amp.autocast():
    epoch 16  train_loss=0.0582  val_loss=0.0606  val_qwk=0.4552  val_acc=0.4853
/home/norak/R&I/kxs-/train.py:148: FutureWarning: `torch.cuda.amp.autocast(args...)` is deprecated. Please use `torch.amp.autocast('cuda', args...)` instead.
  with torch.cuda.amp.autocast():
/home/norak/R&I/kxs-/train.py:169: FutureWarning: `torch.cuda.amp.autocast(args...)` is deprecated. Please use `torch.amp.autocast('cuda', args...)` instead.
  with torch.cuda.amp.autocast():
    epoch 17  train_loss=0.0576  val_loss=0.0607  val_qwk=0.4538  val_acc=0.4779
/home/norak/R&I/kxs-/train.py:148: FutureWarning: `torch.cuda.amp.autocast(args...)` is deprecated. Please use `torch.amp.autocast('cuda', args...)` instead.
  with torch.cuda.amp.autocast():
/home/norak/R&I/kxs-/train.py:169: FutureWarning: `torch.cuda.amp.autocast(args...)` is deprecated. Please use `torch.amp.autocast('cuda', args...)` instead.
  with torch.cuda.amp.autocast():
    epoch 18  train_loss=0.0588  val_loss=0.0575  val_qwk=0.4930  val_acc=0.4926
    early-stop at epoch 18 (best epoch=14, best_qwk=0.5696)
/home/norak/R&I/kxs-/train.py:169: FutureWarning: `torch.cuda.amp.autocast(args...)` is deprecated. Please use `torch.amp.autocast('cuda', args...)` instead.
  with torch.cuda.amp.autocast():
/home/norak/R&I/kxs-/train.py:169: FutureWarning: `torch.cuda.amp.autocast(args...)` is deprecated. Please use `torch.amp.autocast('cuda', args...)` instead.
  with torch.cuda.amp.autocast():
/home/norak/R&I/kxs-/train.py:169: FutureWarning: `torch.cuda.amp.autocast(args...)` is deprecated. Please use `torch.amp.autocast('cuda', args...)` instead.
  with torch.cuda.amp.autocast():
  [segment_qar_cross_mbert            ] train_qwk=0.5224 -> test_qwk=0.5009  raw_w1=0.5182  epoch=14  (77.1s)
Loading weights:   0%|          | 0/199 [00:00<?, ?it/s]Loading weights: 100%|██████████| 199/199 [00:00<00:00, 2901.15it/s]
[transformers] [1mXLMRobertaModel LOAD REPORT[0m from: xlm-roberta-base
Key                       | Status     |  | 
--------------------------+------------+--+-
lm_head.dense.weight      | UNEXPECTED |  | 
lm_head.layer_norm.weight | UNEXPECTED |  | 
lm_head.dense.bias        | UNEXPECTED |  | 
lm_head.layer_norm.bias   | UNEXPECTED |  | 
lm_head.bias              | UNEXPECTED |  | 

Notes:
- UNEXPECTED:	can be ignored when loading from different task/architecture; not ok if you expect identical arch.
/home/norak/R&I/kxs-/train.py:206: FutureWarning: `torch.cuda.amp.GradScaler(args...)` is deprecated. Please use `torch.amp.GradScaler('cuda', args...)` instead.
  scaler = torch.cuda.amp.GradScaler() if use_amp and device == "cuda" else None
/home/norak/R&I/kxs-/train.py:148: FutureWarning: `torch.cuda.amp.autocast(args...)` is deprecated. Please use `torch.amp.autocast('cuda', args...)` instead.
  with torch.cuda.amp.autocast():
/home/norak/R&I/kxs-/train.py:169: FutureWarning: `torch.cuda.amp.autocast(args...)` is deprecated. Please use `torch.amp.autocast('cuda', args...)` instead.
  with torch.cuda.amp.autocast():
    epoch  1  train_loss=0.1017  val_loss=0.0828  val_qwk=0.0000  val_acc=0.1324
/home/norak/R&I/kxs-/train.py:148: FutureWarning: `torch.cuda.amp.autocast(args...)` is deprecated. Please use `torch.amp.autocast('cuda', args...)` instead.
  with torch.cuda.amp.autocast():
/home/norak/R&I/kxs-/train.py:169: FutureWarning: `torch.cuda.amp.autocast(args...)` is deprecated. Please use `torch.amp.autocast('cuda', args...)` instead.
  with torch.cuda.amp.autocast():
    epoch  2  train_loss=0.0767  val_loss=0.0595  val_qwk=0.5078  val_acc=0.4706
/home/norak/R&I/kxs-/train.py:148: FutureWarning: `torch.cuda.amp.autocast(args...)` is deprecated. Please use `torch.amp.autocast('cuda', args...)` instead.
  with torch.cuda.amp.autocast():
/home/norak/R&I/kxs-/train.py:169: FutureWarning: `torch.cuda.amp.autocast(args...)` is deprecated. Please use `torch.amp.autocast('cuda', args...)` instead.
  with torch.cuda.amp.autocast():
    epoch  3  train_loss=0.0596  val_loss=0.0461  val_qwk=0.6176  val_acc=0.5221
/home/norak/R&I/kxs-/train.py:148: FutureWarning: `torch.cuda.amp.autocast(args...)` is deprecated. Please use `torch.amp.autocast('cuda', args...)` instead.
  with torch.cuda.amp.autocast():
/home/norak/R&I/kxs-/train.py:169: FutureWarning: `torch.cuda.amp.autocast(args...)` is deprecated. Please use `torch.amp.autocast('cuda', args...)` instead.
  with torch.cuda.amp.autocast():
    epoch  4  train_loss=0.0560  val_loss=0.0430  val_qwk=0.7126  val_acc=0.5735
/home/norak/R&I/kxs-/train.py:148: FutureWarning: `torch.cuda.amp.autocast(args...)` is deprecated. Please use `torch.amp.autocast('cuda', args...)` instead.
  with torch.cuda.amp.autocast():
/home/norak/R&I/kxs-/train.py:169: FutureWarning: `torch.cuda.amp.autocast(args...)` is deprecated. Please use `torch.amp.autocast('cuda', args...)` instead.
  with torch.cuda.amp.autocast():
    epoch  5  train_loss=0.0478  val_loss=0.0378  val_qwk=0.6891  val_acc=0.5368
/home/norak/R&I/kxs-/train.py:148: FutureWarning: `torch.cuda.amp.autocast(args...)` is deprecated. Please use `torch.amp.autocast('cuda', args...)` instead.
  with torch.cuda.amp.autocast():
/home/norak/R&I/kxs-/train.py:169: FutureWarning: `torch.cuda.amp.autocast(args...)` is deprecated. Please use `torch.amp.autocast('cuda', args...)` instead.
  with torch.cuda.amp.autocast():
    epoch  6  train_loss=0.0461  val_loss=0.0330  val_qwk=0.7078  val_acc=0.5588
/home/norak/R&I/kxs-/train.py:148: FutureWarning: `torch.cuda.amp.autocast(args...)` is deprecated. Please use `torch.amp.autocast('cuda', args...)` instead.
  with torch.cuda.amp.autocast():
/home/norak/R&I/kxs-/train.py:169: FutureWarning: `torch.cuda.amp.autocast(args...)` is deprecated. Please use `torch.amp.autocast('cuda', args...)` instead.
  with torch.cuda.amp.autocast():
    epoch  7  train_loss=0.0406  val_loss=0.0307  val_qwk=0.8093  val_acc=0.6838
/home/norak/R&I/kxs-/train.py:148: FutureWarning: `torch.cuda.amp.autocast(args...)` is deprecated. Please use `torch.amp.autocast('cuda', args...)` instead.
  with torch.cuda.amp.autocast():
/home/norak/R&I/kxs-/train.py:169: FutureWarning: `torch.cuda.amp.autocast(args...)` is deprecated. Please use `torch.amp.autocast('cuda', args...)` instead.
  with torch.cuda.amp.autocast():
    epoch  8  train_loss=0.0394  val_loss=0.0323  val_qwk=0.7057  val_acc=0.6324
/home/norak/R&I/kxs-/train.py:148: FutureWarning: `torch.cuda.amp.autocast(args...)` is deprecated. Please use `torch.amp.autocast('cuda', args...)` instead.
  with torch.cuda.amp.autocast():
/home/norak/R&I/kxs-/train.py:169: FutureWarning: `torch.cuda.amp.autocast(args...)` is deprecated. Please use `torch.amp.autocast('cuda', args...)` instead.
  with torch.cuda.amp.autocast():
    epoch  9  train_loss=0.0351  val_loss=0.0281  val_qwk=0.7889  val_acc=0.7279
/home/norak/R&I/kxs-/train.py:148: FutureWarning: `torch.cuda.amp.autocast(args...)` is deprecated. Please use `torch.amp.autocast('cuda', args...)` instead.
  with torch.cuda.amp.autocast():
/home/norak/R&I/kxs-/train.py:169: FutureWarning: `torch.cuda.amp.autocast(args...)` is deprecated. Please use `torch.amp.autocast('cuda', args...)` instead.
  with torch.cuda.amp.autocast():
    epoch 10  train_loss=0.0348  val_loss=0.0281  val_qwk=0.8019  val_acc=0.6618
/home/norak/R&I/kxs-/train.py:148: FutureWarning: `torch.cuda.amp.autocast(args...)` is deprecated. Please use `torch.amp.autocast('cuda', args...)` instead.
  with torch.cuda.amp.autocast():
/home/norak/R&I/kxs-/train.py:169: FutureWarning: `torch.cuda.amp.autocast(args...)` is deprecated. Please use `torch.amp.autocast('cuda', args...)` instead.
  with torch.cuda.amp.autocast():
    epoch 11  train_loss=0.0312  val_loss=0.0266  val_qwk=0.8218  val_acc=0.7132
/home/norak/R&I/kxs-/train.py:148: FutureWarning: `torch.cuda.amp.autocast(args...)` is deprecated. Please use `torch.amp.autocast('cuda', args...)` instead.
  with torch.cuda.amp.autocast():
/home/norak/R&I/kxs-/train.py:169: FutureWarning: `torch.cuda.amp.autocast(args...)` is deprecated. Please use `torch.amp.autocast('cuda', args...)` instead.
  with torch.cuda.amp.autocast():
    epoch 12  train_loss=0.0268  val_loss=0.0260  val_qwk=0.8363  val_acc=0.7426
/home/norak/R&I/kxs-/train.py:148: FutureWarning: `torch.cuda.amp.autocast(args...)` is deprecated. Please use `torch.amp.autocast('cuda', args...)` instead.
  with torch.cuda.amp.autocast():
/home/norak/R&I/kxs-/train.py:169: FutureWarning: `torch.cuda.amp.autocast(args...)` is deprecated. Please use `torch.amp.autocast('cuda', args...)` instead.
  with torch.cuda.amp.autocast():
    epoch 13  train_loss=0.0258  val_loss=0.0272  val_qwk=0.8359  val_acc=0.7353
/home/norak/R&I/kxs-/train.py:148: FutureWarning: `torch.cuda.amp.autocast(args...)` is deprecated. Please use `torch.amp.autocast('cuda', args...)` instead.
  with torch.cuda.amp.autocast():
/home/norak/R&I/kxs-/train.py:169: FutureWarning: `torch.cuda.amp.autocast(args...)` is deprecated. Please use `torch.amp.autocast('cuda', args...)` instead.
  with torch.cuda.amp.autocast():
    epoch 14  train_loss=0.0232  val_loss=0.0246  val_qwk=0.8281  val_acc=0.7353
/home/norak/R&I/kxs-/train.py:148: FutureWarning: `torch.cuda.amp.autocast(args...)` is deprecated. Please use `torch.amp.autocast('cuda', args...)` instead.
  with torch.cuda.amp.autocast():
/home/norak/R&I/kxs-/train.py:169: FutureWarning: `torch.cuda.amp.autocast(args...)` is deprecated. Please use `torch.amp.autocast('cuda', args...)` instead.
  with torch.cuda.amp.autocast():
    epoch 15  train_loss=0.0210  val_loss=0.0245  val_qwk=0.8257  val_acc=0.7353
/home/norak/R&I/kxs-/train.py:148: FutureWarning: `torch.cuda.amp.autocast(args...)` is deprecated. Please use `torch.amp.autocast('cuda', args...)` instead.
  with torch.cuda.amp.autocast():
/home/norak/R&I/kxs-/train.py:169: FutureWarning: `torch.cuda.amp.autocast(args...)` is deprecated. Please use `torch.amp.autocast('cuda', args...)` instead.
  with torch.cuda.amp.autocast():
    epoch 16  train_loss=0.0187  val_loss=0.0264  val_qwk=0.8340  val_acc=0.7426
    early-stop at epoch 16 (best epoch=12, best_qwk=0.8363)
/home/norak/R&I/kxs-/train.py:169: FutureWarning: `torch.cuda.amp.autocast(args...)` is deprecated. Please use `torch.amp.autocast('cuda', args...)` instead.
  with torch.cuda.amp.autocast():
/home/norak/R&I/kxs-/train.py:169: FutureWarning: `torch.cuda.amp.autocast(args...)` is deprecated. Please use `torch.amp.autocast('cuda', args...)` instead.
  with torch.cuda.amp.autocast():
/home/norak/R&I/kxs-/train.py:169: FutureWarning: `torch.cuda.amp.autocast(args...)` is deprecated. Please use `torch.amp.autocast('cuda', args...)` instead.
  with torch.cuda.amp.autocast():
  [segment_qar_cross_xlmr             ] train_qwk=0.8613 -> test_qwk=0.7628  raw_w1=0.7080  epoch=12  (80.2s)
Loading weights:   0%|          | 0/136 [00:00<?, ?it/s]Loading weights:  79%|███████▊  | 107/136 [00:00<00:00, 1064.31it/s]Loading weights: 100%|██████████| 136/136 [00:00<00:00, 1203.54it/s]
[transformers] [1mNewModel LOAD REPORT[0m from: Alibaba-NLP/gte-multilingual-base
Key               | Status     |  | 
------------------+------------+--+-
classifier.bias   | UNEXPECTED |  | 
classifier.weight | UNEXPECTED |  | 

Notes:
- UNEXPECTED:	can be ignored when loading from different task/architecture; not ok if you expect identical arch.
/home/norak/R&I/kxs-/train.py:206: FutureWarning: `torch.cuda.amp.GradScaler(args...)` is deprecated. Please use `torch.amp.GradScaler('cuda', args...)` instead.
  scaler = torch.cuda.amp.GradScaler() if use_amp and device == "cuda" else None
/home/norak/R&I/kxs-/train.py:148: FutureWarning: `torch.cuda.amp.autocast(args...)` is deprecated. Please use `torch.amp.autocast('cuda', args...)` instead.
  with torch.cuda.amp.autocast():
/home/norak/R&I/kxs-/train.py:169: FutureWarning: `torch.cuda.amp.autocast(args...)` is deprecated. Please use `torch.amp.autocast('cuda', args...)` instead.
  with torch.cuda.amp.autocast():
    epoch  1  train_loss=0.0782  val_loss=0.0505  val_qwk=0.5073  val_acc=0.3971
/home/norak/R&I/kxs-/train.py:148: FutureWarning: `torch.cuda.amp.autocast(args...)` is deprecated. Please use `torch.amp.autocast('cuda', args...)` instead.
  with torch.cuda.amp.autocast():
/home/norak/R&I/kxs-/train.py:169: FutureWarning: `torch.cuda.amp.autocast(args...)` is deprecated. Please use `torch.amp.autocast('cuda', args...)` instead.
  with torch.cuda.amp.autocast():
    epoch  2  train_loss=0.0542  val_loss=0.0402  val_qwk=0.7051  val_acc=0.6029
/home/norak/R&I/kxs-/train.py:148: FutureWarning: `torch.cuda.amp.autocast(args...)` is deprecated. Please use `torch.amp.autocast('cuda', args...)` instead.
  with torch.cuda.amp.autocast():
/home/norak/R&I/kxs-/train.py:169: FutureWarning: `torch.cuda.amp.autocast(args...)` is deprecated. Please use `torch.amp.autocast('cuda', args...)` instead.
  with torch.cuda.amp.autocast():
    epoch  3  train_loss=0.0463  val_loss=0.0364  val_qwk=0.7500  val_acc=0.6029
/home/norak/R&I/kxs-/train.py:148: FutureWarning: `torch.cuda.amp.autocast(args...)` is deprecated. Please use `torch.amp.autocast('cuda', args...)` instead.
  with torch.cuda.amp.autocast():
/home/norak/R&I/kxs-/train.py:169: FutureWarning: `torch.cuda.amp.autocast(args...)` is deprecated. Please use `torch.amp.autocast('cuda', args...)` instead.
  with torch.cuda.amp.autocast():
    epoch  4  train_loss=0.0390  val_loss=0.0463  val_qwk=0.7296  val_acc=0.5588
/home/norak/R&I/kxs-/train.py:148: FutureWarning: `torch.cuda.amp.autocast(args...)` is deprecated. Please use `torch.amp.autocast('cuda', args...)` instead.
  with torch.cuda.amp.autocast():
/home/norak/R&I/kxs-/train.py:169: FutureWarning: `torch.cuda.amp.autocast(args...)` is deprecated. Please use `torch.amp.autocast('cuda', args...)` instead.
  with torch.cuda.amp.autocast():
    epoch  5  train_loss=0.0333  val_loss=0.0414  val_qwk=0.7552  val_acc=0.6544
/home/norak/R&I/kxs-/train.py:148: FutureWarning: `torch.cuda.amp.autocast(args...)` is deprecated. Please use `torch.amp.autocast('cuda', args...)` instead.
  with torch.cuda.amp.autocast():
/home/norak/R&I/kxs-/train.py:169: FutureWarning: `torch.cuda.amp.autocast(args...)` is deprecated. Please use `torch.amp.autocast('cuda', args...)` instead.
  with torch.cuda.amp.autocast():
    epoch  6  train_loss=0.0321  val_loss=0.0529  val_qwk=0.6735  val_acc=0.5662
/home/norak/R&I/kxs-/train.py:148: FutureWarning: `torch.cuda.amp.autocast(args...)` is deprecated. Please use `torch.amp.autocast('cuda', args...)` instead.
  with torch.cuda.amp.autocast():
/home/norak/R&I/kxs-/train.py:169: FutureWarning: `torch.cuda.amp.autocast(args...)` is deprecated. Please use `torch.amp.autocast('cuda', args...)` instead.
  with torch.cuda.amp.autocast():
    epoch  7  train_loss=0.0294  val_loss=0.0478  val_qwk=0.7383  val_acc=0.6397
/home/norak/R&I/kxs-/train.py:148: FutureWarning: `torch.cuda.amp.autocast(args...)` is deprecated. Please use `torch.amp.autocast('cuda', args...)` instead.
  with torch.cuda.amp.autocast():
/home/norak/R&I/kxs-/train.py:169: FutureWarning: `torch.cuda.amp.autocast(args...)` is deprecated. Please use `torch.amp.autocast('cuda', args...)` instead.
  with torch.cuda.amp.autocast():
    epoch  8  train_loss=0.0271  val_loss=0.0293  val_qwk=0.8281  val_acc=0.7426
/home/norak/R&I/kxs-/train.py:148: FutureWarning: `torch.cuda.amp.autocast(args...)` is deprecated. Please use `torch.amp.autocast('cuda', args...)` instead.
  with torch.cuda.amp.autocast():
/home/norak/R&I/kxs-/train.py:169: FutureWarning: `torch.cuda.amp.autocast(args...)` is deprecated. Please use `torch.amp.autocast('cuda', args...)` instead.
  with torch.cuda.amp.autocast():
    epoch  9  train_loss=0.0235  val_loss=0.0291  val_qwk=0.7983  val_acc=0.6838
/home/norak/R&I/kxs-/train.py:148: FutureWarning: `torch.cuda.amp.autocast(args...)` is deprecated. Please use `torch.amp.autocast('cuda', args...)` instead.
  with torch.cuda.amp.autocast():
/home/norak/R&I/kxs-/train.py:169: FutureWarning: `torch.cuda.amp.autocast(args...)` is deprecated. Please use `torch.amp.autocast('cuda', args...)` instead.
  with torch.cuda.amp.autocast():
    epoch 10  train_loss=0.0249  val_loss=0.0315  val_qwk=0.8235  val_acc=0.6912
/home/norak/R&I/kxs-/train.py:148: FutureWarning: `torch.cuda.amp.autocast(args...)` is deprecated. Please use `torch.amp.autocast('cuda', args...)` instead.
  with torch.cuda.amp.autocast():
/home/norak/R&I/kxs-/train.py:169: FutureWarning: `torch.cuda.amp.autocast(args...)` is deprecated. Please use `torch.amp.autocast('cuda', args...)` instead.
  with torch.cuda.amp.autocast():
    epoch 11  train_loss=0.0202  val_loss=0.0334  val_qwk=0.8140  val_acc=0.6838
/home/norak/R&I/kxs-/train.py:148: FutureWarning: `torch.cuda.amp.autocast(args...)` is deprecated. Please use `torch.amp.autocast('cuda', args...)` instead.
  with torch.cuda.amp.autocast():
/home/norak/R&I/kxs-/train.py:169: FutureWarning: `torch.cuda.amp.autocast(args...)` is deprecated. Please use `torch.amp.autocast('cuda', args...)` instead.
  with torch.cuda.amp.autocast():
    epoch 12  train_loss=0.0191  val_loss=0.0335  val_qwk=0.8059  val_acc=0.6985
    early-stop at epoch 12 (best epoch=8, best_qwk=0.8281)
/home/norak/R&I/kxs-/train.py:169: FutureWarning: `torch.cuda.amp.autocast(args...)` is deprecated. Please use `torch.amp.autocast('cuda', args...)` instead.
  with torch.cuda.amp.autocast():
/home/norak/R&I/kxs-/train.py:169: FutureWarning: `torch.cuda.amp.autocast(args...)` is deprecated. Please use `torch.amp.autocast('cuda', args...)` instead.
  with torch.cuda.amp.autocast():
/home/norak/R&I/kxs-/train.py:169: FutureWarning: `torch.cuda.amp.autocast(args...)` is deprecated. Please use `torch.amp.autocast('cuda', args...)` instead.
  with torch.cuda.amp.autocast():
  [segment_qar_cross_gte              ] train_qwk=0.8493 -> test_qwk=0.7328  raw_w1=0.7226  epoch=8  (71.0s)

========== exp06 transformer  895 (no 10C, drop 0)  ->  /home/norak/R&I/kxs-/results_no10c_no0_v06_transformer ==========
  rows=895 train=626 val=134 test=135
Loading weights:   0%|          | 0/199 [00:00<?, ?it/s]Loading weights: 100%|██████████| 199/199 [00:00<00:00, 3486.13it/s]
[transformers] [1mBertModel LOAD REPORT[0m from: bert-base-multilingual-cased
Key                                        | Status     |  | 
-------------------------------------------+------------+--+-
cls.predictions.transform.dense.weight     | UNEXPECTED |  | 
cls.seq_relationship.weight                | UNEXPECTED |  | 
cls.seq_relationship.bias                  | UNEXPECTED |  | 
cls.predictions.transform.LayerNorm.bias   | UNEXPECTED |  | 
cls.predictions.bias                       | UNEXPECTED |  | 
cls.predictions.transform.dense.bias       | UNEXPECTED |  | 
cls.predictions.transform.LayerNorm.weight | UNEXPECTED |  | 

Notes:
- UNEXPECTED:	can be ignored when loading from different task/architecture; not ok if you expect identical arch.
/home/norak/R&I/kxs-/train.py:206: FutureWarning: `torch.cuda.amp.GradScaler(args...)` is deprecated. Please use `torch.amp.GradScaler('cuda', args...)` instead.
  scaler = torch.cuda.amp.GradScaler() if use_amp and device == "cuda" else None
/home/norak/R&I/kxs-/train.py:148: FutureWarning: `torch.cuda.amp.autocast(args...)` is deprecated. Please use `torch.amp.autocast('cuda', args...)` instead.
  with torch.cuda.amp.autocast():
/home/norak/R&I/kxs-/train.py:169: FutureWarning: `torch.cuda.amp.autocast(args...)` is deprecated. Please use `torch.amp.autocast('cuda', args...)` instead.
  with torch.cuda.amp.autocast():
    epoch  1  train_loss=0.0718  val_loss=0.0611  val_qwk=0.4503  val_acc=0.4254
/home/norak/R&I/kxs-/train.py:148: FutureWarning: `torch.cuda.amp.autocast(args...)` is deprecated. Please use `torch.amp.autocast('cuda', args...)` instead.
  with torch.cuda.amp.autocast():
/home/norak/R&I/kxs-/train.py:169: FutureWarning: `torch.cuda.amp.autocast(args...)` is deprecated. Please use `torch.amp.autocast('cuda', args...)` instead.
  with torch.cuda.amp.autocast():
    epoch  2  train_loss=0.0543  val_loss=0.0495  val_qwk=0.6108  val_acc=0.5299
/home/norak/R&I/kxs-/train.py:148: FutureWarning: `torch.cuda.amp.autocast(args...)` is deprecated. Please use `torch.amp.autocast('cuda', args...)` instead.
  with torch.cuda.amp.autocast():
/home/norak/R&I/kxs-/train.py:169: FutureWarning: `torch.cuda.amp.autocast(args...)` is deprecated. Please use `torch.amp.autocast('cuda', args...)` instead.
  with torch.cuda.amp.autocast():
    epoch  3  train_loss=0.0432  val_loss=0.0493  val_qwk=0.6155  val_acc=0.5224
/home/norak/R&I/kxs-/train.py:148: FutureWarning: `torch.cuda.amp.autocast(args...)` is deprecated. Please use `torch.amp.autocast('cuda', args...)` instead.
  with torch.cuda.amp.autocast():
/home/norak/R&I/kxs-/train.py:169: FutureWarning: `torch.cuda.amp.autocast(args...)` is deprecated. Please use `torch.amp.autocast('cuda', args...)` instead.
  with torch.cuda.amp.autocast():
    epoch  4  train_loss=0.0386  val_loss=0.0487  val_qwk=0.5689  val_acc=0.5075
/home/norak/R&I/kxs-/train.py:148: FutureWarning: `torch.cuda.amp.autocast(args...)` is deprecated. Please use `torch.amp.autocast('cuda', args...)` instead.
  with torch.cuda.amp.autocast():
/home/norak/R&I/kxs-/train.py:169: FutureWarning: `torch.cuda.amp.autocast(args...)` is deprecated. Please use `torch.amp.autocast('cuda', args...)` instead.
  with torch.cuda.amp.autocast():
    epoch  5  train_loss=0.0379  val_loss=0.0490  val_qwk=0.6129  val_acc=0.5597
/home/norak/R&I/kxs-/train.py:148: FutureWarning: `torch.cuda.amp.autocast(args...)` is deprecated. Please use `torch.amp.autocast('cuda', args...)` instead.
  with torch.cuda.amp.autocast():
/home/norak/R&I/kxs-/train.py:169: FutureWarning: `torch.cuda.amp.autocast(args...)` is deprecated. Please use `torch.amp.autocast('cuda', args...)` instead.
  with torch.cuda.amp.autocast():
    epoch  6  train_loss=0.0353  val_loss=0.0492  val_qwk=0.5816  val_acc=0.4104
/home/norak/R&I/kxs-/train.py:148: FutureWarning: `torch.cuda.amp.autocast(args...)` is deprecated. Please use `torch.amp.autocast('cuda', args...)` instead.
  with torch.cuda.amp.autocast():
/home/norak/R&I/kxs-/train.py:169: FutureWarning: `torch.cuda.amp.autocast(args...)` is deprecated. Please use `torch.amp.autocast('cuda', args...)` instead.
  with torch.cuda.amp.autocast():
    epoch  7  train_loss=0.0350  val_loss=0.0488  val_qwk=0.6415  val_acc=0.6194
/home/norak/R&I/kxs-/train.py:148: FutureWarning: `torch.cuda.amp.autocast(args...)` is deprecated. Please use `torch.amp.autocast('cuda', args...)` instead.
  with torch.cuda.amp.autocast():
/home/norak/R&I/kxs-/train.py:169: FutureWarning: `torch.cuda.amp.autocast(args...)` is deprecated. Please use `torch.amp.autocast('cuda', args...)` instead.
  with torch.cuda.amp.autocast():
    epoch  8  train_loss=0.0320  val_loss=0.0475  val_qwk=0.6519  val_acc=0.6343
/home/norak/R&I/kxs-/train.py:148: FutureWarning: `torch.cuda.amp.autocast(args...)` is deprecated. Please use `torch.amp.autocast('cuda', args...)` instead.
  with torch.cuda.amp.autocast():
/home/norak/R&I/kxs-/train.py:169: FutureWarning: `torch.cuda.amp.autocast(args...)` is deprecated. Please use `torch.amp.autocast('cuda', args...)` instead.
  with torch.cuda.amp.autocast():
    epoch  9  train_loss=0.0301  val_loss=0.0426  val_qwk=0.6589  val_acc=0.5746
/home/norak/R&I/kxs-/train.py:148: FutureWarning: `torch.cuda.amp.autocast(args...)` is deprecated. Please use `torch.amp.autocast('cuda', args...)` instead.
  with torch.cuda.amp.autocast():
/home/norak/R&I/kxs-/train.py:169: FutureWarning: `torch.cuda.amp.autocast(args...)` is deprecated. Please use `torch.amp.autocast('cuda', args...)` instead.
  with torch.cuda.amp.autocast():
    epoch 10  train_loss=0.0280  val_loss=0.0534  val_qwk=0.5597  val_acc=0.5522
/home/norak/R&I/kxs-/train.py:148: FutureWarning: `torch.cuda.amp.autocast(args...)` is deprecated. Please use `torch.amp.autocast('cuda', args...)` instead.
  with torch.cuda.amp.autocast():
/home/norak/R&I/kxs-/train.py:169: FutureWarning: `torch.cuda.amp.autocast(args...)` is deprecated. Please use `torch.amp.autocast('cuda', args...)` instead.
  with torch.cuda.amp.autocast():
    epoch 11  train_loss=0.0302  val_loss=0.0512  val_qwk=0.6302  val_acc=0.5448
/home/norak/R&I/kxs-/train.py:148: FutureWarning: `torch.cuda.amp.autocast(args...)` is deprecated. Please use `torch.amp.autocast('cuda', args...)` instead.
  with torch.cuda.amp.autocast():
/home/norak/R&I/kxs-/train.py:169: FutureWarning: `torch.cuda.amp.autocast(args...)` is deprecated. Please use `torch.amp.autocast('cuda', args...)` instead.
  with torch.cuda.amp.autocast():
    epoch 12  train_loss=0.0282  val_loss=0.0447  val_qwk=0.6885  val_acc=0.6269
/home/norak/R&I/kxs-/train.py:148: FutureWarning: `torch.cuda.amp.autocast(args...)` is deprecated. Please use `torch.amp.autocast('cuda', args...)` instead.
  with torch.cuda.amp.autocast():
/home/norak/R&I/kxs-/train.py:169: FutureWarning: `torch.cuda.amp.autocast(args...)` is deprecated. Please use `torch.amp.autocast('cuda', args...)` instead.
  with torch.cuda.amp.autocast():
    epoch 13  train_loss=0.0266  val_loss=0.0446  val_qwk=0.6728  val_acc=0.5373
/home/norak/R&I/kxs-/train.py:148: FutureWarning: `torch.cuda.amp.autocast(args...)` is deprecated. Please use `torch.amp.autocast('cuda', args...)` instead.
  with torch.cuda.amp.autocast():
/home/norak/R&I/kxs-/train.py:169: FutureWarning: `torch.cuda.amp.autocast(args...)` is deprecated. Please use `torch.amp.autocast('cuda', args...)` instead.
  with torch.cuda.amp.autocast():
    epoch 14  train_loss=0.0262  val_loss=0.0425  val_qwk=0.7049  val_acc=0.6194
/home/norak/R&I/kxs-/train.py:148: FutureWarning: `torch.cuda.amp.autocast(args...)` is deprecated. Please use `torch.amp.autocast('cuda', args...)` instead.
  with torch.cuda.amp.autocast():
/home/norak/R&I/kxs-/train.py:169: FutureWarning: `torch.cuda.amp.autocast(args...)` is deprecated. Please use `torch.amp.autocast('cuda', args...)` instead.
  with torch.cuda.amp.autocast():
    epoch 15  train_loss=0.0242  val_loss=0.0420  val_qwk=0.6751  val_acc=0.5970
/home/norak/R&I/kxs-/train.py:148: FutureWarning: `torch.cuda.amp.autocast(args...)` is deprecated. Please use `torch.amp.autocast('cuda', args...)` instead.
  with torch.cuda.amp.autocast():
/home/norak/R&I/kxs-/train.py:169: FutureWarning: `torch.cuda.amp.autocast(args...)` is deprecated. Please use `torch.amp.autocast('cuda', args...)` instead.
  with torch.cuda.amp.autocast():
    epoch 16  train_loss=0.0223  val_loss=0.0444  val_qwk=0.6642  val_acc=0.5672
/home/norak/R&I/kxs-/train.py:148: FutureWarning: `torch.cuda.amp.autocast(args...)` is deprecated. Please use `torch.amp.autocast('cuda', args...)` instead.
  with torch.cuda.amp.autocast():
/home/norak/R&I/kxs-/train.py:169: FutureWarning: `torch.cuda.amp.autocast(args...)` is deprecated. Please use `torch.amp.autocast('cuda', args...)` instead.
  with torch.cuda.amp.autocast():
    epoch 17  train_loss=0.0214  val_loss=0.0460  val_qwk=0.6668  val_acc=0.5970
/home/norak/R&I/kxs-/train.py:148: FutureWarning: `torch.cuda.amp.autocast(args...)` is deprecated. Please use `torch.amp.autocast('cuda', args...)` instead.
  with torch.cuda.amp.autocast():
/home/norak/R&I/kxs-/train.py:169: FutureWarning: `torch.cuda.amp.autocast(args...)` is deprecated. Please use `torch.amp.autocast('cuda', args...)` instead.
  with torch.cuda.amp.autocast():
    epoch 18  train_loss=0.0206  val_loss=0.0466  val_qwk=0.6791  val_acc=0.5821
    early-stop at epoch 18 (best epoch=14, best_qwk=0.7049)
/home/norak/R&I/kxs-/train.py:169: FutureWarning: `torch.cuda.amp.autocast(args...)` is deprecated. Please use `torch.amp.autocast('cuda', args...)` instead.
  with torch.cuda.amp.autocast():
/home/norak/R&I/kxs-/train.py:169: FutureWarning: `torch.cuda.amp.autocast(args...)` is deprecated. Please use `torch.amp.autocast('cuda', args...)` instead.
  with torch.cuda.amp.autocast():
/home/norak/R&I/kxs-/train.py:169: FutureWarning: `torch.cuda.amp.autocast(args...)` is deprecated. Please use `torch.amp.autocast('cuda', args...)` instead.
  with torch.cuda.amp.autocast():
  [raw_ra_dual_mbert                  ] train_qwk=0.8414 -> test_qwk=0.7544  raw_w1=0.7259  epoch=14  (101.8s)
Loading weights:   0%|          | 0/199 [00:00<?, ?it/s]Loading weights: 100%|██████████| 199/199 [00:00<00:00, 3478.63it/s]
[transformers] [1mXLMRobertaModel LOAD REPORT[0m from: xlm-roberta-base
Key                       | Status     |  | 
--------------------------+------------+--+-
lm_head.dense.weight      | UNEXPECTED |  | 
lm_head.layer_norm.weight | UNEXPECTED |  | 
lm_head.dense.bias        | UNEXPECTED |  | 
lm_head.layer_norm.bias   | UNEXPECTED |  | 
lm_head.bias              | UNEXPECTED |  | 

Notes:
- UNEXPECTED:	can be ignored when loading from different task/architecture; not ok if you expect identical arch.
/home/norak/R&I/kxs-/train.py:206: FutureWarning: `torch.cuda.amp.GradScaler(args...)` is deprecated. Please use `torch.amp.GradScaler('cuda', args...)` instead.
  scaler = torch.cuda.amp.GradScaler() if use_amp and device == "cuda" else None
/home/norak/R&I/kxs-/train.py:148: FutureWarning: `torch.cuda.amp.autocast(args...)` is deprecated. Please use `torch.amp.autocast('cuda', args...)` instead.
  with torch.cuda.amp.autocast():
/home/norak/R&I/kxs-/train.py:169: FutureWarning: `torch.cuda.amp.autocast(args...)` is deprecated. Please use `torch.amp.autocast('cuda', args...)` instead.
  with torch.cuda.amp.autocast():
    epoch  1  train_loss=0.0970  val_loss=0.0700  val_qwk=0.0972  val_acc=0.1418
/home/norak/R&I/kxs-/train.py:148: FutureWarning: `torch.cuda.amp.autocast(args...)` is deprecated. Please use `torch.amp.autocast('cuda', args...)` instead.
  with torch.cuda.amp.autocast():
/home/norak/R&I/kxs-/train.py:169: FutureWarning: `torch.cuda.amp.autocast(args...)` is deprecated. Please use `torch.amp.autocast('cuda', args...)` instead.
  with torch.cuda.amp.autocast():
    epoch  2  train_loss=0.0654  val_loss=0.0569  val_qwk=0.3742  val_acc=0.4552
/home/norak/R&I/kxs-/train.py:148: FutureWarning: `torch.cuda.amp.autocast(args...)` is deprecated. Please use `torch.amp.autocast('cuda', args...)` instead.
  with torch.cuda.amp.autocast():
/home/norak/R&I/kxs-/train.py:169: FutureWarning: `torch.cuda.amp.autocast(args...)` is deprecated. Please use `torch.amp.autocast('cuda', args...)` instead.
  with torch.cuda.amp.autocast():
    epoch  3  train_loss=0.0586  val_loss=0.0559  val_qwk=0.4845  val_acc=0.4776
/home/norak/R&I/kxs-/train.py:148: FutureWarning: `torch.cuda.amp.autocast(args...)` is deprecated. Please use `torch.amp.autocast('cuda', args...)` instead.
  with torch.cuda.amp.autocast():
/home/norak/R&I/kxs-/train.py:169: FutureWarning: `torch.cuda.amp.autocast(args...)` is deprecated. Please use `torch.amp.autocast('cuda', args...)` instead.
  with torch.cuda.amp.autocast():
    epoch  4  train_loss=0.0526  val_loss=0.0438  val_qwk=0.5754  val_acc=0.5000
/home/norak/R&I/kxs-/train.py:148: FutureWarning: `torch.cuda.amp.autocast(args...)` is deprecated. Please use `torch.amp.autocast('cuda', args...)` instead.
  with torch.cuda.amp.autocast():
/home/norak/R&I/kxs-/train.py:169: FutureWarning: `torch.cuda.amp.autocast(args...)` is deprecated. Please use `torch.amp.autocast('cuda', args...)` instead.
  with torch.cuda.amp.autocast():
    epoch  5  train_loss=0.0461  val_loss=0.0407  val_qwk=0.6583  val_acc=0.5821
/home/norak/R&I/kxs-/train.py:148: FutureWarning: `torch.cuda.amp.autocast(args...)` is deprecated. Please use `torch.amp.autocast('cuda', args...)` instead.
  with torch.cuda.amp.autocast():
/home/norak/R&I/kxs-/train.py:169: FutureWarning: `torch.cuda.amp.autocast(args...)` is deprecated. Please use `torch.amp.autocast('cuda', args...)` instead.
  with torch.cuda.amp.autocast():
    epoch  6  train_loss=0.0394  val_loss=0.0395  val_qwk=0.6621  val_acc=0.5672
/home/norak/R&I/kxs-/train.py:148: FutureWarning: `torch.cuda.amp.autocast(args...)` is deprecated. Please use `torch.amp.autocast('cuda', args...)` instead.
  with torch.cuda.amp.autocast():
/home/norak/R&I/kxs-/train.py:169: FutureWarning: `torch.cuda.amp.autocast(args...)` is deprecated. Please use `torch.amp.autocast('cuda', args...)` instead.
  with torch.cuda.amp.autocast():
    epoch  7  train_loss=0.0371  val_loss=0.0464  val_qwk=0.5878  val_acc=0.5896
/home/norak/R&I/kxs-/train.py:148: FutureWarning: `torch.cuda.amp.autocast(args...)` is deprecated. Please use `torch.amp.autocast('cuda', args...)` instead.
  with torch.cuda.amp.autocast():
/home/norak/R&I/kxs-/train.py:169: FutureWarning: `torch.cuda.amp.autocast(args...)` is deprecated. Please use `torch.amp.autocast('cuda', args...)` instead.
  with torch.cuda.amp.autocast():
    epoch  8  train_loss=0.0331  val_loss=0.0382  val_qwk=0.7046  val_acc=0.6045
/home/norak/R&I/kxs-/train.py:148: FutureWarning: `torch.cuda.amp.autocast(args...)` is deprecated. Please use `torch.amp.autocast('cuda', args...)` instead.
  with torch.cuda.amp.autocast():
/home/norak/R&I/kxs-/train.py:169: FutureWarning: `torch.cuda.amp.autocast(args...)` is deprecated. Please use `torch.amp.autocast('cuda', args...)` instead.
  with torch.cuda.amp.autocast():
    epoch  9  train_loss=0.0300  val_loss=0.0380  val_qwk=0.6990  val_acc=0.6343
/home/norak/R&I/kxs-/train.py:148: FutureWarning: `torch.cuda.amp.autocast(args...)` is deprecated. Please use `torch.amp.autocast('cuda', args...)` instead.
  with torch.cuda.amp.autocast():
/home/norak/R&I/kxs-/train.py:169: FutureWarning: `torch.cuda.amp.autocast(args...)` is deprecated. Please use `torch.amp.autocast('cuda', args...)` instead.
  with torch.cuda.amp.autocast():
    epoch 10  train_loss=0.0285  val_loss=0.0438  val_qwk=0.6316  val_acc=0.5448
/home/norak/R&I/kxs-/train.py:148: FutureWarning: `torch.cuda.amp.autocast(args...)` is deprecated. Please use `torch.amp.autocast('cuda', args...)` instead.
  with torch.cuda.amp.autocast():
/home/norak/R&I/kxs-/train.py:169: FutureWarning: `torch.cuda.amp.autocast(args...)` is deprecated. Please use `torch.amp.autocast('cuda', args...)` instead.
  with torch.cuda.amp.autocast():
    epoch 11  train_loss=0.0296  val_loss=0.0378  val_qwk=0.7353  val_acc=0.6269
/home/norak/R&I/kxs-/train.py:148: FutureWarning: `torch.cuda.amp.autocast(args...)` is deprecated. Please use `torch.amp.autocast('cuda', args...)` instead.
  with torch.cuda.amp.autocast():
/home/norak/R&I/kxs-/train.py:169: FutureWarning: `torch.cuda.amp.autocast(args...)` is deprecated. Please use `torch.amp.autocast('cuda', args...)` instead.
  with torch.cuda.amp.autocast():
    epoch 12  train_loss=0.0277  val_loss=0.0364  val_qwk=0.6757  val_acc=0.5896
/home/norak/R&I/kxs-/train.py:148: FutureWarning: `torch.cuda.amp.autocast(args...)` is deprecated. Please use `torch.amp.autocast('cuda', args...)` instead.
  with torch.cuda.amp.autocast():
/home/norak/R&I/kxs-/train.py:169: FutureWarning: `torch.cuda.amp.autocast(args...)` is deprecated. Please use `torch.amp.autocast('cuda', args...)` instead.
  with torch.cuda.amp.autocast():
    epoch 13  train_loss=0.0265  val_loss=0.0372  val_qwk=0.7237  val_acc=0.6642
/home/norak/R&I/kxs-/train.py:148: FutureWarning: `torch.cuda.amp.autocast(args...)` is deprecated. Please use `torch.amp.autocast('cuda', args...)` instead.
  with torch.cuda.amp.autocast():
/home/norak/R&I/kxs-/train.py:169: FutureWarning: `torch.cuda.amp.autocast(args...)` is deprecated. Please use `torch.amp.autocast('cuda', args...)` instead.
  with torch.cuda.amp.autocast():
    epoch 14  train_loss=0.0226  val_loss=0.0404  val_qwk=0.6908  val_acc=0.6493
/home/norak/R&I/kxs-/train.py:148: FutureWarning: `torch.cuda.amp.autocast(args...)` is deprecated. Please use `torch.amp.autocast('cuda', args...)` instead.
  with torch.cuda.amp.autocast():
/home/norak/R&I/kxs-/train.py:169: FutureWarning: `torch.cuda.amp.autocast(args...)` is deprecated. Please use `torch.amp.autocast('cuda', args...)` instead.
  with torch.cuda.amp.autocast():
    epoch 15  train_loss=0.0200  val_loss=0.0404  val_qwk=0.7319  val_acc=0.6716
    early-stop at epoch 15 (best epoch=11, best_qwk=0.7353)
/home/norak/R&I/kxs-/train.py:169: FutureWarning: `torch.cuda.amp.autocast(args...)` is deprecated. Please use `torch.amp.autocast('cuda', args...)` instead.
  with torch.cuda.amp.autocast():
/home/norak/R&I/kxs-/train.py:169: FutureWarning: `torch.cuda.amp.autocast(args...)` is deprecated. Please use `torch.amp.autocast('cuda', args...)` instead.
  with torch.cuda.amp.autocast():
/home/norak/R&I/kxs-/train.py:169: FutureWarning: `torch.cuda.amp.autocast(args...)` is deprecated. Please use `torch.amp.autocast('cuda', args...)` instead.
  with torch.cuda.amp.autocast():
  [raw_ra_dual_xlmr                   ] train_qwk=0.8115 -> test_qwk=0.7840  raw_w1=0.7481  epoch=11  (90.5s)
Loading weights:   0%|          | 0/136 [00:00<?, ?it/s]Loading weights: 100%|██████████| 136/136 [00:00<00:00, 1568.65it/s]
[transformers] [1mNewModel LOAD REPORT[0m from: Alibaba-NLP/gte-multilingual-base
Key               | Status     |  | 
------------------+------------+--+-
classifier.bias   | UNEXPECTED |  | 
classifier.weight | UNEXPECTED |  | 

Notes:
- UNEXPECTED:	can be ignored when loading from different task/architecture; not ok if you expect identical arch.
/home/norak/R&I/kxs-/train.py:206: FutureWarning: `torch.cuda.amp.GradScaler(args...)` is deprecated. Please use `torch.amp.GradScaler('cuda', args...)` instead.
  scaler = torch.cuda.amp.GradScaler() if use_amp and device == "cuda" else None
/home/norak/R&I/kxs-/train.py:148: FutureWarning: `torch.cuda.amp.autocast(args...)` is deprecated. Please use `torch.amp.autocast('cuda', args...)` instead.
  with torch.cuda.amp.autocast():
/home/norak/R&I/kxs-/train.py:169: FutureWarning: `torch.cuda.amp.autocast(args...)` is deprecated. Please use `torch.amp.autocast('cuda', args...)` instead.
  with torch.cuda.amp.autocast():
    epoch  1  train_loss=0.0725  val_loss=0.0484  val_qwk=0.5325  val_acc=0.4104
/home/norak/R&I/kxs-/train.py:148: FutureWarning: `torch.cuda.amp.autocast(args...)` is deprecated. Please use `torch.amp.autocast('cuda', args...)` instead.
  with torch.cuda.amp.autocast():
/home/norak/R&I/kxs-/train.py:169: FutureWarning: `torch.cuda.amp.autocast(args...)` is deprecated. Please use `torch.amp.autocast('cuda', args...)` instead.
  with torch.cuda.amp.autocast():
    epoch  2  train_loss=0.0422  val_loss=0.0371  val_qwk=0.6646  val_acc=0.5672
/home/norak/R&I/kxs-/train.py:148: FutureWarning: `torch.cuda.amp.autocast(args...)` is deprecated. Please use `torch.amp.autocast('cuda', args...)` instead.
  with torch.cuda.amp.autocast():
/home/norak/R&I/kxs-/train.py:169: FutureWarning: `torch.cuda.amp.autocast(args...)` is deprecated. Please use `torch.amp.autocast('cuda', args...)` instead.
  with torch.cuda.amp.autocast():
    epoch  3  train_loss=0.0311  val_loss=0.0318  val_qwk=0.7439  val_acc=0.6418
/home/norak/R&I/kxs-/train.py:148: FutureWarning: `torch.cuda.amp.autocast(args...)` is deprecated. Please use `torch.amp.autocast('cuda', args...)` instead.
  with torch.cuda.amp.autocast():
/home/norak/R&I/kxs-/train.py:169: FutureWarning: `torch.cuda.amp.autocast(args...)` is deprecated. Please use `torch.amp.autocast('cuda', args...)` instead.
  with torch.cuda.amp.autocast():
    epoch  4  train_loss=0.0235  val_loss=0.0276  val_qwk=0.7624  val_acc=0.6343
/home/norak/R&I/kxs-/train.py:148: FutureWarning: `torch.cuda.amp.autocast(args...)` is deprecated. Please use `torch.amp.autocast('cuda', args...)` instead.
  with torch.cuda.amp.autocast():
/home/norak/R&I/kxs-/train.py:169: FutureWarning: `torch.cuda.amp.autocast(args...)` is deprecated. Please use `torch.amp.autocast('cuda', args...)` instead.
  with torch.cuda.amp.autocast():
    epoch  5  train_loss=0.0180  val_loss=0.0294  val_qwk=0.7867  val_acc=0.6866
/home/norak/R&I/kxs-/train.py:148: FutureWarning: `torch.cuda.amp.autocast(args...)` is deprecated. Please use `torch.amp.autocast('cuda', args...)` instead.
  with torch.cuda.amp.autocast():
/home/norak/R&I/kxs-/train.py:169: FutureWarning: `torch.cuda.amp.autocast(args...)` is deprecated. Please use `torch.amp.autocast('cuda', args...)` instead.
  with torch.cuda.amp.autocast():
    epoch  6  train_loss=0.0159  val_loss=0.0268  val_qwk=0.8133  val_acc=0.7463
/home/norak/R&I/kxs-/train.py:148: FutureWarning: `torch.cuda.amp.autocast(args...)` is deprecated. Please use `torch.amp.autocast('cuda', args...)` instead.
  with torch.cuda.amp.autocast():
/home/norak/R&I/kxs-/train.py:169: FutureWarning: `torch.cuda.amp.autocast(args...)` is deprecated. Please use `torch.amp.autocast('cuda', args...)` instead.
  with torch.cuda.amp.autocast():
    epoch  7  train_loss=0.0134  val_loss=0.0253  val_qwk=0.8064  val_acc=0.7090
/home/norak/R&I/kxs-/train.py:148: FutureWarning: `torch.cuda.amp.autocast(args...)` is deprecated. Please use `torch.amp.autocast('cuda', args...)` instead.
  with torch.cuda.amp.autocast():
/home/norak/R&I/kxs-/train.py:169: FutureWarning: `torch.cuda.amp.autocast(args...)` is deprecated. Please use `torch.amp.autocast('cuda', args...)` instead.
  with torch.cuda.amp.autocast():
    epoch  8  train_loss=0.0100  val_loss=0.0258  val_qwk=0.8212  val_acc=0.7313
/home/norak/R&I/kxs-/train.py:148: FutureWarning: `torch.cuda.amp.autocast(args...)` is deprecated. Please use `torch.amp.autocast('cuda', args...)` instead.
  with torch.cuda.amp.autocast():
/home/norak/R&I/kxs-/train.py:169: FutureWarning: `torch.cuda.amp.autocast(args...)` is deprecated. Please use `torch.amp.autocast('cuda', args...)` instead.
  with torch.cuda.amp.autocast():
    epoch  9  train_loss=0.0092  val_loss=0.0278  val_qwk=0.8160  val_acc=0.7313
/home/norak/R&I/kxs-/train.py:148: FutureWarning: `torch.cuda.amp.autocast(args...)` is deprecated. Please use `torch.amp.autocast('cuda', args...)` instead.
  with torch.cuda.amp.autocast():
/home/norak/R&I/kxs-/train.py:169: FutureWarning: `torch.cuda.amp.autocast(args...)` is deprecated. Please use `torch.amp.autocast('cuda', args...)` instead.
  with torch.cuda.amp.autocast():
    epoch 10  train_loss=0.0080  val_loss=0.0290  val_qwk=0.8056  val_acc=0.7239
/home/norak/R&I/kxs-/train.py:148: FutureWarning: `torch.cuda.amp.autocast(args...)` is deprecated. Please use `torch.amp.autocast('cuda', args...)` instead.
  with torch.cuda.amp.autocast():
/home/norak/R&I/kxs-/train.py:169: FutureWarning: `torch.cuda.amp.autocast(args...)` is deprecated. Please use `torch.amp.autocast('cuda', args...)` instead.
  with torch.cuda.amp.autocast():
    epoch 11  train_loss=0.0080  val_loss=0.0288  val_qwk=0.7895  val_acc=0.6940
/home/norak/R&I/kxs-/train.py:148: FutureWarning: `torch.cuda.amp.autocast(args...)` is deprecated. Please use `torch.amp.autocast('cuda', args...)` instead.
  with torch.cuda.amp.autocast():
/home/norak/R&I/kxs-/train.py:169: FutureWarning: `torch.cuda.amp.autocast(args...)` is deprecated. Please use `torch.amp.autocast('cuda', args...)` instead.
  with torch.cuda.amp.autocast():
    epoch 12  train_loss=0.0077  val_loss=0.0268  val_qwk=0.7921  val_acc=0.6866
    early-stop at epoch 12 (best epoch=8, best_qwk=0.8212)
/home/norak/R&I/kxs-/train.py:169: FutureWarning: `torch.cuda.amp.autocast(args...)` is deprecated. Please use `torch.amp.autocast('cuda', args...)` instead.
  with torch.cuda.amp.autocast():
/home/norak/R&I/kxs-/train.py:169: FutureWarning: `torch.cuda.amp.autocast(args...)` is deprecated. Please use `torch.amp.autocast('cuda', args...)` instead.
  with torch.cuda.amp.autocast():
/home/norak/R&I/kxs-/train.py:169: FutureWarning: `torch.cuda.amp.autocast(args...)` is deprecated. Please use `torch.amp.autocast('cuda', args...)` instead.
  with torch.cuda.amp.autocast():
  [raw_ra_dual_gte                    ] train_qwk=0.9408 -> test_qwk=0.8331  raw_w1=0.7852  epoch=8  (90.0s)
Loading weights:   0%|          | 0/199 [00:00<?, ?it/s]Loading weights: 100%|██████████| 199/199 [00:00<00:00, 2898.13it/s]
[transformers] [1mBertModel LOAD REPORT[0m from: bert-base-multilingual-cased
Key                                        | Status     |  | 
-------------------------------------------+------------+--+-
cls.predictions.transform.dense.weight     | UNEXPECTED |  | 
cls.seq_relationship.weight                | UNEXPECTED |  | 
cls.seq_relationship.bias                  | UNEXPECTED |  | 
cls.predictions.transform.LayerNorm.bias   | UNEXPECTED |  | 
cls.predictions.bias                       | UNEXPECTED |  | 
cls.predictions.transform.dense.bias       | UNEXPECTED |  | 
cls.predictions.transform.LayerNorm.weight | UNEXPECTED |  | 

Notes:
- UNEXPECTED:	can be ignored when loading from different task/architecture; not ok if you expect identical arch.
/home/norak/R&I/kxs-/train.py:206: FutureWarning: `torch.cuda.amp.GradScaler(args...)` is deprecated. Please use `torch.amp.GradScaler('cuda', args...)` instead.
  scaler = torch.cuda.amp.GradScaler() if use_amp and device == "cuda" else None
/home/norak/R&I/kxs-/train.py:148: FutureWarning: `torch.cuda.amp.autocast(args...)` is deprecated. Please use `torch.amp.autocast('cuda', args...)` instead.
  with torch.cuda.amp.autocast():
/home/norak/R&I/kxs-/train.py:169: FutureWarning: `torch.cuda.amp.autocast(args...)` is deprecated. Please use `torch.amp.autocast('cuda', args...)` instead.
  with torch.cuda.amp.autocast():
    epoch  1  train_loss=0.0789  val_loss=0.0668  val_qwk=0.3760  val_acc=0.4328
/home/norak/R&I/kxs-/train.py:148: FutureWarning: `torch.cuda.amp.autocast(args...)` is deprecated. Please use `torch.amp.autocast('cuda', args...)` instead.
  with torch.cuda.amp.autocast():
/home/norak/R&I/kxs-/train.py:169: FutureWarning: `torch.cuda.amp.autocast(args...)` is deprecated. Please use `torch.amp.autocast('cuda', args...)` instead.
  with torch.cuda.amp.autocast():
    epoch  2  train_loss=0.0611  val_loss=0.0543  val_qwk=0.5289  val_acc=0.4179
/home/norak/R&I/kxs-/train.py:148: FutureWarning: `torch.cuda.amp.autocast(args...)` is deprecated. Please use `torch.amp.autocast('cuda', args...)` instead.
  with torch.cuda.amp.autocast():
/home/norak/R&I/kxs-/train.py:169: FutureWarning: `torch.cuda.amp.autocast(args...)` is deprecated. Please use `torch.amp.autocast('cuda', args...)` instead.
  with torch.cuda.amp.autocast():
    epoch  3  train_loss=0.0537  val_loss=0.0540  val_qwk=0.5815  val_acc=0.5224
/home/norak/R&I/kxs-/train.py:148: FutureWarning: `torch.cuda.amp.autocast(args...)` is deprecated. Please use `torch.amp.autocast('cuda', args...)` instead.
  with torch.cuda.amp.autocast():
/home/norak/R&I/kxs-/train.py:169: FutureWarning: `torch.cuda.amp.autocast(args...)` is deprecated. Please use `torch.amp.autocast('cuda', args...)` instead.
  with torch.cuda.amp.autocast():
    epoch  4  train_loss=0.0455  val_loss=0.0486  val_qwk=0.6035  val_acc=0.5597
/home/norak/R&I/kxs-/train.py:148: FutureWarning: `torch.cuda.amp.autocast(args...)` is deprecated. Please use `torch.amp.autocast('cuda', args...)` instead.
  with torch.cuda.amp.autocast():
/home/norak/R&I/kxs-/train.py:169: FutureWarning: `torch.cuda.amp.autocast(args...)` is deprecated. Please use `torch.amp.autocast('cuda', args...)` instead.
  with torch.cuda.amp.autocast():
    epoch  5  train_loss=0.0408  val_loss=0.0513  val_qwk=0.6018  val_acc=0.5522
/home/norak/R&I/kxs-/train.py:148: FutureWarning: `torch.cuda.amp.autocast(args...)` is deprecated. Please use `torch.amp.autocast('cuda', args...)` instead.
  with torch.cuda.amp.autocast():
/home/norak/R&I/kxs-/train.py:169: FutureWarning: `torch.cuda.amp.autocast(args...)` is deprecated. Please use `torch.amp.autocast('cuda', args...)` instead.
  with torch.cuda.amp.autocast():
    epoch  6  train_loss=0.0428  val_loss=0.0547  val_qwk=0.6003  val_acc=0.6045
/home/norak/R&I/kxs-/train.py:148: FutureWarning: `torch.cuda.amp.autocast(args...)` is deprecated. Please use `torch.amp.autocast('cuda', args...)` instead.
  with torch.cuda.amp.autocast():
/home/norak/R&I/kxs-/train.py:169: FutureWarning: `torch.cuda.amp.autocast(args...)` is deprecated. Please use `torch.amp.autocast('cuda', args...)` instead.
  with torch.cuda.amp.autocast():
    epoch  7  train_loss=0.0370  val_loss=0.0554  val_qwk=0.6076  val_acc=0.5896
/home/norak/R&I/kxs-/train.py:148: FutureWarning: `torch.cuda.amp.autocast(args...)` is deprecated. Please use `torch.amp.autocast('cuda', args...)` instead.
  with torch.cuda.amp.autocast():
/home/norak/R&I/kxs-/train.py:169: FutureWarning: `torch.cuda.amp.autocast(args...)` is deprecated. Please use `torch.amp.autocast('cuda', args...)` instead.
  with torch.cuda.amp.autocast():
    epoch  8  train_loss=0.0350  val_loss=0.0558  val_qwk=0.6065  val_acc=0.6194
/home/norak/R&I/kxs-/train.py:148: FutureWarning: `torch.cuda.amp.autocast(args...)` is deprecated. Please use `torch.amp.autocast('cuda', args...)` instead.
  with torch.cuda.amp.autocast():
/home/norak/R&I/kxs-/train.py:169: FutureWarning: `torch.cuda.amp.autocast(args...)` is deprecated. Please use `torch.amp.autocast('cuda', args...)` instead.
  with torch.cuda.amp.autocast():
    epoch  9  train_loss=0.0343  val_loss=0.0531  val_qwk=0.6278  val_acc=0.6194
/home/norak/R&I/kxs-/train.py:148: FutureWarning: `torch.cuda.amp.autocast(args...)` is deprecated. Please use `torch.amp.autocast('cuda', args...)` instead.
  with torch.cuda.amp.autocast():
/home/norak/R&I/kxs-/train.py:169: FutureWarning: `torch.cuda.amp.autocast(args...)` is deprecated. Please use `torch.amp.autocast('cuda', args...)` instead.
  with torch.cuda.amp.autocast():
    epoch 10  train_loss=0.0297  val_loss=0.0493  val_qwk=0.6076  val_acc=0.6119
/home/norak/R&I/kxs-/train.py:148: FutureWarning: `torch.cuda.amp.autocast(args...)` is deprecated. Please use `torch.amp.autocast('cuda', args...)` instead.
  with torch.cuda.amp.autocast():
/home/norak/R&I/kxs-/train.py:169: FutureWarning: `torch.cuda.amp.autocast(args...)` is deprecated. Please use `torch.amp.autocast('cuda', args...)` instead.
  with torch.cuda.amp.autocast():
    epoch 11  train_loss=0.0302  val_loss=0.0519  val_qwk=0.5540  val_acc=0.5597
/home/norak/R&I/kxs-/train.py:148: FutureWarning: `torch.cuda.amp.autocast(args...)` is deprecated. Please use `torch.amp.autocast('cuda', args...)` instead.
  with torch.cuda.amp.autocast():
/home/norak/R&I/kxs-/train.py:169: FutureWarning: `torch.cuda.amp.autocast(args...)` is deprecated. Please use `torch.amp.autocast('cuda', args...)` instead.
  with torch.cuda.amp.autocast():
    epoch 12  train_loss=0.0294  val_loss=0.0606  val_qwk=0.5865  val_acc=0.6119
/home/norak/R&I/kxs-/train.py:148: FutureWarning: `torch.cuda.amp.autocast(args...)` is deprecated. Please use `torch.amp.autocast('cuda', args...)` instead.
  with torch.cuda.amp.autocast():
/home/norak/R&I/kxs-/train.py:169: FutureWarning: `torch.cuda.amp.autocast(args...)` is deprecated. Please use `torch.amp.autocast('cuda', args...)` instead.
  with torch.cuda.amp.autocast():
    epoch 13  train_loss=0.0285  val_loss=0.0513  val_qwk=0.6137  val_acc=0.6269
    early-stop at epoch 13 (best epoch=9, best_qwk=0.6278)
/home/norak/R&I/kxs-/train.py:169: FutureWarning: `torch.cuda.amp.autocast(args...)` is deprecated. Please use `torch.amp.autocast('cuda', args...)` instead.
  with torch.cuda.amp.autocast():
/home/norak/R&I/kxs-/train.py:169: FutureWarning: `torch.cuda.amp.autocast(args...)` is deprecated. Please use `torch.amp.autocast('cuda', args...)` instead.
  with torch.cuda.amp.autocast():
/home/norak/R&I/kxs-/train.py:169: FutureWarning: `torch.cuda.amp.autocast(args...)` is deprecated. Please use `torch.amp.autocast('cuda', args...)` instead.
  with torch.cuda.amp.autocast():
  [raw_ra_cross_mbert                 ] train_qwk=0.7689 -> test_qwk=0.7371  raw_w1=0.6741  epoch=9  (47.7s)
Loading weights:   0%|          | 0/199 [00:00<?, ?it/s]Loading weights: 100%|██████████| 199/199 [00:00<00:00, 2941.68it/s]
[transformers] [1mXLMRobertaModel LOAD REPORT[0m from: xlm-roberta-base
Key                       | Status     |  | 
--------------------------+------------+--+-
lm_head.dense.weight      | UNEXPECTED |  | 
lm_head.layer_norm.weight | UNEXPECTED |  | 
lm_head.dense.bias        | UNEXPECTED |  | 
lm_head.layer_norm.bias   | UNEXPECTED |  | 
lm_head.bias              | UNEXPECTED |  | 

Notes:
- UNEXPECTED:	can be ignored when loading from different task/architecture; not ok if you expect identical arch.
/home/norak/R&I/kxs-/train.py:206: FutureWarning: `torch.cuda.amp.GradScaler(args...)` is deprecated. Please use `torch.amp.GradScaler('cuda', args...)` instead.
  scaler = torch.cuda.amp.GradScaler() if use_amp and device == "cuda" else None
/home/norak/R&I/kxs-/train.py:148: FutureWarning: `torch.cuda.amp.autocast(args...)` is deprecated. Please use `torch.amp.autocast('cuda', args...)` instead.
  with torch.cuda.amp.autocast():
/home/norak/R&I/kxs-/train.py:169: FutureWarning: `torch.cuda.amp.autocast(args...)` is deprecated. Please use `torch.amp.autocast('cuda', args...)` instead.
  with torch.cuda.amp.autocast():
    epoch  1  train_loss=0.0854  val_loss=0.0756  val_qwk=0.0469  val_acc=0.2313
/home/norak/R&I/kxs-/train.py:148: FutureWarning: `torch.cuda.amp.autocast(args...)` is deprecated. Please use `torch.amp.autocast('cuda', args...)` instead.
  with torch.cuda.amp.autocast():
/home/norak/R&I/kxs-/train.py:169: FutureWarning: `torch.cuda.amp.autocast(args...)` is deprecated. Please use `torch.amp.autocast('cuda', args...)` instead.
  with torch.cuda.amp.autocast():
    epoch  2  train_loss=0.0611  val_loss=0.0488  val_qwk=0.5718  val_acc=0.4403
/home/norak/R&I/kxs-/train.py:148: FutureWarning: `torch.cuda.amp.autocast(args...)` is deprecated. Please use `torch.amp.autocast('cuda', args...)` instead.
  with torch.cuda.amp.autocast():
/home/norak/R&I/kxs-/train.py:169: FutureWarning: `torch.cuda.amp.autocast(args...)` is deprecated. Please use `torch.amp.autocast('cuda', args...)` instead.
  with torch.cuda.amp.autocast():
    epoch  3  train_loss=0.0544  val_loss=0.0477  val_qwk=0.5780  val_acc=0.4478
/home/norak/R&I/kxs-/train.py:148: FutureWarning: `torch.cuda.amp.autocast(args...)` is deprecated. Please use `torch.amp.autocast('cuda', args...)` instead.
  with torch.cuda.amp.autocast():
/home/norak/R&I/kxs-/train.py:169: FutureWarning: `torch.cuda.amp.autocast(args...)` is deprecated. Please use `torch.amp.autocast('cuda', args...)` instead.
  with torch.cuda.amp.autocast():
    epoch  4  train_loss=0.0472  val_loss=0.0386  val_qwk=0.7144  val_acc=0.5448
/home/norak/R&I/kxs-/train.py:148: FutureWarning: `torch.cuda.amp.autocast(args...)` is deprecated. Please use `torch.amp.autocast('cuda', args...)` instead.
  with torch.cuda.amp.autocast():
/home/norak/R&I/kxs-/train.py:169: FutureWarning: `torch.cuda.amp.autocast(args...)` is deprecated. Please use `torch.amp.autocast('cuda', args...)` instead.
  with torch.cuda.amp.autocast():
    epoch  5  train_loss=0.0414  val_loss=0.0416  val_qwk=0.6279  val_acc=0.5448
/home/norak/R&I/kxs-/train.py:148: FutureWarning: `torch.cuda.amp.autocast(args...)` is deprecated. Please use `torch.amp.autocast('cuda', args...)` instead.
  with torch.cuda.amp.autocast():
/home/norak/R&I/kxs-/train.py:169: FutureWarning: `torch.cuda.amp.autocast(args...)` is deprecated. Please use `torch.amp.autocast('cuda', args...)` instead.
  with torch.cuda.amp.autocast():
    epoch  6  train_loss=0.0409  val_loss=0.0360  val_qwk=0.6887  val_acc=0.5821
/home/norak/R&I/kxs-/train.py:148: FutureWarning: `torch.cuda.amp.autocast(args...)` is deprecated. Please use `torch.amp.autocast('cuda', args...)` instead.
  with torch.cuda.amp.autocast():
/home/norak/R&I/kxs-/train.py:169: FutureWarning: `torch.cuda.amp.autocast(args...)` is deprecated. Please use `torch.amp.autocast('cuda', args...)` instead.
  with torch.cuda.amp.autocast():
    epoch  7  train_loss=0.0384  val_loss=0.0506  val_qwk=0.6569  val_acc=0.5821
/home/norak/R&I/kxs-/train.py:148: FutureWarning: `torch.cuda.amp.autocast(args...)` is deprecated. Please use `torch.amp.autocast('cuda', args...)` instead.
  with torch.cuda.amp.autocast():
/home/norak/R&I/kxs-/train.py:169: FutureWarning: `torch.cuda.amp.autocast(args...)` is deprecated. Please use `torch.amp.autocast('cuda', args...)` instead.
  with torch.cuda.amp.autocast():
    epoch  8  train_loss=0.0406  val_loss=0.0373  val_qwk=0.6855  val_acc=0.5896
    early-stop at epoch 8 (best epoch=4, best_qwk=0.7144)
/home/norak/R&I/kxs-/train.py:169: FutureWarning: `torch.cuda.amp.autocast(args...)` is deprecated. Please use `torch.amp.autocast('cuda', args...)` instead.
  with torch.cuda.amp.autocast():
/home/norak/R&I/kxs-/train.py:169: FutureWarning: `torch.cuda.amp.autocast(args...)` is deprecated. Please use `torch.amp.autocast('cuda', args...)` instead.
  with torch.cuda.amp.autocast():
/home/norak/R&I/kxs-/train.py:169: FutureWarning: `torch.cuda.amp.autocast(args...)` is deprecated. Please use `torch.amp.autocast('cuda', args...)` instead.
  with torch.cuda.amp.autocast():
  [raw_ra_cross_xlmr                  ] train_qwk=0.6910 -> test_qwk=0.7181  raw_w1=0.6444  epoch=4  (38.0s)
Loading weights:   0%|          | 0/136 [00:00<?, ?it/s]Loading weights:   3%|▎         | 4/136 [00:00<00:03, 35.42it/s]Loading weights: 100%|██████████| 136/136 [00:00<00:00, 1032.00it/s]
[transformers] [1mNewModel LOAD REPORT[0m from: Alibaba-NLP/gte-multilingual-base
Key               | Status     |  | 
------------------+------------+--+-
classifier.bias   | UNEXPECTED |  | 
classifier.weight | UNEXPECTED |  | 

Notes:
- UNEXPECTED:	can be ignored when loading from different task/architecture; not ok if you expect identical arch.
/home/norak/R&I/kxs-/train.py:206: FutureWarning: `torch.cuda.amp.GradScaler(args...)` is deprecated. Please use `torch.amp.GradScaler('cuda', args...)` instead.
  scaler = torch.cuda.amp.GradScaler() if use_amp and device == "cuda" else None
/home/norak/R&I/kxs-/train.py:148: FutureWarning: `torch.cuda.amp.autocast(args...)` is deprecated. Please use `torch.amp.autocast('cuda', args...)` instead.
  with torch.cuda.amp.autocast():
/home/norak/R&I/kxs-/train.py:169: FutureWarning: `torch.cuda.amp.autocast(args...)` is deprecated. Please use `torch.amp.autocast('cuda', args...)` instead.
  with torch.cuda.amp.autocast():
    epoch  1  train_loss=0.0734  val_loss=0.0526  val_qwk=0.4674  val_acc=0.3731
/home/norak/R&I/kxs-/train.py:148: FutureWarning: `torch.cuda.amp.autocast(args...)` is deprecated. Please use `torch.amp.autocast('cuda', args...)` instead.
  with torch.cuda.amp.autocast():
/home/norak/R&I/kxs-/train.py:169: FutureWarning: `torch.cuda.amp.autocast(args...)` is deprecated. Please use `torch.amp.autocast('cuda', args...)` instead.
  with torch.cuda.amp.autocast():
    epoch  2  train_loss=0.0485  val_loss=0.0480  val_qwk=0.5373  val_acc=0.4403
/home/norak/R&I/kxs-/train.py:148: FutureWarning: `torch.cuda.amp.autocast(args...)` is deprecated. Please use `torch.amp.autocast('cuda', args...)` instead.
  with torch.cuda.amp.autocast():
/home/norak/R&I/kxs-/train.py:169: FutureWarning: `torch.cuda.amp.autocast(args...)` is deprecated. Please use `torch.amp.autocast('cuda', args...)` instead.
  with torch.cuda.amp.autocast():
    epoch  3  train_loss=0.0412  val_loss=0.0409  val_qwk=0.6022  val_acc=0.5299
/home/norak/R&I/kxs-/train.py:148: FutureWarning: `torch.cuda.amp.autocast(args...)` is deprecated. Please use `torch.amp.autocast('cuda', args...)` instead.
  with torch.cuda.amp.autocast():
/home/norak/R&I/kxs-/train.py:169: FutureWarning: `torch.cuda.amp.autocast(args...)` is deprecated. Please use `torch.amp.autocast('cuda', args...)` instead.
  with torch.cuda.amp.autocast():
    epoch  4  train_loss=0.0349  val_loss=0.0378  val_qwk=0.6731  val_acc=0.6045
/home/norak/R&I/kxs-/train.py:148: FutureWarning: `torch.cuda.amp.autocast(args...)` is deprecated. Please use `torch.amp.autocast('cuda', args...)` instead.
  with torch.cuda.amp.autocast():
/home/norak/R&I/kxs-/train.py:169: FutureWarning: `torch.cuda.amp.autocast(args...)` is deprecated. Please use `torch.amp.autocast('cuda', args...)` instead.
  with torch.cuda.amp.autocast():
    epoch  5  train_loss=0.0275  val_loss=0.0384  val_qwk=0.6777  val_acc=0.6269
/home/norak/R&I/kxs-/train.py:148: FutureWarning: `torch.cuda.amp.autocast(args...)` is deprecated. Please use `torch.amp.autocast('cuda', args...)` instead.
  with torch.cuda.amp.autocast():
/home/norak/R&I/kxs-/train.py:169: FutureWarning: `torch.cuda.amp.autocast(args...)` is deprecated. Please use `torch.amp.autocast('cuda', args...)` instead.
  with torch.cuda.amp.autocast():
    epoch  6  train_loss=0.0251  val_loss=0.0342  val_qwk=0.7573  val_acc=0.7015
/home/norak/R&I/kxs-/train.py:148: FutureWarning: `torch.cuda.amp.autocast(args...)` is deprecated. Please use `torch.amp.autocast('cuda', args...)` instead.
  with torch.cuda.amp.autocast():
/home/norak/R&I/kxs-/train.py:169: FutureWarning: `torch.cuda.amp.autocast(args...)` is deprecated. Please use `torch.amp.autocast('cuda', args...)` instead.
  with torch.cuda.amp.autocast():
    epoch  7  train_loss=0.0215  val_loss=0.0357  val_qwk=0.7482  val_acc=0.7313
/home/norak/R&I/kxs-/train.py:148: FutureWarning: `torch.cuda.amp.autocast(args...)` is deprecated. Please use `torch.amp.autocast('cuda', args...)` instead.
  with torch.cuda.amp.autocast():
/home/norak/R&I/kxs-/train.py:169: FutureWarning: `torch.cuda.amp.autocast(args...)` is deprecated. Please use `torch.amp.autocast('cuda', args...)` instead.
  with torch.cuda.amp.autocast():
    epoch  8  train_loss=0.0199  val_loss=0.0342  val_qwk=0.7703  val_acc=0.7313
/home/norak/R&I/kxs-/train.py:148: FutureWarning: `torch.cuda.amp.autocast(args...)` is deprecated. Please use `torch.amp.autocast('cuda', args...)` instead.
  with torch.cuda.amp.autocast():
/home/norak/R&I/kxs-/train.py:169: FutureWarning: `torch.cuda.amp.autocast(args...)` is deprecated. Please use `torch.amp.autocast('cuda', args...)` instead.
  with torch.cuda.amp.autocast():
    epoch  9  train_loss=0.0184  val_loss=0.0373  val_qwk=0.7185  val_acc=0.6716
/home/norak/R&I/kxs-/train.py:148: FutureWarning: `torch.cuda.amp.autocast(args...)` is deprecated. Please use `torch.amp.autocast('cuda', args...)` instead.
  with torch.cuda.amp.autocast():
/home/norak/R&I/kxs-/train.py:169: FutureWarning: `torch.cuda.amp.autocast(args...)` is deprecated. Please use `torch.amp.autocast('cuda', args...)` instead.
  with torch.cuda.amp.autocast():
    epoch 10  train_loss=0.0160  val_loss=0.0394  val_qwk=0.7470  val_acc=0.7239
/home/norak/R&I/kxs-/train.py:148: FutureWarning: `torch.cuda.amp.autocast(args...)` is deprecated. Please use `torch.amp.autocast('cuda', args...)` instead.
  with torch.cuda.amp.autocast():
/home/norak/R&I/kxs-/train.py:169: FutureWarning: `torch.cuda.amp.autocast(args...)` is deprecated. Please use `torch.amp.autocast('cuda', args...)` instead.
  with torch.cuda.amp.autocast():
    epoch 11  train_loss=0.0169  val_loss=0.0376  val_qwk=0.6802  val_acc=0.6493
/home/norak/R&I/kxs-/train.py:148: FutureWarning: `torch.cuda.amp.autocast(args...)` is deprecated. Please use `torch.amp.autocast('cuda', args...)` instead.
  with torch.cuda.amp.autocast():
/home/norak/R&I/kxs-/train.py:169: FutureWarning: `torch.cuda.amp.autocast(args...)` is deprecated. Please use `torch.amp.autocast('cuda', args...)` instead.
  with torch.cuda.amp.autocast():
    epoch 12  train_loss=0.0159  val_loss=0.0329  val_qwk=0.7680  val_acc=0.7313
    early-stop at epoch 12 (best epoch=8, best_qwk=0.7703)
/home/norak/R&I/kxs-/train.py:169: FutureWarning: `torch.cuda.amp.autocast(args...)` is deprecated. Please use `torch.amp.autocast('cuda', args...)` instead.
  with torch.cuda.amp.autocast():
/home/norak/R&I/kxs-/train.py:169: FutureWarning: `torch.cuda.amp.autocast(args...)` is deprecated. Please use `torch.amp.autocast('cuda', args...)` instead.
  with torch.cuda.amp.autocast():
/home/norak/R&I/kxs-/train.py:169: FutureWarning: `torch.cuda.amp.autocast(args...)` is deprecated. Please use `torch.amp.autocast('cuda', args...)` instead.
  with torch.cuda.amp.autocast():
  [raw_ra_cross_gte                   ] train_qwk=0.8689 -> test_qwk=0.8071  raw_w1=0.7556  epoch=8  (61.9s)
Loading weights:   0%|          | 0/199 [00:00<?, ?it/s]Loading weights: 100%|██████████| 199/199 [00:00<00:00, 2971.86it/s]
[transformers] [1mBertModel LOAD REPORT[0m from: bert-base-multilingual-cased
Key                                        | Status     |  | 
-------------------------------------------+------------+--+-
cls.predictions.transform.dense.weight     | UNEXPECTED |  | 
cls.seq_relationship.weight                | UNEXPECTED |  | 
cls.seq_relationship.bias                  | UNEXPECTED |  | 
cls.predictions.transform.LayerNorm.bias   | UNEXPECTED |  | 
cls.predictions.bias                       | UNEXPECTED |  | 
cls.predictions.transform.dense.bias       | UNEXPECTED |  | 
cls.predictions.transform.LayerNorm.weight | UNEXPECTED |  | 

Notes:
- UNEXPECTED:	can be ignored when loading from different task/architecture; not ok if you expect identical arch.
/home/norak/R&I/kxs-/train.py:206: FutureWarning: `torch.cuda.amp.GradScaler(args...)` is deprecated. Please use `torch.amp.GradScaler('cuda', args...)` instead.
  scaler = torch.cuda.amp.GradScaler() if use_amp and device == "cuda" else None
/home/norak/R&I/kxs-/train.py:148: FutureWarning: `torch.cuda.amp.autocast(args...)` is deprecated. Please use `torch.amp.autocast('cuda', args...)` instead.
  with torch.cuda.amp.autocast():
/home/norak/R&I/kxs-/train.py:169: FutureWarning: `torch.cuda.amp.autocast(args...)` is deprecated. Please use `torch.amp.autocast('cuda', args...)` instead.
  with torch.cuda.amp.autocast():
    epoch  1  train_loss=0.0721  val_loss=0.0610  val_qwk=0.4232  val_acc=0.4030
/home/norak/R&I/kxs-/train.py:148: FutureWarning: `torch.cuda.amp.autocast(args...)` is deprecated. Please use `torch.amp.autocast('cuda', args...)` instead.
  with torch.cuda.amp.autocast():
/home/norak/R&I/kxs-/train.py:169: FutureWarning: `torch.cuda.amp.autocast(args...)` is deprecated. Please use `torch.amp.autocast('cuda', args...)` instead.
  with torch.cuda.amp.autocast():
    epoch  2  train_loss=0.0540  val_loss=0.0500  val_qwk=0.5004  val_acc=0.3881
/home/norak/R&I/kxs-/train.py:148: FutureWarning: `torch.cuda.amp.autocast(args...)` is deprecated. Please use `torch.amp.autocast('cuda', args...)` instead.
  with torch.cuda.amp.autocast():
/home/norak/R&I/kxs-/train.py:169: FutureWarning: `torch.cuda.amp.autocast(args...)` is deprecated. Please use `torch.amp.autocast('cuda', args...)` instead.
  with torch.cuda.amp.autocast():
    epoch  3  train_loss=0.0438  val_loss=0.0430  val_qwk=0.6384  val_acc=0.5373
/home/norak/R&I/kxs-/train.py:148: FutureWarning: `torch.cuda.amp.autocast(args...)` is deprecated. Please use `torch.amp.autocast('cuda', args...)` instead.
  with torch.cuda.amp.autocast():
/home/norak/R&I/kxs-/train.py:169: FutureWarning: `torch.cuda.amp.autocast(args...)` is deprecated. Please use `torch.amp.autocast('cuda', args...)` instead.
  with torch.cuda.amp.autocast():
    epoch  4  train_loss=0.0404  val_loss=0.0458  val_qwk=0.5922  val_acc=0.5149
/home/norak/R&I/kxs-/train.py:148: FutureWarning: `torch.cuda.amp.autocast(args...)` is deprecated. Please use `torch.amp.autocast('cuda', args...)` instead.
  with torch.cuda.amp.autocast():
/home/norak/R&I/kxs-/train.py:169: FutureWarning: `torch.cuda.amp.autocast(args...)` is deprecated. Please use `torch.amp.autocast('cuda', args...)` instead.
  with torch.cuda.amp.autocast():
    epoch  5  train_loss=0.0382  val_loss=0.0426  val_qwk=0.6207  val_acc=0.5597
/home/norak/R&I/kxs-/train.py:148: FutureWarning: `torch.cuda.amp.autocast(args...)` is deprecated. Please use `torch.amp.autocast('cuda', args...)` instead.
  with torch.cuda.amp.autocast():
/home/norak/R&I/kxs-/train.py:169: FutureWarning: `torch.cuda.amp.autocast(args...)` is deprecated. Please use `torch.amp.autocast('cuda', args...)` instead.
  with torch.cuda.amp.autocast():
    epoch  6  train_loss=0.0335  val_loss=0.0449  val_qwk=0.6544  val_acc=0.5149
/home/norak/R&I/kxs-/train.py:148: FutureWarning: `torch.cuda.amp.autocast(args...)` is deprecated. Please use `torch.amp.autocast('cuda', args...)` instead.
  with torch.cuda.amp.autocast():
/home/norak/R&I/kxs-/train.py:169: FutureWarning: `torch.cuda.amp.autocast(args...)` is deprecated. Please use `torch.amp.autocast('cuda', args...)` instead.
  with torch.cuda.amp.autocast():
    epoch  7  train_loss=0.0323  val_loss=0.0424  val_qwk=0.6825  val_acc=0.6493
/home/norak/R&I/kxs-/train.py:148: FutureWarning: `torch.cuda.amp.autocast(args...)` is deprecated. Please use `torch.amp.autocast('cuda', args...)` instead.
  with torch.cuda.amp.autocast():
/home/norak/R&I/kxs-/train.py:169: FutureWarning: `torch.cuda.amp.autocast(args...)` is deprecated. Please use `torch.amp.autocast('cuda', args...)` instead.
  with torch.cuda.amp.autocast():
    epoch  8  train_loss=0.0325  val_loss=0.0402  val_qwk=0.6739  val_acc=0.6194
/home/norak/R&I/kxs-/train.py:148: FutureWarning: `torch.cuda.amp.autocast(args...)` is deprecated. Please use `torch.amp.autocast('cuda', args...)` instead.
  with torch.cuda.amp.autocast():
/home/norak/R&I/kxs-/train.py:169: FutureWarning: `torch.cuda.amp.autocast(args...)` is deprecated. Please use `torch.amp.autocast('cuda', args...)` instead.
  with torch.cuda.amp.autocast():
    epoch  9  train_loss=0.0300  val_loss=0.0424  val_qwk=0.6805  val_acc=0.5970
/home/norak/R&I/kxs-/train.py:148: FutureWarning: `torch.cuda.amp.autocast(args...)` is deprecated. Please use `torch.amp.autocast('cuda', args...)` instead.
  with torch.cuda.amp.autocast():
/home/norak/R&I/kxs-/train.py:169: FutureWarning: `torch.cuda.amp.autocast(args...)` is deprecated. Please use `torch.amp.autocast('cuda', args...)` instead.
  with torch.cuda.amp.autocast():
    epoch 10  train_loss=0.0276  val_loss=0.0421  val_qwk=0.6798  val_acc=0.6269
/home/norak/R&I/kxs-/train.py:148: FutureWarning: `torch.cuda.amp.autocast(args...)` is deprecated. Please use `torch.amp.autocast('cuda', args...)` instead.
  with torch.cuda.amp.autocast():
/home/norak/R&I/kxs-/train.py:169: FutureWarning: `torch.cuda.amp.autocast(args...)` is deprecated. Please use `torch.amp.autocast('cuda', args...)` instead.
  with torch.cuda.amp.autocast():
    epoch 11  train_loss=0.0264  val_loss=0.0515  val_qwk=0.6198  val_acc=0.5597
    early-stop at epoch 11 (best epoch=7, best_qwk=0.6825)
/home/norak/R&I/kxs-/train.py:169: FutureWarning: `torch.cuda.amp.autocast(args...)` is deprecated. Please use `torch.amp.autocast('cuda', args...)` instead.
  with torch.cuda.amp.autocast():
/home/norak/R&I/kxs-/train.py:169: FutureWarning: `torch.cuda.amp.autocast(args...)` is deprecated. Please use `torch.amp.autocast('cuda', args...)` instead.
  with torch.cuda.amp.autocast():
/home/norak/R&I/kxs-/train.py:169: FutureWarning: `torch.cuda.amp.autocast(args...)` is deprecated. Please use `torch.amp.autocast('cuda', args...)` instead.
  with torch.cuda.amp.autocast():
  [raw_qar_dual_mbert                 ] train_qwk=0.8049 -> test_qwk=0.7545  raw_w1=0.7185  epoch=7  (65.3s)
Loading weights:   0%|          | 0/199 [00:00<?, ?it/s]Loading weights: 100%|██████████| 199/199 [00:00<00:00, 2925.54it/s]
[transformers] [1mXLMRobertaModel LOAD REPORT[0m from: xlm-roberta-base
Key                       | Status     |  | 
--------------------------+------------+--+-
lm_head.dense.weight      | UNEXPECTED |  | 
lm_head.layer_norm.weight | UNEXPECTED |  | 
lm_head.dense.bias        | UNEXPECTED |  | 
lm_head.layer_norm.bias   | UNEXPECTED |  | 
lm_head.bias              | UNEXPECTED |  | 

Notes:
- UNEXPECTED:	can be ignored when loading from different task/architecture; not ok if you expect identical arch.
/home/norak/R&I/kxs-/train.py:206: FutureWarning: `torch.cuda.amp.GradScaler(args...)` is deprecated. Please use `torch.amp.GradScaler('cuda', args...)` instead.
  scaler = torch.cuda.amp.GradScaler() if use_amp and device == "cuda" else None
/home/norak/R&I/kxs-/train.py:148: FutureWarning: `torch.cuda.amp.autocast(args...)` is deprecated. Please use `torch.amp.autocast('cuda', args...)` instead.
  with torch.cuda.amp.autocast():
/home/norak/R&I/kxs-/train.py:169: FutureWarning: `torch.cuda.amp.autocast(args...)` is deprecated. Please use `torch.amp.autocast('cuda', args...)` instead.
  with torch.cuda.amp.autocast():
    epoch  1  train_loss=0.0992  val_loss=0.0719  val_qwk=0.0656  val_acc=0.1343
/home/norak/R&I/kxs-/train.py:148: FutureWarning: `torch.cuda.amp.autocast(args...)` is deprecated. Please use `torch.amp.autocast('cuda', args...)` instead.
  with torch.cuda.amp.autocast():
/home/norak/R&I/kxs-/train.py:169: FutureWarning: `torch.cuda.amp.autocast(args...)` is deprecated. Please use `torch.amp.autocast('cuda', args...)` instead.
  with torch.cuda.amp.autocast():
    epoch  2  train_loss=0.0685  val_loss=0.0624  val_qwk=0.3166  val_acc=0.3582
/home/norak/R&I/kxs-/train.py:148: FutureWarning: `torch.cuda.amp.autocast(args...)` is deprecated. Please use `torch.amp.autocast('cuda', args...)` instead.
  with torch.cuda.amp.autocast():
/home/norak/R&I/kxs-/train.py:169: FutureWarning: `torch.cuda.amp.autocast(args...)` is deprecated. Please use `torch.amp.autocast('cuda', args...)` instead.
  with torch.cuda.amp.autocast():
    epoch  3  train_loss=0.0534  val_loss=0.0487  val_qwk=0.5720  val_acc=0.5149
/home/norak/R&I/kxs-/train.py:148: FutureWarning: `torch.cuda.amp.autocast(args...)` is deprecated. Please use `torch.amp.autocast('cuda', args...)` instead.
  with torch.cuda.amp.autocast():
/home/norak/R&I/kxs-/train.py:169: FutureWarning: `torch.cuda.amp.autocast(args...)` is deprecated. Please use `torch.amp.autocast('cuda', args...)` instead.
  with torch.cuda.amp.autocast():
    epoch  4  train_loss=0.0491  val_loss=0.0492  val_qwk=0.5167  val_acc=0.5149
/home/norak/R&I/kxs-/train.py:148: FutureWarning: `torch.cuda.amp.autocast(args...)` is deprecated. Please use `torch.amp.autocast('cuda', args...)` instead.
  with torch.cuda.amp.autocast():
/home/norak/R&I/kxs-/train.py:169: FutureWarning: `torch.cuda.amp.autocast(args...)` is deprecated. Please use `torch.amp.autocast('cuda', args...)` instead.
  with torch.cuda.amp.autocast():
    epoch  5  train_loss=0.0436  val_loss=0.0435  val_qwk=0.6193  val_acc=0.5970
/home/norak/R&I/kxs-/train.py:148: FutureWarning: `torch.cuda.amp.autocast(args...)` is deprecated. Please use `torch.amp.autocast('cuda', args...)` instead.
  with torch.cuda.amp.autocast():
/home/norak/R&I/kxs-/train.py:169: FutureWarning: `torch.cuda.amp.autocast(args...)` is deprecated. Please use `torch.amp.autocast('cuda', args...)` instead.
  with torch.cuda.amp.autocast():
    epoch  6  train_loss=0.0448  val_loss=0.0377  val_qwk=0.6741  val_acc=0.5821
/home/norak/R&I/kxs-/train.py:148: FutureWarning: `torch.cuda.amp.autocast(args...)` is deprecated. Please use `torch.amp.autocast('cuda', args...)` instead.
  with torch.cuda.amp.autocast():
/home/norak/R&I/kxs-/train.py:169: FutureWarning: `torch.cuda.amp.autocast(args...)` is deprecated. Please use `torch.amp.autocast('cuda', args...)` instead.
  with torch.cuda.amp.autocast():
    epoch  7  train_loss=0.0353  val_loss=0.0352  val_qwk=0.7104  val_acc=0.6343
/home/norak/R&I/kxs-/train.py:148: FutureWarning: `torch.cuda.amp.autocast(args...)` is deprecated. Please use `torch.amp.autocast('cuda', args...)` instead.
  with torch.cuda.amp.autocast():
/home/norak/R&I/kxs-/train.py:169: FutureWarning: `torch.cuda.amp.autocast(args...)` is deprecated. Please use `torch.amp.autocast('cuda', args...)` instead.
  with torch.cuda.amp.autocast():
    epoch  8  train_loss=0.0360  val_loss=0.0341  val_qwk=0.7114  val_acc=0.6343
/home/norak/R&I/kxs-/train.py:148: FutureWarning: `torch.cuda.amp.autocast(args...)` is deprecated. Please use `torch.amp.autocast('cuda', args...)` instead.
  with torch.cuda.amp.autocast():
/home/norak/R&I/kxs-/train.py:169: FutureWarning: `torch.cuda.amp.autocast(args...)` is deprecated. Please use `torch.amp.autocast('cuda', args...)` instead.
  with torch.cuda.amp.autocast():
    epoch  9  train_loss=0.0310  val_loss=0.0393  val_qwk=0.7317  val_acc=0.7015
/home/norak/R&I/kxs-/train.py:148: FutureWarning: `torch.cuda.amp.autocast(args...)` is deprecated. Please use `torch.amp.autocast('cuda', args...)` instead.
  with torch.cuda.amp.autocast():
/home/norak/R&I/kxs-/train.py:169: FutureWarning: `torch.cuda.amp.autocast(args...)` is deprecated. Please use `torch.amp.autocast('cuda', args...)` instead.
  with torch.cuda.amp.autocast():
    epoch 10  train_loss=0.0294  val_loss=0.0357  val_qwk=0.7126  val_acc=0.5821
/home/norak/R&I/kxs-/train.py:148: FutureWarning: `torch.cuda.amp.autocast(args...)` is deprecated. Please use `torch.amp.autocast('cuda', args...)` instead.
  with torch.cuda.amp.autocast():
/home/norak/R&I/kxs-/train.py:169: FutureWarning: `torch.cuda.amp.autocast(args...)` is deprecated. Please use `torch.amp.autocast('cuda', args...)` instead.
  with torch.cuda.amp.autocast():
    epoch 11  train_loss=0.0262  val_loss=0.0325  val_qwk=0.7509  val_acc=0.6567
/home/norak/R&I/kxs-/train.py:148: FutureWarning: `torch.cuda.amp.autocast(args...)` is deprecated. Please use `torch.amp.autocast('cuda', args...)` instead.
  with torch.cuda.amp.autocast():
/home/norak/R&I/kxs-/train.py:169: FutureWarning: `torch.cuda.amp.autocast(args...)` is deprecated. Please use `torch.amp.autocast('cuda', args...)` instead.
  with torch.cuda.amp.autocast():
    epoch 12  train_loss=0.0235  val_loss=0.0293  val_qwk=0.7814  val_acc=0.6866
/home/norak/R&I/kxs-/train.py:148: FutureWarning: `torch.cuda.amp.autocast(args...)` is deprecated. Please use `torch.amp.autocast('cuda', args...)` instead.
  with torch.cuda.amp.autocast():
/home/norak/R&I/kxs-/train.py:169: FutureWarning: `torch.cuda.amp.autocast(args...)` is deprecated. Please use `torch.amp.autocast('cuda', args...)` instead.
  with torch.cuda.amp.autocast():
    epoch 13  train_loss=0.0247  val_loss=0.0301  val_qwk=0.7823  val_acc=0.6940
/home/norak/R&I/kxs-/train.py:148: FutureWarning: `torch.cuda.amp.autocast(args...)` is deprecated. Please use `torch.amp.autocast('cuda', args...)` instead.
  with torch.cuda.amp.autocast():
/home/norak/R&I/kxs-/train.py:169: FutureWarning: `torch.cuda.amp.autocast(args...)` is deprecated. Please use `torch.amp.autocast('cuda', args...)` instead.
  with torch.cuda.amp.autocast():
    epoch 14  train_loss=0.0209  val_loss=0.0344  val_qwk=0.7647  val_acc=0.6940
/home/norak/R&I/kxs-/train.py:148: FutureWarning: `torch.cuda.amp.autocast(args...)` is deprecated. Please use `torch.amp.autocast('cuda', args...)` instead.
  with torch.cuda.amp.autocast():
/home/norak/R&I/kxs-/train.py:169: FutureWarning: `torch.cuda.amp.autocast(args...)` is deprecated. Please use `torch.amp.autocast('cuda', args...)` instead.
  with torch.cuda.amp.autocast():
    epoch 15  train_loss=0.0186  val_loss=0.0334  val_qwk=0.7847  val_acc=0.7164
/home/norak/R&I/kxs-/train.py:148: FutureWarning: `torch.cuda.amp.autocast(args...)` is deprecated. Please use `torch.amp.autocast('cuda', args...)` instead.
  with torch.cuda.amp.autocast():
/home/norak/R&I/kxs-/train.py:169: FutureWarning: `torch.cuda.amp.autocast(args...)` is deprecated. Please use `torch.amp.autocast('cuda', args...)` instead.
  with torch.cuda.amp.autocast():
    epoch 16  train_loss=0.0173  val_loss=0.0340  val_qwk=0.7537  val_acc=0.6866
/home/norak/R&I/kxs-/train.py:148: FutureWarning: `torch.cuda.amp.autocast(args...)` is deprecated. Please use `torch.amp.autocast('cuda', args...)` instead.
  with torch.cuda.amp.autocast():
/home/norak/R&I/kxs-/train.py:169: FutureWarning: `torch.cuda.amp.autocast(args...)` is deprecated. Please use `torch.amp.autocast('cuda', args...)` instead.
  with torch.cuda.amp.autocast():
    epoch 17  train_loss=0.0150  val_loss=0.0332  val_qwk=0.7537  val_acc=0.6716
/home/norak/R&I/kxs-/train.py:148: FutureWarning: `torch.cuda.amp.autocast(args...)` is deprecated. Please use `torch.amp.autocast('cuda', args...)` instead.
  with torch.cuda.amp.autocast():
/home/norak/R&I/kxs-/train.py:169: FutureWarning: `torch.cuda.amp.autocast(args...)` is deprecated. Please use `torch.amp.autocast('cuda', args...)` instead.
  with torch.cuda.amp.autocast():
    epoch 18  train_loss=0.0145  val_loss=0.0351  val_qwk=0.7322  val_acc=0.6567
/home/norak/R&I/kxs-/train.py:148: FutureWarning: `torch.cuda.amp.autocast(args...)` is deprecated. Please use `torch.amp.autocast('cuda', args...)` instead.
  with torch.cuda.amp.autocast():
/home/norak/R&I/kxs-/train.py:169: FutureWarning: `torch.cuda.amp.autocast(args...)` is deprecated. Please use `torch.amp.autocast('cuda', args...)` instead.
  with torch.cuda.amp.autocast():
    epoch 19  train_loss=0.0155  val_loss=0.0369  val_qwk=0.7294  val_acc=0.6493
    early-stop at epoch 19 (best epoch=15, best_qwk=0.7847)
/home/norak/R&I/kxs-/train.py:169: FutureWarning: `torch.cuda.amp.autocast(args...)` is deprecated. Please use `torch.amp.autocast('cuda', args...)` instead.
  with torch.cuda.amp.autocast():
/home/norak/R&I/kxs-/train.py:169: FutureWarning: `torch.cuda.amp.autocast(args...)` is deprecated. Please use `torch.amp.autocast('cuda', args...)` instead.
  with torch.cuda.amp.autocast():
/home/norak/R&I/kxs-/train.py:169: FutureWarning: `torch.cuda.amp.autocast(args...)` is deprecated. Please use `torch.amp.autocast('cuda', args...)` instead.
  with torch.cuda.amp.autocast():
  [raw_qar_dual_xlmr                  ] train_qwk=0.8973 -> test_qwk=0.8005  raw_w1=0.7407  epoch=15  (117.3s)
Loading weights:   0%|          | 0/136 [00:00<?, ?it/s]Loading weights:  87%|████████▋ | 118/136 [00:00<00:00, 1157.44it/s]Loading weights: 100%|██████████| 136/136 [00:00<00:00, 1251.15it/s]
[transformers] [1mNewModel LOAD REPORT[0m from: Alibaba-NLP/gte-multilingual-base
Key               | Status     |  | 
------------------+------------+--+-
classifier.bias   | UNEXPECTED |  | 
classifier.weight | UNEXPECTED |  | 

Notes:
- UNEXPECTED:	can be ignored when loading from different task/architecture; not ok if you expect identical arch.
/home/norak/R&I/kxs-/train.py:206: FutureWarning: `torch.cuda.amp.GradScaler(args...)` is deprecated. Please use `torch.amp.GradScaler('cuda', args...)` instead.
  scaler = torch.cuda.amp.GradScaler() if use_amp and device == "cuda" else None
/home/norak/R&I/kxs-/train.py:148: FutureWarning: `torch.cuda.amp.autocast(args...)` is deprecated. Please use `torch.amp.autocast('cuda', args...)` instead.
  with torch.cuda.amp.autocast():
/home/norak/R&I/kxs-/train.py:169: FutureWarning: `torch.cuda.amp.autocast(args...)` is deprecated. Please use `torch.amp.autocast('cuda', args...)` instead.
  with torch.cuda.amp.autocast():
    epoch  1  train_loss=0.0726  val_loss=0.0491  val_qwk=0.5115  val_acc=0.4030
/home/norak/R&I/kxs-/train.py:148: FutureWarning: `torch.cuda.amp.autocast(args...)` is deprecated. Please use `torch.amp.autocast('cuda', args...)` instead.
  with torch.cuda.amp.autocast():
/home/norak/R&I/kxs-/train.py:169: FutureWarning: `torch.cuda.amp.autocast(args...)` is deprecated. Please use `torch.amp.autocast('cuda', args...)` instead.
  with torch.cuda.amp.autocast():
    epoch  2  train_loss=0.0443  val_loss=0.0394  val_qwk=0.6562  val_acc=0.5373
/home/norak/R&I/kxs-/train.py:148: FutureWarning: `torch.cuda.amp.autocast(args...)` is deprecated. Please use `torch.amp.autocast('cuda', args...)` instead.
  with torch.cuda.amp.autocast():
/home/norak/R&I/kxs-/train.py:169: FutureWarning: `torch.cuda.amp.autocast(args...)` is deprecated. Please use `torch.amp.autocast('cuda', args...)` instead.
  with torch.cuda.amp.autocast():
    epoch  3  train_loss=0.0352  val_loss=0.0347  val_qwk=0.7269  val_acc=0.6119
/home/norak/R&I/kxs-/train.py:148: FutureWarning: `torch.cuda.amp.autocast(args...)` is deprecated. Please use `torch.amp.autocast('cuda', args...)` instead.
  with torch.cuda.amp.autocast():
/home/norak/R&I/kxs-/train.py:169: FutureWarning: `torch.cuda.amp.autocast(args...)` is deprecated. Please use `torch.amp.autocast('cuda', args...)` instead.
  with torch.cuda.amp.autocast():
    epoch  4  train_loss=0.0276  val_loss=0.0332  val_qwk=0.7574  val_acc=0.7164
/home/norak/R&I/kxs-/train.py:148: FutureWarning: `torch.cuda.amp.autocast(args...)` is deprecated. Please use `torch.amp.autocast('cuda', args...)` instead.
  with torch.cuda.amp.autocast():
/home/norak/R&I/kxs-/train.py:169: FutureWarning: `torch.cuda.amp.autocast(args...)` is deprecated. Please use `torch.amp.autocast('cuda', args...)` instead.
  with torch.cuda.amp.autocast():
    epoch  5  train_loss=0.0227  val_loss=0.0407  val_qwk=0.7795  val_acc=0.7164
/home/norak/R&I/kxs-/train.py:148: FutureWarning: `torch.cuda.amp.autocast(args...)` is deprecated. Please use `torch.amp.autocast('cuda', args...)` instead.
  with torch.cuda.amp.autocast():
/home/norak/R&I/kxs-/train.py:169: FutureWarning: `torch.cuda.amp.autocast(args...)` is deprecated. Please use `torch.amp.autocast('cuda', args...)` instead.
  with torch.cuda.amp.autocast():
    epoch  6  train_loss=0.0235  val_loss=0.0355  val_qwk=0.7892  val_acc=0.7090
/home/norak/R&I/kxs-/train.py:148: FutureWarning: `torch.cuda.amp.autocast(args...)` is deprecated. Please use `torch.amp.autocast('cuda', args...)` instead.
  with torch.cuda.amp.autocast():
/home/norak/R&I/kxs-/train.py:169: FutureWarning: `torch.cuda.amp.autocast(args...)` is deprecated. Please use `torch.amp.autocast('cuda', args...)` instead.
  with torch.cuda.amp.autocast():
    epoch  7  train_loss=0.0184  val_loss=0.0269  val_qwk=0.8194  val_acc=0.7612
/home/norak/R&I/kxs-/train.py:148: FutureWarning: `torch.cuda.amp.autocast(args...)` is deprecated. Please use `torch.amp.autocast('cuda', args...)` instead.
  with torch.cuda.amp.autocast():
/home/norak/R&I/kxs-/train.py:169: FutureWarning: `torch.cuda.amp.autocast(args...)` is deprecated. Please use `torch.amp.autocast('cuda', args...)` instead.
  with torch.cuda.amp.autocast():
    epoch  8  train_loss=0.0152  val_loss=0.0291  val_qwk=0.7912  val_acc=0.7388
/home/norak/R&I/kxs-/train.py:148: FutureWarning: `torch.cuda.amp.autocast(args...)` is deprecated. Please use `torch.amp.autocast('cuda', args...)` instead.
  with torch.cuda.amp.autocast():
/home/norak/R&I/kxs-/train.py:169: FutureWarning: `torch.cuda.amp.autocast(args...)` is deprecated. Please use `torch.amp.autocast('cuda', args...)` instead.
  with torch.cuda.amp.autocast():
    epoch  9  train_loss=0.0146  val_loss=0.0286  val_qwk=0.8200  val_acc=0.7463
/home/norak/R&I/kxs-/train.py:148: FutureWarning: `torch.cuda.amp.autocast(args...)` is deprecated. Please use `torch.amp.autocast('cuda', args...)` instead.
  with torch.cuda.amp.autocast():
/home/norak/R&I/kxs-/train.py:169: FutureWarning: `torch.cuda.amp.autocast(args...)` is deprecated. Please use `torch.amp.autocast('cuda', args...)` instead.
  with torch.cuda.amp.autocast():
    epoch 10  train_loss=0.0118  val_loss=0.0304  val_qwk=0.8038  val_acc=0.7313
/home/norak/R&I/kxs-/train.py:148: FutureWarning: `torch.cuda.amp.autocast(args...)` is deprecated. Please use `torch.amp.autocast('cuda', args...)` instead.
  with torch.cuda.amp.autocast():
/home/norak/R&I/kxs-/train.py:169: FutureWarning: `torch.cuda.amp.autocast(args...)` is deprecated. Please use `torch.amp.autocast('cuda', args...)` instead.
  with torch.cuda.amp.autocast():
    epoch 11  train_loss=0.0104  val_loss=0.0302  val_qwk=0.7872  val_acc=0.7164
/home/norak/R&I/kxs-/train.py:148: FutureWarning: `torch.cuda.amp.autocast(args...)` is deprecated. Please use `torch.amp.autocast('cuda', args...)` instead.
  with torch.cuda.amp.autocast():
/home/norak/R&I/kxs-/train.py:169: FutureWarning: `torch.cuda.amp.autocast(args...)` is deprecated. Please use `torch.amp.autocast('cuda', args...)` instead.
  with torch.cuda.amp.autocast():
    epoch 12  train_loss=0.0088  val_loss=0.0308  val_qwk=0.7861  val_acc=0.6940
/home/norak/R&I/kxs-/train.py:148: FutureWarning: `torch.cuda.amp.autocast(args...)` is deprecated. Please use `torch.amp.autocast('cuda', args...)` instead.
  with torch.cuda.amp.autocast():
/home/norak/R&I/kxs-/train.py:169: FutureWarning: `torch.cuda.amp.autocast(args...)` is deprecated. Please use `torch.amp.autocast('cuda', args...)` instead.
  with torch.cuda.amp.autocast():
    epoch 13  train_loss=0.0106  val_loss=0.0309  val_qwk=0.7977  val_acc=0.7687
    early-stop at epoch 13 (best epoch=9, best_qwk=0.8200)
/home/norak/R&I/kxs-/train.py:169: FutureWarning: `torch.cuda.amp.autocast(args...)` is deprecated. Please use `torch.amp.autocast('cuda', args...)` instead.
  with torch.cuda.amp.autocast():
/home/norak/R&I/kxs-/train.py:169: FutureWarning: `torch.cuda.amp.autocast(args...)` is deprecated. Please use `torch.amp.autocast('cuda', args...)` instead.
  with torch.cuda.amp.autocast():
/home/norak/R&I/kxs-/train.py:169: FutureWarning: `torch.cuda.amp.autocast(args...)` is deprecated. Please use `torch.amp.autocast('cuda', args...)` instead.
  with torch.cuda.amp.autocast():
  [raw_qar_dual_gte                   ] train_qwk=0.9027 -> test_qwk=0.8063  raw_w1=0.7926  epoch=9  (98.5s)
Loading weights:   0%|          | 0/199 [00:00<?, ?it/s]Loading weights: 100%|██████████| 199/199 [00:00<00:00, 3421.98it/s]
[transformers] [1mBertModel LOAD REPORT[0m from: bert-base-multilingual-cased
Key                                        | Status     |  | 
-------------------------------------------+------------+--+-
cls.predictions.transform.dense.weight     | UNEXPECTED |  | 
cls.seq_relationship.weight                | UNEXPECTED |  | 
cls.seq_relationship.bias                  | UNEXPECTED |  | 
cls.predictions.transform.LayerNorm.bias   | UNEXPECTED |  | 
cls.predictions.bias                       | UNEXPECTED |  | 
cls.predictions.transform.dense.bias       | UNEXPECTED |  | 
cls.predictions.transform.LayerNorm.weight | UNEXPECTED |  | 

Notes:
- UNEXPECTED:	can be ignored when loading from different task/architecture; not ok if you expect identical arch.
/home/norak/R&I/kxs-/train.py:206: FutureWarning: `torch.cuda.amp.GradScaler(args...)` is deprecated. Please use `torch.amp.GradScaler('cuda', args...)` instead.
  scaler = torch.cuda.amp.GradScaler() if use_amp and device == "cuda" else None
/home/norak/R&I/kxs-/train.py:148: FutureWarning: `torch.cuda.amp.autocast(args...)` is deprecated. Please use `torch.amp.autocast('cuda', args...)` instead.
  with torch.cuda.amp.autocast():
/home/norak/R&I/kxs-/train.py:169: FutureWarning: `torch.cuda.amp.autocast(args...)` is deprecated. Please use `torch.amp.autocast('cuda', args...)` instead.
  with torch.cuda.amp.autocast():
    epoch  1  train_loss=0.0774  val_loss=0.0651  val_qwk=0.4343  val_acc=0.3881
/home/norak/R&I/kxs-/train.py:148: FutureWarning: `torch.cuda.amp.autocast(args...)` is deprecated. Please use `torch.amp.autocast('cuda', args...)` instead.
  with torch.cuda.amp.autocast():
/home/norak/R&I/kxs-/train.py:169: FutureWarning: `torch.cuda.amp.autocast(args...)` is deprecated. Please use `torch.amp.autocast('cuda', args...)` instead.
  with torch.cuda.amp.autocast():
    epoch  2  train_loss=0.0612  val_loss=0.0562  val_qwk=0.3775  val_acc=0.2761
/home/norak/R&I/kxs-/train.py:148: FutureWarning: `torch.cuda.amp.autocast(args...)` is deprecated. Please use `torch.amp.autocast('cuda', args...)` instead.
  with torch.cuda.amp.autocast():
/home/norak/R&I/kxs-/train.py:169: FutureWarning: `torch.cuda.amp.autocast(args...)` is deprecated. Please use `torch.amp.autocast('cuda', args...)` instead.
  with torch.cuda.amp.autocast():
    epoch  3  train_loss=0.0539  val_loss=0.0477  val_qwk=0.5152  val_acc=0.3582
/home/norak/R&I/kxs-/train.py:148: FutureWarning: `torch.cuda.amp.autocast(args...)` is deprecated. Please use `torch.amp.autocast('cuda', args...)` instead.
  with torch.cuda.amp.autocast():
/home/norak/R&I/kxs-/train.py:169: FutureWarning: `torch.cuda.amp.autocast(args...)` is deprecated. Please use `torch.amp.autocast('cuda', args...)` instead.
  with torch.cuda.amp.autocast():
    epoch  4  train_loss=0.0500  val_loss=0.0473  val_qwk=0.6219  val_acc=0.5149
/home/norak/R&I/kxs-/train.py:148: FutureWarning: `torch.cuda.amp.autocast(args...)` is deprecated. Please use `torch.amp.autocast('cuda', args...)` instead.
  with torch.cuda.amp.autocast():
/home/norak/R&I/kxs-/train.py:169: FutureWarning: `torch.cuda.amp.autocast(args...)` is deprecated. Please use `torch.amp.autocast('cuda', args...)` instead.
  with torch.cuda.amp.autocast():
    epoch  5  train_loss=0.0435  val_loss=0.0514  val_qwk=0.5868  val_acc=0.5597
/home/norak/R&I/kxs-/train.py:148: FutureWarning: `torch.cuda.amp.autocast(args...)` is deprecated. Please use `torch.amp.autocast('cuda', args...)` instead.
  with torch.cuda.amp.autocast():
/home/norak/R&I/kxs-/train.py:169: FutureWarning: `torch.cuda.amp.autocast(args...)` is deprecated. Please use `torch.amp.autocast('cuda', args...)` instead.
  with torch.cuda.amp.autocast():
    epoch  6  train_loss=0.0468  val_loss=0.0494  val_qwk=0.6005  val_acc=0.5373
/home/norak/R&I/kxs-/train.py:148: FutureWarning: `torch.cuda.amp.autocast(args...)` is deprecated. Please use `torch.amp.autocast('cuda', args...)` instead.
  with torch.cuda.amp.autocast():
/home/norak/R&I/kxs-/train.py:169: FutureWarning: `torch.cuda.amp.autocast(args...)` is deprecated. Please use `torch.amp.autocast('cuda', args...)` instead.
  with torch.cuda.amp.autocast():
    epoch  7  train_loss=0.0378  val_loss=0.0552  val_qwk=0.5344  val_acc=0.3881
/home/norak/R&I/kxs-/train.py:148: FutureWarning: `torch.cuda.amp.autocast(args...)` is deprecated. Please use `torch.amp.autocast('cuda', args...)` instead.
  with torch.cuda.amp.autocast():
/home/norak/R&I/kxs-/train.py:169: FutureWarning: `torch.cuda.amp.autocast(args...)` is deprecated. Please use `torch.amp.autocast('cuda', args...)` instead.
  with torch.cuda.amp.autocast():
    epoch  8  train_loss=0.0382  val_loss=0.0492  val_qwk=0.5819  val_acc=0.5746
    early-stop at epoch 8 (best epoch=4, best_qwk=0.6219)
/home/norak/R&I/kxs-/train.py:169: FutureWarning: `torch.cuda.amp.autocast(args...)` is deprecated. Please use `torch.amp.autocast('cuda', args...)` instead.
  with torch.cuda.amp.autocast():
/home/norak/R&I/kxs-/train.py:169: FutureWarning: `torch.cuda.amp.autocast(args...)` is deprecated. Please use `torch.amp.autocast('cuda', args...)` instead.
  with torch.cuda.amp.autocast():
/home/norak/R&I/kxs-/train.py:169: FutureWarning: `torch.cuda.amp.autocast(args...)` is deprecated. Please use `torch.amp.autocast('cuda', args...)` instead.
  with torch.cuda.amp.autocast():
  [raw_qar_cross_mbert                ] train_qwk=0.6647 -> test_qwk=0.6130  raw_w1=0.5926  epoch=4  (33.5s)
Loading weights:   0%|          | 0/199 [00:00<?, ?it/s]Loading weights: 100%|██████████| 199/199 [00:00<00:00, 2884.93it/s]
[transformers] [1mXLMRobertaModel LOAD REPORT[0m from: xlm-roberta-base
Key                       | Status     |  | 
--------------------------+------------+--+-
lm_head.dense.weight      | UNEXPECTED |  | 
lm_head.layer_norm.weight | UNEXPECTED |  | 
lm_head.dense.bias        | UNEXPECTED |  | 
lm_head.layer_norm.bias   | UNEXPECTED |  | 
lm_head.bias              | UNEXPECTED |  | 

Notes:
- UNEXPECTED:	can be ignored when loading from different task/architecture; not ok if you expect identical arch.
/home/norak/R&I/kxs-/train.py:206: FutureWarning: `torch.cuda.amp.GradScaler(args...)` is deprecated. Please use `torch.amp.GradScaler('cuda', args...)` instead.
  scaler = torch.cuda.amp.GradScaler() if use_amp and device == "cuda" else None
/home/norak/R&I/kxs-/train.py:148: FutureWarning: `torch.cuda.amp.autocast(args...)` is deprecated. Please use `torch.amp.autocast('cuda', args...)` instead.
  with torch.cuda.amp.autocast():
/home/norak/R&I/kxs-/train.py:169: FutureWarning: `torch.cuda.amp.autocast(args...)` is deprecated. Please use `torch.amp.autocast('cuda', args...)` instead.
  with torch.cuda.amp.autocast():
    epoch  1  train_loss=0.0875  val_loss=0.0681  val_qwk=0.1041  val_acc=0.2910
/home/norak/R&I/kxs-/train.py:148: FutureWarning: `torch.cuda.amp.autocast(args...)` is deprecated. Please use `torch.amp.autocast('cuda', args...)` instead.
  with torch.cuda.amp.autocast():
/home/norak/R&I/kxs-/train.py:169: FutureWarning: `torch.cuda.amp.autocast(args...)` is deprecated. Please use `torch.amp.autocast('cuda', args...)` instead.
  with torch.cuda.amp.autocast():
    epoch  2  train_loss=0.0644  val_loss=0.0518  val_qwk=0.4977  val_acc=0.3731
/home/norak/R&I/kxs-/train.py:148: FutureWarning: `torch.cuda.amp.autocast(args...)` is deprecated. Please use `torch.amp.autocast('cuda', args...)` instead.
  with torch.cuda.amp.autocast():
/home/norak/R&I/kxs-/train.py:169: FutureWarning: `torch.cuda.amp.autocast(args...)` is deprecated. Please use `torch.amp.autocast('cuda', args...)` instead.
  with torch.cuda.amp.autocast():
    epoch  3  train_loss=0.0605  val_loss=0.0528  val_qwk=0.5758  val_acc=0.4776
/home/norak/R&I/kxs-/train.py:148: FutureWarning: `torch.cuda.amp.autocast(args...)` is deprecated. Please use `torch.amp.autocast('cuda', args...)` instead.
  with torch.cuda.amp.autocast():
/home/norak/R&I/kxs-/train.py:169: FutureWarning: `torch.cuda.amp.autocast(args...)` is deprecated. Please use `torch.amp.autocast('cuda', args...)` instead.
  with torch.cuda.amp.autocast():
    epoch  4  train_loss=0.0530  val_loss=0.0466  val_qwk=0.6028  val_acc=0.5522
/home/norak/R&I/kxs-/train.py:148: FutureWarning: `torch.cuda.amp.autocast(args...)` is deprecated. Please use `torch.amp.autocast('cuda', args...)` instead.
  with torch.cuda.amp.autocast():
/home/norak/R&I/kxs-/train.py:169: FutureWarning: `torch.cuda.amp.autocast(args...)` is deprecated. Please use `torch.amp.autocast('cuda', args...)` instead.
  with torch.cuda.amp.autocast():
    epoch  5  train_loss=0.0474  val_loss=0.0504  val_qwk=0.5704  val_acc=0.5075
/home/norak/R&I/kxs-/train.py:148: FutureWarning: `torch.cuda.amp.autocast(args...)` is deprecated. Please use `torch.amp.autocast('cuda', args...)` instead.
  with torch.cuda.amp.autocast():
/home/norak/R&I/kxs-/train.py:169: FutureWarning: `torch.cuda.amp.autocast(args...)` is deprecated. Please use `torch.amp.autocast('cuda', args...)` instead.
  with torch.cuda.amp.autocast():
    epoch  6  train_loss=0.0477  val_loss=0.0457  val_qwk=0.6245  val_acc=0.5000
/home/norak/R&I/kxs-/train.py:148: FutureWarning: `torch.cuda.amp.autocast(args...)` is deprecated. Please use `torch.amp.autocast('cuda', args...)` instead.
  with torch.cuda.amp.autocast():
/home/norak/R&I/kxs-/train.py:169: FutureWarning: `torch.cuda.amp.autocast(args...)` is deprecated. Please use `torch.amp.autocast('cuda', args...)` instead.
  with torch.cuda.amp.autocast():
    epoch  7  train_loss=0.0455  val_loss=0.0478  val_qwk=0.4986  val_acc=0.3433
/home/norak/R&I/kxs-/train.py:148: FutureWarning: `torch.cuda.amp.autocast(args...)` is deprecated. Please use `torch.amp.autocast('cuda', args...)` instead.
  with torch.cuda.amp.autocast():
/home/norak/R&I/kxs-/train.py:169: FutureWarning: `torch.cuda.amp.autocast(args...)` is deprecated. Please use `torch.amp.autocast('cuda', args...)` instead.
  with torch.cuda.amp.autocast():
    epoch  8  train_loss=0.0395  val_loss=0.0402  val_qwk=0.6835  val_acc=0.5821
/home/norak/R&I/kxs-/train.py:148: FutureWarning: `torch.cuda.amp.autocast(args...)` is deprecated. Please use `torch.amp.autocast('cuda', args...)` instead.
  with torch.cuda.amp.autocast():
/home/norak/R&I/kxs-/train.py:169: FutureWarning: `torch.cuda.amp.autocast(args...)` is deprecated. Please use `torch.amp.autocast('cuda', args...)` instead.
  with torch.cuda.amp.autocast():
    epoch  9  train_loss=0.0368  val_loss=0.0413  val_qwk=0.6244  val_acc=0.5448
/home/norak/R&I/kxs-/train.py:148: FutureWarning: `torch.cuda.amp.autocast(args...)` is deprecated. Please use `torch.amp.autocast('cuda', args...)` instead.
  with torch.cuda.amp.autocast():
/home/norak/R&I/kxs-/train.py:169: FutureWarning: `torch.cuda.amp.autocast(args...)` is deprecated. Please use `torch.amp.autocast('cuda', args...)` instead.
  with torch.cuda.amp.autocast():
    epoch 10  train_loss=0.0390  val_loss=0.0385  val_qwk=0.6648  val_acc=0.5522
/home/norak/R&I/kxs-/train.py:148: FutureWarning: `torch.cuda.amp.autocast(args...)` is deprecated. Please use `torch.amp.autocast('cuda', args...)` instead.
  with torch.cuda.amp.autocast():
/home/norak/R&I/kxs-/train.py:169: FutureWarning: `torch.cuda.amp.autocast(args...)` is deprecated. Please use `torch.amp.autocast('cuda', args...)` instead.
  with torch.cuda.amp.autocast():
    epoch 11  train_loss=0.0339  val_loss=0.0371  val_qwk=0.6884  val_acc=0.6045
/home/norak/R&I/kxs-/train.py:148: FutureWarning: `torch.cuda.amp.autocast(args...)` is deprecated. Please use `torch.amp.autocast('cuda', args...)` instead.
  with torch.cuda.amp.autocast():
/home/norak/R&I/kxs-/train.py:169: FutureWarning: `torch.cuda.amp.autocast(args...)` is deprecated. Please use `torch.amp.autocast('cuda', args...)` instead.
  with torch.cuda.amp.autocast():
    epoch 12  train_loss=0.0321  val_loss=0.0352  val_qwk=0.6885  val_acc=0.5970
/home/norak/R&I/kxs-/train.py:148: FutureWarning: `torch.cuda.amp.autocast(args...)` is deprecated. Please use `torch.amp.autocast('cuda', args...)` instead.
  with torch.cuda.amp.autocast():
/home/norak/R&I/kxs-/train.py:169: FutureWarning: `torch.cuda.amp.autocast(args...)` is deprecated. Please use `torch.amp.autocast('cuda', args...)` instead.
  with torch.cuda.amp.autocast():
    epoch 13  train_loss=0.0257  val_loss=0.0373  val_qwk=0.7657  val_acc=0.7164
/home/norak/R&I/kxs-/train.py:148: FutureWarning: `torch.cuda.amp.autocast(args...)` is deprecated. Please use `torch.amp.autocast('cuda', args...)` instead.
  with torch.cuda.amp.autocast():
/home/norak/R&I/kxs-/train.py:169: FutureWarning: `torch.cuda.amp.autocast(args...)` is deprecated. Please use `torch.amp.autocast('cuda', args...)` instead.
  with torch.cuda.amp.autocast():
    epoch 14  train_loss=0.0238  val_loss=0.0349  val_qwk=0.7642  val_acc=0.7239
/home/norak/R&I/kxs-/train.py:148: FutureWarning: `torch.cuda.amp.autocast(args...)` is deprecated. Please use `torch.amp.autocast('cuda', args...)` instead.
  with torch.cuda.amp.autocast():
/home/norak/R&I/kxs-/train.py:169: FutureWarning: `torch.cuda.amp.autocast(args...)` is deprecated. Please use `torch.amp.autocast('cuda', args...)` instead.
  with torch.cuda.amp.autocast():
    epoch 15  train_loss=0.0218  val_loss=0.0292  val_qwk=0.7975  val_acc=0.7015
/home/norak/R&I/kxs-/train.py:148: FutureWarning: `torch.cuda.amp.autocast(args...)` is deprecated. Please use `torch.amp.autocast('cuda', args...)` instead.
  with torch.cuda.amp.autocast():
/home/norak/R&I/kxs-/train.py:169: FutureWarning: `torch.cuda.amp.autocast(args...)` is deprecated. Please use `torch.amp.autocast('cuda', args...)` instead.
  with torch.cuda.amp.autocast():
    epoch 16  train_loss=0.0211  val_loss=0.0352  val_qwk=0.7796  val_acc=0.7388
/home/norak/R&I/kxs-/train.py:148: FutureWarning: `torch.cuda.amp.autocast(args...)` is deprecated. Please use `torch.amp.autocast('cuda', args...)` instead.
  with torch.cuda.amp.autocast():
/home/norak/R&I/kxs-/train.py:169: FutureWarning: `torch.cuda.amp.autocast(args...)` is deprecated. Please use `torch.amp.autocast('cuda', args...)` instead.
  with torch.cuda.amp.autocast():
    epoch 17  train_loss=0.0184  val_loss=0.0294  val_qwk=0.7810  val_acc=0.7015
/home/norak/R&I/kxs-/train.py:148: FutureWarning: `torch.cuda.amp.autocast(args...)` is deprecated. Please use `torch.amp.autocast('cuda', args...)` instead.
  with torch.cuda.amp.autocast():
/home/norak/R&I/kxs-/train.py:169: FutureWarning: `torch.cuda.amp.autocast(args...)` is deprecated. Please use `torch.amp.autocast('cuda', args...)` instead.
  with torch.cuda.amp.autocast():
    epoch 18  train_loss=0.0187  val_loss=0.0312  val_qwk=0.7776  val_acc=0.6940
/home/norak/R&I/kxs-/train.py:148: FutureWarning: `torch.cuda.amp.autocast(args...)` is deprecated. Please use `torch.amp.autocast('cuda', args...)` instead.
  with torch.cuda.amp.autocast():
/home/norak/R&I/kxs-/train.py:169: FutureWarning: `torch.cuda.amp.autocast(args...)` is deprecated. Please use `torch.amp.autocast('cuda', args...)` instead.
  with torch.cuda.amp.autocast():
    epoch 19  train_loss=0.0182  val_loss=0.0338  val_qwk=0.8073  val_acc=0.7463
/home/norak/R&I/kxs-/train.py:148: FutureWarning: `torch.cuda.amp.autocast(args...)` is deprecated. Please use `torch.amp.autocast('cuda', args...)` instead.
  with torch.cuda.amp.autocast():
/home/norak/R&I/kxs-/train.py:169: FutureWarning: `torch.cuda.amp.autocast(args...)` is deprecated. Please use `torch.amp.autocast('cuda', args...)` instead.
  with torch.cuda.amp.autocast():
    epoch 20  train_loss=0.0170  val_loss=0.0326  val_qwk=0.7803  val_acc=0.7164
/home/norak/R&I/kxs-/train.py:169: FutureWarning: `torch.cuda.amp.autocast(args...)` is deprecated. Please use `torch.amp.autocast('cuda', args...)` instead.
  with torch.cuda.amp.autocast():
/home/norak/R&I/kxs-/train.py:169: FutureWarning: `torch.cuda.amp.autocast(args...)` is deprecated. Please use `torch.amp.autocast('cuda', args...)` instead.
  with torch.cuda.amp.autocast():
/home/norak/R&I/kxs-/train.py:169: FutureWarning: `torch.cuda.amp.autocast(args...)` is deprecated. Please use `torch.amp.autocast('cuda', args...)` instead.
  with torch.cuda.amp.autocast():
  [raw_qar_cross_xlmr                 ] train_qwk=0.9185 -> test_qwk=0.7889  raw_w1=0.7704  epoch=19  (82.3s)
Loading weights:   0%|          | 0/136 [00:00<?, ?it/s]Loading weights:  82%|████████▏ | 112/136 [00:00<00:00, 1108.40it/s]Loading weights: 100%|██████████| 136/136 [00:00<00:00, 1257.17it/s]
[transformers] [1mNewModel LOAD REPORT[0m from: Alibaba-NLP/gte-multilingual-base
Key               | Status     |  | 
------------------+------------+--+-
classifier.bias   | UNEXPECTED |  | 
classifier.weight | UNEXPECTED |  | 

Notes:
- UNEXPECTED:	can be ignored when loading from different task/architecture; not ok if you expect identical arch.
/home/norak/R&I/kxs-/train.py:206: FutureWarning: `torch.cuda.amp.GradScaler(args...)` is deprecated. Please use `torch.amp.GradScaler('cuda', args...)` instead.
  scaler = torch.cuda.amp.GradScaler() if use_amp and device == "cuda" else None
/home/norak/R&I/kxs-/train.py:148: FutureWarning: `torch.cuda.amp.autocast(args...)` is deprecated. Please use `torch.amp.autocast('cuda', args...)` instead.
  with torch.cuda.amp.autocast():
/home/norak/R&I/kxs-/train.py:169: FutureWarning: `torch.cuda.amp.autocast(args...)` is deprecated. Please use `torch.amp.autocast('cuda', args...)` instead.
  with torch.cuda.amp.autocast():
    epoch  1  train_loss=0.0740  val_loss=0.0533  val_qwk=0.5012  val_acc=0.3433
/home/norak/R&I/kxs-/train.py:148: FutureWarning: `torch.cuda.amp.autocast(args...)` is deprecated. Please use `torch.amp.autocast('cuda', args...)` instead.
  with torch.cuda.amp.autocast():
/home/norak/R&I/kxs-/train.py:169: FutureWarning: `torch.cuda.amp.autocast(args...)` is deprecated. Please use `torch.amp.autocast('cuda', args...)` instead.
  with torch.cuda.amp.autocast():
    epoch  2  train_loss=0.0501  val_loss=0.0505  val_qwk=0.5203  val_acc=0.4403
/home/norak/R&I/kxs-/train.py:148: FutureWarning: `torch.cuda.amp.autocast(args...)` is deprecated. Please use `torch.amp.autocast('cuda', args...)` instead.
  with torch.cuda.amp.autocast():
/home/norak/R&I/kxs-/train.py:169: FutureWarning: `torch.cuda.amp.autocast(args...)` is deprecated. Please use `torch.amp.autocast('cuda', args...)` instead.
  with torch.cuda.amp.autocast():
    epoch  3  train_loss=0.0455  val_loss=0.0479  val_qwk=0.5501  val_acc=0.5000
/home/norak/R&I/kxs-/train.py:148: FutureWarning: `torch.cuda.amp.autocast(args...)` is deprecated. Please use `torch.amp.autocast('cuda', args...)` instead.
  with torch.cuda.amp.autocast():
/home/norak/R&I/kxs-/train.py:169: FutureWarning: `torch.cuda.amp.autocast(args...)` is deprecated. Please use `torch.amp.autocast('cuda', args...)` instead.
  with torch.cuda.amp.autocast():
    epoch  4  train_loss=0.0408  val_loss=0.0457  val_qwk=0.6045  val_acc=0.5522
/home/norak/R&I/kxs-/train.py:148: FutureWarning: `torch.cuda.amp.autocast(args...)` is deprecated. Please use `torch.amp.autocast('cuda', args...)` instead.
  with torch.cuda.amp.autocast():
/home/norak/R&I/kxs-/train.py:169: FutureWarning: `torch.cuda.amp.autocast(args...)` is deprecated. Please use `torch.amp.autocast('cuda', args...)` instead.
  with torch.cuda.amp.autocast():
    epoch  5  train_loss=0.0353  val_loss=0.0402  val_qwk=0.6560  val_acc=0.5970
/home/norak/R&I/kxs-/train.py:148: FutureWarning: `torch.cuda.amp.autocast(args...)` is deprecated. Please use `torch.amp.autocast('cuda', args...)` instead.
  with torch.cuda.amp.autocast():
/home/norak/R&I/kxs-/train.py:169: FutureWarning: `torch.cuda.amp.autocast(args...)` is deprecated. Please use `torch.amp.autocast('cuda', args...)` instead.
  with torch.cuda.amp.autocast():
    epoch  6  train_loss=0.0297  val_loss=0.0413  val_qwk=0.6840  val_acc=0.6269
/home/norak/R&I/kxs-/train.py:148: FutureWarning: `torch.cuda.amp.autocast(args...)` is deprecated. Please use `torch.amp.autocast('cuda', args...)` instead.
  with torch.cuda.amp.autocast():
/home/norak/R&I/kxs-/train.py:169: FutureWarning: `torch.cuda.amp.autocast(args...)` is deprecated. Please use `torch.amp.autocast('cuda', args...)` instead.
  with torch.cuda.amp.autocast():
    epoch  7  train_loss=0.0246  val_loss=0.0421  val_qwk=0.7151  val_acc=0.6716
/home/norak/R&I/kxs-/train.py:148: FutureWarning: `torch.cuda.amp.autocast(args...)` is deprecated. Please use `torch.amp.autocast('cuda', args...)` instead.
  with torch.cuda.amp.autocast():
/home/norak/R&I/kxs-/train.py:169: FutureWarning: `torch.cuda.amp.autocast(args...)` is deprecated. Please use `torch.amp.autocast('cuda', args...)` instead.
  with torch.cuda.amp.autocast():
    epoch  8  train_loss=0.0213  val_loss=0.0403  val_qwk=0.7693  val_acc=0.7388
/home/norak/R&I/kxs-/train.py:148: FutureWarning: `torch.cuda.amp.autocast(args...)` is deprecated. Please use `torch.amp.autocast('cuda', args...)` instead.
  with torch.cuda.amp.autocast():
/home/norak/R&I/kxs-/train.py:169: FutureWarning: `torch.cuda.amp.autocast(args...)` is deprecated. Please use `torch.amp.autocast('cuda', args...)` instead.
  with torch.cuda.amp.autocast():
    epoch  9  train_loss=0.0181  val_loss=0.0421  val_qwk=0.7229  val_acc=0.6866
/home/norak/R&I/kxs-/train.py:148: FutureWarning: `torch.cuda.amp.autocast(args...)` is deprecated. Please use `torch.amp.autocast('cuda', args...)` instead.
  with torch.cuda.amp.autocast():
/home/norak/R&I/kxs-/train.py:169: FutureWarning: `torch.cuda.amp.autocast(args...)` is deprecated. Please use `torch.amp.autocast('cuda', args...)` instead.
  with torch.cuda.amp.autocast():
    epoch 10  train_loss=0.0161  val_loss=0.0463  val_qwk=0.7127  val_acc=0.7015
/home/norak/R&I/kxs-/train.py:148: FutureWarning: `torch.cuda.amp.autocast(args...)` is deprecated. Please use `torch.amp.autocast('cuda', args...)` instead.
  with torch.cuda.amp.autocast():
/home/norak/R&I/kxs-/train.py:169: FutureWarning: `torch.cuda.amp.autocast(args...)` is deprecated. Please use `torch.amp.autocast('cuda', args...)` instead.
  with torch.cuda.amp.autocast():
    epoch 11  train_loss=0.0163  val_loss=0.0386  val_qwk=0.7367  val_acc=0.6716
/home/norak/R&I/kxs-/train.py:148: FutureWarning: `torch.cuda.amp.autocast(args...)` is deprecated. Please use `torch.amp.autocast('cuda', args...)` instead.
  with torch.cuda.amp.autocast():
/home/norak/R&I/kxs-/train.py:169: FutureWarning: `torch.cuda.amp.autocast(args...)` is deprecated. Please use `torch.amp.autocast('cuda', args...)` instead.
  with torch.cuda.amp.autocast():
    epoch 12  train_loss=0.0138  val_loss=0.0392  val_qwk=0.7374  val_acc=0.6642
    early-stop at epoch 12 (best epoch=8, best_qwk=0.7693)
/home/norak/R&I/kxs-/train.py:169: FutureWarning: `torch.cuda.amp.autocast(args...)` is deprecated. Please use `torch.amp.autocast('cuda', args...)` instead.
  with torch.cuda.amp.autocast():
/home/norak/R&I/kxs-/train.py:169: FutureWarning: `torch.cuda.amp.autocast(args...)` is deprecated. Please use `torch.amp.autocast('cuda', args...)` instead.
  with torch.cuda.amp.autocast():
/home/norak/R&I/kxs-/train.py:169: FutureWarning: `torch.cuda.amp.autocast(args...)` is deprecated. Please use `torch.amp.autocast('cuda', args...)` instead.
  with torch.cuda.amp.autocast():
  [raw_qar_cross_gte                  ] train_qwk=0.8670 -> test_qwk=0.7880  raw_w1=0.7481  epoch=8  (63.5s)
Loading weights:   0%|          | 0/199 [00:00<?, ?it/s]Loading weights: 100%|██████████| 199/199 [00:00<00:00, 2923.01it/s]
[transformers] [1mBertModel LOAD REPORT[0m from: bert-base-multilingual-cased
Key                                        | Status     |  | 
-------------------------------------------+------------+--+-
cls.predictions.transform.dense.weight     | UNEXPECTED |  | 
cls.seq_relationship.weight                | UNEXPECTED |  | 
cls.seq_relationship.bias                  | UNEXPECTED |  | 
cls.predictions.transform.LayerNorm.bias   | UNEXPECTED |  | 
cls.predictions.bias                       | UNEXPECTED |  | 
cls.predictions.transform.dense.bias       | UNEXPECTED |  | 
cls.predictions.transform.LayerNorm.weight | UNEXPECTED |  | 

Notes:
- UNEXPECTED:	can be ignored when loading from different task/architecture; not ok if you expect identical arch.
/home/norak/R&I/kxs-/train.py:206: FutureWarning: `torch.cuda.amp.GradScaler(args...)` is deprecated. Please use `torch.amp.GradScaler('cuda', args...)` instead.
  scaler = torch.cuda.amp.GradScaler() if use_amp and device == "cuda" else None
/home/norak/R&I/kxs-/train.py:148: FutureWarning: `torch.cuda.amp.autocast(args...)` is deprecated. Please use `torch.amp.autocast('cuda', args...)` instead.
  with torch.cuda.amp.autocast():
/home/norak/R&I/kxs-/train.py:169: FutureWarning: `torch.cuda.amp.autocast(args...)` is deprecated. Please use `torch.amp.autocast('cuda', args...)` instead.
  with torch.cuda.amp.autocast():
    epoch  1  train_loss=0.0754  val_loss=0.0683  val_qwk=0.2875  val_acc=0.2910
/home/norak/R&I/kxs-/train.py:148: FutureWarning: `torch.cuda.amp.autocast(args...)` is deprecated. Please use `torch.amp.autocast('cuda', args...)` instead.
  with torch.cuda.amp.autocast():
/home/norak/R&I/kxs-/train.py:169: FutureWarning: `torch.cuda.amp.autocast(args...)` is deprecated. Please use `torch.amp.autocast('cuda', args...)` instead.
  with torch.cuda.amp.autocast():
    epoch  2  train_loss=0.0592  val_loss=0.0583  val_qwk=0.3952  val_acc=0.4104
/home/norak/R&I/kxs-/train.py:148: FutureWarning: `torch.cuda.amp.autocast(args...)` is deprecated. Please use `torch.amp.autocast('cuda', args...)` instead.
  with torch.cuda.amp.autocast():
/home/norak/R&I/kxs-/train.py:169: FutureWarning: `torch.cuda.amp.autocast(args...)` is deprecated. Please use `torch.amp.autocast('cuda', args...)` instead.
  with torch.cuda.amp.autocast():
    epoch  3  train_loss=0.0481  val_loss=0.0545  val_qwk=0.4896  val_acc=0.3881
/home/norak/R&I/kxs-/train.py:148: FutureWarning: `torch.cuda.amp.autocast(args...)` is deprecated. Please use `torch.amp.autocast('cuda', args...)` instead.
  with torch.cuda.amp.autocast():
/home/norak/R&I/kxs-/train.py:169: FutureWarning: `torch.cuda.amp.autocast(args...)` is deprecated. Please use `torch.amp.autocast('cuda', args...)` instead.
  with torch.cuda.amp.autocast():
    epoch  4  train_loss=0.0498  val_loss=0.0574  val_qwk=0.5071  val_acc=0.4104
/home/norak/R&I/kxs-/train.py:148: FutureWarning: `torch.cuda.amp.autocast(args...)` is deprecated. Please use `torch.amp.autocast('cuda', args...)` instead.
  with torch.cuda.amp.autocast():
/home/norak/R&I/kxs-/train.py:169: FutureWarning: `torch.cuda.amp.autocast(args...)` is deprecated. Please use `torch.amp.autocast('cuda', args...)` instead.
  with torch.cuda.amp.autocast():
    epoch  5  train_loss=0.0498  val_loss=0.0543  val_qwk=0.4705  val_acc=0.3582
/home/norak/R&I/kxs-/train.py:148: FutureWarning: `torch.cuda.amp.autocast(args...)` is deprecated. Please use `torch.amp.autocast('cuda', args...)` instead.
  with torch.cuda.amp.autocast():
/home/norak/R&I/kxs-/train.py:169: FutureWarning: `torch.cuda.amp.autocast(args...)` is deprecated. Please use `torch.amp.autocast('cuda', args...)` instead.
  with torch.cuda.amp.autocast():
    epoch  6  train_loss=0.0458  val_loss=0.0497  val_qwk=0.5796  val_acc=0.5299
/home/norak/R&I/kxs-/train.py:148: FutureWarning: `torch.cuda.amp.autocast(args...)` is deprecated. Please use `torch.amp.autocast('cuda', args...)` instead.
  with torch.cuda.amp.autocast():
/home/norak/R&I/kxs-/train.py:169: FutureWarning: `torch.cuda.amp.autocast(args...)` is deprecated. Please use `torch.amp.autocast('cuda', args...)` instead.
  with torch.cuda.amp.autocast():
    epoch  7  train_loss=0.0449  val_loss=0.0516  val_qwk=0.5783  val_acc=0.5373
/home/norak/R&I/kxs-/train.py:148: FutureWarning: `torch.cuda.amp.autocast(args...)` is deprecated. Please use `torch.amp.autocast('cuda', args...)` instead.
  with torch.cuda.amp.autocast():
/home/norak/R&I/kxs-/train.py:169: FutureWarning: `torch.cuda.amp.autocast(args...)` is deprecated. Please use `torch.amp.autocast('cuda', args...)` instead.
  with torch.cuda.amp.autocast():
    epoch  8  train_loss=0.0453  val_loss=0.0509  val_qwk=0.5681  val_acc=0.5299
/home/norak/R&I/kxs-/train.py:148: FutureWarning: `torch.cuda.amp.autocast(args...)` is deprecated. Please use `torch.amp.autocast('cuda', args...)` instead.
  with torch.cuda.amp.autocast():
/home/norak/R&I/kxs-/train.py:169: FutureWarning: `torch.cuda.amp.autocast(args...)` is deprecated. Please use `torch.amp.autocast('cuda', args...)` instead.
  with torch.cuda.amp.autocast():
    epoch  9  train_loss=0.0437  val_loss=0.0501  val_qwk=0.5355  val_acc=0.4776
/home/norak/R&I/kxs-/train.py:148: FutureWarning: `torch.cuda.amp.autocast(args...)` is deprecated. Please use `torch.amp.autocast('cuda', args...)` instead.
  with torch.cuda.amp.autocast():
/home/norak/R&I/kxs-/train.py:169: FutureWarning: `torch.cuda.amp.autocast(args...)` is deprecated. Please use `torch.amp.autocast('cuda', args...)` instead.
  with torch.cuda.amp.autocast():
    epoch 10  train_loss=0.0444  val_loss=0.0508  val_qwk=0.5512  val_acc=0.5224
    early-stop at epoch 10 (best epoch=6, best_qwk=0.5796)
/home/norak/R&I/kxs-/train.py:169: FutureWarning: `torch.cuda.amp.autocast(args...)` is deprecated. Please use `torch.amp.autocast('cuda', args...)` instead.
  with torch.cuda.amp.autocast():
/home/norak/R&I/kxs-/train.py:169: FutureWarning: `torch.cuda.amp.autocast(args...)` is deprecated. Please use `torch.amp.autocast('cuda', args...)` instead.
  with torch.cuda.amp.autocast():
/home/norak/R&I/kxs-/train.py:169: FutureWarning: `torch.cuda.amp.autocast(args...)` is deprecated. Please use `torch.amp.autocast('cuda', args...)` instead.
  with torch.cuda.amp.autocast():
  [clean_ra_dual_mbert                ] train_qwk=0.6622 -> test_qwk=0.6450  raw_w1=0.6370  epoch=6  (62.6s)
Loading weights:   0%|          | 0/199 [00:00<?, ?it/s]Loading weights: 100%|██████████| 199/199 [00:00<00:00, 2826.61it/s]
[transformers] [1mXLMRobertaModel LOAD REPORT[0m from: xlm-roberta-base
Key                       | Status     |  | 
--------------------------+------------+--+-
lm_head.dense.weight      | UNEXPECTED |  | 
lm_head.layer_norm.weight | UNEXPECTED |  | 
lm_head.dense.bias        | UNEXPECTED |  | 
lm_head.layer_norm.bias   | UNEXPECTED |  | 
lm_head.bias              | UNEXPECTED |  | 

Notes:
- UNEXPECTED:	can be ignored when loading from different task/architecture; not ok if you expect identical arch.
/home/norak/R&I/kxs-/train.py:206: FutureWarning: `torch.cuda.amp.GradScaler(args...)` is deprecated. Please use `torch.amp.GradScaler('cuda', args...)` instead.
  scaler = torch.cuda.amp.GradScaler() if use_amp and device == "cuda" else None
/home/norak/R&I/kxs-/train.py:148: FutureWarning: `torch.cuda.amp.autocast(args...)` is deprecated. Please use `torch.amp.autocast('cuda', args...)` instead.
  with torch.cuda.amp.autocast():
/home/norak/R&I/kxs-/train.py:169: FutureWarning: `torch.cuda.amp.autocast(args...)` is deprecated. Please use `torch.amp.autocast('cuda', args...)` instead.
  with torch.cuda.amp.autocast():
    epoch  1  train_loss=0.0986  val_loss=0.0803  val_qwk=0.0000  val_acc=0.1343
/home/norak/R&I/kxs-/train.py:148: FutureWarning: `torch.cuda.amp.autocast(args...)` is deprecated. Please use `torch.amp.autocast('cuda', args...)` instead.
  with torch.cuda.amp.autocast():
/home/norak/R&I/kxs-/train.py:169: FutureWarning: `torch.cuda.amp.autocast(args...)` is deprecated. Please use `torch.amp.autocast('cuda', args...)` instead.
  with torch.cuda.amp.autocast():
    epoch  2  train_loss=0.0683  val_loss=0.0561  val_qwk=0.3923  val_acc=0.4478
/home/norak/R&I/kxs-/train.py:148: FutureWarning: `torch.cuda.amp.autocast(args...)` is deprecated. Please use `torch.amp.autocast('cuda', args...)` instead.
  with torch.cuda.amp.autocast():
/home/norak/R&I/kxs-/train.py:169: FutureWarning: `torch.cuda.amp.autocast(args...)` is deprecated. Please use `torch.amp.autocast('cuda', args...)` instead.
  with torch.cuda.amp.autocast():
    epoch  3  train_loss=0.0540  val_loss=0.0475  val_qwk=0.5713  val_acc=0.5597
/home/norak/R&I/kxs-/train.py:148: FutureWarning: `torch.cuda.amp.autocast(args...)` is deprecated. Please use `torch.amp.autocast('cuda', args...)` instead.
  with torch.cuda.amp.autocast():
/home/norak/R&I/kxs-/train.py:169: FutureWarning: `torch.cuda.amp.autocast(args...)` is deprecated. Please use `torch.amp.autocast('cuda', args...)` instead.
  with torch.cuda.amp.autocast():
    epoch  4  train_loss=0.0513  val_loss=0.0421  val_qwk=0.5866  val_acc=0.5075
/home/norak/R&I/kxs-/train.py:148: FutureWarning: `torch.cuda.amp.autocast(args...)` is deprecated. Please use `torch.amp.autocast('cuda', args...)` instead.
  with torch.cuda.amp.autocast():
/home/norak/R&I/kxs-/train.py:169: FutureWarning: `torch.cuda.amp.autocast(args...)` is deprecated. Please use `torch.amp.autocast('cuda', args...)` instead.
  with torch.cuda.amp.autocast():
    epoch  5  train_loss=0.0468  val_loss=0.0463  val_qwk=0.5647  val_acc=0.5075
/home/norak/R&I/kxs-/train.py:148: FutureWarning: `torch.cuda.amp.autocast(args...)` is deprecated. Please use `torch.amp.autocast('cuda', args...)` instead.
  with torch.cuda.amp.autocast():
/home/norak/R&I/kxs-/train.py:169: FutureWarning: `torch.cuda.amp.autocast(args...)` is deprecated. Please use `torch.amp.autocast('cuda', args...)` instead.
  with torch.cuda.amp.autocast():
    epoch  6  train_loss=0.0464  val_loss=0.0405  val_qwk=0.5943  val_acc=0.4925
/home/norak/R&I/kxs-/train.py:148: FutureWarning: `torch.cuda.amp.autocast(args...)` is deprecated. Please use `torch.amp.autocast('cuda', args...)` instead.
  with torch.cuda.amp.autocast():
/home/norak/R&I/kxs-/train.py:169: FutureWarning: `torch.cuda.amp.autocast(args...)` is deprecated. Please use `torch.amp.autocast('cuda', args...)` instead.
  with torch.cuda.amp.autocast():
    epoch  7  train_loss=0.0387  val_loss=0.0386  val_qwk=0.6244  val_acc=0.5299
/home/norak/R&I/kxs-/train.py:148: FutureWarning: `torch.cuda.amp.autocast(args...)` is deprecated. Please use `torch.amp.autocast('cuda', args...)` instead.
  with torch.cuda.amp.autocast():
/home/norak/R&I/kxs-/train.py:169: FutureWarning: `torch.cuda.amp.autocast(args...)` is deprecated. Please use `torch.amp.autocast('cuda', args...)` instead.
  with torch.cuda.amp.autocast():
    epoch  8  train_loss=0.0376  val_loss=0.0368  val_qwk=0.6947  val_acc=0.5821
/home/norak/R&I/kxs-/train.py:148: FutureWarning: `torch.cuda.amp.autocast(args...)` is deprecated. Please use `torch.amp.autocast('cuda', args...)` instead.
  with torch.cuda.amp.autocast():
/home/norak/R&I/kxs-/train.py:169: FutureWarning: `torch.cuda.amp.autocast(args...)` is deprecated. Please use `torch.amp.autocast('cuda', args...)` instead.
  with torch.cuda.amp.autocast():
    epoch  9  train_loss=0.0340  val_loss=0.0318  val_qwk=0.7319  val_acc=0.6119
/home/norak/R&I/kxs-/train.py:148: FutureWarning: `torch.cuda.amp.autocast(args...)` is deprecated. Please use `torch.amp.autocast('cuda', args...)` instead.
  with torch.cuda.amp.autocast():
/home/norak/R&I/kxs-/train.py:169: FutureWarning: `torch.cuda.amp.autocast(args...)` is deprecated. Please use `torch.amp.autocast('cuda', args...)` instead.
  with torch.cuda.amp.autocast():
    epoch 10  train_loss=0.0284  val_loss=0.0320  val_qwk=0.7404  val_acc=0.6642
/home/norak/R&I/kxs-/train.py:148: FutureWarning: `torch.cuda.amp.autocast(args...)` is deprecated. Please use `torch.amp.autocast('cuda', args...)` instead.
  with torch.cuda.amp.autocast():
/home/norak/R&I/kxs-/train.py:169: FutureWarning: `torch.cuda.amp.autocast(args...)` is deprecated. Please use `torch.amp.autocast('cuda', args...)` instead.
  with torch.cuda.amp.autocast():
    epoch 11  train_loss=0.0284  val_loss=0.0319  val_qwk=0.7618  val_acc=0.6642
/home/norak/R&I/kxs-/train.py:148: FutureWarning: `torch.cuda.amp.autocast(args...)` is deprecated. Please use `torch.amp.autocast('cuda', args...)` instead.
  with torch.cuda.amp.autocast():
/home/norak/R&I/kxs-/train.py:169: FutureWarning: `torch.cuda.amp.autocast(args...)` is deprecated. Please use `torch.amp.autocast('cuda', args...)` instead.
  with torch.cuda.amp.autocast():
    epoch 12  train_loss=0.0270  val_loss=0.0322  val_qwk=0.7353  val_acc=0.6269
/home/norak/R&I/kxs-/train.py:148: FutureWarning: `torch.cuda.amp.autocast(args...)` is deprecated. Please use `torch.amp.autocast('cuda', args...)` instead.
  with torch.cuda.amp.autocast():
/home/norak/R&I/kxs-/train.py:169: FutureWarning: `torch.cuda.amp.autocast(args...)` is deprecated. Please use `torch.amp.autocast('cuda', args...)` instead.
  with torch.cuda.amp.autocast():
    epoch 13  train_loss=0.0248  val_loss=0.0313  val_qwk=0.7625  val_acc=0.6045
/home/norak/R&I/kxs-/train.py:148: FutureWarning: `torch.cuda.amp.autocast(args...)` is deprecated. Please use `torch.amp.autocast('cuda', args...)` instead.
  with torch.cuda.amp.autocast():
/home/norak/R&I/kxs-/train.py:169: FutureWarning: `torch.cuda.amp.autocast(args...)` is deprecated. Please use `torch.amp.autocast('cuda', args...)` instead.
  with torch.cuda.amp.autocast():
    epoch 14  train_loss=0.0255  val_loss=0.0303  val_qwk=0.7745  val_acc=0.6791
/home/norak/R&I/kxs-/train.py:148: FutureWarning: `torch.cuda.amp.autocast(args...)` is deprecated. Please use `torch.amp.autocast('cuda', args...)` instead.
  with torch.cuda.amp.autocast():
/home/norak/R&I/kxs-/train.py:169: FutureWarning: `torch.cuda.amp.autocast(args...)` is deprecated. Please use `torch.amp.autocast('cuda', args...)` instead.
  with torch.cuda.amp.autocast():
    epoch 15  train_loss=0.0221  val_loss=0.0343  val_qwk=0.7637  val_acc=0.6642
/home/norak/R&I/kxs-/train.py:148: FutureWarning: `torch.cuda.amp.autocast(args...)` is deprecated. Please use `torch.amp.autocast('cuda', args...)` instead.
  with torch.cuda.amp.autocast():
/home/norak/R&I/kxs-/train.py:169: FutureWarning: `torch.cuda.amp.autocast(args...)` is deprecated. Please use `torch.amp.autocast('cuda', args...)` instead.
  with torch.cuda.amp.autocast():
    epoch 16  train_loss=0.0220  val_loss=0.0350  val_qwk=0.7816  val_acc=0.6940
/home/norak/R&I/kxs-/train.py:148: FutureWarning: `torch.cuda.amp.autocast(args...)` is deprecated. Please use `torch.amp.autocast('cuda', args...)` instead.
  with torch.cuda.amp.autocast():
/home/norak/R&I/kxs-/train.py:169: FutureWarning: `torch.cuda.amp.autocast(args...)` is deprecated. Please use `torch.amp.autocast('cuda', args...)` instead.
  with torch.cuda.amp.autocast():
    epoch 17  train_loss=0.0196  val_loss=0.0351  val_qwk=0.7449  val_acc=0.6866
/home/norak/R&I/kxs-/train.py:148: FutureWarning: `torch.cuda.amp.autocast(args...)` is deprecated. Please use `torch.amp.autocast('cuda', args...)` instead.
  with torch.cuda.amp.autocast():
/home/norak/R&I/kxs-/train.py:169: FutureWarning: `torch.cuda.amp.autocast(args...)` is deprecated. Please use `torch.amp.autocast('cuda', args...)` instead.
  with torch.cuda.amp.autocast():
    epoch 18  train_loss=0.0186  val_loss=0.0443  val_qwk=0.6549  val_acc=0.6194
/home/norak/R&I/kxs-/train.py:148: FutureWarning: `torch.cuda.amp.autocast(args...)` is deprecated. Please use `torch.amp.autocast('cuda', args...)` instead.
  with torch.cuda.amp.autocast():
/home/norak/R&I/kxs-/train.py:169: FutureWarning: `torch.cuda.amp.autocast(args...)` is deprecated. Please use `torch.amp.autocast('cuda', args...)` instead.
  with torch.cuda.amp.autocast():
    epoch 19  train_loss=0.0210  val_loss=0.0355  val_qwk=0.7583  val_acc=0.6716
/home/norak/R&I/kxs-/train.py:148: FutureWarning: `torch.cuda.amp.autocast(args...)` is deprecated. Please use `torch.amp.autocast('cuda', args...)` instead.
  with torch.cuda.amp.autocast():
/home/norak/R&I/kxs-/train.py:169: FutureWarning: `torch.cuda.amp.autocast(args...)` is deprecated. Please use `torch.amp.autocast('cuda', args...)` instead.
  with torch.cuda.amp.autocast():
    epoch 20  train_loss=0.0170  val_loss=0.0389  val_qwk=0.7618  val_acc=0.6791
    early-stop at epoch 20 (best epoch=16, best_qwk=0.7816)
/home/norak/R&I/kxs-/train.py:169: FutureWarning: `torch.cuda.amp.autocast(args...)` is deprecated. Please use `torch.amp.autocast('cuda', args...)` instead.
  with torch.cuda.amp.autocast():
/home/norak/R&I/kxs-/train.py:169: FutureWarning: `torch.cuda.amp.autocast(args...)` is deprecated. Please use `torch.amp.autocast('cuda', args...)` instead.
  with torch.cuda.amp.autocast():
/home/norak/R&I/kxs-/train.py:169: FutureWarning: `torch.cuda.amp.autocast(args...)` is deprecated. Please use `torch.amp.autocast('cuda', args...)` instead.
  with torch.cuda.amp.autocast():
  [clean_ra_dual_xlmr                 ] train_qwk=0.8945 -> test_qwk=0.8001  raw_w1=0.7407  epoch=16  (124.6s)
Loading weights:   0%|          | 0/136 [00:00<?, ?it/s]Loading weights:   3%|▎         | 4/136 [00:00<00:04, 31.34it/s]Loading weights: 100%|██████████| 136/136 [00:00<00:00, 923.39it/s]
[transformers] [1mNewModel LOAD REPORT[0m from: Alibaba-NLP/gte-multilingual-base
Key               | Status     |  | 
------------------+------------+--+-
classifier.bias   | UNEXPECTED |  | 
classifier.weight | UNEXPECTED |  | 

Notes:
- UNEXPECTED:	can be ignored when loading from different task/architecture; not ok if you expect identical arch.
/home/norak/R&I/kxs-/train.py:206: FutureWarning: `torch.cuda.amp.GradScaler(args...)` is deprecated. Please use `torch.amp.GradScaler('cuda', args...)` instead.
  scaler = torch.cuda.amp.GradScaler() if use_amp and device == "cuda" else None
/home/norak/R&I/kxs-/train.py:148: FutureWarning: `torch.cuda.amp.autocast(args...)` is deprecated. Please use `torch.amp.autocast('cuda', args...)` instead.
  with torch.cuda.amp.autocast():
/home/norak/R&I/kxs-/train.py:169: FutureWarning: `torch.cuda.amp.autocast(args...)` is deprecated. Please use `torch.amp.autocast('cuda', args...)` instead.
  with torch.cuda.amp.autocast():
    epoch  1  train_loss=0.0727  val_loss=0.0504  val_qwk=0.5272  val_acc=0.3955
/home/norak/R&I/kxs-/train.py:148: FutureWarning: `torch.cuda.amp.autocast(args...)` is deprecated. Please use `torch.amp.autocast('cuda', args...)` instead.
  with torch.cuda.amp.autocast():
/home/norak/R&I/kxs-/train.py:169: FutureWarning: `torch.cuda.amp.autocast(args...)` is deprecated. Please use `torch.amp.autocast('cuda', args...)` instead.
  with torch.cuda.amp.autocast():
    epoch  2  train_loss=0.0438  val_loss=0.0392  val_qwk=0.6163  val_acc=0.5224
/home/norak/R&I/kxs-/train.py:148: FutureWarning: `torch.cuda.amp.autocast(args...)` is deprecated. Please use `torch.amp.autocast('cuda', args...)` instead.
  with torch.cuda.amp.autocast():
/home/norak/R&I/kxs-/train.py:169: FutureWarning: `torch.cuda.amp.autocast(args...)` is deprecated. Please use `torch.amp.autocast('cuda', args...)` instead.
  with torch.cuda.amp.autocast():
    epoch  3  train_loss=0.0328  val_loss=0.0322  val_qwk=0.7177  val_acc=0.5970
/home/norak/R&I/kxs-/train.py:148: FutureWarning: `torch.cuda.amp.autocast(args...)` is deprecated. Please use `torch.amp.autocast('cuda', args...)` instead.
  with torch.cuda.amp.autocast():
/home/norak/R&I/kxs-/train.py:169: FutureWarning: `torch.cuda.amp.autocast(args...)` is deprecated. Please use `torch.amp.autocast('cuda', args...)` instead.
  with torch.cuda.amp.autocast():
    epoch  4  train_loss=0.0255  val_loss=0.0282  val_qwk=0.7891  val_acc=0.6866
/home/norak/R&I/kxs-/train.py:148: FutureWarning: `torch.cuda.amp.autocast(args...)` is deprecated. Please use `torch.amp.autocast('cuda', args...)` instead.
  with torch.cuda.amp.autocast():
/home/norak/R&I/kxs-/train.py:169: FutureWarning: `torch.cuda.amp.autocast(args...)` is deprecated. Please use `torch.amp.autocast('cuda', args...)` instead.
  with torch.cuda.amp.autocast():
    epoch  5  train_loss=0.0208  val_loss=0.0295  val_qwk=0.8239  val_acc=0.7164
/home/norak/R&I/kxs-/train.py:148: FutureWarning: `torch.cuda.amp.autocast(args...)` is deprecated. Please use `torch.amp.autocast('cuda', args...)` instead.
  with torch.cuda.amp.autocast():
/home/norak/R&I/kxs-/train.py:169: FutureWarning: `torch.cuda.amp.autocast(args...)` is deprecated. Please use `torch.amp.autocast('cuda', args...)` instead.
  with torch.cuda.amp.autocast():
    epoch  6  train_loss=0.0166  val_loss=0.0270  val_qwk=0.8286  val_acc=0.7687
/home/norak/R&I/kxs-/train.py:148: FutureWarning: `torch.cuda.amp.autocast(args...)` is deprecated. Please use `torch.amp.autocast('cuda', args...)` instead.
  with torch.cuda.amp.autocast():
/home/norak/R&I/kxs-/train.py:169: FutureWarning: `torch.cuda.amp.autocast(args...)` is deprecated. Please use `torch.amp.autocast('cuda', args...)` instead.
  with torch.cuda.amp.autocast():
    epoch  7  train_loss=0.0131  val_loss=0.0243  val_qwk=0.8186  val_acc=0.7463
/home/norak/R&I/kxs-/train.py:148: FutureWarning: `torch.cuda.amp.autocast(args...)` is deprecated. Please use `torch.amp.autocast('cuda', args...)` instead.
  with torch.cuda.amp.autocast():
/home/norak/R&I/kxs-/train.py:169: FutureWarning: `torch.cuda.amp.autocast(args...)` is deprecated. Please use `torch.amp.autocast('cuda', args...)` instead.
  with torch.cuda.amp.autocast():
    epoch  8  train_loss=0.0103  val_loss=0.0273  val_qwk=0.8166  val_acc=0.7239
/home/norak/R&I/kxs-/train.py:148: FutureWarning: `torch.cuda.amp.autocast(args...)` is deprecated. Please use `torch.amp.autocast('cuda', args...)` instead.
  with torch.cuda.amp.autocast():
/home/norak/R&I/kxs-/train.py:169: FutureWarning: `torch.cuda.amp.autocast(args...)` is deprecated. Please use `torch.amp.autocast('cuda', args...)` instead.
  with torch.cuda.amp.autocast():
    epoch  9  train_loss=0.0096  val_loss=0.0284  val_qwk=0.8013  val_acc=0.7313
/home/norak/R&I/kxs-/train.py:148: FutureWarning: `torch.cuda.amp.autocast(args...)` is deprecated. Please use `torch.amp.autocast('cuda', args...)` instead.
  with torch.cuda.amp.autocast():
/home/norak/R&I/kxs-/train.py:169: FutureWarning: `torch.cuda.amp.autocast(args...)` is deprecated. Please use `torch.amp.autocast('cuda', args...)` instead.
  with torch.cuda.amp.autocast():
    epoch 10  train_loss=0.0085  val_loss=0.0281  val_qwk=0.8148  val_acc=0.7388
    early-stop at epoch 10 (best epoch=6, best_qwk=0.8286)
/home/norak/R&I/kxs-/train.py:169: FutureWarning: `torch.cuda.amp.autocast(args...)` is deprecated. Please use `torch.amp.autocast('cuda', args...)` instead.
  with torch.cuda.amp.autocast():
/home/norak/R&I/kxs-/train.py:169: FutureWarning: `torch.cuda.amp.autocast(args...)` is deprecated. Please use `torch.amp.autocast('cuda', args...)` instead.
  with torch.cuda.amp.autocast():
/home/norak/R&I/kxs-/train.py:169: FutureWarning: `torch.cuda.amp.autocast(args...)` is deprecated. Please use `torch.amp.autocast('cuda', args...)` instead.
  with torch.cuda.amp.autocast():
  [clean_ra_dual_gte                  ] train_qwk=0.9077 -> test_qwk=0.8393  raw_w1=0.7556  epoch=6  (81.2s)
Loading weights:   0%|          | 0/199 [00:00<?, ?it/s]Loading weights: 100%|██████████| 199/199 [00:00<00:00, 2869.09it/s]
[transformers] [1mBertModel LOAD REPORT[0m from: bert-base-multilingual-cased
Key                                        | Status     |  | 
-------------------------------------------+------------+--+-
cls.predictions.transform.dense.weight     | UNEXPECTED |  | 
cls.seq_relationship.weight                | UNEXPECTED |  | 
cls.seq_relationship.bias                  | UNEXPECTED |  | 
cls.predictions.transform.LayerNorm.bias   | UNEXPECTED |  | 
cls.predictions.bias                       | UNEXPECTED |  | 
cls.predictions.transform.dense.bias       | UNEXPECTED |  | 
cls.predictions.transform.LayerNorm.weight | UNEXPECTED |  | 

Notes:
- UNEXPECTED:	can be ignored when loading from different task/architecture; not ok if you expect identical arch.
/home/norak/R&I/kxs-/train.py:206: FutureWarning: `torch.cuda.amp.GradScaler(args...)` is deprecated. Please use `torch.amp.GradScaler('cuda', args...)` instead.
  scaler = torch.cuda.amp.GradScaler() if use_amp and device == "cuda" else None
/home/norak/R&I/kxs-/train.py:148: FutureWarning: `torch.cuda.amp.autocast(args...)` is deprecated. Please use `torch.amp.autocast('cuda', args...)` instead.
  with torch.cuda.amp.autocast():
/home/norak/R&I/kxs-/train.py:169: FutureWarning: `torch.cuda.amp.autocast(args...)` is deprecated. Please use `torch.amp.autocast('cuda', args...)` instead.
  with torch.cuda.amp.autocast():
    epoch  1  train_loss=0.0823  val_loss=0.0733  val_qwk=0.0972  val_acc=0.1418
/home/norak/R&I/kxs-/train.py:148: FutureWarning: `torch.cuda.amp.autocast(args...)` is deprecated. Please use `torch.amp.autocast('cuda', args...)` instead.
  with torch.cuda.amp.autocast():
/home/norak/R&I/kxs-/train.py:169: FutureWarning: `torch.cuda.amp.autocast(args...)` is deprecated. Please use `torch.amp.autocast('cuda', args...)` instead.
  with torch.cuda.amp.autocast():
    epoch  2  train_loss=0.0675  val_loss=0.0647  val_qwk=0.2415  val_acc=0.2015
/home/norak/R&I/kxs-/train.py:148: FutureWarning: `torch.cuda.amp.autocast(args...)` is deprecated. Please use `torch.amp.autocast('cuda', args...)` instead.
  with torch.cuda.amp.autocast():
/home/norak/R&I/kxs-/train.py:169: FutureWarning: `torch.cuda.amp.autocast(args...)` is deprecated. Please use `torch.amp.autocast('cuda', args...)` instead.
  with torch.cuda.amp.autocast():
    epoch  3  train_loss=0.0614  val_loss=0.0637  val_qwk=0.4016  val_acc=0.2985
/home/norak/R&I/kxs-/train.py:148: FutureWarning: `torch.cuda.amp.autocast(args...)` is deprecated. Please use `torch.amp.autocast('cuda', args...)` instead.
  with torch.cuda.amp.autocast():
/home/norak/R&I/kxs-/train.py:169: FutureWarning: `torch.cuda.amp.autocast(args...)` is deprecated. Please use `torch.amp.autocast('cuda', args...)` instead.
  with torch.cuda.amp.autocast():
    epoch  4  train_loss=0.0609  val_loss=0.0603  val_qwk=0.5080  val_acc=0.3881
/home/norak/R&I/kxs-/train.py:148: FutureWarning: `torch.cuda.amp.autocast(args...)` is deprecated. Please use `torch.amp.autocast('cuda', args...)` instead.
  with torch.cuda.amp.autocast():
/home/norak/R&I/kxs-/train.py:169: FutureWarning: `torch.cuda.amp.autocast(args...)` is deprecated. Please use `torch.amp.autocast('cuda', args...)` instead.
  with torch.cuda.amp.autocast():
    epoch  5  train_loss=0.0573  val_loss=0.0598  val_qwk=0.4140  val_acc=0.3806
/home/norak/R&I/kxs-/train.py:148: FutureWarning: `torch.cuda.amp.autocast(args...)` is deprecated. Please use `torch.amp.autocast('cuda', args...)` instead.
  with torch.cuda.amp.autocast():
/home/norak/R&I/kxs-/train.py:169: FutureWarning: `torch.cuda.amp.autocast(args...)` is deprecated. Please use `torch.amp.autocast('cuda', args...)` instead.
  with torch.cuda.amp.autocast():
    epoch  6  train_loss=0.0578  val_loss=0.0604  val_qwk=0.4020  val_acc=0.4552
/home/norak/R&I/kxs-/train.py:148: FutureWarning: `torch.cuda.amp.autocast(args...)` is deprecated. Please use `torch.amp.autocast('cuda', args...)` instead.
  with torch.cuda.amp.autocast():
/home/norak/R&I/kxs-/train.py:169: FutureWarning: `torch.cuda.amp.autocast(args...)` is deprecated. Please use `torch.amp.autocast('cuda', args...)` instead.
  with torch.cuda.amp.autocast():
    epoch  7  train_loss=0.0556  val_loss=0.0587  val_qwk=0.4528  val_acc=0.4328
/home/norak/R&I/kxs-/train.py:148: FutureWarning: `torch.cuda.amp.autocast(args...)` is deprecated. Please use `torch.amp.autocast('cuda', args...)` instead.
  with torch.cuda.amp.autocast():
/home/norak/R&I/kxs-/train.py:169: FutureWarning: `torch.cuda.amp.autocast(args...)` is deprecated. Please use `torch.amp.autocast('cuda', args...)` instead.
  with torch.cuda.amp.autocast():
    epoch  8  train_loss=0.0505  val_loss=0.0597  val_qwk=0.4345  val_acc=0.4030
    early-stop at epoch 8 (best epoch=4, best_qwk=0.5080)
/home/norak/R&I/kxs-/train.py:169: FutureWarning: `torch.cuda.amp.autocast(args...)` is deprecated. Please use `torch.amp.autocast('cuda', args...)` instead.
  with torch.cuda.amp.autocast():
/home/norak/R&I/kxs-/train.py:169: FutureWarning: `torch.cuda.amp.autocast(args...)` is deprecated. Please use `torch.amp.autocast('cuda', args...)` instead.
  with torch.cuda.amp.autocast():
/home/norak/R&I/kxs-/train.py:169: FutureWarning: `torch.cuda.amp.autocast(args...)` is deprecated. Please use `torch.amp.autocast('cuda', args...)` instead.
  with torch.cuda.amp.autocast():
  [clean_ra_cross_mbert               ] train_qwk=0.5415 -> test_qwk=0.5214  raw_w1=0.4593  epoch=4  (32.7s)
Loading weights:   0%|          | 0/199 [00:00<?, ?it/s]Loading weights: 100%|██████████| 199/199 [00:00<00:00, 2950.70it/s]
[transformers] [1mXLMRobertaModel LOAD REPORT[0m from: xlm-roberta-base
Key                       | Status     |  | 
--------------------------+------------+--+-
lm_head.dense.weight      | UNEXPECTED |  | 
lm_head.layer_norm.weight | UNEXPECTED |  | 
lm_head.dense.bias        | UNEXPECTED |  | 
lm_head.layer_norm.bias   | UNEXPECTED |  | 
lm_head.bias              | UNEXPECTED |  | 

Notes:
- UNEXPECTED:	can be ignored when loading from different task/architecture; not ok if you expect identical arch.
/home/norak/R&I/kxs-/train.py:206: FutureWarning: `torch.cuda.amp.GradScaler(args...)` is deprecated. Please use `torch.amp.GradScaler('cuda', args...)` instead.
  scaler = torch.cuda.amp.GradScaler() if use_amp and device == "cuda" else None
/home/norak/R&I/kxs-/train.py:148: FutureWarning: `torch.cuda.amp.autocast(args...)` is deprecated. Please use `torch.amp.autocast('cuda', args...)` instead.
  with torch.cuda.amp.autocast():
/home/norak/R&I/kxs-/train.py:169: FutureWarning: `torch.cuda.amp.autocast(args...)` is deprecated. Please use `torch.amp.autocast('cuda', args...)` instead.
  with torch.cuda.amp.autocast():
    epoch  1  train_loss=0.0926  val_loss=0.0957  val_qwk=0.0122  val_acc=0.1343
/home/norak/R&I/kxs-/train.py:148: FutureWarning: `torch.cuda.amp.autocast(args...)` is deprecated. Please use `torch.amp.autocast('cuda', args...)` instead.
  with torch.cuda.amp.autocast():
/home/norak/R&I/kxs-/train.py:169: FutureWarning: `torch.cuda.amp.autocast(args...)` is deprecated. Please use `torch.amp.autocast('cuda', args...)` instead.
  with torch.cuda.amp.autocast():
    epoch  2  train_loss=0.0678  val_loss=0.0571  val_qwk=0.3079  val_acc=0.3806
/home/norak/R&I/kxs-/train.py:148: FutureWarning: `torch.cuda.amp.autocast(args...)` is deprecated. Please use `torch.amp.autocast('cuda', args...)` instead.
  with torch.cuda.amp.autocast():
/home/norak/R&I/kxs-/train.py:169: FutureWarning: `torch.cuda.amp.autocast(args...)` is deprecated. Please use `torch.amp.autocast('cuda', args...)` instead.
  with torch.cuda.amp.autocast():
    epoch  3  train_loss=0.0574  val_loss=0.0520  val_qwk=0.5619  val_acc=0.4552
/home/norak/R&I/kxs-/train.py:148: FutureWarning: `torch.cuda.amp.autocast(args...)` is deprecated. Please use `torch.amp.autocast('cuda', args...)` instead.
  with torch.cuda.amp.autocast():
/home/norak/R&I/kxs-/train.py:169: FutureWarning: `torch.cuda.amp.autocast(args...)` is deprecated. Please use `torch.amp.autocast('cuda', args...)` instead.
  with torch.cuda.amp.autocast():
    epoch  4  train_loss=0.0512  val_loss=0.0433  val_qwk=0.5786  val_acc=0.5075
/home/norak/R&I/kxs-/train.py:148: FutureWarning: `torch.cuda.amp.autocast(args...)` is deprecated. Please use `torch.amp.autocast('cuda', args...)` instead.
  with torch.cuda.amp.autocast():
/home/norak/R&I/kxs-/train.py:169: FutureWarning: `torch.cuda.amp.autocast(args...)` is deprecated. Please use `torch.amp.autocast('cuda', args...)` instead.
  with torch.cuda.amp.autocast():
    epoch  5  train_loss=0.0439  val_loss=0.0425  val_qwk=0.6521  val_acc=0.5896
/home/norak/R&I/kxs-/train.py:148: FutureWarning: `torch.cuda.amp.autocast(args...)` is deprecated. Please use `torch.amp.autocast('cuda', args...)` instead.
  with torch.cuda.amp.autocast():
/home/norak/R&I/kxs-/train.py:169: FutureWarning: `torch.cuda.amp.autocast(args...)` is deprecated. Please use `torch.amp.autocast('cuda', args...)` instead.
  with torch.cuda.amp.autocast():
    epoch  6  train_loss=0.0382  val_loss=0.0445  val_qwk=0.6333  val_acc=0.5522
/home/norak/R&I/kxs-/train.py:148: FutureWarning: `torch.cuda.amp.autocast(args...)` is deprecated. Please use `torch.amp.autocast('cuda', args...)` instead.
  with torch.cuda.amp.autocast():
/home/norak/R&I/kxs-/train.py:169: FutureWarning: `torch.cuda.amp.autocast(args...)` is deprecated. Please use `torch.amp.autocast('cuda', args...)` instead.
  with torch.cuda.amp.autocast():
    epoch  7  train_loss=0.0393  val_loss=0.0459  val_qwk=0.6633  val_acc=0.6194
/home/norak/R&I/kxs-/train.py:148: FutureWarning: `torch.cuda.amp.autocast(args...)` is deprecated. Please use `torch.amp.autocast('cuda', args...)` instead.
  with torch.cuda.amp.autocast():
/home/norak/R&I/kxs-/train.py:169: FutureWarning: `torch.cuda.amp.autocast(args...)` is deprecated. Please use `torch.amp.autocast('cuda', args...)` instead.
  with torch.cuda.amp.autocast():
    epoch  8  train_loss=0.0392  val_loss=0.0391  val_qwk=0.6437  val_acc=0.5597
/home/norak/R&I/kxs-/train.py:148: FutureWarning: `torch.cuda.amp.autocast(args...)` is deprecated. Please use `torch.amp.autocast('cuda', args...)` instead.
  with torch.cuda.amp.autocast():
/home/norak/R&I/kxs-/train.py:169: FutureWarning: `torch.cuda.amp.autocast(args...)` is deprecated. Please use `torch.amp.autocast('cuda', args...)` instead.
  with torch.cuda.amp.autocast():
    epoch  9  train_loss=0.0331  val_loss=0.0369  val_qwk=0.7095  val_acc=0.5970
/home/norak/R&I/kxs-/train.py:148: FutureWarning: `torch.cuda.amp.autocast(args...)` is deprecated. Please use `torch.amp.autocast('cuda', args...)` instead.
  with torch.cuda.amp.autocast():
/home/norak/R&I/kxs-/train.py:169: FutureWarning: `torch.cuda.amp.autocast(args...)` is deprecated. Please use `torch.amp.autocast('cuda', args...)` instead.
  with torch.cuda.amp.autocast():
    epoch 10  train_loss=0.0297  val_loss=0.0361  val_qwk=0.7210  val_acc=0.6194
/home/norak/R&I/kxs-/train.py:148: FutureWarning: `torch.cuda.amp.autocast(args...)` is deprecated. Please use `torch.amp.autocast('cuda', args...)` instead.
  with torch.cuda.amp.autocast():
/home/norak/R&I/kxs-/train.py:169: FutureWarning: `torch.cuda.amp.autocast(args...)` is deprecated. Please use `torch.amp.autocast('cuda', args...)` instead.
  with torch.cuda.amp.autocast():
    epoch 11  train_loss=0.0337  val_loss=0.0337  val_qwk=0.6995  val_acc=0.5746
/home/norak/R&I/kxs-/train.py:148: FutureWarning: `torch.cuda.amp.autocast(args...)` is deprecated. Please use `torch.amp.autocast('cuda', args...)` instead.
  with torch.cuda.amp.autocast():
/home/norak/R&I/kxs-/train.py:169: FutureWarning: `torch.cuda.amp.autocast(args...)` is deprecated. Please use `torch.amp.autocast('cuda', args...)` instead.
  with torch.cuda.amp.autocast():
    epoch 12  train_loss=0.0284  val_loss=0.0385  val_qwk=0.7512  val_acc=0.6418
/home/norak/R&I/kxs-/train.py:148: FutureWarning: `torch.cuda.amp.autocast(args...)` is deprecated. Please use `torch.amp.autocast('cuda', args...)` instead.
  with torch.cuda.amp.autocast():
/home/norak/R&I/kxs-/train.py:169: FutureWarning: `torch.cuda.amp.autocast(args...)` is deprecated. Please use `torch.amp.autocast('cuda', args...)` instead.
  with torch.cuda.amp.autocast():
    epoch 13  train_loss=0.0274  val_loss=0.0334  val_qwk=0.7460  val_acc=0.6493
/home/norak/R&I/kxs-/train.py:148: FutureWarning: `torch.cuda.amp.autocast(args...)` is deprecated. Please use `torch.amp.autocast('cuda', args...)` instead.
  with torch.cuda.amp.autocast():
/home/norak/R&I/kxs-/train.py:169: FutureWarning: `torch.cuda.amp.autocast(args...)` is deprecated. Please use `torch.amp.autocast('cuda', args...)` instead.
  with torch.cuda.amp.autocast():
    epoch 14  train_loss=0.0223  val_loss=0.0340  val_qwk=0.7512  val_acc=0.6940
/home/norak/R&I/kxs-/train.py:148: FutureWarning: `torch.cuda.amp.autocast(args...)` is deprecated. Please use `torch.amp.autocast('cuda', args...)` instead.
  with torch.cuda.amp.autocast():
/home/norak/R&I/kxs-/train.py:169: FutureWarning: `torch.cuda.amp.autocast(args...)` is deprecated. Please use `torch.amp.autocast('cuda', args...)` instead.
  with torch.cuda.amp.autocast():
    epoch 15  train_loss=0.0233  val_loss=0.0347  val_qwk=0.7258  val_acc=0.6493
/home/norak/R&I/kxs-/train.py:148: FutureWarning: `torch.cuda.amp.autocast(args...)` is deprecated. Please use `torch.amp.autocast('cuda', args...)` instead.
  with torch.cuda.amp.autocast():
/home/norak/R&I/kxs-/train.py:169: FutureWarning: `torch.cuda.amp.autocast(args...)` is deprecated. Please use `torch.amp.autocast('cuda', args...)` instead.
  with torch.cuda.amp.autocast():
    epoch 16  train_loss=0.0217  val_loss=0.0351  val_qwk=0.7608  val_acc=0.7164
/home/norak/R&I/kxs-/train.py:148: FutureWarning: `torch.cuda.amp.autocast(args...)` is deprecated. Please use `torch.amp.autocast('cuda', args...)` instead.
  with torch.cuda.amp.autocast():
/home/norak/R&I/kxs-/train.py:169: FutureWarning: `torch.cuda.amp.autocast(args...)` is deprecated. Please use `torch.amp.autocast('cuda', args...)` instead.
  with torch.cuda.amp.autocast():
    epoch 17  train_loss=0.0191  val_loss=0.0309  val_qwk=0.7745  val_acc=0.7463
/home/norak/R&I/kxs-/train.py:148: FutureWarning: `torch.cuda.amp.autocast(args...)` is deprecated. Please use `torch.amp.autocast('cuda', args...)` instead.
  with torch.cuda.amp.autocast():
/home/norak/R&I/kxs-/train.py:169: FutureWarning: `torch.cuda.amp.autocast(args...)` is deprecated. Please use `torch.amp.autocast('cuda', args...)` instead.
  with torch.cuda.amp.autocast():
    epoch 18  train_loss=0.0178  val_loss=0.0359  val_qwk=0.7272  val_acc=0.6716
/home/norak/R&I/kxs-/train.py:148: FutureWarning: `torch.cuda.amp.autocast(args...)` is deprecated. Please use `torch.amp.autocast('cuda', args...)` instead.
  with torch.cuda.amp.autocast():
/home/norak/R&I/kxs-/train.py:169: FutureWarning: `torch.cuda.amp.autocast(args...)` is deprecated. Please use `torch.amp.autocast('cuda', args...)` instead.
  with torch.cuda.amp.autocast():
    epoch 19  train_loss=0.0183  val_loss=0.0315  val_qwk=0.7670  val_acc=0.7090
/home/norak/R&I/kxs-/train.py:148: FutureWarning: `torch.cuda.amp.autocast(args...)` is deprecated. Please use `torch.amp.autocast('cuda', args...)` instead.
  with torch.cuda.amp.autocast():
/home/norak/R&I/kxs-/train.py:169: FutureWarning: `torch.cuda.amp.autocast(args...)` is deprecated. Please use `torch.amp.autocast('cuda', args...)` instead.
  with torch.cuda.amp.autocast():
    epoch 20  train_loss=0.0168  val_loss=0.0370  val_qwk=0.7052  val_acc=0.6343
/home/norak/R&I/kxs-/train.py:169: FutureWarning: `torch.cuda.amp.autocast(args...)` is deprecated. Please use `torch.amp.autocast('cuda', args...)` instead.
  with torch.cuda.amp.autocast():
/home/norak/R&I/kxs-/train.py:169: FutureWarning: `torch.cuda.amp.autocast(args...)` is deprecated. Please use `torch.amp.autocast('cuda', args...)` instead.
  with torch.cuda.amp.autocast():
/home/norak/R&I/kxs-/train.py:169: FutureWarning: `torch.cuda.amp.autocast(args...)` is deprecated. Please use `torch.amp.autocast('cuda', args...)` instead.
  with torch.cuda.amp.autocast():
  [clean_ra_cross_xlmr                ] train_qwk=0.8853 -> test_qwk=0.8350  raw_w1=0.7630  epoch=17  (85.7s)
Loading weights:   0%|          | 0/136 [00:00<?, ?it/s]Loading weights: 100%|██████████| 136/136 [00:00<00:00, 1632.74it/s]
[transformers] [1mNewModel LOAD REPORT[0m from: Alibaba-NLP/gte-multilingual-base
Key               | Status     |  | 
------------------+------------+--+-
classifier.bias   | UNEXPECTED |  | 
classifier.weight | UNEXPECTED |  | 

Notes:
- UNEXPECTED:	can be ignored when loading from different task/architecture; not ok if you expect identical arch.
/home/norak/R&I/kxs-/train.py:206: FutureWarning: `torch.cuda.amp.GradScaler(args...)` is deprecated. Please use `torch.amp.GradScaler('cuda', args...)` instead.
  scaler = torch.cuda.amp.GradScaler() if use_amp and device == "cuda" else None
/home/norak/R&I/kxs-/train.py:148: FutureWarning: `torch.cuda.amp.autocast(args...)` is deprecated. Please use `torch.amp.autocast('cuda', args...)` instead.
  with torch.cuda.amp.autocast():
/home/norak/R&I/kxs-/train.py:169: FutureWarning: `torch.cuda.amp.autocast(args...)` is deprecated. Please use `torch.amp.autocast('cuda', args...)` instead.
  with torch.cuda.amp.autocast():
    epoch  1  train_loss=0.0739  val_loss=0.0531  val_qwk=0.4946  val_acc=0.4030
/home/norak/R&I/kxs-/train.py:148: FutureWarning: `torch.cuda.amp.autocast(args...)` is deprecated. Please use `torch.amp.autocast('cuda', args...)` instead.
  with torch.cuda.amp.autocast():
/home/norak/R&I/kxs-/train.py:169: FutureWarning: `torch.cuda.amp.autocast(args...)` is deprecated. Please use `torch.amp.autocast('cuda', args...)` instead.
  with torch.cuda.amp.autocast():
    epoch  2  train_loss=0.0484  val_loss=0.0477  val_qwk=0.5451  val_acc=0.4627
/home/norak/R&I/kxs-/train.py:148: FutureWarning: `torch.cuda.amp.autocast(args...)` is deprecated. Please use `torch.amp.autocast('cuda', args...)` instead.
  with torch.cuda.amp.autocast():
/home/norak/R&I/kxs-/train.py:169: FutureWarning: `torch.cuda.amp.autocast(args...)` is deprecated. Please use `torch.amp.autocast('cuda', args...)` instead.
  with torch.cuda.amp.autocast():
    epoch  3  train_loss=0.0432  val_loss=0.0422  val_qwk=0.5675  val_acc=0.5149
/home/norak/R&I/kxs-/train.py:148: FutureWarning: `torch.cuda.amp.autocast(args...)` is deprecated. Please use `torch.amp.autocast('cuda', args...)` instead.
  with torch.cuda.amp.autocast():
/home/norak/R&I/kxs-/train.py:169: FutureWarning: `torch.cuda.amp.autocast(args...)` is deprecated. Please use `torch.amp.autocast('cuda', args...)` instead.
  with torch.cuda.amp.autocast():
    epoch  4  train_loss=0.0358  val_loss=0.0364  val_qwk=0.7240  val_acc=0.6493
/home/norak/R&I/kxs-/train.py:148: FutureWarning: `torch.cuda.amp.autocast(args...)` is deprecated. Please use `torch.amp.autocast('cuda', args...)` instead.
  with torch.cuda.amp.autocast():
/home/norak/R&I/kxs-/train.py:169: FutureWarning: `torch.cuda.amp.autocast(args...)` is deprecated. Please use `torch.amp.autocast('cuda', args...)` instead.
  with torch.cuda.amp.autocast():
    epoch  5  train_loss=0.0285  val_loss=0.0407  val_qwk=0.6532  val_acc=0.5746
/home/norak/R&I/kxs-/train.py:148: FutureWarning: `torch.cuda.amp.autocast(args...)` is deprecated. Please use `torch.amp.autocast('cuda', args...)` instead.
  with torch.cuda.amp.autocast():
/home/norak/R&I/kxs-/train.py:169: FutureWarning: `torch.cuda.amp.autocast(args...)` is deprecated. Please use `torch.amp.autocast('cuda', args...)` instead.
  with torch.cuda.amp.autocast():
    epoch  6  train_loss=0.0263  val_loss=0.0299  val_qwk=0.7449  val_acc=0.6866
/home/norak/R&I/kxs-/train.py:148: FutureWarning: `torch.cuda.amp.autocast(args...)` is deprecated. Please use `torch.amp.autocast('cuda', args...)` instead.
  with torch.cuda.amp.autocast():
/home/norak/R&I/kxs-/train.py:169: FutureWarning: `torch.cuda.amp.autocast(args...)` is deprecated. Please use `torch.amp.autocast('cuda', args...)` instead.
  with torch.cuda.amp.autocast():
    epoch  7  train_loss=0.0213  val_loss=0.0287  val_qwk=0.7923  val_acc=0.7388
/home/norak/R&I/kxs-/train.py:148: FutureWarning: `torch.cuda.amp.autocast(args...)` is deprecated. Please use `torch.amp.autocast('cuda', args...)` instead.
  with torch.cuda.amp.autocast():
/home/norak/R&I/kxs-/train.py:169: FutureWarning: `torch.cuda.amp.autocast(args...)` is deprecated. Please use `torch.amp.autocast('cuda', args...)` instead.
  with torch.cuda.amp.autocast():
    epoch  8  train_loss=0.0188  val_loss=0.0319  val_qwk=0.8143  val_acc=0.7463
/home/norak/R&I/kxs-/train.py:148: FutureWarning: `torch.cuda.amp.autocast(args...)` is deprecated. Please use `torch.amp.autocast('cuda', args...)` instead.
  with torch.cuda.amp.autocast():
/home/norak/R&I/kxs-/train.py:169: FutureWarning: `torch.cuda.amp.autocast(args...)` is deprecated. Please use `torch.amp.autocast('cuda', args...)` instead.
  with torch.cuda.amp.autocast():
    epoch  9  train_loss=0.0172  val_loss=0.0418  val_qwk=0.6980  val_acc=0.7015
/home/norak/R&I/kxs-/train.py:148: FutureWarning: `torch.cuda.amp.autocast(args...)` is deprecated. Please use `torch.amp.autocast('cuda', args...)` instead.
  with torch.cuda.amp.autocast():
/home/norak/R&I/kxs-/train.py:169: FutureWarning: `torch.cuda.amp.autocast(args...)` is deprecated. Please use `torch.amp.autocast('cuda', args...)` instead.
  with torch.cuda.amp.autocast():
    epoch 10  train_loss=0.0148  val_loss=0.0300  val_qwk=0.7681  val_acc=0.7239
/home/norak/R&I/kxs-/train.py:148: FutureWarning: `torch.cuda.amp.autocast(args...)` is deprecated. Please use `torch.amp.autocast('cuda', args...)` instead.
  with torch.cuda.amp.autocast():
/home/norak/R&I/kxs-/train.py:169: FutureWarning: `torch.cuda.amp.autocast(args...)` is deprecated. Please use `torch.amp.autocast('cuda', args...)` instead.
  with torch.cuda.amp.autocast():
    epoch 11  train_loss=0.0158  val_loss=0.0442  val_qwk=0.6386  val_acc=0.6791
/home/norak/R&I/kxs-/train.py:148: FutureWarning: `torch.cuda.amp.autocast(args...)` is deprecated. Please use `torch.amp.autocast('cuda', args...)` instead.
  with torch.cuda.amp.autocast():
/home/norak/R&I/kxs-/train.py:169: FutureWarning: `torch.cuda.amp.autocast(args...)` is deprecated. Please use `torch.amp.autocast('cuda', args...)` instead.
  with torch.cuda.amp.autocast():
    epoch 12  train_loss=0.0154  val_loss=0.0277  val_qwk=0.7966  val_acc=0.7090
    early-stop at epoch 12 (best epoch=8, best_qwk=0.8143)
/home/norak/R&I/kxs-/train.py:169: FutureWarning: `torch.cuda.amp.autocast(args...)` is deprecated. Please use `torch.amp.autocast('cuda', args...)` instead.
  with torch.cuda.amp.autocast():
/home/norak/R&I/kxs-/train.py:169: FutureWarning: `torch.cuda.amp.autocast(args...)` is deprecated. Please use `torch.amp.autocast('cuda', args...)` instead.
  with torch.cuda.amp.autocast():
/home/norak/R&I/kxs-/train.py:169: FutureWarning: `torch.cuda.amp.autocast(args...)` is deprecated. Please use `torch.amp.autocast('cuda', args...)` instead.
  with torch.cuda.amp.autocast():
  [clean_ra_cross_gte                 ] train_qwk=0.8842 -> test_qwk=0.7773  raw_w1=0.7037  epoch=8  (63.0s)
Loading weights:   0%|          | 0/199 [00:00<?, ?it/s]Loading weights: 100%|██████████| 199/199 [00:00<00:00, 3007.35it/s]
[transformers] [1mBertModel LOAD REPORT[0m from: bert-base-multilingual-cased
Key                                        | Status     |  | 
-------------------------------------------+------------+--+-
cls.predictions.transform.dense.weight     | UNEXPECTED |  | 
cls.seq_relationship.weight                | UNEXPECTED |  | 
cls.seq_relationship.bias                  | UNEXPECTED |  | 
cls.predictions.transform.LayerNorm.bias   | UNEXPECTED |  | 
cls.predictions.bias                       | UNEXPECTED |  | 
cls.predictions.transform.dense.bias       | UNEXPECTED |  | 
cls.predictions.transform.LayerNorm.weight | UNEXPECTED |  | 

Notes:
- UNEXPECTED:	can be ignored when loading from different task/architecture; not ok if you expect identical arch.
/home/norak/R&I/kxs-/train.py:206: FutureWarning: `torch.cuda.amp.GradScaler(args...)` is deprecated. Please use `torch.amp.GradScaler('cuda', args...)` instead.
  scaler = torch.cuda.amp.GradScaler() if use_amp and device == "cuda" else None
/home/norak/R&I/kxs-/train.py:148: FutureWarning: `torch.cuda.amp.autocast(args...)` is deprecated. Please use `torch.amp.autocast('cuda', args...)` instead.
  with torch.cuda.amp.autocast():
/home/norak/R&I/kxs-/train.py:169: FutureWarning: `torch.cuda.amp.autocast(args...)` is deprecated. Please use `torch.amp.autocast('cuda', args...)` instead.
  with torch.cuda.amp.autocast():
    epoch  1  train_loss=0.0762  val_loss=0.0664  val_qwk=0.1692  val_acc=0.1791
/home/norak/R&I/kxs-/train.py:148: FutureWarning: `torch.cuda.amp.autocast(args...)` is deprecated. Please use `torch.amp.autocast('cuda', args...)` instead.
  with torch.cuda.amp.autocast():
/home/norak/R&I/kxs-/train.py:169: FutureWarning: `torch.cuda.amp.autocast(args...)` is deprecated. Please use `torch.amp.autocast('cuda', args...)` instead.
  with torch.cuda.amp.autocast():
    epoch  2  train_loss=0.0600  val_loss=0.0644  val_qwk=0.3276  val_acc=0.3955
/home/norak/R&I/kxs-/train.py:148: FutureWarning: `torch.cuda.amp.autocast(args...)` is deprecated. Please use `torch.amp.autocast('cuda', args...)` instead.
  with torch.cuda.amp.autocast():
/home/norak/R&I/kxs-/train.py:169: FutureWarning: `torch.cuda.amp.autocast(args...)` is deprecated. Please use `torch.amp.autocast('cuda', args...)` instead.
  with torch.cuda.amp.autocast():
    epoch  3  train_loss=0.0521  val_loss=0.0591  val_qwk=0.3575  val_acc=0.3358
/home/norak/R&I/kxs-/train.py:148: FutureWarning: `torch.cuda.amp.autocast(args...)` is deprecated. Please use `torch.amp.autocast('cuda', args...)` instead.
  with torch.cuda.amp.autocast():
/home/norak/R&I/kxs-/train.py:169: FutureWarning: `torch.cuda.amp.autocast(args...)` is deprecated. Please use `torch.amp.autocast('cuda', args...)` instead.
  with torch.cuda.amp.autocast():
    epoch  4  train_loss=0.0503  val_loss=0.0557  val_qwk=0.4436  val_acc=0.3284
/home/norak/R&I/kxs-/train.py:148: FutureWarning: `torch.cuda.amp.autocast(args...)` is deprecated. Please use `torch.amp.autocast('cuda', args...)` instead.
  with torch.cuda.amp.autocast():
/home/norak/R&I/kxs-/train.py:169: FutureWarning: `torch.cuda.amp.autocast(args...)` is deprecated. Please use `torch.amp.autocast('cuda', args...)` instead.
  with torch.cuda.amp.autocast():
    epoch  5  train_loss=0.0497  val_loss=0.0533  val_qwk=0.5334  val_acc=0.4776
/home/norak/R&I/kxs-/train.py:148: FutureWarning: `torch.cuda.amp.autocast(args...)` is deprecated. Please use `torch.amp.autocast('cuda', args...)` instead.
  with torch.cuda.amp.autocast():
/home/norak/R&I/kxs-/train.py:169: FutureWarning: `torch.cuda.amp.autocast(args...)` is deprecated. Please use `torch.amp.autocast('cuda', args...)` instead.
  with torch.cuda.amp.autocast():
    epoch  6  train_loss=0.0519  val_loss=0.0537  val_qwk=0.4900  val_acc=0.3881
/home/norak/R&I/kxs-/train.py:148: FutureWarning: `torch.cuda.amp.autocast(args...)` is deprecated. Please use `torch.amp.autocast('cuda', args...)` instead.
  with torch.cuda.amp.autocast():
/home/norak/R&I/kxs-/train.py:169: FutureWarning: `torch.cuda.amp.autocast(args...)` is deprecated. Please use `torch.amp.autocast('cuda', args...)` instead.
  with torch.cuda.amp.autocast():
    epoch  7  train_loss=0.0476  val_loss=0.0549  val_qwk=0.4870  val_acc=0.4701
/home/norak/R&I/kxs-/train.py:148: FutureWarning: `torch.cuda.amp.autocast(args...)` is deprecated. Please use `torch.amp.autocast('cuda', args...)` instead.
  with torch.cuda.amp.autocast():
/home/norak/R&I/kxs-/train.py:169: FutureWarning: `torch.cuda.amp.autocast(args...)` is deprecated. Please use `torch.amp.autocast('cuda', args...)` instead.
  with torch.cuda.amp.autocast():
    epoch  8  train_loss=0.0463  val_loss=0.0542  val_qwk=0.5399  val_acc=0.5448
/home/norak/R&I/kxs-/train.py:148: FutureWarning: `torch.cuda.amp.autocast(args...)` is deprecated. Please use `torch.amp.autocast('cuda', args...)` instead.
  with torch.cuda.amp.autocast():
/home/norak/R&I/kxs-/train.py:169: FutureWarning: `torch.cuda.amp.autocast(args...)` is deprecated. Please use `torch.amp.autocast('cuda', args...)` instead.
  with torch.cuda.amp.autocast():
    epoch  9  train_loss=0.0440  val_loss=0.0515  val_qwk=0.5440  val_acc=0.5522
/home/norak/R&I/kxs-/train.py:148: FutureWarning: `torch.cuda.amp.autocast(args...)` is deprecated. Please use `torch.amp.autocast('cuda', args...)` instead.
  with torch.cuda.amp.autocast():
/home/norak/R&I/kxs-/train.py:169: FutureWarning: `torch.cuda.amp.autocast(args...)` is deprecated. Please use `torch.amp.autocast('cuda', args...)` instead.
  with torch.cuda.amp.autocast():
    epoch 10  train_loss=0.0453  val_loss=0.0605  val_qwk=0.4587  val_acc=0.5075
/home/norak/R&I/kxs-/train.py:148: FutureWarning: `torch.cuda.amp.autocast(args...)` is deprecated. Please use `torch.amp.autocast('cuda', args...)` instead.
  with torch.cuda.amp.autocast():
/home/norak/R&I/kxs-/train.py:169: FutureWarning: `torch.cuda.amp.autocast(args...)` is deprecated. Please use `torch.amp.autocast('cuda', args...)` instead.
  with torch.cuda.amp.autocast():
    epoch 11  train_loss=0.0506  val_loss=0.0562  val_qwk=0.5158  val_acc=0.4552
/home/norak/R&I/kxs-/train.py:148: FutureWarning: `torch.cuda.amp.autocast(args...)` is deprecated. Please use `torch.amp.autocast('cuda', args...)` instead.
  with torch.cuda.amp.autocast():
/home/norak/R&I/kxs-/train.py:169: FutureWarning: `torch.cuda.amp.autocast(args...)` is deprecated. Please use `torch.amp.autocast('cuda', args...)` instead.
  with torch.cuda.amp.autocast():
    epoch 12  train_loss=0.0456  val_loss=0.0510  val_qwk=0.5196  val_acc=0.4627
/home/norak/R&I/kxs-/train.py:148: FutureWarning: `torch.cuda.amp.autocast(args...)` is deprecated. Please use `torch.amp.autocast('cuda', args...)` instead.
  with torch.cuda.amp.autocast():
/home/norak/R&I/kxs-/train.py:169: FutureWarning: `torch.cuda.amp.autocast(args...)` is deprecated. Please use `torch.amp.autocast('cuda', args...)` instead.
  with torch.cuda.amp.autocast():
    epoch 13  train_loss=0.0430  val_loss=0.0510  val_qwk=0.5572  val_acc=0.5522
/home/norak/R&I/kxs-/train.py:148: FutureWarning: `torch.cuda.amp.autocast(args...)` is deprecated. Please use `torch.amp.autocast('cuda', args...)` instead.
  with torch.cuda.amp.autocast():
/home/norak/R&I/kxs-/train.py:169: FutureWarning: `torch.cuda.amp.autocast(args...)` is deprecated. Please use `torch.amp.autocast('cuda', args...)` instead.
  with torch.cuda.amp.autocast():
    epoch 14  train_loss=0.0417  val_loss=0.0528  val_qwk=0.5083  val_acc=0.5149
/home/norak/R&I/kxs-/train.py:148: FutureWarning: `torch.cuda.amp.autocast(args...)` is deprecated. Please use `torch.amp.autocast('cuda', args...)` instead.
  with torch.cuda.amp.autocast():
/home/norak/R&I/kxs-/train.py:169: FutureWarning: `torch.cuda.amp.autocast(args...)` is deprecated. Please use `torch.amp.autocast('cuda', args...)` instead.
  with torch.cuda.amp.autocast():
    epoch 15  train_loss=0.0414  val_loss=0.0493  val_qwk=0.5398  val_acc=0.4776
/home/norak/R&I/kxs-/train.py:148: FutureWarning: `torch.cuda.amp.autocast(args...)` is deprecated. Please use `torch.amp.autocast('cuda', args...)` instead.
  with torch.cuda.amp.autocast():
/home/norak/R&I/kxs-/train.py:169: FutureWarning: `torch.cuda.amp.autocast(args...)` is deprecated. Please use `torch.amp.autocast('cuda', args...)` instead.
  with torch.cuda.amp.autocast():
    epoch 16  train_loss=0.0408  val_loss=0.0516  val_qwk=0.5293  val_acc=0.5448
/home/norak/R&I/kxs-/train.py:148: FutureWarning: `torch.cuda.amp.autocast(args...)` is deprecated. Please use `torch.amp.autocast('cuda', args...)` instead.
  with torch.cuda.amp.autocast():
/home/norak/R&I/kxs-/train.py:169: FutureWarning: `torch.cuda.amp.autocast(args...)` is deprecated. Please use `torch.amp.autocast('cuda', args...)` instead.
  with torch.cuda.amp.autocast():
    epoch 17  train_loss=0.0427  val_loss=0.0493  val_qwk=0.5774  val_acc=0.5746
/home/norak/R&I/kxs-/train.py:148: FutureWarning: `torch.cuda.amp.autocast(args...)` is deprecated. Please use `torch.amp.autocast('cuda', args...)` instead.
  with torch.cuda.amp.autocast():
/home/norak/R&I/kxs-/train.py:169: FutureWarning: `torch.cuda.amp.autocast(args...)` is deprecated. Please use `torch.amp.autocast('cuda', args...)` instead.
  with torch.cuda.amp.autocast():
    epoch 18  train_loss=0.0416  val_loss=0.0513  val_qwk=0.5619  val_acc=0.5746
/home/norak/R&I/kxs-/train.py:148: FutureWarning: `torch.cuda.amp.autocast(args...)` is deprecated. Please use `torch.amp.autocast('cuda', args...)` instead.
  with torch.cuda.amp.autocast():
/home/norak/R&I/kxs-/train.py:169: FutureWarning: `torch.cuda.amp.autocast(args...)` is deprecated. Please use `torch.amp.autocast('cuda', args...)` instead.
  with torch.cuda.amp.autocast():
    epoch 19  train_loss=0.0410  val_loss=0.0510  val_qwk=0.5804  val_acc=0.5299
/home/norak/R&I/kxs-/train.py:148: FutureWarning: `torch.cuda.amp.autocast(args...)` is deprecated. Please use `torch.amp.autocast('cuda', args...)` instead.
  with torch.cuda.amp.autocast():
/home/norak/R&I/kxs-/train.py:169: FutureWarning: `torch.cuda.amp.autocast(args...)` is deprecated. Please use `torch.amp.autocast('cuda', args...)` instead.
  with torch.cuda.amp.autocast():
    epoch 20  train_loss=0.0422  val_loss=0.0490  val_qwk=0.5316  val_acc=0.4701
/home/norak/R&I/kxs-/train.py:169: FutureWarning: `torch.cuda.amp.autocast(args...)` is deprecated. Please use `torch.amp.autocast('cuda', args...)` instead.
  with torch.cuda.amp.autocast():
/home/norak/R&I/kxs-/train.py:169: FutureWarning: `torch.cuda.amp.autocast(args...)` is deprecated. Please use `torch.amp.autocast('cuda', args...)` instead.
  with torch.cuda.amp.autocast():
/home/norak/R&I/kxs-/train.py:169: FutureWarning: `torch.cuda.amp.autocast(args...)` is deprecated. Please use `torch.amp.autocast('cuda', args...)` instead.
  with torch.cuda.amp.autocast():
  [clean_qar_dual_mbert               ] FAILED in 113.6s: RuntimeError: [enforce fail at inline_container.cc:672] . unexpected pos 27200 vs 27094
Loading weights:   0%|          | 0/199 [00:00<?, ?it/s]Loading weights: 100%|██████████| 199/199 [00:00<00:00, 2962.74it/s]
[transformers] [1mXLMRobertaModel LOAD REPORT[0m from: xlm-roberta-base
Key                       | Status     |  | 
--------------------------+------------+--+-
lm_head.dense.weight      | UNEXPECTED |  | 
lm_head.layer_norm.weight | UNEXPECTED |  | 
lm_head.dense.bias        | UNEXPECTED |  | 
lm_head.layer_norm.bias   | UNEXPECTED |  | 
lm_head.bias              | UNEXPECTED |  | 

Notes:
- UNEXPECTED:	can be ignored when loading from different task/architecture; not ok if you expect identical arch.
/home/norak/R&I/kxs-/train.py:206: FutureWarning: `torch.cuda.amp.GradScaler(args...)` is deprecated. Please use `torch.amp.GradScaler('cuda', args...)` instead.
  scaler = torch.cuda.amp.GradScaler() if use_amp and device == "cuda" else None
/home/norak/R&I/kxs-/train.py:148: FutureWarning: `torch.cuda.amp.autocast(args...)` is deprecated. Please use `torch.amp.autocast('cuda', args...)` instead.
  with torch.cuda.amp.autocast():
/home/norak/R&I/kxs-/train.py:169: FutureWarning: `torch.cuda.amp.autocast(args...)` is deprecated. Please use `torch.amp.autocast('cuda', args...)` instead.
  with torch.cuda.amp.autocast():
    epoch  1  train_loss=0.0989  val_loss=0.0781  val_qwk=0.3082  val_acc=0.4627
/home/norak/R&I/kxs-/train.py:148: FutureWarning: `torch.cuda.amp.autocast(args...)` is deprecated. Please use `torch.amp.autocast('cuda', args...)` instead.
  with torch.cuda.amp.autocast():
/home/norak/R&I/kxs-/train.py:169: FutureWarning: `torch.cuda.amp.autocast(args...)` is deprecated. Please use `torch.amp.autocast('cuda', args...)` instead.
  with torch.cuda.amp.autocast():
    epoch  2  train_loss=0.0664  val_loss=0.0599  val_qwk=0.5170  val_acc=0.5075
/home/norak/R&I/kxs-/train.py:148: FutureWarning: `torch.cuda.amp.autocast(args...)` is deprecated. Please use `torch.amp.autocast('cuda', args...)` instead.
  with torch.cuda.amp.autocast():
/home/norak/R&I/kxs-/train.py:169: FutureWarning: `torch.cuda.amp.autocast(args...)` is deprecated. Please use `torch.amp.autocast('cuda', args...)` instead.
  with torch.cuda.amp.autocast():
    epoch  3  train_loss=0.0578  val_loss=0.0607  val_qwk=0.4816  val_acc=0.5075
/home/norak/R&I/kxs-/train.py:148: FutureWarning: `torch.cuda.amp.autocast(args...)` is deprecated. Please use `torch.amp.autocast('cuda', args...)` instead.
  with torch.cuda.amp.autocast():
/home/norak/R&I/kxs-/train.py:169: FutureWarning: `torch.cuda.amp.autocast(args...)` is deprecated. Please use `torch.amp.autocast('cuda', args...)` instead.
  with torch.cuda.amp.autocast():
    epoch  4  train_loss=0.0573  val_loss=0.0512  val_qwk=0.5028  val_acc=0.3955
/home/norak/R&I/kxs-/train.py:148: FutureWarning: `torch.cuda.amp.autocast(args...)` is deprecated. Please use `torch.amp.autocast('cuda', args...)` instead.
  with torch.cuda.amp.autocast():
/home/norak/R&I/kxs-/train.py:169: FutureWarning: `torch.cuda.amp.autocast(args...)` is deprecated. Please use `torch.amp.autocast('cuda', args...)` instead.
  with torch.cuda.amp.autocast():
    epoch  5  train_loss=0.0496  val_loss=0.0509  val_qwk=0.5623  val_acc=0.4776
/home/norak/R&I/kxs-/train.py:148: FutureWarning: `torch.cuda.amp.autocast(args...)` is deprecated. Please use `torch.amp.autocast('cuda', args...)` instead.
  with torch.cuda.amp.autocast():
/home/norak/R&I/kxs-/train.py:169: FutureWarning: `torch.cuda.amp.autocast(args...)` is deprecated. Please use `torch.amp.autocast('cuda', args...)` instead.
  with torch.cuda.amp.autocast():
    epoch  6  train_loss=0.0488  val_loss=0.0490  val_qwk=0.5481  val_acc=0.5075
/home/norak/R&I/kxs-/train.py:148: FutureWarning: `torch.cuda.amp.autocast(args...)` is deprecated. Please use `torch.amp.autocast('cuda', args...)` instead.
  with torch.cuda.amp.autocast():
/home/norak/R&I/kxs-/train.py:169: FutureWarning: `torch.cuda.amp.autocast(args...)` is deprecated. Please use `torch.amp.autocast('cuda', args...)` instead.
  with torch.cuda.amp.autocast():
    epoch  7  train_loss=0.0487  val_loss=0.0416  val_qwk=0.6488  val_acc=0.5448
/home/norak/R&I/kxs-/train.py:148: FutureWarning: `torch.cuda.amp.autocast(args...)` is deprecated. Please use `torch.amp.autocast('cuda', args...)` instead.
  with torch.cuda.amp.autocast():
/home/norak/R&I/kxs-/train.py:169: FutureWarning: `torch.cuda.amp.autocast(args...)` is deprecated. Please use `torch.amp.autocast('cuda', args...)` instead.
  with torch.cuda.amp.autocast():
    epoch  8  train_loss=0.0421  val_loss=0.0389  val_qwk=0.6559  val_acc=0.5000
/home/norak/R&I/kxs-/train.py:148: FutureWarning: `torch.cuda.amp.autocast(args...)` is deprecated. Please use `torch.amp.autocast('cuda', args...)` instead.
  with torch.cuda.amp.autocast():
/home/norak/R&I/kxs-/train.py:169: FutureWarning: `torch.cuda.amp.autocast(args...)` is deprecated. Please use `torch.amp.autocast('cuda', args...)` instead.
  with torch.cuda.amp.autocast():
    epoch  9  train_loss=0.0340  val_loss=0.0339  val_qwk=0.6798  val_acc=0.5746
/home/norak/R&I/kxs-/train.py:148: FutureWarning: `torch.cuda.amp.autocast(args...)` is deprecated. Please use `torch.amp.autocast('cuda', args...)` instead.
  with torch.cuda.amp.autocast():
/home/norak/R&I/kxs-/train.py:169: FutureWarning: `torch.cuda.amp.autocast(args...)` is deprecated. Please use `torch.amp.autocast('cuda', args...)` instead.
  with torch.cuda.amp.autocast():
    epoch 10  train_loss=0.0308  val_loss=0.0419  val_qwk=0.6714  val_acc=0.5970
/home/norak/R&I/kxs-/train.py:148: FutureWarning: `torch.cuda.amp.autocast(args...)` is deprecated. Please use `torch.amp.autocast('cuda', args...)` instead.
  with torch.cuda.amp.autocast():
/home/norak/R&I/kxs-/train.py:169: FutureWarning: `torch.cuda.amp.autocast(args...)` is deprecated. Please use `torch.amp.autocast('cuda', args...)` instead.
  with torch.cuda.amp.autocast():
    epoch 11  train_loss=0.0311  val_loss=0.0308  val_qwk=0.7594  val_acc=0.6418
/home/norak/R&I/kxs-/train.py:148: FutureWarning: `torch.cuda.amp.autocast(args...)` is deprecated. Please use `torch.amp.autocast('cuda', args...)` instead.
  with torch.cuda.amp.autocast():
/home/norak/R&I/kxs-/train.py:169: FutureWarning: `torch.cuda.amp.autocast(args...)` is deprecated. Please use `torch.amp.autocast('cuda', args...)` instead.
  with torch.cuda.amp.autocast():
    epoch 12  train_loss=0.0273  val_loss=0.0298  val_qwk=0.8035  val_acc=0.6791
/home/norak/R&I/kxs-/train.py:148: FutureWarning: `torch.cuda.amp.autocast(args...)` is deprecated. Please use `torch.amp.autocast('cuda', args...)` instead.
  with torch.cuda.amp.autocast():
/home/norak/R&I/kxs-/train.py:169: FutureWarning: `torch.cuda.amp.autocast(args...)` is deprecated. Please use `torch.amp.autocast('cuda', args...)` instead.
  with torch.cuda.amp.autocast():
    epoch 13  train_loss=0.0246  val_loss=0.0338  val_qwk=0.7752  val_acc=0.7015
/home/norak/R&I/kxs-/train.py:148: FutureWarning: `torch.cuda.amp.autocast(args...)` is deprecated. Please use `torch.amp.autocast('cuda', args...)` instead.
  with torch.cuda.amp.autocast():
/home/norak/R&I/kxs-/train.py:169: FutureWarning: `torch.cuda.amp.autocast(args...)` is deprecated. Please use `torch.amp.autocast('cuda', args...)` instead.
  with torch.cuda.amp.autocast():
    epoch 14  train_loss=0.0239  val_loss=0.0290  val_qwk=0.7724  val_acc=0.6716
/home/norak/R&I/kxs-/train.py:148: FutureWarning: `torch.cuda.amp.autocast(args...)` is deprecated. Please use `torch.amp.autocast('cuda', args...)` instead.
  with torch.cuda.amp.autocast():
/home/norak/R&I/kxs-/train.py:169: FutureWarning: `torch.cuda.amp.autocast(args...)` is deprecated. Please use `torch.amp.autocast('cuda', args...)` instead.
  with torch.cuda.amp.autocast():
    epoch 15  train_loss=0.0217  val_loss=0.0343  val_qwk=0.7804  val_acc=0.6567
/home/norak/R&I/kxs-/train.py:148: FutureWarning: `torch.cuda.amp.autocast(args...)` is deprecated. Please use `torch.amp.autocast('cuda', args...)` instead.
  with torch.cuda.amp.autocast():
/home/norak/R&I/kxs-/train.py:169: FutureWarning: `torch.cuda.amp.autocast(args...)` is deprecated. Please use `torch.amp.autocast('cuda', args...)` instead.
  with torch.cuda.amp.autocast():
    epoch 16  train_loss=0.0188  val_loss=0.0357  val_qwk=0.7176  val_acc=0.6642
    early-stop at epoch 16 (best epoch=12, best_qwk=0.8035)
/home/norak/R&I/kxs-/train.py:169: FutureWarning: `torch.cuda.amp.autocast(args...)` is deprecated. Please use `torch.amp.autocast('cuda', args...)` instead.
  with torch.cuda.amp.autocast():
/home/norak/R&I/kxs-/train.py:169: FutureWarning: `torch.cuda.amp.autocast(args...)` is deprecated. Please use `torch.amp.autocast('cuda', args...)` instead.
  with torch.cuda.amp.autocast():
/home/norak/R&I/kxs-/train.py:169: FutureWarning: `torch.cuda.amp.autocast(args...)` is deprecated. Please use `torch.amp.autocast('cuda', args...)` instead.
  with torch.cuda.amp.autocast():
  [clean_qar_dual_xlmr                ] FAILED in 97.7s: RuntimeError: [enforce fail at inline_container.cc:672] . unexpected pos 27200 vs 27094
Loading weights:   0%|          | 0/136 [00:00<?, ?it/s]Loading weights:  77%|███████▋  | 105/136 [00:00<00:00, 1046.04it/s]Loading weights: 100%|██████████| 136/136 [00:00<00:00, 1164.39it/s]
[transformers] [1mNewModel LOAD REPORT[0m from: Alibaba-NLP/gte-multilingual-base
Key               | Status     |  | 
------------------+------------+--+-
classifier.bias   | UNEXPECTED |  | 
classifier.weight | UNEXPECTED |  | 

Notes:
- UNEXPECTED:	can be ignored when loading from different task/architecture; not ok if you expect identical arch.
/home/norak/R&I/kxs-/train.py:206: FutureWarning: `torch.cuda.amp.GradScaler(args...)` is deprecated. Please use `torch.amp.GradScaler('cuda', args...)` instead.
  scaler = torch.cuda.amp.GradScaler() if use_amp and device == "cuda" else None
/home/norak/R&I/kxs-/train.py:148: FutureWarning: `torch.cuda.amp.autocast(args...)` is deprecated. Please use `torch.amp.autocast('cuda', args...)` instead.
  with torch.cuda.amp.autocast():
/home/norak/R&I/kxs-/train.py:169: FutureWarning: `torch.cuda.amp.autocast(args...)` is deprecated. Please use `torch.amp.autocast('cuda', args...)` instead.
  with torch.cuda.amp.autocast():
    epoch  1  train_loss=0.0735  val_loss=0.0508  val_qwk=0.5179  val_acc=0.4179
/home/norak/R&I/kxs-/train.py:148: FutureWarning: `torch.cuda.amp.autocast(args...)` is deprecated. Please use `torch.amp.autocast('cuda', args...)` instead.
  with torch.cuda.amp.autocast():
/home/norak/R&I/kxs-/train.py:169: FutureWarning: `torch.cuda.amp.autocast(args...)` is deprecated. Please use `torch.amp.autocast('cuda', args...)` instead.
  with torch.cuda.amp.autocast():
    epoch  2  train_loss=0.0454  val_loss=0.0412  val_qwk=0.6011  val_acc=0.5000
/home/norak/R&I/kxs-/train.py:148: FutureWarning: `torch.cuda.amp.autocast(args...)` is deprecated. Please use `torch.amp.autocast('cuda', args...)` instead.
  with torch.cuda.amp.autocast():
/home/norak/R&I/kxs-/train.py:169: FutureWarning: `torch.cuda.amp.autocast(args...)` is deprecated. Please use `torch.amp.autocast('cuda', args...)` instead.
  with torch.cuda.amp.autocast():
    epoch  3  train_loss=0.0357  val_loss=0.0340  val_qwk=0.7313  val_acc=0.6343
/home/norak/R&I/kxs-/train.py:148: FutureWarning: `torch.cuda.amp.autocast(args...)` is deprecated. Please use `torch.amp.autocast('cuda', args...)` instead.
  with torch.cuda.amp.autocast():
/home/norak/R&I/kxs-/train.py:169: FutureWarning: `torch.cuda.amp.autocast(args...)` is deprecated. Please use `torch.amp.autocast('cuda', args...)` instead.
  with torch.cuda.amp.autocast():
    epoch  4  train_loss=0.0285  val_loss=0.0289  val_qwk=0.7983  val_acc=0.7313
/home/norak/R&I/kxs-/train.py:148: FutureWarning: `torch.cuda.amp.autocast(args...)` is deprecated. Please use `torch.amp.autocast('cuda', args...)` instead.
  with torch.cuda.amp.autocast():
/home/norak/R&I/kxs-/train.py:169: FutureWarning: `torch.cuda.amp.autocast(args...)` is deprecated. Please use `torch.amp.autocast('cuda', args...)` instead.
  with torch.cuda.amp.autocast():
    epoch  5  train_loss=0.0233  val_loss=0.0330  val_qwk=0.7899  val_acc=0.7239
/home/norak/R&I/kxs-/train.py:148: FutureWarning: `torch.cuda.amp.autocast(args...)` is deprecated. Please use `torch.amp.autocast('cuda', args...)` instead.
  with torch.cuda.amp.autocast():
/home/norak/R&I/kxs-/train.py:169: FutureWarning: `torch.cuda.amp.autocast(args...)` is deprecated. Please use `torch.amp.autocast('cuda', args...)` instead.
  with torch.cuda.amp.autocast():
    epoch  6  train_loss=0.0191  val_loss=0.0332  val_qwk=0.7937  val_acc=0.7463
/home/norak/R&I/kxs-/train.py:148: FutureWarning: `torch.cuda.amp.autocast(args...)` is deprecated. Please use `torch.amp.autocast('cuda', args...)` instead.
  with torch.cuda.amp.autocast():
/home/norak/R&I/kxs-/train.py:169: FutureWarning: `torch.cuda.amp.autocast(args...)` is deprecated. Please use `torch.amp.autocast('cuda', args...)` instead.
  with torch.cuda.amp.autocast():
    epoch  7  train_loss=0.0177  val_loss=0.0253  val_qwk=0.8234  val_acc=0.7537
/home/norak/R&I/kxs-/train.py:148: FutureWarning: `torch.cuda.amp.autocast(args...)` is deprecated. Please use `torch.amp.autocast('cuda', args...)` instead.
  with torch.cuda.amp.autocast():
/home/norak/R&I/kxs-/train.py:169: FutureWarning: `torch.cuda.amp.autocast(args...)` is deprecated. Please use `torch.amp.autocast('cuda', args...)` instead.
  with torch.cuda.amp.autocast():
    epoch  8  train_loss=0.0136  val_loss=0.0279  val_qwk=0.8129  val_acc=0.7164
/home/norak/R&I/kxs-/train.py:148: FutureWarning: `torch.cuda.amp.autocast(args...)` is deprecated. Please use `torch.amp.autocast('cuda', args...)` instead.
  with torch.cuda.amp.autocast():
/home/norak/R&I/kxs-/train.py:169: FutureWarning: `torch.cuda.amp.autocast(args...)` is deprecated. Please use `torch.amp.autocast('cuda', args...)` instead.
  with torch.cuda.amp.autocast():
    epoch  9  train_loss=0.0126  val_loss=0.0281  val_qwk=0.8128  val_acc=0.7463
/home/norak/R&I/kxs-/train.py:148: FutureWarning: `torch.cuda.amp.autocast(args...)` is deprecated. Please use `torch.amp.autocast('cuda', args...)` instead.
  with torch.cuda.amp.autocast():
/home/norak/R&I/kxs-/train.py:169: FutureWarning: `torch.cuda.amp.autocast(args...)` is deprecated. Please use `torch.amp.autocast('cuda', args...)` instead.
  with torch.cuda.amp.autocast():
    epoch 10  train_loss=0.0102  val_loss=0.0301  val_qwk=0.8213  val_acc=0.7463
/home/norak/R&I/kxs-/train.py:148: FutureWarning: `torch.cuda.amp.autocast(args...)` is deprecated. Please use `torch.amp.autocast('cuda', args...)` instead.
  with torch.cuda.amp.autocast():
/home/norak/R&I/kxs-/train.py:169: FutureWarning: `torch.cuda.amp.autocast(args...)` is deprecated. Please use `torch.amp.autocast('cuda', args...)` instead.
  with torch.cuda.amp.autocast():
    epoch 11  train_loss=0.0096  val_loss=0.0282  val_qwk=0.7880  val_acc=0.7313
    early-stop at epoch 11 (best epoch=7, best_qwk=0.8234)
/home/norak/R&I/kxs-/train.py:169: FutureWarning: `torch.cuda.amp.autocast(args...)` is deprecated. Please use `torch.amp.autocast('cuda', args...)` instead.
  with torch.cuda.amp.autocast():
/home/norak/R&I/kxs-/train.py:169: FutureWarning: `torch.cuda.amp.autocast(args...)` is deprecated. Please use `torch.amp.autocast('cuda', args...)` instead.
  with torch.cuda.amp.autocast():
/home/norak/R&I/kxs-/train.py:169: FutureWarning: `torch.cuda.amp.autocast(args...)` is deprecated. Please use `torch.amp.autocast('cuda', args...)` instead.
  with torch.cuda.amp.autocast():
  [clean_qar_dual_gte                 ] FAILED in 81.7s: RuntimeError: [enforce fail at inline_container.cc:672] . unexpected pos 17792 vs 17686
Loading weights:   0%|          | 0/199 [00:00<?, ?it/s]Loading weights: 100%|██████████| 199/199 [00:00<00:00, 2933.03it/s]
[transformers] [1mBertModel LOAD REPORT[0m from: bert-base-multilingual-cased
Key                                        | Status     |  | 
-------------------------------------------+------------+--+-
cls.predictions.transform.dense.weight     | UNEXPECTED |  | 
cls.seq_relationship.weight                | UNEXPECTED |  | 
cls.seq_relationship.bias                  | UNEXPECTED |  | 
cls.predictions.transform.LayerNorm.bias   | UNEXPECTED |  | 
cls.predictions.bias                       | UNEXPECTED |  | 
cls.predictions.transform.dense.bias       | UNEXPECTED |  | 
cls.predictions.transform.LayerNorm.weight | UNEXPECTED |  | 

Notes:
- UNEXPECTED:	can be ignored when loading from different task/architecture; not ok if you expect identical arch.
/home/norak/R&I/kxs-/train.py:206: FutureWarning: `torch.cuda.amp.GradScaler(args...)` is deprecated. Please use `torch.amp.GradScaler('cuda', args...)` instead.
  scaler = torch.cuda.amp.GradScaler() if use_amp and device == "cuda" else None
/home/norak/R&I/kxs-/train.py:148: FutureWarning: `torch.cuda.amp.autocast(args...)` is deprecated. Please use `torch.amp.autocast('cuda', args...)` instead.
  with torch.cuda.amp.autocast():
/home/norak/R&I/kxs-/train.py:169: FutureWarning: `torch.cuda.amp.autocast(args...)` is deprecated. Please use `torch.amp.autocast('cuda', args...)` instead.
  with torch.cuda.amp.autocast():
    epoch  1  train_loss=0.0804  val_loss=0.0716  val_qwk=0.1052  val_acc=0.1343
/home/norak/R&I/kxs-/train.py:148: FutureWarning: `torch.cuda.amp.autocast(args...)` is deprecated. Please use `torch.amp.autocast('cuda', args...)` instead.
  with torch.cuda.amp.autocast():
/home/norak/R&I/kxs-/train.py:169: FutureWarning: `torch.cuda.amp.autocast(args...)` is deprecated. Please use `torch.amp.autocast('cuda', args...)` instead.
  with torch.cuda.amp.autocast():
    epoch  2  train_loss=0.0691  val_loss=0.0640  val_qwk=0.2143  val_acc=0.2164
/home/norak/R&I/kxs-/train.py:148: FutureWarning: `torch.cuda.amp.autocast(args...)` is deprecated. Please use `torch.amp.autocast('cuda', args...)` instead.
  with torch.cuda.amp.autocast():
/home/norak/R&I/kxs-/train.py:169: FutureWarning: `torch.cuda.amp.autocast(args...)` is deprecated. Please use `torch.amp.autocast('cuda', args...)` instead.
  with torch.cuda.amp.autocast():
    epoch  3  train_loss=0.0643  val_loss=0.0706  val_qwk=0.1905  val_acc=0.1940
/home/norak/R&I/kxs-/train.py:148: FutureWarning: `torch.cuda.amp.autocast(args...)` is deprecated. Please use `torch.amp.autocast('cuda', args...)` instead.
  with torch.cuda.amp.autocast():
/home/norak/R&I/kxs-/train.py:169: FutureWarning: `torch.cuda.amp.autocast(args...)` is deprecated. Please use `torch.amp.autocast('cuda', args...)` instead.
  with torch.cuda.amp.autocast():
    epoch  4  train_loss=0.0702  val_loss=0.0640  val_qwk=0.2265  val_acc=0.2388
/home/norak/R&I/kxs-/train.py:148: FutureWarning: `torch.cuda.amp.autocast(args...)` is deprecated. Please use `torch.amp.autocast('cuda', args...)` instead.
  with torch.cuda.amp.autocast():
/home/norak/R&I/kxs-/train.py:169: FutureWarning: `torch.cuda.amp.autocast(args...)` is deprecated. Please use `torch.amp.autocast('cuda', args...)` instead.
  with torch.cuda.amp.autocast():
    epoch  5  train_loss=0.0634  val_loss=0.0688  val_qwk=0.3645  val_acc=0.3060
/home/norak/R&I/kxs-/train.py:148: FutureWarning: `torch.cuda.amp.autocast(args...)` is deprecated. Please use `torch.amp.autocast('cuda', args...)` instead.
  with torch.cuda.amp.autocast():
/home/norak/R&I/kxs-/train.py:169: FutureWarning: `torch.cuda.amp.autocast(args...)` is deprecated. Please use `torch.amp.autocast('cuda', args...)` instead.
  with torch.cuda.amp.autocast():
    epoch  6  train_loss=0.0631  val_loss=0.0718  val_qwk=0.3805  val_acc=0.3209
/home/norak/R&I/kxs-/train.py:148: FutureWarning: `torch.cuda.amp.autocast(args...)` is deprecated. Please use `torch.amp.autocast('cuda', args...)` instead.
  with torch.cuda.amp.autocast():
/home/norak/R&I/kxs-/train.py:169: FutureWarning: `torch.cuda.amp.autocast(args...)` is deprecated. Please use `torch.amp.autocast('cuda', args...)` instead.
  with torch.cuda.amp.autocast():
    epoch  7  train_loss=0.0627  val_loss=0.0622  val_qwk=0.3262  val_acc=0.2537
/home/norak/R&I/kxs-/train.py:148: FutureWarning: `torch.cuda.amp.autocast(args...)` is deprecated. Please use `torch.amp.autocast('cuda', args...)` instead.
  with torch.cuda.amp.autocast():
/home/norak/R&I/kxs-/train.py:169: FutureWarning: `torch.cuda.amp.autocast(args...)` is deprecated. Please use `torch.amp.autocast('cuda', args...)` instead.
  with torch.cuda.amp.autocast():
    epoch  8  train_loss=0.0627  val_loss=0.0620  val_qwk=0.4123  val_acc=0.3433
/home/norak/R&I/kxs-/train.py:148: FutureWarning: `torch.cuda.amp.autocast(args...)` is deprecated. Please use `torch.amp.autocast('cuda', args...)` instead.
  with torch.cuda.amp.autocast():
/home/norak/R&I/kxs-/train.py:169: FutureWarning: `torch.cuda.amp.autocast(args...)` is deprecated. Please use `torch.amp.autocast('cuda', args...)` instead.
  with torch.cuda.amp.autocast():
    epoch  9  train_loss=0.0614  val_loss=0.0704  val_qwk=0.3212  val_acc=0.2836
/home/norak/R&I/kxs-/train.py:148: FutureWarning: `torch.cuda.amp.autocast(args...)` is deprecated. Please use `torch.amp.autocast('cuda', args...)` instead.
  with torch.cuda.amp.autocast():
/home/norak/R&I/kxs-/train.py:169: FutureWarning: `torch.cuda.amp.autocast(args...)` is deprecated. Please use `torch.amp.autocast('cuda', args...)` instead.
  with torch.cuda.amp.autocast():
    epoch 10  train_loss=0.0586  val_loss=0.0587  val_qwk=0.3573  val_acc=0.2985
/home/norak/R&I/kxs-/train.py:148: FutureWarning: `torch.cuda.amp.autocast(args...)` is deprecated. Please use `torch.amp.autocast('cuda', args...)` instead.
  with torch.cuda.amp.autocast():
/home/norak/R&I/kxs-/train.py:169: FutureWarning: `torch.cuda.amp.autocast(args...)` is deprecated. Please use `torch.amp.autocast('cuda', args...)` instead.
  with torch.cuda.amp.autocast():
    epoch 11  train_loss=0.0587  val_loss=0.0638  val_qwk=0.3131  val_acc=0.2612
/home/norak/R&I/kxs-/train.py:148: FutureWarning: `torch.cuda.amp.autocast(args...)` is deprecated. Please use `torch.amp.autocast('cuda', args...)` instead.
  with torch.cuda.amp.autocast():
/home/norak/R&I/kxs-/train.py:169: FutureWarning: `torch.cuda.amp.autocast(args...)` is deprecated. Please use `torch.amp.autocast('cuda', args...)` instead.
  with torch.cuda.amp.autocast():
    epoch 12  train_loss=0.0598  val_loss=0.0627  val_qwk=0.3250  val_acc=0.3358
    early-stop at epoch 12 (best epoch=8, best_qwk=0.4123)
/home/norak/R&I/kxs-/train.py:169: FutureWarning: `torch.cuda.amp.autocast(args...)` is deprecated. Please use `torch.amp.autocast('cuda', args...)` instead.
  with torch.cuda.amp.autocast():
/home/norak/R&I/kxs-/train.py:169: FutureWarning: `torch.cuda.amp.autocast(args...)` is deprecated. Please use `torch.amp.autocast('cuda', args...)` instead.
  with torch.cuda.amp.autocast():
/home/norak/R&I/kxs-/train.py:169: FutureWarning: `torch.cuda.amp.autocast(args...)` is deprecated. Please use `torch.amp.autocast('cuda', args...)` instead.
  with torch.cuda.amp.autocast():
  [clean_qar_cross_mbert              ] FAILED in 45.6s: RuntimeError: [enforce fail at inline_container.cc:672] . unexpected pos 27200 vs 27094
Loading weights:   0%|          | 0/199 [00:00<?, ?it/s]Loading weights: 100%|██████████| 199/199 [00:00<00:00, 3098.29it/s]
[transformers] [1mXLMRobertaModel LOAD REPORT[0m from: xlm-roberta-base
Key                       | Status     |  | 
--------------------------+------------+--+-
lm_head.dense.weight      | UNEXPECTED |  | 
lm_head.layer_norm.weight | UNEXPECTED |  | 
lm_head.dense.bias        | UNEXPECTED |  | 
lm_head.layer_norm.bias   | UNEXPECTED |  | 
lm_head.bias              | UNEXPECTED |  | 

Notes:
- UNEXPECTED:	can be ignored when loading from different task/architecture; not ok if you expect identical arch.
/home/norak/R&I/kxs-/train.py:206: FutureWarning: `torch.cuda.amp.GradScaler(args...)` is deprecated. Please use `torch.amp.GradScaler('cuda', args...)` instead.
  scaler = torch.cuda.amp.GradScaler() if use_amp and device == "cuda" else None
/home/norak/R&I/kxs-/train.py:148: FutureWarning: `torch.cuda.amp.autocast(args...)` is deprecated. Please use `torch.amp.autocast('cuda', args...)` instead.
  with torch.cuda.amp.autocast():
/home/norak/R&I/kxs-/train.py:169: FutureWarning: `torch.cuda.amp.autocast(args...)` is deprecated. Please use `torch.amp.autocast('cuda', args...)` instead.
  with torch.cuda.amp.autocast():
    epoch  1  train_loss=0.0880  val_loss=0.0590  val_qwk=0.2551  val_acc=0.2015
/home/norak/R&I/kxs-/train.py:148: FutureWarning: `torch.cuda.amp.autocast(args...)` is deprecated. Please use `torch.amp.autocast('cuda', args...)` instead.
  with torch.cuda.amp.autocast():
/home/norak/R&I/kxs-/train.py:169: FutureWarning: `torch.cuda.amp.autocast(args...)` is deprecated. Please use `torch.amp.autocast('cuda', args...)` instead.
  with torch.cuda.amp.autocast():
    epoch  2  train_loss=0.0626  val_loss=0.0584  val_qwk=0.4309  val_acc=0.2537
/home/norak/R&I/kxs-/train.py:148: FutureWarning: `torch.cuda.amp.autocast(args...)` is deprecated. Please use `torch.amp.autocast('cuda', args...)` instead.
  with torch.cuda.amp.autocast():
/home/norak/R&I/kxs-/train.py:169: FutureWarning: `torch.cuda.amp.autocast(args...)` is deprecated. Please use `torch.amp.autocast('cuda', args...)` instead.
  with torch.cuda.amp.autocast():
    epoch  3  train_loss=0.0598  val_loss=0.0530  val_qwk=0.5392  val_acc=0.4552
/home/norak/R&I/kxs-/train.py:148: FutureWarning: `torch.cuda.amp.autocast(args...)` is deprecated. Please use `torch.amp.autocast('cuda', args...)` instead.
  with torch.cuda.amp.autocast():
/home/norak/R&I/kxs-/train.py:169: FutureWarning: `torch.cuda.amp.autocast(args...)` is deprecated. Please use `torch.amp.autocast('cuda', args...)` instead.
  with torch.cuda.amp.autocast():
    epoch  4  train_loss=0.0516  val_loss=0.0457  val_qwk=0.5879  val_acc=0.4030
/home/norak/R&I/kxs-/train.py:148: FutureWarning: `torch.cuda.amp.autocast(args...)` is deprecated. Please use `torch.amp.autocast('cuda', args...)` instead.
  with torch.cuda.amp.autocast():
/home/norak/R&I/kxs-/train.py:169: FutureWarning: `torch.cuda.amp.autocast(args...)` is deprecated. Please use `torch.amp.autocast('cuda', args...)` instead.
  with torch.cuda.amp.autocast():
    epoch  5  train_loss=0.0465  val_loss=0.0443  val_qwk=0.6293  val_acc=0.5224
/home/norak/R&I/kxs-/train.py:148: FutureWarning: `torch.cuda.amp.autocast(args...)` is deprecated. Please use `torch.amp.autocast('cuda', args...)` instead.
  with torch.cuda.amp.autocast():
/home/norak/R&I/kxs-/train.py:169: FutureWarning: `torch.cuda.amp.autocast(args...)` is deprecated. Please use `torch.amp.autocast('cuda', args...)` instead.
  with torch.cuda.amp.autocast():
    epoch  6  train_loss=0.0444  val_loss=0.0459  val_qwk=0.6363  val_acc=0.4851
/home/norak/R&I/kxs-/train.py:148: FutureWarning: `torch.cuda.amp.autocast(args...)` is deprecated. Please use `torch.amp.autocast('cuda', args...)` instead.
  with torch.cuda.amp.autocast():
/home/norak/R&I/kxs-/train.py:169: FutureWarning: `torch.cuda.amp.autocast(args...)` is deprecated. Please use `torch.amp.autocast('cuda', args...)` instead.
  with torch.cuda.amp.autocast():
    epoch  7  train_loss=0.0467  val_loss=0.0744  val_qwk=0.4931  val_acc=0.3060
/home/norak/R&I/kxs-/train.py:148: FutureWarning: `torch.cuda.amp.autocast(args...)` is deprecated. Please use `torch.amp.autocast('cuda', args...)` instead.
  with torch.cuda.amp.autocast():
/home/norak/R&I/kxs-/train.py:169: FutureWarning: `torch.cuda.amp.autocast(args...)` is deprecated. Please use `torch.amp.autocast('cuda', args...)` instead.
  with torch.cuda.amp.autocast():
    epoch  8  train_loss=0.0420  val_loss=0.0426  val_qwk=0.6369  val_acc=0.5597
/home/norak/R&I/kxs-/train.py:148: FutureWarning: `torch.cuda.amp.autocast(args...)` is deprecated. Please use `torch.amp.autocast('cuda', args...)` instead.
  with torch.cuda.amp.autocast():
/home/norak/R&I/kxs-/train.py:169: FutureWarning: `torch.cuda.amp.autocast(args...)` is deprecated. Please use `torch.amp.autocast('cuda', args...)` instead.
  with torch.cuda.amp.autocast():
    epoch  9  train_loss=0.0360  val_loss=0.0420  val_qwk=0.6656  val_acc=0.5746
/home/norak/R&I/kxs-/train.py:148: FutureWarning: `torch.cuda.amp.autocast(args...)` is deprecated. Please use `torch.amp.autocast('cuda', args...)` instead.
  with torch.cuda.amp.autocast():
/home/norak/R&I/kxs-/train.py:169: FutureWarning: `torch.cuda.amp.autocast(args...)` is deprecated. Please use `torch.amp.autocast('cuda', args...)` instead.
  with torch.cuda.amp.autocast():
    epoch 10  train_loss=0.0335  val_loss=0.0452  val_qwk=0.6219  val_acc=0.5000
/home/norak/R&I/kxs-/train.py:148: FutureWarning: `torch.cuda.amp.autocast(args...)` is deprecated. Please use `torch.amp.autocast('cuda', args...)` instead.
  with torch.cuda.amp.autocast():
/home/norak/R&I/kxs-/train.py:169: FutureWarning: `torch.cuda.amp.autocast(args...)` is deprecated. Please use `torch.amp.autocast('cuda', args...)` instead.
  with torch.cuda.amp.autocast():
    epoch 11  train_loss=0.0283  val_loss=0.0347  val_qwk=0.7185  val_acc=0.6493
/home/norak/R&I/kxs-/train.py:148: FutureWarning: `torch.cuda.amp.autocast(args...)` is deprecated. Please use `torch.amp.autocast('cuda', args...)` instead.
  with torch.cuda.amp.autocast():
/home/norak/R&I/kxs-/train.py:169: FutureWarning: `torch.cuda.amp.autocast(args...)` is deprecated. Please use `torch.amp.autocast('cuda', args...)` instead.
  with torch.cuda.amp.autocast():
    epoch 12  train_loss=0.0264  val_loss=0.0428  val_qwk=0.7272  val_acc=0.6418
/home/norak/R&I/kxs-/train.py:148: FutureWarning: `torch.cuda.amp.autocast(args...)` is deprecated. Please use `torch.amp.autocast('cuda', args...)` instead.
  with torch.cuda.amp.autocast():
/home/norak/R&I/kxs-/train.py:169: FutureWarning: `torch.cuda.amp.autocast(args...)` is deprecated. Please use `torch.amp.autocast('cuda', args...)` instead.
  with torch.cuda.amp.autocast():
    epoch 13  train_loss=0.0244  val_loss=0.0333  val_qwk=0.7244  val_acc=0.6418
/home/norak/R&I/kxs-/train.py:148: FutureWarning: `torch.cuda.amp.autocast(args...)` is deprecated. Please use `torch.amp.autocast('cuda', args...)` instead.
  with torch.cuda.amp.autocast():
/home/norak/R&I/kxs-/train.py:169: FutureWarning: `torch.cuda.amp.autocast(args...)` is deprecated. Please use `torch.amp.autocast('cuda', args...)` instead.
  with torch.cuda.amp.autocast():
    epoch 14  train_loss=0.0225  val_loss=0.0367  val_qwk=0.7681  val_acc=0.7239
/home/norak/R&I/kxs-/train.py:148: FutureWarning: `torch.cuda.amp.autocast(args...)` is deprecated. Please use `torch.amp.autocast('cuda', args...)` instead.
  with torch.cuda.amp.autocast():
/home/norak/R&I/kxs-/train.py:169: FutureWarning: `torch.cuda.amp.autocast(args...)` is deprecated. Please use `torch.amp.autocast('cuda', args...)` instead.
  with torch.cuda.amp.autocast():
    epoch 15  train_loss=0.0204  val_loss=0.0332  val_qwk=0.7591  val_acc=0.6716
/home/norak/R&I/kxs-/train.py:148: FutureWarning: `torch.cuda.amp.autocast(args...)` is deprecated. Please use `torch.amp.autocast('cuda', args...)` instead.
  with torch.cuda.amp.autocast():
/home/norak/R&I/kxs-/train.py:169: FutureWarning: `torch.cuda.amp.autocast(args...)` is deprecated. Please use `torch.amp.autocast('cuda', args...)` instead.
  with torch.cuda.amp.autocast():
    epoch 16  train_loss=0.0215  val_loss=0.0370  val_qwk=0.7711  val_acc=0.7239
/home/norak/R&I/kxs-/train.py:148: FutureWarning: `torch.cuda.amp.autocast(args...)` is deprecated. Please use `torch.amp.autocast('cuda', args...)` instead.
  with torch.cuda.amp.autocast():
/home/norak/R&I/kxs-/train.py:169: FutureWarning: `torch.cuda.amp.autocast(args...)` is deprecated. Please use `torch.amp.autocast('cuda', args...)` instead.
  with torch.cuda.amp.autocast():
    epoch 17  train_loss=0.0153  val_loss=0.0344  val_qwk=0.7301  val_acc=0.6418
/home/norak/R&I/kxs-/train.py:148: FutureWarning: `torch.cuda.amp.autocast(args...)` is deprecated. Please use `torch.amp.autocast('cuda', args...)` instead.
  with torch.cuda.amp.autocast():
/home/norak/R&I/kxs-/train.py:169: FutureWarning: `torch.cuda.amp.autocast(args...)` is deprecated. Please use `torch.amp.autocast('cuda', args...)` instead.
  with torch.cuda.amp.autocast():
    epoch 18  train_loss=0.0169  val_loss=0.0354  val_qwk=0.7332  val_acc=0.6866
/home/norak/R&I/kxs-/train.py:148: FutureWarning: `torch.cuda.amp.autocast(args...)` is deprecated. Please use `torch.amp.autocast('cuda', args...)` instead.
  with torch.cuda.amp.autocast():
/home/norak/R&I/kxs-/train.py:169: FutureWarning: `torch.cuda.amp.autocast(args...)` is deprecated. Please use `torch.amp.autocast('cuda', args...)` instead.
  with torch.cuda.amp.autocast():
    epoch 19  train_loss=0.0182  val_loss=0.0400  val_qwk=0.7504  val_acc=0.7388
/home/norak/R&I/kxs-/train.py:148: FutureWarning: `torch.cuda.amp.autocast(args...)` is deprecated. Please use `torch.amp.autocast('cuda', args...)` instead.
  with torch.cuda.amp.autocast():
/home/norak/R&I/kxs-/train.py:169: FutureWarning: `torch.cuda.amp.autocast(args...)` is deprecated. Please use `torch.amp.autocast('cuda', args...)` instead.
  with torch.cuda.amp.autocast():
    epoch 20  train_loss=0.0152  val_loss=0.0351  val_qwk=0.7430  val_acc=0.6642
    early-stop at epoch 20 (best epoch=16, best_qwk=0.7711)
/home/norak/R&I/kxs-/train.py:169: FutureWarning: `torch.cuda.amp.autocast(args...)` is deprecated. Please use `torch.amp.autocast('cuda', args...)` instead.
  with torch.cuda.amp.autocast():
/home/norak/R&I/kxs-/train.py:169: FutureWarning: `torch.cuda.amp.autocast(args...)` is deprecated. Please use `torch.amp.autocast('cuda', args...)` instead.
  with torch.cuda.amp.autocast():
/home/norak/R&I/kxs-/train.py:169: FutureWarning: `torch.cuda.amp.autocast(args...)` is deprecated. Please use `torch.amp.autocast('cuda', args...)` instead.
  with torch.cuda.amp.autocast():
  [clean_qar_cross_xlmr               ] FAILED in 81.2s: RuntimeError: [enforce fail at inline_container.cc:672] . unexpected pos 27200 vs 27094
Loading weights:   0%|          | 0/136 [00:00<?, ?it/s]Loading weights:   3%|▎         | 4/136 [00:00<00:04, 28.51it/s]Loading weights: 100%|██████████| 136/136 [00:00<00:00, 938.47it/s]
[transformers] [1mNewModel LOAD REPORT[0m from: Alibaba-NLP/gte-multilingual-base
Key               | Status     |  | 
------------------+------------+--+-
classifier.bias   | UNEXPECTED |  | 
classifier.weight | UNEXPECTED |  | 

Notes:
- UNEXPECTED:	can be ignored when loading from different task/architecture; not ok if you expect identical arch.
/home/norak/R&I/kxs-/train.py:206: FutureWarning: `torch.cuda.amp.GradScaler(args...)` is deprecated. Please use `torch.amp.GradScaler('cuda', args...)` instead.
  scaler = torch.cuda.amp.GradScaler() if use_amp and device == "cuda" else None
/home/norak/R&I/kxs-/train.py:148: FutureWarning: `torch.cuda.amp.autocast(args...)` is deprecated. Please use `torch.amp.autocast('cuda', args...)` instead.
  with torch.cuda.amp.autocast():
/home/norak/R&I/kxs-/train.py:169: FutureWarning: `torch.cuda.amp.autocast(args...)` is deprecated. Please use `torch.amp.autocast('cuda', args...)` instead.
  with torch.cuda.amp.autocast():
    epoch  1  train_loss=0.0739  val_loss=0.0528  val_qwk=0.5298  val_acc=0.3881
/home/norak/R&I/kxs-/train.py:148: FutureWarning: `torch.cuda.amp.autocast(args...)` is deprecated. Please use `torch.amp.autocast('cuda', args...)` instead.
  with torch.cuda.amp.autocast():
/home/norak/R&I/kxs-/train.py:169: FutureWarning: `torch.cuda.amp.autocast(args...)` is deprecated. Please use `torch.amp.autocast('cuda', args...)` instead.
  with torch.cuda.amp.autocast():
    epoch  2  train_loss=0.0488  val_loss=0.0489  val_qwk=0.5407  val_acc=0.4627
/home/norak/R&I/kxs-/train.py:148: FutureWarning: `torch.cuda.amp.autocast(args...)` is deprecated. Please use `torch.amp.autocast('cuda', args...)` instead.
  with torch.cuda.amp.autocast():
/home/norak/R&I/kxs-/train.py:169: FutureWarning: `torch.cuda.amp.autocast(args...)` is deprecated. Please use `torch.amp.autocast('cuda', args...)` instead.
  with torch.cuda.amp.autocast():
    epoch  3  train_loss=0.0428  val_loss=0.0471  val_qwk=0.5625  val_acc=0.5000
/home/norak/R&I/kxs-/train.py:148: FutureWarning: `torch.cuda.amp.autocast(args...)` is deprecated. Please use `torch.amp.autocast('cuda', args...)` instead.
  with torch.cuda.amp.autocast():
/home/norak/R&I/kxs-/train.py:169: FutureWarning: `torch.cuda.amp.autocast(args...)` is deprecated. Please use `torch.amp.autocast('cuda', args...)` instead.
  with torch.cuda.amp.autocast():
    epoch  4  train_loss=0.0377  val_loss=0.0429  val_qwk=0.6873  val_acc=0.6045
/home/norak/R&I/kxs-/train.py:148: FutureWarning: `torch.cuda.amp.autocast(args...)` is deprecated. Please use `torch.amp.autocast('cuda', args...)` instead.
  with torch.cuda.amp.autocast():
/home/norak/R&I/kxs-/train.py:169: FutureWarning: `torch.cuda.amp.autocast(args...)` is deprecated. Please use `torch.amp.autocast('cuda', args...)` instead.
  with torch.cuda.amp.autocast():
    epoch  5  train_loss=0.0324  val_loss=0.0389  val_qwk=0.6658  val_acc=0.6194
/home/norak/R&I/kxs-/train.py:148: FutureWarning: `torch.cuda.amp.autocast(args...)` is deprecated. Please use `torch.amp.autocast('cuda', args...)` instead.
  with torch.cuda.amp.autocast():
/home/norak/R&I/kxs-/train.py:169: FutureWarning: `torch.cuda.amp.autocast(args...)` is deprecated. Please use `torch.amp.autocast('cuda', args...)` instead.
  with torch.cuda.amp.autocast():
    epoch  6  train_loss=0.0285  val_loss=0.0374  val_qwk=0.7064  val_acc=0.6716
/home/norak/R&I/kxs-/train.py:148: FutureWarning: `torch.cuda.amp.autocast(args...)` is deprecated. Please use `torch.amp.autocast('cuda', args...)` instead.
  with torch.cuda.amp.autocast():
/home/norak/R&I/kxs-/train.py:169: FutureWarning: `torch.cuda.amp.autocast(args...)` is deprecated. Please use `torch.amp.autocast('cuda', args...)` instead.
  with torch.cuda.amp.autocast():
    epoch  7  train_loss=0.0229  val_loss=0.0404  val_qwk=0.7089  val_acc=0.6866
/home/norak/R&I/kxs-/train.py:148: FutureWarning: `torch.cuda.amp.autocast(args...)` is deprecated. Please use `torch.amp.autocast('cuda', args...)` instead.
  with torch.cuda.amp.autocast():
/home/norak/R&I/kxs-/train.py:169: FutureWarning: `torch.cuda.amp.autocast(args...)` is deprecated. Please use `torch.amp.autocast('cuda', args...)` instead.
  with torch.cuda.amp.autocast():
    epoch  8  train_loss=0.0216  val_loss=0.0388  val_qwk=0.7586  val_acc=0.7239
/home/norak/R&I/kxs-/train.py:148: FutureWarning: `torch.cuda.amp.autocast(args...)` is deprecated. Please use `torch.amp.autocast('cuda', args...)` instead.
  with torch.cuda.amp.autocast():
/home/norak/R&I/kxs-/train.py:169: FutureWarning: `torch.cuda.amp.autocast(args...)` is deprecated. Please use `torch.amp.autocast('cuda', args...)` instead.
  with torch.cuda.amp.autocast():
    epoch  9  train_loss=0.0203  val_loss=0.0413  val_qwk=0.6991  val_acc=0.6866
/home/norak/R&I/kxs-/train.py:148: FutureWarning: `torch.cuda.amp.autocast(args...)` is deprecated. Please use `torch.amp.autocast('cuda', args...)` instead.
  with torch.cuda.amp.autocast():
/home/norak/R&I/kxs-/train.py:169: FutureWarning: `torch.cuda.amp.autocast(args...)` is deprecated. Please use `torch.amp.autocast('cuda', args...)` instead.
  with torch.cuda.amp.autocast():
    epoch 10  train_loss=0.0192  val_loss=0.0366  val_qwk=0.7559  val_acc=0.7164
/home/norak/R&I/kxs-/train.py:148: FutureWarning: `torch.cuda.amp.autocast(args...)` is deprecated. Please use `torch.amp.autocast('cuda', args...)` instead.
  with torch.cuda.amp.autocast():
/home/norak/R&I/kxs-/train.py:169: FutureWarning: `torch.cuda.amp.autocast(args...)` is deprecated. Please use `torch.amp.autocast('cuda', args...)` instead.
  with torch.cuda.amp.autocast():
    epoch 11  train_loss=0.0179  val_loss=0.0378  val_qwk=0.6819  val_acc=0.6493
/home/norak/R&I/kxs-/train.py:148: FutureWarning: `torch.cuda.amp.autocast(args...)` is deprecated. Please use `torch.amp.autocast('cuda', args...)` instead.
  with torch.cuda.amp.autocast():
/home/norak/R&I/kxs-/train.py:169: FutureWarning: `torch.cuda.amp.autocast(args...)` is deprecated. Please use `torch.amp.autocast('cuda', args...)` instead.
  with torch.cuda.amp.autocast():
    epoch 12  train_loss=0.0152  val_loss=0.0346  val_qwk=0.7484  val_acc=0.6791
    early-stop at epoch 12 (best epoch=8, best_qwk=0.7586)
/home/norak/R&I/kxs-/train.py:169: FutureWarning: `torch.cuda.amp.autocast(args...)` is deprecated. Please use `torch.amp.autocast('cuda', args...)` instead.
  with torch.cuda.amp.autocast():
/home/norak/R&I/kxs-/train.py:169: FutureWarning: `torch.cuda.amp.autocast(args...)` is deprecated. Please use `torch.amp.autocast('cuda', args...)` instead.
  with torch.cuda.amp.autocast():
/home/norak/R&I/kxs-/train.py:169: FutureWarning: `torch.cuda.amp.autocast(args...)` is deprecated. Please use `torch.amp.autocast('cuda', args...)` instead.
  with torch.cuda.amp.autocast():
  [clean_qar_cross_gte                ] FAILED in 59.7s: RuntimeError: [enforce fail at inline_container.cc:672] . unexpected pos 17792 vs 17686
Loading weights:   0%|          | 0/199 [00:00<?, ?it/s]Loading weights: 100%|██████████| 199/199 [00:00<00:00, 2900.25it/s]
[transformers] [1mBertModel LOAD REPORT[0m from: bert-base-multilingual-cased
Key                                        | Status     |  | 
-------------------------------------------+------------+--+-
cls.predictions.transform.dense.weight     | UNEXPECTED |  | 
cls.seq_relationship.weight                | UNEXPECTED |  | 
cls.seq_relationship.bias                  | UNEXPECTED |  | 
cls.predictions.transform.LayerNorm.bias   | UNEXPECTED |  | 
cls.predictions.bias                       | UNEXPECTED |  | 
cls.predictions.transform.dense.bias       | UNEXPECTED |  | 
cls.predictions.transform.LayerNorm.weight | UNEXPECTED |  | 

Notes:
- UNEXPECTED:	can be ignored when loading from different task/architecture; not ok if you expect identical arch.
/home/norak/R&I/kxs-/train.py:206: FutureWarning: `torch.cuda.amp.GradScaler(args...)` is deprecated. Please use `torch.amp.GradScaler('cuda', args...)` instead.
  scaler = torch.cuda.amp.GradScaler() if use_amp and device == "cuda" else None
/home/norak/R&I/kxs-/train.py:148: FutureWarning: `torch.cuda.amp.autocast(args...)` is deprecated. Please use `torch.amp.autocast('cuda', args...)` instead.
  with torch.cuda.amp.autocast():
/home/norak/R&I/kxs-/train.py:169: FutureWarning: `torch.cuda.amp.autocast(args...)` is deprecated. Please use `torch.amp.autocast('cuda', args...)` instead.
  with torch.cuda.amp.autocast():
    epoch  1  train_loss=0.0779  val_loss=0.0759  val_qwk=0.0000  val_acc=0.1343
/home/norak/R&I/kxs-/train.py:148: FutureWarning: `torch.cuda.amp.autocast(args...)` is deprecated. Please use `torch.amp.autocast('cuda', args...)` instead.
  with torch.cuda.amp.autocast():
/home/norak/R&I/kxs-/train.py:169: FutureWarning: `torch.cuda.amp.autocast(args...)` is deprecated. Please use `torch.amp.autocast('cuda', args...)` instead.
  with torch.cuda.amp.autocast():
    epoch  2  train_loss=0.0680  val_loss=0.0530  val_qwk=0.5201  val_acc=0.4403
/home/norak/R&I/kxs-/train.py:148: FutureWarning: `torch.cuda.amp.autocast(args...)` is deprecated. Please use `torch.amp.autocast('cuda', args...)` instead.
  with torch.cuda.amp.autocast():
/home/norak/R&I/kxs-/train.py:169: FutureWarning: `torch.cuda.amp.autocast(args...)` is deprecated. Please use `torch.amp.autocast('cuda', args...)` instead.
  with torch.cuda.amp.autocast():
    epoch  3  train_loss=0.0588  val_loss=0.0481  val_qwk=0.4862  val_acc=0.4254
/home/norak/R&I/kxs-/train.py:148: FutureWarning: `torch.cuda.amp.autocast(args...)` is deprecated. Please use `torch.amp.autocast('cuda', args...)` instead.
  with torch.cuda.amp.autocast():
/home/norak/R&I/kxs-/train.py:169: FutureWarning: `torch.cuda.amp.autocast(args...)` is deprecated. Please use `torch.amp.autocast('cuda', args...)` instead.
  with torch.cuda.amp.autocast():
    epoch  4  train_loss=0.0496  val_loss=0.0490  val_qwk=0.5214  val_acc=0.4627
/home/norak/R&I/kxs-/train.py:148: FutureWarning: `torch.cuda.amp.autocast(args...)` is deprecated. Please use `torch.amp.autocast('cuda', args...)` instead.
  with torch.cuda.amp.autocast():
/home/norak/R&I/kxs-/train.py:169: FutureWarning: `torch.cuda.amp.autocast(args...)` is deprecated. Please use `torch.amp.autocast('cuda', args...)` instead.
  with torch.cuda.amp.autocast():
    epoch  5  train_loss=0.0483  val_loss=0.0498  val_qwk=0.5791  val_acc=0.4179
/home/norak/R&I/kxs-/train.py:148: FutureWarning: `torch.cuda.amp.autocast(args...)` is deprecated. Please use `torch.amp.autocast('cuda', args...)` instead.
  with torch.cuda.amp.autocast():
/home/norak/R&I/kxs-/train.py:169: FutureWarning: `torch.cuda.amp.autocast(args...)` is deprecated. Please use `torch.amp.autocast('cuda', args...)` instead.
  with torch.cuda.amp.autocast():
    epoch  6  train_loss=0.0498  val_loss=0.0489  val_qwk=0.5343  val_acc=0.4478
/home/norak/R&I/kxs-/train.py:148: FutureWarning: `torch.cuda.amp.autocast(args...)` is deprecated. Please use `torch.amp.autocast('cuda', args...)` instead.
  with torch.cuda.amp.autocast():
/home/norak/R&I/kxs-/train.py:169: FutureWarning: `torch.cuda.amp.autocast(args...)` is deprecated. Please use `torch.amp.autocast('cuda', args...)` instead.
  with torch.cuda.amp.autocast():
    epoch  7  train_loss=0.0440  val_loss=0.0449  val_qwk=0.6105  val_acc=0.5448
/home/norak/R&I/kxs-/train.py:148: FutureWarning: `torch.cuda.amp.autocast(args...)` is deprecated. Please use `torch.amp.autocast('cuda', args...)` instead.
  with torch.cuda.amp.autocast():
/home/norak/R&I/kxs-/train.py:169: FutureWarning: `torch.cuda.amp.autocast(args...)` is deprecated. Please use `torch.amp.autocast('cuda', args...)` instead.
  with torch.cuda.amp.autocast():
    epoch  8  train_loss=0.0442  val_loss=0.0443  val_qwk=0.5788  val_acc=0.5373
/home/norak/R&I/kxs-/train.py:148: FutureWarning: `torch.cuda.amp.autocast(args...)` is deprecated. Please use `torch.amp.autocast('cuda', args...)` instead.
  with torch.cuda.amp.autocast():
/home/norak/R&I/kxs-/train.py:169: FutureWarning: `torch.cuda.amp.autocast(args...)` is deprecated. Please use `torch.amp.autocast('cuda', args...)` instead.
  with torch.cuda.amp.autocast():
    epoch  9  train_loss=0.0409  val_loss=0.0418  val_qwk=0.6220  val_acc=0.5224
/home/norak/R&I/kxs-/train.py:148: FutureWarning: `torch.cuda.amp.autocast(args...)` is deprecated. Please use `torch.amp.autocast('cuda', args...)` instead.
  with torch.cuda.amp.autocast():
/home/norak/R&I/kxs-/train.py:169: FutureWarning: `torch.cuda.amp.autocast(args...)` is deprecated. Please use `torch.amp.autocast('cuda', args...)` instead.
  with torch.cuda.amp.autocast():
    epoch 10  train_loss=0.0424  val_loss=0.0480  val_qwk=0.5698  val_acc=0.5075
/home/norak/R&I/kxs-/train.py:148: FutureWarning: `torch.cuda.amp.autocast(args...)` is deprecated. Please use `torch.amp.autocast('cuda', args...)` instead.
  with torch.cuda.amp.autocast():
/home/norak/R&I/kxs-/train.py:169: FutureWarning: `torch.cuda.amp.autocast(args...)` is deprecated. Please use `torch.amp.autocast('cuda', args...)` instead.
  with torch.cuda.amp.autocast():
    epoch 11  train_loss=0.0421  val_loss=0.0439  val_qwk=0.5733  val_acc=0.5149
/home/norak/R&I/kxs-/train.py:148: FutureWarning: `torch.cuda.amp.autocast(args...)` is deprecated. Please use `torch.amp.autocast('cuda', args...)` instead.
  with torch.cuda.amp.autocast():
/home/norak/R&I/kxs-/train.py:169: FutureWarning: `torch.cuda.amp.autocast(args...)` is deprecated. Please use `torch.amp.autocast('cuda', args...)` instead.
  with torch.cuda.amp.autocast():
    epoch 12  train_loss=0.0404  val_loss=0.0438  val_qwk=0.6659  val_acc=0.5224
/home/norak/R&I/kxs-/train.py:148: FutureWarning: `torch.cuda.amp.autocast(args...)` is deprecated. Please use `torch.amp.autocast('cuda', args...)` instead.
  with torch.cuda.amp.autocast():
/home/norak/R&I/kxs-/train.py:169: FutureWarning: `torch.cuda.amp.autocast(args...)` is deprecated. Please use `torch.amp.autocast('cuda', args...)` instead.
  with torch.cuda.amp.autocast():
    epoch 13  train_loss=0.0391  val_loss=0.0422  val_qwk=0.6118  val_acc=0.5672
/home/norak/R&I/kxs-/train.py:148: FutureWarning: `torch.cuda.amp.autocast(args...)` is deprecated. Please use `torch.amp.autocast('cuda', args...)` instead.
  with torch.cuda.amp.autocast():
/home/norak/R&I/kxs-/train.py:169: FutureWarning: `torch.cuda.amp.autocast(args...)` is deprecated. Please use `torch.amp.autocast('cuda', args...)` instead.
  with torch.cuda.amp.autocast():
    epoch 14  train_loss=0.0388  val_loss=0.0454  val_qwk=0.5362  val_acc=0.4851
/home/norak/R&I/kxs-/train.py:148: FutureWarning: `torch.cuda.amp.autocast(args...)` is deprecated. Please use `torch.amp.autocast('cuda', args...)` instead.
  with torch.cuda.amp.autocast():
/home/norak/R&I/kxs-/train.py:169: FutureWarning: `torch.cuda.amp.autocast(args...)` is deprecated. Please use `torch.amp.autocast('cuda', args...)` instead.
  with torch.cuda.amp.autocast():
    epoch 15  train_loss=0.0381  val_loss=0.0438  val_qwk=0.6383  val_acc=0.5672
/home/norak/R&I/kxs-/train.py:148: FutureWarning: `torch.cuda.amp.autocast(args...)` is deprecated. Please use `torch.amp.autocast('cuda', args...)` instead.
  with torch.cuda.amp.autocast():
/home/norak/R&I/kxs-/train.py:169: FutureWarning: `torch.cuda.amp.autocast(args...)` is deprecated. Please use `torch.amp.autocast('cuda', args...)` instead.
  with torch.cuda.amp.autocast():
    epoch 16  train_loss=0.0382  val_loss=0.0402  val_qwk=0.6130  val_acc=0.5448
    early-stop at epoch 16 (best epoch=12, best_qwk=0.6659)
/home/norak/R&I/kxs-/train.py:169: FutureWarning: `torch.cuda.amp.autocast(args...)` is deprecated. Please use `torch.amp.autocast('cuda', args...)` instead.
  with torch.cuda.amp.autocast():
/home/norak/R&I/kxs-/train.py:169: FutureWarning: `torch.cuda.amp.autocast(args...)` is deprecated. Please use `torch.amp.autocast('cuda', args...)` instead.
  with torch.cuda.amp.autocast():
/home/norak/R&I/kxs-/train.py:169: FutureWarning: `torch.cuda.amp.autocast(args...)` is deprecated. Please use `torch.amp.autocast('cuda', args...)` instead.
  with torch.cuda.amp.autocast():
  [segment_ra_dual_mbert              ] FAILED in 102.4s: RuntimeError: [enforce fail at inline_container.cc:672] . unexpected pos 27200 vs 27094
Loading weights:   0%|          | 0/199 [00:00<?, ?it/s]Loading weights: 100%|██████████| 199/199 [00:00<00:00, 3109.43it/s]
[transformers] [1mXLMRobertaModel LOAD REPORT[0m from: xlm-roberta-base
Key                       | Status     |  | 
--------------------------+------------+--+-
lm_head.dense.weight      | UNEXPECTED |  | 
lm_head.layer_norm.weight | UNEXPECTED |  | 
lm_head.dense.bias        | UNEXPECTED |  | 
lm_head.layer_norm.bias   | UNEXPECTED |  | 
lm_head.bias              | UNEXPECTED |  | 

Notes:
- UNEXPECTED:	can be ignored when loading from different task/architecture; not ok if you expect identical arch.
/home/norak/R&I/kxs-/train.py:206: FutureWarning: `torch.cuda.amp.GradScaler(args...)` is deprecated. Please use `torch.amp.GradScaler('cuda', args...)` instead.
  scaler = torch.cuda.amp.GradScaler() if use_amp and device == "cuda" else None
/home/norak/R&I/kxs-/train.py:148: FutureWarning: `torch.cuda.amp.autocast(args...)` is deprecated. Please use `torch.amp.autocast('cuda', args...)` instead.
  with torch.cuda.amp.autocast():
/home/norak/R&I/kxs-/train.py:169: FutureWarning: `torch.cuda.amp.autocast(args...)` is deprecated. Please use `torch.amp.autocast('cuda', args...)` instead.
  with torch.cuda.amp.autocast():
    epoch  1  train_loss=0.1007  val_loss=0.0708  val_qwk=0.0000  val_acc=0.1343
/home/norak/R&I/kxs-/train.py:148: FutureWarning: `torch.cuda.amp.autocast(args...)` is deprecated. Please use `torch.amp.autocast('cuda', args...)` instead.
  with torch.cuda.amp.autocast():
/home/norak/R&I/kxs-/train.py:169: FutureWarning: `torch.cuda.amp.autocast(args...)` is deprecated. Please use `torch.amp.autocast('cuda', args...)` instead.
  with torch.cuda.amp.autocast():
    epoch  2  train_loss=0.0597  val_loss=0.0566  val_qwk=0.4299  val_acc=0.5075
/home/norak/R&I/kxs-/train.py:148: FutureWarning: `torch.cuda.amp.autocast(args...)` is deprecated. Please use `torch.amp.autocast('cuda', args...)` instead.
  with torch.cuda.amp.autocast():
/home/norak/R&I/kxs-/train.py:169: FutureWarning: `torch.cuda.amp.autocast(args...)` is deprecated. Please use `torch.amp.autocast('cuda', args...)` instead.
  with torch.cuda.amp.autocast():
    epoch  3  train_loss=0.0552  val_loss=0.0510  val_qwk=0.5235  val_acc=0.4925
/home/norak/R&I/kxs-/train.py:148: FutureWarning: `torch.cuda.amp.autocast(args...)` is deprecated. Please use `torch.amp.autocast('cuda', args...)` instead.
  with torch.cuda.amp.autocast():
/home/norak/R&I/kxs-/train.py:169: FutureWarning: `torch.cuda.amp.autocast(args...)` is deprecated. Please use `torch.amp.autocast('cuda', args...)` instead.
  with torch.cuda.amp.autocast():
    epoch  4  train_loss=0.0478  val_loss=0.0443  val_qwk=0.5933  val_acc=0.4925
/home/norak/R&I/kxs-/train.py:148: FutureWarning: `torch.cuda.amp.autocast(args...)` is deprecated. Please use `torch.amp.autocast('cuda', args...)` instead.
  with torch.cuda.amp.autocast():
/home/norak/R&I/kxs-/train.py:169: FutureWarning: `torch.cuda.amp.autocast(args...)` is deprecated. Please use `torch.amp.autocast('cuda', args...)` instead.
  with torch.cuda.amp.autocast():
    epoch  5  train_loss=0.0391  val_loss=0.0385  val_qwk=0.7057  val_acc=0.5970
/home/norak/R&I/kxs-/train.py:148: FutureWarning: `torch.cuda.amp.autocast(args...)` is deprecated. Please use `torch.amp.autocast('cuda', args...)` instead.
  with torch.cuda.amp.autocast():
/home/norak/R&I/kxs-/train.py:169: FutureWarning: `torch.cuda.amp.autocast(args...)` is deprecated. Please use `torch.amp.autocast('cuda', args...)` instead.
  with torch.cuda.amp.autocast():
    epoch  6  train_loss=0.0347  val_loss=0.0372  val_qwk=0.6838  val_acc=0.6045
/home/norak/R&I/kxs-/train.py:148: FutureWarning: `torch.cuda.amp.autocast(args...)` is deprecated. Please use `torch.amp.autocast('cuda', args...)` instead.
  with torch.cuda.amp.autocast():
/home/norak/R&I/kxs-/train.py:169: FutureWarning: `torch.cuda.amp.autocast(args...)` is deprecated. Please use `torch.amp.autocast('cuda', args...)` instead.
  with torch.cuda.amp.autocast():
    epoch  7  train_loss=0.0300  val_loss=0.0327  val_qwk=0.7423  val_acc=0.6269
/home/norak/R&I/kxs-/train.py:148: FutureWarning: `torch.cuda.amp.autocast(args...)` is deprecated. Please use `torch.amp.autocast('cuda', args...)` instead.
  with torch.cuda.amp.autocast():
/home/norak/R&I/kxs-/train.py:169: FutureWarning: `torch.cuda.amp.autocast(args...)` is deprecated. Please use `torch.amp.autocast('cuda', args...)` instead.
  with torch.cuda.amp.autocast():
    epoch  8  train_loss=0.0257  val_loss=0.0300  val_qwk=0.7638  val_acc=0.6716
/home/norak/R&I/kxs-/train.py:148: FutureWarning: `torch.cuda.amp.autocast(args...)` is deprecated. Please use `torch.amp.autocast('cuda', args...)` instead.
  with torch.cuda.amp.autocast():
/home/norak/R&I/kxs-/train.py:169: FutureWarning: `torch.cuda.amp.autocast(args...)` is deprecated. Please use `torch.amp.autocast('cuda', args...)` instead.
  with torch.cuda.amp.autocast():
    epoch  9  train_loss=0.0209  val_loss=0.0372  val_qwk=0.7118  val_acc=0.6567
/home/norak/R&I/kxs-/train.py:148: FutureWarning: `torch.cuda.amp.autocast(args...)` is deprecated. Please use `torch.amp.autocast('cuda', args...)` instead.
  with torch.cuda.amp.autocast():
/home/norak/R&I/kxs-/train.py:169: FutureWarning: `torch.cuda.amp.autocast(args...)` is deprecated. Please use `torch.amp.autocast('cuda', args...)` instead.
  with torch.cuda.amp.autocast():
    epoch 10  train_loss=0.0210  val_loss=0.0302  val_qwk=0.7590  val_acc=0.6567
/home/norak/R&I/kxs-/train.py:148: FutureWarning: `torch.cuda.amp.autocast(args...)` is deprecated. Please use `torch.amp.autocast('cuda', args...)` instead.
  with torch.cuda.amp.autocast():
/home/norak/R&I/kxs-/train.py:169: FutureWarning: `torch.cuda.amp.autocast(args...)` is deprecated. Please use `torch.amp.autocast('cuda', args...)` instead.
  with torch.cuda.amp.autocast():
    epoch 11  train_loss=0.0175  val_loss=0.0326  val_qwk=0.7824  val_acc=0.7015
/home/norak/R&I/kxs-/train.py:148: FutureWarning: `torch.cuda.amp.autocast(args...)` is deprecated. Please use `torch.amp.autocast('cuda', args...)` instead.
  with torch.cuda.amp.autocast():
/home/norak/R&I/kxs-/train.py:169: FutureWarning: `torch.cuda.amp.autocast(args...)` is deprecated. Please use `torch.amp.autocast('cuda', args...)` instead.
  with torch.cuda.amp.autocast():
    epoch 12  train_loss=0.0144  val_loss=0.0295  val_qwk=0.7532  val_acc=0.6567
/home/norak/R&I/kxs-/train.py:148: FutureWarning: `torch.cuda.amp.autocast(args...)` is deprecated. Please use `torch.amp.autocast('cuda', args...)` instead.
  with torch.cuda.amp.autocast():
/home/norak/R&I/kxs-/train.py:169: FutureWarning: `torch.cuda.amp.autocast(args...)` is deprecated. Please use `torch.amp.autocast('cuda', args...)` instead.
  with torch.cuda.amp.autocast():
    epoch 13  train_loss=0.0148  val_loss=0.0305  val_qwk=0.7895  val_acc=0.7388
/home/norak/R&I/kxs-/train.py:148: FutureWarning: `torch.cuda.amp.autocast(args...)` is deprecated. Please use `torch.amp.autocast('cuda', args...)` instead.
  with torch.cuda.amp.autocast():
/home/norak/R&I/kxs-/train.py:169: FutureWarning: `torch.cuda.amp.autocast(args...)` is deprecated. Please use `torch.amp.autocast('cuda', args...)` instead.
  with torch.cuda.amp.autocast():
    epoch 14  train_loss=0.0116  val_loss=0.0316  val_qwk=0.7642  val_acc=0.6940
/home/norak/R&I/kxs-/train.py:148: FutureWarning: `torch.cuda.amp.autocast(args...)` is deprecated. Please use `torch.amp.autocast('cuda', args...)` instead.
  with torch.cuda.amp.autocast():
/home/norak/R&I/kxs-/train.py:169: FutureWarning: `torch.cuda.amp.autocast(args...)` is deprecated. Please use `torch.amp.autocast('cuda', args...)` instead.
  with torch.cuda.amp.autocast():
    epoch 15  train_loss=0.0109  val_loss=0.0332  val_qwk=0.7784  val_acc=0.7612
/home/norak/R&I/kxs-/train.py:148: FutureWarning: `torch.cuda.amp.autocast(args...)` is deprecated. Please use `torch.amp.autocast('cuda', args...)` instead.
  with torch.cuda.amp.autocast():
/home/norak/R&I/kxs-/train.py:169: FutureWarning: `torch.cuda.amp.autocast(args...)` is deprecated. Please use `torch.amp.autocast('cuda', args...)` instead.
  with torch.cuda.amp.autocast():
    epoch 16  train_loss=0.0098  val_loss=0.0363  val_qwk=0.7653  val_acc=0.7164
/home/norak/R&I/kxs-/train.py:148: FutureWarning: `torch.cuda.amp.autocast(args...)` is deprecated. Please use `torch.amp.autocast('cuda', args...)` instead.
  with torch.cuda.amp.autocast():
/home/norak/R&I/kxs-/train.py:169: FutureWarning: `torch.cuda.amp.autocast(args...)` is deprecated. Please use `torch.amp.autocast('cuda', args...)` instead.
  with torch.cuda.amp.autocast():
    epoch 17  train_loss=0.0105  val_loss=0.0358  val_qwk=0.7241  val_acc=0.6716
    early-stop at epoch 17 (best epoch=13, best_qwk=0.7895)
/home/norak/R&I/kxs-/train.py:169: FutureWarning: `torch.cuda.amp.autocast(args...)` is deprecated. Please use `torch.amp.autocast('cuda', args...)` instead.
  with torch.cuda.amp.autocast():
/home/norak/R&I/kxs-/train.py:169: FutureWarning: `torch.cuda.amp.autocast(args...)` is deprecated. Please use `torch.amp.autocast('cuda', args...)` instead.
  with torch.cuda.amp.autocast():
/home/norak/R&I/kxs-/train.py:169: FutureWarning: `torch.cuda.amp.autocast(args...)` is deprecated. Please use `torch.amp.autocast('cuda', args...)` instead.
  with torch.cuda.amp.autocast():
  [segment_ra_dual_xlmr               ] FAILED in 113.2s: RuntimeError: [enforce fail at inline_container.cc:672] . unexpected pos 27200 vs 27094
Loading weights:   0%|          | 0/136 [00:00<?, ?it/s]Loading weights:   3%|▎         | 4/136 [00:00<00:03, 39.09it/s]Loading weights: 100%|██████████| 136/136 [00:00<00:00, 1035.49it/s]
[transformers] [1mNewModel LOAD REPORT[0m from: Alibaba-NLP/gte-multilingual-base
Key               | Status     |  | 
------------------+------------+--+-
classifier.bias   | UNEXPECTED |  | 
classifier.weight | UNEXPECTED |  | 

Notes:
- UNEXPECTED:	can be ignored when loading from different task/architecture; not ok if you expect identical arch.
/home/norak/R&I/kxs-/train.py:206: FutureWarning: `torch.cuda.amp.GradScaler(args...)` is deprecated. Please use `torch.amp.GradScaler('cuda', args...)` instead.
  scaler = torch.cuda.amp.GradScaler() if use_amp and device == "cuda" else None
/home/norak/R&I/kxs-/train.py:148: FutureWarning: `torch.cuda.amp.autocast(args...)` is deprecated. Please use `torch.amp.autocast('cuda', args...)` instead.
  with torch.cuda.amp.autocast():
/home/norak/R&I/kxs-/train.py:169: FutureWarning: `torch.cuda.amp.autocast(args...)` is deprecated. Please use `torch.amp.autocast('cuda', args...)` instead.
  with torch.cuda.amp.autocast():
    epoch  1  train_loss=0.0724  val_loss=0.0517  val_qwk=0.5036  val_acc=0.3881
/home/norak/R&I/kxs-/train.py:148: FutureWarning: `torch.cuda.amp.autocast(args...)` is deprecated. Please use `torch.amp.autocast('cuda', args...)` instead.
  with torch.cuda.amp.autocast():
/home/norak/R&I/kxs-/train.py:169: FutureWarning: `torch.cuda.amp.autocast(args...)` is deprecated. Please use `torch.amp.autocast('cuda', args...)` instead.
  with torch.cuda.amp.autocast():
    epoch  2  train_loss=0.0447  val_loss=0.0401  val_qwk=0.6119  val_acc=0.5299
/home/norak/R&I/kxs-/train.py:148: FutureWarning: `torch.cuda.amp.autocast(args...)` is deprecated. Please use `torch.amp.autocast('cuda', args...)` instead.
  with torch.cuda.amp.autocast():
/home/norak/R&I/kxs-/train.py:169: FutureWarning: `torch.cuda.amp.autocast(args...)` is deprecated. Please use `torch.amp.autocast('cuda', args...)` instead.
  with torch.cuda.amp.autocast():
    epoch  3  train_loss=0.0331  val_loss=0.0320  val_qwk=0.7135  val_acc=0.5970
/home/norak/R&I/kxs-/train.py:148: FutureWarning: `torch.cuda.amp.autocast(args...)` is deprecated. Please use `torch.amp.autocast('cuda', args...)` instead.
  with torch.cuda.amp.autocast():
/home/norak/R&I/kxs-/train.py:169: FutureWarning: `torch.cuda.amp.autocast(args...)` is deprecated. Please use `torch.amp.autocast('cuda', args...)` instead.
  with torch.cuda.amp.autocast():
    epoch  4  train_loss=0.0250  val_loss=0.0264  val_qwk=0.8039  val_acc=0.7015
/home/norak/R&I/kxs-/train.py:148: FutureWarning: `torch.cuda.amp.autocast(args...)` is deprecated. Please use `torch.amp.autocast('cuda', args...)` instead.
  with torch.cuda.amp.autocast():
/home/norak/R&I/kxs-/train.py:169: FutureWarning: `torch.cuda.amp.autocast(args...)` is deprecated. Please use `torch.amp.autocast('cuda', args...)` instead.
  with torch.cuda.amp.autocast():
    epoch  5  train_loss=0.0202  val_loss=0.0305  val_qwk=0.8138  val_acc=0.7164
/home/norak/R&I/kxs-/train.py:148: FutureWarning: `torch.cuda.amp.autocast(args...)` is deprecated. Please use `torch.amp.autocast('cuda', args...)` instead.
  with torch.cuda.amp.autocast():
/home/norak/R&I/kxs-/train.py:169: FutureWarning: `torch.cuda.amp.autocast(args...)` is deprecated. Please use `torch.amp.autocast('cuda', args...)` instead.
  with torch.cuda.amp.autocast():
    epoch  6  train_loss=0.0170  val_loss=0.0294  val_qwk=0.7810  val_acc=0.7090
/home/norak/R&I/kxs-/train.py:148: FutureWarning: `torch.cuda.amp.autocast(args...)` is deprecated. Please use `torch.amp.autocast('cuda', args...)` instead.
  with torch.cuda.amp.autocast():
/home/norak/R&I/kxs-/train.py:169: FutureWarning: `torch.cuda.amp.autocast(args...)` is deprecated. Please use `torch.amp.autocast('cuda', args...)` instead.
  with torch.cuda.amp.autocast():
    epoch  7  train_loss=0.0127  val_loss=0.0251  val_qwk=0.8396  val_acc=0.7761
/home/norak/R&I/kxs-/train.py:148: FutureWarning: `torch.cuda.amp.autocast(args...)` is deprecated. Please use `torch.amp.autocast('cuda', args...)` instead.
  with torch.cuda.amp.autocast():
/home/norak/R&I/kxs-/train.py:169: FutureWarning: `torch.cuda.amp.autocast(args...)` is deprecated. Please use `torch.amp.autocast('cuda', args...)` instead.
  with torch.cuda.amp.autocast():
    epoch  8  train_loss=0.0107  val_loss=0.0279  val_qwk=0.8215  val_acc=0.7388
/home/norak/R&I/kxs-/train.py:148: FutureWarning: `torch.cuda.amp.autocast(args...)` is deprecated. Please use `torch.amp.autocast('cuda', args...)` instead.
  with torch.cuda.amp.autocast():
/home/norak/R&I/kxs-/train.py:169: FutureWarning: `torch.cuda.amp.autocast(args...)` is deprecated. Please use `torch.amp.autocast('cuda', args...)` instead.
  with torch.cuda.amp.autocast():
    epoch  9  train_loss=0.0095  val_loss=0.0293  val_qwk=0.8190  val_acc=0.7537
/home/norak/R&I/kxs-/train.py:148: FutureWarning: `torch.cuda.amp.autocast(args...)` is deprecated. Please use `torch.amp.autocast('cuda', args...)` instead.
  with torch.cuda.amp.autocast():
/home/norak/R&I/kxs-/train.py:169: FutureWarning: `torch.cuda.amp.autocast(args...)` is deprecated. Please use `torch.amp.autocast('cuda', args...)` instead.
  with torch.cuda.amp.autocast():
    epoch 10  train_loss=0.0077  val_loss=0.0274  val_qwk=0.8153  val_acc=0.7463
/home/norak/R&I/kxs-/train.py:148: FutureWarning: `torch.cuda.amp.autocast(args...)` is deprecated. Please use `torch.amp.autocast('cuda', args...)` instead.
  with torch.cuda.amp.autocast():
/home/norak/R&I/kxs-/train.py:169: FutureWarning: `torch.cuda.amp.autocast(args...)` is deprecated. Please use `torch.amp.autocast('cuda', args...)` instead.
  with torch.cuda.amp.autocast():
    epoch 11  train_loss=0.0083  val_loss=0.0269  val_qwk=0.8212  val_acc=0.7388
    early-stop at epoch 11 (best epoch=7, best_qwk=0.8396)
/home/norak/R&I/kxs-/train.py:169: FutureWarning: `torch.cuda.amp.autocast(args...)` is deprecated. Please use `torch.amp.autocast('cuda', args...)` instead.
  with torch.cuda.amp.autocast():
/home/norak/R&I/kxs-/train.py:169: FutureWarning: `torch.cuda.amp.autocast(args...)` is deprecated. Please use `torch.amp.autocast('cuda', args...)` instead.
  with torch.cuda.amp.autocast():
/home/norak/R&I/kxs-/train.py:169: FutureWarning: `torch.cuda.amp.autocast(args...)` is deprecated. Please use `torch.amp.autocast('cuda', args...)` instead.
  with torch.cuda.amp.autocast():
  [segment_ra_dual_gte                ] FAILED in 93.7s: RuntimeError: [enforce fail at inline_container.cc:672] . unexpected pos 17792 vs 17686
Loading weights:   0%|          | 0/199 [00:00<?, ?it/s]Loading weights: 100%|██████████| 199/199 [00:00<00:00, 2880.08it/s]
[transformers] [1mBertModel LOAD REPORT[0m from: bert-base-multilingual-cased
Key                                        | Status     |  | 
-------------------------------------------+------------+--+-
cls.predictions.transform.dense.weight     | UNEXPECTED |  | 
cls.seq_relationship.weight                | UNEXPECTED |  | 
cls.seq_relationship.bias                  | UNEXPECTED |  | 
cls.predictions.transform.LayerNorm.bias   | UNEXPECTED |  | 
cls.predictions.bias                       | UNEXPECTED |  | 
cls.predictions.transform.dense.bias       | UNEXPECTED |  | 
cls.predictions.transform.LayerNorm.weight | UNEXPECTED |  | 

Notes:
- UNEXPECTED:	can be ignored when loading from different task/architecture; not ok if you expect identical arch.
/home/norak/R&I/kxs-/train.py:206: FutureWarning: `torch.cuda.amp.GradScaler(args...)` is deprecated. Please use `torch.amp.GradScaler('cuda', args...)` instead.
  scaler = torch.cuda.amp.GradScaler() if use_amp and device == "cuda" else None
/home/norak/R&I/kxs-/train.py:148: FutureWarning: `torch.cuda.amp.autocast(args...)` is deprecated. Please use `torch.amp.autocast('cuda', args...)` instead.
  with torch.cuda.amp.autocast():
/home/norak/R&I/kxs-/train.py:169: FutureWarning: `torch.cuda.amp.autocast(args...)` is deprecated. Please use `torch.amp.autocast('cuda', args...)` instead.
  with torch.cuda.amp.autocast():
    epoch  1  train_loss=0.0834  val_loss=0.0762  val_qwk=0.0000  val_acc=0.1343
/home/norak/R&I/kxs-/train.py:148: FutureWarning: `torch.cuda.amp.autocast(args...)` is deprecated. Please use `torch.amp.autocast('cuda', args...)` instead.
  with torch.cuda.amp.autocast():
/home/norak/R&I/kxs-/train.py:169: FutureWarning: `torch.cuda.amp.autocast(args...)` is deprecated. Please use `torch.amp.autocast('cuda', args...)` instead.
  with torch.cuda.amp.autocast():
    epoch  2  train_loss=0.0734  val_loss=0.0699  val_qwk=0.1446  val_acc=0.1642
/home/norak/R&I/kxs-/train.py:148: FutureWarning: `torch.cuda.amp.autocast(args...)` is deprecated. Please use `torch.amp.autocast('cuda', args...)` instead.
  with torch.cuda.amp.autocast():
/home/norak/R&I/kxs-/train.py:169: FutureWarning: `torch.cuda.amp.autocast(args...)` is deprecated. Please use `torch.amp.autocast('cuda', args...)` instead.
  with torch.cuda.amp.autocast():
    epoch  3  train_loss=0.0683  val_loss=0.0647  val_qwk=0.3635  val_acc=0.3507
/home/norak/R&I/kxs-/train.py:148: FutureWarning: `torch.cuda.amp.autocast(args...)` is deprecated. Please use `torch.amp.autocast('cuda', args...)` instead.
  with torch.cuda.amp.autocast():
/home/norak/R&I/kxs-/train.py:169: FutureWarning: `torch.cuda.amp.autocast(args...)` is deprecated. Please use `torch.amp.autocast('cuda', args...)` instead.
  with torch.cuda.amp.autocast():
    epoch  4  train_loss=0.0634  val_loss=0.0632  val_qwk=0.3782  val_acc=0.3284
/home/norak/R&I/kxs-/train.py:148: FutureWarning: `torch.cuda.amp.autocast(args...)` is deprecated. Please use `torch.amp.autocast('cuda', args...)` instead.
  with torch.cuda.amp.autocast():
/home/norak/R&I/kxs-/train.py:169: FutureWarning: `torch.cuda.amp.autocast(args...)` is deprecated. Please use `torch.amp.autocast('cuda', args...)` instead.
  with torch.cuda.amp.autocast():
    epoch  5  train_loss=0.0615  val_loss=0.0645  val_qwk=0.4504  val_acc=0.4478
/home/norak/R&I/kxs-/train.py:148: FutureWarning: `torch.cuda.amp.autocast(args...)` is deprecated. Please use `torch.amp.autocast('cuda', args...)` instead.
  with torch.cuda.amp.autocast():
/home/norak/R&I/kxs-/train.py:169: FutureWarning: `torch.cuda.amp.autocast(args...)` is deprecated. Please use `torch.amp.autocast('cuda', args...)` instead.
  with torch.cuda.amp.autocast():
    epoch  6  train_loss=0.0631  val_loss=0.0629  val_qwk=0.2493  val_acc=0.2388
/home/norak/R&I/kxs-/train.py:148: FutureWarning: `torch.cuda.amp.autocast(args...)` is deprecated. Please use `torch.amp.autocast('cuda', args...)` instead.
  with torch.cuda.amp.autocast():
/home/norak/R&I/kxs-/train.py:169: FutureWarning: `torch.cuda.amp.autocast(args...)` is deprecated. Please use `torch.amp.autocast('cuda', args...)` instead.
  with torch.cuda.amp.autocast():
    epoch  7  train_loss=0.0572  val_loss=0.0605  val_qwk=0.4793  val_acc=0.4328
/home/norak/R&I/kxs-/train.py:148: FutureWarning: `torch.cuda.amp.autocast(args...)` is deprecated. Please use `torch.amp.autocast('cuda', args...)` instead.
  with torch.cuda.amp.autocast():
/home/norak/R&I/kxs-/train.py:169: FutureWarning: `torch.cuda.amp.autocast(args...)` is deprecated. Please use `torch.amp.autocast('cuda', args...)` instead.
  with torch.cuda.amp.autocast():
    epoch  8  train_loss=0.0567  val_loss=0.0636  val_qwk=0.4762  val_acc=0.5299
/home/norak/R&I/kxs-/train.py:148: FutureWarning: `torch.cuda.amp.autocast(args...)` is deprecated. Please use `torch.amp.autocast('cuda', args...)` instead.
  with torch.cuda.amp.autocast():
/home/norak/R&I/kxs-/train.py:169: FutureWarning: `torch.cuda.amp.autocast(args...)` is deprecated. Please use `torch.amp.autocast('cuda', args...)` instead.
  with torch.cuda.amp.autocast():
    epoch  9  train_loss=0.0533  val_loss=0.0893  val_qwk=0.2576  val_acc=0.5299
/home/norak/R&I/kxs-/train.py:148: FutureWarning: `torch.cuda.amp.autocast(args...)` is deprecated. Please use `torch.amp.autocast('cuda', args...)` instead.
  with torch.cuda.amp.autocast():
/home/norak/R&I/kxs-/train.py:169: FutureWarning: `torch.cuda.amp.autocast(args...)` is deprecated. Please use `torch.amp.autocast('cuda', args...)` instead.
  with torch.cuda.amp.autocast():
    epoch 10  train_loss=0.0587  val_loss=0.0560  val_qwk=0.4088  val_acc=0.4104
/home/norak/R&I/kxs-/train.py:148: FutureWarning: `torch.cuda.amp.autocast(args...)` is deprecated. Please use `torch.amp.autocast('cuda', args...)` instead.
  with torch.cuda.amp.autocast():
/home/norak/R&I/kxs-/train.py:169: FutureWarning: `torch.cuda.amp.autocast(args...)` is deprecated. Please use `torch.amp.autocast('cuda', args...)` instead.
  with torch.cuda.amp.autocast():
    epoch 11  train_loss=0.0548  val_loss=0.0658  val_qwk=0.4402  val_acc=0.5075
    early-stop at epoch 11 (best epoch=7, best_qwk=0.4793)
/home/norak/R&I/kxs-/train.py:169: FutureWarning: `torch.cuda.amp.autocast(args...)` is deprecated. Please use `torch.amp.autocast('cuda', args...)` instead.
  with torch.cuda.amp.autocast():
/home/norak/R&I/kxs-/train.py:169: FutureWarning: `torch.cuda.amp.autocast(args...)` is deprecated. Please use `torch.amp.autocast('cuda', args...)` instead.
  with torch.cuda.amp.autocast():
/home/norak/R&I/kxs-/train.py:169: FutureWarning: `torch.cuda.amp.autocast(args...)` is deprecated. Please use `torch.amp.autocast('cuda', args...)` instead.
  with torch.cuda.amp.autocast():
  [segment_ra_cross_mbert             ] FAILED in 53.5s: RuntimeError: [enforce fail at inline_container.cc:672] . unexpected pos 27200 vs 27094
Traceback (most recent call last):
  File "/home/norak/R&I/kxs-/venv/lib/python3.12/site-packages/torch/serialization.py", line 1004, in save
    _save(
  File "/home/norak/R&I/kxs-/venv/lib/python3.12/site-packages/torch/serialization.py", line 1313, in _save
    zip_file.write_record(name, storage, num_bytes)
RuntimeError: basic_ios::clear: iostream error

During handling of the above exception, another exception occurred:

Traceback (most recent call last):
  File "/home/norak/R&I/kxs-/experiments/exp06_transformer.py", line 78, in main
    result = train.train_transformer(
             ^^^^^^^^^^^^^^^^^^^^^^^^
  File "/home/norak/R&I/kxs-/train.py", line 411, in train_transformer
    return _train_neural_loop(
           ^^^^^^^^^^^^^^^^^^^
  File "/home/norak/R&I/kxs-/train.py", line 287, in _train_neural_loop
    torch.save(best_state, os.path.join(out, "best.pt"))
  File "/home/norak/R&I/kxs-/venv/lib/python3.12/site-packages/torch/serialization.py", line 1003, in save
    with _open_zipfile_writer(f) as opened_zipfile:
  File "/home/norak/R&I/kxs-/venv/lib/python3.12/site-packages/torch/serialization.py", line 835, in __exit__
    self.file_like.write_end_of_file()
RuntimeError: [enforce fail at inline_container.cc:672] . unexpected pos 27200 vs 27094

During handling of the above exception, another exception occurred:

OSError: [Errno 28] No space left on device

During handling of the above exception, another exception occurred:

Traceback (most recent call last):
  File "/home/norak/R&I/kxs-/experiments/exp06_transformer.py", line 115, in <module>
    main()
  File "/home/norak/R&I/kxs-/experiments/exp06_transformer.py", line 109, in main
    append_row(row)
  File "/home/norak/R&I/kxs-/experiments/_common.py", line 118, in append_row
    with open(config.LEADERBOARD, "a", newline="", encoding="utf-8") as f:
OSError: [Errno 28] No space left on device
