
========== exp06 transformer  895 (no 10C, drop 0)  resume=True  ->  /home/norak/R&I/kxs-/results_no10c_no0_v06_transformer ==========
  rows=895 train=626 val=134 test=135
  [raw_ra_dual_mbert                  ] SKIP (already done)
  [raw_ra_dual_xlmr                   ] SKIP (already done)
  [raw_ra_dual_gte                    ] SKIP (already done)
  [raw_ra_cross_mbert                 ] SKIP (already done)
  [raw_ra_cross_xlmr                  ] SKIP (already done)
  [raw_ra_cross_gte                   ] SKIP (already done)
  [raw_qar_dual_mbert                 ] SKIP (already done)
  [raw_qar_dual_xlmr                  ] SKIP (already done)
  [raw_qar_dual_gte                   ] SKIP (already done)
  [raw_qar_cross_mbert                ] SKIP (already done)
  [raw_qar_cross_xlmr                 ] SKIP (already done)
  [raw_qar_cross_gte                  ] SKIP (already done)
  [clean_ra_dual_mbert                ] SKIP (already done)
  [clean_ra_dual_xlmr                 ] SKIP (already done)
  [clean_ra_dual_gte                  ] SKIP (already done)
  [clean_ra_cross_mbert               ] SKIP (already done)
  [clean_ra_cross_xlmr                ] SKIP (already done)
  [clean_ra_cross_gte                 ] SKIP (already done)
  [clean_qar_dual_mbert               ] SKIP (already done)
  [clean_qar_dual_xlmr                ] SKIP (already done)
  [clean_qar_dual_gte                 ] SKIP (already done)
  [clean_qar_cross_mbert              ] SKIP (already done)
  [clean_qar_cross_xlmr               ] SKIP (already done)
  [clean_qar_cross_gte                ] SKIP (already done)
  [segment_ra_dual_mbert              ] SKIP (already done)
  [segment_ra_dual_xlmr               ] SKIP (already done)
  [segment_ra_dual_gte                ] SKIP (already done)
  [segment_ra_cross_mbert             ] SKIP (already done)
Warning: You are sending unauthenticated requests to the HF Hub. Please set a HF_TOKEN to enable higher rate limits and faster downloads.
| 2026-05-17 14:55:20,203 | [1;32mINFO[0m | khmer-nltk | Loaded model from /home/norak/R&I/kxs-/venv/lib/python3.12/site-packages/khmernltk/word_tokenize/sklearn_crf_ner_10000.sav |
Loading weights:   0%|          | 0/199 [00:00<?, ?it/s]Loading weights: 100%|██████████| 199/199 [00:00<00:00, 2832.20it/s]
[transformers] [1mXLMRobertaModel LOAD REPORT[0m from: xlm-roberta-base
Key                       | Status     |  | 
--------------------------+------------+--+-
lm_head.layer_norm.weight | UNEXPECTED |  | 
lm_head.layer_norm.bias   | UNEXPECTED |  | 
lm_head.bias              | UNEXPECTED |  | 
lm_head.dense.weight      | UNEXPECTED |  | 
lm_head.dense.bias        | UNEXPECTED |  | 

Notes:
- UNEXPECTED:	can be ignored when loading from different task/architecture; not ok if you expect identical arch.
/home/norak/R&I/kxs-/train.py:206: FutureWarning: `torch.cuda.amp.GradScaler(args...)` is deprecated. Please use `torch.amp.GradScaler('cuda', args...)` instead.
  scaler = torch.cuda.amp.GradScaler() if use_amp and device == "cuda" else None
/home/norak/R&I/kxs-/train.py:148: FutureWarning: `torch.cuda.amp.autocast(args...)` is deprecated. Please use `torch.amp.autocast('cuda', args...)` instead.
  with torch.cuda.amp.autocast():
/home/norak/R&I/kxs-/train.py:169: FutureWarning: `torch.cuda.amp.autocast(args...)` is deprecated. Please use `torch.amp.autocast('cuda', args...)` instead.
  with torch.cuda.amp.autocast():
    epoch  1  train_loss=0.0868  val_loss=0.0576  val_qwk=0.4124  val_acc=0.2687
/home/norak/R&I/kxs-/train.py:148: FutureWarning: `torch.cuda.amp.autocast(args...)` is deprecated. Please use `torch.amp.autocast('cuda', args...)` instead.
  with torch.cuda.amp.autocast():
/home/norak/R&I/kxs-/train.py:169: FutureWarning: `torch.cuda.amp.autocast(args...)` is deprecated. Please use `torch.amp.autocast('cuda', args...)` instead.
  with torch.cuda.amp.autocast():
    epoch  2  train_loss=0.0668  val_loss=0.0555  val_qwk=0.5414  val_acc=0.4552
/home/norak/R&I/kxs-/train.py:148: FutureWarning: `torch.cuda.amp.autocast(args...)` is deprecated. Please use `torch.amp.autocast('cuda', args...)` instead.
  with torch.cuda.amp.autocast():
/home/norak/R&I/kxs-/train.py:169: FutureWarning: `torch.cuda.amp.autocast(args...)` is deprecated. Please use `torch.amp.autocast('cuda', args...)` instead.
  with torch.cuda.amp.autocast():
    epoch  3  train_loss=0.0579  val_loss=0.0478  val_qwk=0.5990  val_acc=0.4925
/home/norak/R&I/kxs-/train.py:148: FutureWarning: `torch.cuda.amp.autocast(args...)` is deprecated. Please use `torch.amp.autocast('cuda', args...)` instead.
  with torch.cuda.amp.autocast():
/home/norak/R&I/kxs-/train.py:169: FutureWarning: `torch.cuda.amp.autocast(args...)` is deprecated. Please use `torch.amp.autocast('cuda', args...)` instead.
  with torch.cuda.amp.autocast():
    epoch  4  train_loss=0.0455  val_loss=0.0431  val_qwk=0.6312  val_acc=0.5224
/home/norak/R&I/kxs-/train.py:148: FutureWarning: `torch.cuda.amp.autocast(args...)` is deprecated. Please use `torch.amp.autocast('cuda', args...)` instead.
  with torch.cuda.amp.autocast():
/home/norak/R&I/kxs-/train.py:169: FutureWarning: `torch.cuda.amp.autocast(args...)` is deprecated. Please use `torch.amp.autocast('cuda', args...)` instead.
  with torch.cuda.amp.autocast():
    epoch  5  train_loss=0.0466  val_loss=0.0439  val_qwk=0.5880  val_acc=0.5448
/home/norak/R&I/kxs-/train.py:148: FutureWarning: `torch.cuda.amp.autocast(args...)` is deprecated. Please use `torch.amp.autocast('cuda', args...)` instead.
  with torch.cuda.amp.autocast():
/home/norak/R&I/kxs-/train.py:169: FutureWarning: `torch.cuda.amp.autocast(args...)` is deprecated. Please use `torch.amp.autocast('cuda', args...)` instead.
  with torch.cuda.amp.autocast():
    epoch  6  train_loss=0.0385  val_loss=0.0381  val_qwk=0.6419  val_acc=0.4925
/home/norak/R&I/kxs-/train.py:148: FutureWarning: `torch.cuda.amp.autocast(args...)` is deprecated. Please use `torch.amp.autocast('cuda', args...)` instead.
  with torch.cuda.amp.autocast():
/home/norak/R&I/kxs-/train.py:169: FutureWarning: `torch.cuda.amp.autocast(args...)` is deprecated. Please use `torch.amp.autocast('cuda', args...)` instead.
  with torch.cuda.amp.autocast():
    epoch  7  train_loss=0.0347  val_loss=0.0367  val_qwk=0.6672  val_acc=0.5075
/home/norak/R&I/kxs-/train.py:148: FutureWarning: `torch.cuda.amp.autocast(args...)` is deprecated. Please use `torch.amp.autocast('cuda', args...)` instead.
  with torch.cuda.amp.autocast():
/home/norak/R&I/kxs-/train.py:169: FutureWarning: `torch.cuda.amp.autocast(args...)` is deprecated. Please use `torch.amp.autocast('cuda', args...)` instead.
  with torch.cuda.amp.autocast():
    epoch  8  train_loss=0.0312  val_loss=0.0358  val_qwk=0.6897  val_acc=0.5970
/home/norak/R&I/kxs-/train.py:148: FutureWarning: `torch.cuda.amp.autocast(args...)` is deprecated. Please use `torch.amp.autocast('cuda', args...)` instead.
  with torch.cuda.amp.autocast():
/home/norak/R&I/kxs-/train.py:169: FutureWarning: `torch.cuda.amp.autocast(args...)` is deprecated. Please use `torch.amp.autocast('cuda', args...)` instead.
  with torch.cuda.amp.autocast():
    epoch  9  train_loss=0.0263  val_loss=0.0349  val_qwk=0.7639  val_acc=0.6940
/home/norak/R&I/kxs-/train.py:148: FutureWarning: `torch.cuda.amp.autocast(args...)` is deprecated. Please use `torch.amp.autocast('cuda', args...)` instead.
  with torch.cuda.amp.autocast():
/home/norak/R&I/kxs-/train.py:169: FutureWarning: `torch.cuda.amp.autocast(args...)` is deprecated. Please use `torch.amp.autocast('cuda', args...)` instead.
  with torch.cuda.amp.autocast():
    epoch 10  train_loss=0.0243  val_loss=0.0335  val_qwk=0.7962  val_acc=0.7313
/home/norak/R&I/kxs-/train.py:148: FutureWarning: `torch.cuda.amp.autocast(args...)` is deprecated. Please use `torch.amp.autocast('cuda', args...)` instead.
  with torch.cuda.amp.autocast():
/home/norak/R&I/kxs-/train.py:169: FutureWarning: `torch.cuda.amp.autocast(args...)` is deprecated. Please use `torch.amp.autocast('cuda', args...)` instead.
  with torch.cuda.amp.autocast():
    epoch 11  train_loss=0.0225  val_loss=0.0373  val_qwk=0.7858  val_acc=0.7313
/home/norak/R&I/kxs-/train.py:148: FutureWarning: `torch.cuda.amp.autocast(args...)` is deprecated. Please use `torch.amp.autocast('cuda', args...)` instead.
  with torch.cuda.amp.autocast():
/home/norak/R&I/kxs-/train.py:169: FutureWarning: `torch.cuda.amp.autocast(args...)` is deprecated. Please use `torch.amp.autocast('cuda', args...)` instead.
  with torch.cuda.amp.autocast():
    epoch 12  train_loss=0.0191  val_loss=0.0293  val_qwk=0.7867  val_acc=0.7313
/home/norak/R&I/kxs-/train.py:148: FutureWarning: `torch.cuda.amp.autocast(args...)` is deprecated. Please use `torch.amp.autocast('cuda', args...)` instead.
  with torch.cuda.amp.autocast():
/home/norak/R&I/kxs-/train.py:169: FutureWarning: `torch.cuda.amp.autocast(args...)` is deprecated. Please use `torch.amp.autocast('cuda', args...)` instead.
  with torch.cuda.amp.autocast():
    epoch 13  train_loss=0.0160  val_loss=0.0332  val_qwk=0.7824  val_acc=0.7239
/home/norak/R&I/kxs-/train.py:148: FutureWarning: `torch.cuda.amp.autocast(args...)` is deprecated. Please use `torch.amp.autocast('cuda', args...)` instead.
  with torch.cuda.amp.autocast():
/home/norak/R&I/kxs-/train.py:169: FutureWarning: `torch.cuda.amp.autocast(args...)` is deprecated. Please use `torch.amp.autocast('cuda', args...)` instead.
  with torch.cuda.amp.autocast():
    epoch 14  train_loss=0.0153  val_loss=0.0324  val_qwk=0.8006  val_acc=0.7388
/home/norak/R&I/kxs-/train.py:148: FutureWarning: `torch.cuda.amp.autocast(args...)` is deprecated. Please use `torch.amp.autocast('cuda', args...)` instead.
  with torch.cuda.amp.autocast():
/home/norak/R&I/kxs-/train.py:169: FutureWarning: `torch.cuda.amp.autocast(args...)` is deprecated. Please use `torch.amp.autocast('cuda', args...)` instead.
  with torch.cuda.amp.autocast():
    epoch 15  train_loss=0.0144  val_loss=0.0332  val_qwk=0.7651  val_acc=0.7388
/home/norak/R&I/kxs-/train.py:148: FutureWarning: `torch.cuda.amp.autocast(args...)` is deprecated. Please use `torch.amp.autocast('cuda', args...)` instead.
  with torch.cuda.amp.autocast():
/home/norak/R&I/kxs-/train.py:169: FutureWarning: `torch.cuda.amp.autocast(args...)` is deprecated. Please use `torch.amp.autocast('cuda', args...)` instead.
  with torch.cuda.amp.autocast():
    epoch 16  train_loss=0.0130  val_loss=0.0359  val_qwk=0.7848  val_acc=0.7463
/home/norak/R&I/kxs-/train.py:148: FutureWarning: `torch.cuda.amp.autocast(args...)` is deprecated. Please use `torch.amp.autocast('cuda', args...)` instead.
  with torch.cuda.amp.autocast():
/home/norak/R&I/kxs-/train.py:169: FutureWarning: `torch.cuda.amp.autocast(args...)` is deprecated. Please use `torch.amp.autocast('cuda', args...)` instead.
  with torch.cuda.amp.autocast():
    epoch 17  train_loss=0.0129  val_loss=0.0354  val_qwk=0.7784  val_acc=0.7463
/home/norak/R&I/kxs-/train.py:148: FutureWarning: `torch.cuda.amp.autocast(args...)` is deprecated. Please use `torch.amp.autocast('cuda', args...)` instead.
  with torch.cuda.amp.autocast():
/home/norak/R&I/kxs-/train.py:169: FutureWarning: `torch.cuda.amp.autocast(args...)` is deprecated. Please use `torch.amp.autocast('cuda', args...)` instead.
  with torch.cuda.amp.autocast():
    epoch 18  train_loss=0.0126  val_loss=0.0371  val_qwk=0.7661  val_acc=0.7164
    early-stop at epoch 18 (best epoch=14, best_qwk=0.8006)
/home/norak/R&I/kxs-/train.py:169: FutureWarning: `torch.cuda.amp.autocast(args...)` is deprecated. Please use `torch.amp.autocast('cuda', args...)` instead.
  with torch.cuda.amp.autocast():
/home/norak/R&I/kxs-/train.py:169: FutureWarning: `torch.cuda.amp.autocast(args...)` is deprecated. Please use `torch.amp.autocast('cuda', args...)` instead.
  with torch.cuda.amp.autocast():
/home/norak/R&I/kxs-/train.py:169: FutureWarning: `torch.cuda.amp.autocast(args...)` is deprecated. Please use `torch.amp.autocast('cuda', args...)` instead.
  with torch.cuda.amp.autocast():
  [segment_ra_cross_xlmr              ] train_qwk=0.9240 -> test_qwk=0.8305  raw_w1=0.7333  epoch=14  (110.7s)
[transformers] A new version of the following files was downloaded from https://huggingface.co/Alibaba-NLP/new-impl:
- configuration.py
. Make sure to double-check they do not contain any added malicious code. To avoid downloading new versions of the code file, you can pin a revision.
[transformers] A new version of the following files was downloaded from https://huggingface.co/Alibaba-NLP/new-impl:
- modeling.py
. Make sure to double-check they do not contain any added malicious code. To avoid downloading new versions of the code file, you can pin a revision.
Loading weights:   0%|          | 0/136 [00:00<?, ?it/s]Loading weights:  50%|█████     | 68/136 [00:00<00:00, 668.91it/s]Loading weights: 100%|██████████| 136/136 [00:00<00:00, 819.30it/s]
[transformers] [1mNewModel LOAD REPORT[0m from: Alibaba-NLP/gte-multilingual-base
Key               | Status     |  | 
------------------+------------+--+-
classifier.bias   | UNEXPECTED |  | 
classifier.weight | UNEXPECTED |  | 

Notes:
- UNEXPECTED:	can be ignored when loading from different task/architecture; not ok if you expect identical arch.
/home/norak/R&I/kxs-/train.py:206: FutureWarning: `torch.cuda.amp.GradScaler(args...)` is deprecated. Please use `torch.amp.GradScaler('cuda', args...)` instead.
  scaler = torch.cuda.amp.GradScaler() if use_amp and device == "cuda" else None
/home/norak/R&I/kxs-/train.py:148: FutureWarning: `torch.cuda.amp.autocast(args...)` is deprecated. Please use `torch.amp.autocast('cuda', args...)` instead.
  with torch.cuda.amp.autocast():
/home/norak/R&I/kxs-/train.py:169: FutureWarning: `torch.cuda.amp.autocast(args...)` is deprecated. Please use `torch.amp.autocast('cuda', args...)` instead.
  with torch.cuda.amp.autocast():
    epoch  1  train_loss=0.0740  val_loss=0.0536  val_qwk=0.4889  val_acc=0.3955
/home/norak/R&I/kxs-/train.py:148: FutureWarning: `torch.cuda.amp.autocast(args...)` is deprecated. Please use `torch.amp.autocast('cuda', args...)` instead.
  with torch.cuda.amp.autocast():
/home/norak/R&I/kxs-/train.py:169: FutureWarning: `torch.cuda.amp.autocast(args...)` is deprecated. Please use `torch.amp.autocast('cuda', args...)` instead.
  with torch.cuda.amp.autocast():
    epoch  2  train_loss=0.0486  val_loss=0.0484  val_qwk=0.5640  val_acc=0.4627
/home/norak/R&I/kxs-/train.py:148: FutureWarning: `torch.cuda.amp.autocast(args...)` is deprecated. Please use `torch.amp.autocast('cuda', args...)` instead.
  with torch.cuda.amp.autocast():
/home/norak/R&I/kxs-/train.py:169: FutureWarning: `torch.cuda.amp.autocast(args...)` is deprecated. Please use `torch.amp.autocast('cuda', args...)` instead.
  with torch.cuda.amp.autocast():
    epoch  3  train_loss=0.0430  val_loss=0.0427  val_qwk=0.6030  val_acc=0.5224
/home/norak/R&I/kxs-/train.py:148: FutureWarning: `torch.cuda.amp.autocast(args...)` is deprecated. Please use `torch.amp.autocast('cuda', args...)` instead.
  with torch.cuda.amp.autocast():
/home/norak/R&I/kxs-/train.py:169: FutureWarning: `torch.cuda.amp.autocast(args...)` is deprecated. Please use `torch.amp.autocast('cuda', args...)` instead.
  with torch.cuda.amp.autocast():
    epoch  4  train_loss=0.0367  val_loss=0.0377  val_qwk=0.7489  val_acc=0.6716
/home/norak/R&I/kxs-/train.py:148: FutureWarning: `torch.cuda.amp.autocast(args...)` is deprecated. Please use `torch.amp.autocast('cuda', args...)` instead.
  with torch.cuda.amp.autocast():
/home/norak/R&I/kxs-/train.py:169: FutureWarning: `torch.cuda.amp.autocast(args...)` is deprecated. Please use `torch.amp.autocast('cuda', args...)` instead.
  with torch.cuda.amp.autocast():
    epoch  5  train_loss=0.0298  val_loss=0.0324  val_qwk=0.7128  val_acc=0.6567
/home/norak/R&I/kxs-/train.py:148: FutureWarning: `torch.cuda.amp.autocast(args...)` is deprecated. Please use `torch.amp.autocast('cuda', args...)` instead.
  with torch.cuda.amp.autocast():
/home/norak/R&I/kxs-/train.py:169: FutureWarning: `torch.cuda.amp.autocast(args...)` is deprecated. Please use `torch.amp.autocast('cuda', args...)` instead.
  with torch.cuda.amp.autocast():
    epoch  6  train_loss=0.0240  val_loss=0.0280  val_qwk=0.7699  val_acc=0.7015
/home/norak/R&I/kxs-/train.py:148: FutureWarning: `torch.cuda.amp.autocast(args...)` is deprecated. Please use `torch.amp.autocast('cuda', args...)` instead.
  with torch.cuda.amp.autocast():
/home/norak/R&I/kxs-/train.py:169: FutureWarning: `torch.cuda.amp.autocast(args...)` is deprecated. Please use `torch.amp.autocast('cuda', args...)` instead.
  with torch.cuda.amp.autocast():
    epoch  7  train_loss=0.0228  val_loss=0.0249  val_qwk=0.8302  val_acc=0.7761
/home/norak/R&I/kxs-/train.py:148: FutureWarning: `torch.cuda.amp.autocast(args...)` is deprecated. Please use `torch.amp.autocast('cuda', args...)` instead.
  with torch.cuda.amp.autocast():
/home/norak/R&I/kxs-/train.py:169: FutureWarning: `torch.cuda.amp.autocast(args...)` is deprecated. Please use `torch.amp.autocast('cuda', args...)` instead.
  with torch.cuda.amp.autocast():
    epoch  8  train_loss=0.0209  val_loss=0.0287  val_qwk=0.7954  val_acc=0.7463
/home/norak/R&I/kxs-/train.py:148: FutureWarning: `torch.cuda.amp.autocast(args...)` is deprecated. Please use `torch.amp.autocast('cuda', args...)` instead.
  with torch.cuda.amp.autocast():
/home/norak/R&I/kxs-/train.py:169: FutureWarning: `torch.cuda.amp.autocast(args...)` is deprecated. Please use `torch.amp.autocast('cuda', args...)` instead.
  with torch.cuda.amp.autocast():
    epoch  9  train_loss=0.0183  val_loss=0.0320  val_qwk=0.7832  val_acc=0.7537
/home/norak/R&I/kxs-/train.py:148: FutureWarning: `torch.cuda.amp.autocast(args...)` is deprecated. Please use `torch.amp.autocast('cuda', args...)` instead.
  with torch.cuda.amp.autocast():
/home/norak/R&I/kxs-/train.py:169: FutureWarning: `torch.cuda.amp.autocast(args...)` is deprecated. Please use `torch.amp.autocast('cuda', args...)` instead.
  with torch.cuda.amp.autocast():
    epoch 10  train_loss=0.0168  val_loss=0.0322  val_qwk=0.7769  val_acc=0.7388
/home/norak/R&I/kxs-/train.py:148: FutureWarning: `torch.cuda.amp.autocast(args...)` is deprecated. Please use `torch.amp.autocast('cuda', args...)` instead.
  with torch.cuda.amp.autocast():
/home/norak/R&I/kxs-/train.py:169: FutureWarning: `torch.cuda.amp.autocast(args...)` is deprecated. Please use `torch.amp.autocast('cuda', args...)` instead.
  with torch.cuda.amp.autocast():
    epoch 11  train_loss=0.0175  val_loss=0.0347  val_qwk=0.7094  val_acc=0.6642
    early-stop at epoch 11 (best epoch=7, best_qwk=0.8302)
/home/norak/R&I/kxs-/train.py:169: FutureWarning: `torch.cuda.amp.autocast(args...)` is deprecated. Please use `torch.amp.autocast('cuda', args...)` instead.
  with torch.cuda.amp.autocast():
/home/norak/R&I/kxs-/train.py:169: FutureWarning: `torch.cuda.amp.autocast(args...)` is deprecated. Please use `torch.amp.autocast('cuda', args...)` instead.
  with torch.cuda.amp.autocast():
/home/norak/R&I/kxs-/train.py:169: FutureWarning: `torch.cuda.amp.autocast(args...)` is deprecated. Please use `torch.amp.autocast('cuda', args...)` instead.
  with torch.cuda.amp.autocast():
  [segment_ra_cross_gte               ] train_qwk=0.8641 -> test_qwk=0.8278  raw_w1=0.7259  epoch=7  (80.5s)
Loading weights:   0%|          | 0/199 [00:00<?, ?it/s]Loading weights: 100%|██████████| 199/199 [00:00<00:00, 2943.28it/s]
[transformers] [1mBertModel LOAD REPORT[0m from: bert-base-multilingual-cased
Key                                        | Status     |  | 
-------------------------------------------+------------+--+-
cls.predictions.transform.LayerNorm.weight | UNEXPECTED |  | 
cls.seq_relationship.bias                  | UNEXPECTED |  | 
cls.predictions.bias                       | UNEXPECTED |  | 
cls.predictions.transform.dense.bias       | UNEXPECTED |  | 
cls.predictions.transform.dense.weight     | UNEXPECTED |  | 
cls.predictions.transform.LayerNorm.bias   | UNEXPECTED |  | 
cls.seq_relationship.weight                | UNEXPECTED |  | 

Notes:
- UNEXPECTED:	can be ignored when loading from different task/architecture; not ok if you expect identical arch.
/home/norak/R&I/kxs-/train.py:206: FutureWarning: `torch.cuda.amp.GradScaler(args...)` is deprecated. Please use `torch.amp.GradScaler('cuda', args...)` instead.
  scaler = torch.cuda.amp.GradScaler() if use_amp and device == "cuda" else None
/home/norak/R&I/kxs-/train.py:148: FutureWarning: `torch.cuda.amp.autocast(args...)` is deprecated. Please use `torch.amp.autocast('cuda', args...)` instead.
  with torch.cuda.amp.autocast():
/home/norak/R&I/kxs-/train.py:169: FutureWarning: `torch.cuda.amp.autocast(args...)` is deprecated. Please use `torch.amp.autocast('cuda', args...)` instead.
  with torch.cuda.amp.autocast():
    epoch  1  train_loss=0.0785  val_loss=0.0770  val_qwk=0.0000  val_acc=0.1343
/home/norak/R&I/kxs-/train.py:148: FutureWarning: `torch.cuda.amp.autocast(args...)` is deprecated. Please use `torch.amp.autocast('cuda', args...)` instead.
  with torch.cuda.amp.autocast():
/home/norak/R&I/kxs-/train.py:169: FutureWarning: `torch.cuda.amp.autocast(args...)` is deprecated. Please use `torch.amp.autocast('cuda', args...)` instead.
  with torch.cuda.amp.autocast():
    epoch  2  train_loss=0.0696  val_loss=0.0599  val_qwk=0.3963  val_acc=0.3881
/home/norak/R&I/kxs-/train.py:148: FutureWarning: `torch.cuda.amp.autocast(args...)` is deprecated. Please use `torch.amp.autocast('cuda', args...)` instead.
  with torch.cuda.amp.autocast():
/home/norak/R&I/kxs-/train.py:169: FutureWarning: `torch.cuda.amp.autocast(args...)` is deprecated. Please use `torch.amp.autocast('cuda', args...)` instead.
  with torch.cuda.amp.autocast():
    epoch  3  train_loss=0.0619  val_loss=0.0580  val_qwk=0.2775  val_acc=0.2836
/home/norak/R&I/kxs-/train.py:148: FutureWarning: `torch.cuda.amp.autocast(args...)` is deprecated. Please use `torch.amp.autocast('cuda', args...)` instead.
  with torch.cuda.amp.autocast():
/home/norak/R&I/kxs-/train.py:169: FutureWarning: `torch.cuda.amp.autocast(args...)` is deprecated. Please use `torch.amp.autocast('cuda', args...)` instead.
  with torch.cuda.amp.autocast():
    epoch  4  train_loss=0.0543  val_loss=0.0512  val_qwk=0.4188  val_acc=0.3507
/home/norak/R&I/kxs-/train.py:148: FutureWarning: `torch.cuda.amp.autocast(args...)` is deprecated. Please use `torch.amp.autocast('cuda', args...)` instead.
  with torch.cuda.amp.autocast():
/home/norak/R&I/kxs-/train.py:169: FutureWarning: `torch.cuda.amp.autocast(args...)` is deprecated. Please use `torch.amp.autocast('cuda', args...)` instead.
  with torch.cuda.amp.autocast():
    epoch  5  train_loss=0.0505  val_loss=0.0484  val_qwk=0.5120  val_acc=0.4627
/home/norak/R&I/kxs-/train.py:148: FutureWarning: `torch.cuda.amp.autocast(args...)` is deprecated. Please use `torch.amp.autocast('cuda', args...)` instead.
  with torch.cuda.amp.autocast():
/home/norak/R&I/kxs-/train.py:169: FutureWarning: `torch.cuda.amp.autocast(args...)` is deprecated. Please use `torch.amp.autocast('cuda', args...)` instead.
  with torch.cuda.amp.autocast():
    epoch  6  train_loss=0.0482  val_loss=0.0475  val_qwk=0.5448  val_acc=0.5522
/home/norak/R&I/kxs-/train.py:148: FutureWarning: `torch.cuda.amp.autocast(args...)` is deprecated. Please use `torch.amp.autocast('cuda', args...)` instead.
  with torch.cuda.amp.autocast():
/home/norak/R&I/kxs-/train.py:169: FutureWarning: `torch.cuda.amp.autocast(args...)` is deprecated. Please use `torch.amp.autocast('cuda', args...)` instead.
  with torch.cuda.amp.autocast():
    epoch  7  train_loss=0.0446  val_loss=0.0466  val_qwk=0.5942  val_acc=0.5746
/home/norak/R&I/kxs-/train.py:148: FutureWarning: `torch.cuda.amp.autocast(args...)` is deprecated. Please use `torch.amp.autocast('cuda', args...)` instead.
  with torch.cuda.amp.autocast():
/home/norak/R&I/kxs-/train.py:169: FutureWarning: `torch.cuda.amp.autocast(args...)` is deprecated. Please use `torch.amp.autocast('cuda', args...)` instead.
  with torch.cuda.amp.autocast():
    epoch  8  train_loss=0.0437  val_loss=0.0512  val_qwk=0.4905  val_acc=0.4254
/home/norak/R&I/kxs-/train.py:148: FutureWarning: `torch.cuda.amp.autocast(args...)` is deprecated. Please use `torch.amp.autocast('cuda', args...)` instead.
  with torch.cuda.amp.autocast():
/home/norak/R&I/kxs-/train.py:169: FutureWarning: `torch.cuda.amp.autocast(args...)` is deprecated. Please use `torch.amp.autocast('cuda', args...)` instead.
  with torch.cuda.amp.autocast():
    epoch  9  train_loss=0.0409  val_loss=0.0470  val_qwk=0.5425  val_acc=0.4851
/home/norak/R&I/kxs-/train.py:148: FutureWarning: `torch.cuda.amp.autocast(args...)` is deprecated. Please use `torch.amp.autocast('cuda', args...)` instead.
  with torch.cuda.amp.autocast():
/home/norak/R&I/kxs-/train.py:169: FutureWarning: `torch.cuda.amp.autocast(args...)` is deprecated. Please use `torch.amp.autocast('cuda', args...)` instead.
  with torch.cuda.amp.autocast():
    epoch 10  train_loss=0.0432  val_loss=0.0516  val_qwk=0.5621  val_acc=0.4925
/home/norak/R&I/kxs-/train.py:148: FutureWarning: `torch.cuda.amp.autocast(args...)` is deprecated. Please use `torch.amp.autocast('cuda', args...)` instead.
  with torch.cuda.amp.autocast():
/home/norak/R&I/kxs-/train.py:169: FutureWarning: `torch.cuda.amp.autocast(args...)` is deprecated. Please use `torch.amp.autocast('cuda', args...)` instead.
  with torch.cuda.amp.autocast():
    epoch 11  train_loss=0.0422  val_loss=0.0431  val_qwk=0.5866  val_acc=0.5522
    early-stop at epoch 11 (best epoch=7, best_qwk=0.5942)
/home/norak/R&I/kxs-/train.py:169: FutureWarning: `torch.cuda.amp.autocast(args...)` is deprecated. Please use `torch.amp.autocast('cuda', args...)` instead.
  with torch.cuda.amp.autocast():
/home/norak/R&I/kxs-/train.py:169: FutureWarning: `torch.cuda.amp.autocast(args...)` is deprecated. Please use `torch.amp.autocast('cuda', args...)` instead.
  with torch.cuda.amp.autocast():
/home/norak/R&I/kxs-/train.py:169: FutureWarning: `torch.cuda.amp.autocast(args...)` is deprecated. Please use `torch.amp.autocast('cuda', args...)` instead.
  with torch.cuda.amp.autocast():
  [segment_qar_dual_mbert             ] train_qwk=0.6572 -> test_qwk=0.6889  raw_w1=0.5704  epoch=7  (88.9s)
Loading weights:   0%|          | 0/199 [00:00<?, ?it/s]Loading weights: 100%|██████████| 199/199 [00:00<00:00, 2817.14it/s]
[transformers] [1mXLMRobertaModel LOAD REPORT[0m from: xlm-roberta-base
Key                       | Status     |  | 
--------------------------+------------+--+-
lm_head.layer_norm.weight | UNEXPECTED |  | 
lm_head.layer_norm.bias   | UNEXPECTED |  | 
lm_head.bias              | UNEXPECTED |  | 
lm_head.dense.weight      | UNEXPECTED |  | 
lm_head.dense.bias        | UNEXPECTED |  | 

Notes:
- UNEXPECTED:	can be ignored when loading from different task/architecture; not ok if you expect identical arch.
/home/norak/R&I/kxs-/train.py:206: FutureWarning: `torch.cuda.amp.GradScaler(args...)` is deprecated. Please use `torch.amp.GradScaler('cuda', args...)` instead.
  scaler = torch.cuda.amp.GradScaler() if use_amp and device == "cuda" else None
/home/norak/R&I/kxs-/train.py:148: FutureWarning: `torch.cuda.amp.autocast(args...)` is deprecated. Please use `torch.amp.autocast('cuda', args...)` instead.
  with torch.cuda.amp.autocast():
/home/norak/R&I/kxs-/train.py:169: FutureWarning: `torch.cuda.amp.autocast(args...)` is deprecated. Please use `torch.amp.autocast('cuda', args...)` instead.
  with torch.cuda.amp.autocast():
    epoch  1  train_loss=0.0998  val_loss=0.0704  val_qwk=0.0000  val_acc=0.1343
/home/norak/R&I/kxs-/train.py:148: FutureWarning: `torch.cuda.amp.autocast(args...)` is deprecated. Please use `torch.amp.autocast('cuda', args...)` instead.
  with torch.cuda.amp.autocast():
/home/norak/R&I/kxs-/train.py:169: FutureWarning: `torch.cuda.amp.autocast(args...)` is deprecated. Please use `torch.amp.autocast('cuda', args...)` instead.
  with torch.cuda.amp.autocast():
    epoch  2  train_loss=0.0584  val_loss=0.0548  val_qwk=0.4723  val_acc=0.4925
/home/norak/R&I/kxs-/train.py:148: FutureWarning: `torch.cuda.amp.autocast(args...)` is deprecated. Please use `torch.amp.autocast('cuda', args...)` instead.
  with torch.cuda.amp.autocast():
/home/norak/R&I/kxs-/train.py:169: FutureWarning: `torch.cuda.amp.autocast(args...)` is deprecated. Please use `torch.amp.autocast('cuda', args...)` instead.
  with torch.cuda.amp.autocast():
    epoch  3  train_loss=0.0508  val_loss=0.0479  val_qwk=0.5359  val_acc=0.4925
/home/norak/R&I/kxs-/train.py:148: FutureWarning: `torch.cuda.amp.autocast(args...)` is deprecated. Please use `torch.amp.autocast('cuda', args...)` instead.
  with torch.cuda.amp.autocast():
/home/norak/R&I/kxs-/train.py:169: FutureWarning: `torch.cuda.amp.autocast(args...)` is deprecated. Please use `torch.amp.autocast('cuda', args...)` instead.
  with torch.cuda.amp.autocast():
    epoch  4  train_loss=0.0454  val_loss=0.0437  val_qwk=0.6391  val_acc=0.5597
/home/norak/R&I/kxs-/train.py:148: FutureWarning: `torch.cuda.amp.autocast(args...)` is deprecated. Please use `torch.amp.autocast('cuda', args...)` instead.
  with torch.cuda.amp.autocast():
/home/norak/R&I/kxs-/train.py:169: FutureWarning: `torch.cuda.amp.autocast(args...)` is deprecated. Please use `torch.amp.autocast('cuda', args...)` instead.
  with torch.cuda.amp.autocast():
    epoch  5  train_loss=0.0403  val_loss=0.0425  val_qwk=0.6790  val_acc=0.5522
/home/norak/R&I/kxs-/train.py:148: FutureWarning: `torch.cuda.amp.autocast(args...)` is deprecated. Please use `torch.amp.autocast('cuda', args...)` instead.
  with torch.cuda.amp.autocast():
/home/norak/R&I/kxs-/train.py:169: FutureWarning: `torch.cuda.amp.autocast(args...)` is deprecated. Please use `torch.amp.autocast('cuda', args...)` instead.
  with torch.cuda.amp.autocast():
    epoch  6  train_loss=0.0362  val_loss=0.0396  val_qwk=0.7443  val_acc=0.6642
/home/norak/R&I/kxs-/train.py:148: FutureWarning: `torch.cuda.amp.autocast(args...)` is deprecated. Please use `torch.amp.autocast('cuda', args...)` instead.
  with torch.cuda.amp.autocast():
/home/norak/R&I/kxs-/train.py:169: FutureWarning: `torch.cuda.amp.autocast(args...)` is deprecated. Please use `torch.amp.autocast('cuda', args...)` instead.
  with torch.cuda.amp.autocast():
    epoch  7  train_loss=0.0324  val_loss=0.0332  val_qwk=0.7521  val_acc=0.6642
/home/norak/R&I/kxs-/train.py:148: FutureWarning: `torch.cuda.amp.autocast(args...)` is deprecated. Please use `torch.amp.autocast('cuda', args...)` instead.
  with torch.cuda.amp.autocast():
/home/norak/R&I/kxs-/train.py:169: FutureWarning: `torch.cuda.amp.autocast(args...)` is deprecated. Please use `torch.amp.autocast('cuda', args...)` instead.
  with torch.cuda.amp.autocast():
    epoch  8  train_loss=0.0297  val_loss=0.0315  val_qwk=0.7570  val_acc=0.6493
/home/norak/R&I/kxs-/train.py:148: FutureWarning: `torch.cuda.amp.autocast(args...)` is deprecated. Please use `torch.amp.autocast('cuda', args...)` instead.
  with torch.cuda.amp.autocast():
/home/norak/R&I/kxs-/train.py:169: FutureWarning: `torch.cuda.amp.autocast(args...)` is deprecated. Please use `torch.amp.autocast('cuda', args...)` instead.
  with torch.cuda.amp.autocast():
    epoch  9  train_loss=0.0263  val_loss=0.0317  val_qwk=0.7601  val_acc=0.7015
/home/norak/R&I/kxs-/train.py:148: FutureWarning: `torch.cuda.amp.autocast(args...)` is deprecated. Please use `torch.amp.autocast('cuda', args...)` instead.
  with torch.cuda.amp.autocast():
/home/norak/R&I/kxs-/train.py:169: FutureWarning: `torch.cuda.amp.autocast(args...)` is deprecated. Please use `torch.amp.autocast('cuda', args...)` instead.
  with torch.cuda.amp.autocast():
    epoch 10  train_loss=0.0224  val_loss=0.0282  val_qwk=0.7486  val_acc=0.6418
/home/norak/R&I/kxs-/train.py:148: FutureWarning: `torch.cuda.amp.autocast(args...)` is deprecated. Please use `torch.amp.autocast('cuda', args...)` instead.
  with torch.cuda.amp.autocast():
/home/norak/R&I/kxs-/train.py:169: FutureWarning: `torch.cuda.amp.autocast(args...)` is deprecated. Please use `torch.amp.autocast('cuda', args...)` instead.
  with torch.cuda.amp.autocast():
    epoch 11  train_loss=0.0217  val_loss=0.0354  val_qwk=0.7449  val_acc=0.6343
/home/norak/R&I/kxs-/train.py:148: FutureWarning: `torch.cuda.amp.autocast(args...)` is deprecated. Please use `torch.amp.autocast('cuda', args...)` instead.
  with torch.cuda.amp.autocast():
/home/norak/R&I/kxs-/train.py:169: FutureWarning: `torch.cuda.amp.autocast(args...)` is deprecated. Please use `torch.amp.autocast('cuda', args...)` instead.
  with torch.cuda.amp.autocast():
    epoch 12  train_loss=0.0181  val_loss=0.0292  val_qwk=0.7939  val_acc=0.7164
/home/norak/R&I/kxs-/train.py:148: FutureWarning: `torch.cuda.amp.autocast(args...)` is deprecated. Please use `torch.amp.autocast('cuda', args...)` instead.
  with torch.cuda.amp.autocast():
/home/norak/R&I/kxs-/train.py:169: FutureWarning: `torch.cuda.amp.autocast(args...)` is deprecated. Please use `torch.amp.autocast('cuda', args...)` instead.
  with torch.cuda.amp.autocast():
    epoch 13  train_loss=0.0168  val_loss=0.0304  val_qwk=0.8143  val_acc=0.7388
/home/norak/R&I/kxs-/train.py:148: FutureWarning: `torch.cuda.amp.autocast(args...)` is deprecated. Please use `torch.amp.autocast('cuda', args...)` instead.
  with torch.cuda.amp.autocast():
/home/norak/R&I/kxs-/train.py:169: FutureWarning: `torch.cuda.amp.autocast(args...)` is deprecated. Please use `torch.amp.autocast('cuda', args...)` instead.
  with torch.cuda.amp.autocast():
    epoch 14  train_loss=0.0170  val_loss=0.0295  val_qwk=0.7716  val_acc=0.7015
/home/norak/R&I/kxs-/train.py:148: FutureWarning: `torch.cuda.amp.autocast(args...)` is deprecated. Please use `torch.amp.autocast('cuda', args...)` instead.
  with torch.cuda.amp.autocast():
/home/norak/R&I/kxs-/train.py:169: FutureWarning: `torch.cuda.amp.autocast(args...)` is deprecated. Please use `torch.amp.autocast('cuda', args...)` instead.
  with torch.cuda.amp.autocast():
    epoch 15  train_loss=0.0144  val_loss=0.0337  val_qwk=0.8173  val_acc=0.7687
/home/norak/R&I/kxs-/train.py:148: FutureWarning: `torch.cuda.amp.autocast(args...)` is deprecated. Please use `torch.amp.autocast('cuda', args...)` instead.
  with torch.cuda.amp.autocast():
/home/norak/R&I/kxs-/train.py:169: FutureWarning: `torch.cuda.amp.autocast(args...)` is deprecated. Please use `torch.amp.autocast('cuda', args...)` instead.
  with torch.cuda.amp.autocast():
    epoch 16  train_loss=0.0133  val_loss=0.0327  val_qwk=0.8174  val_acc=0.7612
/home/norak/R&I/kxs-/train.py:148: FutureWarning: `torch.cuda.amp.autocast(args...)` is deprecated. Please use `torch.amp.autocast('cuda', args...)` instead.
  with torch.cuda.amp.autocast():
/home/norak/R&I/kxs-/train.py:169: FutureWarning: `torch.cuda.amp.autocast(args...)` is deprecated. Please use `torch.amp.autocast('cuda', args...)` instead.
  with torch.cuda.amp.autocast():
    epoch 17  train_loss=0.0125  val_loss=0.0276  val_qwk=0.7997  val_acc=0.7313
/home/norak/R&I/kxs-/train.py:148: FutureWarning: `torch.cuda.amp.autocast(args...)` is deprecated. Please use `torch.amp.autocast('cuda', args...)` instead.
  with torch.cuda.amp.autocast():
/home/norak/R&I/kxs-/train.py:169: FutureWarning: `torch.cuda.amp.autocast(args...)` is deprecated. Please use `torch.amp.autocast('cuda', args...)` instead.
  with torch.cuda.amp.autocast():
    epoch 18  train_loss=0.0129  val_loss=0.0273  val_qwk=0.7695  val_acc=0.6716
/home/norak/R&I/kxs-/train.py:148: FutureWarning: `torch.cuda.amp.autocast(args...)` is deprecated. Please use `torch.amp.autocast('cuda', args...)` instead.
  with torch.cuda.amp.autocast():
/home/norak/R&I/kxs-/train.py:169: FutureWarning: `torch.cuda.amp.autocast(args...)` is deprecated. Please use `torch.amp.autocast('cuda', args...)` instead.
  with torch.cuda.amp.autocast():
    epoch 19  train_loss=0.0130  val_loss=0.0274  val_qwk=0.8433  val_acc=0.7687
/home/norak/R&I/kxs-/train.py:148: FutureWarning: `torch.cuda.amp.autocast(args...)` is deprecated. Please use `torch.amp.autocast('cuda', args...)` instead.
  with torch.cuda.amp.autocast():
/home/norak/R&I/kxs-/train.py:169: FutureWarning: `torch.cuda.amp.autocast(args...)` is deprecated. Please use `torch.amp.autocast('cuda', args...)` instead.
  with torch.cuda.amp.autocast():
    epoch 20  train_loss=0.0102  val_loss=0.0272  val_qwk=0.8123  val_acc=0.7313
/home/norak/R&I/kxs-/train.py:169: FutureWarning: `torch.cuda.amp.autocast(args...)` is deprecated. Please use `torch.amp.autocast('cuda', args...)` instead.
  with torch.cuda.amp.autocast():
/home/norak/R&I/kxs-/train.py:169: FutureWarning: `torch.cuda.amp.autocast(args...)` is deprecated. Please use `torch.amp.autocast('cuda', args...)` instead.
  with torch.cuda.amp.autocast():
/home/norak/R&I/kxs-/train.py:169: FutureWarning: `torch.cuda.amp.autocast(args...)` is deprecated. Please use `torch.amp.autocast('cuda', args...)` instead.
  with torch.cuda.amp.autocast():
  [segment_qar_dual_xlmr              ] train_qwk=0.9271 -> test_qwk=0.7864  raw_w1=0.7704  epoch=19  (138.3s)
Loading weights:   0%|          | 0/136 [00:00<?, ?it/s]Loading weights:   3%|▎         | 4/136 [00:00<00:03, 38.78it/s]Loading weights: 100%|██████████| 136/136 [00:00<00:00, 930.34it/s]
[transformers] [1mNewModel LOAD REPORT[0m from: Alibaba-NLP/gte-multilingual-base
Key               | Status     |  | 
------------------+------------+--+-
classifier.bias   | UNEXPECTED |  | 
classifier.weight | UNEXPECTED |  | 

Notes:
- UNEXPECTED:	can be ignored when loading from different task/architecture; not ok if you expect identical arch.
/home/norak/R&I/kxs-/train.py:206: FutureWarning: `torch.cuda.amp.GradScaler(args...)` is deprecated. Please use `torch.amp.GradScaler('cuda', args...)` instead.
  scaler = torch.cuda.amp.GradScaler() if use_amp and device == "cuda" else None
/home/norak/R&I/kxs-/train.py:148: FutureWarning: `torch.cuda.amp.autocast(args...)` is deprecated. Please use `torch.amp.autocast('cuda', args...)` instead.
  with torch.cuda.amp.autocast():
/home/norak/R&I/kxs-/train.py:169: FutureWarning: `torch.cuda.amp.autocast(args...)` is deprecated. Please use `torch.amp.autocast('cuda', args...)` instead.
  with torch.cuda.amp.autocast():
    epoch  1  train_loss=0.0724  val_loss=0.0518  val_qwk=0.5262  val_acc=0.4179
/home/norak/R&I/kxs-/train.py:148: FutureWarning: `torch.cuda.amp.autocast(args...)` is deprecated. Please use `torch.amp.autocast('cuda', args...)` instead.
  with torch.cuda.amp.autocast():
/home/norak/R&I/kxs-/train.py:169: FutureWarning: `torch.cuda.amp.autocast(args...)` is deprecated. Please use `torch.amp.autocast('cuda', args...)` instead.
  with torch.cuda.amp.autocast():
    epoch  2  train_loss=0.0459  val_loss=0.0411  val_qwk=0.6190  val_acc=0.5149
/home/norak/R&I/kxs-/train.py:148: FutureWarning: `torch.cuda.amp.autocast(args...)` is deprecated. Please use `torch.amp.autocast('cuda', args...)` instead.
  with torch.cuda.amp.autocast():
/home/norak/R&I/kxs-/train.py:169: FutureWarning: `torch.cuda.amp.autocast(args...)` is deprecated. Please use `torch.amp.autocast('cuda', args...)` instead.
  with torch.cuda.amp.autocast():
    epoch  3  train_loss=0.0362  val_loss=0.0315  val_qwk=0.7218  val_acc=0.6119
/home/norak/R&I/kxs-/train.py:148: FutureWarning: `torch.cuda.amp.autocast(args...)` is deprecated. Please use `torch.amp.autocast('cuda', args...)` instead.
  with torch.cuda.amp.autocast():
/home/norak/R&I/kxs-/train.py:169: FutureWarning: `torch.cuda.amp.autocast(args...)` is deprecated. Please use `torch.amp.autocast('cuda', args...)` instead.
  with torch.cuda.amp.autocast():
    epoch  4  train_loss=0.0287  val_loss=0.0245  val_qwk=0.8242  val_acc=0.7313
/home/norak/R&I/kxs-/train.py:148: FutureWarning: `torch.cuda.amp.autocast(args...)` is deprecated. Please use `torch.amp.autocast('cuda', args...)` instead.
  with torch.cuda.amp.autocast():
/home/norak/R&I/kxs-/train.py:169: FutureWarning: `torch.cuda.amp.autocast(args...)` is deprecated. Please use `torch.amp.autocast('cuda', args...)` instead.
  with torch.cuda.amp.autocast():
    epoch  5  train_loss=0.0236  val_loss=0.0381  val_qwk=0.7853  val_acc=0.6791
/home/norak/R&I/kxs-/train.py:148: FutureWarning: `torch.cuda.amp.autocast(args...)` is deprecated. Please use `torch.amp.autocast('cuda', args...)` instead.
  with torch.cuda.amp.autocast():
/home/norak/R&I/kxs-/train.py:169: FutureWarning: `torch.cuda.amp.autocast(args...)` is deprecated. Please use `torch.amp.autocast('cuda', args...)` instead.
  with torch.cuda.amp.autocast():
    epoch  6  train_loss=0.0205  val_loss=0.0288  val_qwk=0.7959  val_acc=0.7239
/home/norak/R&I/kxs-/train.py:148: FutureWarning: `torch.cuda.amp.autocast(args...)` is deprecated. Please use `torch.amp.autocast('cuda', args...)` instead.
  with torch.cuda.amp.autocast():
/home/norak/R&I/kxs-/train.py:169: FutureWarning: `torch.cuda.amp.autocast(args...)` is deprecated. Please use `torch.amp.autocast('cuda', args...)` instead.
  with torch.cuda.amp.autocast():
    epoch  7  train_loss=0.0178  val_loss=0.0234  val_qwk=0.8501  val_acc=0.7910
/home/norak/R&I/kxs-/train.py:148: FutureWarning: `torch.cuda.amp.autocast(args...)` is deprecated. Please use `torch.amp.autocast('cuda', args...)` instead.
  with torch.cuda.amp.autocast():
/home/norak/R&I/kxs-/train.py:169: FutureWarning: `torch.cuda.amp.autocast(args...)` is deprecated. Please use `torch.amp.autocast('cuda', args...)` instead.
  with torch.cuda.amp.autocast():
    epoch  8  train_loss=0.0140  val_loss=0.0345  val_qwk=0.7551  val_acc=0.6716
/home/norak/R&I/kxs-/train.py:148: FutureWarning: `torch.cuda.amp.autocast(args...)` is deprecated. Please use `torch.amp.autocast('cuda', args...)` instead.
  with torch.cuda.amp.autocast():
/home/norak/R&I/kxs-/train.py:169: FutureWarning: `torch.cuda.amp.autocast(args...)` is deprecated. Please use `torch.amp.autocast('cuda', args...)` instead.
  with torch.cuda.amp.autocast():
    epoch  9  train_loss=0.0129  val_loss=0.0273  val_qwk=0.7975  val_acc=0.7239
/home/norak/R&I/kxs-/train.py:148: FutureWarning: `torch.cuda.amp.autocast(args...)` is deprecated. Please use `torch.amp.autocast('cuda', args...)` instead.
  with torch.cuda.amp.autocast():
/home/norak/R&I/kxs-/train.py:169: FutureWarning: `torch.cuda.amp.autocast(args...)` is deprecated. Please use `torch.amp.autocast('cuda', args...)` instead.
  with torch.cuda.amp.autocast():
    epoch 10  train_loss=0.0107  val_loss=0.0316  val_qwk=0.7894  val_acc=0.7015
/home/norak/R&I/kxs-/train.py:148: FutureWarning: `torch.cuda.amp.autocast(args...)` is deprecated. Please use `torch.amp.autocast('cuda', args...)` instead.
  with torch.cuda.amp.autocast():
/home/norak/R&I/kxs-/train.py:169: FutureWarning: `torch.cuda.amp.autocast(args...)` is deprecated. Please use `torch.amp.autocast('cuda', args...)` instead.
  with torch.cuda.amp.autocast():
    epoch 11  train_loss=0.0098  val_loss=0.0274  val_qwk=0.8082  val_acc=0.7313
    early-stop at epoch 11 (best epoch=7, best_qwk=0.8501)
/home/norak/R&I/kxs-/train.py:169: FutureWarning: `torch.cuda.amp.autocast(args...)` is deprecated. Please use `torch.amp.autocast('cuda', args...)` instead.
  with torch.cuda.amp.autocast():
/home/norak/R&I/kxs-/train.py:169: FutureWarning: `torch.cuda.amp.autocast(args...)` is deprecated. Please use `torch.amp.autocast('cuda', args...)` instead.
  with torch.cuda.amp.autocast():
/home/norak/R&I/kxs-/train.py:169: FutureWarning: `torch.cuda.amp.autocast(args...)` is deprecated. Please use `torch.amp.autocast('cuda', args...)` instead.
  with torch.cuda.amp.autocast():
  [segment_qar_dual_gte               ] train_qwk=0.9179 -> test_qwk=0.8237  raw_w1=0.7778  epoch=7  (94.1s)
Loading weights:   0%|          | 0/199 [00:00<?, ?it/s]Loading weights: 100%|██████████| 199/199 [00:00<00:00, 2959.35it/s]
[transformers] [1mBertModel LOAD REPORT[0m from: bert-base-multilingual-cased
Key                                        | Status     |  | 
-------------------------------------------+------------+--+-
cls.predictions.transform.LayerNorm.weight | UNEXPECTED |  | 
cls.seq_relationship.bias                  | UNEXPECTED |  | 
cls.predictions.bias                       | UNEXPECTED |  | 
cls.predictions.transform.dense.bias       | UNEXPECTED |  | 
cls.predictions.transform.dense.weight     | UNEXPECTED |  | 
cls.predictions.transform.LayerNorm.bias   | UNEXPECTED |  | 
cls.seq_relationship.weight                | UNEXPECTED |  | 

Notes:
- UNEXPECTED:	can be ignored when loading from different task/architecture; not ok if you expect identical arch.
/home/norak/R&I/kxs-/train.py:206: FutureWarning: `torch.cuda.amp.GradScaler(args...)` is deprecated. Please use `torch.amp.GradScaler('cuda', args...)` instead.
  scaler = torch.cuda.amp.GradScaler() if use_amp and device == "cuda" else None
/home/norak/R&I/kxs-/train.py:148: FutureWarning: `torch.cuda.amp.autocast(args...)` is deprecated. Please use `torch.amp.autocast('cuda', args...)` instead.
  with torch.cuda.amp.autocast():
/home/norak/R&I/kxs-/train.py:169: FutureWarning: `torch.cuda.amp.autocast(args...)` is deprecated. Please use `torch.amp.autocast('cuda', args...)` instead.
  with torch.cuda.amp.autocast():
    epoch  1  train_loss=0.0801  val_loss=0.0740  val_qwk=0.0972  val_acc=0.1418
/home/norak/R&I/kxs-/train.py:148: FutureWarning: `torch.cuda.amp.autocast(args...)` is deprecated. Please use `torch.amp.autocast('cuda', args...)` instead.
  with torch.cuda.amp.autocast():
/home/norak/R&I/kxs-/train.py:169: FutureWarning: `torch.cuda.amp.autocast(args...)` is deprecated. Please use `torch.amp.autocast('cuda', args...)` instead.
  with torch.cuda.amp.autocast():
    epoch  2  train_loss=0.0715  val_loss=0.0686  val_qwk=0.1559  val_acc=0.1567
/home/norak/R&I/kxs-/train.py:148: FutureWarning: `torch.cuda.amp.autocast(args...)` is deprecated. Please use `torch.amp.autocast('cuda', args...)` instead.
  with torch.cuda.amp.autocast():
/home/norak/R&I/kxs-/train.py:169: FutureWarning: `torch.cuda.amp.autocast(args...)` is deprecated. Please use `torch.amp.autocast('cuda', args...)` instead.
  with torch.cuda.amp.autocast():
    epoch  3  train_loss=0.0650  val_loss=0.0665  val_qwk=0.2676  val_acc=0.2463
/home/norak/R&I/kxs-/train.py:148: FutureWarning: `torch.cuda.amp.autocast(args...)` is deprecated. Please use `torch.amp.autocast('cuda', args...)` instead.
  with torch.cuda.amp.autocast():
/home/norak/R&I/kxs-/train.py:169: FutureWarning: `torch.cuda.amp.autocast(args...)` is deprecated. Please use `torch.amp.autocast('cuda', args...)` instead.
  with torch.cuda.amp.autocast():
    epoch  4  train_loss=0.0647  val_loss=0.0695  val_qwk=0.2676  val_acc=0.2463
/home/norak/R&I/kxs-/train.py:148: FutureWarning: `torch.cuda.amp.autocast(args...)` is deprecated. Please use `torch.amp.autocast('cuda', args...)` instead.
  with torch.cuda.amp.autocast():
/home/norak/R&I/kxs-/train.py:169: FutureWarning: `torch.cuda.amp.autocast(args...)` is deprecated. Please use `torch.amp.autocast('cuda', args...)` instead.
  with torch.cuda.amp.autocast():
    epoch  5  train_loss=0.0634  val_loss=0.0620  val_qwk=0.3825  val_acc=0.3657
/home/norak/R&I/kxs-/train.py:148: FutureWarning: `torch.cuda.amp.autocast(args...)` is deprecated. Please use `torch.amp.autocast('cuda', args...)` instead.
  with torch.cuda.amp.autocast():
/home/norak/R&I/kxs-/train.py:169: FutureWarning: `torch.cuda.amp.autocast(args...)` is deprecated. Please use `torch.amp.autocast('cuda', args...)` instead.
  with torch.cuda.amp.autocast():
    epoch  6  train_loss=0.0618  val_loss=0.0654  val_qwk=0.3171  val_acc=0.2836
/home/norak/R&I/kxs-/train.py:148: FutureWarning: `torch.cuda.amp.autocast(args...)` is deprecated. Please use `torch.amp.autocast('cuda', args...)` instead.
  with torch.cuda.amp.autocast():
/home/norak/R&I/kxs-/train.py:169: FutureWarning: `torch.cuda.amp.autocast(args...)` is deprecated. Please use `torch.amp.autocast('cuda', args...)` instead.
  with torch.cuda.amp.autocast():
    epoch  7  train_loss=0.0604  val_loss=0.0625  val_qwk=0.3511  val_acc=0.2985
/home/norak/R&I/kxs-/train.py:148: FutureWarning: `torch.cuda.amp.autocast(args...)` is deprecated. Please use `torch.amp.autocast('cuda', args...)` instead.
  with torch.cuda.amp.autocast():
/home/norak/R&I/kxs-/train.py:169: FutureWarning: `torch.cuda.amp.autocast(args...)` is deprecated. Please use `torch.amp.autocast('cuda', args...)` instead.
  with torch.cuda.amp.autocast():
    epoch  8  train_loss=0.0592  val_loss=0.0682  val_qwk=0.3868  val_acc=0.5000
/home/norak/R&I/kxs-/train.py:148: FutureWarning: `torch.cuda.amp.autocast(args...)` is deprecated. Please use `torch.amp.autocast('cuda', args...)` instead.
  with torch.cuda.amp.autocast():
/home/norak/R&I/kxs-/train.py:169: FutureWarning: `torch.cuda.amp.autocast(args...)` is deprecated. Please use `torch.amp.autocast('cuda', args...)` instead.
  with torch.cuda.amp.autocast():
    epoch  9  train_loss=0.0603  val_loss=0.0574  val_qwk=0.4010  val_acc=0.3881
/home/norak/R&I/kxs-/train.py:148: FutureWarning: `torch.cuda.amp.autocast(args...)` is deprecated. Please use `torch.amp.autocast('cuda', args...)` instead.
  with torch.cuda.amp.autocast():
/home/norak/R&I/kxs-/train.py:169: FutureWarning: `torch.cuda.amp.autocast(args...)` is deprecated. Please use `torch.amp.autocast('cuda', args...)` instead.
  with torch.cuda.amp.autocast():
    epoch 10  train_loss=0.0581  val_loss=0.0580  val_qwk=0.4591  val_acc=0.4478
/home/norak/R&I/kxs-/train.py:148: FutureWarning: `torch.cuda.amp.autocast(args...)` is deprecated. Please use `torch.amp.autocast('cuda', args...)` instead.
  with torch.cuda.amp.autocast():
/home/norak/R&I/kxs-/train.py:169: FutureWarning: `torch.cuda.amp.autocast(args...)` is deprecated. Please use `torch.amp.autocast('cuda', args...)` instead.
  with torch.cuda.amp.autocast():
    epoch 11  train_loss=0.0555  val_loss=0.0693  val_qwk=0.3853  val_acc=0.4776
/home/norak/R&I/kxs-/train.py:148: FutureWarning: `torch.cuda.amp.autocast(args...)` is deprecated. Please use `torch.amp.autocast('cuda', args...)` instead.
  with torch.cuda.amp.autocast():
/home/norak/R&I/kxs-/train.py:169: FutureWarning: `torch.cuda.amp.autocast(args...)` is deprecated. Please use `torch.amp.autocast('cuda', args...)` instead.
  with torch.cuda.amp.autocast():
    epoch 12  train_loss=0.0534  val_loss=0.0651  val_qwk=0.3888  val_acc=0.4627
/home/norak/R&I/kxs-/train.py:148: FutureWarning: `torch.cuda.amp.autocast(args...)` is deprecated. Please use `torch.amp.autocast('cuda', args...)` instead.
  with torch.cuda.amp.autocast():
/home/norak/R&I/kxs-/train.py:169: FutureWarning: `torch.cuda.amp.autocast(args...)` is deprecated. Please use `torch.amp.autocast('cuda', args...)` instead.
  with torch.cuda.amp.autocast():
    epoch 13  train_loss=0.0540  val_loss=0.0604  val_qwk=0.4284  val_acc=0.4851
/home/norak/R&I/kxs-/train.py:148: FutureWarning: `torch.cuda.amp.autocast(args...)` is deprecated. Please use `torch.amp.autocast('cuda', args...)` instead.
  with torch.cuda.amp.autocast():
/home/norak/R&I/kxs-/train.py:169: FutureWarning: `torch.cuda.amp.autocast(args...)` is deprecated. Please use `torch.amp.autocast('cuda', args...)` instead.
  with torch.cuda.amp.autocast():
    epoch 14  train_loss=0.0536  val_loss=0.0605  val_qwk=0.4554  val_acc=0.4851
    early-stop at epoch 14 (best epoch=10, best_qwk=0.4591)
/home/norak/R&I/kxs-/train.py:169: FutureWarning: `torch.cuda.amp.autocast(args...)` is deprecated. Please use `torch.amp.autocast('cuda', args...)` instead.
  with torch.cuda.amp.autocast():
/home/norak/R&I/kxs-/train.py:169: FutureWarning: `torch.cuda.amp.autocast(args...)` is deprecated. Please use `torch.amp.autocast('cuda', args...)` instead.
  with torch.cuda.amp.autocast():
/home/norak/R&I/kxs-/train.py:169: FutureWarning: `torch.cuda.amp.autocast(args...)` is deprecated. Please use `torch.amp.autocast('cuda', args...)` instead.
  with torch.cuda.amp.autocast():
  [segment_qar_cross_mbert            ] train_qwk=0.4829 -> test_qwk=0.4806  raw_w1=0.5111  epoch=10  (65.5s)
Loading weights:   0%|          | 0/199 [00:00<?, ?it/s]Loading weights: 100%|██████████| 199/199 [00:00<00:00, 2866.20it/s]
[transformers] [1mXLMRobertaModel LOAD REPORT[0m from: xlm-roberta-base
Key                       | Status     |  | 
--------------------------+------------+--+-
lm_head.layer_norm.weight | UNEXPECTED |  | 
lm_head.layer_norm.bias   | UNEXPECTED |  | 
lm_head.bias              | UNEXPECTED |  | 
lm_head.dense.weight      | UNEXPECTED |  | 
lm_head.dense.bias        | UNEXPECTED |  | 

Notes:
- UNEXPECTED:	can be ignored when loading from different task/architecture; not ok if you expect identical arch.
/home/norak/R&I/kxs-/train.py:206: FutureWarning: `torch.cuda.amp.GradScaler(args...)` is deprecated. Please use `torch.amp.GradScaler('cuda', args...)` instead.
  scaler = torch.cuda.amp.GradScaler() if use_amp and device == "cuda" else None
/home/norak/R&I/kxs-/train.py:148: FutureWarning: `torch.cuda.amp.autocast(args...)` is deprecated. Please use `torch.amp.autocast('cuda', args...)` instead.
  with torch.cuda.amp.autocast():
/home/norak/R&I/kxs-/train.py:169: FutureWarning: `torch.cuda.amp.autocast(args...)` is deprecated. Please use `torch.amp.autocast('cuda', args...)` instead.
  with torch.cuda.amp.autocast():
    epoch  1  train_loss=0.0857  val_loss=0.0598  val_qwk=0.4723  val_acc=0.3433
/home/norak/R&I/kxs-/train.py:148: FutureWarning: `torch.cuda.amp.autocast(args...)` is deprecated. Please use `torch.amp.autocast('cuda', args...)` instead.
  with torch.cuda.amp.autocast():
/home/norak/R&I/kxs-/train.py:169: FutureWarning: `torch.cuda.amp.autocast(args...)` is deprecated. Please use `torch.amp.autocast('cuda', args...)` instead.
  with torch.cuda.amp.autocast():
    epoch  2  train_loss=0.0632  val_loss=0.0559  val_qwk=0.4942  val_acc=0.3582
/home/norak/R&I/kxs-/train.py:148: FutureWarning: `torch.cuda.amp.autocast(args...)` is deprecated. Please use `torch.amp.autocast('cuda', args...)` instead.
  with torch.cuda.amp.autocast():
/home/norak/R&I/kxs-/train.py:169: FutureWarning: `torch.cuda.amp.autocast(args...)` is deprecated. Please use `torch.amp.autocast('cuda', args...)` instead.
  with torch.cuda.amp.autocast():
    epoch  3  train_loss=0.0606  val_loss=0.0536  val_qwk=0.3948  val_acc=0.2463
/home/norak/R&I/kxs-/train.py:148: FutureWarning: `torch.cuda.amp.autocast(args...)` is deprecated. Please use `torch.amp.autocast('cuda', args...)` instead.
  with torch.cuda.amp.autocast():
/home/norak/R&I/kxs-/train.py:169: FutureWarning: `torch.cuda.amp.autocast(args...)` is deprecated. Please use `torch.amp.autocast('cuda', args...)` instead.
  with torch.cuda.amp.autocast():
    epoch  4  train_loss=0.0525  val_loss=0.0476  val_qwk=0.6245  val_acc=0.5149
/home/norak/R&I/kxs-/train.py:148: FutureWarning: `torch.cuda.amp.autocast(args...)` is deprecated. Please use `torch.amp.autocast('cuda', args...)` instead.
  with torch.cuda.amp.autocast():
/home/norak/R&I/kxs-/train.py:169: FutureWarning: `torch.cuda.amp.autocast(args...)` is deprecated. Please use `torch.amp.autocast('cuda', args...)` instead.
  with torch.cuda.amp.autocast():
    epoch  5  train_loss=0.0466  val_loss=0.0488  val_qwk=0.5658  val_acc=0.4254
/home/norak/R&I/kxs-/train.py:148: FutureWarning: `torch.cuda.amp.autocast(args...)` is deprecated. Please use `torch.amp.autocast('cuda', args...)` instead.
  with torch.cuda.amp.autocast():
/home/norak/R&I/kxs-/train.py:169: FutureWarning: `torch.cuda.amp.autocast(args...)` is deprecated. Please use `torch.amp.autocast('cuda', args...)` instead.
  with torch.cuda.amp.autocast():
    epoch  6  train_loss=0.0425  val_loss=0.0458  val_qwk=0.5866  val_acc=0.4328
/home/norak/R&I/kxs-/train.py:148: FutureWarning: `torch.cuda.amp.autocast(args...)` is deprecated. Please use `torch.amp.autocast('cuda', args...)` instead.
  with torch.cuda.amp.autocast():
/home/norak/R&I/kxs-/train.py:169: FutureWarning: `torch.cuda.amp.autocast(args...)` is deprecated. Please use `torch.amp.autocast('cuda', args...)` instead.
  with torch.cuda.amp.autocast():
    epoch  7  train_loss=0.0407  val_loss=0.0414  val_qwk=0.6579  val_acc=0.5672
/home/norak/R&I/kxs-/train.py:148: FutureWarning: `torch.cuda.amp.autocast(args...)` is deprecated. Please use `torch.amp.autocast('cuda', args...)` instead.
  with torch.cuda.amp.autocast():
/home/norak/R&I/kxs-/train.py:169: FutureWarning: `torch.cuda.amp.autocast(args...)` is deprecated. Please use `torch.amp.autocast('cuda', args...)` instead.
  with torch.cuda.amp.autocast():
    epoch  8  train_loss=0.0373  val_loss=0.0324  val_qwk=0.7264  val_acc=0.6493
/home/norak/R&I/kxs-/train.py:148: FutureWarning: `torch.cuda.amp.autocast(args...)` is deprecated. Please use `torch.amp.autocast('cuda', args...)` instead.
  with torch.cuda.amp.autocast():
/home/norak/R&I/kxs-/train.py:169: FutureWarning: `torch.cuda.amp.autocast(args...)` is deprecated. Please use `torch.amp.autocast('cuda', args...)` instead.
  with torch.cuda.amp.autocast():
    epoch  9  train_loss=0.0327  val_loss=0.0338  val_qwk=0.7242  val_acc=0.6343
/home/norak/R&I/kxs-/train.py:148: FutureWarning: `torch.cuda.amp.autocast(args...)` is deprecated. Please use `torch.amp.autocast('cuda', args...)` instead.
  with torch.cuda.amp.autocast():
/home/norak/R&I/kxs-/train.py:169: FutureWarning: `torch.cuda.amp.autocast(args...)` is deprecated. Please use `torch.amp.autocast('cuda', args...)` instead.
  with torch.cuda.amp.autocast():
    epoch 10  train_loss=0.0318  val_loss=0.0340  val_qwk=0.7775  val_acc=0.7015
/home/norak/R&I/kxs-/train.py:148: FutureWarning: `torch.cuda.amp.autocast(args...)` is deprecated. Please use `torch.amp.autocast('cuda', args...)` instead.
  with torch.cuda.amp.autocast():
/home/norak/R&I/kxs-/train.py:169: FutureWarning: `torch.cuda.amp.autocast(args...)` is deprecated. Please use `torch.amp.autocast('cuda', args...)` instead.
  with torch.cuda.amp.autocast():
    epoch 11  train_loss=0.0290  val_loss=0.0314  val_qwk=0.7601  val_acc=0.7090
/home/norak/R&I/kxs-/train.py:148: FutureWarning: `torch.cuda.amp.autocast(args...)` is deprecated. Please use `torch.amp.autocast('cuda', args...)` instead.
  with torch.cuda.amp.autocast():
/home/norak/R&I/kxs-/train.py:169: FutureWarning: `torch.cuda.amp.autocast(args...)` is deprecated. Please use `torch.amp.autocast('cuda', args...)` instead.
  with torch.cuda.amp.autocast():
    epoch 12  train_loss=0.0247  val_loss=0.0288  val_qwk=0.7962  val_acc=0.7090
/home/norak/R&I/kxs-/train.py:148: FutureWarning: `torch.cuda.amp.autocast(args...)` is deprecated. Please use `torch.amp.autocast('cuda', args...)` instead.
  with torch.cuda.amp.autocast():
/home/norak/R&I/kxs-/train.py:169: FutureWarning: `torch.cuda.amp.autocast(args...)` is deprecated. Please use `torch.amp.autocast('cuda', args...)` instead.
  with torch.cuda.amp.autocast():
    epoch 13  train_loss=0.0231  val_loss=0.0319  val_qwk=0.7730  val_acc=0.7239
/home/norak/R&I/kxs-/train.py:148: FutureWarning: `torch.cuda.amp.autocast(args...)` is deprecated. Please use `torch.amp.autocast('cuda', args...)` instead.
  with torch.cuda.amp.autocast():
/home/norak/R&I/kxs-/train.py:169: FutureWarning: `torch.cuda.amp.autocast(args...)` is deprecated. Please use `torch.amp.autocast('cuda', args...)` instead.
  with torch.cuda.amp.autocast():
    epoch 14  train_loss=0.0194  val_loss=0.0353  val_qwk=0.7829  val_acc=0.7761
/home/norak/R&I/kxs-/train.py:148: FutureWarning: `torch.cuda.amp.autocast(args...)` is deprecated. Please use `torch.amp.autocast('cuda', args...)` instead.
  with torch.cuda.amp.autocast():
/home/norak/R&I/kxs-/train.py:169: FutureWarning: `torch.cuda.amp.autocast(args...)` is deprecated. Please use `torch.amp.autocast('cuda', args...)` instead.
  with torch.cuda.amp.autocast():
    epoch 15  train_loss=0.0182  val_loss=0.0318  val_qwk=0.7467  val_acc=0.6940
/home/norak/R&I/kxs-/train.py:148: FutureWarning: `torch.cuda.amp.autocast(args...)` is deprecated. Please use `torch.amp.autocast('cuda', args...)` instead.
  with torch.cuda.amp.autocast():
/home/norak/R&I/kxs-/train.py:169: FutureWarning: `torch.cuda.amp.autocast(args...)` is deprecated. Please use `torch.amp.autocast('cuda', args...)` instead.
  with torch.cuda.amp.autocast():
    epoch 16  train_loss=0.0167  val_loss=0.0379  val_qwk=0.7684  val_acc=0.7463
    early-stop at epoch 16 (best epoch=12, best_qwk=0.7962)
/home/norak/R&I/kxs-/train.py:169: FutureWarning: `torch.cuda.amp.autocast(args...)` is deprecated. Please use `torch.amp.autocast('cuda', args...)` instead.
  with torch.cuda.amp.autocast():
/home/norak/R&I/kxs-/train.py:169: FutureWarning: `torch.cuda.amp.autocast(args...)` is deprecated. Please use `torch.amp.autocast('cuda', args...)` instead.
  with torch.cuda.amp.autocast():
/home/norak/R&I/kxs-/train.py:169: FutureWarning: `torch.cuda.amp.autocast(args...)` is deprecated. Please use `torch.amp.autocast('cuda', args...)` instead.
  with torch.cuda.amp.autocast():
  [segment_qar_cross_xlmr             ] train_qwk=0.8621 -> test_qwk=0.7342  raw_w1=0.7111  epoch=12  (81.4s)
Loading weights:   0%|          | 0/136 [00:00<?, ?it/s]Loading weights:   3%|▎         | 4/136 [00:00<00:03, 33.17it/s]Loading weights: 100%|██████████| 136/136 [00:00<00:00, 840.55it/s]
[transformers] [1mNewModel LOAD REPORT[0m from: Alibaba-NLP/gte-multilingual-base
Key               | Status     |  | 
------------------+------------+--+-
classifier.bias   | UNEXPECTED |  | 
classifier.weight | UNEXPECTED |  | 

Notes:
- UNEXPECTED:	can be ignored when loading from different task/architecture; not ok if you expect identical arch.
/home/norak/R&I/kxs-/train.py:206: FutureWarning: `torch.cuda.amp.GradScaler(args...)` is deprecated. Please use `torch.amp.GradScaler('cuda', args...)` instead.
  scaler = torch.cuda.amp.GradScaler() if use_amp and device == "cuda" else None
/home/norak/R&I/kxs-/train.py:148: FutureWarning: `torch.cuda.amp.autocast(args...)` is deprecated. Please use `torch.amp.autocast('cuda', args...)` instead.
  with torch.cuda.amp.autocast():
/home/norak/R&I/kxs-/train.py:169: FutureWarning: `torch.cuda.amp.autocast(args...)` is deprecated. Please use `torch.amp.autocast('cuda', args...)` instead.
  with torch.cuda.amp.autocast():
    epoch  1  train_loss=0.0741  val_loss=0.0536  val_qwk=0.4962  val_acc=0.3582
/home/norak/R&I/kxs-/train.py:148: FutureWarning: `torch.cuda.amp.autocast(args...)` is deprecated. Please use `torch.amp.autocast('cuda', args...)` instead.
  with torch.cuda.amp.autocast():
/home/norak/R&I/kxs-/train.py:169: FutureWarning: `torch.cuda.amp.autocast(args...)` is deprecated. Please use `torch.amp.autocast('cuda', args...)` instead.
  with torch.cuda.amp.autocast():
    epoch  2  train_loss=0.0492  val_loss=0.0504  val_qwk=0.5555  val_acc=0.4478
/home/norak/R&I/kxs-/train.py:148: FutureWarning: `torch.cuda.amp.autocast(args...)` is deprecated. Please use `torch.amp.autocast('cuda', args...)` instead.
  with torch.cuda.amp.autocast():
/home/norak/R&I/kxs-/train.py:169: FutureWarning: `torch.cuda.amp.autocast(args...)` is deprecated. Please use `torch.amp.autocast('cuda', args...)` instead.
  with torch.cuda.amp.autocast():
    epoch  3  train_loss=0.0439  val_loss=0.0467  val_qwk=0.5736  val_acc=0.5075
/home/norak/R&I/kxs-/train.py:148: FutureWarning: `torch.cuda.amp.autocast(args...)` is deprecated. Please use `torch.amp.autocast('cuda', args...)` instead.
  with torch.cuda.amp.autocast():
/home/norak/R&I/kxs-/train.py:169: FutureWarning: `torch.cuda.amp.autocast(args...)` is deprecated. Please use `torch.amp.autocast('cuda', args...)` instead.
  with torch.cuda.amp.autocast():
    epoch  4  train_loss=0.0380  val_loss=0.0446  val_qwk=0.6656  val_acc=0.5746
/home/norak/R&I/kxs-/train.py:148: FutureWarning: `torch.cuda.amp.autocast(args...)` is deprecated. Please use `torch.amp.autocast('cuda', args...)` instead.
  with torch.cuda.amp.autocast():
/home/norak/R&I/kxs-/train.py:169: FutureWarning: `torch.cuda.amp.autocast(args...)` is deprecated. Please use `torch.amp.autocast('cuda', args...)` instead.
  with torch.cuda.amp.autocast():
    epoch  5  train_loss=0.0337  val_loss=0.0423  val_qwk=0.7070  val_acc=0.6567
/home/norak/R&I/kxs-/train.py:148: FutureWarning: `torch.cuda.amp.autocast(args...)` is deprecated. Please use `torch.amp.autocast('cuda', args...)` instead.
  with torch.cuda.amp.autocast():
/home/norak/R&I/kxs-/train.py:169: FutureWarning: `torch.cuda.amp.autocast(args...)` is deprecated. Please use `torch.amp.autocast('cuda', args...)` instead.
  with torch.cuda.amp.autocast():
    epoch  6  train_loss=0.0306  val_loss=0.0396  val_qwk=0.7300  val_acc=0.6642
/home/norak/R&I/kxs-/train.py:148: FutureWarning: `torch.cuda.amp.autocast(args...)` is deprecated. Please use `torch.amp.autocast('cuda', args...)` instead.
  with torch.cuda.amp.autocast():
/home/norak/R&I/kxs-/train.py:169: FutureWarning: `torch.cuda.amp.autocast(args...)` is deprecated. Please use `torch.amp.autocast('cuda', args...)` instead.
  with torch.cuda.amp.autocast():
    epoch  7  train_loss=0.0245  val_loss=0.0383  val_qwk=0.7514  val_acc=0.7090
/home/norak/R&I/kxs-/train.py:148: FutureWarning: `torch.cuda.amp.autocast(args...)` is deprecated. Please use `torch.amp.autocast('cuda', args...)` instead.
  with torch.cuda.amp.autocast():
/home/norak/R&I/kxs-/train.py:169: FutureWarning: `torch.cuda.amp.autocast(args...)` is deprecated. Please use `torch.amp.autocast('cuda', args...)` instead.
  with torch.cuda.amp.autocast():
    epoch  8  train_loss=0.0236  val_loss=0.0387  val_qwk=0.7606  val_acc=0.7090
/home/norak/R&I/kxs-/train.py:148: FutureWarning: `torch.cuda.amp.autocast(args...)` is deprecated. Please use `torch.amp.autocast('cuda', args...)` instead.
  with torch.cuda.amp.autocast():
/home/norak/R&I/kxs-/train.py:169: FutureWarning: `torch.cuda.amp.autocast(args...)` is deprecated. Please use `torch.amp.autocast('cuda', args...)` instead.
  with torch.cuda.amp.autocast():
    epoch  9  train_loss=0.0212  val_loss=0.0367  val_qwk=0.7570  val_acc=0.7388
/home/norak/R&I/kxs-/train.py:148: FutureWarning: `torch.cuda.amp.autocast(args...)` is deprecated. Please use `torch.amp.autocast('cuda', args...)` instead.
  with torch.cuda.amp.autocast():
/home/norak/R&I/kxs-/train.py:169: FutureWarning: `torch.cuda.amp.autocast(args...)` is deprecated. Please use `torch.amp.autocast('cuda', args...)` instead.
  with torch.cuda.amp.autocast():
    epoch 10  train_loss=0.0205  val_loss=0.0526  val_qwk=0.6565  val_acc=0.5896
/home/norak/R&I/kxs-/train.py:148: FutureWarning: `torch.cuda.amp.autocast(args...)` is deprecated. Please use `torch.amp.autocast('cuda', args...)` instead.
  with torch.cuda.amp.autocast():
/home/norak/R&I/kxs-/train.py:169: FutureWarning: `torch.cuda.amp.autocast(args...)` is deprecated. Please use `torch.amp.autocast('cuda', args...)` instead.
  with torch.cuda.amp.autocast():
    epoch 11  train_loss=0.0214  val_loss=0.0328  val_qwk=0.7839  val_acc=0.7313
/home/norak/R&I/kxs-/train.py:148: FutureWarning: `torch.cuda.amp.autocast(args...)` is deprecated. Please use `torch.amp.autocast('cuda', args...)` instead.
  with torch.cuda.amp.autocast():
/home/norak/R&I/kxs-/train.py:169: FutureWarning: `torch.cuda.amp.autocast(args...)` is deprecated. Please use `torch.amp.autocast('cuda', args...)` instead.
  with torch.cuda.amp.autocast():
    epoch 12  train_loss=0.0167  val_loss=0.0366  val_qwk=0.7693  val_acc=0.7090
/home/norak/R&I/kxs-/train.py:148: FutureWarning: `torch.cuda.amp.autocast(args...)` is deprecated. Please use `torch.amp.autocast('cuda', args...)` instead.
  with torch.cuda.amp.autocast():
/home/norak/R&I/kxs-/train.py:169: FutureWarning: `torch.cuda.amp.autocast(args...)` is deprecated. Please use `torch.amp.autocast('cuda', args...)` instead.
  with torch.cuda.amp.autocast():
    epoch 13  train_loss=0.0141  val_loss=0.0426  val_qwk=0.7513  val_acc=0.6791
/home/norak/R&I/kxs-/train.py:148: FutureWarning: `torch.cuda.amp.autocast(args...)` is deprecated. Please use `torch.amp.autocast('cuda', args...)` instead.
  with torch.cuda.amp.autocast():
/home/norak/R&I/kxs-/train.py:169: FutureWarning: `torch.cuda.amp.autocast(args...)` is deprecated. Please use `torch.amp.autocast('cuda', args...)` instead.
  with torch.cuda.amp.autocast():
    epoch 14  train_loss=0.0139  val_loss=0.0426  val_qwk=0.7262  val_acc=0.6418
/home/norak/R&I/kxs-/train.py:148: FutureWarning: `torch.cuda.amp.autocast(args...)` is deprecated. Please use `torch.amp.autocast('cuda', args...)` instead.
  with torch.cuda.amp.autocast():
/home/norak/R&I/kxs-/train.py:169: FutureWarning: `torch.cuda.amp.autocast(args...)` is deprecated. Please use `torch.amp.autocast('cuda', args...)` instead.
  with torch.cuda.amp.autocast():
    epoch 15  train_loss=0.0118  val_loss=0.0325  val_qwk=0.7415  val_acc=0.6791
    early-stop at epoch 15 (best epoch=11, best_qwk=0.7839)
/home/norak/R&I/kxs-/train.py:169: FutureWarning: `torch.cuda.amp.autocast(args...)` is deprecated. Please use `torch.amp.autocast('cuda', args...)` instead.
  with torch.cuda.amp.autocast():
/home/norak/R&I/kxs-/train.py:169: FutureWarning: `torch.cuda.amp.autocast(args...)` is deprecated. Please use `torch.amp.autocast('cuda', args...)` instead.
  with torch.cuda.amp.autocast():
/home/norak/R&I/kxs-/train.py:169: FutureWarning: `torch.cuda.amp.autocast(args...)` is deprecated. Please use `torch.amp.autocast('cuda', args...)` instead.
  with torch.cuda.amp.autocast():
  [segment_qar_cross_gte              ] train_qwk=0.8923 -> test_qwk=0.8021  raw_w1=0.7926  epoch=11  (87.6s)

[*] exp06 done

========== exp03b max-feat neural  1184 (full)  resume=False  ->  /home/norak/R&I/kxs-/results_full_v03b_maxfeat_neural ==========
  rows=1184 train=828 val=178 test=178
    epoch  1  train_loss=0.0845  val_loss=0.0761  val_qwk=0.0000  val_acc=0.1629
    epoch  2  train_loss=0.0679  val_loss=0.0612  val_qwk=0.3324  val_acc=0.3371
    epoch  3  train_loss=0.0552  val_loss=0.0655  val_qwk=0.3758  val_acc=0.3933
    epoch  4  train_loss=0.0520  val_loss=0.0490  val_qwk=0.4929  val_acc=0.4382
    epoch  5  train_loss=0.0435  val_loss=0.0478  val_qwk=0.5876  val_acc=0.4831
    epoch  6  train_loss=0.0395  val_loss=0.0450  val_qwk=0.5734  val_acc=0.4775
    epoch  7  train_loss=0.0368  val_loss=0.0433  val_qwk=0.5986  val_acc=0.4831
    epoch  8  train_loss=0.0327  val_loss=0.0412  val_qwk=0.6015  val_acc=0.5112
    epoch  9  train_loss=0.0316  val_loss=0.0431  val_qwk=0.6531  val_acc=0.5730
    epoch 10  train_loss=0.0322  val_loss=0.0421  val_qwk=0.6041  val_acc=0.5000
    epoch 11  train_loss=0.0293  val_loss=0.0421  val_qwk=0.6399  val_acc=0.5056
    epoch 12  train_loss=0.0262  val_loss=0.0404  val_qwk=0.6235  val_acc=0.5506
    epoch 13  train_loss=0.0243  val_loss=0.0452  val_qwk=0.6340  val_acc=0.5955
    early-stop at epoch 13 (best epoch=9, best_qwk=0.6531)
  [raw_ra_bilstm_maxfeat              ] train_qwk=0.7643 -> test_qwk=0.7250  acc5=0.6798  raw_w1=0.6742  epoch=9  (11.1s)
    epoch  1  train_loss=0.0938  val_loss=0.0838  val_qwk=0.0000  val_acc=0.1629
    epoch  2  train_loss=0.0764  val_loss=0.0724  val_qwk=0.0000  val_acc=0.1629
    epoch  3  train_loss=0.0646  val_loss=0.0559  val_qwk=0.4671  val_acc=0.3933
    epoch  4  train_loss=0.0576  val_loss=0.0547  val_qwk=0.4581  val_acc=0.3820
    epoch  5  train_loss=0.0520  val_loss=0.0539  val_qwk=0.4671  val_acc=0.3876
    epoch  6  train_loss=0.0488  val_loss=0.0502  val_qwk=0.5410  val_acc=0.4326
    epoch  7  train_loss=0.0468  val_loss=0.0503  val_qwk=0.5590  val_acc=0.4382
    epoch  8  train_loss=0.0464  val_loss=0.0523  val_qwk=0.5357  val_acc=0.4326
    epoch  9  train_loss=0.0422  val_loss=0.0487  val_qwk=0.5745  val_acc=0.4775
    epoch 10  train_loss=0.0408  val_loss=0.0489  val_qwk=0.5691  val_acc=0.5169
    epoch 11  train_loss=0.0401  val_loss=0.0486  val_qwk=0.5678  val_acc=0.5112
    epoch 12  train_loss=0.0372  val_loss=0.0477  val_qwk=0.6210  val_acc=0.5169
    epoch 13  train_loss=0.0375  val_loss=0.0488  val_qwk=0.5862  val_acc=0.4944
    epoch 14  train_loss=0.0348  val_loss=0.0511  val_qwk=0.5207  val_acc=0.5337
    epoch 15  train_loss=0.0340  val_loss=0.0458  val_qwk=0.5535  val_acc=0.5449
    epoch 16  train_loss=0.0323  val_loss=0.0485  val_qwk=0.6484  val_acc=0.5506
    epoch 17  train_loss=0.0307  val_loss=0.0440  val_qwk=0.6322  val_acc=0.5787
    epoch 18  train_loss=0.0290  val_loss=0.0471  val_qwk=0.6475  val_acc=0.5449
    epoch 19  train_loss=0.0276  val_loss=0.0445  val_qwk=0.6274  val_acc=0.5730
    epoch 20  train_loss=0.0265  val_loss=0.0409  val_qwk=0.6638  val_acc=0.5955
  [raw_qar_bilstm_maxfeat             ] train_qwk=0.7970 -> test_qwk=0.6886  acc5=0.6292  raw_w1=0.6798  epoch=20  (12.8s)
    epoch  1  train_loss=0.0877  val_loss=0.0779  val_qwk=0.0000  val_acc=0.1629
    epoch  2  train_loss=0.0701  val_loss=0.0645  val_qwk=0.3334  val_acc=0.2360
    epoch  3  train_loss=0.0593  val_loss=0.0553  val_qwk=0.4744  val_acc=0.3989
    epoch  4  train_loss=0.0526  val_loss=0.0550  val_qwk=0.4577  val_acc=0.4157
    epoch  5  train_loss=0.0471  val_loss=0.0501  val_qwk=0.5274  val_acc=0.4382
    epoch  6  train_loss=0.0437  val_loss=0.0481  val_qwk=0.5780  val_acc=0.4663
    epoch  7  train_loss=0.0429  val_loss=0.0489  val_qwk=0.5646  val_acc=0.4663
    epoch  8  train_loss=0.0375  val_loss=0.0487  val_qwk=0.6223  val_acc=0.5225
    epoch  9  train_loss=0.0344  val_loss=0.0476  val_qwk=0.5176  val_acc=0.4663
    epoch 10  train_loss=0.0332  val_loss=0.0440  val_qwk=0.6181  val_acc=0.5225
    epoch 11  train_loss=0.0308  val_loss=0.0475  val_qwk=0.5645  val_acc=0.5112
    epoch 12  train_loss=0.0281  val_loss=0.0447  val_qwk=0.6225  val_acc=0.5169
    epoch 13  train_loss=0.0289  val_loss=0.0501  val_qwk=0.5892  val_acc=0.5112
    epoch 14  train_loss=0.0275  val_loss=0.0460  val_qwk=0.5809  val_acc=0.5000
    epoch 15  train_loss=0.0255  val_loss=0.0426  val_qwk=0.6143  val_acc=0.5674
    epoch 16  train_loss=0.0245  val_loss=0.0435  val_qwk=0.6374  val_acc=0.5618
    epoch 17  train_loss=0.0230  val_loss=0.0417  val_qwk=0.6256  val_acc=0.5393
    epoch 18  train_loss=0.0218  val_loss=0.0465  val_qwk=0.6521  val_acc=0.6124
    epoch 19  train_loss=0.0220  val_loss=0.0417  val_qwk=0.6524  val_acc=0.6011
    epoch 20  train_loss=0.0208  val_loss=0.0421  val_qwk=0.6355  val_acc=0.5787
  [clean_ra_bilstm_maxfeat            ] train_qwk=0.8356 -> test_qwk=0.7516  acc5=0.6573  raw_w1=0.7191  epoch=19  (13.5s)
    epoch  1  train_loss=0.0877  val_loss=0.0774  val_qwk=0.0000  val_acc=0.1629
    epoch  2  train_loss=0.0699  val_loss=0.0627  val_qwk=0.2583  val_acc=0.1517
    epoch  3  train_loss=0.0604  val_loss=0.0559  val_qwk=0.4603  val_acc=0.3652
    epoch  4  train_loss=0.0544  val_loss=0.0559  val_qwk=0.4514  val_acc=0.3652
    epoch  5  train_loss=0.0500  val_loss=0.0522  val_qwk=0.5494  val_acc=0.4438
    epoch  6  train_loss=0.0481  val_loss=0.0499  val_qwk=0.5086  val_acc=0.3989
    epoch  7  train_loss=0.0474  val_loss=0.0480  val_qwk=0.5895  val_acc=0.4663
    epoch  8  train_loss=0.0446  val_loss=0.0491  val_qwk=0.5692  val_acc=0.4270
    epoch  9  train_loss=0.0416  val_loss=0.0504  val_qwk=0.5638  val_acc=0.4494
    epoch 10  train_loss=0.0397  val_loss=0.0478  val_qwk=0.5944  val_acc=0.5000
    epoch 11  train_loss=0.0363  val_loss=0.0444  val_qwk=0.6305  val_acc=0.5449
    epoch 12  train_loss=0.0331  val_loss=0.0467  val_qwk=0.6235  val_acc=0.5337
    epoch 13  train_loss=0.0327  val_loss=0.0471  val_qwk=0.5732  val_acc=0.5393
    epoch 14  train_loss=0.0314  val_loss=0.0410  val_qwk=0.6260  val_acc=0.5506
    epoch 15  train_loss=0.0305  val_loss=0.0419  val_qwk=0.6686  val_acc=0.5955
    epoch 16  train_loss=0.0283  val_loss=0.0408  val_qwk=0.6703  val_acc=0.5899
    epoch 17  train_loss=0.0271  val_loss=0.0409  val_qwk=0.6851  val_acc=0.5843
    epoch 18  train_loss=0.0257  val_loss=0.0454  val_qwk=0.6532  val_acc=0.5787
    epoch 19  train_loss=0.0263  val_loss=0.0424  val_qwk=0.6687  val_acc=0.6124
    epoch 20  train_loss=0.0245  val_loss=0.0419  val_qwk=0.6956  val_acc=0.6011
  [clean_qar_bilstm_maxfeat           ] train_qwk=0.8054 -> test_qwk=0.7462  acc5=0.6236  raw_w1=0.6910  epoch=20  (13.9s)
| 2026-05-17 15:08:31,392 | [1;32mINFO[0m | khmer-nltk | Loaded model from /home/norak/R&I/kxs-/venv/lib/python3.12/site-packages/khmernltk/word_tokenize/sklearn_crf_ner_10000.sav |
    epoch  1  train_loss=0.0884  val_loss=0.0832  val_qwk=0.0000  val_acc=0.1629
    epoch  2  train_loss=0.0736  val_loss=0.0698  val_qwk=0.0243  val_acc=0.1629
    epoch  3  train_loss=0.0605  val_loss=0.0636  val_qwk=0.4399  val_acc=0.3933
    epoch  4  train_loss=0.0554  val_loss=0.0543  val_qwk=0.3993  val_acc=0.3596
    epoch  5  train_loss=0.0525  val_loss=0.0503  val_qwk=0.4670  val_acc=0.3933
    epoch  6  train_loss=0.0463  val_loss=0.0514  val_qwk=0.4785  val_acc=0.4157
    epoch  7  train_loss=0.0397  val_loss=0.0473  val_qwk=0.5400  val_acc=0.4438
    epoch  8  train_loss=0.0368  val_loss=0.0455  val_qwk=0.5713  val_acc=0.5000
    epoch  9  train_loss=0.0331  val_loss=0.0505  val_qwk=0.5983  val_acc=0.5056
    epoch 10  train_loss=0.0332  val_loss=0.0434  val_qwk=0.5910  val_acc=0.4944
    epoch 11  train_loss=0.0298  val_loss=0.0464  val_qwk=0.6051  val_acc=0.5112
    epoch 12  train_loss=0.0302  val_loss=0.0443  val_qwk=0.6424  val_acc=0.5337
    epoch 13  train_loss=0.0282  val_loss=0.0427  val_qwk=0.6079  val_acc=0.5562
    epoch 14  train_loss=0.0272  val_loss=0.0437  val_qwk=0.6147  val_acc=0.5393
    epoch 15  train_loss=0.0274  val_loss=0.0424  val_qwk=0.6399  val_acc=0.5899
    epoch 16  train_loss=0.0242  val_loss=0.0422  val_qwk=0.6577  val_acc=0.5899
    epoch 17  train_loss=0.0227  val_loss=0.0404  val_qwk=0.6687  val_acc=0.6236
    epoch 18  train_loss=0.0218  val_loss=0.0395  val_qwk=0.6555  val_acc=0.6067
    epoch 19  train_loss=0.0217  val_loss=0.0390  val_qwk=0.6697  val_acc=0.5787
    epoch 20  train_loss=0.0211  val_loss=0.0415  val_qwk=0.6895  val_acc=0.6348
  [segment_ra_bilstm_maxfeat          ] train_qwk=0.8415 -> test_qwk=0.7448  acc5=0.6742  raw_w1=0.7191  epoch=20  (25.7s)
    epoch  1  train_loss=0.0882  val_loss=0.0826  val_qwk=0.0000  val_acc=0.1629
    epoch  2  train_loss=0.0739  val_loss=0.0702  val_qwk=0.0766  val_acc=0.1629
    epoch  3  train_loss=0.0630  val_loss=0.0681  val_qwk=0.3615  val_acc=0.3146
    epoch  4  train_loss=0.0607  val_loss=0.0611  val_qwk=0.3884  val_acc=0.3539
    epoch  5  train_loss=0.0583  val_loss=0.0563  val_qwk=0.4185  val_acc=0.3371
    epoch  6  train_loss=0.0546  val_loss=0.0568  val_qwk=0.4119  val_acc=0.3371
    epoch  7  train_loss=0.0508  val_loss=0.0538  val_qwk=0.4830  val_acc=0.4045
    epoch  8  train_loss=0.0481  val_loss=0.0517  val_qwk=0.4901  val_acc=0.3876
    epoch  9  train_loss=0.0467  val_loss=0.0514  val_qwk=0.5610  val_acc=0.4494
    epoch 10  train_loss=0.0449  val_loss=0.0511  val_qwk=0.5059  val_acc=0.4045
    epoch 11  train_loss=0.0406  val_loss=0.0459  val_qwk=0.6169  val_acc=0.5337
    epoch 12  train_loss=0.0385  val_loss=0.0452  val_qwk=0.6151  val_acc=0.5169
    epoch 13  train_loss=0.0369  val_loss=0.0458  val_qwk=0.5990  val_acc=0.4944
    epoch 14  train_loss=0.0384  val_loss=0.0469  val_qwk=0.5896  val_acc=0.5225
    epoch 15  train_loss=0.0363  val_loss=0.0462  val_qwk=0.6009  val_acc=0.5281
    early-stop at epoch 15 (best epoch=11, best_qwk=0.6169)
  [segment_qar_bilstm_maxfeat         ] train_qwk=0.6671 -> test_qwk=0.6276  acc5=0.6011  raw_w1=0.6292  epoch=11  (22.6s)
Warning: You are sending unauthenticated requests to the HF Hub. Please set a HF_TOKEN to enable higher rate limits and faster downloads.
Loading weights:   0%|          | 0/199 [00:00<?, ?it/s]Loading weights: 100%|██████████| 199/199 [00:00<00:00, 3058.55it/s]
[transformers] [1mBertModel LOAD REPORT[0m from: bert-base-multilingual-cased
Key                                        | Status     |  | 
-------------------------------------------+------------+--+-
cls.seq_relationship.weight                | UNEXPECTED |  | 
cls.predictions.transform.LayerNorm.weight | UNEXPECTED |  | 
cls.predictions.transform.dense.bias       | UNEXPECTED |  | 
cls.predictions.transform.dense.weight     | UNEXPECTED |  | 
cls.predictions.transform.LayerNorm.bias   | UNEXPECTED |  | 
cls.seq_relationship.bias                  | UNEXPECTED |  | 
cls.predictions.bias                       | UNEXPECTED |  | 

Notes:
- UNEXPECTED:	can be ignored when loading from different task/architecture; not ok if you expect identical arch.
/home/norak/R&I/kxs-/train.py:206: FutureWarning: `torch.cuda.amp.GradScaler(args...)` is deprecated. Please use `torch.amp.GradScaler('cuda', args...)` instead.
  scaler = torch.cuda.amp.GradScaler() if use_amp and device == "cuda" else None
/home/norak/R&I/kxs-/train.py:148: FutureWarning: `torch.cuda.amp.autocast(args...)` is deprecated. Please use `torch.amp.autocast('cuda', args...)` instead.
  with torch.cuda.amp.autocast():
/home/norak/R&I/kxs-/train.py:169: FutureWarning: `torch.cuda.amp.autocast(args...)` is deprecated. Please use `torch.amp.autocast('cuda', args...)` instead.
  with torch.cuda.amp.autocast():
    epoch  1  train_loss=0.0686  val_loss=0.0560  val_qwk=0.4019  val_acc=0.2921
/home/norak/R&I/kxs-/train.py:148: FutureWarning: `torch.cuda.amp.autocast(args...)` is deprecated. Please use `torch.amp.autocast('cuda', args...)` instead.
  with torch.cuda.amp.autocast():
/home/norak/R&I/kxs-/train.py:169: FutureWarning: `torch.cuda.amp.autocast(args...)` is deprecated. Please use `torch.amp.autocast('cuda', args...)` instead.
  with torch.cuda.amp.autocast():
    epoch  2  train_loss=0.0548  val_loss=0.0550  val_qwk=0.4826  val_acc=0.4270
/home/norak/R&I/kxs-/train.py:148: FutureWarning: `torch.cuda.amp.autocast(args...)` is deprecated. Please use `torch.amp.autocast('cuda', args...)` instead.
  with torch.cuda.amp.autocast():
/home/norak/R&I/kxs-/train.py:169: FutureWarning: `torch.cuda.amp.autocast(args...)` is deprecated. Please use `torch.amp.autocast('cuda', args...)` instead.
  with torch.cuda.amp.autocast():
    epoch  3  train_loss=0.0491  val_loss=0.0544  val_qwk=0.4716  val_acc=0.3933
/home/norak/R&I/kxs-/train.py:148: FutureWarning: `torch.cuda.amp.autocast(args...)` is deprecated. Please use `torch.amp.autocast('cuda', args...)` instead.
  with torch.cuda.amp.autocast():
/home/norak/R&I/kxs-/train.py:169: FutureWarning: `torch.cuda.amp.autocast(args...)` is deprecated. Please use `torch.amp.autocast('cuda', args...)` instead.
  with torch.cuda.amp.autocast():
    epoch  4  train_loss=0.0457  val_loss=0.0547  val_qwk=0.4668  val_acc=0.4045
/home/norak/R&I/kxs-/train.py:148: FutureWarning: `torch.cuda.amp.autocast(args...)` is deprecated. Please use `torch.amp.autocast('cuda', args...)` instead.
  with torch.cuda.amp.autocast():
/home/norak/R&I/kxs-/train.py:169: FutureWarning: `torch.cuda.amp.autocast(args...)` is deprecated. Please use `torch.amp.autocast('cuda', args...)` instead.
  with torch.cuda.amp.autocast():
    epoch  5  train_loss=0.0426  val_loss=0.0434  val_qwk=0.6150  val_acc=0.4775
/home/norak/R&I/kxs-/train.py:148: FutureWarning: `torch.cuda.amp.autocast(args...)` is deprecated. Please use `torch.amp.autocast('cuda', args...)` instead.
  with torch.cuda.amp.autocast():
/home/norak/R&I/kxs-/train.py:169: FutureWarning: `torch.cuda.amp.autocast(args...)` is deprecated. Please use `torch.amp.autocast('cuda', args...)` instead.
  with torch.cuda.amp.autocast():
    epoch  6  train_loss=0.0414  val_loss=0.0443  val_qwk=0.6145  val_acc=0.5000
/home/norak/R&I/kxs-/train.py:148: FutureWarning: `torch.cuda.amp.autocast(args...)` is deprecated. Please use `torch.amp.autocast('cuda', args...)` instead.
  with torch.cuda.amp.autocast():
/home/norak/R&I/kxs-/train.py:169: FutureWarning: `torch.cuda.amp.autocast(args...)` is deprecated. Please use `torch.amp.autocast('cuda', args...)` instead.
  with torch.cuda.amp.autocast():
    epoch  7  train_loss=0.0401  val_loss=0.0458  val_qwk=0.5785  val_acc=0.4944
/home/norak/R&I/kxs-/train.py:148: FutureWarning: `torch.cuda.amp.autocast(args...)` is deprecated. Please use `torch.amp.autocast('cuda', args...)` instead.
  with torch.cuda.amp.autocast():
/home/norak/R&I/kxs-/train.py:169: FutureWarning: `torch.cuda.amp.autocast(args...)` is deprecated. Please use `torch.amp.autocast('cuda', args...)` instead.
  with torch.cuda.amp.autocast():
    epoch  8  train_loss=0.0366  val_loss=0.0416  val_qwk=0.6565  val_acc=0.5225
/home/norak/R&I/kxs-/train.py:148: FutureWarning: `torch.cuda.amp.autocast(args...)` is deprecated. Please use `torch.amp.autocast('cuda', args...)` instead.
  with torch.cuda.amp.autocast():
/home/norak/R&I/kxs-/train.py:169: FutureWarning: `torch.cuda.amp.autocast(args...)` is deprecated. Please use `torch.amp.autocast('cuda', args...)` instead.
  with torch.cuda.amp.autocast():
    epoch  9  train_loss=0.0372  val_loss=0.0457  val_qwk=0.5933  val_acc=0.4831
/home/norak/R&I/kxs-/train.py:148: FutureWarning: `torch.cuda.amp.autocast(args...)` is deprecated. Please use `torch.amp.autocast('cuda', args...)` instead.
  with torch.cuda.amp.autocast():
/home/norak/R&I/kxs-/train.py:169: FutureWarning: `torch.cuda.amp.autocast(args...)` is deprecated. Please use `torch.amp.autocast('cuda', args...)` instead.
  with torch.cuda.amp.autocast():
    epoch 10  train_loss=0.0347  val_loss=0.0455  val_qwk=0.6310  val_acc=0.4719
/home/norak/R&I/kxs-/train.py:148: FutureWarning: `torch.cuda.amp.autocast(args...)` is deprecated. Please use `torch.amp.autocast('cuda', args...)` instead.
  with torch.cuda.amp.autocast():
/home/norak/R&I/kxs-/train.py:169: FutureWarning: `torch.cuda.amp.autocast(args...)` is deprecated. Please use `torch.amp.autocast('cuda', args...)` instead.
  with torch.cuda.amp.autocast():
    epoch 11  train_loss=0.0351  val_loss=0.0398  val_qwk=0.6378  val_acc=0.5000
/home/norak/R&I/kxs-/train.py:148: FutureWarning: `torch.cuda.amp.autocast(args...)` is deprecated. Please use `torch.amp.autocast('cuda', args...)` instead.
  with torch.cuda.amp.autocast():
/home/norak/R&I/kxs-/train.py:169: FutureWarning: `torch.cuda.amp.autocast(args...)` is deprecated. Please use `torch.amp.autocast('cuda', args...)` instead.
  with torch.cuda.amp.autocast():
    epoch 12  train_loss=0.0333  val_loss=0.0409  val_qwk=0.6306  val_acc=0.5112
    early-stop at epoch 12 (best epoch=8, best_qwk=0.6565)
/home/norak/R&I/kxs-/train.py:169: FutureWarning: `torch.cuda.amp.autocast(args...)` is deprecated. Please use `torch.amp.autocast('cuda', args...)` instead.
  with torch.cuda.amp.autocast():
/home/norak/R&I/kxs-/train.py:169: FutureWarning: `torch.cuda.amp.autocast(args...)` is deprecated. Please use `torch.amp.autocast('cuda', args...)` instead.
  with torch.cuda.amp.autocast():
/home/norak/R&I/kxs-/train.py:169: FutureWarning: `torch.cuda.amp.autocast(args...)` is deprecated. Please use `torch.amp.autocast('cuda', args...)` instead.
  with torch.cuda.amp.autocast():
  [raw_ra_dual_mbert_maxfeat               ] train_qwk=0.7175 -> test_qwk=0.7147  raw_w1=0.6404  epoch=8  (91.0s)
Loading weights:   0%|          | 0/199 [00:00<?, ?it/s]Loading weights: 100%|██████████| 199/199 [00:00<00:00, 2401.28it/s]
[transformers] [1mXLMRobertaModel LOAD REPORT[0m from: xlm-roberta-base
Key                       | Status     |  | 
--------------------------+------------+--+-
lm_head.layer_norm.weight | UNEXPECTED |  | 
lm_head.bias              | UNEXPECTED |  | 
lm_head.dense.bias        | UNEXPECTED |  | 
lm_head.layer_norm.bias   | UNEXPECTED |  | 
lm_head.dense.weight      | UNEXPECTED |  | 

Notes:
- UNEXPECTED:	can be ignored when loading from different task/architecture; not ok if you expect identical arch.
/home/norak/R&I/kxs-/train.py:206: FutureWarning: `torch.cuda.amp.GradScaler(args...)` is deprecated. Please use `torch.amp.GradScaler('cuda', args...)` instead.
  scaler = torch.cuda.amp.GradScaler() if use_amp and device == "cuda" else None
/home/norak/R&I/kxs-/train.py:148: FutureWarning: `torch.cuda.amp.autocast(args...)` is deprecated. Please use `torch.amp.autocast('cuda', args...)` instead.
  with torch.cuda.amp.autocast():
/home/norak/R&I/kxs-/train.py:169: FutureWarning: `torch.cuda.amp.autocast(args...)` is deprecated. Please use `torch.amp.autocast('cuda', args...)` instead.
  with torch.cuda.amp.autocast():
    epoch  1  train_loss=0.1013  val_loss=0.0611  val_qwk=0.3417  val_acc=0.2472
/home/norak/R&I/kxs-/train.py:148: FutureWarning: `torch.cuda.amp.autocast(args...)` is deprecated. Please use `torch.amp.autocast('cuda', args...)` instead.
  with torch.cuda.amp.autocast():
/home/norak/R&I/kxs-/train.py:169: FutureWarning: `torch.cuda.amp.autocast(args...)` is deprecated. Please use `torch.amp.autocast('cuda', args...)` instead.
  with torch.cuda.amp.autocast():
    epoch  2  train_loss=0.0663  val_loss=0.0548  val_qwk=0.4676  val_acc=0.3652
/home/norak/R&I/kxs-/train.py:148: FutureWarning: `torch.cuda.amp.autocast(args...)` is deprecated. Please use `torch.amp.autocast('cuda', args...)` instead.
  with torch.cuda.amp.autocast():
/home/norak/R&I/kxs-/train.py:169: FutureWarning: `torch.cuda.amp.autocast(args...)` is deprecated. Please use `torch.amp.autocast('cuda', args...)` instead.
  with torch.cuda.amp.autocast():
    epoch  3  train_loss=0.0578  val_loss=0.0541  val_qwk=0.5075  val_acc=0.4438
/home/norak/R&I/kxs-/train.py:148: FutureWarning: `torch.cuda.amp.autocast(args...)` is deprecated. Please use `torch.amp.autocast('cuda', args...)` instead.
  with torch.cuda.amp.autocast():
/home/norak/R&I/kxs-/train.py:169: FutureWarning: `torch.cuda.amp.autocast(args...)` is deprecated. Please use `torch.amp.autocast('cuda', args...)` instead.
  with torch.cuda.amp.autocast():
    epoch  4  train_loss=0.0519  val_loss=0.0515  val_qwk=0.5260  val_acc=0.4888
/home/norak/R&I/kxs-/train.py:148: FutureWarning: `torch.cuda.amp.autocast(args...)` is deprecated. Please use `torch.amp.autocast('cuda', args...)` instead.
  with torch.cuda.amp.autocast():
/home/norak/R&I/kxs-/train.py:169: FutureWarning: `torch.cuda.amp.autocast(args...)` is deprecated. Please use `torch.amp.autocast('cuda', args...)` instead.
  with torch.cuda.amp.autocast():
    epoch  5  train_loss=0.0444  val_loss=0.0495  val_qwk=0.5439  val_acc=0.4944
/home/norak/R&I/kxs-/train.py:148: FutureWarning: `torch.cuda.amp.autocast(args...)` is deprecated. Please use `torch.amp.autocast('cuda', args...)` instead.
  with torch.cuda.amp.autocast():
/home/norak/R&I/kxs-/train.py:169: FutureWarning: `torch.cuda.amp.autocast(args...)` is deprecated. Please use `torch.amp.autocast('cuda', args...)` instead.
  with torch.cuda.amp.autocast():
    epoch  6  train_loss=0.0422  val_loss=0.0448  val_qwk=0.6112  val_acc=0.5393
/home/norak/R&I/kxs-/train.py:148: FutureWarning: `torch.cuda.amp.autocast(args...)` is deprecated. Please use `torch.amp.autocast('cuda', args...)` instead.
  with torch.cuda.amp.autocast():
/home/norak/R&I/kxs-/train.py:169: FutureWarning: `torch.cuda.amp.autocast(args...)` is deprecated. Please use `torch.amp.autocast('cuda', args...)` instead.
  with torch.cuda.amp.autocast():
    epoch  7  train_loss=0.0389  val_loss=0.0478  val_qwk=0.5409  val_acc=0.4944
/home/norak/R&I/kxs-/train.py:148: FutureWarning: `torch.cuda.amp.autocast(args...)` is deprecated. Please use `torch.amp.autocast('cuda', args...)` instead.
  with torch.cuda.amp.autocast():
/home/norak/R&I/kxs-/train.py:169: FutureWarning: `torch.cuda.amp.autocast(args...)` is deprecated. Please use `torch.amp.autocast('cuda', args...)` instead.
  with torch.cuda.amp.autocast():
    epoch  8  train_loss=0.0344  val_loss=0.0410  val_qwk=0.6410  val_acc=0.5562
/home/norak/R&I/kxs-/train.py:148: FutureWarning: `torch.cuda.amp.autocast(args...)` is deprecated. Please use `torch.amp.autocast('cuda', args...)` instead.
  with torch.cuda.amp.autocast():
/home/norak/R&I/kxs-/train.py:169: FutureWarning: `torch.cuda.amp.autocast(args...)` is deprecated. Please use `torch.amp.autocast('cuda', args...)` instead.
  with torch.cuda.amp.autocast():
    epoch  9  train_loss=0.0333  val_loss=0.0420  val_qwk=0.6143  val_acc=0.5449
/home/norak/R&I/kxs-/train.py:148: FutureWarning: `torch.cuda.amp.autocast(args...)` is deprecated. Please use `torch.amp.autocast('cuda', args...)` instead.
  with torch.cuda.amp.autocast():
/home/norak/R&I/kxs-/train.py:169: FutureWarning: `torch.cuda.amp.autocast(args...)` is deprecated. Please use `torch.amp.autocast('cuda', args...)` instead.
  with torch.cuda.amp.autocast():
    epoch 10  train_loss=0.0330  val_loss=0.0391  val_qwk=0.6335  val_acc=0.5449
/home/norak/R&I/kxs-/train.py:148: FutureWarning: `torch.cuda.amp.autocast(args...)` is deprecated. Please use `torch.amp.autocast('cuda', args...)` instead.
  with torch.cuda.amp.autocast():
/home/norak/R&I/kxs-/train.py:169: FutureWarning: `torch.cuda.amp.autocast(args...)` is deprecated. Please use `torch.amp.autocast('cuda', args...)` instead.
  with torch.cuda.amp.autocast():
    epoch 11  train_loss=0.0329  val_loss=0.0384  val_qwk=0.6595  val_acc=0.5843
/home/norak/R&I/kxs-/train.py:148: FutureWarning: `torch.cuda.amp.autocast(args...)` is deprecated. Please use `torch.amp.autocast('cuda', args...)` instead.
  with torch.cuda.amp.autocast():
/home/norak/R&I/kxs-/train.py:169: FutureWarning: `torch.cuda.amp.autocast(args...)` is deprecated. Please use `torch.amp.autocast('cuda', args...)` instead.
  with torch.cuda.amp.autocast():
    epoch 12  train_loss=0.0300  val_loss=0.0406  val_qwk=0.6644  val_acc=0.5787
/home/norak/R&I/kxs-/train.py:148: FutureWarning: `torch.cuda.amp.autocast(args...)` is deprecated. Please use `torch.amp.autocast('cuda', args...)` instead.
  with torch.cuda.amp.autocast():
/home/norak/R&I/kxs-/train.py:169: FutureWarning: `torch.cuda.amp.autocast(args...)` is deprecated. Please use `torch.amp.autocast('cuda', args...)` instead.
  with torch.cuda.amp.autocast():
    epoch 13  train_loss=0.0293  val_loss=0.0421  val_qwk=0.6434  val_acc=0.5843
/home/norak/R&I/kxs-/train.py:148: FutureWarning: `torch.cuda.amp.autocast(args...)` is deprecated. Please use `torch.amp.autocast('cuda', args...)` instead.
  with torch.cuda.amp.autocast():
/home/norak/R&I/kxs-/train.py:169: FutureWarning: `torch.cuda.amp.autocast(args...)` is deprecated. Please use `torch.amp.autocast('cuda', args...)` instead.
  with torch.cuda.amp.autocast():
    epoch 14  train_loss=0.0274  val_loss=0.0439  val_qwk=0.6499  val_acc=0.6067
/home/norak/R&I/kxs-/train.py:148: FutureWarning: `torch.cuda.amp.autocast(args...)` is deprecated. Please use `torch.amp.autocast('cuda', args...)` instead.
  with torch.cuda.amp.autocast():
/home/norak/R&I/kxs-/train.py:169: FutureWarning: `torch.cuda.amp.autocast(args...)` is deprecated. Please use `torch.amp.autocast('cuda', args...)` instead.
  with torch.cuda.amp.autocast():
    epoch 15  train_loss=0.0250  val_loss=0.0402  val_qwk=0.6901  val_acc=0.6180
/home/norak/R&I/kxs-/train.py:148: FutureWarning: `torch.cuda.amp.autocast(args...)` is deprecated. Please use `torch.amp.autocast('cuda', args...)` instead.
  with torch.cuda.amp.autocast():
/home/norak/R&I/kxs-/train.py:169: FutureWarning: `torch.cuda.amp.autocast(args...)` is deprecated. Please use `torch.amp.autocast('cuda', args...)` instead.
  with torch.cuda.amp.autocast():
    epoch 16  train_loss=0.0250  val_loss=0.0415  val_qwk=0.6367  val_acc=0.5730
/home/norak/R&I/kxs-/train.py:148: FutureWarning: `torch.cuda.amp.autocast(args...)` is deprecated. Please use `torch.amp.autocast('cuda', args...)` instead.
  with torch.cuda.amp.autocast():
/home/norak/R&I/kxs-/train.py:169: FutureWarning: `torch.cuda.amp.autocast(args...)` is deprecated. Please use `torch.amp.autocast('cuda', args...)` instead.
  with torch.cuda.amp.autocast():
    epoch 17  train_loss=0.0248  val_loss=0.0393  val_qwk=0.6828  val_acc=0.5730
/home/norak/R&I/kxs-/train.py:148: FutureWarning: `torch.cuda.amp.autocast(args...)` is deprecated. Please use `torch.amp.autocast('cuda', args...)` instead.
  with torch.cuda.amp.autocast():
/home/norak/R&I/kxs-/train.py:169: FutureWarning: `torch.cuda.amp.autocast(args...)` is deprecated. Please use `torch.amp.autocast('cuda', args...)` instead.
  with torch.cuda.amp.autocast():
    epoch 18  train_loss=0.0225  val_loss=0.0432  val_qwk=0.6546  val_acc=0.5899
/home/norak/R&I/kxs-/train.py:148: FutureWarning: `torch.cuda.amp.autocast(args...)` is deprecated. Please use `torch.amp.autocast('cuda', args...)` instead.
  with torch.cuda.amp.autocast():
/home/norak/R&I/kxs-/train.py:169: FutureWarning: `torch.cuda.amp.autocast(args...)` is deprecated. Please use `torch.amp.autocast('cuda', args...)` instead.
  with torch.cuda.amp.autocast():
    epoch 19  train_loss=0.0229  val_loss=0.0399  val_qwk=0.6710  val_acc=0.5730
    early-stop at epoch 19 (best epoch=15, best_qwk=0.6901)
/home/norak/R&I/kxs-/train.py:169: FutureWarning: `torch.cuda.amp.autocast(args...)` is deprecated. Please use `torch.amp.autocast('cuda', args...)` instead.
  with torch.cuda.amp.autocast():
/home/norak/R&I/kxs-/train.py:169: FutureWarning: `torch.cuda.amp.autocast(args...)` is deprecated. Please use `torch.amp.autocast('cuda', args...)` instead.
  with torch.cuda.amp.autocast():
/home/norak/R&I/kxs-/train.py:169: FutureWarning: `torch.cuda.amp.autocast(args...)` is deprecated. Please use `torch.amp.autocast('cuda', args...)` instead.
  with torch.cuda.amp.autocast():
  [raw_ra_dual_xlmr_maxfeat                ] train_qwk=0.8192 -> test_qwk=0.7360  raw_w1=0.7247  epoch=15  (142.1s)
Loading weights:   0%|          | 0/136 [00:00<?, ?it/s]Loading weights:  53%|█████▎    | 72/136 [00:00<00:00, 716.09it/s]Loading weights: 100%|██████████| 136/136 [00:00<00:00, 1006.14it/s]
[transformers] [1mNewModel LOAD REPORT[0m from: Alibaba-NLP/gte-multilingual-base
Key               | Status     |  | 
------------------+------------+--+-
classifier.weight | UNEXPECTED |  | 
classifier.bias   | UNEXPECTED |  | 

Notes:
- UNEXPECTED:	can be ignored when loading from different task/architecture; not ok if you expect identical arch.
/home/norak/R&I/kxs-/train.py:206: FutureWarning: `torch.cuda.amp.GradScaler(args...)` is deprecated. Please use `torch.amp.GradScaler('cuda', args...)` instead.
  scaler = torch.cuda.amp.GradScaler() if use_amp and device == "cuda" else None
/home/norak/R&I/kxs-/train.py:148: FutureWarning: `torch.cuda.amp.autocast(args...)` is deprecated. Please use `torch.amp.autocast('cuda', args...)` instead.
  with torch.cuda.amp.autocast():
/home/norak/R&I/kxs-/train.py:169: FutureWarning: `torch.cuda.amp.autocast(args...)` is deprecated. Please use `torch.amp.autocast('cuda', args...)` instead.
  with torch.cuda.amp.autocast():
    epoch  1  train_loss=0.0684  val_loss=0.0494  val_qwk=0.5079  val_acc=0.4101
/home/norak/R&I/kxs-/train.py:148: FutureWarning: `torch.cuda.amp.autocast(args...)` is deprecated. Please use `torch.amp.autocast('cuda', args...)` instead.
  with torch.cuda.amp.autocast():
/home/norak/R&I/kxs-/train.py:169: FutureWarning: `torch.cuda.amp.autocast(args...)` is deprecated. Please use `torch.amp.autocast('cuda', args...)` instead.
  with torch.cuda.amp.autocast():
    epoch  2  train_loss=0.0439  val_loss=0.0389  val_qwk=0.6616  val_acc=0.5337
/home/norak/R&I/kxs-/train.py:148: FutureWarning: `torch.cuda.amp.autocast(args...)` is deprecated. Please use `torch.amp.autocast('cuda', args...)` instead.
  with torch.cuda.amp.autocast():
/home/norak/R&I/kxs-/train.py:169: FutureWarning: `torch.cuda.amp.autocast(args...)` is deprecated. Please use `torch.amp.autocast('cuda', args...)` instead.
  with torch.cuda.amp.autocast():
    epoch  3  train_loss=0.0343  val_loss=0.0354  val_qwk=0.6677  val_acc=0.5506
/home/norak/R&I/kxs-/train.py:148: FutureWarning: `torch.cuda.amp.autocast(args...)` is deprecated. Please use `torch.amp.autocast('cuda', args...)` instead.
  with torch.cuda.amp.autocast():
/home/norak/R&I/kxs-/train.py:169: FutureWarning: `torch.cuda.amp.autocast(args...)` is deprecated. Please use `torch.amp.autocast('cuda', args...)` instead.
  with torch.cuda.amp.autocast():
    epoch  4  train_loss=0.0307  val_loss=0.0341  val_qwk=0.6853  val_acc=0.5674
/home/norak/R&I/kxs-/train.py:148: FutureWarning: `torch.cuda.amp.autocast(args...)` is deprecated. Please use `torch.amp.autocast('cuda', args...)` instead.
  with torch.cuda.amp.autocast():
/home/norak/R&I/kxs-/train.py:169: FutureWarning: `torch.cuda.amp.autocast(args...)` is deprecated. Please use `torch.amp.autocast('cuda', args...)` instead.
  with torch.cuda.amp.autocast():
    epoch  5  train_loss=0.0268  val_loss=0.0377  val_qwk=0.6757  val_acc=0.6124
/home/norak/R&I/kxs-/train.py:148: FutureWarning: `torch.cuda.amp.autocast(args...)` is deprecated. Please use `torch.amp.autocast('cuda', args...)` instead.
  with torch.cuda.amp.autocast():
/home/norak/R&I/kxs-/train.py:169: FutureWarning: `torch.cuda.amp.autocast(args...)` is deprecated. Please use `torch.amp.autocast('cuda', args...)` instead.
  with torch.cuda.amp.autocast():
    epoch  6  train_loss=0.0244  val_loss=0.0319  val_qwk=0.7276  val_acc=0.6517
/home/norak/R&I/kxs-/train.py:148: FutureWarning: `torch.cuda.amp.autocast(args...)` is deprecated. Please use `torch.amp.autocast('cuda', args...)` instead.
  with torch.cuda.amp.autocast():
/home/norak/R&I/kxs-/train.py:169: FutureWarning: `torch.cuda.amp.autocast(args...)` is deprecated. Please use `torch.amp.autocast('cuda', args...)` instead.
  with torch.cuda.amp.autocast():
    epoch  7  train_loss=0.0229  val_loss=0.0325  val_qwk=0.6935  val_acc=0.6180
/home/norak/R&I/kxs-/train.py:148: FutureWarning: `torch.cuda.amp.autocast(args...)` is deprecated. Please use `torch.amp.autocast('cuda', args...)` instead.
  with torch.cuda.amp.autocast():
/home/norak/R&I/kxs-/train.py:169: FutureWarning: `torch.cuda.amp.autocast(args...)` is deprecated. Please use `torch.amp.autocast('cuda', args...)` instead.
  with torch.cuda.amp.autocast():
    epoch  8  train_loss=0.0204  val_loss=0.0320  val_qwk=0.7586  val_acc=0.6348
/home/norak/R&I/kxs-/train.py:148: FutureWarning: `torch.cuda.amp.autocast(args...)` is deprecated. Please use `torch.amp.autocast('cuda', args...)` instead.
  with torch.cuda.amp.autocast():
/home/norak/R&I/kxs-/train.py:169: FutureWarning: `torch.cuda.amp.autocast(args...)` is deprecated. Please use `torch.amp.autocast('cuda', args...)` instead.
  with torch.cuda.amp.autocast():
    epoch  9  train_loss=0.0198  val_loss=0.0315  val_qwk=0.7455  val_acc=0.6461
/home/norak/R&I/kxs-/train.py:148: FutureWarning: `torch.cuda.amp.autocast(args...)` is deprecated. Please use `torch.amp.autocast('cuda', args...)` instead.
  with torch.cuda.amp.autocast():
/home/norak/R&I/kxs-/train.py:169: FutureWarning: `torch.cuda.amp.autocast(args...)` is deprecated. Please use `torch.amp.autocast('cuda', args...)` instead.
  with torch.cuda.amp.autocast():
    epoch 10  train_loss=0.0179  val_loss=0.0295  val_qwk=0.7207  val_acc=0.6292
/home/norak/R&I/kxs-/train.py:148: FutureWarning: `torch.cuda.amp.autocast(args...)` is deprecated. Please use `torch.amp.autocast('cuda', args...)` instead.
  with torch.cuda.amp.autocast():
/home/norak/R&I/kxs-/train.py:169: FutureWarning: `torch.cuda.amp.autocast(args...)` is deprecated. Please use `torch.amp.autocast('cuda', args...)` instead.
  with torch.cuda.amp.autocast():
    epoch 11  train_loss=0.0174  val_loss=0.0317  val_qwk=0.7175  val_acc=0.6292
/home/norak/R&I/kxs-/train.py:148: FutureWarning: `torch.cuda.amp.autocast(args...)` is deprecated. Please use `torch.amp.autocast('cuda', args...)` instead.
  with torch.cuda.amp.autocast():
/home/norak/R&I/kxs-/train.py:169: FutureWarning: `torch.cuda.amp.autocast(args...)` is deprecated. Please use `torch.amp.autocast('cuda', args...)` instead.
  with torch.cuda.amp.autocast():
    epoch 12  train_loss=0.0163  val_loss=0.0303  val_qwk=0.7388  val_acc=0.6348
    early-stop at epoch 12 (best epoch=8, best_qwk=0.7586)
/home/norak/R&I/kxs-/train.py:169: FutureWarning: `torch.cuda.amp.autocast(args...)` is deprecated. Please use `torch.amp.autocast('cuda', args...)` instead.
  with torch.cuda.amp.autocast():
/home/norak/R&I/kxs-/train.py:169: FutureWarning: `torch.cuda.amp.autocast(args...)` is deprecated. Please use `torch.amp.autocast('cuda', args...)` instead.
  with torch.cuda.amp.autocast():
/home/norak/R&I/kxs-/train.py:169: FutureWarning: `torch.cuda.amp.autocast(args...)` is deprecated. Please use `torch.amp.autocast('cuda', args...)` instead.
  with torch.cuda.amp.autocast():
  [raw_ra_dual_gte_maxfeat                 ] train_qwk=0.8459 -> test_qwk=0.7945  raw_w1=0.7022  epoch=8  (113.6s)
Loading weights:   0%|          | 0/199 [00:00<?, ?it/s]Loading weights: 100%|██████████| 199/199 [00:00<00:00, 3505.85it/s]
[transformers] [1mBertModel LOAD REPORT[0m from: bert-base-multilingual-cased
Key                                        | Status     |  | 
-------------------------------------------+------------+--+-
cls.seq_relationship.weight                | UNEXPECTED |  | 
cls.predictions.transform.LayerNorm.weight | UNEXPECTED |  | 
cls.predictions.transform.dense.bias       | UNEXPECTED |  | 
cls.predictions.transform.dense.weight     | UNEXPECTED |  | 
cls.predictions.transform.LayerNorm.bias   | UNEXPECTED |  | 
cls.seq_relationship.bias                  | UNEXPECTED |  | 
cls.predictions.bias                       | UNEXPECTED |  | 

Notes:
- UNEXPECTED:	can be ignored when loading from different task/architecture; not ok if you expect identical arch.
/home/norak/R&I/kxs-/train.py:206: FutureWarning: `torch.cuda.amp.GradScaler(args...)` is deprecated. Please use `torch.amp.GradScaler('cuda', args...)` instead.
  scaler = torch.cuda.amp.GradScaler() if use_amp and device == "cuda" else None
/home/norak/R&I/kxs-/train.py:148: FutureWarning: `torch.cuda.amp.autocast(args...)` is deprecated. Please use `torch.amp.autocast('cuda', args...)` instead.
  with torch.cuda.amp.autocast():
/home/norak/R&I/kxs-/train.py:169: FutureWarning: `torch.cuda.amp.autocast(args...)` is deprecated. Please use `torch.amp.autocast('cuda', args...)` instead.
  with torch.cuda.amp.autocast():
    epoch  1  train_loss=0.0766  val_loss=0.0631  val_qwk=0.2554  val_acc=0.2528
/home/norak/R&I/kxs-/train.py:148: FutureWarning: `torch.cuda.amp.autocast(args...)` is deprecated. Please use `torch.amp.autocast('cuda', args...)` instead.
  with torch.cuda.amp.autocast():
/home/norak/R&I/kxs-/train.py:169: FutureWarning: `torch.cuda.amp.autocast(args...)` is deprecated. Please use `torch.amp.autocast('cuda', args...)` instead.
  with torch.cuda.amp.autocast():
    epoch  2  train_loss=0.0620  val_loss=0.0566  val_qwk=0.3889  val_acc=0.3258
/home/norak/R&I/kxs-/train.py:148: FutureWarning: `torch.cuda.amp.autocast(args...)` is deprecated. Please use `torch.amp.autocast('cuda', args...)` instead.
  with torch.cuda.amp.autocast():
/home/norak/R&I/kxs-/train.py:169: FutureWarning: `torch.cuda.amp.autocast(args...)` is deprecated. Please use `torch.amp.autocast('cuda', args...)` instead.
  with torch.cuda.amp.autocast():
    epoch  3  train_loss=0.0561  val_loss=0.0587  val_qwk=0.4886  val_acc=0.4719
/home/norak/R&I/kxs-/train.py:148: FutureWarning: `torch.cuda.amp.autocast(args...)` is deprecated. Please use `torch.amp.autocast('cuda', args...)` instead.
  with torch.cuda.amp.autocast():
/home/norak/R&I/kxs-/train.py:169: FutureWarning: `torch.cuda.amp.autocast(args...)` is deprecated. Please use `torch.amp.autocast('cuda', args...)` instead.
  with torch.cuda.amp.autocast():
    epoch  4  train_loss=0.0489  val_loss=0.0528  val_qwk=0.5620  val_acc=0.4663
/home/norak/R&I/kxs-/train.py:148: FutureWarning: `torch.cuda.amp.autocast(args...)` is deprecated. Please use `torch.amp.autocast('cuda', args...)` instead.
  with torch.cuda.amp.autocast():
/home/norak/R&I/kxs-/train.py:169: FutureWarning: `torch.cuda.amp.autocast(args...)` is deprecated. Please use `torch.amp.autocast('cuda', args...)` instead.
  with torch.cuda.amp.autocast():
    epoch  5  train_loss=0.0445  val_loss=0.0506  val_qwk=0.5624  val_acc=0.5281
/home/norak/R&I/kxs-/train.py:148: FutureWarning: `torch.cuda.amp.autocast(args...)` is deprecated. Please use `torch.amp.autocast('cuda', args...)` instead.
  with torch.cuda.amp.autocast():
/home/norak/R&I/kxs-/train.py:169: FutureWarning: `torch.cuda.amp.autocast(args...)` is deprecated. Please use `torch.amp.autocast('cuda', args...)` instead.
  with torch.cuda.amp.autocast():
    epoch  6  train_loss=0.0422  val_loss=0.0530  val_qwk=0.5273  val_acc=0.5056
/home/norak/R&I/kxs-/train.py:148: FutureWarning: `torch.cuda.amp.autocast(args...)` is deprecated. Please use `torch.amp.autocast('cuda', args...)` instead.
  with torch.cuda.amp.autocast():
/home/norak/R&I/kxs-/train.py:169: FutureWarning: `torch.cuda.amp.autocast(args...)` is deprecated. Please use `torch.amp.autocast('cuda', args...)` instead.
  with torch.cuda.amp.autocast():
    epoch  7  train_loss=0.0401  val_loss=0.0601  val_qwk=0.5329  val_acc=0.5056
/home/norak/R&I/kxs-/train.py:148: FutureWarning: `torch.cuda.amp.autocast(args...)` is deprecated. Please use `torch.amp.autocast('cuda', args...)` instead.
  with torch.cuda.amp.autocast():
/home/norak/R&I/kxs-/train.py:169: FutureWarning: `torch.cuda.amp.autocast(args...)` is deprecated. Please use `torch.amp.autocast('cuda', args...)` instead.
  with torch.cuda.amp.autocast():
    epoch  8  train_loss=0.0380  val_loss=0.0500  val_qwk=0.5512  val_acc=0.4831
/home/norak/R&I/kxs-/train.py:148: FutureWarning: `torch.cuda.amp.autocast(args...)` is deprecated. Please use `torch.amp.autocast('cuda', args...)` instead.
  with torch.cuda.amp.autocast():
/home/norak/R&I/kxs-/train.py:169: FutureWarning: `torch.cuda.amp.autocast(args...)` is deprecated. Please use `torch.amp.autocast('cuda', args...)` instead.
  with torch.cuda.amp.autocast():
    epoch  9  train_loss=0.0388  val_loss=0.0493  val_qwk=0.6042  val_acc=0.5449
/home/norak/R&I/kxs-/train.py:148: FutureWarning: `torch.cuda.amp.autocast(args...)` is deprecated. Please use `torch.amp.autocast('cuda', args...)` instead.
  with torch.cuda.amp.autocast():
/home/norak/R&I/kxs-/train.py:169: FutureWarning: `torch.cuda.amp.autocast(args...)` is deprecated. Please use `torch.amp.autocast('cuda', args...)` instead.
  with torch.cuda.amp.autocast():
    epoch 10  train_loss=0.0367  val_loss=0.0525  val_qwk=0.5292  val_acc=0.5000
/home/norak/R&I/kxs-/train.py:148: FutureWarning: `torch.cuda.amp.autocast(args...)` is deprecated. Please use `torch.amp.autocast('cuda', args...)` instead.
  with torch.cuda.amp.autocast():
/home/norak/R&I/kxs-/train.py:169: FutureWarning: `torch.cuda.amp.autocast(args...)` is deprecated. Please use `torch.amp.autocast('cuda', args...)` instead.
  with torch.cuda.amp.autocast():
    epoch 11  train_loss=0.0361  val_loss=0.0506  val_qwk=0.6366  val_acc=0.5449
/home/norak/R&I/kxs-/train.py:148: FutureWarning: `torch.cuda.amp.autocast(args...)` is deprecated. Please use `torch.amp.autocast('cuda', args...)` instead.
  with torch.cuda.amp.autocast():
/home/norak/R&I/kxs-/train.py:169: FutureWarning: `torch.cuda.amp.autocast(args...)` is deprecated. Please use `torch.amp.autocast('cuda', args...)` instead.
  with torch.cuda.amp.autocast():
    epoch 12  train_loss=0.0333  val_loss=0.0514  val_qwk=0.6359  val_acc=0.5562
/home/norak/R&I/kxs-/train.py:148: FutureWarning: `torch.cuda.amp.autocast(args...)` is deprecated. Please use `torch.amp.autocast('cuda', args...)` instead.
  with torch.cuda.amp.autocast():
/home/norak/R&I/kxs-/train.py:169: FutureWarning: `torch.cuda.amp.autocast(args...)` is deprecated. Please use `torch.amp.autocast('cuda', args...)` instead.
  with torch.cuda.amp.autocast():
    epoch 13  train_loss=0.0334  val_loss=0.0578  val_qwk=0.5075  val_acc=0.4775
/home/norak/R&I/kxs-/train.py:148: FutureWarning: `torch.cuda.amp.autocast(args...)` is deprecated. Please use `torch.amp.autocast('cuda', args...)` instead.
  with torch.cuda.amp.autocast():
/home/norak/R&I/kxs-/train.py:169: FutureWarning: `torch.cuda.amp.autocast(args...)` is deprecated. Please use `torch.amp.autocast('cuda', args...)` instead.
  with torch.cuda.amp.autocast():
    epoch 14  train_loss=0.0325  val_loss=0.0497  val_qwk=0.6044  val_acc=0.5112
/home/norak/R&I/kxs-/train.py:148: FutureWarning: `torch.cuda.amp.autocast(args...)` is deprecated. Please use `torch.amp.autocast('cuda', args...)` instead.
  with torch.cuda.amp.autocast():
/home/norak/R&I/kxs-/train.py:169: FutureWarning: `torch.cuda.amp.autocast(args...)` is deprecated. Please use `torch.amp.autocast('cuda', args...)` instead.
  with torch.cuda.amp.autocast():
    epoch 15  train_loss=0.0311  val_loss=0.0518  val_qwk=0.5617  val_acc=0.5112
    early-stop at epoch 15 (best epoch=11, best_qwk=0.6366)
/home/norak/R&I/kxs-/train.py:169: FutureWarning: `torch.cuda.amp.autocast(args...)` is deprecated. Please use `torch.amp.autocast('cuda', args...)` instead.
  with torch.cuda.amp.autocast():
/home/norak/R&I/kxs-/train.py:169: FutureWarning: `torch.cuda.amp.autocast(args...)` is deprecated. Please use `torch.amp.autocast('cuda', args...)` instead.
  with torch.cuda.amp.autocast():
/home/norak/R&I/kxs-/train.py:169: FutureWarning: `torch.cuda.amp.autocast(args...)` is deprecated. Please use `torch.amp.autocast('cuda', args...)` instead.
  with torch.cuda.amp.autocast():
  [raw_ra_cross_mbert_maxfeat              ] train_qwk=0.7540 -> test_qwk=0.6413  raw_w1=0.6910  epoch=11  (66.7s)
Loading weights:   0%|          | 0/199 [00:00<?, ?it/s]Loading weights: 100%|██████████| 199/199 [00:00<00:00, 2919.87it/s]
[transformers] [1mXLMRobertaModel LOAD REPORT[0m from: xlm-roberta-base
Key                       | Status     |  | 
--------------------------+------------+--+-
lm_head.layer_norm.weight | UNEXPECTED |  | 
lm_head.bias              | UNEXPECTED |  | 
lm_head.dense.bias        | UNEXPECTED |  | 
lm_head.layer_norm.bias   | UNEXPECTED |  | 
lm_head.dense.weight      | UNEXPECTED |  | 

Notes:
- UNEXPECTED:	can be ignored when loading from different task/architecture; not ok if you expect identical arch.
/home/norak/R&I/kxs-/train.py:206: FutureWarning: `torch.cuda.amp.GradScaler(args...)` is deprecated. Please use `torch.amp.GradScaler('cuda', args...)` instead.
  scaler = torch.cuda.amp.GradScaler() if use_amp and device == "cuda" else None
/home/norak/R&I/kxs-/train.py:148: FutureWarning: `torch.cuda.amp.autocast(args...)` is deprecated. Please use `torch.amp.autocast('cuda', args...)` instead.
  with torch.cuda.amp.autocast():
/home/norak/R&I/kxs-/train.py:169: FutureWarning: `torch.cuda.amp.autocast(args...)` is deprecated. Please use `torch.amp.autocast('cuda', args...)` instead.
  with torch.cuda.amp.autocast():
    epoch  1  train_loss=0.0864  val_loss=0.0674  val_qwk=0.2098  val_acc=0.2022
/home/norak/R&I/kxs-/train.py:148: FutureWarning: `torch.cuda.amp.autocast(args...)` is deprecated. Please use `torch.amp.autocast('cuda', args...)` instead.
  with torch.cuda.amp.autocast():
/home/norak/R&I/kxs-/train.py:169: FutureWarning: `torch.cuda.amp.autocast(args...)` is deprecated. Please use `torch.amp.autocast('cuda', args...)` instead.
  with torch.cuda.amp.autocast():
    epoch  2  train_loss=0.0638  val_loss=0.0566  val_qwk=0.4715  val_acc=0.4270
/home/norak/R&I/kxs-/train.py:148: FutureWarning: `torch.cuda.amp.autocast(args...)` is deprecated. Please use `torch.amp.autocast('cuda', args...)` instead.
  with torch.cuda.amp.autocast():
/home/norak/R&I/kxs-/train.py:169: FutureWarning: `torch.cuda.amp.autocast(args...)` is deprecated. Please use `torch.amp.autocast('cuda', args...)` instead.
  with torch.cuda.amp.autocast():
    epoch  3  train_loss=0.0571  val_loss=0.0492  val_qwk=0.5212  val_acc=0.4045
/home/norak/R&I/kxs-/train.py:148: FutureWarning: `torch.cuda.amp.autocast(args...)` is deprecated. Please use `torch.amp.autocast('cuda', args...)` instead.
  with torch.cuda.amp.autocast():
/home/norak/R&I/kxs-/train.py:169: FutureWarning: `torch.cuda.amp.autocast(args...)` is deprecated. Please use `torch.amp.autocast('cuda', args...)` instead.
  with torch.cuda.amp.autocast():
    epoch  4  train_loss=0.0505  val_loss=0.0467  val_qwk=0.5762  val_acc=0.4663
/home/norak/R&I/kxs-/train.py:148: FutureWarning: `torch.cuda.amp.autocast(args...)` is deprecated. Please use `torch.amp.autocast('cuda', args...)` instead.
  with torch.cuda.amp.autocast():
/home/norak/R&I/kxs-/train.py:169: FutureWarning: `torch.cuda.amp.autocast(args...)` is deprecated. Please use `torch.amp.autocast('cuda', args...)` instead.
  with torch.cuda.amp.autocast():
    epoch  5  train_loss=0.0497  val_loss=0.0458  val_qwk=0.5887  val_acc=0.5112
/home/norak/R&I/kxs-/train.py:148: FutureWarning: `torch.cuda.amp.autocast(args...)` is deprecated. Please use `torch.amp.autocast('cuda', args...)` instead.
  with torch.cuda.amp.autocast():
/home/norak/R&I/kxs-/train.py:169: FutureWarning: `torch.cuda.amp.autocast(args...)` is deprecated. Please use `torch.amp.autocast('cuda', args...)` instead.
  with torch.cuda.amp.autocast():
    epoch  6  train_loss=0.0429  val_loss=0.0524  val_qwk=0.6505  val_acc=0.5506
/home/norak/R&I/kxs-/train.py:148: FutureWarning: `torch.cuda.amp.autocast(args...)` is deprecated. Please use `torch.amp.autocast('cuda', args...)` instead.
  with torch.cuda.amp.autocast():
/home/norak/R&I/kxs-/train.py:169: FutureWarning: `torch.cuda.amp.autocast(args...)` is deprecated. Please use `torch.amp.autocast('cuda', args...)` instead.
  with torch.cuda.amp.autocast():
    epoch  7  train_loss=0.0416  val_loss=0.0491  val_qwk=0.6537  val_acc=0.5899
/home/norak/R&I/kxs-/train.py:148: FutureWarning: `torch.cuda.amp.autocast(args...)` is deprecated. Please use `torch.amp.autocast('cuda', args...)` instead.
  with torch.cuda.amp.autocast():
/home/norak/R&I/kxs-/train.py:169: FutureWarning: `torch.cuda.amp.autocast(args...)` is deprecated. Please use `torch.amp.autocast('cuda', args...)` instead.
  with torch.cuda.amp.autocast():
    epoch  8  train_loss=0.0368  val_loss=0.0419  val_qwk=0.6275  val_acc=0.5000
/home/norak/R&I/kxs-/train.py:148: FutureWarning: `torch.cuda.amp.autocast(args...)` is deprecated. Please use `torch.amp.autocast('cuda', args...)` instead.
  with torch.cuda.amp.autocast():
/home/norak/R&I/kxs-/train.py:169: FutureWarning: `torch.cuda.amp.autocast(args...)` is deprecated. Please use `torch.amp.autocast('cuda', args...)` instead.
  with torch.cuda.amp.autocast():
    epoch  9  train_loss=0.0373  val_loss=0.0412  val_qwk=0.6760  val_acc=0.6461
/home/norak/R&I/kxs-/train.py:148: FutureWarning: `torch.cuda.amp.autocast(args...)` is deprecated. Please use `torch.amp.autocast('cuda', args...)` instead.
  with torch.cuda.amp.autocast():
/home/norak/R&I/kxs-/train.py:169: FutureWarning: `torch.cuda.amp.autocast(args...)` is deprecated. Please use `torch.amp.autocast('cuda', args...)` instead.
  with torch.cuda.amp.autocast():
    epoch 10  train_loss=0.0342  val_loss=0.0397  val_qwk=0.6730  val_acc=0.5787
/home/norak/R&I/kxs-/train.py:148: FutureWarning: `torch.cuda.amp.autocast(args...)` is deprecated. Please use `torch.amp.autocast('cuda', args...)` instead.
  with torch.cuda.amp.autocast():
/home/norak/R&I/kxs-/train.py:169: FutureWarning: `torch.cuda.amp.autocast(args...)` is deprecated. Please use `torch.amp.autocast('cuda', args...)` instead.
  with torch.cuda.amp.autocast():
    epoch 11  train_loss=0.0295  val_loss=0.0381  val_qwk=0.7068  val_acc=0.6404
/home/norak/R&I/kxs-/train.py:148: FutureWarning: `torch.cuda.amp.autocast(args...)` is deprecated. Please use `torch.amp.autocast('cuda', args...)` instead.
  with torch.cuda.amp.autocast():
/home/norak/R&I/kxs-/train.py:169: FutureWarning: `torch.cuda.amp.autocast(args...)` is deprecated. Please use `torch.amp.autocast('cuda', args...)` instead.
  with torch.cuda.amp.autocast():
    epoch 12  train_loss=0.0288  val_loss=0.0401  val_qwk=0.7018  val_acc=0.6348
/home/norak/R&I/kxs-/train.py:148: FutureWarning: `torch.cuda.amp.autocast(args...)` is deprecated. Please use `torch.amp.autocast('cuda', args...)` instead.
  with torch.cuda.amp.autocast():
/home/norak/R&I/kxs-/train.py:169: FutureWarning: `torch.cuda.amp.autocast(args...)` is deprecated. Please use `torch.amp.autocast('cuda', args...)` instead.
  with torch.cuda.amp.autocast():
    epoch 13  train_loss=0.0278  val_loss=0.0381  val_qwk=0.7329  val_acc=0.6461
/home/norak/R&I/kxs-/train.py:148: FutureWarning: `torch.cuda.amp.autocast(args...)` is deprecated. Please use `torch.amp.autocast('cuda', args...)` instead.
  with torch.cuda.amp.autocast():
/home/norak/R&I/kxs-/train.py:169: FutureWarning: `torch.cuda.amp.autocast(args...)` is deprecated. Please use `torch.amp.autocast('cuda', args...)` instead.
  with torch.cuda.amp.autocast():
    epoch 14  train_loss=0.0269  val_loss=0.0401  val_qwk=0.6753  val_acc=0.6236
/home/norak/R&I/kxs-/train.py:148: FutureWarning: `torch.cuda.amp.autocast(args...)` is deprecated. Please use `torch.amp.autocast('cuda', args...)` instead.
  with torch.cuda.amp.autocast():
/home/norak/R&I/kxs-/train.py:169: FutureWarning: `torch.cuda.amp.autocast(args...)` is deprecated. Please use `torch.amp.autocast('cuda', args...)` instead.
  with torch.cuda.amp.autocast():
    epoch 15  train_loss=0.0243  val_loss=0.0378  val_qwk=0.7003  val_acc=0.6685
/home/norak/R&I/kxs-/train.py:148: FutureWarning: `torch.cuda.amp.autocast(args...)` is deprecated. Please use `torch.amp.autocast('cuda', args...)` instead.
  with torch.cuda.amp.autocast():
/home/norak/R&I/kxs-/train.py:169: FutureWarning: `torch.cuda.amp.autocast(args...)` is deprecated. Please use `torch.amp.autocast('cuda', args...)` instead.
  with torch.cuda.amp.autocast():
    epoch 16  train_loss=0.0234  val_loss=0.0377  val_qwk=0.7183  val_acc=0.6292
/home/norak/R&I/kxs-/train.py:148: FutureWarning: `torch.cuda.amp.autocast(args...)` is deprecated. Please use `torch.amp.autocast('cuda', args...)` instead.
  with torch.cuda.amp.autocast():
/home/norak/R&I/kxs-/train.py:169: FutureWarning: `torch.cuda.amp.autocast(args...)` is deprecated. Please use `torch.amp.autocast('cuda', args...)` instead.
  with torch.cuda.amp.autocast():
    epoch 17  train_loss=0.0235  val_loss=0.0387  val_qwk=0.6890  val_acc=0.6067
    early-stop at epoch 17 (best epoch=13, best_qwk=0.7329)
/home/norak/R&I/kxs-/train.py:169: FutureWarning: `torch.cuda.amp.autocast(args...)` is deprecated. Please use `torch.amp.autocast('cuda', args...)` instead.
  with torch.cuda.amp.autocast():
/home/norak/R&I/kxs-/train.py:169: FutureWarning: `torch.cuda.amp.autocast(args...)` is deprecated. Please use `torch.amp.autocast('cuda', args...)` instead.
  with torch.cuda.amp.autocast():
/home/norak/R&I/kxs-/train.py:169: FutureWarning: `torch.cuda.amp.autocast(args...)` is deprecated. Please use `torch.amp.autocast('cuda', args...)` instead.
  with torch.cuda.amp.autocast():
  [raw_ra_cross_xlmr_maxfeat               ] train_qwk=0.8144 -> test_qwk=0.7728  raw_w1=0.7079  epoch=13  (90.1s)
Loading weights:   0%|          | 0/136 [00:00<?, ?it/s]Loading weights:   3%|▎         | 4/136 [00:00<00:04, 32.07it/s]Loading weights: 100%|██████████| 136/136 [00:00<00:00, 897.62it/s]
[transformers] [1mNewModel LOAD REPORT[0m from: Alibaba-NLP/gte-multilingual-base
Key               | Status     |  | 
------------------+------------+--+-
classifier.weight | UNEXPECTED |  | 
classifier.bias   | UNEXPECTED |  | 

Notes:
- UNEXPECTED:	can be ignored when loading from different task/architecture; not ok if you expect identical arch.
/home/norak/R&I/kxs-/train.py:206: FutureWarning: `torch.cuda.amp.GradScaler(args...)` is deprecated. Please use `torch.amp.GradScaler('cuda', args...)` instead.
  scaler = torch.cuda.amp.GradScaler() if use_amp and device == "cuda" else None
/home/norak/R&I/kxs-/train.py:148: FutureWarning: `torch.cuda.amp.autocast(args...)` is deprecated. Please use `torch.amp.autocast('cuda', args...)` instead.
  with torch.cuda.amp.autocast():
/home/norak/R&I/kxs-/train.py:169: FutureWarning: `torch.cuda.amp.autocast(args...)` is deprecated. Please use `torch.amp.autocast('cuda', args...)` instead.
  with torch.cuda.amp.autocast():
    epoch  1  train_loss=0.0723  val_loss=0.0579  val_qwk=0.4201  val_acc=0.3427
/home/norak/R&I/kxs-/train.py:148: FutureWarning: `torch.cuda.amp.autocast(args...)` is deprecated. Please use `torch.amp.autocast('cuda', args...)` instead.
  with torch.cuda.amp.autocast():
/home/norak/R&I/kxs-/train.py:169: FutureWarning: `torch.cuda.amp.autocast(args...)` is deprecated. Please use `torch.amp.autocast('cuda', args...)` instead.
  with torch.cuda.amp.autocast():
    epoch  2  train_loss=0.0519  val_loss=0.0501  val_qwk=0.4795  val_acc=0.4270
/home/norak/R&I/kxs-/train.py:148: FutureWarning: `torch.cuda.amp.autocast(args...)` is deprecated. Please use `torch.amp.autocast('cuda', args...)` instead.
  with torch.cuda.amp.autocast():
/home/norak/R&I/kxs-/train.py:169: FutureWarning: `torch.cuda.amp.autocast(args...)` is deprecated. Please use `torch.amp.autocast('cuda', args...)` instead.
  with torch.cuda.amp.autocast():
    epoch  3  train_loss=0.0480  val_loss=0.0471  val_qwk=0.6164  val_acc=0.4888
/home/norak/R&I/kxs-/train.py:148: FutureWarning: `torch.cuda.amp.autocast(args...)` is deprecated. Please use `torch.amp.autocast('cuda', args...)` instead.
  with torch.cuda.amp.autocast():
/home/norak/R&I/kxs-/train.py:169: FutureWarning: `torch.cuda.amp.autocast(args...)` is deprecated. Please use `torch.amp.autocast('cuda', args...)` instead.
  with torch.cuda.amp.autocast():
    epoch  4  train_loss=0.0414  val_loss=0.0458  val_qwk=0.5780  val_acc=0.5337
/home/norak/R&I/kxs-/train.py:148: FutureWarning: `torch.cuda.amp.autocast(args...)` is deprecated. Please use `torch.amp.autocast('cuda', args...)` instead.
  with torch.cuda.amp.autocast():
/home/norak/R&I/kxs-/train.py:169: FutureWarning: `torch.cuda.amp.autocast(args...)` is deprecated. Please use `torch.amp.autocast('cuda', args...)` instead.
  with torch.cuda.amp.autocast():
    epoch  5  train_loss=0.0366  val_loss=0.0441  val_qwk=0.6190  val_acc=0.5955
/home/norak/R&I/kxs-/train.py:148: FutureWarning: `torch.cuda.amp.autocast(args...)` is deprecated. Please use `torch.amp.autocast('cuda', args...)` instead.
  with torch.cuda.amp.autocast():
/home/norak/R&I/kxs-/train.py:169: FutureWarning: `torch.cuda.amp.autocast(args...)` is deprecated. Please use `torch.amp.autocast('cuda', args...)` instead.
  with torch.cuda.amp.autocast():
    epoch  6  train_loss=0.0336  val_loss=0.0418  val_qwk=0.6690  val_acc=0.6011
/home/norak/R&I/kxs-/train.py:148: FutureWarning: `torch.cuda.amp.autocast(args...)` is deprecated. Please use `torch.amp.autocast('cuda', args...)` instead.
  with torch.cuda.amp.autocast():
/home/norak/R&I/kxs-/train.py:169: FutureWarning: `torch.cuda.amp.autocast(args...)` is deprecated. Please use `torch.amp.autocast('cuda', args...)` instead.
  with torch.cuda.amp.autocast():
    epoch  7  train_loss=0.0305  val_loss=0.0441  val_qwk=0.6513  val_acc=0.6067
/home/norak/R&I/kxs-/train.py:148: FutureWarning: `torch.cuda.amp.autocast(args...)` is deprecated. Please use `torch.amp.autocast('cuda', args...)` instead.
  with torch.cuda.amp.autocast():
/home/norak/R&I/kxs-/train.py:169: FutureWarning: `torch.cuda.amp.autocast(args...)` is deprecated. Please use `torch.amp.autocast('cuda', args...)` instead.
  with torch.cuda.amp.autocast():
    epoch  8  train_loss=0.0277  val_loss=0.0413  val_qwk=0.6635  val_acc=0.6067
/home/norak/R&I/kxs-/train.py:148: FutureWarning: `torch.cuda.amp.autocast(args...)` is deprecated. Please use `torch.amp.autocast('cuda', args...)` instead.
  with torch.cuda.amp.autocast():
/home/norak/R&I/kxs-/train.py:169: FutureWarning: `torch.cuda.amp.autocast(args...)` is deprecated. Please use `torch.amp.autocast('cuda', args...)` instead.
  with torch.cuda.amp.autocast():
    epoch  9  train_loss=0.0253  val_loss=0.0440  val_qwk=0.6431  val_acc=0.6236
/home/norak/R&I/kxs-/train.py:148: FutureWarning: `torch.cuda.amp.autocast(args...)` is deprecated. Please use `torch.amp.autocast('cuda', args...)` instead.
  with torch.cuda.amp.autocast():
/home/norak/R&I/kxs-/train.py:169: FutureWarning: `torch.cuda.amp.autocast(args...)` is deprecated. Please use `torch.amp.autocast('cuda', args...)` instead.
  with torch.cuda.amp.autocast():
    epoch 10  train_loss=0.0255  val_loss=0.0445  val_qwk=0.6157  val_acc=0.5562
    early-stop at epoch 10 (best epoch=6, best_qwk=0.6690)
/home/norak/R&I/kxs-/train.py:169: FutureWarning: `torch.cuda.amp.autocast(args...)` is deprecated. Please use `torch.amp.autocast('cuda', args...)` instead.
  with torch.cuda.amp.autocast():
/home/norak/R&I/kxs-/train.py:169: FutureWarning: `torch.cuda.amp.autocast(args...)` is deprecated. Please use `torch.amp.autocast('cuda', args...)` instead.
  with torch.cuda.amp.autocast():
/home/norak/R&I/kxs-/train.py:169: FutureWarning: `torch.cuda.amp.autocast(args...)` is deprecated. Please use `torch.amp.autocast('cuda', args...)` instead.
  with torch.cuda.amp.autocast():
  [raw_ra_cross_gte_maxfeat                ] train_qwk=0.7562 -> test_qwk=0.7288  raw_w1=0.7079  epoch=6  (65.8s)
Loading weights:   0%|          | 0/199 [00:00<?, ?it/s]Loading weights: 100%|██████████| 199/199 [00:00<00:00, 2933.69it/s]
[transformers] [1mBertModel LOAD REPORT[0m from: bert-base-multilingual-cased
Key                                        | Status     |  | 
-------------------------------------------+------------+--+-
cls.seq_relationship.weight                | UNEXPECTED |  | 
cls.predictions.transform.LayerNorm.weight | UNEXPECTED |  | 
cls.predictions.transform.dense.bias       | UNEXPECTED |  | 
cls.predictions.transform.dense.weight     | UNEXPECTED |  | 
cls.predictions.transform.LayerNorm.bias   | UNEXPECTED |  | 
cls.seq_relationship.bias                  | UNEXPECTED |  | 
cls.predictions.bias                       | UNEXPECTED |  | 

Notes:
- UNEXPECTED:	can be ignored when loading from different task/architecture; not ok if you expect identical arch.
/home/norak/R&I/kxs-/train.py:206: FutureWarning: `torch.cuda.amp.GradScaler(args...)` is deprecated. Please use `torch.amp.GradScaler('cuda', args...)` instead.
  scaler = torch.cuda.amp.GradScaler() if use_amp and device == "cuda" else None
/home/norak/R&I/kxs-/train.py:148: FutureWarning: `torch.cuda.amp.autocast(args...)` is deprecated. Please use `torch.amp.autocast('cuda', args...)` instead.
  with torch.cuda.amp.autocast():
/home/norak/R&I/kxs-/train.py:169: FutureWarning: `torch.cuda.amp.autocast(args...)` is deprecated. Please use `torch.amp.autocast('cuda', args...)` instead.
  with torch.cuda.amp.autocast():
    epoch  1  train_loss=0.0712  val_loss=0.0596  val_qwk=0.3875  val_acc=0.2978
/home/norak/R&I/kxs-/train.py:148: FutureWarning: `torch.cuda.amp.autocast(args...)` is deprecated. Please use `torch.amp.autocast('cuda', args...)` instead.
  with torch.cuda.amp.autocast():
/home/norak/R&I/kxs-/train.py:169: FutureWarning: `torch.cuda.amp.autocast(args...)` is deprecated. Please use `torch.amp.autocast('cuda', args...)` instead.
  with torch.cuda.amp.autocast():
    epoch  2  train_loss=0.0561  val_loss=0.0551  val_qwk=0.4399  val_acc=0.3989
/home/norak/R&I/kxs-/train.py:148: FutureWarning: `torch.cuda.amp.autocast(args...)` is deprecated. Please use `torch.amp.autocast('cuda', args...)` instead.
  with torch.cuda.amp.autocast():
/home/norak/R&I/kxs-/train.py:169: FutureWarning: `torch.cuda.amp.autocast(args...)` is deprecated. Please use `torch.amp.autocast('cuda', args...)` instead.
  with torch.cuda.amp.autocast():
    epoch  3  train_loss=0.0480  val_loss=0.0494  val_qwk=0.5403  val_acc=0.4326
/home/norak/R&I/kxs-/train.py:148: FutureWarning: `torch.cuda.amp.autocast(args...)` is deprecated. Please use `torch.amp.autocast('cuda', args...)` instead.
  with torch.cuda.amp.autocast():
/home/norak/R&I/kxs-/train.py:169: FutureWarning: `torch.cuda.amp.autocast(args...)` is deprecated. Please use `torch.amp.autocast('cuda', args...)` instead.
  with torch.cuda.amp.autocast():
    epoch  4  train_loss=0.0426  val_loss=0.0530  val_qwk=0.4990  val_acc=0.4270
/home/norak/R&I/kxs-/train.py:148: FutureWarning: `torch.cuda.amp.autocast(args...)` is deprecated. Please use `torch.amp.autocast('cuda', args...)` instead.
  with torch.cuda.amp.autocast():
/home/norak/R&I/kxs-/train.py:169: FutureWarning: `torch.cuda.amp.autocast(args...)` is deprecated. Please use `torch.amp.autocast('cuda', args...)` instead.
  with torch.cuda.amp.autocast():
    epoch  5  train_loss=0.0422  val_loss=0.0444  val_qwk=0.5713  val_acc=0.5112
/home/norak/R&I/kxs-/train.py:148: FutureWarning: `torch.cuda.amp.autocast(args...)` is deprecated. Please use `torch.amp.autocast('cuda', args...)` instead.
  with torch.cuda.amp.autocast():
/home/norak/R&I/kxs-/train.py:169: FutureWarning: `torch.cuda.amp.autocast(args...)` is deprecated. Please use `torch.amp.autocast('cuda', args...)` instead.
  with torch.cuda.amp.autocast():
    epoch  6  train_loss=0.0386  val_loss=0.0477  val_qwk=0.5837  val_acc=0.4719
/home/norak/R&I/kxs-/train.py:148: FutureWarning: `torch.cuda.amp.autocast(args...)` is deprecated. Please use `torch.amp.autocast('cuda', args...)` instead.
  with torch.cuda.amp.autocast():
/home/norak/R&I/kxs-/train.py:169: FutureWarning: `torch.cuda.amp.autocast(args...)` is deprecated. Please use `torch.amp.autocast('cuda', args...)` instead.
  with torch.cuda.amp.autocast():
    epoch  7  train_loss=0.0382  val_loss=0.0438  val_qwk=0.5991  val_acc=0.5169
/home/norak/R&I/kxs-/train.py:148: FutureWarning: `torch.cuda.amp.autocast(args...)` is deprecated. Please use `torch.amp.autocast('cuda', args...)` instead.
  with torch.cuda.amp.autocast():
/home/norak/R&I/kxs-/train.py:169: FutureWarning: `torch.cuda.amp.autocast(args...)` is deprecated. Please use `torch.amp.autocast('cuda', args...)` instead.
  with torch.cuda.amp.autocast():
    epoch  8  train_loss=0.0365  val_loss=0.0463  val_qwk=0.5837  val_acc=0.5281
/home/norak/R&I/kxs-/train.py:148: FutureWarning: `torch.cuda.amp.autocast(args...)` is deprecated. Please use `torch.amp.autocast('cuda', args...)` instead.
  with torch.cuda.amp.autocast():
/home/norak/R&I/kxs-/train.py:169: FutureWarning: `torch.cuda.amp.autocast(args...)` is deprecated. Please use `torch.amp.autocast('cuda', args...)` instead.
  with torch.cuda.amp.autocast():
    epoch  9  train_loss=0.0349  val_loss=0.0441  val_qwk=0.6255  val_acc=0.5000
/home/norak/R&I/kxs-/train.py:148: FutureWarning: `torch.cuda.amp.autocast(args...)` is deprecated. Please use `torch.amp.autocast('cuda', args...)` instead.
  with torch.cuda.amp.autocast():
/home/norak/R&I/kxs-/train.py:169: FutureWarning: `torch.cuda.amp.autocast(args...)` is deprecated. Please use `torch.amp.autocast('cuda', args...)` instead.
  with torch.cuda.amp.autocast():
    epoch 10  train_loss=0.0346  val_loss=0.0419  val_qwk=0.6461  val_acc=0.5281
/home/norak/R&I/kxs-/train.py:148: FutureWarning: `torch.cuda.amp.autocast(args...)` is deprecated. Please use `torch.amp.autocast('cuda', args...)` instead.
  with torch.cuda.amp.autocast():
/home/norak/R&I/kxs-/train.py:169: FutureWarning: `torch.cuda.amp.autocast(args...)` is deprecated. Please use `torch.amp.autocast('cuda', args...)` instead.
  with torch.cuda.amp.autocast():
    epoch 11  train_loss=0.0343  val_loss=0.0418  val_qwk=0.6402  val_acc=0.5393
/home/norak/R&I/kxs-/train.py:148: FutureWarning: `torch.cuda.amp.autocast(args...)` is deprecated. Please use `torch.amp.autocast('cuda', args...)` instead.
  with torch.cuda.amp.autocast():
/home/norak/R&I/kxs-/train.py:169: FutureWarning: `torch.cuda.amp.autocast(args...)` is deprecated. Please use `torch.amp.autocast('cuda', args...)` instead.
  with torch.cuda.amp.autocast():
    epoch 12  train_loss=0.0335  val_loss=0.0391  val_qwk=0.6706  val_acc=0.5787
/home/norak/R&I/kxs-/train.py:148: FutureWarning: `torch.cuda.amp.autocast(args...)` is deprecated. Please use `torch.amp.autocast('cuda', args...)` instead.
  with torch.cuda.amp.autocast():
/home/norak/R&I/kxs-/train.py:169: FutureWarning: `torch.cuda.amp.autocast(args...)` is deprecated. Please use `torch.amp.autocast('cuda', args...)` instead.
  with torch.cuda.amp.autocast():
    epoch 13  train_loss=0.0317  val_loss=0.0433  val_qwk=0.6952  val_acc=0.5674
/home/norak/R&I/kxs-/train.py:148: FutureWarning: `torch.cuda.amp.autocast(args...)` is deprecated. Please use `torch.amp.autocast('cuda', args...)` instead.
  with torch.cuda.amp.autocast():
/home/norak/R&I/kxs-/train.py:169: FutureWarning: `torch.cuda.amp.autocast(args...)` is deprecated. Please use `torch.amp.autocast('cuda', args...)` instead.
  with torch.cuda.amp.autocast():
    epoch 14  train_loss=0.0299  val_loss=0.0414  val_qwk=0.6756  val_acc=0.5899
/home/norak/R&I/kxs-/train.py:148: FutureWarning: `torch.cuda.amp.autocast(args...)` is deprecated. Please use `torch.amp.autocast('cuda', args...)` instead.
  with torch.cuda.amp.autocast():
/home/norak/R&I/kxs-/train.py:169: FutureWarning: `torch.cuda.amp.autocast(args...)` is deprecated. Please use `torch.amp.autocast('cuda', args...)` instead.
  with torch.cuda.amp.autocast():
    epoch 15  train_loss=0.0308  val_loss=0.0414  val_qwk=0.6019  val_acc=0.4607
/home/norak/R&I/kxs-/train.py:148: FutureWarning: `torch.cuda.amp.autocast(args...)` is deprecated. Please use `torch.amp.autocast('cuda', args...)` instead.
  with torch.cuda.amp.autocast():
/home/norak/R&I/kxs-/train.py:169: FutureWarning: `torch.cuda.amp.autocast(args...)` is deprecated. Please use `torch.amp.autocast('cuda', args...)` instead.
  with torch.cuda.amp.autocast():
    epoch 16  train_loss=0.0313  val_loss=0.0390  val_qwk=0.6709  val_acc=0.5449
/home/norak/R&I/kxs-/train.py:148: FutureWarning: `torch.cuda.amp.autocast(args...)` is deprecated. Please use `torch.amp.autocast('cuda', args...)` instead.
  with torch.cuda.amp.autocast():
/home/norak/R&I/kxs-/train.py:169: FutureWarning: `torch.cuda.amp.autocast(args...)` is deprecated. Please use `torch.amp.autocast('cuda', args...)` instead.
  with torch.cuda.amp.autocast():
    epoch 17  train_loss=0.0291  val_loss=0.0425  val_qwk=0.6731  val_acc=0.5618
    early-stop at epoch 17 (best epoch=13, best_qwk=0.6952)
/home/norak/R&I/kxs-/train.py:169: FutureWarning: `torch.cuda.amp.autocast(args...)` is deprecated. Please use `torch.amp.autocast('cuda', args...)` instead.
  with torch.cuda.amp.autocast():
/home/norak/R&I/kxs-/train.py:169: FutureWarning: `torch.cuda.amp.autocast(args...)` is deprecated. Please use `torch.amp.autocast('cuda', args...)` instead.
  with torch.cuda.amp.autocast():
/home/norak/R&I/kxs-/train.py:169: FutureWarning: `torch.cuda.amp.autocast(args...)` is deprecated. Please use `torch.amp.autocast('cuda', args...)` instead.
  with torch.cuda.amp.autocast():
  [raw_qar_dual_mbert_maxfeat              ] train_qwk=0.7526 -> test_qwk=0.6755  raw_w1=0.7022  epoch=13  (124.2s)
Loading weights:   0%|          | 0/199 [00:00<?, ?it/s]Loading weights: 100%|██████████| 199/199 [00:00<00:00, 2908.39it/s]
[transformers] [1mXLMRobertaModel LOAD REPORT[0m from: xlm-roberta-base
Key                       | Status     |  | 
--------------------------+------------+--+-
lm_head.layer_norm.weight | UNEXPECTED |  | 
lm_head.bias              | UNEXPECTED |  | 
lm_head.dense.bias        | UNEXPECTED |  | 
lm_head.layer_norm.bias   | UNEXPECTED |  | 
lm_head.dense.weight      | UNEXPECTED |  | 

Notes:
- UNEXPECTED:	can be ignored when loading from different task/architecture; not ok if you expect identical arch.
/home/norak/R&I/kxs-/train.py:206: FutureWarning: `torch.cuda.amp.GradScaler(args...)` is deprecated. Please use `torch.amp.GradScaler('cuda', args...)` instead.
  scaler = torch.cuda.amp.GradScaler() if use_amp and device == "cuda" else None
/home/norak/R&I/kxs-/train.py:148: FutureWarning: `torch.cuda.amp.autocast(args...)` is deprecated. Please use `torch.amp.autocast('cuda', args...)` instead.
  with torch.cuda.amp.autocast():
/home/norak/R&I/kxs-/train.py:169: FutureWarning: `torch.cuda.amp.autocast(args...)` is deprecated. Please use `torch.amp.autocast('cuda', args...)` instead.
  with torch.cuda.amp.autocast():
    epoch  1  train_loss=0.1026  val_loss=0.0625  val_qwk=0.4059  val_acc=0.3034
/home/norak/R&I/kxs-/train.py:148: FutureWarning: `torch.cuda.amp.autocast(args...)` is deprecated. Please use `torch.amp.autocast('cuda', args...)` instead.
  with torch.cuda.amp.autocast():
/home/norak/R&I/kxs-/train.py:169: FutureWarning: `torch.cuda.amp.autocast(args...)` is deprecated. Please use `torch.amp.autocast('cuda', args...)` instead.
  with torch.cuda.amp.autocast():
    epoch  2  train_loss=0.0686  val_loss=0.0601  val_qwk=0.2784  val_acc=0.1854
/home/norak/R&I/kxs-/train.py:148: FutureWarning: `torch.cuda.amp.autocast(args...)` is deprecated. Please use `torch.amp.autocast('cuda', args...)` instead.
  with torch.cuda.amp.autocast():
/home/norak/R&I/kxs-/train.py:169: FutureWarning: `torch.cuda.amp.autocast(args...)` is deprecated. Please use `torch.amp.autocast('cuda', args...)` instead.
  with torch.cuda.amp.autocast():
    epoch  3  train_loss=0.0576  val_loss=0.0567  val_qwk=0.4516  val_acc=0.4213
/home/norak/R&I/kxs-/train.py:148: FutureWarning: `torch.cuda.amp.autocast(args...)` is deprecated. Please use `torch.amp.autocast('cuda', args...)` instead.
  with torch.cuda.amp.autocast():
/home/norak/R&I/kxs-/train.py:169: FutureWarning: `torch.cuda.amp.autocast(args...)` is deprecated. Please use `torch.amp.autocast('cuda', args...)` instead.
  with torch.cuda.amp.autocast():
    epoch  4  train_loss=0.0514  val_loss=0.0565  val_qwk=0.4652  val_acc=0.4438
/home/norak/R&I/kxs-/train.py:148: FutureWarning: `torch.cuda.amp.autocast(args...)` is deprecated. Please use `torch.amp.autocast('cuda', args...)` instead.
  with torch.cuda.amp.autocast():
/home/norak/R&I/kxs-/train.py:169: FutureWarning: `torch.cuda.amp.autocast(args...)` is deprecated. Please use `torch.amp.autocast('cuda', args...)` instead.
  with torch.cuda.amp.autocast():
    epoch  5  train_loss=0.0459  val_loss=0.0488  val_qwk=0.5987  val_acc=0.5169
/home/norak/R&I/kxs-/train.py:148: FutureWarning: `torch.cuda.amp.autocast(args...)` is deprecated. Please use `torch.amp.autocast('cuda', args...)` instead.
  with torch.cuda.amp.autocast():
/home/norak/R&I/kxs-/train.py:169: FutureWarning: `torch.cuda.amp.autocast(args...)` is deprecated. Please use `torch.amp.autocast('cuda', args...)` instead.
  with torch.cuda.amp.autocast():
    epoch  6  train_loss=0.0459  val_loss=0.0452  val_qwk=0.5684  val_acc=0.5112
/home/norak/R&I/kxs-/train.py:148: FutureWarning: `torch.cuda.amp.autocast(args...)` is deprecated. Please use `torch.amp.autocast('cuda', args...)` instead.
  with torch.cuda.amp.autocast():
/home/norak/R&I/kxs-/train.py:169: FutureWarning: `torch.cuda.amp.autocast(args...)` is deprecated. Please use `torch.amp.autocast('cuda', args...)` instead.
  with torch.cuda.amp.autocast():
    epoch  7  train_loss=0.0379  val_loss=0.0374  val_qwk=0.6426  val_acc=0.5169
/home/norak/R&I/kxs-/train.py:148: FutureWarning: `torch.cuda.amp.autocast(args...)` is deprecated. Please use `torch.amp.autocast('cuda', args...)` instead.
  with torch.cuda.amp.autocast():
/home/norak/R&I/kxs-/train.py:169: FutureWarning: `torch.cuda.amp.autocast(args...)` is deprecated. Please use `torch.amp.autocast('cuda', args...)` instead.
  with torch.cuda.amp.autocast():
    epoch  8  train_loss=0.0378  val_loss=0.0454  val_qwk=0.6445  val_acc=0.5449
/home/norak/R&I/kxs-/train.py:148: FutureWarning: `torch.cuda.amp.autocast(args...)` is deprecated. Please use `torch.amp.autocast('cuda', args...)` instead.
  with torch.cuda.amp.autocast():
/home/norak/R&I/kxs-/train.py:169: FutureWarning: `torch.cuda.amp.autocast(args...)` is deprecated. Please use `torch.amp.autocast('cuda', args...)` instead.
  with torch.cuda.amp.autocast():
    epoch  9  train_loss=0.0356  val_loss=0.0392  val_qwk=0.6599  val_acc=0.5674
/home/norak/R&I/kxs-/train.py:148: FutureWarning: `torch.cuda.amp.autocast(args...)` is deprecated. Please use `torch.amp.autocast('cuda', args...)` instead.
  with torch.cuda.amp.autocast():
/home/norak/R&I/kxs-/train.py:169: FutureWarning: `torch.cuda.amp.autocast(args...)` is deprecated. Please use `torch.amp.autocast('cuda', args...)` instead.
  with torch.cuda.amp.autocast():
    epoch 10  train_loss=0.0296  val_loss=0.0365  val_qwk=0.6775  val_acc=0.5506
/home/norak/R&I/kxs-/train.py:148: FutureWarning: `torch.cuda.amp.autocast(args...)` is deprecated. Please use `torch.amp.autocast('cuda', args...)` instead.
  with torch.cuda.amp.autocast():
/home/norak/R&I/kxs-/train.py:169: FutureWarning: `torch.cuda.amp.autocast(args...)` is deprecated. Please use `torch.amp.autocast('cuda', args...)` instead.
  with torch.cuda.amp.autocast():
    epoch 11  train_loss=0.0331  val_loss=0.0387  val_qwk=0.6671  val_acc=0.5562
/home/norak/R&I/kxs-/train.py:148: FutureWarning: `torch.cuda.amp.autocast(args...)` is deprecated. Please use `torch.amp.autocast('cuda', args...)` instead.
  with torch.cuda.amp.autocast():
/home/norak/R&I/kxs-/train.py:169: FutureWarning: `torch.cuda.amp.autocast(args...)` is deprecated. Please use `torch.amp.autocast('cuda', args...)` instead.
  with torch.cuda.amp.autocast():
    epoch 12  train_loss=0.0287  val_loss=0.0335  val_qwk=0.7216  val_acc=0.6236
/home/norak/R&I/kxs-/train.py:148: FutureWarning: `torch.cuda.amp.autocast(args...)` is deprecated. Please use `torch.amp.autocast('cuda', args...)` instead.
  with torch.cuda.amp.autocast():
/home/norak/R&I/kxs-/train.py:169: FutureWarning: `torch.cuda.amp.autocast(args...)` is deprecated. Please use `torch.amp.autocast('cuda', args...)` instead.
  with torch.cuda.amp.autocast():
    epoch 13  train_loss=0.0275  val_loss=0.0373  val_qwk=0.7272  val_acc=0.6124
/home/norak/R&I/kxs-/train.py:148: FutureWarning: `torch.cuda.amp.autocast(args...)` is deprecated. Please use `torch.amp.autocast('cuda', args...)` instead.
  with torch.cuda.amp.autocast():
/home/norak/R&I/kxs-/train.py:169: FutureWarning: `torch.cuda.amp.autocast(args...)` is deprecated. Please use `torch.amp.autocast('cuda', args...)` instead.
  with torch.cuda.amp.autocast():
    epoch 14  train_loss=0.0273  val_loss=0.0344  val_qwk=0.7315  val_acc=0.6236
/home/norak/R&I/kxs-/train.py:148: FutureWarning: `torch.cuda.amp.autocast(args...)` is deprecated. Please use `torch.amp.autocast('cuda', args...)` instead.
  with torch.cuda.amp.autocast():
/home/norak/R&I/kxs-/train.py:169: FutureWarning: `torch.cuda.amp.autocast(args...)` is deprecated. Please use `torch.amp.autocast('cuda', args...)` instead.
  with torch.cuda.amp.autocast():
    epoch 15  train_loss=0.0254  val_loss=0.0363  val_qwk=0.6934  val_acc=0.5787
/home/norak/R&I/kxs-/train.py:148: FutureWarning: `torch.cuda.amp.autocast(args...)` is deprecated. Please use `torch.amp.autocast('cuda', args...)` instead.
  with torch.cuda.amp.autocast():
/home/norak/R&I/kxs-/train.py:169: FutureWarning: `torch.cuda.amp.autocast(args...)` is deprecated. Please use `torch.amp.autocast('cuda', args...)` instead.
  with torch.cuda.amp.autocast():
    epoch 16  train_loss=0.0256  val_loss=0.0349  val_qwk=0.7101  val_acc=0.6180
/home/norak/R&I/kxs-/train.py:148: FutureWarning: `torch.cuda.amp.autocast(args...)` is deprecated. Please use `torch.amp.autocast('cuda', args...)` instead.
  with torch.cuda.amp.autocast():
/home/norak/R&I/kxs-/train.py:169: FutureWarning: `torch.cuda.amp.autocast(args...)` is deprecated. Please use `torch.amp.autocast('cuda', args...)` instead.
  with torch.cuda.amp.autocast():
    epoch 17  train_loss=0.0236  val_loss=0.0349  val_qwk=0.7255  val_acc=0.6180
/home/norak/R&I/kxs-/train.py:148: FutureWarning: `torch.cuda.amp.autocast(args...)` is deprecated. Please use `torch.amp.autocast('cuda', args...)` instead.
  with torch.cuda.amp.autocast():
/home/norak/R&I/kxs-/train.py:169: FutureWarning: `torch.cuda.amp.autocast(args...)` is deprecated. Please use `torch.amp.autocast('cuda', args...)` instead.
  with torch.cuda.amp.autocast():
    epoch 18  train_loss=0.0240  val_loss=0.0373  val_qwk=0.7000  val_acc=0.6067
    early-stop at epoch 18 (best epoch=14, best_qwk=0.7315)
/home/norak/R&I/kxs-/train.py:169: FutureWarning: `torch.cuda.amp.autocast(args...)` is deprecated. Please use `torch.amp.autocast('cuda', args...)` instead.
  with torch.cuda.amp.autocast():
/home/norak/R&I/kxs-/train.py:169: FutureWarning: `torch.cuda.amp.autocast(args...)` is deprecated. Please use `torch.amp.autocast('cuda', args...)` instead.
  with torch.cuda.amp.autocast():
/home/norak/R&I/kxs-/train.py:169: FutureWarning: `torch.cuda.amp.autocast(args...)` is deprecated. Please use `torch.amp.autocast('cuda', args...)` instead.
  with torch.cuda.amp.autocast():
  [raw_qar_dual_xlmr_maxfeat               ] train_qwk=0.8113 -> test_qwk=0.7915  raw_w1=0.7247  epoch=14  (144.7s)
Loading weights:   0%|          | 0/136 [00:00<?, ?it/s]Loading weights:  62%|██████▎   | 85/136 [00:00<00:00, 837.35it/s]Loading weights: 100%|██████████| 136/136 [00:00<00:00, 1065.46it/s]
[transformers] [1mNewModel LOAD REPORT[0m from: Alibaba-NLP/gte-multilingual-base
Key               | Status     |  | 
------------------+------------+--+-
classifier.weight | UNEXPECTED |  | 
classifier.bias   | UNEXPECTED |  | 

Notes:
- UNEXPECTED:	can be ignored when loading from different task/architecture; not ok if you expect identical arch.
/home/norak/R&I/kxs-/train.py:206: FutureWarning: `torch.cuda.amp.GradScaler(args...)` is deprecated. Please use `torch.amp.GradScaler('cuda', args...)` instead.
  scaler = torch.cuda.amp.GradScaler() if use_amp and device == "cuda" else None
/home/norak/R&I/kxs-/train.py:148: FutureWarning: `torch.cuda.amp.autocast(args...)` is deprecated. Please use `torch.amp.autocast('cuda', args...)` instead.
  with torch.cuda.amp.autocast():
/home/norak/R&I/kxs-/train.py:169: FutureWarning: `torch.cuda.amp.autocast(args...)` is deprecated. Please use `torch.amp.autocast('cuda', args...)` instead.
  with torch.cuda.amp.autocast():
    epoch  1  train_loss=0.0687  val_loss=0.0518  val_qwk=0.4806  val_acc=0.4045
/home/norak/R&I/kxs-/train.py:148: FutureWarning: `torch.cuda.amp.autocast(args...)` is deprecated. Please use `torch.amp.autocast('cuda', args...)` instead.
  with torch.cuda.amp.autocast():
/home/norak/R&I/kxs-/train.py:169: FutureWarning: `torch.cuda.amp.autocast(args...)` is deprecated. Please use `torch.amp.autocast('cuda', args...)` instead.
  with torch.cuda.amp.autocast():
    epoch  2  train_loss=0.0467  val_loss=0.0414  val_qwk=0.6059  val_acc=0.4944
/home/norak/R&I/kxs-/train.py:148: FutureWarning: `torch.cuda.amp.autocast(args...)` is deprecated. Please use `torch.amp.autocast('cuda', args...)` instead.
  with torch.cuda.amp.autocast():
/home/norak/R&I/kxs-/train.py:169: FutureWarning: `torch.cuda.amp.autocast(args...)` is deprecated. Please use `torch.amp.autocast('cuda', args...)` instead.
  with torch.cuda.amp.autocast():
    epoch  3  train_loss=0.0358  val_loss=0.0348  val_qwk=0.6773  val_acc=0.5449
/home/norak/R&I/kxs-/train.py:148: FutureWarning: `torch.cuda.amp.autocast(args...)` is deprecated. Please use `torch.amp.autocast('cuda', args...)` instead.
  with torch.cuda.amp.autocast():
/home/norak/R&I/kxs-/train.py:169: FutureWarning: `torch.cuda.amp.autocast(args...)` is deprecated. Please use `torch.amp.autocast('cuda', args...)` instead.
  with torch.cuda.amp.autocast():
    epoch  4  train_loss=0.0317  val_loss=0.0342  val_qwk=0.7109  val_acc=0.5843
/home/norak/R&I/kxs-/train.py:148: FutureWarning: `torch.cuda.amp.autocast(args...)` is deprecated. Please use `torch.amp.autocast('cuda', args...)` instead.
  with torch.cuda.amp.autocast():
/home/norak/R&I/kxs-/train.py:169: FutureWarning: `torch.cuda.amp.autocast(args...)` is deprecated. Please use `torch.amp.autocast('cuda', args...)` instead.
  with torch.cuda.amp.autocast():
    epoch  5  train_loss=0.0275  val_loss=0.0351  val_qwk=0.7236  val_acc=0.6292
/home/norak/R&I/kxs-/train.py:148: FutureWarning: `torch.cuda.amp.autocast(args...)` is deprecated. Please use `torch.amp.autocast('cuda', args...)` instead.
  with torch.cuda.amp.autocast():
/home/norak/R&I/kxs-/train.py:169: FutureWarning: `torch.cuda.amp.autocast(args...)` is deprecated. Please use `torch.amp.autocast('cuda', args...)` instead.
  with torch.cuda.amp.autocast():
    epoch  6  train_loss=0.0240  val_loss=0.0356  val_qwk=0.7307  val_acc=0.6180
/home/norak/R&I/kxs-/train.py:148: FutureWarning: `torch.cuda.amp.autocast(args...)` is deprecated. Please use `torch.amp.autocast('cuda', args...)` instead.
  with torch.cuda.amp.autocast():
/home/norak/R&I/kxs-/train.py:169: FutureWarning: `torch.cuda.amp.autocast(args...)` is deprecated. Please use `torch.amp.autocast('cuda', args...)` instead.
  with torch.cuda.amp.autocast():
    epoch  7  train_loss=0.0226  val_loss=0.0325  val_qwk=0.7422  val_acc=0.6292
/home/norak/R&I/kxs-/train.py:148: FutureWarning: `torch.cuda.amp.autocast(args...)` is deprecated. Please use `torch.amp.autocast('cuda', args...)` instead.
  with torch.cuda.amp.autocast():
/home/norak/R&I/kxs-/train.py:169: FutureWarning: `torch.cuda.amp.autocast(args...)` is deprecated. Please use `torch.amp.autocast('cuda', args...)` instead.
  with torch.cuda.amp.autocast():
    epoch  8  train_loss=0.0211  val_loss=0.0352  val_qwk=0.7260  val_acc=0.5730
/home/norak/R&I/kxs-/train.py:148: FutureWarning: `torch.cuda.amp.autocast(args...)` is deprecated. Please use `torch.amp.autocast('cuda', args...)` instead.
  with torch.cuda.amp.autocast():
/home/norak/R&I/kxs-/train.py:169: FutureWarning: `torch.cuda.amp.autocast(args...)` is deprecated. Please use `torch.amp.autocast('cuda', args...)` instead.
  with torch.cuda.amp.autocast():
    epoch  9  train_loss=0.0197  val_loss=0.0294  val_qwk=0.7758  val_acc=0.6798
/home/norak/R&I/kxs-/train.py:148: FutureWarning: `torch.cuda.amp.autocast(args...)` is deprecated. Please use `torch.amp.autocast('cuda', args...)` instead.
  with torch.cuda.amp.autocast():
/home/norak/R&I/kxs-/train.py:169: FutureWarning: `torch.cuda.amp.autocast(args...)` is deprecated. Please use `torch.amp.autocast('cuda', args...)` instead.
  with torch.cuda.amp.autocast():
    epoch 10  train_loss=0.0183  val_loss=0.0291  val_qwk=0.7462  val_acc=0.6124
/home/norak/R&I/kxs-/train.py:148: FutureWarning: `torch.cuda.amp.autocast(args...)` is deprecated. Please use `torch.amp.autocast('cuda', args...)` instead.
  with torch.cuda.amp.autocast():
/home/norak/R&I/kxs-/train.py:169: FutureWarning: `torch.cuda.amp.autocast(args...)` is deprecated. Please use `torch.amp.autocast('cuda', args...)` instead.
  with torch.cuda.amp.autocast():
    epoch 11  train_loss=0.0186  val_loss=0.0324  val_qwk=0.7111  val_acc=0.6292
/home/norak/R&I/kxs-/train.py:148: FutureWarning: `torch.cuda.amp.autocast(args...)` is deprecated. Please use `torch.amp.autocast('cuda', args...)` instead.
  with torch.cuda.amp.autocast():
/home/norak/R&I/kxs-/train.py:169: FutureWarning: `torch.cuda.amp.autocast(args...)` is deprecated. Please use `torch.amp.autocast('cuda', args...)` instead.
  with torch.cuda.amp.autocast():
    epoch 12  train_loss=0.0173  val_loss=0.0304  val_qwk=0.7434  val_acc=0.6348
/home/norak/R&I/kxs-/train.py:148: FutureWarning: `torch.cuda.amp.autocast(args...)` is deprecated. Please use `torch.amp.autocast('cuda', args...)` instead.
  with torch.cuda.amp.autocast():
/home/norak/R&I/kxs-/train.py:169: FutureWarning: `torch.cuda.amp.autocast(args...)` is deprecated. Please use `torch.amp.autocast('cuda', args...)` instead.
  with torch.cuda.amp.autocast():
    epoch 13  train_loss=0.0166  val_loss=0.0370  val_qwk=0.7293  val_acc=0.6124
    early-stop at epoch 13 (best epoch=9, best_qwk=0.7758)
/home/norak/R&I/kxs-/train.py:169: FutureWarning: `torch.cuda.amp.autocast(args...)` is deprecated. Please use `torch.amp.autocast('cuda', args...)` instead.
  with torch.cuda.amp.autocast():
/home/norak/R&I/kxs-/train.py:169: FutureWarning: `torch.cuda.amp.autocast(args...)` is deprecated. Please use `torch.amp.autocast('cuda', args...)` instead.
  with torch.cuda.amp.autocast():
/home/norak/R&I/kxs-/train.py:169: FutureWarning: `torch.cuda.amp.autocast(args...)` is deprecated. Please use `torch.amp.autocast('cuda', args...)` instead.
  with torch.cuda.amp.autocast():
  [raw_qar_dual_gte_maxfeat                ] train_qwk=0.8509 -> test_qwk=0.7838  raw_w1=0.7360  epoch=9  (122.4s)
Loading weights:   0%|          | 0/199 [00:00<?, ?it/s]Loading weights: 100%|██████████| 199/199 [00:00<00:00, 2623.02it/s]
[transformers] [1mBertModel LOAD REPORT[0m from: bert-base-multilingual-cased
Key                                        | Status     |  | 
-------------------------------------------+------------+--+-
cls.seq_relationship.weight                | UNEXPECTED |  | 
cls.predictions.transform.LayerNorm.weight | UNEXPECTED |  | 
cls.predictions.transform.dense.bias       | UNEXPECTED |  | 
cls.predictions.transform.dense.weight     | UNEXPECTED |  | 
cls.predictions.transform.LayerNorm.bias   | UNEXPECTED |  | 
cls.seq_relationship.bias                  | UNEXPECTED |  | 
cls.predictions.bias                       | UNEXPECTED |  | 

Notes:
- UNEXPECTED:	can be ignored when loading from different task/architecture; not ok if you expect identical arch.
/home/norak/R&I/kxs-/train.py:206: FutureWarning: `torch.cuda.amp.GradScaler(args...)` is deprecated. Please use `torch.amp.GradScaler('cuda', args...)` instead.
  scaler = torch.cuda.amp.GradScaler() if use_amp and device == "cuda" else None
/home/norak/R&I/kxs-/train.py:148: FutureWarning: `torch.cuda.amp.autocast(args...)` is deprecated. Please use `torch.amp.autocast('cuda', args...)` instead.
  with torch.cuda.amp.autocast():
/home/norak/R&I/kxs-/train.py:169: FutureWarning: `torch.cuda.amp.autocast(args...)` is deprecated. Please use `torch.amp.autocast('cuda', args...)` instead.
  with torch.cuda.amp.autocast():
    epoch  1  train_loss=0.0748  val_loss=0.0611  val_qwk=0.2716  val_acc=0.2247
/home/norak/R&I/kxs-/train.py:148: FutureWarning: `torch.cuda.amp.autocast(args...)` is deprecated. Please use `torch.amp.autocast('cuda', args...)` instead.
  with torch.cuda.amp.autocast():
/home/norak/R&I/kxs-/train.py:169: FutureWarning: `torch.cuda.amp.autocast(args...)` is deprecated. Please use `torch.amp.autocast('cuda', args...)` instead.
  with torch.cuda.amp.autocast():
    epoch  2  train_loss=0.0611  val_loss=0.0580  val_qwk=0.4252  val_acc=0.3764
/home/norak/R&I/kxs-/train.py:148: FutureWarning: `torch.cuda.amp.autocast(args...)` is deprecated. Please use `torch.amp.autocast('cuda', args...)` instead.
  with torch.cuda.amp.autocast():
/home/norak/R&I/kxs-/train.py:169: FutureWarning: `torch.cuda.amp.autocast(args...)` is deprecated. Please use `torch.amp.autocast('cuda', args...)` instead.
  with torch.cuda.amp.autocast():
    epoch  3  train_loss=0.0562  val_loss=0.0579  val_qwk=0.4936  val_acc=0.4607
/home/norak/R&I/kxs-/train.py:148: FutureWarning: `torch.cuda.amp.autocast(args...)` is deprecated. Please use `torch.amp.autocast('cuda', args...)` instead.
  with torch.cuda.amp.autocast():
/home/norak/R&I/kxs-/train.py:169: FutureWarning: `torch.cuda.amp.autocast(args...)` is deprecated. Please use `torch.amp.autocast('cuda', args...)` instead.
  with torch.cuda.amp.autocast():
    epoch  4  train_loss=0.0513  val_loss=0.0546  val_qwk=0.4899  val_acc=0.4326
/home/norak/R&I/kxs-/train.py:148: FutureWarning: `torch.cuda.amp.autocast(args...)` is deprecated. Please use `torch.amp.autocast('cuda', args...)` instead.
  with torch.cuda.amp.autocast():
/home/norak/R&I/kxs-/train.py:169: FutureWarning: `torch.cuda.amp.autocast(args...)` is deprecated. Please use `torch.amp.autocast('cuda', args...)` instead.
  with torch.cuda.amp.autocast():
    epoch  5  train_loss=0.0461  val_loss=0.0536  val_qwk=0.4911  val_acc=0.4607
/home/norak/R&I/kxs-/train.py:148: FutureWarning: `torch.cuda.amp.autocast(args...)` is deprecated. Please use `torch.amp.autocast('cuda', args...)` instead.
  with torch.cuda.amp.autocast():
/home/norak/R&I/kxs-/train.py:169: FutureWarning: `torch.cuda.amp.autocast(args...)` is deprecated. Please use `torch.amp.autocast('cuda', args...)` instead.
  with torch.cuda.amp.autocast():
    epoch  6  train_loss=0.0446  val_loss=0.0522  val_qwk=0.5208  val_acc=0.4831
/home/norak/R&I/kxs-/train.py:148: FutureWarning: `torch.cuda.amp.autocast(args...)` is deprecated. Please use `torch.amp.autocast('cuda', args...)` instead.
  with torch.cuda.amp.autocast():
/home/norak/R&I/kxs-/train.py:169: FutureWarning: `torch.cuda.amp.autocast(args...)` is deprecated. Please use `torch.amp.autocast('cuda', args...)` instead.
  with torch.cuda.amp.autocast():
    epoch  7  train_loss=0.0431  val_loss=0.0532  val_qwk=0.5672  val_acc=0.5449
/home/norak/R&I/kxs-/train.py:148: FutureWarning: `torch.cuda.amp.autocast(args...)` is deprecated. Please use `torch.amp.autocast('cuda', args...)` instead.
  with torch.cuda.amp.autocast():
/home/norak/R&I/kxs-/train.py:169: FutureWarning: `torch.cuda.amp.autocast(args...)` is deprecated. Please use `torch.amp.autocast('cuda', args...)` instead.
  with torch.cuda.amp.autocast():
    epoch  8  train_loss=0.0389  val_loss=0.0512  val_qwk=0.5012  val_acc=0.4494
/home/norak/R&I/kxs-/train.py:148: FutureWarning: `torch.cuda.amp.autocast(args...)` is deprecated. Please use `torch.amp.autocast('cuda', args...)` instead.
  with torch.cuda.amp.autocast():
/home/norak/R&I/kxs-/train.py:169: FutureWarning: `torch.cuda.amp.autocast(args...)` is deprecated. Please use `torch.amp.autocast('cuda', args...)` instead.
  with torch.cuda.amp.autocast():
    epoch  9  train_loss=0.0401  val_loss=0.0468  val_qwk=0.5583  val_acc=0.5112
/home/norak/R&I/kxs-/train.py:148: FutureWarning: `torch.cuda.amp.autocast(args...)` is deprecated. Please use `torch.amp.autocast('cuda', args...)` instead.
  with torch.cuda.amp.autocast():
/home/norak/R&I/kxs-/train.py:169: FutureWarning: `torch.cuda.amp.autocast(args...)` is deprecated. Please use `torch.amp.autocast('cuda', args...)` instead.
  with torch.cuda.amp.autocast():
    epoch 10  train_loss=0.0368  val_loss=0.0471  val_qwk=0.5735  val_acc=0.4775
/home/norak/R&I/kxs-/train.py:148: FutureWarning: `torch.cuda.amp.autocast(args...)` is deprecated. Please use `torch.amp.autocast('cuda', args...)` instead.
  with torch.cuda.amp.autocast():
/home/norak/R&I/kxs-/train.py:169: FutureWarning: `torch.cuda.amp.autocast(args...)` is deprecated. Please use `torch.amp.autocast('cuda', args...)` instead.
  with torch.cuda.amp.autocast():
    epoch 11  train_loss=0.0356  val_loss=0.0480  val_qwk=0.5774  val_acc=0.5056
/home/norak/R&I/kxs-/train.py:148: FutureWarning: `torch.cuda.amp.autocast(args...)` is deprecated. Please use `torch.amp.autocast('cuda', args...)` instead.
  with torch.cuda.amp.autocast():
/home/norak/R&I/kxs-/train.py:169: FutureWarning: `torch.cuda.amp.autocast(args...)` is deprecated. Please use `torch.amp.autocast('cuda', args...)` instead.
  with torch.cuda.amp.autocast():
    epoch 12  train_loss=0.0349  val_loss=0.0461  val_qwk=0.6187  val_acc=0.5393
/home/norak/R&I/kxs-/train.py:148: FutureWarning: `torch.cuda.amp.autocast(args...)` is deprecated. Please use `torch.amp.autocast('cuda', args...)` instead.
  with torch.cuda.amp.autocast():
/home/norak/R&I/kxs-/train.py:169: FutureWarning: `torch.cuda.amp.autocast(args...)` is deprecated. Please use `torch.amp.autocast('cuda', args...)` instead.
  with torch.cuda.amp.autocast():
    epoch 13  train_loss=0.0324  val_loss=0.0525  val_qwk=0.5763  val_acc=0.5337
/home/norak/R&I/kxs-/train.py:148: FutureWarning: `torch.cuda.amp.autocast(args...)` is deprecated. Please use `torch.amp.autocast('cuda', args...)` instead.
  with torch.cuda.amp.autocast():
/home/norak/R&I/kxs-/train.py:169: FutureWarning: `torch.cuda.amp.autocast(args...)` is deprecated. Please use `torch.amp.autocast('cuda', args...)` instead.
  with torch.cuda.amp.autocast():
    epoch 14  train_loss=0.0343  val_loss=0.0559  val_qwk=0.5576  val_acc=0.5169
/home/norak/R&I/kxs-/train.py:148: FutureWarning: `torch.cuda.amp.autocast(args...)` is deprecated. Please use `torch.amp.autocast('cuda', args...)` instead.
  with torch.cuda.amp.autocast():
/home/norak/R&I/kxs-/train.py:169: FutureWarning: `torch.cuda.amp.autocast(args...)` is deprecated. Please use `torch.amp.autocast('cuda', args...)` instead.
  with torch.cuda.amp.autocast():
    epoch 15  train_loss=0.0346  val_loss=0.0480  val_qwk=0.6055  val_acc=0.5562
/home/norak/R&I/kxs-/train.py:148: FutureWarning: `torch.cuda.amp.autocast(args...)` is deprecated. Please use `torch.amp.autocast('cuda', args...)` instead.
  with torch.cuda.amp.autocast():
/home/norak/R&I/kxs-/train.py:169: FutureWarning: `torch.cuda.amp.autocast(args...)` is deprecated. Please use `torch.amp.autocast('cuda', args...)` instead.
  with torch.cuda.amp.autocast():
    epoch 16  train_loss=0.0315  val_loss=0.0514  val_qwk=0.5917  val_acc=0.5674
    early-stop at epoch 16 (best epoch=12, best_qwk=0.6187)
/home/norak/R&I/kxs-/train.py:169: FutureWarning: `torch.cuda.amp.autocast(args...)` is deprecated. Please use `torch.amp.autocast('cuda', args...)` instead.
  with torch.cuda.amp.autocast():
/home/norak/R&I/kxs-/train.py:169: FutureWarning: `torch.cuda.amp.autocast(args...)` is deprecated. Please use `torch.amp.autocast('cuda', args...)` instead.
  with torch.cuda.amp.autocast():
/home/norak/R&I/kxs-/train.py:169: FutureWarning: `torch.cuda.amp.autocast(args...)` is deprecated. Please use `torch.amp.autocast('cuda', args...)` instead.
  with torch.cuda.amp.autocast():
  [raw_qar_cross_mbert_maxfeat             ] train_qwk=0.7387 -> test_qwk=0.6655  raw_w1=0.6854  epoch=12  (74.2s)
Loading weights:   0%|          | 0/199 [00:00<?, ?it/s]Loading weights: 100%|██████████| 199/199 [00:00<00:00, 2920.36it/s]
[transformers] [1mXLMRobertaModel LOAD REPORT[0m from: xlm-roberta-base
Key                       | Status     |  | 
--------------------------+------------+--+-
lm_head.layer_norm.weight | UNEXPECTED |  | 
lm_head.bias              | UNEXPECTED |  | 
lm_head.dense.bias        | UNEXPECTED |  | 
lm_head.layer_norm.bias   | UNEXPECTED |  | 
lm_head.dense.weight      | UNEXPECTED |  | 

Notes:
- UNEXPECTED:	can be ignored when loading from different task/architecture; not ok if you expect identical arch.
/home/norak/R&I/kxs-/train.py:206: FutureWarning: `torch.cuda.amp.GradScaler(args...)` is deprecated. Please use `torch.amp.GradScaler('cuda', args...)` instead.
  scaler = torch.cuda.amp.GradScaler() if use_amp and device == "cuda" else None
/home/norak/R&I/kxs-/train.py:148: FutureWarning: `torch.cuda.amp.autocast(args...)` is deprecated. Please use `torch.amp.autocast('cuda', args...)` instead.
  with torch.cuda.amp.autocast():
/home/norak/R&I/kxs-/train.py:169: FutureWarning: `torch.cuda.amp.autocast(args...)` is deprecated. Please use `torch.amp.autocast('cuda', args...)` instead.
  with torch.cuda.amp.autocast():
    epoch  1  train_loss=0.0870  val_loss=0.0677  val_qwk=0.2303  val_acc=0.2135
/home/norak/R&I/kxs-/train.py:148: FutureWarning: `torch.cuda.amp.autocast(args...)` is deprecated. Please use `torch.amp.autocast('cuda', args...)` instead.
  with torch.cuda.amp.autocast():
/home/norak/R&I/kxs-/train.py:169: FutureWarning: `torch.cuda.amp.autocast(args...)` is deprecated. Please use `torch.amp.autocast('cuda', args...)` instead.
  with torch.cuda.amp.autocast():
    epoch  2  train_loss=0.0656  val_loss=0.0567  val_qwk=0.3803  val_acc=0.2978
/home/norak/R&I/kxs-/train.py:148: FutureWarning: `torch.cuda.amp.autocast(args...)` is deprecated. Please use `torch.amp.autocast('cuda', args...)` instead.
  with torch.cuda.amp.autocast():
/home/norak/R&I/kxs-/train.py:169: FutureWarning: `torch.cuda.amp.autocast(args...)` is deprecated. Please use `torch.amp.autocast('cuda', args...)` instead.
  with torch.cuda.amp.autocast():
    epoch  3  train_loss=0.0595  val_loss=0.0534  val_qwk=0.5031  val_acc=0.3989
/home/norak/R&I/kxs-/train.py:148: FutureWarning: `torch.cuda.amp.autocast(args...)` is deprecated. Please use `torch.amp.autocast('cuda', args...)` instead.
  with torch.cuda.amp.autocast():
/home/norak/R&I/kxs-/train.py:169: FutureWarning: `torch.cuda.amp.autocast(args...)` is deprecated. Please use `torch.amp.autocast('cuda', args...)` instead.
  with torch.cuda.amp.autocast():
    epoch  4  train_loss=0.0510  val_loss=0.0526  val_qwk=0.4536  val_acc=0.3034
/home/norak/R&I/kxs-/train.py:148: FutureWarning: `torch.cuda.amp.autocast(args...)` is deprecated. Please use `torch.amp.autocast('cuda', args...)` instead.
  with torch.cuda.amp.autocast():
/home/norak/R&I/kxs-/train.py:169: FutureWarning: `torch.cuda.amp.autocast(args...)` is deprecated. Please use `torch.amp.autocast('cuda', args...)` instead.
  with torch.cuda.amp.autocast():
    epoch  5  train_loss=0.0506  val_loss=0.0524  val_qwk=0.5172  val_acc=0.5337
/home/norak/R&I/kxs-/train.py:148: FutureWarning: `torch.cuda.amp.autocast(args...)` is deprecated. Please use `torch.amp.autocast('cuda', args...)` instead.
  with torch.cuda.amp.autocast():
/home/norak/R&I/kxs-/train.py:169: FutureWarning: `torch.cuda.amp.autocast(args...)` is deprecated. Please use `torch.amp.autocast('cuda', args...)` instead.
  with torch.cuda.amp.autocast():
    epoch  6  train_loss=0.0463  val_loss=0.0516  val_qwk=0.5297  val_acc=0.4888
/home/norak/R&I/kxs-/train.py:148: FutureWarning: `torch.cuda.amp.autocast(args...)` is deprecated. Please use `torch.amp.autocast('cuda', args...)` instead.
  with torch.cuda.amp.autocast():
/home/norak/R&I/kxs-/train.py:169: FutureWarning: `torch.cuda.amp.autocast(args...)` is deprecated. Please use `torch.amp.autocast('cuda', args...)` instead.
  with torch.cuda.amp.autocast():
    epoch  7  train_loss=0.0426  val_loss=0.0551  val_qwk=0.6114  val_acc=0.5618
/home/norak/R&I/kxs-/train.py:148: FutureWarning: `torch.cuda.amp.autocast(args...)` is deprecated. Please use `torch.amp.autocast('cuda', args...)` instead.
  with torch.cuda.amp.autocast():
/home/norak/R&I/kxs-/train.py:169: FutureWarning: `torch.cuda.amp.autocast(args...)` is deprecated. Please use `torch.amp.autocast('cuda', args...)` instead.
  with torch.cuda.amp.autocast():
    epoch  8  train_loss=0.0387  val_loss=0.0451  val_qwk=0.5266  val_acc=0.4775
/home/norak/R&I/kxs-/train.py:148: FutureWarning: `torch.cuda.amp.autocast(args...)` is deprecated. Please use `torch.amp.autocast('cuda', args...)` instead.
  with torch.cuda.amp.autocast():
/home/norak/R&I/kxs-/train.py:169: FutureWarning: `torch.cuda.amp.autocast(args...)` is deprecated. Please use `torch.amp.autocast('cuda', args...)` instead.
  with torch.cuda.amp.autocast():
    epoch  9  train_loss=0.0371  val_loss=0.0482  val_qwk=0.6223  val_acc=0.5899
/home/norak/R&I/kxs-/train.py:148: FutureWarning: `torch.cuda.amp.autocast(args...)` is deprecated. Please use `torch.amp.autocast('cuda', args...)` instead.
  with torch.cuda.amp.autocast():
/home/norak/R&I/kxs-/train.py:169: FutureWarning: `torch.cuda.amp.autocast(args...)` is deprecated. Please use `torch.amp.autocast('cuda', args...)` instead.
  with torch.cuda.amp.autocast():
    epoch 10  train_loss=0.0381  val_loss=0.0449  val_qwk=0.6006  val_acc=0.5225
/home/norak/R&I/kxs-/train.py:148: FutureWarning: `torch.cuda.amp.autocast(args...)` is deprecated. Please use `torch.amp.autocast('cuda', args...)` instead.
  with torch.cuda.amp.autocast():
/home/norak/R&I/kxs-/train.py:169: FutureWarning: `torch.cuda.amp.autocast(args...)` is deprecated. Please use `torch.amp.autocast('cuda', args...)` instead.
  with torch.cuda.amp.autocast():
    epoch 11  train_loss=0.0336  val_loss=0.0436  val_qwk=0.6607  val_acc=0.6180
/home/norak/R&I/kxs-/train.py:148: FutureWarning: `torch.cuda.amp.autocast(args...)` is deprecated. Please use `torch.amp.autocast('cuda', args...)` instead.
  with torch.cuda.amp.autocast():
/home/norak/R&I/kxs-/train.py:169: FutureWarning: `torch.cuda.amp.autocast(args...)` is deprecated. Please use `torch.amp.autocast('cuda', args...)` instead.
  with torch.cuda.amp.autocast():
    epoch 12  train_loss=0.0308  val_loss=0.0413  val_qwk=0.6922  val_acc=0.6629
/home/norak/R&I/kxs-/train.py:148: FutureWarning: `torch.cuda.amp.autocast(args...)` is deprecated. Please use `torch.amp.autocast('cuda', args...)` instead.
  with torch.cuda.amp.autocast():
/home/norak/R&I/kxs-/train.py:169: FutureWarning: `torch.cuda.amp.autocast(args...)` is deprecated. Please use `torch.amp.autocast('cuda', args...)` instead.
  with torch.cuda.amp.autocast():
    epoch 13  train_loss=0.0286  val_loss=0.0417  val_qwk=0.6699  val_acc=0.6067
/home/norak/R&I/kxs-/train.py:148: FutureWarning: `torch.cuda.amp.autocast(args...)` is deprecated. Please use `torch.amp.autocast('cuda', args...)` instead.
  with torch.cuda.amp.autocast():
/home/norak/R&I/kxs-/train.py:169: FutureWarning: `torch.cuda.amp.autocast(args...)` is deprecated. Please use `torch.amp.autocast('cuda', args...)` instead.
  with torch.cuda.amp.autocast():
    epoch 14  train_loss=0.0298  val_loss=0.0449  val_qwk=0.6705  val_acc=0.6067
/home/norak/R&I/kxs-/train.py:148: FutureWarning: `torch.cuda.amp.autocast(args...)` is deprecated. Please use `torch.amp.autocast('cuda', args...)` instead.
  with torch.cuda.amp.autocast():
/home/norak/R&I/kxs-/train.py:169: FutureWarning: `torch.cuda.amp.autocast(args...)` is deprecated. Please use `torch.amp.autocast('cuda', args...)` instead.
  with torch.cuda.amp.autocast():
    epoch 15  train_loss=0.0260  val_loss=0.0440  val_qwk=0.6828  val_acc=0.6404
/home/norak/R&I/kxs-/train.py:148: FutureWarning: `torch.cuda.amp.autocast(args...)` is deprecated. Please use `torch.amp.autocast('cuda', args...)` instead.
  with torch.cuda.amp.autocast():
/home/norak/R&I/kxs-/train.py:169: FutureWarning: `torch.cuda.amp.autocast(args...)` is deprecated. Please use `torch.amp.autocast('cuda', args...)` instead.
  with torch.cuda.amp.autocast():
    epoch 16  train_loss=0.0252  val_loss=0.0463  val_qwk=0.6687  val_acc=0.6067
    early-stop at epoch 16 (best epoch=12, best_qwk=0.6922)
/home/norak/R&I/kxs-/train.py:169: FutureWarning: `torch.cuda.amp.autocast(args...)` is deprecated. Please use `torch.amp.autocast('cuda', args...)` instead.
  with torch.cuda.amp.autocast():
/home/norak/R&I/kxs-/train.py:169: FutureWarning: `torch.cuda.amp.autocast(args...)` is deprecated. Please use `torch.amp.autocast('cuda', args...)` instead.
  with torch.cuda.amp.autocast():
/home/norak/R&I/kxs-/train.py:169: FutureWarning: `torch.cuda.amp.autocast(args...)` is deprecated. Please use `torch.amp.autocast('cuda', args...)` instead.
  with torch.cuda.amp.autocast():
  [raw_qar_cross_xlmr_maxfeat              ] train_qwk=0.7910 -> test_qwk=0.7045  raw_w1=0.7135  epoch=12  (87.2s)
Loading weights:   0%|          | 0/136 [00:00<?, ?it/s]Loading weights:   3%|▎         | 4/136 [00:00<00:03, 37.77it/s]Loading weights: 100%|██████████| 136/136 [00:00<00:00, 990.80it/s]
[transformers] [1mNewModel LOAD REPORT[0m from: Alibaba-NLP/gte-multilingual-base
Key               | Status     |  | 
------------------+------------+--+-
classifier.weight | UNEXPECTED |  | 
classifier.bias   | UNEXPECTED |  | 

Notes:
- UNEXPECTED:	can be ignored when loading from different task/architecture; not ok if you expect identical arch.
/home/norak/R&I/kxs-/train.py:206: FutureWarning: `torch.cuda.amp.GradScaler(args...)` is deprecated. Please use `torch.amp.GradScaler('cuda', args...)` instead.
  scaler = torch.cuda.amp.GradScaler() if use_amp and device == "cuda" else None
/home/norak/R&I/kxs-/train.py:148: FutureWarning: `torch.cuda.amp.autocast(args...)` is deprecated. Please use `torch.amp.autocast('cuda', args...)` instead.
  with torch.cuda.amp.autocast():
/home/norak/R&I/kxs-/train.py:169: FutureWarning: `torch.cuda.amp.autocast(args...)` is deprecated. Please use `torch.amp.autocast('cuda', args...)` instead.
  with torch.cuda.amp.autocast():
    epoch  1  train_loss=0.0717  val_loss=0.0585  val_qwk=0.4136  val_acc=0.3090
/home/norak/R&I/kxs-/train.py:148: FutureWarning: `torch.cuda.amp.autocast(args...)` is deprecated. Please use `torch.amp.autocast('cuda', args...)` instead.
  with torch.cuda.amp.autocast():
/home/norak/R&I/kxs-/train.py:169: FutureWarning: `torch.cuda.amp.autocast(args...)` is deprecated. Please use `torch.amp.autocast('cuda', args...)` instead.
  with torch.cuda.amp.autocast():
    epoch  2  train_loss=0.0522  val_loss=0.0509  val_qwk=0.4779  val_acc=0.4213
/home/norak/R&I/kxs-/train.py:148: FutureWarning: `torch.cuda.amp.autocast(args...)` is deprecated. Please use `torch.amp.autocast('cuda', args...)` instead.
  with torch.cuda.amp.autocast():
/home/norak/R&I/kxs-/train.py:169: FutureWarning: `torch.cuda.amp.autocast(args...)` is deprecated. Please use `torch.amp.autocast('cuda', args...)` instead.
  with torch.cuda.amp.autocast():
    epoch  3  train_loss=0.0497  val_loss=0.0514  val_qwk=0.5209  val_acc=0.4382
/home/norak/R&I/kxs-/train.py:148: FutureWarning: `torch.cuda.amp.autocast(args...)` is deprecated. Please use `torch.amp.autocast('cuda', args...)` instead.
  with torch.cuda.amp.autocast():
/home/norak/R&I/kxs-/train.py:169: FutureWarning: `torch.cuda.amp.autocast(args...)` is deprecated. Please use `torch.amp.autocast('cuda', args...)` instead.
  with torch.cuda.amp.autocast():
    epoch  4  train_loss=0.0453  val_loss=0.0475  val_qwk=0.5172  val_acc=0.4944
/home/norak/R&I/kxs-/train.py:148: FutureWarning: `torch.cuda.amp.autocast(args...)` is deprecated. Please use `torch.amp.autocast('cuda', args...)` instead.
  with torch.cuda.amp.autocast():
/home/norak/R&I/kxs-/train.py:169: FutureWarning: `torch.cuda.amp.autocast(args...)` is deprecated. Please use `torch.amp.autocast('cuda', args...)` instead.
  with torch.cuda.amp.autocast():
    epoch  5  train_loss=0.0399  val_loss=0.0474  val_qwk=0.6007  val_acc=0.5393
/home/norak/R&I/kxs-/train.py:148: FutureWarning: `torch.cuda.amp.autocast(args...)` is deprecated. Please use `torch.amp.autocast('cuda', args...)` instead.
  with torch.cuda.amp.autocast():
/home/norak/R&I/kxs-/train.py:169: FutureWarning: `torch.cuda.amp.autocast(args...)` is deprecated. Please use `torch.amp.autocast('cuda', args...)` instead.
  with torch.cuda.amp.autocast():
    epoch  6  train_loss=0.0380  val_loss=0.0472  val_qwk=0.5912  val_acc=0.5169
/home/norak/R&I/kxs-/train.py:148: FutureWarning: `torch.cuda.amp.autocast(args...)` is deprecated. Please use `torch.amp.autocast('cuda', args...)` instead.
  with torch.cuda.amp.autocast():
/home/norak/R&I/kxs-/train.py:169: FutureWarning: `torch.cuda.amp.autocast(args...)` is deprecated. Please use `torch.amp.autocast('cuda', args...)` instead.
  with torch.cuda.amp.autocast():
    epoch  7  train_loss=0.0335  val_loss=0.0549  val_qwk=0.6043  val_acc=0.5618
/home/norak/R&I/kxs-/train.py:148: FutureWarning: `torch.cuda.amp.autocast(args...)` is deprecated. Please use `torch.amp.autocast('cuda', args...)` instead.
  with torch.cuda.amp.autocast():
/home/norak/R&I/kxs-/train.py:169: FutureWarning: `torch.cuda.amp.autocast(args...)` is deprecated. Please use `torch.amp.autocast('cuda', args...)` instead.
  with torch.cuda.amp.autocast():
    epoch  8  train_loss=0.0311  val_loss=0.0430  val_qwk=0.6641  val_acc=0.6180
/home/norak/R&I/kxs-/train.py:148: FutureWarning: `torch.cuda.amp.autocast(args...)` is deprecated. Please use `torch.amp.autocast('cuda', args...)` instead.
  with torch.cuda.amp.autocast():
/home/norak/R&I/kxs-/train.py:169: FutureWarning: `torch.cuda.amp.autocast(args...)` is deprecated. Please use `torch.amp.autocast('cuda', args...)` instead.
  with torch.cuda.amp.autocast():
    epoch  9  train_loss=0.0274  val_loss=0.0451  val_qwk=0.6497  val_acc=0.6124
/home/norak/R&I/kxs-/train.py:148: FutureWarning: `torch.cuda.amp.autocast(args...)` is deprecated. Please use `torch.amp.autocast('cuda', args...)` instead.
  with torch.cuda.amp.autocast():
/home/norak/R&I/kxs-/train.py:169: FutureWarning: `torch.cuda.amp.autocast(args...)` is deprecated. Please use `torch.amp.autocast('cuda', args...)` instead.
  with torch.cuda.amp.autocast():
    epoch 10  train_loss=0.0274  val_loss=0.0429  val_qwk=0.6362  val_acc=0.5787
/home/norak/R&I/kxs-/train.py:148: FutureWarning: `torch.cuda.amp.autocast(args...)` is deprecated. Please use `torch.amp.autocast('cuda', args...)` instead.
  with torch.cuda.amp.autocast():
/home/norak/R&I/kxs-/train.py:169: FutureWarning: `torch.cuda.amp.autocast(args...)` is deprecated. Please use `torch.amp.autocast('cuda', args...)` instead.
  with torch.cuda.amp.autocast():
    epoch 11  train_loss=0.0252  val_loss=0.0444  val_qwk=0.6439  val_acc=0.5787
/home/norak/R&I/kxs-/train.py:148: FutureWarning: `torch.cuda.amp.autocast(args...)` is deprecated. Please use `torch.amp.autocast('cuda', args...)` instead.
  with torch.cuda.amp.autocast():
/home/norak/R&I/kxs-/train.py:169: FutureWarning: `torch.cuda.amp.autocast(args...)` is deprecated. Please use `torch.amp.autocast('cuda', args...)` instead.
  with torch.cuda.amp.autocast():
    epoch 12  train_loss=0.0234  val_loss=0.0449  val_qwk=0.6231  val_acc=0.5899
    early-stop at epoch 12 (best epoch=8, best_qwk=0.6641)
/home/norak/R&I/kxs-/train.py:169: FutureWarning: `torch.cuda.amp.autocast(args...)` is deprecated. Please use `torch.amp.autocast('cuda', args...)` instead.
  with torch.cuda.amp.autocast():
/home/norak/R&I/kxs-/train.py:169: FutureWarning: `torch.cuda.amp.autocast(args...)` is deprecated. Please use `torch.amp.autocast('cuda', args...)` instead.
  with torch.cuda.amp.autocast():
/home/norak/R&I/kxs-/train.py:169: FutureWarning: `torch.cuda.amp.autocast(args...)` is deprecated. Please use `torch.amp.autocast('cuda', args...)` instead.
  with torch.cuda.amp.autocast():
  [raw_qar_cross_gte_maxfeat               ] train_qwk=0.7723 -> test_qwk=0.7300  raw_w1=0.7022  epoch=8  (73.7s)
Loading weights:   0%|          | 0/199 [00:00<?, ?it/s]Loading weights: 100%|██████████| 199/199 [00:00<00:00, 3120.70it/s]
[transformers] [1mBertModel LOAD REPORT[0m from: bert-base-multilingual-cased
Key                                        | Status     |  | 
-------------------------------------------+------------+--+-
cls.seq_relationship.weight                | UNEXPECTED |  | 
cls.predictions.transform.LayerNorm.weight | UNEXPECTED |  | 
cls.predictions.transform.dense.bias       | UNEXPECTED |  | 
cls.predictions.transform.dense.weight     | UNEXPECTED |  | 
cls.predictions.transform.LayerNorm.bias   | UNEXPECTED |  | 
cls.seq_relationship.bias                  | UNEXPECTED |  | 
cls.predictions.bias                       | UNEXPECTED |  | 

Notes:
- UNEXPECTED:	can be ignored when loading from different task/architecture; not ok if you expect identical arch.
/home/norak/R&I/kxs-/train.py:206: FutureWarning: `torch.cuda.amp.GradScaler(args...)` is deprecated. Please use `torch.amp.GradScaler('cuda', args...)` instead.
  scaler = torch.cuda.amp.GradScaler() if use_amp and device == "cuda" else None
/home/norak/R&I/kxs-/train.py:148: FutureWarning: `torch.cuda.amp.autocast(args...)` is deprecated. Please use `torch.amp.autocast('cuda', args...)` instead.
  with torch.cuda.amp.autocast():
/home/norak/R&I/kxs-/train.py:169: FutureWarning: `torch.cuda.amp.autocast(args...)` is deprecated. Please use `torch.amp.autocast('cuda', args...)` instead.
  with torch.cuda.amp.autocast():
    epoch  1  train_loss=0.0707  val_loss=0.0634  val_qwk=0.3485  val_acc=0.3202
/home/norak/R&I/kxs-/train.py:148: FutureWarning: `torch.cuda.amp.autocast(args...)` is deprecated. Please use `torch.amp.autocast('cuda', args...)` instead.
  with torch.cuda.amp.autocast():
/home/norak/R&I/kxs-/train.py:169: FutureWarning: `torch.cuda.amp.autocast(args...)` is deprecated. Please use `torch.amp.autocast('cuda', args...)` instead.
  with torch.cuda.amp.autocast():
    epoch  2  train_loss=0.0587  val_loss=0.0588  val_qwk=0.4244  val_acc=0.3652
/home/norak/R&I/kxs-/train.py:148: FutureWarning: `torch.cuda.amp.autocast(args...)` is deprecated. Please use `torch.amp.autocast('cuda', args...)` instead.
  with torch.cuda.amp.autocast():
/home/norak/R&I/kxs-/train.py:169: FutureWarning: `torch.cuda.amp.autocast(args...)` is deprecated. Please use `torch.amp.autocast('cuda', args...)` instead.
  with torch.cuda.amp.autocast():
    epoch  3  train_loss=0.0572  val_loss=0.0554  val_qwk=0.4157  val_acc=0.3483
/home/norak/R&I/kxs-/train.py:148: FutureWarning: `torch.cuda.amp.autocast(args...)` is deprecated. Please use `torch.amp.autocast('cuda', args...)` instead.
  with torch.cuda.amp.autocast():
/home/norak/R&I/kxs-/train.py:169: FutureWarning: `torch.cuda.amp.autocast(args...)` is deprecated. Please use `torch.amp.autocast('cuda', args...)` instead.
  with torch.cuda.amp.autocast():
    epoch  4  train_loss=0.0513  val_loss=0.0557  val_qwk=0.4119  val_acc=0.3652
/home/norak/R&I/kxs-/train.py:148: FutureWarning: `torch.cuda.amp.autocast(args...)` is deprecated. Please use `torch.amp.autocast('cuda', args...)` instead.
  with torch.cuda.amp.autocast():
/home/norak/R&I/kxs-/train.py:169: FutureWarning: `torch.cuda.amp.autocast(args...)` is deprecated. Please use `torch.amp.autocast('cuda', args...)` instead.
  with torch.cuda.amp.autocast():
    epoch  5  train_loss=0.0523  val_loss=0.0557  val_qwk=0.4568  val_acc=0.3820
/home/norak/R&I/kxs-/train.py:148: FutureWarning: `torch.cuda.amp.autocast(args...)` is deprecated. Please use `torch.amp.autocast('cuda', args...)` instead.
  with torch.cuda.amp.autocast():
/home/norak/R&I/kxs-/train.py:169: FutureWarning: `torch.cuda.amp.autocast(args...)` is deprecated. Please use `torch.amp.autocast('cuda', args...)` instead.
  with torch.cuda.amp.autocast():
    epoch  6  train_loss=0.0516  val_loss=0.0540  val_qwk=0.4587  val_acc=0.3876
/home/norak/R&I/kxs-/train.py:148: FutureWarning: `torch.cuda.amp.autocast(args...)` is deprecated. Please use `torch.amp.autocast('cuda', args...)` instead.
  with torch.cuda.amp.autocast():
/home/norak/R&I/kxs-/train.py:169: FutureWarning: `torch.cuda.amp.autocast(args...)` is deprecated. Please use `torch.amp.autocast('cuda', args...)` instead.
  with torch.cuda.amp.autocast():
    epoch  7  train_loss=0.0526  val_loss=0.0566  val_qwk=0.4075  val_acc=0.3820
/home/norak/R&I/kxs-/train.py:148: FutureWarning: `torch.cuda.amp.autocast(args...)` is deprecated. Please use `torch.amp.autocast('cuda', args...)` instead.
  with torch.cuda.amp.autocast():
/home/norak/R&I/kxs-/train.py:169: FutureWarning: `torch.cuda.amp.autocast(args...)` is deprecated. Please use `torch.amp.autocast('cuda', args...)` instead.
  with torch.cuda.amp.autocast():
    epoch  8  train_loss=0.0516  val_loss=0.0560  val_qwk=0.4789  val_acc=0.4101
/home/norak/R&I/kxs-/train.py:148: FutureWarning: `torch.cuda.amp.autocast(args...)` is deprecated. Please use `torch.amp.autocast('cuda', args...)` instead.
  with torch.cuda.amp.autocast():
/home/norak/R&I/kxs-/train.py:169: FutureWarning: `torch.cuda.amp.autocast(args...)` is deprecated. Please use `torch.amp.autocast('cuda', args...)` instead.
  with torch.cuda.amp.autocast():
    epoch  9  train_loss=0.0502  val_loss=0.0562  val_qwk=0.4201  val_acc=0.3876
/home/norak/R&I/kxs-/train.py:148: FutureWarning: `torch.cuda.amp.autocast(args...)` is deprecated. Please use `torch.amp.autocast('cuda', args...)` instead.
  with torch.cuda.amp.autocast():
/home/norak/R&I/kxs-/train.py:169: FutureWarning: `torch.cuda.amp.autocast(args...)` is deprecated. Please use `torch.amp.autocast('cuda', args...)` instead.
  with torch.cuda.amp.autocast():
    epoch 10  train_loss=0.0494  val_loss=0.0561  val_qwk=0.4536  val_acc=0.4213
/home/norak/R&I/kxs-/train.py:148: FutureWarning: `torch.cuda.amp.autocast(args...)` is deprecated. Please use `torch.amp.autocast('cuda', args...)` instead.
  with torch.cuda.amp.autocast():
/home/norak/R&I/kxs-/train.py:169: FutureWarning: `torch.cuda.amp.autocast(args...)` is deprecated. Please use `torch.amp.autocast('cuda', args...)` instead.
  with torch.cuda.amp.autocast():
    epoch 11  train_loss=0.0508  val_loss=0.0538  val_qwk=0.4545  val_acc=0.4045
/home/norak/R&I/kxs-/train.py:148: FutureWarning: `torch.cuda.amp.autocast(args...)` is deprecated. Please use `torch.amp.autocast('cuda', args...)` instead.
  with torch.cuda.amp.autocast():
/home/norak/R&I/kxs-/train.py:169: FutureWarning: `torch.cuda.amp.autocast(args...)` is deprecated. Please use `torch.amp.autocast('cuda', args...)` instead.
  with torch.cuda.amp.autocast():
    epoch 12  train_loss=0.0479  val_loss=0.0546  val_qwk=0.4380  val_acc=0.4270
    early-stop at epoch 12 (best epoch=8, best_qwk=0.4789)
/home/norak/R&I/kxs-/train.py:169: FutureWarning: `torch.cuda.amp.autocast(args...)` is deprecated. Please use `torch.amp.autocast('cuda', args...)` instead.
  with torch.cuda.amp.autocast():
/home/norak/R&I/kxs-/train.py:169: FutureWarning: `torch.cuda.amp.autocast(args...)` is deprecated. Please use `torch.amp.autocast('cuda', args...)` instead.
  with torch.cuda.amp.autocast():
/home/norak/R&I/kxs-/train.py:169: FutureWarning: `torch.cuda.amp.autocast(args...)` is deprecated. Please use `torch.amp.autocast('cuda', args...)` instead.
  with torch.cuda.amp.autocast():
  [clean_ra_dual_mbert_maxfeat             ] train_qwk=0.5664 -> test_qwk=0.6189  raw_w1=0.5337  epoch=8  (87.1s)
Loading weights:   0%|          | 0/199 [00:00<?, ?it/s]Loading weights: 100%|██████████| 199/199 [00:00<00:00, 2675.31it/s]
[transformers] [1mXLMRobertaModel LOAD REPORT[0m from: xlm-roberta-base
Key                       | Status     |  | 
--------------------------+------------+--+-
lm_head.layer_norm.weight | UNEXPECTED |  | 
lm_head.bias              | UNEXPECTED |  | 
lm_head.dense.bias        | UNEXPECTED |  | 
lm_head.layer_norm.bias   | UNEXPECTED |  | 
lm_head.dense.weight      | UNEXPECTED |  | 

Notes:
- UNEXPECTED:	can be ignored when loading from different task/architecture; not ok if you expect identical arch.
/home/norak/R&I/kxs-/train.py:206: FutureWarning: `torch.cuda.amp.GradScaler(args...)` is deprecated. Please use `torch.amp.GradScaler('cuda', args...)` instead.
  scaler = torch.cuda.amp.GradScaler() if use_amp and device == "cuda" else None
/home/norak/R&I/kxs-/train.py:148: FutureWarning: `torch.cuda.amp.autocast(args...)` is deprecated. Please use `torch.amp.autocast('cuda', args...)` instead.
  with torch.cuda.amp.autocast():
/home/norak/R&I/kxs-/train.py:169: FutureWarning: `torch.cuda.amp.autocast(args...)` is deprecated. Please use `torch.amp.autocast('cuda', args...)` instead.
  with torch.cuda.amp.autocast():
    epoch  1  train_loss=0.1069  val_loss=0.0779  val_qwk=0.0490  val_acc=0.1517
/home/norak/R&I/kxs-/train.py:148: FutureWarning: `torch.cuda.amp.autocast(args...)` is deprecated. Please use `torch.amp.autocast('cuda', args...)` instead.
  with torch.cuda.amp.autocast():
/home/norak/R&I/kxs-/train.py:169: FutureWarning: `torch.cuda.amp.autocast(args...)` is deprecated. Please use `torch.amp.autocast('cuda', args...)` instead.
  with torch.cuda.amp.autocast():
    epoch  2  train_loss=0.0802  val_loss=0.0623  val_qwk=0.2722  val_acc=0.1798
/home/norak/R&I/kxs-/train.py:148: FutureWarning: `torch.cuda.amp.autocast(args...)` is deprecated. Please use `torch.amp.autocast('cuda', args...)` instead.
  with torch.cuda.amp.autocast():
/home/norak/R&I/kxs-/train.py:169: FutureWarning: `torch.cuda.amp.autocast(args...)` is deprecated. Please use `torch.amp.autocast('cuda', args...)` instead.
  with torch.cuda.amp.autocast():
    epoch  3  train_loss=0.0599  val_loss=0.0546  val_qwk=0.4447  val_acc=0.3933
/home/norak/R&I/kxs-/train.py:148: FutureWarning: `torch.cuda.amp.autocast(args...)` is deprecated. Please use `torch.amp.autocast('cuda', args...)` instead.
  with torch.cuda.amp.autocast():
/home/norak/R&I/kxs-/train.py:169: FutureWarning: `torch.cuda.amp.autocast(args...)` is deprecated. Please use `torch.amp.autocast('cuda', args...)` instead.
  with torch.cuda.amp.autocast():
    epoch  4  train_loss=0.0525  val_loss=0.0604  val_qwk=0.4096  val_acc=0.4101
/home/norak/R&I/kxs-/train.py:148: FutureWarning: `torch.cuda.amp.autocast(args...)` is deprecated. Please use `torch.amp.autocast('cuda', args...)` instead.
  with torch.cuda.amp.autocast():
/home/norak/R&I/kxs-/train.py:169: FutureWarning: `torch.cuda.amp.autocast(args...)` is deprecated. Please use `torch.amp.autocast('cuda', args...)` instead.
  with torch.cuda.amp.autocast():
    epoch  5  train_loss=0.0455  val_loss=0.0472  val_qwk=0.5020  val_acc=0.4213
/home/norak/R&I/kxs-/train.py:148: FutureWarning: `torch.cuda.amp.autocast(args...)` is deprecated. Please use `torch.amp.autocast('cuda', args...)` instead.
  with torch.cuda.amp.autocast():
/home/norak/R&I/kxs-/train.py:169: FutureWarning: `torch.cuda.amp.autocast(args...)` is deprecated. Please use `torch.amp.autocast('cuda', args...)` instead.
  with torch.cuda.amp.autocast():
    epoch  6  train_loss=0.0433  val_loss=0.0437  val_qwk=0.5655  val_acc=0.5337
/home/norak/R&I/kxs-/train.py:148: FutureWarning: `torch.cuda.amp.autocast(args...)` is deprecated. Please use `torch.amp.autocast('cuda', args...)` instead.
  with torch.cuda.amp.autocast():
/home/norak/R&I/kxs-/train.py:169: FutureWarning: `torch.cuda.amp.autocast(args...)` is deprecated. Please use `torch.amp.autocast('cuda', args...)` instead.
  with torch.cuda.amp.autocast():
    epoch  7  train_loss=0.0399  val_loss=0.0465  val_qwk=0.5414  val_acc=0.4607
/home/norak/R&I/kxs-/train.py:148: FutureWarning: `torch.cuda.amp.autocast(args...)` is deprecated. Please use `torch.amp.autocast('cuda', args...)` instead.
  with torch.cuda.amp.autocast():
/home/norak/R&I/kxs-/train.py:169: FutureWarning: `torch.cuda.amp.autocast(args...)` is deprecated. Please use `torch.amp.autocast('cuda', args...)` instead.
  with torch.cuda.amp.autocast():
    epoch  8  train_loss=0.0340  val_loss=0.0414  val_qwk=0.6490  val_acc=0.5730
/home/norak/R&I/kxs-/train.py:148: FutureWarning: `torch.cuda.amp.autocast(args...)` is deprecated. Please use `torch.amp.autocast('cuda', args...)` instead.
  with torch.cuda.amp.autocast():
/home/norak/R&I/kxs-/train.py:169: FutureWarning: `torch.cuda.amp.autocast(args...)` is deprecated. Please use `torch.amp.autocast('cuda', args...)` instead.
  with torch.cuda.amp.autocast():
    epoch  9  train_loss=0.0379  val_loss=0.0382  val_qwk=0.6710  val_acc=0.6124
/home/norak/R&I/kxs-/train.py:148: FutureWarning: `torch.cuda.amp.autocast(args...)` is deprecated. Please use `torch.amp.autocast('cuda', args...)` instead.
  with torch.cuda.amp.autocast():
/home/norak/R&I/kxs-/train.py:169: FutureWarning: `torch.cuda.amp.autocast(args...)` is deprecated. Please use `torch.amp.autocast('cuda', args...)` instead.
  with torch.cuda.amp.autocast():
    epoch 10  train_loss=0.0344  val_loss=0.0411  val_qwk=0.6527  val_acc=0.5393
/home/norak/R&I/kxs-/train.py:148: FutureWarning: `torch.cuda.amp.autocast(args...)` is deprecated. Please use `torch.amp.autocast('cuda', args...)` instead.
  with torch.cuda.amp.autocast():
/home/norak/R&I/kxs-/train.py:169: FutureWarning: `torch.cuda.amp.autocast(args...)` is deprecated. Please use `torch.amp.autocast('cuda', args...)` instead.
  with torch.cuda.amp.autocast():
    epoch 11  train_loss=0.0349  val_loss=0.0382  val_qwk=0.6536  val_acc=0.5618
/home/norak/R&I/kxs-/train.py:148: FutureWarning: `torch.cuda.amp.autocast(args...)` is deprecated. Please use `torch.amp.autocast('cuda', args...)` instead.
  with torch.cuda.amp.autocast():
/home/norak/R&I/kxs-/train.py:169: FutureWarning: `torch.cuda.amp.autocast(args...)` is deprecated. Please use `torch.amp.autocast('cuda', args...)` instead.
  with torch.cuda.amp.autocast():
    epoch 12  train_loss=0.0303  val_loss=0.0376  val_qwk=0.6852  val_acc=0.6124
/home/norak/R&I/kxs-/train.py:148: FutureWarning: `torch.cuda.amp.autocast(args...)` is deprecated. Please use `torch.amp.autocast('cuda', args...)` instead.
  with torch.cuda.amp.autocast():
/home/norak/R&I/kxs-/train.py:169: FutureWarning: `torch.cuda.amp.autocast(args...)` is deprecated. Please use `torch.amp.autocast('cuda', args...)` instead.
  with torch.cuda.amp.autocast():
    epoch 13  train_loss=0.0286  val_loss=0.0392  val_qwk=0.6895  val_acc=0.5787
/home/norak/R&I/kxs-/train.py:148: FutureWarning: `torch.cuda.amp.autocast(args...)` is deprecated. Please use `torch.amp.autocast('cuda', args...)` instead.
  with torch.cuda.amp.autocast():
/home/norak/R&I/kxs-/train.py:169: FutureWarning: `torch.cuda.amp.autocast(args...)` is deprecated. Please use `torch.amp.autocast('cuda', args...)` instead.
  with torch.cuda.amp.autocast():
    epoch 14  train_loss=0.0265  val_loss=0.0367  val_qwk=0.6896  val_acc=0.6067
/home/norak/R&I/kxs-/train.py:148: FutureWarning: `torch.cuda.amp.autocast(args...)` is deprecated. Please use `torch.amp.autocast('cuda', args...)` instead.
  with torch.cuda.amp.autocast():
/home/norak/R&I/kxs-/train.py:169: FutureWarning: `torch.cuda.amp.autocast(args...)` is deprecated. Please use `torch.amp.autocast('cuda', args...)` instead.
  with torch.cuda.amp.autocast():
    epoch 15  train_loss=0.0283  val_loss=0.0438  val_qwk=0.5881  val_acc=0.5225
/home/norak/R&I/kxs-/train.py:148: FutureWarning: `torch.cuda.amp.autocast(args...)` is deprecated. Please use `torch.amp.autocast('cuda', args...)` instead.
  with torch.cuda.amp.autocast():
/home/norak/R&I/kxs-/train.py:169: FutureWarning: `torch.cuda.amp.autocast(args...)` is deprecated. Please use `torch.amp.autocast('cuda', args...)` instead.
  with torch.cuda.amp.autocast():
    epoch 16  train_loss=0.0258  val_loss=0.0389  val_qwk=0.6420  val_acc=0.5281
/home/norak/R&I/kxs-/train.py:148: FutureWarning: `torch.cuda.amp.autocast(args...)` is deprecated. Please use `torch.amp.autocast('cuda', args...)` instead.
  with torch.cuda.amp.autocast():
/home/norak/R&I/kxs-/train.py:169: FutureWarning: `torch.cuda.amp.autocast(args...)` is deprecated. Please use `torch.amp.autocast('cuda', args...)` instead.
  with torch.cuda.amp.autocast():
    epoch 17  train_loss=0.0257  val_loss=0.0396  val_qwk=0.6847  val_acc=0.5899
/home/norak/R&I/kxs-/train.py:148: FutureWarning: `torch.cuda.amp.autocast(args...)` is deprecated. Please use `torch.amp.autocast('cuda', args...)` instead.
  with torch.cuda.amp.autocast():
/home/norak/R&I/kxs-/train.py:169: FutureWarning: `torch.cuda.amp.autocast(args...)` is deprecated. Please use `torch.amp.autocast('cuda', args...)` instead.
  with torch.cuda.amp.autocast():
    epoch 18  train_loss=0.0254  val_loss=0.0412  val_qwk=0.6381  val_acc=0.5506
    early-stop at epoch 18 (best epoch=14, best_qwk=0.6896)
/home/norak/R&I/kxs-/train.py:169: FutureWarning: `torch.cuda.amp.autocast(args...)` is deprecated. Please use `torch.amp.autocast('cuda', args...)` instead.
  with torch.cuda.amp.autocast():
/home/norak/R&I/kxs-/train.py:169: FutureWarning: `torch.cuda.amp.autocast(args...)` is deprecated. Please use `torch.amp.autocast('cuda', args...)` instead.
  with torch.cuda.amp.autocast():
/home/norak/R&I/kxs-/train.py:169: FutureWarning: `torch.cuda.amp.autocast(args...)` is deprecated. Please use `torch.amp.autocast('cuda', args...)` instead.
  with torch.cuda.amp.autocast():
  [clean_ra_dual_xlmr_maxfeat              ] train_qwk=0.8050 -> test_qwk=0.7061  raw_w1=0.6854  epoch=14  (134.6s)
Loading weights:   0%|          | 0/136 [00:00<?, ?it/s]Loading weights:   3%|▎         | 4/136 [00:00<00:03, 33.34it/s]Loading weights: 100%|██████████| 136/136 [00:00<00:00, 933.52it/s]
[transformers] [1mNewModel LOAD REPORT[0m from: Alibaba-NLP/gte-multilingual-base
Key               | Status     |  | 
------------------+------------+--+-
classifier.weight | UNEXPECTED |  | 
classifier.bias   | UNEXPECTED |  | 

Notes:
- UNEXPECTED:	can be ignored when loading from different task/architecture; not ok if you expect identical arch.
/home/norak/R&I/kxs-/train.py:206: FutureWarning: `torch.cuda.amp.GradScaler(args...)` is deprecated. Please use `torch.amp.GradScaler('cuda', args...)` instead.
  scaler = torch.cuda.amp.GradScaler() if use_amp and device == "cuda" else None
/home/norak/R&I/kxs-/train.py:148: FutureWarning: `torch.cuda.amp.autocast(args...)` is deprecated. Please use `torch.amp.autocast('cuda', args...)` instead.
  with torch.cuda.amp.autocast():
/home/norak/R&I/kxs-/train.py:169: FutureWarning: `torch.cuda.amp.autocast(args...)` is deprecated. Please use `torch.amp.autocast('cuda', args...)` instead.
  with torch.cuda.amp.autocast():
    epoch  1  train_loss=0.0681  val_loss=0.0506  val_qwk=0.4995  val_acc=0.3989
/home/norak/R&I/kxs-/train.py:148: FutureWarning: `torch.cuda.amp.autocast(args...)` is deprecated. Please use `torch.amp.autocast('cuda', args...)` instead.
  with torch.cuda.amp.autocast():
/home/norak/R&I/kxs-/train.py:169: FutureWarning: `torch.cuda.amp.autocast(args...)` is deprecated. Please use `torch.amp.autocast('cuda', args...)` instead.
  with torch.cuda.amp.autocast():
    epoch  2  train_loss=0.0447  val_loss=0.0398  val_qwk=0.6597  val_acc=0.5112
/home/norak/R&I/kxs-/train.py:148: FutureWarning: `torch.cuda.amp.autocast(args...)` is deprecated. Please use `torch.amp.autocast('cuda', args...)` instead.
  with torch.cuda.amp.autocast():
/home/norak/R&I/kxs-/train.py:169: FutureWarning: `torch.cuda.amp.autocast(args...)` is deprecated. Please use `torch.amp.autocast('cuda', args...)` instead.
  with torch.cuda.amp.autocast():
    epoch  3  train_loss=0.0335  val_loss=0.0351  val_qwk=0.6799  val_acc=0.5618
/home/norak/R&I/kxs-/train.py:148: FutureWarning: `torch.cuda.amp.autocast(args...)` is deprecated. Please use `torch.amp.autocast('cuda', args...)` instead.
  with torch.cuda.amp.autocast():
/home/norak/R&I/kxs-/train.py:169: FutureWarning: `torch.cuda.amp.autocast(args...)` is deprecated. Please use `torch.amp.autocast('cuda', args...)` instead.
  with torch.cuda.amp.autocast():
    epoch  4  train_loss=0.0292  val_loss=0.0354  val_qwk=0.6973  val_acc=0.5955
/home/norak/R&I/kxs-/train.py:148: FutureWarning: `torch.cuda.amp.autocast(args...)` is deprecated. Please use `torch.amp.autocast('cuda', args...)` instead.
  with torch.cuda.amp.autocast():
/home/norak/R&I/kxs-/train.py:169: FutureWarning: `torch.cuda.amp.autocast(args...)` is deprecated. Please use `torch.amp.autocast('cuda', args...)` instead.
  with torch.cuda.amp.autocast():
    epoch  5  train_loss=0.0248  val_loss=0.0366  val_qwk=0.7167  val_acc=0.6404
/home/norak/R&I/kxs-/train.py:148: FutureWarning: `torch.cuda.amp.autocast(args...)` is deprecated. Please use `torch.amp.autocast('cuda', args...)` instead.
  with torch.cuda.amp.autocast():
/home/norak/R&I/kxs-/train.py:169: FutureWarning: `torch.cuda.amp.autocast(args...)` is deprecated. Please use `torch.amp.autocast('cuda', args...)` instead.
  with torch.cuda.amp.autocast():
    epoch  6  train_loss=0.0225  val_loss=0.0329  val_qwk=0.7503  val_acc=0.6292
/home/norak/R&I/kxs-/train.py:148: FutureWarning: `torch.cuda.amp.autocast(args...)` is deprecated. Please use `torch.amp.autocast('cuda', args...)` instead.
  with torch.cuda.amp.autocast():
/home/norak/R&I/kxs-/train.py:169: FutureWarning: `torch.cuda.amp.autocast(args...)` is deprecated. Please use `torch.amp.autocast('cuda', args...)` instead.
  with torch.cuda.amp.autocast():
    epoch  7  train_loss=0.0201  val_loss=0.0336  val_qwk=0.7146  val_acc=0.6180
/home/norak/R&I/kxs-/train.py:148: FutureWarning: `torch.cuda.amp.autocast(args...)` is deprecated. Please use `torch.amp.autocast('cuda', args...)` instead.
  with torch.cuda.amp.autocast():
/home/norak/R&I/kxs-/train.py:169: FutureWarning: `torch.cuda.amp.autocast(args...)` is deprecated. Please use `torch.amp.autocast('cuda', args...)` instead.
  with torch.cuda.amp.autocast():
    epoch  8  train_loss=0.0192  val_loss=0.0317  val_qwk=0.7697  val_acc=0.6461
/home/norak/R&I/kxs-/train.py:148: FutureWarning: `torch.cuda.amp.autocast(args...)` is deprecated. Please use `torch.amp.autocast('cuda', args...)` instead.
  with torch.cuda.amp.autocast():
/home/norak/R&I/kxs-/train.py:169: FutureWarning: `torch.cuda.amp.autocast(args...)` is deprecated. Please use `torch.amp.autocast('cuda', args...)` instead.
  with torch.cuda.amp.autocast():
    epoch  9  train_loss=0.0182  val_loss=0.0334  val_qwk=0.7277  val_acc=0.6236
/home/norak/R&I/kxs-/train.py:148: FutureWarning: `torch.cuda.amp.autocast(args...)` is deprecated. Please use `torch.amp.autocast('cuda', args...)` instead.
  with torch.cuda.amp.autocast():
/home/norak/R&I/kxs-/train.py:169: FutureWarning: `torch.cuda.amp.autocast(args...)` is deprecated. Please use `torch.amp.autocast('cuda', args...)` instead.
  with torch.cuda.amp.autocast():
    epoch 10  train_loss=0.0174  val_loss=0.0304  val_qwk=0.7306  val_acc=0.6348
/home/norak/R&I/kxs-/train.py:148: FutureWarning: `torch.cuda.amp.autocast(args...)` is deprecated. Please use `torch.amp.autocast('cuda', args...)` instead.
  with torch.cuda.amp.autocast():
/home/norak/R&I/kxs-/train.py:169: FutureWarning: `torch.cuda.amp.autocast(args...)` is deprecated. Please use `torch.amp.autocast('cuda', args...)` instead.
  with torch.cuda.amp.autocast():
    epoch 11  train_loss=0.0166  val_loss=0.0327  val_qwk=0.7059  val_acc=0.6292
/home/norak/R&I/kxs-/train.py:148: FutureWarning: `torch.cuda.amp.autocast(args...)` is deprecated. Please use `torch.amp.autocast('cuda', args...)` instead.
  with torch.cuda.amp.autocast():
/home/norak/R&I/kxs-/train.py:169: FutureWarning: `torch.cuda.amp.autocast(args...)` is deprecated. Please use `torch.amp.autocast('cuda', args...)` instead.
  with torch.cuda.amp.autocast():
    epoch 12  train_loss=0.0161  val_loss=0.0295  val_qwk=0.7366  val_acc=0.6517
    early-stop at epoch 12 (best epoch=8, best_qwk=0.7697)
/home/norak/R&I/kxs-/train.py:169: FutureWarning: `torch.cuda.amp.autocast(args...)` is deprecated. Please use `torch.amp.autocast('cuda', args...)` instead.
  with torch.cuda.amp.autocast():
/home/norak/R&I/kxs-/train.py:169: FutureWarning: `torch.cuda.amp.autocast(args...)` is deprecated. Please use `torch.amp.autocast('cuda', args...)` instead.
  with torch.cuda.amp.autocast():
/home/norak/R&I/kxs-/train.py:169: FutureWarning: `torch.cuda.amp.autocast(args...)` is deprecated. Please use `torch.amp.autocast('cuda', args...)` instead.
  with torch.cuda.amp.autocast():
  [clean_ra_dual_gte_maxfeat               ] train_qwk=0.8389 -> test_qwk=0.7986  raw_w1=0.7247  epoch=8  (114.3s)
Loading weights:   0%|          | 0/199 [00:00<?, ?it/s]Loading weights: 100%|██████████| 199/199 [00:00<00:00, 2973.03it/s]
[transformers] [1mBertModel LOAD REPORT[0m from: bert-base-multilingual-cased
Key                                        | Status     |  | 
-------------------------------------------+------------+--+-
cls.seq_relationship.weight                | UNEXPECTED |  | 
cls.predictions.transform.LayerNorm.weight | UNEXPECTED |  | 
cls.predictions.transform.dense.bias       | UNEXPECTED |  | 
cls.predictions.transform.dense.weight     | UNEXPECTED |  | 
cls.predictions.transform.LayerNorm.bias   | UNEXPECTED |  | 
cls.seq_relationship.bias                  | UNEXPECTED |  | 
cls.predictions.bias                       | UNEXPECTED |  | 

Notes:
- UNEXPECTED:	can be ignored when loading from different task/architecture; not ok if you expect identical arch.
/home/norak/R&I/kxs-/train.py:206: FutureWarning: `torch.cuda.amp.GradScaler(args...)` is deprecated. Please use `torch.amp.GradScaler('cuda', args...)` instead.
  scaler = torch.cuda.amp.GradScaler() if use_amp and device == "cuda" else None
/home/norak/R&I/kxs-/train.py:148: FutureWarning: `torch.cuda.amp.autocast(args...)` is deprecated. Please use `torch.amp.autocast('cuda', args...)` instead.
  with torch.cuda.amp.autocast():
/home/norak/R&I/kxs-/train.py:169: FutureWarning: `torch.cuda.amp.autocast(args...)` is deprecated. Please use `torch.amp.autocast('cuda', args...)` instead.
  with torch.cuda.amp.autocast():
    epoch  1  train_loss=0.0794  val_loss=0.0774  val_qwk=0.0751  val_acc=0.1854
/home/norak/R&I/kxs-/train.py:148: FutureWarning: `torch.cuda.amp.autocast(args...)` is deprecated. Please use `torch.amp.autocast('cuda', args...)` instead.
  with torch.cuda.amp.autocast():
/home/norak/R&I/kxs-/train.py:169: FutureWarning: `torch.cuda.amp.autocast(args...)` is deprecated. Please use `torch.amp.autocast('cuda', args...)` instead.
  with torch.cuda.amp.autocast():
    epoch  2  train_loss=0.0720  val_loss=0.0731  val_qwk=0.0928  val_acc=0.2135
/home/norak/R&I/kxs-/train.py:148: FutureWarning: `torch.cuda.amp.autocast(args...)` is deprecated. Please use `torch.amp.autocast('cuda', args...)` instead.
  with torch.cuda.amp.autocast():
/home/norak/R&I/kxs-/train.py:169: FutureWarning: `torch.cuda.amp.autocast(args...)` is deprecated. Please use `torch.amp.autocast('cuda', args...)` instead.
  with torch.cuda.amp.autocast():
    epoch  3  train_loss=0.0675  val_loss=0.0692  val_qwk=0.2231  val_acc=0.2472
/home/norak/R&I/kxs-/train.py:148: FutureWarning: `torch.cuda.amp.autocast(args...)` is deprecated. Please use `torch.amp.autocast('cuda', args...)` instead.
  with torch.cuda.amp.autocast():
/home/norak/R&I/kxs-/train.py:169: FutureWarning: `torch.cuda.amp.autocast(args...)` is deprecated. Please use `torch.amp.autocast('cuda', args...)` instead.
  with torch.cuda.amp.autocast():
    epoch  4  train_loss=0.0664  val_loss=0.0695  val_qwk=0.2020  val_acc=0.2303
/home/norak/R&I/kxs-/train.py:148: FutureWarning: `torch.cuda.amp.autocast(args...)` is deprecated. Please use `torch.amp.autocast('cuda', args...)` instead.
  with torch.cuda.amp.autocast():
/home/norak/R&I/kxs-/train.py:169: FutureWarning: `torch.cuda.amp.autocast(args...)` is deprecated. Please use `torch.amp.autocast('cuda', args...)` instead.
  with torch.cuda.amp.autocast():
    epoch  5  train_loss=0.0652  val_loss=0.0669  val_qwk=0.1920  val_acc=0.2584
/home/norak/R&I/kxs-/train.py:148: FutureWarning: `torch.cuda.amp.autocast(args...)` is deprecated. Please use `torch.amp.autocast('cuda', args...)` instead.
  with torch.cuda.amp.autocast():
/home/norak/R&I/kxs-/train.py:169: FutureWarning: `torch.cuda.amp.autocast(args...)` is deprecated. Please use `torch.amp.autocast('cuda', args...)` instead.
  with torch.cuda.amp.autocast():
    epoch  6  train_loss=0.0636  val_loss=0.0641  val_qwk=0.3199  val_acc=0.2697
/home/norak/R&I/kxs-/train.py:148: FutureWarning: `torch.cuda.amp.autocast(args...)` is deprecated. Please use `torch.amp.autocast('cuda', args...)` instead.
  with torch.cuda.amp.autocast():
/home/norak/R&I/kxs-/train.py:169: FutureWarning: `torch.cuda.amp.autocast(args...)` is deprecated. Please use `torch.amp.autocast('cuda', args...)` instead.
  with torch.cuda.amp.autocast():
    epoch  7  train_loss=0.0611  val_loss=0.0633  val_qwk=0.3750  val_acc=0.3034
/home/norak/R&I/kxs-/train.py:148: FutureWarning: `torch.cuda.amp.autocast(args...)` is deprecated. Please use `torch.amp.autocast('cuda', args...)` instead.
  with torch.cuda.amp.autocast():
/home/norak/R&I/kxs-/train.py:169: FutureWarning: `torch.cuda.amp.autocast(args...)` is deprecated. Please use `torch.amp.autocast('cuda', args...)` instead.
  with torch.cuda.amp.autocast():
    epoch  8  train_loss=0.0605  val_loss=0.0653  val_qwk=0.3763  val_acc=0.3483
/home/norak/R&I/kxs-/train.py:148: FutureWarning: `torch.cuda.amp.autocast(args...)` is deprecated. Please use `torch.amp.autocast('cuda', args...)` instead.
  with torch.cuda.amp.autocast():
/home/norak/R&I/kxs-/train.py:169: FutureWarning: `torch.cuda.amp.autocast(args...)` is deprecated. Please use `torch.amp.autocast('cuda', args...)` instead.
  with torch.cuda.amp.autocast():
    epoch  9  train_loss=0.0606  val_loss=0.0591  val_qwk=0.4360  val_acc=0.4101
/home/norak/R&I/kxs-/train.py:148: FutureWarning: `torch.cuda.amp.autocast(args...)` is deprecated. Please use `torch.amp.autocast('cuda', args...)` instead.
  with torch.cuda.amp.autocast():
/home/norak/R&I/kxs-/train.py:169: FutureWarning: `torch.cuda.amp.autocast(args...)` is deprecated. Please use `torch.amp.autocast('cuda', args...)` instead.
  with torch.cuda.amp.autocast():
    epoch 10  train_loss=0.0567  val_loss=0.0624  val_qwk=0.1847  val_acc=0.2584
/home/norak/R&I/kxs-/train.py:148: FutureWarning: `torch.cuda.amp.autocast(args...)` is deprecated. Please use `torch.amp.autocast('cuda', args...)` instead.
  with torch.cuda.amp.autocast():
/home/norak/R&I/kxs-/train.py:169: FutureWarning: `torch.cuda.amp.autocast(args...)` is deprecated. Please use `torch.amp.autocast('cuda', args...)` instead.
  with torch.cuda.amp.autocast():
    epoch 11  train_loss=0.0545  val_loss=0.0552  val_qwk=0.5386  val_acc=0.5056
/home/norak/R&I/kxs-/train.py:148: FutureWarning: `torch.cuda.amp.autocast(args...)` is deprecated. Please use `torch.amp.autocast('cuda', args...)` instead.
  with torch.cuda.amp.autocast():
/home/norak/R&I/kxs-/train.py:169: FutureWarning: `torch.cuda.amp.autocast(args...)` is deprecated. Please use `torch.amp.autocast('cuda', args...)` instead.
  with torch.cuda.amp.autocast():
    epoch 12  train_loss=0.0538  val_loss=0.0556  val_qwk=0.5103  val_acc=0.4719
/home/norak/R&I/kxs-/train.py:148: FutureWarning: `torch.cuda.amp.autocast(args...)` is deprecated. Please use `torch.amp.autocast('cuda', args...)` instead.
  with torch.cuda.amp.autocast():
/home/norak/R&I/kxs-/train.py:169: FutureWarning: `torch.cuda.amp.autocast(args...)` is deprecated. Please use `torch.amp.autocast('cuda', args...)` instead.
  with torch.cuda.amp.autocast():
    epoch 13  train_loss=0.0522  val_loss=0.0561  val_qwk=0.5359  val_acc=0.5112
/home/norak/R&I/kxs-/train.py:148: FutureWarning: `torch.cuda.amp.autocast(args...)` is deprecated. Please use `torch.amp.autocast('cuda', args...)` instead.
  with torch.cuda.amp.autocast():
/home/norak/R&I/kxs-/train.py:169: FutureWarning: `torch.cuda.amp.autocast(args...)` is deprecated. Please use `torch.amp.autocast('cuda', args...)` instead.
  with torch.cuda.amp.autocast():
    epoch 14  train_loss=0.0499  val_loss=0.0536  val_qwk=0.5265  val_acc=0.4719
/home/norak/R&I/kxs-/train.py:148: FutureWarning: `torch.cuda.amp.autocast(args...)` is deprecated. Please use `torch.amp.autocast('cuda', args...)` instead.
  with torch.cuda.amp.autocast():
/home/norak/R&I/kxs-/train.py:169: FutureWarning: `torch.cuda.amp.autocast(args...)` is deprecated. Please use `torch.amp.autocast('cuda', args...)` instead.
  with torch.cuda.amp.autocast():
    epoch 15  train_loss=0.0509  val_loss=0.0537  val_qwk=0.5056  val_acc=0.4888
    early-stop at epoch 15 (best epoch=11, best_qwk=0.5386)
/home/norak/R&I/kxs-/train.py:169: FutureWarning: `torch.cuda.amp.autocast(args...)` is deprecated. Please use `torch.amp.autocast('cuda', args...)` instead.
  with torch.cuda.amp.autocast():
/home/norak/R&I/kxs-/train.py:169: FutureWarning: `torch.cuda.amp.autocast(args...)` is deprecated. Please use `torch.amp.autocast('cuda', args...)` instead.
  with torch.cuda.amp.autocast():
/home/norak/R&I/kxs-/train.py:169: FutureWarning: `torch.cuda.amp.autocast(args...)` is deprecated. Please use `torch.amp.autocast('cuda', args...)` instead.
  with torch.cuda.amp.autocast():
  [clean_ra_cross_mbert_maxfeat            ] train_qwk=0.5409 -> test_qwk=0.5947  raw_w1=0.6011  epoch=11  (68.7s)
Loading weights:   0%|          | 0/199 [00:00<?, ?it/s]Loading weights: 100%|██████████| 199/199 [00:00<00:00, 3014.38it/s]
[transformers] [1mXLMRobertaModel LOAD REPORT[0m from: xlm-roberta-base
Key                       | Status     |  | 
--------------------------+------------+--+-
lm_head.layer_norm.weight | UNEXPECTED |  | 
lm_head.bias              | UNEXPECTED |  | 
lm_head.dense.bias        | UNEXPECTED |  | 
lm_head.layer_norm.bias   | UNEXPECTED |  | 
lm_head.dense.weight      | UNEXPECTED |  | 

Notes:
- UNEXPECTED:	can be ignored when loading from different task/architecture; not ok if you expect identical arch.
/home/norak/R&I/kxs-/train.py:206: FutureWarning: `torch.cuda.amp.GradScaler(args...)` is deprecated. Please use `torch.amp.GradScaler('cuda', args...)` instead.
  scaler = torch.cuda.amp.GradScaler() if use_amp and device == "cuda" else None
/home/norak/R&I/kxs-/train.py:148: FutureWarning: `torch.cuda.amp.autocast(args...)` is deprecated. Please use `torch.amp.autocast('cuda', args...)` instead.
  with torch.cuda.amp.autocast():
/home/norak/R&I/kxs-/train.py:169: FutureWarning: `torch.cuda.amp.autocast(args...)` is deprecated. Please use `torch.amp.autocast('cuda', args...)` instead.
  with torch.cuda.amp.autocast():
    epoch  1  train_loss=0.0889  val_loss=0.0642  val_qwk=0.3107  val_acc=0.1966
/home/norak/R&I/kxs-/train.py:148: FutureWarning: `torch.cuda.amp.autocast(args...)` is deprecated. Please use `torch.amp.autocast('cuda', args...)` instead.
  with torch.cuda.amp.autocast():
/home/norak/R&I/kxs-/train.py:169: FutureWarning: `torch.cuda.amp.autocast(args...)` is deprecated. Please use `torch.amp.autocast('cuda', args...)` instead.
  with torch.cuda.amp.autocast():
    epoch  2  train_loss=0.0733  val_loss=0.0564  val_qwk=0.2722  val_acc=0.1461
/home/norak/R&I/kxs-/train.py:148: FutureWarning: `torch.cuda.amp.autocast(args...)` is deprecated. Please use `torch.amp.autocast('cuda', args...)` instead.
  with torch.cuda.amp.autocast():
/home/norak/R&I/kxs-/train.py:169: FutureWarning: `torch.cuda.amp.autocast(args...)` is deprecated. Please use `torch.amp.autocast('cuda', args...)` instead.
  with torch.cuda.amp.autocast():
    epoch  3  train_loss=0.0594  val_loss=0.0451  val_qwk=0.5394  val_acc=0.4719
/home/norak/R&I/kxs-/train.py:148: FutureWarning: `torch.cuda.amp.autocast(args...)` is deprecated. Please use `torch.amp.autocast('cuda', args...)` instead.
  with torch.cuda.amp.autocast():
/home/norak/R&I/kxs-/train.py:169: FutureWarning: `torch.cuda.amp.autocast(args...)` is deprecated. Please use `torch.amp.autocast('cuda', args...)` instead.
  with torch.cuda.amp.autocast():
    epoch  4  train_loss=0.0542  val_loss=0.0451  val_qwk=0.5528  val_acc=0.4944
/home/norak/R&I/kxs-/train.py:148: FutureWarning: `torch.cuda.amp.autocast(args...)` is deprecated. Please use `torch.amp.autocast('cuda', args...)` instead.
  with torch.cuda.amp.autocast():
/home/norak/R&I/kxs-/train.py:169: FutureWarning: `torch.cuda.amp.autocast(args...)` is deprecated. Please use `torch.amp.autocast('cuda', args...)` instead.
  with torch.cuda.amp.autocast():
    epoch  5  train_loss=0.0473  val_loss=0.0437  val_qwk=0.6082  val_acc=0.5393
/home/norak/R&I/kxs-/train.py:148: FutureWarning: `torch.cuda.amp.autocast(args...)` is deprecated. Please use `torch.amp.autocast('cuda', args...)` instead.
  with torch.cuda.amp.autocast():
/home/norak/R&I/kxs-/train.py:169: FutureWarning: `torch.cuda.amp.autocast(args...)` is deprecated. Please use `torch.amp.autocast('cuda', args...)` instead.
  with torch.cuda.amp.autocast():
    epoch  6  train_loss=0.0441  val_loss=0.0452  val_qwk=0.6228  val_acc=0.5449
/home/norak/R&I/kxs-/train.py:148: FutureWarning: `torch.cuda.amp.autocast(args...)` is deprecated. Please use `torch.amp.autocast('cuda', args...)` instead.
  with torch.cuda.amp.autocast():
/home/norak/R&I/kxs-/train.py:169: FutureWarning: `torch.cuda.amp.autocast(args...)` is deprecated. Please use `torch.amp.autocast('cuda', args...)` instead.
  with torch.cuda.amp.autocast():
    epoch  7  train_loss=0.0406  val_loss=0.0433  val_qwk=0.6532  val_acc=0.5899
/home/norak/R&I/kxs-/train.py:148: FutureWarning: `torch.cuda.amp.autocast(args...)` is deprecated. Please use `torch.amp.autocast('cuda', args...)` instead.
  with torch.cuda.amp.autocast():
/home/norak/R&I/kxs-/train.py:169: FutureWarning: `torch.cuda.amp.autocast(args...)` is deprecated. Please use `torch.amp.autocast('cuda', args...)` instead.
  with torch.cuda.amp.autocast():
    epoch  8  train_loss=0.0370  val_loss=0.0395  val_qwk=0.6886  val_acc=0.5562
/home/norak/R&I/kxs-/train.py:148: FutureWarning: `torch.cuda.amp.autocast(args...)` is deprecated. Please use `torch.amp.autocast('cuda', args...)` instead.
  with torch.cuda.amp.autocast():
/home/norak/R&I/kxs-/train.py:169: FutureWarning: `torch.cuda.amp.autocast(args...)` is deprecated. Please use `torch.amp.autocast('cuda', args...)` instead.
  with torch.cuda.amp.autocast():
    epoch  9  train_loss=0.0368  val_loss=0.0374  val_qwk=0.6735  val_acc=0.5899
/home/norak/R&I/kxs-/train.py:148: FutureWarning: `torch.cuda.amp.autocast(args...)` is deprecated. Please use `torch.amp.autocast('cuda', args...)` instead.
  with torch.cuda.amp.autocast():
/home/norak/R&I/kxs-/train.py:169: FutureWarning: `torch.cuda.amp.autocast(args...)` is deprecated. Please use `torch.amp.autocast('cuda', args...)` instead.
  with torch.cuda.amp.autocast():
    epoch 10  train_loss=0.0359  val_loss=0.0401  val_qwk=0.6748  val_acc=0.5843
/home/norak/R&I/kxs-/train.py:148: FutureWarning: `torch.cuda.amp.autocast(args...)` is deprecated. Please use `torch.amp.autocast('cuda', args...)` instead.
  with torch.cuda.amp.autocast():
/home/norak/R&I/kxs-/train.py:169: FutureWarning: `torch.cuda.amp.autocast(args...)` is deprecated. Please use `torch.amp.autocast('cuda', args...)` instead.
  with torch.cuda.amp.autocast():
    epoch 11  train_loss=0.0332  val_loss=0.0356  val_qwk=0.7399  val_acc=0.6629
/home/norak/R&I/kxs-/train.py:148: FutureWarning: `torch.cuda.amp.autocast(args...)` is deprecated. Please use `torch.amp.autocast('cuda', args...)` instead.
  with torch.cuda.amp.autocast():
/home/norak/R&I/kxs-/train.py:169: FutureWarning: `torch.cuda.amp.autocast(args...)` is deprecated. Please use `torch.amp.autocast('cuda', args...)` instead.
  with torch.cuda.amp.autocast():
    epoch 12  train_loss=0.0272  val_loss=0.0366  val_qwk=0.7215  val_acc=0.6517
/home/norak/R&I/kxs-/train.py:148: FutureWarning: `torch.cuda.amp.autocast(args...)` is deprecated. Please use `torch.amp.autocast('cuda', args...)` instead.
  with torch.cuda.amp.autocast():
/home/norak/R&I/kxs-/train.py:169: FutureWarning: `torch.cuda.amp.autocast(args...)` is deprecated. Please use `torch.amp.autocast('cuda', args...)` instead.
  with torch.cuda.amp.autocast():
    epoch 13  train_loss=0.0268  val_loss=0.0364  val_qwk=0.7465  val_acc=0.6236
/home/norak/R&I/kxs-/train.py:148: FutureWarning: `torch.cuda.amp.autocast(args...)` is deprecated. Please use `torch.amp.autocast('cuda', args...)` instead.
  with torch.cuda.amp.autocast():
/home/norak/R&I/kxs-/train.py:169: FutureWarning: `torch.cuda.amp.autocast(args...)` is deprecated. Please use `torch.amp.autocast('cuda', args...)` instead.
  with torch.cuda.amp.autocast():
    epoch 14  train_loss=0.0263  val_loss=0.0346  val_qwk=0.7543  val_acc=0.6461
/home/norak/R&I/kxs-/train.py:148: FutureWarning: `torch.cuda.amp.autocast(args...)` is deprecated. Please use `torch.amp.autocast('cuda', args...)` instead.
  with torch.cuda.amp.autocast():
/home/norak/R&I/kxs-/train.py:169: FutureWarning: `torch.cuda.amp.autocast(args...)` is deprecated. Please use `torch.amp.autocast('cuda', args...)` instead.
  with torch.cuda.amp.autocast():
    epoch 15  train_loss=0.0257  val_loss=0.0379  val_qwk=0.7121  val_acc=0.6573
/home/norak/R&I/kxs-/train.py:148: FutureWarning: `torch.cuda.amp.autocast(args...)` is deprecated. Please use `torch.amp.autocast('cuda', args...)` instead.
  with torch.cuda.amp.autocast():
/home/norak/R&I/kxs-/train.py:169: FutureWarning: `torch.cuda.amp.autocast(args...)` is deprecated. Please use `torch.amp.autocast('cuda', args...)` instead.
  with torch.cuda.amp.autocast():
    epoch 16  train_loss=0.0245  val_loss=0.0375  val_qwk=0.7232  val_acc=0.6124
/home/norak/R&I/kxs-/train.py:148: FutureWarning: `torch.cuda.amp.autocast(args...)` is deprecated. Please use `torch.amp.autocast('cuda', args...)` instead.
  with torch.cuda.amp.autocast():
/home/norak/R&I/kxs-/train.py:169: FutureWarning: `torch.cuda.amp.autocast(args...)` is deprecated. Please use `torch.amp.autocast('cuda', args...)` instead.
  with torch.cuda.amp.autocast():
    epoch 17  train_loss=0.0255  val_loss=0.0346  val_qwk=0.7267  val_acc=0.6404
/home/norak/R&I/kxs-/train.py:148: FutureWarning: `torch.cuda.amp.autocast(args...)` is deprecated. Please use `torch.amp.autocast('cuda', args...)` instead.
  with torch.cuda.amp.autocast():
/home/norak/R&I/kxs-/train.py:169: FutureWarning: `torch.cuda.amp.autocast(args...)` is deprecated. Please use `torch.amp.autocast('cuda', args...)` instead.
  with torch.cuda.amp.autocast():
    epoch 18  train_loss=0.0233  val_loss=0.0382  val_qwk=0.7187  val_acc=0.6404
    early-stop at epoch 18 (best epoch=14, best_qwk=0.7543)
/home/norak/R&I/kxs-/train.py:169: FutureWarning: `torch.cuda.amp.autocast(args...)` is deprecated. Please use `torch.amp.autocast('cuda', args...)` instead.
  with torch.cuda.amp.autocast():
/home/norak/R&I/kxs-/train.py:169: FutureWarning: `torch.cuda.amp.autocast(args...)` is deprecated. Please use `torch.amp.autocast('cuda', args...)` instead.
  with torch.cuda.amp.autocast():
/home/norak/R&I/kxs-/train.py:169: FutureWarning: `torch.cuda.amp.autocast(args...)` is deprecated. Please use `torch.amp.autocast('cuda', args...)` instead.
  with torch.cuda.amp.autocast():
  [clean_ra_cross_xlmr_maxfeat             ] train_qwk=0.8161 -> test_qwk=0.7737  raw_w1=0.7247  epoch=14  (91.3s)
Loading weights:   0%|          | 0/136 [00:00<?, ?it/s]Loading weights:   3%|▎         | 4/136 [00:00<00:03, 35.98it/s]Loading weights: 100%|██████████| 136/136 [00:00<00:00, 944.90it/s]
[transformers] [1mNewModel LOAD REPORT[0m from: Alibaba-NLP/gte-multilingual-base
Key               | Status     |  | 
------------------+------------+--+-
classifier.weight | UNEXPECTED |  | 
classifier.bias   | UNEXPECTED |  | 

Notes:
- UNEXPECTED:	can be ignored when loading from different task/architecture; not ok if you expect identical arch.
/home/norak/R&I/kxs-/train.py:206: FutureWarning: `torch.cuda.amp.GradScaler(args...)` is deprecated. Please use `torch.amp.GradScaler('cuda', args...)` instead.
  scaler = torch.cuda.amp.GradScaler() if use_amp and device == "cuda" else None
/home/norak/R&I/kxs-/train.py:148: FutureWarning: `torch.cuda.amp.autocast(args...)` is deprecated. Please use `torch.amp.autocast('cuda', args...)` instead.
  with torch.cuda.amp.autocast():
/home/norak/R&I/kxs-/train.py:169: FutureWarning: `torch.cuda.amp.autocast(args...)` is deprecated. Please use `torch.amp.autocast('cuda', args...)` instead.
  with torch.cuda.amp.autocast():
    epoch  1  train_loss=0.0725  val_loss=0.0584  val_qwk=0.4230  val_acc=0.3315
/home/norak/R&I/kxs-/train.py:148: FutureWarning: `torch.cuda.amp.autocast(args...)` is deprecated. Please use `torch.amp.autocast('cuda', args...)` instead.
  with torch.cuda.amp.autocast():
/home/norak/R&I/kxs-/train.py:169: FutureWarning: `torch.cuda.amp.autocast(args...)` is deprecated. Please use `torch.amp.autocast('cuda', args...)` instead.
  with torch.cuda.amp.autocast():
    epoch  2  train_loss=0.0523  val_loss=0.0500  val_qwk=0.4668  val_acc=0.4213
/home/norak/R&I/kxs-/train.py:148: FutureWarning: `torch.cuda.amp.autocast(args...)` is deprecated. Please use `torch.amp.autocast('cuda', args...)` instead.
  with torch.cuda.amp.autocast():
/home/norak/R&I/kxs-/train.py:169: FutureWarning: `torch.cuda.amp.autocast(args...)` is deprecated. Please use `torch.amp.autocast('cuda', args...)` instead.
  with torch.cuda.amp.autocast():
    epoch  3  train_loss=0.0475  val_loss=0.0469  val_qwk=0.6038  val_acc=0.5000
/home/norak/R&I/kxs-/train.py:148: FutureWarning: `torch.cuda.amp.autocast(args...)` is deprecated. Please use `torch.amp.autocast('cuda', args...)` instead.
  with torch.cuda.amp.autocast():
/home/norak/R&I/kxs-/train.py:169: FutureWarning: `torch.cuda.amp.autocast(args...)` is deprecated. Please use `torch.amp.autocast('cuda', args...)` instead.
  with torch.cuda.amp.autocast():
    epoch  4  train_loss=0.0407  val_loss=0.0468  val_qwk=0.5825  val_acc=0.5449
/home/norak/R&I/kxs-/train.py:148: FutureWarning: `torch.cuda.amp.autocast(args...)` is deprecated. Please use `torch.amp.autocast('cuda', args...)` instead.
  with torch.cuda.amp.autocast():
/home/norak/R&I/kxs-/train.py:169: FutureWarning: `torch.cuda.amp.autocast(args...)` is deprecated. Please use `torch.amp.autocast('cuda', args...)` instead.
  with torch.cuda.amp.autocast():
    epoch  5  train_loss=0.0360  val_loss=0.0430  val_qwk=0.6521  val_acc=0.6067
/home/norak/R&I/kxs-/train.py:148: FutureWarning: `torch.cuda.amp.autocast(args...)` is deprecated. Please use `torch.amp.autocast('cuda', args...)` instead.
  with torch.cuda.amp.autocast():
/home/norak/R&I/kxs-/train.py:169: FutureWarning: `torch.cuda.amp.autocast(args...)` is deprecated. Please use `torch.amp.autocast('cuda', args...)` instead.
  with torch.cuda.amp.autocast():
    epoch  6  train_loss=0.0339  val_loss=0.0458  val_qwk=0.6289  val_acc=0.6011
/home/norak/R&I/kxs-/train.py:148: FutureWarning: `torch.cuda.amp.autocast(args...)` is deprecated. Please use `torch.amp.autocast('cuda', args...)` instead.
  with torch.cuda.amp.autocast():
/home/norak/R&I/kxs-/train.py:169: FutureWarning: `torch.cuda.amp.autocast(args...)` is deprecated. Please use `torch.amp.autocast('cuda', args...)` instead.
  with torch.cuda.amp.autocast():
    epoch  7  train_loss=0.0314  val_loss=0.0433  val_qwk=0.6589  val_acc=0.6124
/home/norak/R&I/kxs-/train.py:148: FutureWarning: `torch.cuda.amp.autocast(args...)` is deprecated. Please use `torch.amp.autocast('cuda', args...)` instead.
  with torch.cuda.amp.autocast():
/home/norak/R&I/kxs-/train.py:169: FutureWarning: `torch.cuda.amp.autocast(args...)` is deprecated. Please use `torch.amp.autocast('cuda', args...)` instead.
  with torch.cuda.amp.autocast():
    epoch  8  train_loss=0.0304  val_loss=0.0414  val_qwk=0.6551  val_acc=0.6124
/home/norak/R&I/kxs-/train.py:148: FutureWarning: `torch.cuda.amp.autocast(args...)` is deprecated. Please use `torch.amp.autocast('cuda', args...)` instead.
  with torch.cuda.amp.autocast():
/home/norak/R&I/kxs-/train.py:169: FutureWarning: `torch.cuda.amp.autocast(args...)` is deprecated. Please use `torch.amp.autocast('cuda', args...)` instead.
  with torch.cuda.amp.autocast():
    epoch  9  train_loss=0.0262  val_loss=0.0479  val_qwk=0.6046  val_acc=0.6180
/home/norak/R&I/kxs-/train.py:148: FutureWarning: `torch.cuda.amp.autocast(args...)` is deprecated. Please use `torch.amp.autocast('cuda', args...)` instead.
  with torch.cuda.amp.autocast():
/home/norak/R&I/kxs-/train.py:169: FutureWarning: `torch.cuda.amp.autocast(args...)` is deprecated. Please use `torch.amp.autocast('cuda', args...)` instead.
  with torch.cuda.amp.autocast():
    epoch 10  train_loss=0.0255  val_loss=0.0413  val_qwk=0.6585  val_acc=0.6292
/home/norak/R&I/kxs-/train.py:148: FutureWarning: `torch.cuda.amp.autocast(args...)` is deprecated. Please use `torch.amp.autocast('cuda', args...)` instead.
  with torch.cuda.amp.autocast():
/home/norak/R&I/kxs-/train.py:169: FutureWarning: `torch.cuda.amp.autocast(args...)` is deprecated. Please use `torch.amp.autocast('cuda', args...)` instead.
  with torch.cuda.amp.autocast():
    epoch 11  train_loss=0.0235  val_loss=0.0430  val_qwk=0.6499  val_acc=0.6124
    early-stop at epoch 11 (best epoch=7, best_qwk=0.6589)
/home/norak/R&I/kxs-/train.py:169: FutureWarning: `torch.cuda.amp.autocast(args...)` is deprecated. Please use `torch.amp.autocast('cuda', args...)` instead.
  with torch.cuda.amp.autocast():
/home/norak/R&I/kxs-/train.py:169: FutureWarning: `torch.cuda.amp.autocast(args...)` is deprecated. Please use `torch.amp.autocast('cuda', args...)` instead.
  with torch.cuda.amp.autocast():
/home/norak/R&I/kxs-/train.py:169: FutureWarning: `torch.cuda.amp.autocast(args...)` is deprecated. Please use `torch.amp.autocast('cuda', args...)` instead.
  with torch.cuda.amp.autocast():
  [clean_ra_cross_gte_maxfeat              ] train_qwk=0.7766 -> test_qwk=0.7589  raw_w1=0.6854  epoch=7  (68.6s)
Loading weights:   0%|          | 0/199 [00:00<?, ?it/s]Loading weights: 100%|██████████| 199/199 [00:00<00:00, 2718.75it/s]
[transformers] [1mBertModel LOAD REPORT[0m from: bert-base-multilingual-cased
Key                                        | Status     |  | 
-------------------------------------------+------------+--+-
cls.seq_relationship.weight                | UNEXPECTED |  | 
cls.predictions.transform.LayerNorm.weight | UNEXPECTED |  | 
cls.predictions.transform.dense.bias       | UNEXPECTED |  | 
cls.predictions.transform.dense.weight     | UNEXPECTED |  | 
cls.predictions.transform.LayerNorm.bias   | UNEXPECTED |  | 
cls.seq_relationship.bias                  | UNEXPECTED |  | 
cls.predictions.bias                       | UNEXPECTED |  | 

Notes:
- UNEXPECTED:	can be ignored when loading from different task/architecture; not ok if you expect identical arch.
/home/norak/R&I/kxs-/train.py:206: FutureWarning: `torch.cuda.amp.GradScaler(args...)` is deprecated. Please use `torch.amp.GradScaler('cuda', args...)` instead.
  scaler = torch.cuda.amp.GradScaler() if use_amp and device == "cuda" else None
/home/norak/R&I/kxs-/train.py:148: FutureWarning: `torch.cuda.amp.autocast(args...)` is deprecated. Please use `torch.amp.autocast('cuda', args...)` instead.
  with torch.cuda.amp.autocast():
/home/norak/R&I/kxs-/train.py:169: FutureWarning: `torch.cuda.amp.autocast(args...)` is deprecated. Please use `torch.amp.autocast('cuda', args...)` instead.
  with torch.cuda.amp.autocast():
    epoch  1  train_loss=0.0721  val_loss=0.0704  val_qwk=0.2465  val_acc=0.2472
/home/norak/R&I/kxs-/train.py:148: FutureWarning: `torch.cuda.amp.autocast(args...)` is deprecated. Please use `torch.amp.autocast('cuda', args...)` instead.
  with torch.cuda.amp.autocast():
/home/norak/R&I/kxs-/train.py:169: FutureWarning: `torch.cuda.amp.autocast(args...)` is deprecated. Please use `torch.amp.autocast('cuda', args...)` instead.
  with torch.cuda.amp.autocast():
    epoch  2  train_loss=0.0634  val_loss=0.0621  val_qwk=0.3315  val_acc=0.3090
/home/norak/R&I/kxs-/train.py:148: FutureWarning: `torch.cuda.amp.autocast(args...)` is deprecated. Please use `torch.amp.autocast('cuda', args...)` instead.
  with torch.cuda.amp.autocast():
/home/norak/R&I/kxs-/train.py:169: FutureWarning: `torch.cuda.amp.autocast(args...)` is deprecated. Please use `torch.amp.autocast('cuda', args...)` instead.
  with torch.cuda.amp.autocast():
    epoch  3  train_loss=0.0564  val_loss=0.0586  val_qwk=0.4014  val_acc=0.3539
/home/norak/R&I/kxs-/train.py:148: FutureWarning: `torch.cuda.amp.autocast(args...)` is deprecated. Please use `torch.amp.autocast('cuda', args...)` instead.
  with torch.cuda.amp.autocast():
/home/norak/R&I/kxs-/train.py:169: FutureWarning: `torch.cuda.amp.autocast(args...)` is deprecated. Please use `torch.amp.autocast('cuda', args...)` instead.
  with torch.cuda.amp.autocast():
    epoch  4  train_loss=0.0528  val_loss=0.0578  val_qwk=0.3435  val_acc=0.3034
/home/norak/R&I/kxs-/train.py:148: FutureWarning: `torch.cuda.amp.autocast(args...)` is deprecated. Please use `torch.amp.autocast('cuda', args...)` instead.
  with torch.cuda.amp.autocast():
/home/norak/R&I/kxs-/train.py:169: FutureWarning: `torch.cuda.amp.autocast(args...)` is deprecated. Please use `torch.amp.autocast('cuda', args...)` instead.
  with torch.cuda.amp.autocast():
    epoch  5  train_loss=0.0508  val_loss=0.0554  val_qwk=0.3722  val_acc=0.3315
/home/norak/R&I/kxs-/train.py:148: FutureWarning: `torch.cuda.amp.autocast(args...)` is deprecated. Please use `torch.amp.autocast('cuda', args...)` instead.
  with torch.cuda.amp.autocast():
/home/norak/R&I/kxs-/train.py:169: FutureWarning: `torch.cuda.amp.autocast(args...)` is deprecated. Please use `torch.amp.autocast('cuda', args...)` instead.
  with torch.cuda.amp.autocast():
    epoch  6  train_loss=0.0532  val_loss=0.0558  val_qwk=0.3438  val_acc=0.3090
/home/norak/R&I/kxs-/train.py:148: FutureWarning: `torch.cuda.amp.autocast(args...)` is deprecated. Please use `torch.amp.autocast('cuda', args...)` instead.
  with torch.cuda.amp.autocast():
/home/norak/R&I/kxs-/train.py:169: FutureWarning: `torch.cuda.amp.autocast(args...)` is deprecated. Please use `torch.amp.autocast('cuda', args...)` instead.
  with torch.cuda.amp.autocast():
    epoch  7  train_loss=0.0532  val_loss=0.0564  val_qwk=0.3715  val_acc=0.3315
    early-stop at epoch 7 (best epoch=3, best_qwk=0.4014)
/home/norak/R&I/kxs-/train.py:169: FutureWarning: `torch.cuda.amp.autocast(args...)` is deprecated. Please use `torch.amp.autocast('cuda', args...)` instead.
  with torch.cuda.amp.autocast():
/home/norak/R&I/kxs-/train.py:169: FutureWarning: `torch.cuda.amp.autocast(args...)` is deprecated. Please use `torch.amp.autocast('cuda', args...)` instead.
  with torch.cuda.amp.autocast():
/home/norak/R&I/kxs-/train.py:169: FutureWarning: `torch.cuda.amp.autocast(args...)` is deprecated. Please use `torch.amp.autocast('cuda', args...)` instead.
  with torch.cuda.amp.autocast():
  [clean_qar_dual_mbert_maxfeat            ] train_qwk=0.4832 -> test_qwk=0.5276  raw_w1=0.5449  epoch=3  (56.0s)
Loading weights:   0%|          | 0/199 [00:00<?, ?it/s]Loading weights: 100%|██████████| 199/199 [00:00<00:00, 2999.21it/s]
[transformers] [1mXLMRobertaModel LOAD REPORT[0m from: xlm-roberta-base
Key                       | Status     |  | 
--------------------------+------------+--+-
lm_head.layer_norm.weight | UNEXPECTED |  | 
lm_head.bias              | UNEXPECTED |  | 
lm_head.dense.bias        | UNEXPECTED |  | 
lm_head.layer_norm.bias   | UNEXPECTED |  | 
lm_head.dense.weight      | UNEXPECTED |  | 

Notes:
- UNEXPECTED:	can be ignored when loading from different task/architecture; not ok if you expect identical arch.
/home/norak/R&I/kxs-/train.py:206: FutureWarning: `torch.cuda.amp.GradScaler(args...)` is deprecated. Please use `torch.amp.GradScaler('cuda', args...)` instead.
  scaler = torch.cuda.amp.GradScaler() if use_amp and device == "cuda" else None
/home/norak/R&I/kxs-/train.py:148: FutureWarning: `torch.cuda.amp.autocast(args...)` is deprecated. Please use `torch.amp.autocast('cuda', args...)` instead.
  with torch.cuda.amp.autocast():
/home/norak/R&I/kxs-/train.py:169: FutureWarning: `torch.cuda.amp.autocast(args...)` is deprecated. Please use `torch.amp.autocast('cuda', args...)` instead.
  with torch.cuda.amp.autocast():
    epoch  1  train_loss=0.1012  val_loss=0.0646  val_qwk=0.2931  val_acc=0.2191
/home/norak/R&I/kxs-/train.py:148: FutureWarning: `torch.cuda.amp.autocast(args...)` is deprecated. Please use `torch.amp.autocast('cuda', args...)` instead.
  with torch.cuda.amp.autocast():
/home/norak/R&I/kxs-/train.py:169: FutureWarning: `torch.cuda.amp.autocast(args...)` is deprecated. Please use `torch.amp.autocast('cuda', args...)` instead.
  with torch.cuda.amp.autocast():
    epoch  2  train_loss=0.0675  val_loss=0.0588  val_qwk=0.4111  val_acc=0.3427
/home/norak/R&I/kxs-/train.py:148: FutureWarning: `torch.cuda.amp.autocast(args...)` is deprecated. Please use `torch.amp.autocast('cuda', args...)` instead.
  with torch.cuda.amp.autocast():
/home/norak/R&I/kxs-/train.py:169: FutureWarning: `torch.cuda.amp.autocast(args...)` is deprecated. Please use `torch.amp.autocast('cuda', args...)` instead.
  with torch.cuda.amp.autocast():
    epoch  3  train_loss=0.0570  val_loss=0.0559  val_qwk=0.4644  val_acc=0.4045
/home/norak/R&I/kxs-/train.py:148: FutureWarning: `torch.cuda.amp.autocast(args...)` is deprecated. Please use `torch.amp.autocast('cuda', args...)` instead.
  with torch.cuda.amp.autocast():
/home/norak/R&I/kxs-/train.py:169: FutureWarning: `torch.cuda.amp.autocast(args...)` is deprecated. Please use `torch.amp.autocast('cuda', args...)` instead.
  with torch.cuda.amp.autocast():
    epoch  4  train_loss=0.0541  val_loss=0.0540  val_qwk=0.4781  val_acc=0.4607
/home/norak/R&I/kxs-/train.py:148: FutureWarning: `torch.cuda.amp.autocast(args...)` is deprecated. Please use `torch.amp.autocast('cuda', args...)` instead.
  with torch.cuda.amp.autocast():
/home/norak/R&I/kxs-/train.py:169: FutureWarning: `torch.cuda.amp.autocast(args...)` is deprecated. Please use `torch.amp.autocast('cuda', args...)` instead.
  with torch.cuda.amp.autocast():
    epoch  5  train_loss=0.0479  val_loss=0.0464  val_qwk=0.5734  val_acc=0.5169
/home/norak/R&I/kxs-/train.py:148: FutureWarning: `torch.cuda.amp.autocast(args...)` is deprecated. Please use `torch.amp.autocast('cuda', args...)` instead.
  with torch.cuda.amp.autocast():
/home/norak/R&I/kxs-/train.py:169: FutureWarning: `torch.cuda.amp.autocast(args...)` is deprecated. Please use `torch.amp.autocast('cuda', args...)` instead.
  with torch.cuda.amp.autocast():
    epoch  6  train_loss=0.0446  val_loss=0.0458  val_qwk=0.5796  val_acc=0.5000
/home/norak/R&I/kxs-/train.py:148: FutureWarning: `torch.cuda.amp.autocast(args...)` is deprecated. Please use `torch.amp.autocast('cuda', args...)` instead.
  with torch.cuda.amp.autocast():
/home/norak/R&I/kxs-/train.py:169: FutureWarning: `torch.cuda.amp.autocast(args...)` is deprecated. Please use `torch.amp.autocast('cuda', args...)` instead.
  with torch.cuda.amp.autocast():
    epoch  7  train_loss=0.0435  val_loss=0.0379  val_qwk=0.6749  val_acc=0.5730
/home/norak/R&I/kxs-/train.py:148: FutureWarning: `torch.cuda.amp.autocast(args...)` is deprecated. Please use `torch.amp.autocast('cuda', args...)` instead.
  with torch.cuda.amp.autocast():
/home/norak/R&I/kxs-/train.py:169: FutureWarning: `torch.cuda.amp.autocast(args...)` is deprecated. Please use `torch.amp.autocast('cuda', args...)` instead.
  with torch.cuda.amp.autocast():
    epoch  8  train_loss=0.0370  val_loss=0.0410  val_qwk=0.6748  val_acc=0.5449
/home/norak/R&I/kxs-/train.py:148: FutureWarning: `torch.cuda.amp.autocast(args...)` is deprecated. Please use `torch.amp.autocast('cuda', args...)` instead.
  with torch.cuda.amp.autocast():
/home/norak/R&I/kxs-/train.py:169: FutureWarning: `torch.cuda.amp.autocast(args...)` is deprecated. Please use `torch.amp.autocast('cuda', args...)` instead.
  with torch.cuda.amp.autocast():
    epoch  9  train_loss=0.0372  val_loss=0.0367  val_qwk=0.7160  val_acc=0.6180
/home/norak/R&I/kxs-/train.py:148: FutureWarning: `torch.cuda.amp.autocast(args...)` is deprecated. Please use `torch.amp.autocast('cuda', args...)` instead.
  with torch.cuda.amp.autocast():
/home/norak/R&I/kxs-/train.py:169: FutureWarning: `torch.cuda.amp.autocast(args...)` is deprecated. Please use `torch.amp.autocast('cuda', args...)` instead.
  with torch.cuda.amp.autocast():
    epoch 10  train_loss=0.0354  val_loss=0.0378  val_qwk=0.7007  val_acc=0.5449
/home/norak/R&I/kxs-/train.py:148: FutureWarning: `torch.cuda.amp.autocast(args...)` is deprecated. Please use `torch.amp.autocast('cuda', args...)` instead.
  with torch.cuda.amp.autocast():
/home/norak/R&I/kxs-/train.py:169: FutureWarning: `torch.cuda.amp.autocast(args...)` is deprecated. Please use `torch.amp.autocast('cuda', args...)` instead.
  with torch.cuda.amp.autocast():
    epoch 11  train_loss=0.0378  val_loss=0.0384  val_qwk=0.6970  val_acc=0.6011
/home/norak/R&I/kxs-/train.py:148: FutureWarning: `torch.cuda.amp.autocast(args...)` is deprecated. Please use `torch.amp.autocast('cuda', args...)` instead.
  with torch.cuda.amp.autocast():
/home/norak/R&I/kxs-/train.py:169: FutureWarning: `torch.cuda.amp.autocast(args...)` is deprecated. Please use `torch.amp.autocast('cuda', args...)` instead.
  with torch.cuda.amp.autocast():
    epoch 12  train_loss=0.0311  val_loss=0.0362  val_qwk=0.6939  val_acc=0.5730
/home/norak/R&I/kxs-/train.py:148: FutureWarning: `torch.cuda.amp.autocast(args...)` is deprecated. Please use `torch.amp.autocast('cuda', args...)` instead.
  with torch.cuda.amp.autocast():
/home/norak/R&I/kxs-/train.py:169: FutureWarning: `torch.cuda.amp.autocast(args...)` is deprecated. Please use `torch.amp.autocast('cuda', args...)` instead.
  with torch.cuda.amp.autocast():
    epoch 13  train_loss=0.0316  val_loss=0.0352  val_qwk=0.6980  val_acc=0.5787
    early-stop at epoch 13 (best epoch=9, best_qwk=0.7160)
/home/norak/R&I/kxs-/train.py:169: FutureWarning: `torch.cuda.amp.autocast(args...)` is deprecated. Please use `torch.amp.autocast('cuda', args...)` instead.
  with torch.cuda.amp.autocast():
/home/norak/R&I/kxs-/train.py:169: FutureWarning: `torch.cuda.amp.autocast(args...)` is deprecated. Please use `torch.amp.autocast('cuda', args...)` instead.
  with torch.cuda.amp.autocast():
/home/norak/R&I/kxs-/train.py:169: FutureWarning: `torch.cuda.amp.autocast(args...)` is deprecated. Please use `torch.amp.autocast('cuda', args...)` instead.
  with torch.cuda.amp.autocast():
  [clean_qar_dual_xlmr_maxfeat             ] train_qwk=0.7440 -> test_qwk=0.6606  raw_w1=0.6910  epoch=9  (104.2s)
Loading weights:   0%|          | 0/136 [00:00<?, ?it/s]Loading weights:   3%|▎         | 4/136 [00:00<00:03, 39.94it/s]Loading weights: 100%|██████████| 136/136 [00:00<00:00, 973.10it/s]
[transformers] [1mNewModel LOAD REPORT[0m from: Alibaba-NLP/gte-multilingual-base
Key               | Status     |  | 
------------------+------------+--+-
classifier.weight | UNEXPECTED |  | 
classifier.bias   | UNEXPECTED |  | 

Notes:
- UNEXPECTED:	can be ignored when loading from different task/architecture; not ok if you expect identical arch.
/home/norak/R&I/kxs-/train.py:206: FutureWarning: `torch.cuda.amp.GradScaler(args...)` is deprecated. Please use `torch.amp.GradScaler('cuda', args...)` instead.
  scaler = torch.cuda.amp.GradScaler() if use_amp and device == "cuda" else None
/home/norak/R&I/kxs-/train.py:148: FutureWarning: `torch.cuda.amp.autocast(args...)` is deprecated. Please use `torch.amp.autocast('cuda', args...)` instead.
  with torch.cuda.amp.autocast():
/home/norak/R&I/kxs-/train.py:169: FutureWarning: `torch.cuda.amp.autocast(args...)` is deprecated. Please use `torch.amp.autocast('cuda', args...)` instead.
  with torch.cuda.amp.autocast():
    epoch  1  train_loss=0.0680  val_loss=0.0527  val_qwk=0.4846  val_acc=0.4045
/home/norak/R&I/kxs-/train.py:148: FutureWarning: `torch.cuda.amp.autocast(args...)` is deprecated. Please use `torch.amp.autocast('cuda', args...)` instead.
  with torch.cuda.amp.autocast():
/home/norak/R&I/kxs-/train.py:169: FutureWarning: `torch.cuda.amp.autocast(args...)` is deprecated. Please use `torch.amp.autocast('cuda', args...)` instead.
  with torch.cuda.amp.autocast():
    epoch  2  train_loss=0.0471  val_loss=0.0432  val_qwk=0.6036  val_acc=0.4719
/home/norak/R&I/kxs-/train.py:148: FutureWarning: `torch.cuda.amp.autocast(args...)` is deprecated. Please use `torch.amp.autocast('cuda', args...)` instead.
  with torch.cuda.amp.autocast():
/home/norak/R&I/kxs-/train.py:169: FutureWarning: `torch.cuda.amp.autocast(args...)` is deprecated. Please use `torch.amp.autocast('cuda', args...)` instead.
  with torch.cuda.amp.autocast():
    epoch  3  train_loss=0.0363  val_loss=0.0371  val_qwk=0.6790  val_acc=0.5674
/home/norak/R&I/kxs-/train.py:148: FutureWarning: `torch.cuda.amp.autocast(args...)` is deprecated. Please use `torch.amp.autocast('cuda', args...)` instead.
  with torch.cuda.amp.autocast():
/home/norak/R&I/kxs-/train.py:169: FutureWarning: `torch.cuda.amp.autocast(args...)` is deprecated. Please use `torch.amp.autocast('cuda', args...)` instead.
  with torch.cuda.amp.autocast():
    epoch  4  train_loss=0.0311  val_loss=0.0367  val_qwk=0.6659  val_acc=0.5562
/home/norak/R&I/kxs-/train.py:148: FutureWarning: `torch.cuda.amp.autocast(args...)` is deprecated. Please use `torch.amp.autocast('cuda', args...)` instead.
  with torch.cuda.amp.autocast():
/home/norak/R&I/kxs-/train.py:169: FutureWarning: `torch.cuda.amp.autocast(args...)` is deprecated. Please use `torch.amp.autocast('cuda', args...)` instead.
  with torch.cuda.amp.autocast():
    epoch  5  train_loss=0.0273  val_loss=0.0369  val_qwk=0.6859  val_acc=0.6067
/home/norak/R&I/kxs-/train.py:148: FutureWarning: `torch.cuda.amp.autocast(args...)` is deprecated. Please use `torch.amp.autocast('cuda', args...)` instead.
  with torch.cuda.amp.autocast():
/home/norak/R&I/kxs-/train.py:169: FutureWarning: `torch.cuda.amp.autocast(args...)` is deprecated. Please use `torch.amp.autocast('cuda', args...)` instead.
  with torch.cuda.amp.autocast():
    epoch  6  train_loss=0.0245  val_loss=0.0338  val_qwk=0.7263  val_acc=0.5843
/home/norak/R&I/kxs-/train.py:148: FutureWarning: `torch.cuda.amp.autocast(args...)` is deprecated. Please use `torch.amp.autocast('cuda', args...)` instead.
  with torch.cuda.amp.autocast():
/home/norak/R&I/kxs-/train.py:169: FutureWarning: `torch.cuda.amp.autocast(args...)` is deprecated. Please use `torch.amp.autocast('cuda', args...)` instead.
  with torch.cuda.amp.autocast():
    epoch  7  train_loss=0.0222  val_loss=0.0340  val_qwk=0.7178  val_acc=0.5955
/home/norak/R&I/kxs-/train.py:148: FutureWarning: `torch.cuda.amp.autocast(args...)` is deprecated. Please use `torch.amp.autocast('cuda', args...)` instead.
  with torch.cuda.amp.autocast():
/home/norak/R&I/kxs-/train.py:169: FutureWarning: `torch.cuda.amp.autocast(args...)` is deprecated. Please use `torch.amp.autocast('cuda', args...)` instead.
  with torch.cuda.amp.autocast():
    epoch  8  train_loss=0.0205  val_loss=0.0372  val_qwk=0.7407  val_acc=0.6124
/home/norak/R&I/kxs-/train.py:148: FutureWarning: `torch.cuda.amp.autocast(args...)` is deprecated. Please use `torch.amp.autocast('cuda', args...)` instead.
  with torch.cuda.amp.autocast():
/home/norak/R&I/kxs-/train.py:169: FutureWarning: `torch.cuda.amp.autocast(args...)` is deprecated. Please use `torch.amp.autocast('cuda', args...)` instead.
  with torch.cuda.amp.autocast():
    epoch  9  train_loss=0.0197  val_loss=0.0315  val_qwk=0.7361  val_acc=0.6067
/home/norak/R&I/kxs-/train.py:148: FutureWarning: `torch.cuda.amp.autocast(args...)` is deprecated. Please use `torch.amp.autocast('cuda', args...)` instead.
  with torch.cuda.amp.autocast():
/home/norak/R&I/kxs-/train.py:169: FutureWarning: `torch.cuda.amp.autocast(args...)` is deprecated. Please use `torch.amp.autocast('cuda', args...)` instead.
  with torch.cuda.amp.autocast():
    epoch 10  train_loss=0.0180  val_loss=0.0292  val_qwk=0.7487  val_acc=0.6461
/home/norak/R&I/kxs-/train.py:148: FutureWarning: `torch.cuda.amp.autocast(args...)` is deprecated. Please use `torch.amp.autocast('cuda', args...)` instead.
  with torch.cuda.amp.autocast():
/home/norak/R&I/kxs-/train.py:169: FutureWarning: `torch.cuda.amp.autocast(args...)` is deprecated. Please use `torch.amp.autocast('cuda', args...)` instead.
  with torch.cuda.amp.autocast():
    epoch 11  train_loss=0.0175  val_loss=0.0320  val_qwk=0.7150  val_acc=0.6292
/home/norak/R&I/kxs-/train.py:148: FutureWarning: `torch.cuda.amp.autocast(args...)` is deprecated. Please use `torch.amp.autocast('cuda', args...)` instead.
  with torch.cuda.amp.autocast():
/home/norak/R&I/kxs-/train.py:169: FutureWarning: `torch.cuda.amp.autocast(args...)` is deprecated. Please use `torch.amp.autocast('cuda', args...)` instead.
  with torch.cuda.amp.autocast():
    epoch 12  train_loss=0.0172  val_loss=0.0295  val_qwk=0.7244  val_acc=0.6517
/home/norak/R&I/kxs-/train.py:148: FutureWarning: `torch.cuda.amp.autocast(args...)` is deprecated. Please use `torch.amp.autocast('cuda', args...)` instead.
  with torch.cuda.amp.autocast():
/home/norak/R&I/kxs-/train.py:169: FutureWarning: `torch.cuda.amp.autocast(args...)` is deprecated. Please use `torch.amp.autocast('cuda', args...)` instead.
  with torch.cuda.amp.autocast():
    epoch 13  train_loss=0.0169  val_loss=0.0305  val_qwk=0.7639  val_acc=0.6292
/home/norak/R&I/kxs-/train.py:148: FutureWarning: `torch.cuda.amp.autocast(args...)` is deprecated. Please use `torch.amp.autocast('cuda', args...)` instead.
  with torch.cuda.amp.autocast():
/home/norak/R&I/kxs-/train.py:169: FutureWarning: `torch.cuda.amp.autocast(args...)` is deprecated. Please use `torch.amp.autocast('cuda', args...)` instead.
  with torch.cuda.amp.autocast():
    epoch 14  train_loss=0.0162  val_loss=0.0303  val_qwk=0.7271  val_acc=0.6124
/home/norak/R&I/kxs-/train.py:148: FutureWarning: `torch.cuda.amp.autocast(args...)` is deprecated. Please use `torch.amp.autocast('cuda', args...)` instead.
  with torch.cuda.amp.autocast():
/home/norak/R&I/kxs-/train.py:169: FutureWarning: `torch.cuda.amp.autocast(args...)` is deprecated. Please use `torch.amp.autocast('cuda', args...)` instead.
  with torch.cuda.amp.autocast():
    epoch 15  train_loss=0.0162  val_loss=0.0292  val_qwk=0.7472  val_acc=0.6685
/home/norak/R&I/kxs-/train.py:148: FutureWarning: `torch.cuda.amp.autocast(args...)` is deprecated. Please use `torch.amp.autocast('cuda', args...)` instead.
  with torch.cuda.amp.autocast():
/home/norak/R&I/kxs-/train.py:169: FutureWarning: `torch.cuda.amp.autocast(args...)` is deprecated. Please use `torch.amp.autocast('cuda', args...)` instead.
  with torch.cuda.amp.autocast():
    epoch 16  train_loss=0.0155  val_loss=0.0299  val_qwk=0.7536  val_acc=0.6236
/home/norak/R&I/kxs-/train.py:148: FutureWarning: `torch.cuda.amp.autocast(args...)` is deprecated. Please use `torch.amp.autocast('cuda', args...)` instead.
  with torch.cuda.amp.autocast():
/home/norak/R&I/kxs-/train.py:169: FutureWarning: `torch.cuda.amp.autocast(args...)` is deprecated. Please use `torch.amp.autocast('cuda', args...)` instead.
  with torch.cuda.amp.autocast():
    epoch 17  train_loss=0.0146  val_loss=0.0295  val_qwk=0.7725  val_acc=0.6685
/home/norak/R&I/kxs-/train.py:148: FutureWarning: `torch.cuda.amp.autocast(args...)` is deprecated. Please use `torch.amp.autocast('cuda', args...)` instead.
  with torch.cuda.amp.autocast():
/home/norak/R&I/kxs-/train.py:169: FutureWarning: `torch.cuda.amp.autocast(args...)` is deprecated. Please use `torch.amp.autocast('cuda', args...)` instead.
  with torch.cuda.amp.autocast():
    epoch 18  train_loss=0.0148  val_loss=0.0288  val_qwk=0.7381  val_acc=0.6517
/home/norak/R&I/kxs-/train.py:148: FutureWarning: `torch.cuda.amp.autocast(args...)` is deprecated. Please use `torch.amp.autocast('cuda', args...)` instead.
  with torch.cuda.amp.autocast():
/home/norak/R&I/kxs-/train.py:169: FutureWarning: `torch.cuda.amp.autocast(args...)` is deprecated. Please use `torch.amp.autocast('cuda', args...)` instead.
  with torch.cuda.amp.autocast():
    epoch 19  train_loss=0.0144  val_loss=0.0277  val_qwk=0.7740  val_acc=0.6573
/home/norak/R&I/kxs-/train.py:148: FutureWarning: `torch.cuda.amp.autocast(args...)` is deprecated. Please use `torch.amp.autocast('cuda', args...)` instead.
  with torch.cuda.amp.autocast():
/home/norak/R&I/kxs-/train.py:169: FutureWarning: `torch.cuda.amp.autocast(args...)` is deprecated. Please use `torch.amp.autocast('cuda', args...)` instead.
  with torch.cuda.amp.autocast():
    epoch 20  train_loss=0.0148  val_loss=0.0309  val_qwk=0.7210  val_acc=0.6292
/home/norak/R&I/kxs-/train.py:169: FutureWarning: `torch.cuda.amp.autocast(args...)` is deprecated. Please use `torch.amp.autocast('cuda', args...)` instead.
  with torch.cuda.amp.autocast():
/home/norak/R&I/kxs-/train.py:169: FutureWarning: `torch.cuda.amp.autocast(args...)` is deprecated. Please use `torch.amp.autocast('cuda', args...)` instead.
  with torch.cuda.amp.autocast():
/home/norak/R&I/kxs-/train.py:169: FutureWarning: `torch.cuda.amp.autocast(args...)` is deprecated. Please use `torch.amp.autocast('cuda', args...)` instead.
  with torch.cuda.amp.autocast():
  [clean_qar_dual_gte_maxfeat              ] train_qwk=0.8736 -> test_qwk=0.8196  raw_w1=0.7697  epoch=19  (180.3s)
Loading weights:   0%|          | 0/199 [00:00<?, ?it/s]Loading weights: 100%|██████████| 199/199 [00:00<00:00, 3221.34it/s]
[transformers] [1mBertModel LOAD REPORT[0m from: bert-base-multilingual-cased
Key                                        | Status     |  | 
-------------------------------------------+------------+--+-
cls.seq_relationship.weight                | UNEXPECTED |  | 
cls.predictions.transform.LayerNorm.weight | UNEXPECTED |  | 
cls.predictions.transform.dense.bias       | UNEXPECTED |  | 
cls.predictions.transform.dense.weight     | UNEXPECTED |  | 
cls.predictions.transform.LayerNorm.bias   | UNEXPECTED |  | 
cls.seq_relationship.bias                  | UNEXPECTED |  | 
cls.predictions.bias                       | UNEXPECTED |  | 

Notes:
- UNEXPECTED:	can be ignored when loading from different task/architecture; not ok if you expect identical arch.
/home/norak/R&I/kxs-/train.py:206: FutureWarning: `torch.cuda.amp.GradScaler(args...)` is deprecated. Please use `torch.amp.GradScaler('cuda', args...)` instead.
  scaler = torch.cuda.amp.GradScaler() if use_amp and device == "cuda" else None
/home/norak/R&I/kxs-/train.py:148: FutureWarning: `torch.cuda.amp.autocast(args...)` is deprecated. Please use `torch.amp.autocast('cuda', args...)` instead.
  with torch.cuda.amp.autocast():
/home/norak/R&I/kxs-/train.py:169: FutureWarning: `torch.cuda.amp.autocast(args...)` is deprecated. Please use `torch.amp.autocast('cuda', args...)` instead.
  with torch.cuda.amp.autocast():
    epoch  1  train_loss=0.0792  val_loss=0.0773  val_qwk=0.0430  val_acc=0.1798
/home/norak/R&I/kxs-/train.py:148: FutureWarning: `torch.cuda.amp.autocast(args...)` is deprecated. Please use `torch.amp.autocast('cuda', args...)` instead.
  with torch.cuda.amp.autocast():
/home/norak/R&I/kxs-/train.py:169: FutureWarning: `torch.cuda.amp.autocast(args...)` is deprecated. Please use `torch.amp.autocast('cuda', args...)` instead.
  with torch.cuda.amp.autocast():
    epoch  2  train_loss=0.0714  val_loss=0.0722  val_qwk=0.1271  val_acc=0.2416
/home/norak/R&I/kxs-/train.py:148: FutureWarning: `torch.cuda.amp.autocast(args...)` is deprecated. Please use `torch.amp.autocast('cuda', args...)` instead.
  with torch.cuda.amp.autocast():
/home/norak/R&I/kxs-/train.py:169: FutureWarning: `torch.cuda.amp.autocast(args...)` is deprecated. Please use `torch.amp.autocast('cuda', args...)` instead.
  with torch.cuda.amp.autocast():
    epoch  3  train_loss=0.0682  val_loss=0.0741  val_qwk=0.1566  val_acc=0.2247
/home/norak/R&I/kxs-/train.py:148: FutureWarning: `torch.cuda.amp.autocast(args...)` is deprecated. Please use `torch.amp.autocast('cuda', args...)` instead.
  with torch.cuda.amp.autocast():
/home/norak/R&I/kxs-/train.py:169: FutureWarning: `torch.cuda.amp.autocast(args...)` is deprecated. Please use `torch.amp.autocast('cuda', args...)` instead.
  with torch.cuda.amp.autocast():
    epoch  4  train_loss=0.0660  val_loss=0.0716  val_qwk=0.1654  val_acc=0.2640
/home/norak/R&I/kxs-/train.py:148: FutureWarning: `torch.cuda.amp.autocast(args...)` is deprecated. Please use `torch.amp.autocast('cuda', args...)` instead.
  with torch.cuda.amp.autocast():
/home/norak/R&I/kxs-/train.py:169: FutureWarning: `torch.cuda.amp.autocast(args...)` is deprecated. Please use `torch.amp.autocast('cuda', args...)` instead.
  with torch.cuda.amp.autocast():
    epoch  5  train_loss=0.0654  val_loss=0.0711  val_qwk=0.1714  val_acc=0.2416
/home/norak/R&I/kxs-/train.py:148: FutureWarning: `torch.cuda.amp.autocast(args...)` is deprecated. Please use `torch.amp.autocast('cuda', args...)` instead.
  with torch.cuda.amp.autocast():
/home/norak/R&I/kxs-/train.py:169: FutureWarning: `torch.cuda.amp.autocast(args...)` is deprecated. Please use `torch.amp.autocast('cuda', args...)` instead.
  with torch.cuda.amp.autocast():
    epoch  6  train_loss=0.0630  val_loss=0.0672  val_qwk=0.2535  val_acc=0.2809
/home/norak/R&I/kxs-/train.py:148: FutureWarning: `torch.cuda.amp.autocast(args...)` is deprecated. Please use `torch.amp.autocast('cuda', args...)` instead.
  with torch.cuda.amp.autocast():
/home/norak/R&I/kxs-/train.py:169: FutureWarning: `torch.cuda.amp.autocast(args...)` is deprecated. Please use `torch.amp.autocast('cuda', args...)` instead.
  with torch.cuda.amp.autocast():
    epoch  7  train_loss=0.0612  val_loss=0.0757  val_qwk=0.3091  val_acc=0.3315
/home/norak/R&I/kxs-/train.py:148: FutureWarning: `torch.cuda.amp.autocast(args...)` is deprecated. Please use `torch.amp.autocast('cuda', args...)` instead.
  with torch.cuda.amp.autocast():
/home/norak/R&I/kxs-/train.py:169: FutureWarning: `torch.cuda.amp.autocast(args...)` is deprecated. Please use `torch.amp.autocast('cuda', args...)` instead.
  with torch.cuda.amp.autocast():
    epoch  8  train_loss=0.0637  val_loss=0.0703  val_qwk=0.3358  val_acc=0.3764
/home/norak/R&I/kxs-/train.py:148: FutureWarning: `torch.cuda.amp.autocast(args...)` is deprecated. Please use `torch.amp.autocast('cuda', args...)` instead.
  with torch.cuda.amp.autocast():
/home/norak/R&I/kxs-/train.py:169: FutureWarning: `torch.cuda.amp.autocast(args...)` is deprecated. Please use `torch.amp.autocast('cuda', args...)` instead.
  with torch.cuda.amp.autocast():
    epoch  9  train_loss=0.0600  val_loss=0.0645  val_qwk=0.1887  val_acc=0.2865
/home/norak/R&I/kxs-/train.py:148: FutureWarning: `torch.cuda.amp.autocast(args...)` is deprecated. Please use `torch.amp.autocast('cuda', args...)` instead.
  with torch.cuda.amp.autocast():
/home/norak/R&I/kxs-/train.py:169: FutureWarning: `torch.cuda.amp.autocast(args...)` is deprecated. Please use `torch.amp.autocast('cuda', args...)` instead.
  with torch.cuda.amp.autocast():
    epoch 10  train_loss=0.0616  val_loss=0.0652  val_qwk=0.1593  val_acc=0.2472
/home/norak/R&I/kxs-/train.py:148: FutureWarning: `torch.cuda.amp.autocast(args...)` is deprecated. Please use `torch.amp.autocast('cuda', args...)` instead.
  with torch.cuda.amp.autocast():
/home/norak/R&I/kxs-/train.py:169: FutureWarning: `torch.cuda.amp.autocast(args...)` is deprecated. Please use `torch.amp.autocast('cuda', args...)` instead.
  with torch.cuda.amp.autocast():
    epoch 11  train_loss=0.0595  val_loss=0.0667  val_qwk=0.2863  val_acc=0.3820
/home/norak/R&I/kxs-/train.py:148: FutureWarning: `torch.cuda.amp.autocast(args...)` is deprecated. Please use `torch.amp.autocast('cuda', args...)` instead.
  with torch.cuda.amp.autocast():
/home/norak/R&I/kxs-/train.py:169: FutureWarning: `torch.cuda.amp.autocast(args...)` is deprecated. Please use `torch.amp.autocast('cuda', args...)` instead.
  with torch.cuda.amp.autocast():
    epoch 12  train_loss=0.0612  val_loss=0.0678  val_qwk=0.1789  val_acc=0.2640
    early-stop at epoch 12 (best epoch=8, best_qwk=0.3358)
/home/norak/R&I/kxs-/train.py:169: FutureWarning: `torch.cuda.amp.autocast(args...)` is deprecated. Please use `torch.amp.autocast('cuda', args...)` instead.
  with torch.cuda.amp.autocast():
/home/norak/R&I/kxs-/train.py:169: FutureWarning: `torch.cuda.amp.autocast(args...)` is deprecated. Please use `torch.amp.autocast('cuda', args...)` instead.
  with torch.cuda.amp.autocast():
/home/norak/R&I/kxs-/train.py:169: FutureWarning: `torch.cuda.amp.autocast(args...)` is deprecated. Please use `torch.amp.autocast('cuda', args...)` instead.
  with torch.cuda.amp.autocast():
  [clean_qar_cross_mbert_maxfeat           ] train_qwk=0.3872 -> test_qwk=0.3932  raw_w1=0.4157  epoch=8  (57.5s)
Loading weights:   0%|          | 0/199 [00:00<?, ?it/s]Loading weights: 100%|██████████| 199/199 [00:00<00:00, 3114.90it/s]
[transformers] [1mXLMRobertaModel LOAD REPORT[0m from: xlm-roberta-base
Key                       | Status     |  | 
--------------------------+------------+--+-
lm_head.layer_norm.weight | UNEXPECTED |  | 
lm_head.bias              | UNEXPECTED |  | 
lm_head.dense.bias        | UNEXPECTED |  | 
lm_head.layer_norm.bias   | UNEXPECTED |  | 
lm_head.dense.weight      | UNEXPECTED |  | 

Notes:
- UNEXPECTED:	can be ignored when loading from different task/architecture; not ok if you expect identical arch.
/home/norak/R&I/kxs-/train.py:206: FutureWarning: `torch.cuda.amp.GradScaler(args...)` is deprecated. Please use `torch.amp.GradScaler('cuda', args...)` instead.
  scaler = torch.cuda.amp.GradScaler() if use_amp and device == "cuda" else None
/home/norak/R&I/kxs-/train.py:148: FutureWarning: `torch.cuda.amp.autocast(args...)` is deprecated. Please use `torch.amp.autocast('cuda', args...)` instead.
  with torch.cuda.amp.autocast():
/home/norak/R&I/kxs-/train.py:169: FutureWarning: `torch.cuda.amp.autocast(args...)` is deprecated. Please use `torch.amp.autocast('cuda', args...)` instead.
  with torch.cuda.amp.autocast():
    epoch  1  train_loss=0.0890  val_loss=0.0731  val_qwk=0.2576  val_acc=0.2303
/home/norak/R&I/kxs-/train.py:148: FutureWarning: `torch.cuda.amp.autocast(args...)` is deprecated. Please use `torch.amp.autocast('cuda', args...)` instead.
  with torch.cuda.amp.autocast():
/home/norak/R&I/kxs-/train.py:169: FutureWarning: `torch.cuda.amp.autocast(args...)` is deprecated. Please use `torch.amp.autocast('cuda', args...)` instead.
  with torch.cuda.amp.autocast():
    epoch  2  train_loss=0.0685  val_loss=0.0566  val_qwk=0.4697  val_acc=0.4382
/home/norak/R&I/kxs-/train.py:148: FutureWarning: `torch.cuda.amp.autocast(args...)` is deprecated. Please use `torch.amp.autocast('cuda', args...)` instead.
  with torch.cuda.amp.autocast():
/home/norak/R&I/kxs-/train.py:169: FutureWarning: `torch.cuda.amp.autocast(args...)` is deprecated. Please use `torch.amp.autocast('cuda', args...)` instead.
  with torch.cuda.amp.autocast():
    epoch  3  train_loss=0.0604  val_loss=0.0566  val_qwk=0.4745  val_acc=0.4551
/home/norak/R&I/kxs-/train.py:148: FutureWarning: `torch.cuda.amp.autocast(args...)` is deprecated. Please use `torch.amp.autocast('cuda', args...)` instead.
  with torch.cuda.amp.autocast():
/home/norak/R&I/kxs-/train.py:169: FutureWarning: `torch.cuda.amp.autocast(args...)` is deprecated. Please use `torch.amp.autocast('cuda', args...)` instead.
  with torch.cuda.amp.autocast():
    epoch  4  train_loss=0.0514  val_loss=0.0501  val_qwk=0.5186  val_acc=0.4045
/home/norak/R&I/kxs-/train.py:148: FutureWarning: `torch.cuda.amp.autocast(args...)` is deprecated. Please use `torch.amp.autocast('cuda', args...)` instead.
  with torch.cuda.amp.autocast():
/home/norak/R&I/kxs-/train.py:169: FutureWarning: `torch.cuda.amp.autocast(args...)` is deprecated. Please use `torch.amp.autocast('cuda', args...)` instead.
  with torch.cuda.amp.autocast():
    epoch  5  train_loss=0.0463  val_loss=0.0465  val_qwk=0.5430  val_acc=0.5281
/home/norak/R&I/kxs-/train.py:148: FutureWarning: `torch.cuda.amp.autocast(args...)` is deprecated. Please use `torch.amp.autocast('cuda', args...)` instead.
  with torch.cuda.amp.autocast():
/home/norak/R&I/kxs-/train.py:169: FutureWarning: `torch.cuda.amp.autocast(args...)` is deprecated. Please use `torch.amp.autocast('cuda', args...)` instead.
  with torch.cuda.amp.autocast():
    epoch  6  train_loss=0.0446  val_loss=0.0477  val_qwk=0.5802  val_acc=0.5337
/home/norak/R&I/kxs-/train.py:148: FutureWarning: `torch.cuda.amp.autocast(args...)` is deprecated. Please use `torch.amp.autocast('cuda', args...)` instead.
  with torch.cuda.amp.autocast():
/home/norak/R&I/kxs-/train.py:169: FutureWarning: `torch.cuda.amp.autocast(args...)` is deprecated. Please use `torch.amp.autocast('cuda', args...)` instead.
  with torch.cuda.amp.autocast():
    epoch  7  train_loss=0.0393  val_loss=0.0541  val_qwk=0.6103  val_acc=0.5674
/home/norak/R&I/kxs-/train.py:148: FutureWarning: `torch.cuda.amp.autocast(args...)` is deprecated. Please use `torch.amp.autocast('cuda', args...)` instead.
  with torch.cuda.amp.autocast():
/home/norak/R&I/kxs-/train.py:169: FutureWarning: `torch.cuda.amp.autocast(args...)` is deprecated. Please use `torch.amp.autocast('cuda', args...)` instead.
  with torch.cuda.amp.autocast():
    epoch  8  train_loss=0.0382  val_loss=0.0436  val_qwk=0.6706  val_acc=0.5618
/home/norak/R&I/kxs-/train.py:148: FutureWarning: `torch.cuda.amp.autocast(args...)` is deprecated. Please use `torch.amp.autocast('cuda', args...)` instead.
  with torch.cuda.amp.autocast():
/home/norak/R&I/kxs-/train.py:169: FutureWarning: `torch.cuda.amp.autocast(args...)` is deprecated. Please use `torch.amp.autocast('cuda', args...)` instead.
  with torch.cuda.amp.autocast():
    epoch  9  train_loss=0.0348  val_loss=0.0424  val_qwk=0.6914  val_acc=0.6292
/home/norak/R&I/kxs-/train.py:148: FutureWarning: `torch.cuda.amp.autocast(args...)` is deprecated. Please use `torch.amp.autocast('cuda', args...)` instead.
  with torch.cuda.amp.autocast():
/home/norak/R&I/kxs-/train.py:169: FutureWarning: `torch.cuda.amp.autocast(args...)` is deprecated. Please use `torch.amp.autocast('cuda', args...)` instead.
  with torch.cuda.amp.autocast():
    epoch 10  train_loss=0.0338  val_loss=0.0435  val_qwk=0.6630  val_acc=0.5843
/home/norak/R&I/kxs-/train.py:148: FutureWarning: `torch.cuda.amp.autocast(args...)` is deprecated. Please use `torch.amp.autocast('cuda', args...)` instead.
  with torch.cuda.amp.autocast():
/home/norak/R&I/kxs-/train.py:169: FutureWarning: `torch.cuda.amp.autocast(args...)` is deprecated. Please use `torch.amp.autocast('cuda', args...)` instead.
  with torch.cuda.amp.autocast():
    epoch 11  train_loss=0.0341  val_loss=0.0393  val_qwk=0.6997  val_acc=0.5618
/home/norak/R&I/kxs-/train.py:148: FutureWarning: `torch.cuda.amp.autocast(args...)` is deprecated. Please use `torch.amp.autocast('cuda', args...)` instead.
  with torch.cuda.amp.autocast():
/home/norak/R&I/kxs-/train.py:169: FutureWarning: `torch.cuda.amp.autocast(args...)` is deprecated. Please use `torch.amp.autocast('cuda', args...)` instead.
  with torch.cuda.amp.autocast():
    epoch 12  train_loss=0.0298  val_loss=0.0412  val_qwk=0.7003  val_acc=0.5955
/home/norak/R&I/kxs-/train.py:148: FutureWarning: `torch.cuda.amp.autocast(args...)` is deprecated. Please use `torch.amp.autocast('cuda', args...)` instead.
  with torch.cuda.amp.autocast():
/home/norak/R&I/kxs-/train.py:169: FutureWarning: `torch.cuda.amp.autocast(args...)` is deprecated. Please use `torch.amp.autocast('cuda', args...)` instead.
  with torch.cuda.amp.autocast():
    epoch 13  train_loss=0.0279  val_loss=0.0395  val_qwk=0.6710  val_acc=0.5787
/home/norak/R&I/kxs-/train.py:148: FutureWarning: `torch.cuda.amp.autocast(args...)` is deprecated. Please use `torch.amp.autocast('cuda', args...)` instead.
  with torch.cuda.amp.autocast():
/home/norak/R&I/kxs-/train.py:169: FutureWarning: `torch.cuda.amp.autocast(args...)` is deprecated. Please use `torch.amp.autocast('cuda', args...)` instead.
  with torch.cuda.amp.autocast():
    epoch 14  train_loss=0.0288  val_loss=0.0476  val_qwk=0.6309  val_acc=0.5730
/home/norak/R&I/kxs-/train.py:148: FutureWarning: `torch.cuda.amp.autocast(args...)` is deprecated. Please use `torch.amp.autocast('cuda', args...)` instead.
  with torch.cuda.amp.autocast():
/home/norak/R&I/kxs-/train.py:169: FutureWarning: `torch.cuda.amp.autocast(args...)` is deprecated. Please use `torch.amp.autocast('cuda', args...)` instead.
  with torch.cuda.amp.autocast():
    epoch 15  train_loss=0.0256  val_loss=0.0466  val_qwk=0.6848  val_acc=0.6180
/home/norak/R&I/kxs-/train.py:148: FutureWarning: `torch.cuda.amp.autocast(args...)` is deprecated. Please use `torch.amp.autocast('cuda', args...)` instead.
  with torch.cuda.amp.autocast():
/home/norak/R&I/kxs-/train.py:169: FutureWarning: `torch.cuda.amp.autocast(args...)` is deprecated. Please use `torch.amp.autocast('cuda', args...)` instead.
  with torch.cuda.amp.autocast():
    epoch 16  train_loss=0.0267  val_loss=0.0426  val_qwk=0.7002  val_acc=0.6629
    early-stop at epoch 16 (best epoch=12, best_qwk=0.7003)
/home/norak/R&I/kxs-/train.py:169: FutureWarning: `torch.cuda.amp.autocast(args...)` is deprecated. Please use `torch.amp.autocast('cuda', args...)` instead.
  with torch.cuda.amp.autocast():
/home/norak/R&I/kxs-/train.py:169: FutureWarning: `torch.cuda.amp.autocast(args...)` is deprecated. Please use `torch.amp.autocast('cuda', args...)` instead.
  with torch.cuda.amp.autocast():
/home/norak/R&I/kxs-/train.py:169: FutureWarning: `torch.cuda.amp.autocast(args...)` is deprecated. Please use `torch.amp.autocast('cuda', args...)` instead.
  with torch.cuda.amp.autocast():
  [clean_qar_cross_xlmr_maxfeat            ] train_qwk=0.8043 -> test_qwk=0.7102  raw_w1=0.6854  epoch=12  (84.1s)
Loading weights:   0%|          | 0/136 [00:00<?, ?it/s]Loading weights:  57%|█████▋    | 78/136 [00:00<00:00, 776.13it/s]Loading weights: 100%|██████████| 136/136 [00:00<00:00, 1016.71it/s]
[transformers] [1mNewModel LOAD REPORT[0m from: Alibaba-NLP/gte-multilingual-base
Key               | Status     |  | 
------------------+------------+--+-
classifier.weight | UNEXPECTED |  | 
classifier.bias   | UNEXPECTED |  | 

Notes:
- UNEXPECTED:	can be ignored when loading from different task/architecture; not ok if you expect identical arch.
/home/norak/R&I/kxs-/train.py:206: FutureWarning: `torch.cuda.amp.GradScaler(args...)` is deprecated. Please use `torch.amp.GradScaler('cuda', args...)` instead.
  scaler = torch.cuda.amp.GradScaler() if use_amp and device == "cuda" else None
/home/norak/R&I/kxs-/train.py:148: FutureWarning: `torch.cuda.amp.autocast(args...)` is deprecated. Please use `torch.amp.autocast('cuda', args...)` instead.
  with torch.cuda.amp.autocast():
/home/norak/R&I/kxs-/train.py:169: FutureWarning: `torch.cuda.amp.autocast(args...)` is deprecated. Please use `torch.amp.autocast('cuda', args...)` instead.
  with torch.cuda.amp.autocast():
    epoch  1  train_loss=0.0713  val_loss=0.0580  val_qwk=0.4504  val_acc=0.3371
/home/norak/R&I/kxs-/train.py:148: FutureWarning: `torch.cuda.amp.autocast(args...)` is deprecated. Please use `torch.amp.autocast('cuda', args...)` instead.
  with torch.cuda.amp.autocast():
/home/norak/R&I/kxs-/train.py:169: FutureWarning: `torch.cuda.amp.autocast(args...)` is deprecated. Please use `torch.amp.autocast('cuda', args...)` instead.
  with torch.cuda.amp.autocast():
    epoch  2  train_loss=0.0512  val_loss=0.0506  val_qwk=0.4907  val_acc=0.4213
/home/norak/R&I/kxs-/train.py:148: FutureWarning: `torch.cuda.amp.autocast(args...)` is deprecated. Please use `torch.amp.autocast('cuda', args...)` instead.
  with torch.cuda.amp.autocast():
/home/norak/R&I/kxs-/train.py:169: FutureWarning: `torch.cuda.amp.autocast(args...)` is deprecated. Please use `torch.amp.autocast('cuda', args...)` instead.
  with torch.cuda.amp.autocast():
    epoch  3  train_loss=0.0462  val_loss=0.0566  val_qwk=0.4862  val_acc=0.4663
/home/norak/R&I/kxs-/train.py:148: FutureWarning: `torch.cuda.amp.autocast(args...)` is deprecated. Please use `torch.amp.autocast('cuda', args...)` instead.
  with torch.cuda.amp.autocast():
/home/norak/R&I/kxs-/train.py:169: FutureWarning: `torch.cuda.amp.autocast(args...)` is deprecated. Please use `torch.amp.autocast('cuda', args...)` instead.
  with torch.cuda.amp.autocast():
    epoch  4  train_loss=0.0425  val_loss=0.0482  val_qwk=0.5953  val_acc=0.6011
/home/norak/R&I/kxs-/train.py:148: FutureWarning: `torch.cuda.amp.autocast(args...)` is deprecated. Please use `torch.amp.autocast('cuda', args...)` instead.
  with torch.cuda.amp.autocast():
/home/norak/R&I/kxs-/train.py:169: FutureWarning: `torch.cuda.amp.autocast(args...)` is deprecated. Please use `torch.amp.autocast('cuda', args...)` instead.
  with torch.cuda.amp.autocast():
    epoch  5  train_loss=0.0367  val_loss=0.0475  val_qwk=0.6034  val_acc=0.5730
/home/norak/R&I/kxs-/train.py:148: FutureWarning: `torch.cuda.amp.autocast(args...)` is deprecated. Please use `torch.amp.autocast('cuda', args...)` instead.
  with torch.cuda.amp.autocast():
/home/norak/R&I/kxs-/train.py:169: FutureWarning: `torch.cuda.amp.autocast(args...)` is deprecated. Please use `torch.amp.autocast('cuda', args...)` instead.
  with torch.cuda.amp.autocast():
    epoch  6  train_loss=0.0363  val_loss=0.0455  val_qwk=0.6504  val_acc=0.6011
/home/norak/R&I/kxs-/train.py:148: FutureWarning: `torch.cuda.amp.autocast(args...)` is deprecated. Please use `torch.amp.autocast('cuda', args...)` instead.
  with torch.cuda.amp.autocast():
/home/norak/R&I/kxs-/train.py:169: FutureWarning: `torch.cuda.amp.autocast(args...)` is deprecated. Please use `torch.amp.autocast('cuda', args...)` instead.
  with torch.cuda.amp.autocast():
    epoch  7  train_loss=0.0337  val_loss=0.0526  val_qwk=0.6021  val_acc=0.5730
/home/norak/R&I/kxs-/train.py:148: FutureWarning: `torch.cuda.amp.autocast(args...)` is deprecated. Please use `torch.amp.autocast('cuda', args...)` instead.
  with torch.cuda.amp.autocast():
/home/norak/R&I/kxs-/train.py:169: FutureWarning: `torch.cuda.amp.autocast(args...)` is deprecated. Please use `torch.amp.autocast('cuda', args...)` instead.
  with torch.cuda.amp.autocast():
    epoch  8  train_loss=0.0324  val_loss=0.0455  val_qwk=0.6582  val_acc=0.5787
/home/norak/R&I/kxs-/train.py:148: FutureWarning: `torch.cuda.amp.autocast(args...)` is deprecated. Please use `torch.amp.autocast('cuda', args...)` instead.
  with torch.cuda.amp.autocast():
/home/norak/R&I/kxs-/train.py:169: FutureWarning: `torch.cuda.amp.autocast(args...)` is deprecated. Please use `torch.amp.autocast('cuda', args...)` instead.
  with torch.cuda.amp.autocast():
    epoch  9  train_loss=0.0278  val_loss=0.0451  val_qwk=0.6302  val_acc=0.6067
/home/norak/R&I/kxs-/train.py:148: FutureWarning: `torch.cuda.amp.autocast(args...)` is deprecated. Please use `torch.amp.autocast('cuda', args...)` instead.
  with torch.cuda.amp.autocast():
/home/norak/R&I/kxs-/train.py:169: FutureWarning: `torch.cuda.amp.autocast(args...)` is deprecated. Please use `torch.amp.autocast('cuda', args...)` instead.
  with torch.cuda.amp.autocast():
    epoch 10  train_loss=0.0284  val_loss=0.0446  val_qwk=0.6031  val_acc=0.5730
/home/norak/R&I/kxs-/train.py:148: FutureWarning: `torch.cuda.amp.autocast(args...)` is deprecated. Please use `torch.amp.autocast('cuda', args...)` instead.
  with torch.cuda.amp.autocast():
/home/norak/R&I/kxs-/train.py:169: FutureWarning: `torch.cuda.amp.autocast(args...)` is deprecated. Please use `torch.amp.autocast('cuda', args...)` instead.
  with torch.cuda.amp.autocast():
    epoch 11  train_loss=0.0273  val_loss=0.0445  val_qwk=0.5967  val_acc=0.5787
/home/norak/R&I/kxs-/train.py:148: FutureWarning: `torch.cuda.amp.autocast(args...)` is deprecated. Please use `torch.amp.autocast('cuda', args...)` instead.
  with torch.cuda.amp.autocast():
/home/norak/R&I/kxs-/train.py:169: FutureWarning: `torch.cuda.amp.autocast(args...)` is deprecated. Please use `torch.amp.autocast('cuda', args...)` instead.
  with torch.cuda.amp.autocast():
    epoch 12  train_loss=0.0259  val_loss=0.0389  val_qwk=0.6644  val_acc=0.6517
/home/norak/R&I/kxs-/train.py:148: FutureWarning: `torch.cuda.amp.autocast(args...)` is deprecated. Please use `torch.amp.autocast('cuda', args...)` instead.
  with torch.cuda.amp.autocast():
/home/norak/R&I/kxs-/train.py:169: FutureWarning: `torch.cuda.amp.autocast(args...)` is deprecated. Please use `torch.amp.autocast('cuda', args...)` instead.
  with torch.cuda.amp.autocast():
    epoch 13  train_loss=0.0240  val_loss=0.0459  val_qwk=0.6340  val_acc=0.5730
/home/norak/R&I/kxs-/train.py:148: FutureWarning: `torch.cuda.amp.autocast(args...)` is deprecated. Please use `torch.amp.autocast('cuda', args...)` instead.
  with torch.cuda.amp.autocast():
/home/norak/R&I/kxs-/train.py:169: FutureWarning: `torch.cuda.amp.autocast(args...)` is deprecated. Please use `torch.amp.autocast('cuda', args...)` instead.
  with torch.cuda.amp.autocast():
    epoch 14  train_loss=0.0241  val_loss=0.0413  val_qwk=0.6596  val_acc=0.6067
/home/norak/R&I/kxs-/train.py:148: FutureWarning: `torch.cuda.amp.autocast(args...)` is deprecated. Please use `torch.amp.autocast('cuda', args...)` instead.
  with torch.cuda.amp.autocast():
/home/norak/R&I/kxs-/train.py:169: FutureWarning: `torch.cuda.amp.autocast(args...)` is deprecated. Please use `torch.amp.autocast('cuda', args...)` instead.
  with torch.cuda.amp.autocast():
    epoch 15  train_loss=0.0212  val_loss=0.0392  val_qwk=0.7269  val_acc=0.6461
/home/norak/R&I/kxs-/train.py:148: FutureWarning: `torch.cuda.amp.autocast(args...)` is deprecated. Please use `torch.amp.autocast('cuda', args...)` instead.
  with torch.cuda.amp.autocast():
/home/norak/R&I/kxs-/train.py:169: FutureWarning: `torch.cuda.amp.autocast(args...)` is deprecated. Please use `torch.amp.autocast('cuda', args...)` instead.
  with torch.cuda.amp.autocast():
    epoch 16  train_loss=0.0201  val_loss=0.0363  val_qwk=0.7159  val_acc=0.6348
/home/norak/R&I/kxs-/train.py:148: FutureWarning: `torch.cuda.amp.autocast(args...)` is deprecated. Please use `torch.amp.autocast('cuda', args...)` instead.
  with torch.cuda.amp.autocast():
/home/norak/R&I/kxs-/train.py:169: FutureWarning: `torch.cuda.amp.autocast(args...)` is deprecated. Please use `torch.amp.autocast('cuda', args...)` instead.
  with torch.cuda.amp.autocast():
    epoch 17  train_loss=0.0206  val_loss=0.0343  val_qwk=0.7125  val_acc=0.6404
/home/norak/R&I/kxs-/train.py:148: FutureWarning: `torch.cuda.amp.autocast(args...)` is deprecated. Please use `torch.amp.autocast('cuda', args...)` instead.
  with torch.cuda.amp.autocast():
/home/norak/R&I/kxs-/train.py:169: FutureWarning: `torch.cuda.amp.autocast(args...)` is deprecated. Please use `torch.amp.autocast('cuda', args...)` instead.
  with torch.cuda.amp.autocast():
    epoch 18  train_loss=0.0188  val_loss=0.0328  val_qwk=0.7235  val_acc=0.6404
/home/norak/R&I/kxs-/train.py:148: FutureWarning: `torch.cuda.amp.autocast(args...)` is deprecated. Please use `torch.amp.autocast('cuda', args...)` instead.
  with torch.cuda.amp.autocast():
/home/norak/R&I/kxs-/train.py:169: FutureWarning: `torch.cuda.amp.autocast(args...)` is deprecated. Please use `torch.amp.autocast('cuda', args...)` instead.
  with torch.cuda.amp.autocast():
    epoch 19  train_loss=0.0175  val_loss=0.0402  val_qwk=0.6353  val_acc=0.6292
    early-stop at epoch 19 (best epoch=15, best_qwk=0.7269)
/home/norak/R&I/kxs-/train.py:169: FutureWarning: `torch.cuda.amp.autocast(args...)` is deprecated. Please use `torch.amp.autocast('cuda', args...)` instead.
  with torch.cuda.amp.autocast():
/home/norak/R&I/kxs-/train.py:169: FutureWarning: `torch.cuda.amp.autocast(args...)` is deprecated. Please use `torch.amp.autocast('cuda', args...)` instead.
  with torch.cuda.amp.autocast():
/home/norak/R&I/kxs-/train.py:169: FutureWarning: `torch.cuda.amp.autocast(args...)` is deprecated. Please use `torch.amp.autocast('cuda', args...)` instead.
  with torch.cuda.amp.autocast():
  [clean_qar_cross_gte_maxfeat             ] train_qwk=0.8337 -> test_qwk=0.7604  raw_w1=0.7135  epoch=15  (107.4s)
Loading weights:   0%|          | 0/199 [00:00<?, ?it/s]Loading weights: 100%|██████████| 199/199 [00:00<00:00, 2745.91it/s]
[transformers] [1mBertModel LOAD REPORT[0m from: bert-base-multilingual-cased
Key                                        | Status     |  | 
-------------------------------------------+------------+--+-
cls.seq_relationship.weight                | UNEXPECTED |  | 
cls.predictions.transform.LayerNorm.weight | UNEXPECTED |  | 
cls.predictions.transform.dense.bias       | UNEXPECTED |  | 
cls.predictions.transform.dense.weight     | UNEXPECTED |  | 
cls.predictions.transform.LayerNorm.bias   | UNEXPECTED |  | 
cls.seq_relationship.bias                  | UNEXPECTED |  | 
cls.predictions.bias                       | UNEXPECTED |  | 

Notes:
- UNEXPECTED:	can be ignored when loading from different task/architecture; not ok if you expect identical arch.
/home/norak/R&I/kxs-/train.py:206: FutureWarning: `torch.cuda.amp.GradScaler(args...)` is deprecated. Please use `torch.amp.GradScaler('cuda', args...)` instead.
  scaler = torch.cuda.amp.GradScaler() if use_amp and device == "cuda" else None
/home/norak/R&I/kxs-/train.py:148: FutureWarning: `torch.cuda.amp.autocast(args...)` is deprecated. Please use `torch.amp.autocast('cuda', args...)` instead.
  with torch.cuda.amp.autocast():
/home/norak/R&I/kxs-/train.py:169: FutureWarning: `torch.cuda.amp.autocast(args...)` is deprecated. Please use `torch.amp.autocast('cuda', args...)` instead.
  with torch.cuda.amp.autocast():
    epoch  1  train_loss=0.0741  val_loss=0.0647  val_qwk=0.2200  val_acc=0.2303
/home/norak/R&I/kxs-/train.py:148: FutureWarning: `torch.cuda.amp.autocast(args...)` is deprecated. Please use `torch.amp.autocast('cuda', args...)` instead.
  with torch.cuda.amp.autocast():
/home/norak/R&I/kxs-/train.py:169: FutureWarning: `torch.cuda.amp.autocast(args...)` is deprecated. Please use `torch.amp.autocast('cuda', args...)` instead.
  with torch.cuda.amp.autocast():
    epoch  2  train_loss=0.0644  val_loss=0.0623  val_qwk=0.2337  val_acc=0.2809
/home/norak/R&I/kxs-/train.py:148: FutureWarning: `torch.cuda.amp.autocast(args...)` is deprecated. Please use `torch.amp.autocast('cuda', args...)` instead.
  with torch.cuda.amp.autocast():
/home/norak/R&I/kxs-/train.py:169: FutureWarning: `torch.cuda.amp.autocast(args...)` is deprecated. Please use `torch.amp.autocast('cuda', args...)` instead.
  with torch.cuda.amp.autocast():
    epoch  3  train_loss=0.0574  val_loss=0.0711  val_qwk=0.2028  val_acc=0.2472
/home/norak/R&I/kxs-/train.py:148: FutureWarning: `torch.cuda.amp.autocast(args...)` is deprecated. Please use `torch.amp.autocast('cuda', args...)` instead.
  with torch.cuda.amp.autocast():
/home/norak/R&I/kxs-/train.py:169: FutureWarning: `torch.cuda.amp.autocast(args...)` is deprecated. Please use `torch.amp.autocast('cuda', args...)` instead.
  with torch.cuda.amp.autocast():
    epoch  4  train_loss=0.0557  val_loss=0.0593  val_qwk=0.3147  val_acc=0.3034
/home/norak/R&I/kxs-/train.py:148: FutureWarning: `torch.cuda.amp.autocast(args...)` is deprecated. Please use `torch.amp.autocast('cuda', args...)` instead.
  with torch.cuda.amp.autocast():
/home/norak/R&I/kxs-/train.py:169: FutureWarning: `torch.cuda.amp.autocast(args...)` is deprecated. Please use `torch.amp.autocast('cuda', args...)` instead.
  with torch.cuda.amp.autocast():
    epoch  5  train_loss=0.0538  val_loss=0.0561  val_qwk=0.3576  val_acc=0.3483
/home/norak/R&I/kxs-/train.py:148: FutureWarning: `torch.cuda.amp.autocast(args...)` is deprecated. Please use `torch.amp.autocast('cuda', args...)` instead.
  with torch.cuda.amp.autocast():
/home/norak/R&I/kxs-/train.py:169: FutureWarning: `torch.cuda.amp.autocast(args...)` is deprecated. Please use `torch.amp.autocast('cuda', args...)` instead.
  with torch.cuda.amp.autocast():
    epoch  6  train_loss=0.0537  val_loss=0.0571  val_qwk=0.3760  val_acc=0.3090
/home/norak/R&I/kxs-/train.py:148: FutureWarning: `torch.cuda.amp.autocast(args...)` is deprecated. Please use `torch.amp.autocast('cuda', args...)` instead.
  with torch.cuda.amp.autocast():
/home/norak/R&I/kxs-/train.py:169: FutureWarning: `torch.cuda.amp.autocast(args...)` is deprecated. Please use `torch.amp.autocast('cuda', args...)` instead.
  with torch.cuda.amp.autocast():
    epoch  7  train_loss=0.0524  val_loss=0.0561  val_qwk=0.3580  val_acc=0.3146
/home/norak/R&I/kxs-/train.py:148: FutureWarning: `torch.cuda.amp.autocast(args...)` is deprecated. Please use `torch.amp.autocast('cuda', args...)` instead.
  with torch.cuda.amp.autocast():
/home/norak/R&I/kxs-/train.py:169: FutureWarning: `torch.cuda.amp.autocast(args...)` is deprecated. Please use `torch.amp.autocast('cuda', args...)` instead.
  with torch.cuda.amp.autocast():
    epoch  8  train_loss=0.0535  val_loss=0.0591  val_qwk=0.4310  val_acc=0.3596
/home/norak/R&I/kxs-/train.py:148: FutureWarning: `torch.cuda.amp.autocast(args...)` is deprecated. Please use `torch.amp.autocast('cuda', args...)` instead.
  with torch.cuda.amp.autocast():
/home/norak/R&I/kxs-/train.py:169: FutureWarning: `torch.cuda.amp.autocast(args...)` is deprecated. Please use `torch.amp.autocast('cuda', args...)` instead.
  with torch.cuda.amp.autocast():
    epoch  9  train_loss=0.0510  val_loss=0.0564  val_qwk=0.4420  val_acc=0.4213
/home/norak/R&I/kxs-/train.py:148: FutureWarning: `torch.cuda.amp.autocast(args...)` is deprecated. Please use `torch.amp.autocast('cuda', args...)` instead.
  with torch.cuda.amp.autocast():
/home/norak/R&I/kxs-/train.py:169: FutureWarning: `torch.cuda.amp.autocast(args...)` is deprecated. Please use `torch.amp.autocast('cuda', args...)` instead.
  with torch.cuda.amp.autocast():
    epoch 10  train_loss=0.0500  val_loss=0.0560  val_qwk=0.5381  val_acc=0.4494
/home/norak/R&I/kxs-/train.py:148: FutureWarning: `torch.cuda.amp.autocast(args...)` is deprecated. Please use `torch.amp.autocast('cuda', args...)` instead.
  with torch.cuda.amp.autocast():
/home/norak/R&I/kxs-/train.py:169: FutureWarning: `torch.cuda.amp.autocast(args...)` is deprecated. Please use `torch.amp.autocast('cuda', args...)` instead.
  with torch.cuda.amp.autocast():
    epoch 11  train_loss=0.0503  val_loss=0.0550  val_qwk=0.3872  val_acc=0.3764
/home/norak/R&I/kxs-/train.py:148: FutureWarning: `torch.cuda.amp.autocast(args...)` is deprecated. Please use `torch.amp.autocast('cuda', args...)` instead.
  with torch.cuda.amp.autocast():
/home/norak/R&I/kxs-/train.py:169: FutureWarning: `torch.cuda.amp.autocast(args...)` is deprecated. Please use `torch.amp.autocast('cuda', args...)` instead.
  with torch.cuda.amp.autocast():
    epoch 12  train_loss=0.0494  val_loss=0.0510  val_qwk=0.4851  val_acc=0.3764
/home/norak/R&I/kxs-/train.py:148: FutureWarning: `torch.cuda.amp.autocast(args...)` is deprecated. Please use `torch.amp.autocast('cuda', args...)` instead.
  with torch.cuda.amp.autocast():
/home/norak/R&I/kxs-/train.py:169: FutureWarning: `torch.cuda.amp.autocast(args...)` is deprecated. Please use `torch.amp.autocast('cuda', args...)` instead.
  with torch.cuda.amp.autocast():
    epoch 13  train_loss=0.0490  val_loss=0.0510  val_qwk=0.4488  val_acc=0.3764
/home/norak/R&I/kxs-/train.py:148: FutureWarning: `torch.cuda.amp.autocast(args...)` is deprecated. Please use `torch.amp.autocast('cuda', args...)` instead.
  with torch.cuda.amp.autocast():
/home/norak/R&I/kxs-/train.py:169: FutureWarning: `torch.cuda.amp.autocast(args...)` is deprecated. Please use `torch.amp.autocast('cuda', args...)` instead.
  with torch.cuda.amp.autocast():
    epoch 14  train_loss=0.0486  val_loss=0.0515  val_qwk=0.4319  val_acc=0.3933
    early-stop at epoch 14 (best epoch=10, best_qwk=0.5381)
/home/norak/R&I/kxs-/train.py:169: FutureWarning: `torch.cuda.amp.autocast(args...)` is deprecated. Please use `torch.amp.autocast('cuda', args...)` instead.
  with torch.cuda.amp.autocast():
/home/norak/R&I/kxs-/train.py:169: FutureWarning: `torch.cuda.amp.autocast(args...)` is deprecated. Please use `torch.amp.autocast('cuda', args...)` instead.
  with torch.cuda.amp.autocast():
/home/norak/R&I/kxs-/train.py:169: FutureWarning: `torch.cuda.amp.autocast(args...)` is deprecated. Please use `torch.amp.autocast('cuda', args...)` instead.
  with torch.cuda.amp.autocast():
  [segment_ra_dual_mbert_maxfeat           ] train_qwk=0.5037 -> test_qwk=0.5047  raw_w1=0.5393  epoch=10  (119.4s)
Loading weights:   0%|          | 0/199 [00:00<?, ?it/s]Loading weights: 100%|██████████| 199/199 [00:00<00:00, 2992.60it/s]
[transformers] [1mXLMRobertaModel LOAD REPORT[0m from: xlm-roberta-base
Key                       | Status     |  | 
--------------------------+------------+--+-
lm_head.layer_norm.weight | UNEXPECTED |  | 
lm_head.bias              | UNEXPECTED |  | 
lm_head.dense.bias        | UNEXPECTED |  | 
lm_head.layer_norm.bias   | UNEXPECTED |  | 
lm_head.dense.weight      | UNEXPECTED |  | 

Notes:
- UNEXPECTED:	can be ignored when loading from different task/architecture; not ok if you expect identical arch.
/home/norak/R&I/kxs-/train.py:206: FutureWarning: `torch.cuda.amp.GradScaler(args...)` is deprecated. Please use `torch.amp.GradScaler('cuda', args...)` instead.
  scaler = torch.cuda.amp.GradScaler() if use_amp and device == "cuda" else None
/home/norak/R&I/kxs-/train.py:148: FutureWarning: `torch.cuda.amp.autocast(args...)` is deprecated. Please use `torch.amp.autocast('cuda', args...)` instead.
  with torch.cuda.amp.autocast():
/home/norak/R&I/kxs-/train.py:169: FutureWarning: `torch.cuda.amp.autocast(args...)` is deprecated. Please use `torch.amp.autocast('cuda', args...)` instead.
  with torch.cuda.amp.autocast():
    epoch  1  train_loss=0.1026  val_loss=0.0577  val_qwk=0.4082  val_acc=0.3820
/home/norak/R&I/kxs-/train.py:148: FutureWarning: `torch.cuda.amp.autocast(args...)` is deprecated. Please use `torch.amp.autocast('cuda', args...)` instead.
  with torch.cuda.amp.autocast():
/home/norak/R&I/kxs-/train.py:169: FutureWarning: `torch.cuda.amp.autocast(args...)` is deprecated. Please use `torch.amp.autocast('cuda', args...)` instead.
  with torch.cuda.amp.autocast():
    epoch  2  train_loss=0.0633  val_loss=0.0577  val_qwk=0.4424  val_acc=0.3876
/home/norak/R&I/kxs-/train.py:148: FutureWarning: `torch.cuda.amp.autocast(args...)` is deprecated. Please use `torch.amp.autocast('cuda', args...)` instead.
  with torch.cuda.amp.autocast():
/home/norak/R&I/kxs-/train.py:169: FutureWarning: `torch.cuda.amp.autocast(args...)` is deprecated. Please use `torch.amp.autocast('cuda', args...)` instead.
  with torch.cuda.amp.autocast():
    epoch  3  train_loss=0.0540  val_loss=0.0524  val_qwk=0.4818  val_acc=0.4213
/home/norak/R&I/kxs-/train.py:148: FutureWarning: `torch.cuda.amp.autocast(args...)` is deprecated. Please use `torch.amp.autocast('cuda', args...)` instead.
  with torch.cuda.amp.autocast():
/home/norak/R&I/kxs-/train.py:169: FutureWarning: `torch.cuda.amp.autocast(args...)` is deprecated. Please use `torch.amp.autocast('cuda', args...)` instead.
  with torch.cuda.amp.autocast():
    epoch  4  train_loss=0.0461  val_loss=0.0474  val_qwk=0.5502  val_acc=0.4831
/home/norak/R&I/kxs-/train.py:148: FutureWarning: `torch.cuda.amp.autocast(args...)` is deprecated. Please use `torch.amp.autocast('cuda', args...)` instead.
  with torch.cuda.amp.autocast():
/home/norak/R&I/kxs-/train.py:169: FutureWarning: `torch.cuda.amp.autocast(args...)` is deprecated. Please use `torch.amp.autocast('cuda', args...)` instead.
  with torch.cuda.amp.autocast():
    epoch  5  train_loss=0.0414  val_loss=0.0455  val_qwk=0.5741  val_acc=0.5281
/home/norak/R&I/kxs-/train.py:148: FutureWarning: `torch.cuda.amp.autocast(args...)` is deprecated. Please use `torch.amp.autocast('cuda', args...)` instead.
  with torch.cuda.amp.autocast():
/home/norak/R&I/kxs-/train.py:169: FutureWarning: `torch.cuda.amp.autocast(args...)` is deprecated. Please use `torch.amp.autocast('cuda', args...)` instead.
  with torch.cuda.amp.autocast():
    epoch  6  train_loss=0.0367  val_loss=0.0391  val_qwk=0.6738  val_acc=0.5674
/home/norak/R&I/kxs-/train.py:148: FutureWarning: `torch.cuda.amp.autocast(args...)` is deprecated. Please use `torch.amp.autocast('cuda', args...)` instead.
  with torch.cuda.amp.autocast():
/home/norak/R&I/kxs-/train.py:169: FutureWarning: `torch.cuda.amp.autocast(args...)` is deprecated. Please use `torch.amp.autocast('cuda', args...)` instead.
  with torch.cuda.amp.autocast():
    epoch  7  train_loss=0.0342  val_loss=0.0413  val_qwk=0.6082  val_acc=0.5337
/home/norak/R&I/kxs-/train.py:148: FutureWarning: `torch.cuda.amp.autocast(args...)` is deprecated. Please use `torch.amp.autocast('cuda', args...)` instead.
  with torch.cuda.amp.autocast():
/home/norak/R&I/kxs-/train.py:169: FutureWarning: `torch.cuda.amp.autocast(args...)` is deprecated. Please use `torch.amp.autocast('cuda', args...)` instead.
  with torch.cuda.amp.autocast():
    epoch  8  train_loss=0.0311  val_loss=0.0393  val_qwk=0.6852  val_acc=0.5169
/home/norak/R&I/kxs-/train.py:148: FutureWarning: `torch.cuda.amp.autocast(args...)` is deprecated. Please use `torch.amp.autocast('cuda', args...)` instead.
  with torch.cuda.amp.autocast():
/home/norak/R&I/kxs-/train.py:169: FutureWarning: `torch.cuda.amp.autocast(args...)` is deprecated. Please use `torch.amp.autocast('cuda', args...)` instead.
  with torch.cuda.amp.autocast():
    epoch  9  train_loss=0.0298  val_loss=0.0359  val_qwk=0.7037  val_acc=0.5843
/home/norak/R&I/kxs-/train.py:148: FutureWarning: `torch.cuda.amp.autocast(args...)` is deprecated. Please use `torch.amp.autocast('cuda', args...)` instead.
  with torch.cuda.amp.autocast():
/home/norak/R&I/kxs-/train.py:169: FutureWarning: `torch.cuda.amp.autocast(args...)` is deprecated. Please use `torch.amp.autocast('cuda', args...)` instead.
  with torch.cuda.amp.autocast():
    epoch 10  train_loss=0.0274  val_loss=0.0365  val_qwk=0.6734  val_acc=0.5562
/home/norak/R&I/kxs-/train.py:148: FutureWarning: `torch.cuda.amp.autocast(args...)` is deprecated. Please use `torch.amp.autocast('cuda', args...)` instead.
  with torch.cuda.amp.autocast():
/home/norak/R&I/kxs-/train.py:169: FutureWarning: `torch.cuda.amp.autocast(args...)` is deprecated. Please use `torch.amp.autocast('cuda', args...)` instead.
  with torch.cuda.amp.autocast():
    epoch 11  train_loss=0.0274  val_loss=0.0370  val_qwk=0.6497  val_acc=0.5562
/home/norak/R&I/kxs-/train.py:148: FutureWarning: `torch.cuda.amp.autocast(args...)` is deprecated. Please use `torch.amp.autocast('cuda', args...)` instead.
  with torch.cuda.amp.autocast():
/home/norak/R&I/kxs-/train.py:169: FutureWarning: `torch.cuda.amp.autocast(args...)` is deprecated. Please use `torch.amp.autocast('cuda', args...)` instead.
  with torch.cuda.amp.autocast():
    epoch 12  train_loss=0.0251  val_loss=0.0374  val_qwk=0.6869  val_acc=0.5843
/home/norak/R&I/kxs-/train.py:148: FutureWarning: `torch.cuda.amp.autocast(args...)` is deprecated. Please use `torch.amp.autocast('cuda', args...)` instead.
  with torch.cuda.amp.autocast():
/home/norak/R&I/kxs-/train.py:169: FutureWarning: `torch.cuda.amp.autocast(args...)` is deprecated. Please use `torch.amp.autocast('cuda', args...)` instead.
  with torch.cuda.amp.autocast():
    epoch 13  train_loss=0.0244  val_loss=0.0370  val_qwk=0.7416  val_acc=0.6124
/home/norak/R&I/kxs-/train.py:148: FutureWarning: `torch.cuda.amp.autocast(args...)` is deprecated. Please use `torch.amp.autocast('cuda', args...)` instead.
  with torch.cuda.amp.autocast():
/home/norak/R&I/kxs-/train.py:169: FutureWarning: `torch.cuda.amp.autocast(args...)` is deprecated. Please use `torch.amp.autocast('cuda', args...)` instead.
  with torch.cuda.amp.autocast():
    epoch 14  train_loss=0.0218  val_loss=0.0349  val_qwk=0.7475  val_acc=0.5899
/home/norak/R&I/kxs-/train.py:148: FutureWarning: `torch.cuda.amp.autocast(args...)` is deprecated. Please use `torch.amp.autocast('cuda', args...)` instead.
  with torch.cuda.amp.autocast():
/home/norak/R&I/kxs-/train.py:169: FutureWarning: `torch.cuda.amp.autocast(args...)` is deprecated. Please use `torch.amp.autocast('cuda', args...)` instead.
  with torch.cuda.amp.autocast():
    epoch 15  train_loss=0.0220  val_loss=0.0362  val_qwk=0.6588  val_acc=0.5562
/home/norak/R&I/kxs-/train.py:148: FutureWarning: `torch.cuda.amp.autocast(args...)` is deprecated. Please use `torch.amp.autocast('cuda', args...)` instead.
  with torch.cuda.amp.autocast():
/home/norak/R&I/kxs-/train.py:169: FutureWarning: `torch.cuda.amp.autocast(args...)` is deprecated. Please use `torch.amp.autocast('cuda', args...)` instead.
  with torch.cuda.amp.autocast():
    epoch 16  train_loss=0.0189  val_loss=0.0340  val_qwk=0.7256  val_acc=0.5843
/home/norak/R&I/kxs-/train.py:148: FutureWarning: `torch.cuda.amp.autocast(args...)` is deprecated. Please use `torch.amp.autocast('cuda', args...)` instead.
  with torch.cuda.amp.autocast():
/home/norak/R&I/kxs-/train.py:169: FutureWarning: `torch.cuda.amp.autocast(args...)` is deprecated. Please use `torch.amp.autocast('cuda', args...)` instead.
  with torch.cuda.amp.autocast():
    epoch 17  train_loss=0.0188  val_loss=0.0314  val_qwk=0.7547  val_acc=0.6348
/home/norak/R&I/kxs-/train.py:148: FutureWarning: `torch.cuda.amp.autocast(args...)` is deprecated. Please use `torch.amp.autocast('cuda', args...)` instead.
  with torch.cuda.amp.autocast():
/home/norak/R&I/kxs-/train.py:169: FutureWarning: `torch.cuda.amp.autocast(args...)` is deprecated. Please use `torch.amp.autocast('cuda', args...)` instead.
  with torch.cuda.amp.autocast():
    epoch 18  train_loss=0.0182  val_loss=0.0311  val_qwk=0.7433  val_acc=0.6404
/home/norak/R&I/kxs-/train.py:148: FutureWarning: `torch.cuda.amp.autocast(args...)` is deprecated. Please use `torch.amp.autocast('cuda', args...)` instead.
  with torch.cuda.amp.autocast():
/home/norak/R&I/kxs-/train.py:169: FutureWarning: `torch.cuda.amp.autocast(args...)` is deprecated. Please use `torch.amp.autocast('cuda', args...)` instead.
  with torch.cuda.amp.autocast():
    epoch 19  train_loss=0.0184  val_loss=0.0327  val_qwk=0.7168  val_acc=0.6461
/home/norak/R&I/kxs-/train.py:148: FutureWarning: `torch.cuda.amp.autocast(args...)` is deprecated. Please use `torch.amp.autocast('cuda', args...)` instead.
  with torch.cuda.amp.autocast():
/home/norak/R&I/kxs-/train.py:169: FutureWarning: `torch.cuda.amp.autocast(args...)` is deprecated. Please use `torch.amp.autocast('cuda', args...)` instead.
  with torch.cuda.amp.autocast():
    epoch 20  train_loss=0.0191  val_loss=0.0295  val_qwk=0.7529  val_acc=0.6236
/home/norak/R&I/kxs-/train.py:169: FutureWarning: `torch.cuda.amp.autocast(args...)` is deprecated. Please use `torch.amp.autocast('cuda', args...)` instead.
  with torch.cuda.amp.autocast():
/home/norak/R&I/kxs-/train.py:169: FutureWarning: `torch.cuda.amp.autocast(args...)` is deprecated. Please use `torch.amp.autocast('cuda', args...)` instead.
  with torch.cuda.amp.autocast():
/home/norak/R&I/kxs-/train.py:169: FutureWarning: `torch.cuda.amp.autocast(args...)` is deprecated. Please use `torch.amp.autocast('cuda', args...)` instead.
  with torch.cuda.amp.autocast():
  [segment_ra_dual_xlmr_maxfeat            ] train_qwk=0.8499 -> test_qwk=0.7675  raw_w1=0.7640  epoch=17  (169.1s)
Loading weights:   0%|          | 0/136 [00:00<?, ?it/s]Loading weights:   3%|▎         | 4/136 [00:00<00:04, 29.73it/s]Loading weights: 100%|██████████| 136/136 [00:00<00:00, 924.14it/s]
[transformers] [1mNewModel LOAD REPORT[0m from: Alibaba-NLP/gte-multilingual-base
Key               | Status     |  | 
------------------+------------+--+-
classifier.weight | UNEXPECTED |  | 
classifier.bias   | UNEXPECTED |  | 

Notes:
- UNEXPECTED:	can be ignored when loading from different task/architecture; not ok if you expect identical arch.
/home/norak/R&I/kxs-/train.py:206: FutureWarning: `torch.cuda.amp.GradScaler(args...)` is deprecated. Please use `torch.amp.GradScaler('cuda', args...)` instead.
  scaler = torch.cuda.amp.GradScaler() if use_amp and device == "cuda" else None
/home/norak/R&I/kxs-/train.py:148: FutureWarning: `torch.cuda.amp.autocast(args...)` is deprecated. Please use `torch.amp.autocast('cuda', args...)` instead.
  with torch.cuda.amp.autocast():
/home/norak/R&I/kxs-/train.py:169: FutureWarning: `torch.cuda.amp.autocast(args...)` is deprecated. Please use `torch.amp.autocast('cuda', args...)` instead.
  with torch.cuda.amp.autocast():
    epoch  1  train_loss=0.0681  val_loss=0.0504  val_qwk=0.5088  val_acc=0.4101
/home/norak/R&I/kxs-/train.py:148: FutureWarning: `torch.cuda.amp.autocast(args...)` is deprecated. Please use `torch.amp.autocast('cuda', args...)` instead.
  with torch.cuda.amp.autocast():
/home/norak/R&I/kxs-/train.py:169: FutureWarning: `torch.cuda.amp.autocast(args...)` is deprecated. Please use `torch.amp.autocast('cuda', args...)` instead.
  with torch.cuda.amp.autocast():
    epoch  2  train_loss=0.0453  val_loss=0.0390  val_qwk=0.6748  val_acc=0.5169
/home/norak/R&I/kxs-/train.py:148: FutureWarning: `torch.cuda.amp.autocast(args...)` is deprecated. Please use `torch.amp.autocast('cuda', args...)` instead.
  with torch.cuda.amp.autocast():
/home/norak/R&I/kxs-/train.py:169: FutureWarning: `torch.cuda.amp.autocast(args...)` is deprecated. Please use `torch.amp.autocast('cuda', args...)` instead.
  with torch.cuda.amp.autocast():
    epoch  3  train_loss=0.0344  val_loss=0.0347  val_qwk=0.6782  val_acc=0.5618
/home/norak/R&I/kxs-/train.py:148: FutureWarning: `torch.cuda.amp.autocast(args...)` is deprecated. Please use `torch.amp.autocast('cuda', args...)` instead.
  with torch.cuda.amp.autocast():
/home/norak/R&I/kxs-/train.py:169: FutureWarning: `torch.cuda.amp.autocast(args...)` is deprecated. Please use `torch.amp.autocast('cuda', args...)` instead.
  with torch.cuda.amp.autocast():
    epoch  4  train_loss=0.0293  val_loss=0.0357  val_qwk=0.6964  val_acc=0.5787
/home/norak/R&I/kxs-/train.py:148: FutureWarning: `torch.cuda.amp.autocast(args...)` is deprecated. Please use `torch.amp.autocast('cuda', args...)` instead.
  with torch.cuda.amp.autocast():
/home/norak/R&I/kxs-/train.py:169: FutureWarning: `torch.cuda.amp.autocast(args...)` is deprecated. Please use `torch.amp.autocast('cuda', args...)` instead.
  with torch.cuda.amp.autocast():
    epoch  5  train_loss=0.0252  val_loss=0.0319  val_qwk=0.7248  val_acc=0.6180
/home/norak/R&I/kxs-/train.py:148: FutureWarning: `torch.cuda.amp.autocast(args...)` is deprecated. Please use `torch.amp.autocast('cuda', args...)` instead.
  with torch.cuda.amp.autocast():
/home/norak/R&I/kxs-/train.py:169: FutureWarning: `torch.cuda.amp.autocast(args...)` is deprecated. Please use `torch.amp.autocast('cuda', args...)` instead.
  with torch.cuda.amp.autocast():
    epoch  6  train_loss=0.0228  val_loss=0.0316  val_qwk=0.7469  val_acc=0.6348
/home/norak/R&I/kxs-/train.py:148: FutureWarning: `torch.cuda.amp.autocast(args...)` is deprecated. Please use `torch.amp.autocast('cuda', args...)` instead.
  with torch.cuda.amp.autocast():
/home/norak/R&I/kxs-/train.py:169: FutureWarning: `torch.cuda.amp.autocast(args...)` is deprecated. Please use `torch.amp.autocast('cuda', args...)` instead.
  with torch.cuda.amp.autocast():
    epoch  7  train_loss=0.0206  val_loss=0.0304  val_qwk=0.7536  val_acc=0.6236
/home/norak/R&I/kxs-/train.py:148: FutureWarning: `torch.cuda.amp.autocast(args...)` is deprecated. Please use `torch.amp.autocast('cuda', args...)` instead.
  with torch.cuda.amp.autocast():
/home/norak/R&I/kxs-/train.py:169: FutureWarning: `torch.cuda.amp.autocast(args...)` is deprecated. Please use `torch.amp.autocast('cuda', args...)` instead.
  with torch.cuda.amp.autocast():
    epoch  8  train_loss=0.0199  val_loss=0.0326  val_qwk=0.7622  val_acc=0.6404
/home/norak/R&I/kxs-/train.py:148: FutureWarning: `torch.cuda.amp.autocast(args...)` is deprecated. Please use `torch.amp.autocast('cuda', args...)` instead.
  with torch.cuda.amp.autocast():
/home/norak/R&I/kxs-/train.py:169: FutureWarning: `torch.cuda.amp.autocast(args...)` is deprecated. Please use `torch.amp.autocast('cuda', args...)` instead.
  with torch.cuda.amp.autocast():
    epoch  9  train_loss=0.0189  val_loss=0.0317  val_qwk=0.7447  val_acc=0.6067
/home/norak/R&I/kxs-/train.py:148: FutureWarning: `torch.cuda.amp.autocast(args...)` is deprecated. Please use `torch.amp.autocast('cuda', args...)` instead.
  with torch.cuda.amp.autocast():
/home/norak/R&I/kxs-/train.py:169: FutureWarning: `torch.cuda.amp.autocast(args...)` is deprecated. Please use `torch.amp.autocast('cuda', args...)` instead.
  with torch.cuda.amp.autocast():
    epoch 10  train_loss=0.0189  val_loss=0.0269  val_qwk=0.7588  val_acc=0.6292
/home/norak/R&I/kxs-/train.py:148: FutureWarning: `torch.cuda.amp.autocast(args...)` is deprecated. Please use `torch.amp.autocast('cuda', args...)` instead.
  with torch.cuda.amp.autocast():
/home/norak/R&I/kxs-/train.py:169: FutureWarning: `torch.cuda.amp.autocast(args...)` is deprecated. Please use `torch.amp.autocast('cuda', args...)` instead.
  with torch.cuda.amp.autocast():
    epoch 11  train_loss=0.0174  val_loss=0.0296  val_qwk=0.7421  val_acc=0.6348
/home/norak/R&I/kxs-/train.py:148: FutureWarning: `torch.cuda.amp.autocast(args...)` is deprecated. Please use `torch.amp.autocast('cuda', args...)` instead.
  with torch.cuda.amp.autocast():
/home/norak/R&I/kxs-/train.py:169: FutureWarning: `torch.cuda.amp.autocast(args...)` is deprecated. Please use `torch.amp.autocast('cuda', args...)` instead.
  with torch.cuda.amp.autocast():
    epoch 12  train_loss=0.0161  val_loss=0.0280  val_qwk=0.7403  val_acc=0.6517
    early-stop at epoch 12 (best epoch=8, best_qwk=0.7622)
/home/norak/R&I/kxs-/train.py:169: FutureWarning: `torch.cuda.amp.autocast(args...)` is deprecated. Please use `torch.amp.autocast('cuda', args...)` instead.
  with torch.cuda.amp.autocast():
/home/norak/R&I/kxs-/train.py:169: FutureWarning: `torch.cuda.amp.autocast(args...)` is deprecated. Please use `torch.amp.autocast('cuda', args...)` instead.
  with torch.cuda.amp.autocast():
/home/norak/R&I/kxs-/train.py:169: FutureWarning: `torch.cuda.amp.autocast(args...)` is deprecated. Please use `torch.amp.autocast('cuda', args...)` instead.
  with torch.cuda.amp.autocast():
  [segment_ra_dual_gte_maxfeat             ] train_qwk=0.8413 -> test_qwk=0.7740  raw_w1=0.7191  epoch=8  (130.9s)
Loading weights:   0%|          | 0/199 [00:00<?, ?it/s]Loading weights: 100%|██████████| 199/199 [00:00<00:00, 2912.00it/s]
[transformers] [1mBertModel LOAD REPORT[0m from: bert-base-multilingual-cased
Key                                        | Status     |  | 
-------------------------------------------+------------+--+-
cls.seq_relationship.weight                | UNEXPECTED |  | 
cls.predictions.transform.LayerNorm.weight | UNEXPECTED |  | 
cls.predictions.transform.dense.bias       | UNEXPECTED |  | 
cls.predictions.transform.dense.weight     | UNEXPECTED |  | 
cls.predictions.transform.LayerNorm.bias   | UNEXPECTED |  | 
cls.seq_relationship.bias                  | UNEXPECTED |  | 
cls.predictions.bias                       | UNEXPECTED |  | 

Notes:
- UNEXPECTED:	can be ignored when loading from different task/architecture; not ok if you expect identical arch.
/home/norak/R&I/kxs-/train.py:206: FutureWarning: `torch.cuda.amp.GradScaler(args...)` is deprecated. Please use `torch.amp.GradScaler('cuda', args...)` instead.
  scaler = torch.cuda.amp.GradScaler() if use_amp and device == "cuda" else None
/home/norak/R&I/kxs-/train.py:148: FutureWarning: `torch.cuda.amp.autocast(args...)` is deprecated. Please use `torch.amp.autocast('cuda', args...)` instead.
  with torch.cuda.amp.autocast():
/home/norak/R&I/kxs-/train.py:169: FutureWarning: `torch.cuda.amp.autocast(args...)` is deprecated. Please use `torch.amp.autocast('cuda', args...)` instead.
  with torch.cuda.amp.autocast():
    epoch  1  train_loss=0.0804  val_loss=0.0806  val_qwk=0.0000  val_acc=0.1629
/home/norak/R&I/kxs-/train.py:148: FutureWarning: `torch.cuda.amp.autocast(args...)` is deprecated. Please use `torch.amp.autocast('cuda', args...)` instead.
  with torch.cuda.amp.autocast():
/home/norak/R&I/kxs-/train.py:169: FutureWarning: `torch.cuda.amp.autocast(args...)` is deprecated. Please use `torch.amp.autocast('cuda', args...)` instead.
  with torch.cuda.amp.autocast():
    epoch  2  train_loss=0.0752  val_loss=0.0750  val_qwk=0.1067  val_acc=0.2416
/home/norak/R&I/kxs-/train.py:148: FutureWarning: `torch.cuda.amp.autocast(args...)` is deprecated. Please use `torch.amp.autocast('cuda', args...)` instead.
  with torch.cuda.amp.autocast():
/home/norak/R&I/kxs-/train.py:169: FutureWarning: `torch.cuda.amp.autocast(args...)` is deprecated. Please use `torch.amp.autocast('cuda', args...)` instead.
  with torch.cuda.amp.autocast():
    epoch  3  train_loss=0.0709  val_loss=0.0729  val_qwk=0.1507  val_acc=0.2472
/home/norak/R&I/kxs-/train.py:148: FutureWarning: `torch.cuda.amp.autocast(args...)` is deprecated. Please use `torch.amp.autocast('cuda', args...)` instead.
  with torch.cuda.amp.autocast():
/home/norak/R&I/kxs-/train.py:169: FutureWarning: `torch.cuda.amp.autocast(args...)` is deprecated. Please use `torch.amp.autocast('cuda', args...)` instead.
  with torch.cuda.amp.autocast():
    epoch  4  train_loss=0.0673  val_loss=0.0740  val_qwk=0.1822  val_acc=0.2360
/home/norak/R&I/kxs-/train.py:148: FutureWarning: `torch.cuda.amp.autocast(args...)` is deprecated. Please use `torch.amp.autocast('cuda', args...)` instead.
  with torch.cuda.amp.autocast():
/home/norak/R&I/kxs-/train.py:169: FutureWarning: `torch.cuda.amp.autocast(args...)` is deprecated. Please use `torch.amp.autocast('cuda', args...)` instead.
  with torch.cuda.amp.autocast():
    epoch  5  train_loss=0.0659  val_loss=0.0743  val_qwk=0.1562  val_acc=0.2303
/home/norak/R&I/kxs-/train.py:148: FutureWarning: `torch.cuda.amp.autocast(args...)` is deprecated. Please use `torch.amp.autocast('cuda', args...)` instead.
  with torch.cuda.amp.autocast():
/home/norak/R&I/kxs-/train.py:169: FutureWarning: `torch.cuda.amp.autocast(args...)` is deprecated. Please use `torch.amp.autocast('cuda', args...)` instead.
  with torch.cuda.amp.autocast():
    epoch  6  train_loss=0.0643  val_loss=0.0730  val_qwk=0.2065  val_acc=0.2865
/home/norak/R&I/kxs-/train.py:148: FutureWarning: `torch.cuda.amp.autocast(args...)` is deprecated. Please use `torch.amp.autocast('cuda', args...)` instead.
  with torch.cuda.amp.autocast():
/home/norak/R&I/kxs-/train.py:169: FutureWarning: `torch.cuda.amp.autocast(args...)` is deprecated. Please use `torch.amp.autocast('cuda', args...)` instead.
  with torch.cuda.amp.autocast():
    epoch  7  train_loss=0.0636  val_loss=0.0772  val_qwk=0.2298  val_acc=0.3652
/home/norak/R&I/kxs-/train.py:148: FutureWarning: `torch.cuda.amp.autocast(args...)` is deprecated. Please use `torch.amp.autocast('cuda', args...)` instead.
  with torch.cuda.amp.autocast():
/home/norak/R&I/kxs-/train.py:169: FutureWarning: `torch.cuda.amp.autocast(args...)` is deprecated. Please use `torch.amp.autocast('cuda', args...)` instead.
  with torch.cuda.amp.autocast():
    epoch  8  train_loss=0.0650  val_loss=0.0739  val_qwk=0.2899  val_acc=0.3371
/home/norak/R&I/kxs-/train.py:148: FutureWarning: `torch.cuda.amp.autocast(args...)` is deprecated. Please use `torch.amp.autocast('cuda', args...)` instead.
  with torch.cuda.amp.autocast():
/home/norak/R&I/kxs-/train.py:169: FutureWarning: `torch.cuda.amp.autocast(args...)` is deprecated. Please use `torch.amp.autocast('cuda', args...)` instead.
  with torch.cuda.amp.autocast():
    epoch  9  train_loss=0.0627  val_loss=0.0704  val_qwk=0.2077  val_acc=0.3202
/home/norak/R&I/kxs-/train.py:148: FutureWarning: `torch.cuda.amp.autocast(args...)` is deprecated. Please use `torch.amp.autocast('cuda', args...)` instead.
  with torch.cuda.amp.autocast():
/home/norak/R&I/kxs-/train.py:169: FutureWarning: `torch.cuda.amp.autocast(args...)` is deprecated. Please use `torch.amp.autocast('cuda', args...)` instead.
  with torch.cuda.amp.autocast():
    epoch 10  train_loss=0.0629  val_loss=0.0692  val_qwk=0.2246  val_acc=0.3090
/home/norak/R&I/kxs-/train.py:148: FutureWarning: `torch.cuda.amp.autocast(args...)` is deprecated. Please use `torch.amp.autocast('cuda', args...)` instead.
  with torch.cuda.amp.autocast():
/home/norak/R&I/kxs-/train.py:169: FutureWarning: `torch.cuda.amp.autocast(args...)` is deprecated. Please use `torch.amp.autocast('cuda', args...)` instead.
  with torch.cuda.amp.autocast():
    epoch 11  train_loss=0.0612  val_loss=0.0685  val_qwk=0.2223  val_acc=0.3258
/home/norak/R&I/kxs-/train.py:148: FutureWarning: `torch.cuda.amp.autocast(args...)` is deprecated. Please use `torch.amp.autocast('cuda', args...)` instead.
  with torch.cuda.amp.autocast():
/home/norak/R&I/kxs-/train.py:169: FutureWarning: `torch.cuda.amp.autocast(args...)` is deprecated. Please use `torch.amp.autocast('cuda', args...)` instead.
  with torch.cuda.amp.autocast():
    epoch 12  train_loss=0.0609  val_loss=0.0727  val_qwk=0.2207  val_acc=0.3315
    early-stop at epoch 12 (best epoch=8, best_qwk=0.2899)
/home/norak/R&I/kxs-/train.py:169: FutureWarning: `torch.cuda.amp.autocast(args...)` is deprecated. Please use `torch.amp.autocast('cuda', args...)` instead.
  with torch.cuda.amp.autocast():
/home/norak/R&I/kxs-/train.py:169: FutureWarning: `torch.cuda.amp.autocast(args...)` is deprecated. Please use `torch.amp.autocast('cuda', args...)` instead.
  with torch.cuda.amp.autocast():
/home/norak/R&I/kxs-/train.py:169: FutureWarning: `torch.cuda.amp.autocast(args...)` is deprecated. Please use `torch.amp.autocast('cuda', args...)` instead.
  with torch.cuda.amp.autocast():
  [segment_ra_cross_mbert_maxfeat          ] train_qwk=0.3779 -> test_qwk=0.3547  raw_w1=0.4326  epoch=8  (72.0s)
Loading weights:   0%|          | 0/199 [00:00<?, ?it/s]Loading weights: 100%|██████████| 199/199 [00:00<00:00, 2041.97it/s]
[transformers] [1mXLMRobertaModel LOAD REPORT[0m from: xlm-roberta-base
Key                       | Status     |  | 
--------------------------+------------+--+-
lm_head.layer_norm.weight | UNEXPECTED |  | 
lm_head.bias              | UNEXPECTED |  | 
lm_head.dense.bias        | UNEXPECTED |  | 
lm_head.layer_norm.bias   | UNEXPECTED |  | 
lm_head.dense.weight      | UNEXPECTED |  | 

Notes:
- UNEXPECTED:	can be ignored when loading from different task/architecture; not ok if you expect identical arch.
/home/norak/R&I/kxs-/train.py:206: FutureWarning: `torch.cuda.amp.GradScaler(args...)` is deprecated. Please use `torch.amp.GradScaler('cuda', args...)` instead.
  scaler = torch.cuda.amp.GradScaler() if use_amp and device == "cuda" else None
/home/norak/R&I/kxs-/train.py:148: FutureWarning: `torch.cuda.amp.autocast(args...)` is deprecated. Please use `torch.amp.autocast('cuda', args...)` instead.
  with torch.cuda.amp.autocast():
/home/norak/R&I/kxs-/train.py:169: FutureWarning: `torch.cuda.amp.autocast(args...)` is deprecated. Please use `torch.amp.autocast('cuda', args...)` instead.
  with torch.cuda.amp.autocast():
    epoch  1  train_loss=0.0858  val_loss=0.0547  val_qwk=0.3551  val_acc=0.2921
/home/norak/R&I/kxs-/train.py:148: FutureWarning: `torch.cuda.amp.autocast(args...)` is deprecated. Please use `torch.amp.autocast('cuda', args...)` instead.
  with torch.cuda.amp.autocast():
/home/norak/R&I/kxs-/train.py:169: FutureWarning: `torch.cuda.amp.autocast(args...)` is deprecated. Please use `torch.amp.autocast('cuda', args...)` instead.
  with torch.cuda.amp.autocast():
    epoch  2  train_loss=0.0622  val_loss=0.0498  val_qwk=0.5686  val_acc=0.4888
/home/norak/R&I/kxs-/train.py:148: FutureWarning: `torch.cuda.amp.autocast(args...)` is deprecated. Please use `torch.amp.autocast('cuda', args...)` instead.
  with torch.cuda.amp.autocast():
/home/norak/R&I/kxs-/train.py:169: FutureWarning: `torch.cuda.amp.autocast(args...)` is deprecated. Please use `torch.amp.autocast('cuda', args...)` instead.
  with torch.cuda.amp.autocast():
    epoch  3  train_loss=0.0572  val_loss=0.0470  val_qwk=0.5948  val_acc=0.5000
/home/norak/R&I/kxs-/train.py:148: FutureWarning: `torch.cuda.amp.autocast(args...)` is deprecated. Please use `torch.amp.autocast('cuda', args...)` instead.
  with torch.cuda.amp.autocast():
/home/norak/R&I/kxs-/train.py:169: FutureWarning: `torch.cuda.amp.autocast(args...)` is deprecated. Please use `torch.amp.autocast('cuda', args...)` instead.
  with torch.cuda.amp.autocast():
    epoch  4  train_loss=0.0500  val_loss=0.0469  val_qwk=0.5943  val_acc=0.5393
/home/norak/R&I/kxs-/train.py:148: FutureWarning: `torch.cuda.amp.autocast(args...)` is deprecated. Please use `torch.amp.autocast('cuda', args...)` instead.
  with torch.cuda.amp.autocast():
/home/norak/R&I/kxs-/train.py:169: FutureWarning: `torch.cuda.amp.autocast(args...)` is deprecated. Please use `torch.amp.autocast('cuda', args...)` instead.
  with torch.cuda.amp.autocast():
    epoch  5  train_loss=0.0450  val_loss=0.0422  val_qwk=0.6331  val_acc=0.5337
/home/norak/R&I/kxs-/train.py:148: FutureWarning: `torch.cuda.amp.autocast(args...)` is deprecated. Please use `torch.amp.autocast('cuda', args...)` instead.
  with torch.cuda.amp.autocast():
/home/norak/R&I/kxs-/train.py:169: FutureWarning: `torch.cuda.amp.autocast(args...)` is deprecated. Please use `torch.amp.autocast('cuda', args...)` instead.
  with torch.cuda.amp.autocast():
    epoch  6  train_loss=0.0397  val_loss=0.0395  val_qwk=0.6713  val_acc=0.5843
/home/norak/R&I/kxs-/train.py:148: FutureWarning: `torch.cuda.amp.autocast(args...)` is deprecated. Please use `torch.amp.autocast('cuda', args...)` instead.
  with torch.cuda.amp.autocast():
/home/norak/R&I/kxs-/train.py:169: FutureWarning: `torch.cuda.amp.autocast(args...)` is deprecated. Please use `torch.amp.autocast('cuda', args...)` instead.
  with torch.cuda.amp.autocast():
    epoch  7  train_loss=0.0392  val_loss=0.0470  val_qwk=0.6691  val_acc=0.6011
/home/norak/R&I/kxs-/train.py:148: FutureWarning: `torch.cuda.amp.autocast(args...)` is deprecated. Please use `torch.amp.autocast('cuda', args...)` instead.
  with torch.cuda.amp.autocast():
/home/norak/R&I/kxs-/train.py:169: FutureWarning: `torch.cuda.amp.autocast(args...)` is deprecated. Please use `torch.amp.autocast('cuda', args...)` instead.
  with torch.cuda.amp.autocast():
    epoch  8  train_loss=0.0361  val_loss=0.0429  val_qwk=0.6277  val_acc=0.5506
/home/norak/R&I/kxs-/train.py:148: FutureWarning: `torch.cuda.amp.autocast(args...)` is deprecated. Please use `torch.amp.autocast('cuda', args...)` instead.
  with torch.cuda.amp.autocast():
/home/norak/R&I/kxs-/train.py:169: FutureWarning: `torch.cuda.amp.autocast(args...)` is deprecated. Please use `torch.amp.autocast('cuda', args...)` instead.
  with torch.cuda.amp.autocast():
    epoch  9  train_loss=0.0346  val_loss=0.0393  val_qwk=0.6903  val_acc=0.6011
/home/norak/R&I/kxs-/train.py:148: FutureWarning: `torch.cuda.amp.autocast(args...)` is deprecated. Please use `torch.amp.autocast('cuda', args...)` instead.
  with torch.cuda.amp.autocast():
/home/norak/R&I/kxs-/train.py:169: FutureWarning: `torch.cuda.amp.autocast(args...)` is deprecated. Please use `torch.amp.autocast('cuda', args...)` instead.
  with torch.cuda.amp.autocast():
    epoch 10  train_loss=0.0329  val_loss=0.0389  val_qwk=0.6612  val_acc=0.5618
/home/norak/R&I/kxs-/train.py:148: FutureWarning: `torch.cuda.amp.autocast(args...)` is deprecated. Please use `torch.amp.autocast('cuda', args...)` instead.
  with torch.cuda.amp.autocast():
/home/norak/R&I/kxs-/train.py:169: FutureWarning: `torch.cuda.amp.autocast(args...)` is deprecated. Please use `torch.amp.autocast('cuda', args...)` instead.
  with torch.cuda.amp.autocast():
    epoch 11  train_loss=0.0343  val_loss=0.0397  val_qwk=0.6611  val_acc=0.6011
/home/norak/R&I/kxs-/train.py:148: FutureWarning: `torch.cuda.amp.autocast(args...)` is deprecated. Please use `torch.amp.autocast('cuda', args...)` instead.
  with torch.cuda.amp.autocast():
/home/norak/R&I/kxs-/train.py:169: FutureWarning: `torch.cuda.amp.autocast(args...)` is deprecated. Please use `torch.amp.autocast('cuda', args...)` instead.
  with torch.cuda.amp.autocast():
    epoch 12  train_loss=0.0295  val_loss=0.0344  val_qwk=0.7290  val_acc=0.6573
/home/norak/R&I/kxs-/train.py:148: FutureWarning: `torch.cuda.amp.autocast(args...)` is deprecated. Please use `torch.amp.autocast('cuda', args...)` instead.
  with torch.cuda.amp.autocast():
/home/norak/R&I/kxs-/train.py:169: FutureWarning: `torch.cuda.amp.autocast(args...)` is deprecated. Please use `torch.amp.autocast('cuda', args...)` instead.
  with torch.cuda.amp.autocast():
    epoch 13  train_loss=0.0291  val_loss=0.0355  val_qwk=0.7036  val_acc=0.6011
/home/norak/R&I/kxs-/train.py:148: FutureWarning: `torch.cuda.amp.autocast(args...)` is deprecated. Please use `torch.amp.autocast('cuda', args...)` instead.
  with torch.cuda.amp.autocast():
/home/norak/R&I/kxs-/train.py:169: FutureWarning: `torch.cuda.amp.autocast(args...)` is deprecated. Please use `torch.amp.autocast('cuda', args...)` instead.
  with torch.cuda.amp.autocast():
    epoch 14  train_loss=0.0265  val_loss=0.0356  val_qwk=0.7120  val_acc=0.6011
/home/norak/R&I/kxs-/train.py:148: FutureWarning: `torch.cuda.amp.autocast(args...)` is deprecated. Please use `torch.amp.autocast('cuda', args...)` instead.
  with torch.cuda.amp.autocast():
/home/norak/R&I/kxs-/train.py:169: FutureWarning: `torch.cuda.amp.autocast(args...)` is deprecated. Please use `torch.amp.autocast('cuda', args...)` instead.
  with torch.cuda.amp.autocast():
    epoch 15  train_loss=0.0235  val_loss=0.0371  val_qwk=0.7015  val_acc=0.6180
/home/norak/R&I/kxs-/train.py:148: FutureWarning: `torch.cuda.amp.autocast(args...)` is deprecated. Please use `torch.amp.autocast('cuda', args...)` instead.
  with torch.cuda.amp.autocast():
/home/norak/R&I/kxs-/train.py:169: FutureWarning: `torch.cuda.amp.autocast(args...)` is deprecated. Please use `torch.amp.autocast('cuda', args...)` instead.
  with torch.cuda.amp.autocast():
    epoch 16  train_loss=0.0234  val_loss=0.0363  val_qwk=0.7220  val_acc=0.5955
    early-stop at epoch 16 (best epoch=12, best_qwk=0.7290)
/home/norak/R&I/kxs-/train.py:169: FutureWarning: `torch.cuda.amp.autocast(args...)` is deprecated. Please use `torch.amp.autocast('cuda', args...)` instead.
  with torch.cuda.amp.autocast():
/home/norak/R&I/kxs-/train.py:169: FutureWarning: `torch.cuda.amp.autocast(args...)` is deprecated. Please use `torch.amp.autocast('cuda', args...)` instead.
  with torch.cuda.amp.autocast():
/home/norak/R&I/kxs-/train.py:169: FutureWarning: `torch.cuda.amp.autocast(args...)` is deprecated. Please use `torch.amp.autocast('cuda', args...)` instead.
  with torch.cuda.amp.autocast():
  [segment_ra_cross_xlmr_maxfeat           ] train_qwk=0.7969 -> test_qwk=0.7515  raw_w1=0.7135  epoch=12  (99.3s)
Loading weights:   0%|          | 0/136 [00:00<?, ?it/s]Loading weights:   3%|▎         | 4/136 [00:00<00:05, 22.93it/s]Loading weights: 100%|██████████| 136/136 [00:00<00:00, 758.41it/s]
[transformers] [1mNewModel LOAD REPORT[0m from: Alibaba-NLP/gte-multilingual-base
Key               | Status     |  | 
------------------+------------+--+-
classifier.weight | UNEXPECTED |  | 
classifier.bias   | UNEXPECTED |  | 

Notes:
- UNEXPECTED:	can be ignored when loading from different task/architecture; not ok if you expect identical arch.
/home/norak/R&I/kxs-/train.py:206: FutureWarning: `torch.cuda.amp.GradScaler(args...)` is deprecated. Please use `torch.amp.GradScaler('cuda', args...)` instead.
  scaler = torch.cuda.amp.GradScaler() if use_amp and device == "cuda" else None
/home/norak/R&I/kxs-/train.py:148: FutureWarning: `torch.cuda.amp.autocast(args...)` is deprecated. Please use `torch.amp.autocast('cuda', args...)` instead.
  with torch.cuda.amp.autocast():
/home/norak/R&I/kxs-/train.py:169: FutureWarning: `torch.cuda.amp.autocast(args...)` is deprecated. Please use `torch.amp.autocast('cuda', args...)` instead.
  with torch.cuda.amp.autocast():
    epoch  1  train_loss=0.0731  val_loss=0.0584  val_qwk=0.3590  val_acc=0.2753
/home/norak/R&I/kxs-/train.py:148: FutureWarning: `torch.cuda.amp.autocast(args...)` is deprecated. Please use `torch.amp.autocast('cuda', args...)` instead.
  with torch.cuda.amp.autocast():
/home/norak/R&I/kxs-/train.py:169: FutureWarning: `torch.cuda.amp.autocast(args...)` is deprecated. Please use `torch.amp.autocast('cuda', args...)` instead.
  with torch.cuda.amp.autocast():
    epoch  2  train_loss=0.0524  val_loss=0.0504  val_qwk=0.4967  val_acc=0.4382
/home/norak/R&I/kxs-/train.py:148: FutureWarning: `torch.cuda.amp.autocast(args...)` is deprecated. Please use `torch.amp.autocast('cuda', args...)` instead.
  with torch.cuda.amp.autocast():
/home/norak/R&I/kxs-/train.py:169: FutureWarning: `torch.cuda.amp.autocast(args...)` is deprecated. Please use `torch.amp.autocast('cuda', args...)` instead.
  with torch.cuda.amp.autocast():
    epoch  3  train_loss=0.0488  val_loss=0.0486  val_qwk=0.5956  val_acc=0.5000
/home/norak/R&I/kxs-/train.py:148: FutureWarning: `torch.cuda.amp.autocast(args...)` is deprecated. Please use `torch.amp.autocast('cuda', args...)` instead.
  with torch.cuda.amp.autocast():
/home/norak/R&I/kxs-/train.py:169: FutureWarning: `torch.cuda.amp.autocast(args...)` is deprecated. Please use `torch.amp.autocast('cuda', args...)` instead.
  with torch.cuda.amp.autocast():
    epoch  4  train_loss=0.0430  val_loss=0.0457  val_qwk=0.5685  val_acc=0.5112
/home/norak/R&I/kxs-/train.py:148: FutureWarning: `torch.cuda.amp.autocast(args...)` is deprecated. Please use `torch.amp.autocast('cuda', args...)` instead.
  with torch.cuda.amp.autocast():
/home/norak/R&I/kxs-/train.py:169: FutureWarning: `torch.cuda.amp.autocast(args...)` is deprecated. Please use `torch.amp.autocast('cuda', args...)` instead.
  with torch.cuda.amp.autocast():
    epoch  5  train_loss=0.0375  val_loss=0.0405  val_qwk=0.6599  val_acc=0.5843
/home/norak/R&I/kxs-/train.py:148: FutureWarning: `torch.cuda.amp.autocast(args...)` is deprecated. Please use `torch.amp.autocast('cuda', args...)` instead.
  with torch.cuda.amp.autocast():
/home/norak/R&I/kxs-/train.py:169: FutureWarning: `torch.cuda.amp.autocast(args...)` is deprecated. Please use `torch.amp.autocast('cuda', args...)` instead.
  with torch.cuda.amp.autocast():
    epoch  6  train_loss=0.0343  val_loss=0.0380  val_qwk=0.7014  val_acc=0.6404
/home/norak/R&I/kxs-/train.py:148: FutureWarning: `torch.cuda.amp.autocast(args...)` is deprecated. Please use `torch.amp.autocast('cuda', args...)` instead.
  with torch.cuda.amp.autocast():
/home/norak/R&I/kxs-/train.py:169: FutureWarning: `torch.cuda.amp.autocast(args...)` is deprecated. Please use `torch.amp.autocast('cuda', args...)` instead.
  with torch.cuda.amp.autocast():
    epoch  7  train_loss=0.0304  val_loss=0.0479  val_qwk=0.6787  val_acc=0.5955
/home/norak/R&I/kxs-/train.py:148: FutureWarning: `torch.cuda.amp.autocast(args...)` is deprecated. Please use `torch.amp.autocast('cuda', args...)` instead.
  with torch.cuda.amp.autocast():
/home/norak/R&I/kxs-/train.py:169: FutureWarning: `torch.cuda.amp.autocast(args...)` is deprecated. Please use `torch.amp.autocast('cuda', args...)` instead.
  with torch.cuda.amp.autocast():
    epoch  8  train_loss=0.0310  val_loss=0.0396  val_qwk=0.6871  val_acc=0.6180
/home/norak/R&I/kxs-/train.py:148: FutureWarning: `torch.cuda.amp.autocast(args...)` is deprecated. Please use `torch.amp.autocast('cuda', args...)` instead.
  with torch.cuda.amp.autocast():
/home/norak/R&I/kxs-/train.py:169: FutureWarning: `torch.cuda.amp.autocast(args...)` is deprecated. Please use `torch.amp.autocast('cuda', args...)` instead.
  with torch.cuda.amp.autocast():
    epoch  9  train_loss=0.0273  val_loss=0.0380  val_qwk=0.7063  val_acc=0.6292
/home/norak/R&I/kxs-/train.py:148: FutureWarning: `torch.cuda.amp.autocast(args...)` is deprecated. Please use `torch.amp.autocast('cuda', args...)` instead.
  with torch.cuda.amp.autocast():
/home/norak/R&I/kxs-/train.py:169: FutureWarning: `torch.cuda.amp.autocast(args...)` is deprecated. Please use `torch.amp.autocast('cuda', args...)` instead.
  with torch.cuda.amp.autocast():
    epoch 10  train_loss=0.0252  val_loss=0.0376  val_qwk=0.6922  val_acc=0.6292
/home/norak/R&I/kxs-/train.py:148: FutureWarning: `torch.cuda.amp.autocast(args...)` is deprecated. Please use `torch.amp.autocast('cuda', args...)` instead.
  with torch.cuda.amp.autocast():
/home/norak/R&I/kxs-/train.py:169: FutureWarning: `torch.cuda.amp.autocast(args...)` is deprecated. Please use `torch.amp.autocast('cuda', args...)` instead.
  with torch.cuda.amp.autocast():
    epoch 11  train_loss=0.0241  val_loss=0.0390  val_qwk=0.6543  val_acc=0.6011
/home/norak/R&I/kxs-/train.py:148: FutureWarning: `torch.cuda.amp.autocast(args...)` is deprecated. Please use `torch.amp.autocast('cuda', args...)` instead.
  with torch.cuda.amp.autocast():
/home/norak/R&I/kxs-/train.py:169: FutureWarning: `torch.cuda.amp.autocast(args...)` is deprecated. Please use `torch.amp.autocast('cuda', args...)` instead.
  with torch.cuda.amp.autocast():
    epoch 12  train_loss=0.0232  val_loss=0.0324  val_qwk=0.7077  val_acc=0.6236
/home/norak/R&I/kxs-/train.py:148: FutureWarning: `torch.cuda.amp.autocast(args...)` is deprecated. Please use `torch.amp.autocast('cuda', args...)` instead.
  with torch.cuda.amp.autocast():
/home/norak/R&I/kxs-/train.py:169: FutureWarning: `torch.cuda.amp.autocast(args...)` is deprecated. Please use `torch.amp.autocast('cuda', args...)` instead.
  with torch.cuda.amp.autocast():
    epoch 13  train_loss=0.0213  val_loss=0.0360  val_qwk=0.7153  val_acc=0.6348
/home/norak/R&I/kxs-/train.py:148: FutureWarning: `torch.cuda.amp.autocast(args...)` is deprecated. Please use `torch.amp.autocast('cuda', args...)` instead.
  with torch.cuda.amp.autocast():
/home/norak/R&I/kxs-/train.py:169: FutureWarning: `torch.cuda.amp.autocast(args...)` is deprecated. Please use `torch.amp.autocast('cuda', args...)` instead.
  with torch.cuda.amp.autocast():
    epoch 14  train_loss=0.0205  val_loss=0.0346  val_qwk=0.7390  val_acc=0.6461
/home/norak/R&I/kxs-/train.py:148: FutureWarning: `torch.cuda.amp.autocast(args...)` is deprecated. Please use `torch.amp.autocast('cuda', args...)` instead.
  with torch.cuda.amp.autocast():
/home/norak/R&I/kxs-/train.py:169: FutureWarning: `torch.cuda.amp.autocast(args...)` is deprecated. Please use `torch.amp.autocast('cuda', args...)` instead.
  with torch.cuda.amp.autocast():
    epoch 15  train_loss=0.0198  val_loss=0.0321  val_qwk=0.7710  val_acc=0.6517
/home/norak/R&I/kxs-/train.py:148: FutureWarning: `torch.cuda.amp.autocast(args...)` is deprecated. Please use `torch.amp.autocast('cuda', args...)` instead.
  with torch.cuda.amp.autocast():
/home/norak/R&I/kxs-/train.py:169: FutureWarning: `torch.cuda.amp.autocast(args...)` is deprecated. Please use `torch.amp.autocast('cuda', args...)` instead.
  with torch.cuda.amp.autocast():
    epoch 16  train_loss=0.0190  val_loss=0.0354  val_qwk=0.7533  val_acc=0.5955
/home/norak/R&I/kxs-/train.py:148: FutureWarning: `torch.cuda.amp.autocast(args...)` is deprecated. Please use `torch.amp.autocast('cuda', args...)` instead.
  with torch.cuda.amp.autocast():
/home/norak/R&I/kxs-/train.py:169: FutureWarning: `torch.cuda.amp.autocast(args...)` is deprecated. Please use `torch.amp.autocast('cuda', args...)` instead.
  with torch.cuda.amp.autocast():
    epoch 17  train_loss=0.0192  val_loss=0.0314  val_qwk=0.7445  val_acc=0.6348
/home/norak/R&I/kxs-/train.py:148: FutureWarning: `torch.cuda.amp.autocast(args...)` is deprecated. Please use `torch.amp.autocast('cuda', args...)` instead.
  with torch.cuda.amp.autocast():
/home/norak/R&I/kxs-/train.py:169: FutureWarning: `torch.cuda.amp.autocast(args...)` is deprecated. Please use `torch.amp.autocast('cuda', args...)` instead.
  with torch.cuda.amp.autocast():
    epoch 18  train_loss=0.0185  val_loss=0.0306  val_qwk=0.7502  val_acc=0.6517
/home/norak/R&I/kxs-/train.py:148: FutureWarning: `torch.cuda.amp.autocast(args...)` is deprecated. Please use `torch.amp.autocast('cuda', args...)` instead.
  with torch.cuda.amp.autocast():
/home/norak/R&I/kxs-/train.py:169: FutureWarning: `torch.cuda.amp.autocast(args...)` is deprecated. Please use `torch.amp.autocast('cuda', args...)` instead.
  with torch.cuda.amp.autocast():
    epoch 19  train_loss=0.0169  val_loss=0.0361  val_qwk=0.6879  val_acc=0.6348
    early-stop at epoch 19 (best epoch=15, best_qwk=0.7710)
/home/norak/R&I/kxs-/train.py:169: FutureWarning: `torch.cuda.amp.autocast(args...)` is deprecated. Please use `torch.amp.autocast('cuda', args...)` instead.
  with torch.cuda.amp.autocast():
/home/norak/R&I/kxs-/train.py:169: FutureWarning: `torch.cuda.amp.autocast(args...)` is deprecated. Please use `torch.amp.autocast('cuda', args...)` instead.
  with torch.cuda.amp.autocast():
/home/norak/R&I/kxs-/train.py:169: FutureWarning: `torch.cuda.amp.autocast(args...)` is deprecated. Please use `torch.amp.autocast('cuda', args...)` instead.
  with torch.cuda.amp.autocast():
  [segment_ra_cross_gte_maxfeat            ] train_qwk=0.8430 -> test_qwk=0.7740  raw_w1=0.7528  epoch=15  (129.4s)
Loading weights:   0%|          | 0/199 [00:00<?, ?it/s]Loading weights: 100%|██████████| 199/199 [00:00<00:00, 2895.99it/s]
[transformers] [1mBertModel LOAD REPORT[0m from: bert-base-multilingual-cased
Key                                        | Status     |  | 
-------------------------------------------+------------+--+-
cls.seq_relationship.weight                | UNEXPECTED |  | 
cls.predictions.transform.LayerNorm.weight | UNEXPECTED |  | 
cls.predictions.transform.dense.bias       | UNEXPECTED |  | 
cls.predictions.transform.dense.weight     | UNEXPECTED |  | 
cls.predictions.transform.LayerNorm.bias   | UNEXPECTED |  | 
cls.seq_relationship.bias                  | UNEXPECTED |  | 
cls.predictions.bias                       | UNEXPECTED |  | 

Notes:
- UNEXPECTED:	can be ignored when loading from different task/architecture; not ok if you expect identical arch.
/home/norak/R&I/kxs-/train.py:206: FutureWarning: `torch.cuda.amp.GradScaler(args...)` is deprecated. Please use `torch.amp.GradScaler('cuda', args...)` instead.
  scaler = torch.cuda.amp.GradScaler() if use_amp and device == "cuda" else None
/home/norak/R&I/kxs-/train.py:148: FutureWarning: `torch.cuda.amp.autocast(args...)` is deprecated. Please use `torch.amp.autocast('cuda', args...)` instead.
  with torch.cuda.amp.autocast():
/home/norak/R&I/kxs-/train.py:169: FutureWarning: `torch.cuda.amp.autocast(args...)` is deprecated. Please use `torch.amp.autocast('cuda', args...)` instead.
  with torch.cuda.amp.autocast():
    epoch  1  train_loss=0.0760  val_loss=0.0723  val_qwk=0.2278  val_acc=0.2360
/home/norak/R&I/kxs-/train.py:148: FutureWarning: `torch.cuda.amp.autocast(args...)` is deprecated. Please use `torch.amp.autocast('cuda', args...)` instead.
  with torch.cuda.amp.autocast():
/home/norak/R&I/kxs-/train.py:169: FutureWarning: `torch.cuda.amp.autocast(args...)` is deprecated. Please use `torch.amp.autocast('cuda', args...)` instead.
  with torch.cuda.amp.autocast():
    epoch  2  train_loss=0.0631  val_loss=0.0657  val_qwk=0.2474  val_acc=0.2640
/home/norak/R&I/kxs-/train.py:148: FutureWarning: `torch.cuda.amp.autocast(args...)` is deprecated. Please use `torch.amp.autocast('cuda', args...)` instead.
  with torch.cuda.amp.autocast():
/home/norak/R&I/kxs-/train.py:169: FutureWarning: `torch.cuda.amp.autocast(args...)` is deprecated. Please use `torch.amp.autocast('cuda', args...)` instead.
  with torch.cuda.amp.autocast():
    epoch  3  train_loss=0.0575  val_loss=0.0634  val_qwk=0.2420  val_acc=0.2640
/home/norak/R&I/kxs-/train.py:148: FutureWarning: `torch.cuda.amp.autocast(args...)` is deprecated. Please use `torch.amp.autocast('cuda', args...)` instead.
  with torch.cuda.amp.autocast():
/home/norak/R&I/kxs-/train.py:169: FutureWarning: `torch.cuda.amp.autocast(args...)` is deprecated. Please use `torch.amp.autocast('cuda', args...)` instead.
  with torch.cuda.amp.autocast():
    epoch  4  train_loss=0.0554  val_loss=0.0602  val_qwk=0.2862  val_acc=0.2978
/home/norak/R&I/kxs-/train.py:148: FutureWarning: `torch.cuda.amp.autocast(args...)` is deprecated. Please use `torch.amp.autocast('cuda', args...)` instead.
  with torch.cuda.amp.autocast():
/home/norak/R&I/kxs-/train.py:169: FutureWarning: `torch.cuda.amp.autocast(args...)` is deprecated. Please use `torch.amp.autocast('cuda', args...)` instead.
  with torch.cuda.amp.autocast():
    epoch  5  train_loss=0.0529  val_loss=0.0579  val_qwk=0.4800  val_acc=0.3315
/home/norak/R&I/kxs-/train.py:148: FutureWarning: `torch.cuda.amp.autocast(args...)` is deprecated. Please use `torch.amp.autocast('cuda', args...)` instead.
  with torch.cuda.amp.autocast():
/home/norak/R&I/kxs-/train.py:169: FutureWarning: `torch.cuda.amp.autocast(args...)` is deprecated. Please use `torch.amp.autocast('cuda', args...)` instead.
  with torch.cuda.amp.autocast():
    epoch  6  train_loss=0.0525  val_loss=0.0554  val_qwk=0.3628  val_acc=0.3371
/home/norak/R&I/kxs-/train.py:148: FutureWarning: `torch.cuda.amp.autocast(args...)` is deprecated. Please use `torch.amp.autocast('cuda', args...)` instead.
  with torch.cuda.amp.autocast():
/home/norak/R&I/kxs-/train.py:169: FutureWarning: `torch.cuda.amp.autocast(args...)` is deprecated. Please use `torch.amp.autocast('cuda', args...)` instead.
  with torch.cuda.amp.autocast():
    epoch  7  train_loss=0.0526  val_loss=0.0583  val_qwk=0.3182  val_acc=0.3090
/home/norak/R&I/kxs-/train.py:148: FutureWarning: `torch.cuda.amp.autocast(args...)` is deprecated. Please use `torch.amp.autocast('cuda', args...)` instead.
  with torch.cuda.amp.autocast():
/home/norak/R&I/kxs-/train.py:169: FutureWarning: `torch.cuda.amp.autocast(args...)` is deprecated. Please use `torch.amp.autocast('cuda', args...)` instead.
  with torch.cuda.amp.autocast():
    epoch  8  train_loss=0.0522  val_loss=0.0604  val_qwk=0.3742  val_acc=0.3652
/home/norak/R&I/kxs-/train.py:148: FutureWarning: `torch.cuda.amp.autocast(args...)` is deprecated. Please use `torch.amp.autocast('cuda', args...)` instead.
  with torch.cuda.amp.autocast():
/home/norak/R&I/kxs-/train.py:169: FutureWarning: `torch.cuda.amp.autocast(args...)` is deprecated. Please use `torch.amp.autocast('cuda', args...)` instead.
  with torch.cuda.amp.autocast():
    epoch  9  train_loss=0.0506  val_loss=0.0564  val_qwk=0.4357  val_acc=0.4382
    early-stop at epoch 9 (best epoch=5, best_qwk=0.4800)
/home/norak/R&I/kxs-/train.py:169: FutureWarning: `torch.cuda.amp.autocast(args...)` is deprecated. Please use `torch.amp.autocast('cuda', args...)` instead.
  with torch.cuda.amp.autocast():
/home/norak/R&I/kxs-/train.py:169: FutureWarning: `torch.cuda.amp.autocast(args...)` is deprecated. Please use `torch.amp.autocast('cuda', args...)` instead.
  with torch.cuda.amp.autocast():
/home/norak/R&I/kxs-/train.py:169: FutureWarning: `torch.cuda.amp.autocast(args...)` is deprecated. Please use `torch.amp.autocast('cuda', args...)` instead.
  with torch.cuda.amp.autocast():
  [segment_qar_dual_mbert_maxfeat          ] train_qwk=0.5011 -> test_qwk=0.5370  raw_w1=0.5169  epoch=5  (85.1s)
Loading weights:   0%|          | 0/199 [00:00<?, ?it/s]Loading weights: 100%|██████████| 199/199 [00:00<00:00, 2911.07it/s]
[transformers] [1mXLMRobertaModel LOAD REPORT[0m from: xlm-roberta-base
Key                       | Status     |  | 
--------------------------+------------+--+-
lm_head.layer_norm.weight | UNEXPECTED |  | 
lm_head.bias              | UNEXPECTED |  | 
lm_head.dense.bias        | UNEXPECTED |  | 
lm_head.layer_norm.bias   | UNEXPECTED |  | 
lm_head.dense.weight      | UNEXPECTED |  | 

Notes:
- UNEXPECTED:	can be ignored when loading from different task/architecture; not ok if you expect identical arch.
/home/norak/R&I/kxs-/train.py:206: FutureWarning: `torch.cuda.amp.GradScaler(args...)` is deprecated. Please use `torch.amp.GradScaler('cuda', args...)` instead.
  scaler = torch.cuda.amp.GradScaler() if use_amp and device == "cuda" else None
/home/norak/R&I/kxs-/train.py:148: FutureWarning: `torch.cuda.amp.autocast(args...)` is deprecated. Please use `torch.amp.autocast('cuda', args...)` instead.
  with torch.cuda.amp.autocast():
/home/norak/R&I/kxs-/train.py:169: FutureWarning: `torch.cuda.amp.autocast(args...)` is deprecated. Please use `torch.amp.autocast('cuda', args...)` instead.
  with torch.cuda.amp.autocast():
    epoch  1  train_loss=0.1020  val_loss=0.0589  val_qwk=0.4249  val_acc=0.3427
/home/norak/R&I/kxs-/train.py:148: FutureWarning: `torch.cuda.amp.autocast(args...)` is deprecated. Please use `torch.amp.autocast('cuda', args...)` instead.
  with torch.cuda.amp.autocast():
/home/norak/R&I/kxs-/train.py:169: FutureWarning: `torch.cuda.amp.autocast(args...)` is deprecated. Please use `torch.amp.autocast('cuda', args...)` instead.
  with torch.cuda.amp.autocast():
    epoch  2  train_loss=0.0618  val_loss=0.0573  val_qwk=0.4086  val_acc=0.3483
/home/norak/R&I/kxs-/train.py:148: FutureWarning: `torch.cuda.amp.autocast(args...)` is deprecated. Please use `torch.amp.autocast('cuda', args...)` instead.
  with torch.cuda.amp.autocast():
/home/norak/R&I/kxs-/train.py:169: FutureWarning: `torch.cuda.amp.autocast(args...)` is deprecated. Please use `torch.amp.autocast('cuda', args...)` instead.
  with torch.cuda.amp.autocast():
    epoch  3  train_loss=0.0539  val_loss=0.0547  val_qwk=0.4686  val_acc=0.4101
/home/norak/R&I/kxs-/train.py:148: FutureWarning: `torch.cuda.amp.autocast(args...)` is deprecated. Please use `torch.amp.autocast('cuda', args...)` instead.
  with torch.cuda.amp.autocast():
/home/norak/R&I/kxs-/train.py:169: FutureWarning: `torch.cuda.amp.autocast(args...)` is deprecated. Please use `torch.amp.autocast('cuda', args...)` instead.
  with torch.cuda.amp.autocast():
    epoch  4  train_loss=0.0521  val_loss=0.0518  val_qwk=0.4635  val_acc=0.3989
/home/norak/R&I/kxs-/train.py:148: FutureWarning: `torch.cuda.amp.autocast(args...)` is deprecated. Please use `torch.amp.autocast('cuda', args...)` instead.
  with torch.cuda.amp.autocast():
/home/norak/R&I/kxs-/train.py:169: FutureWarning: `torch.cuda.amp.autocast(args...)` is deprecated. Please use `torch.amp.autocast('cuda', args...)` instead.
  with torch.cuda.amp.autocast():
    epoch  5  train_loss=0.0451  val_loss=0.0496  val_qwk=0.5291  val_acc=0.4944
/home/norak/R&I/kxs-/train.py:148: FutureWarning: `torch.cuda.amp.autocast(args...)` is deprecated. Please use `torch.amp.autocast('cuda', args...)` instead.
  with torch.cuda.amp.autocast():
/home/norak/R&I/kxs-/train.py:169: FutureWarning: `torch.cuda.amp.autocast(args...)` is deprecated. Please use `torch.amp.autocast('cuda', args...)` instead.
  with torch.cuda.amp.autocast():
    epoch  6  train_loss=0.0403  val_loss=0.0422  val_qwk=0.6365  val_acc=0.5674
/home/norak/R&I/kxs-/train.py:148: FutureWarning: `torch.cuda.amp.autocast(args...)` is deprecated. Please use `torch.amp.autocast('cuda', args...)` instead.
  with torch.cuda.amp.autocast():
/home/norak/R&I/kxs-/train.py:169: FutureWarning: `torch.cuda.amp.autocast(args...)` is deprecated. Please use `torch.amp.autocast('cuda', args...)` instead.
  with torch.cuda.amp.autocast():
    epoch  7  train_loss=0.0369  val_loss=0.0386  val_qwk=0.6503  val_acc=0.5337
/home/norak/R&I/kxs-/train.py:148: FutureWarning: `torch.cuda.amp.autocast(args...)` is deprecated. Please use `torch.amp.autocast('cuda', args...)` instead.
  with torch.cuda.amp.autocast():
/home/norak/R&I/kxs-/train.py:169: FutureWarning: `torch.cuda.amp.autocast(args...)` is deprecated. Please use `torch.amp.autocast('cuda', args...)` instead.
  with torch.cuda.amp.autocast():
    epoch  8  train_loss=0.0343  val_loss=0.0417  val_qwk=0.6480  val_acc=0.5393
/home/norak/R&I/kxs-/train.py:148: FutureWarning: `torch.cuda.amp.autocast(args...)` is deprecated. Please use `torch.amp.autocast('cuda', args...)` instead.
  with torch.cuda.amp.autocast():
/home/norak/R&I/kxs-/train.py:169: FutureWarning: `torch.cuda.amp.autocast(args...)` is deprecated. Please use `torch.amp.autocast('cuda', args...)` instead.
  with torch.cuda.amp.autocast():
    epoch  9  train_loss=0.0313  val_loss=0.0352  val_qwk=0.7165  val_acc=0.5955
/home/norak/R&I/kxs-/train.py:148: FutureWarning: `torch.cuda.amp.autocast(args...)` is deprecated. Please use `torch.amp.autocast('cuda', args...)` instead.
  with torch.cuda.amp.autocast():
/home/norak/R&I/kxs-/train.py:169: FutureWarning: `torch.cuda.amp.autocast(args...)` is deprecated. Please use `torch.amp.autocast('cuda', args...)` instead.
  with torch.cuda.amp.autocast():
    epoch 10  train_loss=0.0300  val_loss=0.0340  val_qwk=0.6980  val_acc=0.5562
/home/norak/R&I/kxs-/train.py:148: FutureWarning: `torch.cuda.amp.autocast(args...)` is deprecated. Please use `torch.amp.autocast('cuda', args...)` instead.
  with torch.cuda.amp.autocast():
/home/norak/R&I/kxs-/train.py:169: FutureWarning: `torch.cuda.amp.autocast(args...)` is deprecated. Please use `torch.amp.autocast('cuda', args...)` instead.
  with torch.cuda.amp.autocast():
    epoch 11  train_loss=0.0288  val_loss=0.0338  val_qwk=0.7063  val_acc=0.6236
/home/norak/R&I/kxs-/train.py:148: FutureWarning: `torch.cuda.amp.autocast(args...)` is deprecated. Please use `torch.amp.autocast('cuda', args...)` instead.
  with torch.cuda.amp.autocast():
/home/norak/R&I/kxs-/train.py:169: FutureWarning: `torch.cuda.amp.autocast(args...)` is deprecated. Please use `torch.amp.autocast('cuda', args...)` instead.
  with torch.cuda.amp.autocast():
    epoch 12  train_loss=0.0248  val_loss=0.0344  val_qwk=0.7100  val_acc=0.5449
/home/norak/R&I/kxs-/train.py:148: FutureWarning: `torch.cuda.amp.autocast(args...)` is deprecated. Please use `torch.amp.autocast('cuda', args...)` instead.
  with torch.cuda.amp.autocast():
/home/norak/R&I/kxs-/train.py:169: FutureWarning: `torch.cuda.amp.autocast(args...)` is deprecated. Please use `torch.amp.autocast('cuda', args...)` instead.
  with torch.cuda.amp.autocast():
    epoch 13  train_loss=0.0247  val_loss=0.0349  val_qwk=0.7548  val_acc=0.5843
/home/norak/R&I/kxs-/train.py:148: FutureWarning: `torch.cuda.amp.autocast(args...)` is deprecated. Please use `torch.amp.autocast('cuda', args...)` instead.
  with torch.cuda.amp.autocast():
/home/norak/R&I/kxs-/train.py:169: FutureWarning: `torch.cuda.amp.autocast(args...)` is deprecated. Please use `torch.amp.autocast('cuda', args...)` instead.
  with torch.cuda.amp.autocast():
    epoch 14  train_loss=0.0224  val_loss=0.0322  val_qwk=0.7578  val_acc=0.6348
/home/norak/R&I/kxs-/train.py:148: FutureWarning: `torch.cuda.amp.autocast(args...)` is deprecated. Please use `torch.amp.autocast('cuda', args...)` instead.
  with torch.cuda.amp.autocast():
/home/norak/R&I/kxs-/train.py:169: FutureWarning: `torch.cuda.amp.autocast(args...)` is deprecated. Please use `torch.amp.autocast('cuda', args...)` instead.
  with torch.cuda.amp.autocast():
    epoch 15  train_loss=0.0221  val_loss=0.0336  val_qwk=0.7035  val_acc=0.5618
/home/norak/R&I/kxs-/train.py:148: FutureWarning: `torch.cuda.amp.autocast(args...)` is deprecated. Please use `torch.amp.autocast('cuda', args...)` instead.
  with torch.cuda.amp.autocast():
/home/norak/R&I/kxs-/train.py:169: FutureWarning: `torch.cuda.amp.autocast(args...)` is deprecated. Please use `torch.amp.autocast('cuda', args...)` instead.
  with torch.cuda.amp.autocast():
    epoch 16  train_loss=0.0216  val_loss=0.0310  val_qwk=0.7365  val_acc=0.5955
/home/norak/R&I/kxs-/train.py:148: FutureWarning: `torch.cuda.amp.autocast(args...)` is deprecated. Please use `torch.amp.autocast('cuda', args...)` instead.
  with torch.cuda.amp.autocast():
/home/norak/R&I/kxs-/train.py:169: FutureWarning: `torch.cuda.amp.autocast(args...)` is deprecated. Please use `torch.amp.autocast('cuda', args...)` instead.
  with torch.cuda.amp.autocast():
    epoch 17  train_loss=0.0206  val_loss=0.0293  val_qwk=0.7707  val_acc=0.6011
/home/norak/R&I/kxs-/train.py:148: FutureWarning: `torch.cuda.amp.autocast(args...)` is deprecated. Please use `torch.amp.autocast('cuda', args...)` instead.
  with torch.cuda.amp.autocast():
/home/norak/R&I/kxs-/train.py:169: FutureWarning: `torch.cuda.amp.autocast(args...)` is deprecated. Please use `torch.amp.autocast('cuda', args...)` instead.
  with torch.cuda.amp.autocast():
    epoch 18  train_loss=0.0196  val_loss=0.0299  val_qwk=0.7383  val_acc=0.6124
/home/norak/R&I/kxs-/train.py:148: FutureWarning: `torch.cuda.amp.autocast(args...)` is deprecated. Please use `torch.amp.autocast('cuda', args...)` instead.
  with torch.cuda.amp.autocast():
/home/norak/R&I/kxs-/train.py:169: FutureWarning: `torch.cuda.amp.autocast(args...)` is deprecated. Please use `torch.amp.autocast('cuda', args...)` instead.
  with torch.cuda.amp.autocast():
    epoch 19  train_loss=0.0190  val_loss=0.0311  val_qwk=0.7387  val_acc=0.6292
/home/norak/R&I/kxs-/train.py:148: FutureWarning: `torch.cuda.amp.autocast(args...)` is deprecated. Please use `torch.amp.autocast('cuda', args...)` instead.
  with torch.cuda.amp.autocast():
/home/norak/R&I/kxs-/train.py:169: FutureWarning: `torch.cuda.amp.autocast(args...)` is deprecated. Please use `torch.amp.autocast('cuda', args...)` instead.
  with torch.cuda.amp.autocast():
    epoch 20  train_loss=0.0193  val_loss=0.0300  val_qwk=0.7652  val_acc=0.6292
/home/norak/R&I/kxs-/train.py:169: FutureWarning: `torch.cuda.amp.autocast(args...)` is deprecated. Please use `torch.amp.autocast('cuda', args...)` instead.
  with torch.cuda.amp.autocast():
/home/norak/R&I/kxs-/train.py:169: FutureWarning: `torch.cuda.amp.autocast(args...)` is deprecated. Please use `torch.amp.autocast('cuda', args...)` instead.
  with torch.cuda.amp.autocast():
/home/norak/R&I/kxs-/train.py:169: FutureWarning: `torch.cuda.amp.autocast(args...)` is deprecated. Please use `torch.amp.autocast('cuda', args...)` instead.
  with torch.cuda.amp.autocast():
  [segment_qar_dual_xlmr_maxfeat           ] train_qwk=0.8477 -> test_qwk=0.7585  raw_w1=0.7360  epoch=17  (164.6s)
Loading weights:   0%|          | 0/136 [00:00<?, ?it/s]Loading weights:   3%|▎         | 4/136 [00:00<00:03, 33.99it/s]Loading weights: 100%|██████████| 136/136 [00:00<00:00, 893.48it/s]
[transformers] [1mNewModel LOAD REPORT[0m from: Alibaba-NLP/gte-multilingual-base
Key               | Status     |  | 
------------------+------------+--+-
classifier.weight | UNEXPECTED |  | 
classifier.bias   | UNEXPECTED |  | 

Notes:
- UNEXPECTED:	can be ignored when loading from different task/architecture; not ok if you expect identical arch.
/home/norak/R&I/kxs-/train.py:206: FutureWarning: `torch.cuda.amp.GradScaler(args...)` is deprecated. Please use `torch.amp.GradScaler('cuda', args...)` instead.
  scaler = torch.cuda.amp.GradScaler() if use_amp and device == "cuda" else None
/home/norak/R&I/kxs-/train.py:148: FutureWarning: `torch.cuda.amp.autocast(args...)` is deprecated. Please use `torch.amp.autocast('cuda', args...)` instead.
  with torch.cuda.amp.autocast():
/home/norak/R&I/kxs-/train.py:169: FutureWarning: `torch.cuda.amp.autocast(args...)` is deprecated. Please use `torch.amp.autocast('cuda', args...)` instead.
  with torch.cuda.amp.autocast():
    epoch  1  train_loss=0.0685  val_loss=0.0522  val_qwk=0.4900  val_acc=0.4101
/home/norak/R&I/kxs-/train.py:148: FutureWarning: `torch.cuda.amp.autocast(args...)` is deprecated. Please use `torch.amp.autocast('cuda', args...)` instead.
  with torch.cuda.amp.autocast():
/home/norak/R&I/kxs-/train.py:169: FutureWarning: `torch.cuda.amp.autocast(args...)` is deprecated. Please use `torch.amp.autocast('cuda', args...)` instead.
  with torch.cuda.amp.autocast():
    epoch  2  train_loss=0.0475  val_loss=0.0433  val_qwk=0.5894  val_acc=0.4719
/home/norak/R&I/kxs-/train.py:148: FutureWarning: `torch.cuda.amp.autocast(args...)` is deprecated. Please use `torch.amp.autocast('cuda', args...)` instead.
  with torch.cuda.amp.autocast():
/home/norak/R&I/kxs-/train.py:169: FutureWarning: `torch.cuda.amp.autocast(args...)` is deprecated. Please use `torch.amp.autocast('cuda', args...)` instead.
  with torch.cuda.amp.autocast():
    epoch  3  train_loss=0.0364  val_loss=0.0349  val_qwk=0.6922  val_acc=0.5730
/home/norak/R&I/kxs-/train.py:148: FutureWarning: `torch.cuda.amp.autocast(args...)` is deprecated. Please use `torch.amp.autocast('cuda', args...)` instead.
  with torch.cuda.amp.autocast():
/home/norak/R&I/kxs-/train.py:169: FutureWarning: `torch.cuda.amp.autocast(args...)` is deprecated. Please use `torch.amp.autocast('cuda', args...)` instead.
  with torch.cuda.amp.autocast():
    epoch  4  train_loss=0.0320  val_loss=0.0339  val_qwk=0.7113  val_acc=0.5674
/home/norak/R&I/kxs-/train.py:148: FutureWarning: `torch.cuda.amp.autocast(args...)` is deprecated. Please use `torch.amp.autocast('cuda', args...)` instead.
  with torch.cuda.amp.autocast():
/home/norak/R&I/kxs-/train.py:169: FutureWarning: `torch.cuda.amp.autocast(args...)` is deprecated. Please use `torch.amp.autocast('cuda', args...)` instead.
  with torch.cuda.amp.autocast():
    epoch  5  train_loss=0.0272  val_loss=0.0333  val_qwk=0.7005  val_acc=0.6236
/home/norak/R&I/kxs-/train.py:148: FutureWarning: `torch.cuda.amp.autocast(args...)` is deprecated. Please use `torch.amp.autocast('cuda', args...)` instead.
  with torch.cuda.amp.autocast():
/home/norak/R&I/kxs-/train.py:169: FutureWarning: `torch.cuda.amp.autocast(args...)` is deprecated. Please use `torch.amp.autocast('cuda', args...)` instead.
  with torch.cuda.amp.autocast():
    epoch  6  train_loss=0.0245  val_loss=0.0345  val_qwk=0.7008  val_acc=0.5449
/home/norak/R&I/kxs-/train.py:148: FutureWarning: `torch.cuda.amp.autocast(args...)` is deprecated. Please use `torch.amp.autocast('cuda', args...)` instead.
  with torch.cuda.amp.autocast():
/home/norak/R&I/kxs-/train.py:169: FutureWarning: `torch.cuda.amp.autocast(args...)` is deprecated. Please use `torch.amp.autocast('cuda', args...)` instead.
  with torch.cuda.amp.autocast():
    epoch  7  train_loss=0.0224  val_loss=0.0317  val_qwk=0.7469  val_acc=0.5899
/home/norak/R&I/kxs-/train.py:148: FutureWarning: `torch.cuda.amp.autocast(args...)` is deprecated. Please use `torch.amp.autocast('cuda', args...)` instead.
  with torch.cuda.amp.autocast():
/home/norak/R&I/kxs-/train.py:169: FutureWarning: `torch.cuda.amp.autocast(args...)` is deprecated. Please use `torch.amp.autocast('cuda', args...)` instead.
  with torch.cuda.amp.autocast():
    epoch  8  train_loss=0.0208  val_loss=0.0401  val_qwk=0.7221  val_acc=0.5730
/home/norak/R&I/kxs-/train.py:148: FutureWarning: `torch.cuda.amp.autocast(args...)` is deprecated. Please use `torch.amp.autocast('cuda', args...)` instead.
  with torch.cuda.amp.autocast():
/home/norak/R&I/kxs-/train.py:169: FutureWarning: `torch.cuda.amp.autocast(args...)` is deprecated. Please use `torch.amp.autocast('cuda', args...)` instead.
  with torch.cuda.amp.autocast():
    epoch  9  train_loss=0.0202  val_loss=0.0306  val_qwk=0.7504  val_acc=0.6236
/home/norak/R&I/kxs-/train.py:148: FutureWarning: `torch.cuda.amp.autocast(args...)` is deprecated. Please use `torch.amp.autocast('cuda', args...)` instead.
  with torch.cuda.amp.autocast():
/home/norak/R&I/kxs-/train.py:169: FutureWarning: `torch.cuda.amp.autocast(args...)` is deprecated. Please use `torch.amp.autocast('cuda', args...)` instead.
  with torch.cuda.amp.autocast():
    epoch 10  train_loss=0.0195  val_loss=0.0288  val_qwk=0.7615  val_acc=0.6236
/home/norak/R&I/kxs-/train.py:148: FutureWarning: `torch.cuda.amp.autocast(args...)` is deprecated. Please use `torch.amp.autocast('cuda', args...)` instead.
  with torch.cuda.amp.autocast():
/home/norak/R&I/kxs-/train.py:169: FutureWarning: `torch.cuda.amp.autocast(args...)` is deprecated. Please use `torch.amp.autocast('cuda', args...)` instead.
  with torch.cuda.amp.autocast():
    epoch 11  train_loss=0.0187  val_loss=0.0312  val_qwk=0.7430  val_acc=0.6629
/home/norak/R&I/kxs-/train.py:148: FutureWarning: `torch.cuda.amp.autocast(args...)` is deprecated. Please use `torch.amp.autocast('cuda', args...)` instead.
  with torch.cuda.amp.autocast():
/home/norak/R&I/kxs-/train.py:169: FutureWarning: `torch.cuda.amp.autocast(args...)` is deprecated. Please use `torch.amp.autocast('cuda', args...)` instead.
  with torch.cuda.amp.autocast():
    epoch 12  train_loss=0.0180  val_loss=0.0304  val_qwk=0.7322  val_acc=0.6067
/home/norak/R&I/kxs-/train.py:148: FutureWarning: `torch.cuda.amp.autocast(args...)` is deprecated. Please use `torch.amp.autocast('cuda', args...)` instead.
  with torch.cuda.amp.autocast():
/home/norak/R&I/kxs-/train.py:169: FutureWarning: `torch.cuda.amp.autocast(args...)` is deprecated. Please use `torch.amp.autocast('cuda', args...)` instead.
  with torch.cuda.amp.autocast():
    epoch 13  train_loss=0.0170  val_loss=0.0319  val_qwk=0.7459  val_acc=0.6236
/home/norak/R&I/kxs-/train.py:148: FutureWarning: `torch.cuda.amp.autocast(args...)` is deprecated. Please use `torch.amp.autocast('cuda', args...)` instead.
  with torch.cuda.amp.autocast():
/home/norak/R&I/kxs-/train.py:169: FutureWarning: `torch.cuda.amp.autocast(args...)` is deprecated. Please use `torch.amp.autocast('cuda', args...)` instead.
  with torch.cuda.amp.autocast():
    epoch 14  train_loss=0.0164  val_loss=0.0313  val_qwk=0.7375  val_acc=0.5899
    early-stop at epoch 14 (best epoch=10, best_qwk=0.7615)
/home/norak/R&I/kxs-/train.py:169: FutureWarning: `torch.cuda.amp.autocast(args...)` is deprecated. Please use `torch.amp.autocast('cuda', args...)` instead.
  with torch.cuda.amp.autocast():
/home/norak/R&I/kxs-/train.py:169: FutureWarning: `torch.cuda.amp.autocast(args...)` is deprecated. Please use `torch.amp.autocast('cuda', args...)` instead.
  with torch.cuda.amp.autocast():
/home/norak/R&I/kxs-/train.py:169: FutureWarning: `torch.cuda.amp.autocast(args...)` is deprecated. Please use `torch.amp.autocast('cuda', args...)` instead.
  with torch.cuda.amp.autocast():
  [segment_qar_dual_gte_maxfeat            ] train_qwk=0.8435 -> test_qwk=0.7747  raw_w1=0.7135  epoch=10  (143.5s)
Loading weights:   0%|          | 0/199 [00:00<?, ?it/s]Loading weights: 100%|██████████| 199/199 [00:00<00:00, 2814.70it/s]
[transformers] [1mBertModel LOAD REPORT[0m from: bert-base-multilingual-cased
Key                                        | Status     |  | 
-------------------------------------------+------------+--+-
cls.seq_relationship.weight                | UNEXPECTED |  | 
cls.predictions.transform.LayerNorm.weight | UNEXPECTED |  | 
cls.predictions.transform.dense.bias       | UNEXPECTED |  | 
cls.predictions.transform.dense.weight     | UNEXPECTED |  | 
cls.predictions.transform.LayerNorm.bias   | UNEXPECTED |  | 
cls.seq_relationship.bias                  | UNEXPECTED |  | 
cls.predictions.bias                       | UNEXPECTED |  | 

Notes:
- UNEXPECTED:	can be ignored when loading from different task/architecture; not ok if you expect identical arch.
/home/norak/R&I/kxs-/train.py:206: FutureWarning: `torch.cuda.amp.GradScaler(args...)` is deprecated. Please use `torch.amp.GradScaler('cuda', args...)` instead.
  scaler = torch.cuda.amp.GradScaler() if use_amp and device == "cuda" else None
/home/norak/R&I/kxs-/train.py:148: FutureWarning: `torch.cuda.amp.autocast(args...)` is deprecated. Please use `torch.amp.autocast('cuda', args...)` instead.
  with torch.cuda.amp.autocast():
/home/norak/R&I/kxs-/train.py:169: FutureWarning: `torch.cuda.amp.autocast(args...)` is deprecated. Please use `torch.amp.autocast('cuda', args...)` instead.
  with torch.cuda.amp.autocast():
    epoch  1  train_loss=0.0784  val_loss=0.0774  val_qwk=0.0487  val_acc=0.1798
/home/norak/R&I/kxs-/train.py:148: FutureWarning: `torch.cuda.amp.autocast(args...)` is deprecated. Please use `torch.amp.autocast('cuda', args...)` instead.
  with torch.cuda.amp.autocast():
/home/norak/R&I/kxs-/train.py:169: FutureWarning: `torch.cuda.amp.autocast(args...)` is deprecated. Please use `torch.amp.autocast('cuda', args...)` instead.
  with torch.cuda.amp.autocast():
    epoch  2  train_loss=0.0728  val_loss=0.0756  val_qwk=0.0537  val_acc=0.1854
/home/norak/R&I/kxs-/train.py:148: FutureWarning: `torch.cuda.amp.autocast(args...)` is deprecated. Please use `torch.amp.autocast('cuda', args...)` instead.
  with torch.cuda.amp.autocast():
/home/norak/R&I/kxs-/train.py:169: FutureWarning: `torch.cuda.amp.autocast(args...)` is deprecated. Please use `torch.amp.autocast('cuda', args...)` instead.
  with torch.cuda.amp.autocast():
    epoch  3  train_loss=0.0697  val_loss=0.0738  val_qwk=0.1575  val_acc=0.2584
/home/norak/R&I/kxs-/train.py:148: FutureWarning: `torch.cuda.amp.autocast(args...)` is deprecated. Please use `torch.amp.autocast('cuda', args...)` instead.
  with torch.cuda.amp.autocast():
/home/norak/R&I/kxs-/train.py:169: FutureWarning: `torch.cuda.amp.autocast(args...)` is deprecated. Please use `torch.amp.autocast('cuda', args...)` instead.
  with torch.cuda.amp.autocast():
    epoch  4  train_loss=0.0660  val_loss=0.0745  val_qwk=0.1785  val_acc=0.2416
/home/norak/R&I/kxs-/train.py:148: FutureWarning: `torch.cuda.amp.autocast(args...)` is deprecated. Please use `torch.amp.autocast('cuda', args...)` instead.
  with torch.cuda.amp.autocast():
/home/norak/R&I/kxs-/train.py:169: FutureWarning: `torch.cuda.amp.autocast(args...)` is deprecated. Please use `torch.amp.autocast('cuda', args...)` instead.
  with torch.cuda.amp.autocast():
    epoch  5  train_loss=0.0663  val_loss=0.0727  val_qwk=0.1794  val_acc=0.2697
/home/norak/R&I/kxs-/train.py:148: FutureWarning: `torch.cuda.amp.autocast(args...)` is deprecated. Please use `torch.amp.autocast('cuda', args...)` instead.
  with torch.cuda.amp.autocast():
/home/norak/R&I/kxs-/train.py:169: FutureWarning: `torch.cuda.amp.autocast(args...)` is deprecated. Please use `torch.amp.autocast('cuda', args...)` instead.
  with torch.cuda.amp.autocast():
    epoch  6  train_loss=0.0642  val_loss=0.0729  val_qwk=0.2043  val_acc=0.2472
/home/norak/R&I/kxs-/train.py:148: FutureWarning: `torch.cuda.amp.autocast(args...)` is deprecated. Please use `torch.amp.autocast('cuda', args...)` instead.
  with torch.cuda.amp.autocast():
/home/norak/R&I/kxs-/train.py:169: FutureWarning: `torch.cuda.amp.autocast(args...)` is deprecated. Please use `torch.amp.autocast('cuda', args...)` instead.
  with torch.cuda.amp.autocast():
    epoch  7  train_loss=0.0632  val_loss=0.0745  val_qwk=0.2780  val_acc=0.2921
/home/norak/R&I/kxs-/train.py:148: FutureWarning: `torch.cuda.amp.autocast(args...)` is deprecated. Please use `torch.amp.autocast('cuda', args...)` instead.
  with torch.cuda.amp.autocast():
/home/norak/R&I/kxs-/train.py:169: FutureWarning: `torch.cuda.amp.autocast(args...)` is deprecated. Please use `torch.amp.autocast('cuda', args...)` instead.
  with torch.cuda.amp.autocast():
    epoch  8  train_loss=0.0658  val_loss=0.0764  val_qwk=0.1730  val_acc=0.2584
/home/norak/R&I/kxs-/train.py:148: FutureWarning: `torch.cuda.amp.autocast(args...)` is deprecated. Please use `torch.amp.autocast('cuda', args...)` instead.
  with torch.cuda.amp.autocast():
/home/norak/R&I/kxs-/train.py:169: FutureWarning: `torch.cuda.amp.autocast(args...)` is deprecated. Please use `torch.amp.autocast('cuda', args...)` instead.
  with torch.cuda.amp.autocast():
    epoch  9  train_loss=0.0643  val_loss=0.0706  val_qwk=0.1899  val_acc=0.2809
/home/norak/R&I/kxs-/train.py:148: FutureWarning: `torch.cuda.amp.autocast(args...)` is deprecated. Please use `torch.amp.autocast('cuda', args...)` instead.
  with torch.cuda.amp.autocast():
/home/norak/R&I/kxs-/train.py:169: FutureWarning: `torch.cuda.amp.autocast(args...)` is deprecated. Please use `torch.amp.autocast('cuda', args...)` instead.
  with torch.cuda.amp.autocast():
    epoch 10  train_loss=0.0642  val_loss=0.0713  val_qwk=0.1868  val_acc=0.2809
/home/norak/R&I/kxs-/train.py:148: FutureWarning: `torch.cuda.amp.autocast(args...)` is deprecated. Please use `torch.amp.autocast('cuda', args...)` instead.
  with torch.cuda.amp.autocast():
/home/norak/R&I/kxs-/train.py:169: FutureWarning: `torch.cuda.amp.autocast(args...)` is deprecated. Please use `torch.amp.autocast('cuda', args...)` instead.
  with torch.cuda.amp.autocast():
    epoch 11  train_loss=0.0619  val_loss=0.0695  val_qwk=0.1742  val_acc=0.2753
    early-stop at epoch 11 (best epoch=7, best_qwk=0.2780)
/home/norak/R&I/kxs-/train.py:169: FutureWarning: `torch.cuda.amp.autocast(args...)` is deprecated. Please use `torch.amp.autocast('cuda', args...)` instead.
  with torch.cuda.amp.autocast():
/home/norak/R&I/kxs-/train.py:169: FutureWarning: `torch.cuda.amp.autocast(args...)` is deprecated. Please use `torch.amp.autocast('cuda', args...)` instead.
  with torch.cuda.amp.autocast():
/home/norak/R&I/kxs-/train.py:169: FutureWarning: `torch.cuda.amp.autocast(args...)` is deprecated. Please use `torch.amp.autocast('cuda', args...)` instead.
  with torch.cuda.amp.autocast():
  [segment_qar_cross_mbert_maxfeat         ] train_qwk=0.3549 -> test_qwk=0.3449  raw_w1=0.4157  epoch=7  (67.8s)
Loading weights:   0%|          | 0/199 [00:00<?, ?it/s]Loading weights: 100%|██████████| 199/199 [00:00<00:00, 2993.67it/s]
[transformers] [1mXLMRobertaModel LOAD REPORT[0m from: xlm-roberta-base
Key                       | Status     |  | 
--------------------------+------------+--+-
lm_head.layer_norm.weight | UNEXPECTED |  | 
lm_head.bias              | UNEXPECTED |  | 
lm_head.dense.bias        | UNEXPECTED |  | 
lm_head.layer_norm.bias   | UNEXPECTED |  | 
lm_head.dense.weight      | UNEXPECTED |  | 

Notes:
- UNEXPECTED:	can be ignored when loading from different task/architecture; not ok if you expect identical arch.
/home/norak/R&I/kxs-/train.py:206: FutureWarning: `torch.cuda.amp.GradScaler(args...)` is deprecated. Please use `torch.amp.GradScaler('cuda', args...)` instead.
  scaler = torch.cuda.amp.GradScaler() if use_amp and device == "cuda" else None
/home/norak/R&I/kxs-/train.py:148: FutureWarning: `torch.cuda.amp.autocast(args...)` is deprecated. Please use `torch.amp.autocast('cuda', args...)` instead.
  with torch.cuda.amp.autocast():
/home/norak/R&I/kxs-/train.py:169: FutureWarning: `torch.cuda.amp.autocast(args...)` is deprecated. Please use `torch.amp.autocast('cuda', args...)` instead.
  with torch.cuda.amp.autocast():
    epoch  1  train_loss=0.0906  val_loss=0.0716  val_qwk=0.0000  val_acc=0.1629
/home/norak/R&I/kxs-/train.py:148: FutureWarning: `torch.cuda.amp.autocast(args...)` is deprecated. Please use `torch.amp.autocast('cuda', args...)` instead.
  with torch.cuda.amp.autocast():
/home/norak/R&I/kxs-/train.py:169: FutureWarning: `torch.cuda.amp.autocast(args...)` is deprecated. Please use `torch.amp.autocast('cuda', args...)` instead.
  with torch.cuda.amp.autocast():
    epoch  2  train_loss=0.0682  val_loss=0.0695  val_qwk=0.2230  val_acc=0.3539
/home/norak/R&I/kxs-/train.py:148: FutureWarning: `torch.cuda.amp.autocast(args...)` is deprecated. Please use `torch.amp.autocast('cuda', args...)` instead.
  with torch.cuda.amp.autocast():
/home/norak/R&I/kxs-/train.py:169: FutureWarning: `torch.cuda.amp.autocast(args...)` is deprecated. Please use `torch.amp.autocast('cuda', args...)` instead.
  with torch.cuda.amp.autocast():
    epoch  3  train_loss=0.0615  val_loss=0.0618  val_qwk=0.4363  val_acc=0.4663
/home/norak/R&I/kxs-/train.py:148: FutureWarning: `torch.cuda.amp.autocast(args...)` is deprecated. Please use `torch.amp.autocast('cuda', args...)` instead.
  with torch.cuda.amp.autocast():
/home/norak/R&I/kxs-/train.py:169: FutureWarning: `torch.cuda.amp.autocast(args...)` is deprecated. Please use `torch.amp.autocast('cuda', args...)` instead.
  with torch.cuda.amp.autocast():
    epoch  4  train_loss=0.0535  val_loss=0.0540  val_qwk=0.4516  val_acc=0.3652
/home/norak/R&I/kxs-/train.py:148: FutureWarning: `torch.cuda.amp.autocast(args...)` is deprecated. Please use `torch.amp.autocast('cuda', args...)` instead.
  with torch.cuda.amp.autocast():
/home/norak/R&I/kxs-/train.py:169: FutureWarning: `torch.cuda.amp.autocast(args...)` is deprecated. Please use `torch.amp.autocast('cuda', args...)` instead.
  with torch.cuda.amp.autocast():
    epoch  5  train_loss=0.0475  val_loss=0.0520  val_qwk=0.4816  val_acc=0.4382
/home/norak/R&I/kxs-/train.py:148: FutureWarning: `torch.cuda.amp.autocast(args...)` is deprecated. Please use `torch.amp.autocast('cuda', args...)` instead.
  with torch.cuda.amp.autocast():
/home/norak/R&I/kxs-/train.py:169: FutureWarning: `torch.cuda.amp.autocast(args...)` is deprecated. Please use `torch.amp.autocast('cuda', args...)` instead.
  with torch.cuda.amp.autocast():
    epoch  6  train_loss=0.0431  val_loss=0.0468  val_qwk=0.5899  val_acc=0.5506
/home/norak/R&I/kxs-/train.py:148: FutureWarning: `torch.cuda.amp.autocast(args...)` is deprecated. Please use `torch.amp.autocast('cuda', args...)` instead.
  with torch.cuda.amp.autocast():
/home/norak/R&I/kxs-/train.py:169: FutureWarning: `torch.cuda.amp.autocast(args...)` is deprecated. Please use `torch.amp.autocast('cuda', args...)` instead.
  with torch.cuda.amp.autocast():
    epoch  7  train_loss=0.0406  val_loss=0.0538  val_qwk=0.5850  val_acc=0.5787
/home/norak/R&I/kxs-/train.py:148: FutureWarning: `torch.cuda.amp.autocast(args...)` is deprecated. Please use `torch.amp.autocast('cuda', args...)` instead.
  with torch.cuda.amp.autocast():
/home/norak/R&I/kxs-/train.py:169: FutureWarning: `torch.cuda.amp.autocast(args...)` is deprecated. Please use `torch.amp.autocast('cuda', args...)` instead.
  with torch.cuda.amp.autocast():
    epoch  8  train_loss=0.0403  val_loss=0.0466  val_qwk=0.5902  val_acc=0.5281
/home/norak/R&I/kxs-/train.py:148: FutureWarning: `torch.cuda.amp.autocast(args...)` is deprecated. Please use `torch.amp.autocast('cuda', args...)` instead.
  with torch.cuda.amp.autocast():
/home/norak/R&I/kxs-/train.py:169: FutureWarning: `torch.cuda.amp.autocast(args...)` is deprecated. Please use `torch.amp.autocast('cuda', args...)` instead.
  with torch.cuda.amp.autocast():
    epoch  9  train_loss=0.0352  val_loss=0.0459  val_qwk=0.6683  val_acc=0.5843
/home/norak/R&I/kxs-/train.py:148: FutureWarning: `torch.cuda.amp.autocast(args...)` is deprecated. Please use `torch.amp.autocast('cuda', args...)` instead.
  with torch.cuda.amp.autocast():
/home/norak/R&I/kxs-/train.py:169: FutureWarning: `torch.cuda.amp.autocast(args...)` is deprecated. Please use `torch.amp.autocast('cuda', args...)` instead.
  with torch.cuda.amp.autocast():
    epoch 10  train_loss=0.0344  val_loss=0.0413  val_qwk=0.6446  val_acc=0.5337
/home/norak/R&I/kxs-/train.py:148: FutureWarning: `torch.cuda.amp.autocast(args...)` is deprecated. Please use `torch.amp.autocast('cuda', args...)` instead.
  with torch.cuda.amp.autocast():
/home/norak/R&I/kxs-/train.py:169: FutureWarning: `torch.cuda.amp.autocast(args...)` is deprecated. Please use `torch.amp.autocast('cuda', args...)` instead.
  with torch.cuda.amp.autocast():
    epoch 11  train_loss=0.0334  val_loss=0.0400  val_qwk=0.6857  val_acc=0.5674
/home/norak/R&I/kxs-/train.py:148: FutureWarning: `torch.cuda.amp.autocast(args...)` is deprecated. Please use `torch.amp.autocast('cuda', args...)` instead.
  with torch.cuda.amp.autocast():
/home/norak/R&I/kxs-/train.py:169: FutureWarning: `torch.cuda.amp.autocast(args...)` is deprecated. Please use `torch.amp.autocast('cuda', args...)` instead.
  with torch.cuda.amp.autocast():
    epoch 12  train_loss=0.0301  val_loss=0.0403  val_qwk=0.6933  val_acc=0.6067
/home/norak/R&I/kxs-/train.py:148: FutureWarning: `torch.cuda.amp.autocast(args...)` is deprecated. Please use `torch.amp.autocast('cuda', args...)` instead.
  with torch.cuda.amp.autocast():
/home/norak/R&I/kxs-/train.py:169: FutureWarning: `torch.cuda.amp.autocast(args...)` is deprecated. Please use `torch.amp.autocast('cuda', args...)` instead.
  with torch.cuda.amp.autocast():
    epoch 13  train_loss=0.0274  val_loss=0.0377  val_qwk=0.6818  val_acc=0.5618
/home/norak/R&I/kxs-/train.py:148: FutureWarning: `torch.cuda.amp.autocast(args...)` is deprecated. Please use `torch.amp.autocast('cuda', args...)` instead.
  with torch.cuda.amp.autocast():
/home/norak/R&I/kxs-/train.py:169: FutureWarning: `torch.cuda.amp.autocast(args...)` is deprecated. Please use `torch.amp.autocast('cuda', args...)` instead.
  with torch.cuda.amp.autocast():
    epoch 14  train_loss=0.0263  val_loss=0.0394  val_qwk=0.6271  val_acc=0.5618
/home/norak/R&I/kxs-/train.py:148: FutureWarning: `torch.cuda.amp.autocast(args...)` is deprecated. Please use `torch.amp.autocast('cuda', args...)` instead.
  with torch.cuda.amp.autocast():
/home/norak/R&I/kxs-/train.py:169: FutureWarning: `torch.cuda.amp.autocast(args...)` is deprecated. Please use `torch.amp.autocast('cuda', args...)` instead.
  with torch.cuda.amp.autocast():
    epoch 15  train_loss=0.0250  val_loss=0.0380  val_qwk=0.6795  val_acc=0.5899
/home/norak/R&I/kxs-/train.py:148: FutureWarning: `torch.cuda.amp.autocast(args...)` is deprecated. Please use `torch.amp.autocast('cuda', args...)` instead.
  with torch.cuda.amp.autocast():
/home/norak/R&I/kxs-/train.py:169: FutureWarning: `torch.cuda.amp.autocast(args...)` is deprecated. Please use `torch.amp.autocast('cuda', args...)` instead.
  with torch.cuda.amp.autocast():
    epoch 16  train_loss=0.0269  val_loss=0.0372  val_qwk=0.6956  val_acc=0.6124
/home/norak/R&I/kxs-/train.py:148: FutureWarning: `torch.cuda.amp.autocast(args...)` is deprecated. Please use `torch.amp.autocast('cuda', args...)` instead.
  with torch.cuda.amp.autocast():
/home/norak/R&I/kxs-/train.py:169: FutureWarning: `torch.cuda.amp.autocast(args...)` is deprecated. Please use `torch.amp.autocast('cuda', args...)` instead.
  with torch.cuda.amp.autocast():
    epoch 17  train_loss=0.0244  val_loss=0.0327  val_qwk=0.7494  val_acc=0.6461
/home/norak/R&I/kxs-/train.py:148: FutureWarning: `torch.cuda.amp.autocast(args...)` is deprecated. Please use `torch.amp.autocast('cuda', args...)` instead.
  with torch.cuda.amp.autocast():
/home/norak/R&I/kxs-/train.py:169: FutureWarning: `torch.cuda.amp.autocast(args...)` is deprecated. Please use `torch.amp.autocast('cuda', args...)` instead.
  with torch.cuda.amp.autocast():
    epoch 18  train_loss=0.0217  val_loss=0.0311  val_qwk=0.7408  val_acc=0.6292
/home/norak/R&I/kxs-/train.py:148: FutureWarning: `torch.cuda.amp.autocast(args...)` is deprecated. Please use `torch.amp.autocast('cuda', args...)` instead.
  with torch.cuda.amp.autocast():
/home/norak/R&I/kxs-/train.py:169: FutureWarning: `torch.cuda.amp.autocast(args...)` is deprecated. Please use `torch.amp.autocast('cuda', args...)` instead.
  with torch.cuda.amp.autocast():
    epoch 19  train_loss=0.0203  val_loss=0.0433  val_qwk=0.6337  val_acc=0.5899
/home/norak/R&I/kxs-/train.py:148: FutureWarning: `torch.cuda.amp.autocast(args...)` is deprecated. Please use `torch.amp.autocast('cuda', args...)` instead.
  with torch.cuda.amp.autocast():
/home/norak/R&I/kxs-/train.py:169: FutureWarning: `torch.cuda.amp.autocast(args...)` is deprecated. Please use `torch.amp.autocast('cuda', args...)` instead.
  with torch.cuda.amp.autocast():
    epoch 20  train_loss=0.0218  val_loss=0.0365  val_qwk=0.7237  val_acc=0.6461
/home/norak/R&I/kxs-/train.py:169: FutureWarning: `torch.cuda.amp.autocast(args...)` is deprecated. Please use `torch.amp.autocast('cuda', args...)` instead.
  with torch.cuda.amp.autocast():
/home/norak/R&I/kxs-/train.py:169: FutureWarning: `torch.cuda.amp.autocast(args...)` is deprecated. Please use `torch.amp.autocast('cuda', args...)` instead.
  with torch.cuda.amp.autocast():
/home/norak/R&I/kxs-/train.py:169: FutureWarning: `torch.cuda.amp.autocast(args...)` is deprecated. Please use `torch.amp.autocast('cuda', args...)` instead.
  with torch.cuda.amp.autocast():
  [segment_qar_cross_xlmr_maxfeat          ] train_qwk=0.8395 -> test_qwk=0.7589  raw_w1=0.7247  epoch=17  (115.3s)
Loading weights:   0%|          | 0/136 [00:00<?, ?it/s]Loading weights:   3%|▎         | 4/136 [00:00<00:03, 38.50it/s]Loading weights: 100%|██████████| 136/136 [00:00<00:00, 1034.08it/s]
[transformers] [1mNewModel LOAD REPORT[0m from: Alibaba-NLP/gte-multilingual-base
Key               | Status     |  | 
------------------+------------+--+-
classifier.weight | UNEXPECTED |  | 
classifier.bias   | UNEXPECTED |  | 

Notes:
- UNEXPECTED:	can be ignored when loading from different task/architecture; not ok if you expect identical arch.
/home/norak/R&I/kxs-/train.py:206: FutureWarning: `torch.cuda.amp.GradScaler(args...)` is deprecated. Please use `torch.amp.GradScaler('cuda', args...)` instead.
  scaler = torch.cuda.amp.GradScaler() if use_amp and device == "cuda" else None
/home/norak/R&I/kxs-/train.py:148: FutureWarning: `torch.cuda.amp.autocast(args...)` is deprecated. Please use `torch.amp.autocast('cuda', args...)` instead.
  with torch.cuda.amp.autocast():
/home/norak/R&I/kxs-/train.py:169: FutureWarning: `torch.cuda.amp.autocast(args...)` is deprecated. Please use `torch.amp.autocast('cuda', args...)` instead.
  with torch.cuda.amp.autocast():
    epoch  1  train_loss=0.0721  val_loss=0.0585  val_qwk=0.3740  val_acc=0.2416
/home/norak/R&I/kxs-/train.py:148: FutureWarning: `torch.cuda.amp.autocast(args...)` is deprecated. Please use `torch.amp.autocast('cuda', args...)` instead.
  with torch.cuda.amp.autocast():
/home/norak/R&I/kxs-/train.py:169: FutureWarning: `torch.cuda.amp.autocast(args...)` is deprecated. Please use `torch.amp.autocast('cuda', args...)` instead.
  with torch.cuda.amp.autocast():
    epoch  2  train_loss=0.0522  val_loss=0.0506  val_qwk=0.4968  val_acc=0.4101
/home/norak/R&I/kxs-/train.py:148: FutureWarning: `torch.cuda.amp.autocast(args...)` is deprecated. Please use `torch.amp.autocast('cuda', args...)` instead.
  with torch.cuda.amp.autocast():
/home/norak/R&I/kxs-/train.py:169: FutureWarning: `torch.cuda.amp.autocast(args...)` is deprecated. Please use `torch.amp.autocast('cuda', args...)` instead.
  with torch.cuda.amp.autocast():
    epoch  3  train_loss=0.0473  val_loss=0.0538  val_qwk=0.5392  val_acc=0.4831
/home/norak/R&I/kxs-/train.py:148: FutureWarning: `torch.cuda.amp.autocast(args...)` is deprecated. Please use `torch.amp.autocast('cuda', args...)` instead.
  with torch.cuda.amp.autocast():
/home/norak/R&I/kxs-/train.py:169: FutureWarning: `torch.cuda.amp.autocast(args...)` is deprecated. Please use `torch.amp.autocast('cuda', args...)` instead.
  with torch.cuda.amp.autocast():
    epoch  4  train_loss=0.0455  val_loss=0.0452  val_qwk=0.5823  val_acc=0.5000
/home/norak/R&I/kxs-/train.py:148: FutureWarning: `torch.cuda.amp.autocast(args...)` is deprecated. Please use `torch.amp.autocast('cuda', args...)` instead.
  with torch.cuda.amp.autocast():
/home/norak/R&I/kxs-/train.py:169: FutureWarning: `torch.cuda.amp.autocast(args...)` is deprecated. Please use `torch.amp.autocast('cuda', args...)` instead.
  with torch.cuda.amp.autocast():
    epoch  5  train_loss=0.0397  val_loss=0.0522  val_qwk=0.6142  val_acc=0.5562
/home/norak/R&I/kxs-/train.py:148: FutureWarning: `torch.cuda.amp.autocast(args...)` is deprecated. Please use `torch.amp.autocast('cuda', args...)` instead.
  with torch.cuda.amp.autocast():
/home/norak/R&I/kxs-/train.py:169: FutureWarning: `torch.cuda.amp.autocast(args...)` is deprecated. Please use `torch.amp.autocast('cuda', args...)` instead.
  with torch.cuda.amp.autocast():
    epoch  6  train_loss=0.0371  val_loss=0.0469  val_qwk=0.6675  val_acc=0.5899
/home/norak/R&I/kxs-/train.py:148: FutureWarning: `torch.cuda.amp.autocast(args...)` is deprecated. Please use `torch.amp.autocast('cuda', args...)` instead.
  with torch.cuda.amp.autocast():
/home/norak/R&I/kxs-/train.py:169: FutureWarning: `torch.cuda.amp.autocast(args...)` is deprecated. Please use `torch.amp.autocast('cuda', args...)` instead.
  with torch.cuda.amp.autocast():
    epoch  7  train_loss=0.0329  val_loss=0.0569  val_qwk=0.5918  val_acc=0.5056
/home/norak/R&I/kxs-/train.py:148: FutureWarning: `torch.cuda.amp.autocast(args...)` is deprecated. Please use `torch.amp.autocast('cuda', args...)` instead.
  with torch.cuda.amp.autocast():
/home/norak/R&I/kxs-/train.py:169: FutureWarning: `torch.cuda.amp.autocast(args...)` is deprecated. Please use `torch.amp.autocast('cuda', args...)` instead.
  with torch.cuda.amp.autocast():
    epoch  8  train_loss=0.0322  val_loss=0.0433  val_qwk=0.6816  val_acc=0.6292
/home/norak/R&I/kxs-/train.py:148: FutureWarning: `torch.cuda.amp.autocast(args...)` is deprecated. Please use `torch.amp.autocast('cuda', args...)` instead.
  with torch.cuda.amp.autocast():
/home/norak/R&I/kxs-/train.py:169: FutureWarning: `torch.cuda.amp.autocast(args...)` is deprecated. Please use `torch.amp.autocast('cuda', args...)` instead.
  with torch.cuda.amp.autocast():
    epoch  9  train_loss=0.0297  val_loss=0.0444  val_qwk=0.6590  val_acc=0.6461
/home/norak/R&I/kxs-/train.py:148: FutureWarning: `torch.cuda.amp.autocast(args...)` is deprecated. Please use `torch.amp.autocast('cuda', args...)` instead.
  with torch.cuda.amp.autocast():
/home/norak/R&I/kxs-/train.py:169: FutureWarning: `torch.cuda.amp.autocast(args...)` is deprecated. Please use `torch.amp.autocast('cuda', args...)` instead.
  with torch.cuda.amp.autocast():
    epoch 10  train_loss=0.0285  val_loss=0.0372  val_qwk=0.6822  val_acc=0.6236
/home/norak/R&I/kxs-/train.py:148: FutureWarning: `torch.cuda.amp.autocast(args...)` is deprecated. Please use `torch.amp.autocast('cuda', args...)` instead.
  with torch.cuda.amp.autocast():
/home/norak/R&I/kxs-/train.py:169: FutureWarning: `torch.cuda.amp.autocast(args...)` is deprecated. Please use `torch.amp.autocast('cuda', args...)` instead.
  with torch.cuda.amp.autocast():
    epoch 11  train_loss=0.0276  val_loss=0.0405  val_qwk=0.6628  val_acc=0.6124
/home/norak/R&I/kxs-/train.py:148: FutureWarning: `torch.cuda.amp.autocast(args...)` is deprecated. Please use `torch.amp.autocast('cuda', args...)` instead.
  with torch.cuda.amp.autocast():
/home/norak/R&I/kxs-/train.py:169: FutureWarning: `torch.cuda.amp.autocast(args...)` is deprecated. Please use `torch.amp.autocast('cuda', args...)` instead.
  with torch.cuda.amp.autocast():
    epoch 12  train_loss=0.0265  val_loss=0.0370  val_qwk=0.7222  val_acc=0.6404
/home/norak/R&I/kxs-/train.py:148: FutureWarning: `torch.cuda.amp.autocast(args...)` is deprecated. Please use `torch.amp.autocast('cuda', args...)` instead.
  with torch.cuda.amp.autocast():
/home/norak/R&I/kxs-/train.py:169: FutureWarning: `torch.cuda.amp.autocast(args...)` is deprecated. Please use `torch.amp.autocast('cuda', args...)` instead.
  with torch.cuda.amp.autocast():
    epoch 13  train_loss=0.0233  val_loss=0.0359  val_qwk=0.7099  val_acc=0.6517
/home/norak/R&I/kxs-/train.py:148: FutureWarning: `torch.cuda.amp.autocast(args...)` is deprecated. Please use `torch.amp.autocast('cuda', args...)` instead.
  with torch.cuda.amp.autocast():
/home/norak/R&I/kxs-/train.py:169: FutureWarning: `torch.cuda.amp.autocast(args...)` is deprecated. Please use `torch.amp.autocast('cuda', args...)` instead.
  with torch.cuda.amp.autocast():
    epoch 14  train_loss=0.0234  val_loss=0.0361  val_qwk=0.7245  val_acc=0.6404
/home/norak/R&I/kxs-/train.py:148: FutureWarning: `torch.cuda.amp.autocast(args...)` is deprecated. Please use `torch.amp.autocast('cuda', args...)` instead.
  with torch.cuda.amp.autocast():
/home/norak/R&I/kxs-/train.py:169: FutureWarning: `torch.cuda.amp.autocast(args...)` is deprecated. Please use `torch.amp.autocast('cuda', args...)` instead.
  with torch.cuda.amp.autocast():
    epoch 15  train_loss=0.0217  val_loss=0.0384  val_qwk=0.7177  val_acc=0.6517
/home/norak/R&I/kxs-/train.py:148: FutureWarning: `torch.cuda.amp.autocast(args...)` is deprecated. Please use `torch.amp.autocast('cuda', args...)` instead.
  with torch.cuda.amp.autocast():
/home/norak/R&I/kxs-/train.py:169: FutureWarning: `torch.cuda.amp.autocast(args...)` is deprecated. Please use `torch.amp.autocast('cuda', args...)` instead.
  with torch.cuda.amp.autocast():
    epoch 16  train_loss=0.0204  val_loss=0.0470  val_qwk=0.7058  val_acc=0.6180
/home/norak/R&I/kxs-/train.py:148: FutureWarning: `torch.cuda.amp.autocast(args...)` is deprecated. Please use `torch.amp.autocast('cuda', args...)` instead.
  with torch.cuda.amp.autocast():
/home/norak/R&I/kxs-/train.py:169: FutureWarning: `torch.cuda.amp.autocast(args...)` is deprecated. Please use `torch.amp.autocast('cuda', args...)` instead.
  with torch.cuda.amp.autocast():
    epoch 17  train_loss=0.0201  val_loss=0.0336  val_qwk=0.7135  val_acc=0.6629
/home/norak/R&I/kxs-/train.py:148: FutureWarning: `torch.cuda.amp.autocast(args...)` is deprecated. Please use `torch.amp.autocast('cuda', args...)` instead.
  with torch.cuda.amp.autocast():
/home/norak/R&I/kxs-/train.py:169: FutureWarning: `torch.cuda.amp.autocast(args...)` is deprecated. Please use `torch.amp.autocast('cuda', args...)` instead.
  with torch.cuda.amp.autocast():
    epoch 18  train_loss=0.0195  val_loss=0.0346  val_qwk=0.7271  val_acc=0.6629
/home/norak/R&I/kxs-/train.py:148: FutureWarning: `torch.cuda.amp.autocast(args...)` is deprecated. Please use `torch.amp.autocast('cuda', args...)` instead.
  with torch.cuda.amp.autocast():
/home/norak/R&I/kxs-/train.py:169: FutureWarning: `torch.cuda.amp.autocast(args...)` is deprecated. Please use `torch.amp.autocast('cuda', args...)` instead.
  with torch.cuda.amp.autocast():
    epoch 19  train_loss=0.0186  val_loss=0.0381  val_qwk=0.7184  val_acc=0.6517
/home/norak/R&I/kxs-/train.py:148: FutureWarning: `torch.cuda.amp.autocast(args...)` is deprecated. Please use `torch.amp.autocast('cuda', args...)` instead.
  with torch.cuda.amp.autocast():
/home/norak/R&I/kxs-/train.py:169: FutureWarning: `torch.cuda.amp.autocast(args...)` is deprecated. Please use `torch.amp.autocast('cuda', args...)` instead.
  with torch.cuda.amp.autocast():
    epoch 20  train_loss=0.0185  val_loss=0.0399  val_qwk=0.7143  val_acc=0.6124
/home/norak/R&I/kxs-/train.py:169: FutureWarning: `torch.cuda.amp.autocast(args...)` is deprecated. Please use `torch.amp.autocast('cuda', args...)` instead.
  with torch.cuda.amp.autocast():
/home/norak/R&I/kxs-/train.py:169: FutureWarning: `torch.cuda.amp.autocast(args...)` is deprecated. Please use `torch.amp.autocast('cuda', args...)` instead.
  with torch.cuda.amp.autocast():
/home/norak/R&I/kxs-/train.py:169: FutureWarning: `torch.cuda.amp.autocast(args...)` is deprecated. Please use `torch.amp.autocast('cuda', args...)` instead.
  with torch.cuda.amp.autocast():
  [segment_qar_cross_gte_maxfeat           ] train_qwk=0.8344 -> test_qwk=0.7170  raw_w1=0.6910  epoch=18  (131.1s)

========== exp03b max-feat neural  909 (no 10C biology)  resume=False  ->  /home/norak/R&I/kxs-/results_no10c_v03b_maxfeat_neural ==========
  rows=909 train=636 val=136 test=137
    epoch  1  train_loss=0.1017  val_loss=0.0865  val_qwk=0.0000  val_acc=0.1324
    epoch  2  train_loss=0.0783  val_loss=0.0683  val_qwk=0.2363  val_acc=0.2059
    epoch  3  train_loss=0.0677  val_loss=0.0486  val_qwk=0.5879  val_acc=0.5221
    epoch  4  train_loss=0.0554  val_loss=0.0492  val_qwk=0.5321  val_acc=0.5221
    epoch  5  train_loss=0.0496  val_loss=0.0408  val_qwk=0.6185  val_acc=0.5515
    epoch  6  train_loss=0.0496  val_loss=0.0470  val_qwk=0.5721  val_acc=0.5368
    epoch  7  train_loss=0.0434  val_loss=0.0342  val_qwk=0.7496  val_acc=0.6618
    epoch  8  train_loss=0.0401  val_loss=0.0376  val_qwk=0.6907  val_acc=0.5882
    epoch  9  train_loss=0.0362  val_loss=0.0281  val_qwk=0.7924  val_acc=0.6471
    epoch 10  train_loss=0.0309  val_loss=0.0269  val_qwk=0.8100  val_acc=0.6912
    epoch 11  train_loss=0.0279  val_loss=0.0233  val_qwk=0.8325  val_acc=0.6985
    epoch 12  train_loss=0.0254  val_loss=0.0230  val_qwk=0.8503  val_acc=0.7353
    epoch 13  train_loss=0.0233  val_loss=0.0212  val_qwk=0.8552  val_acc=0.7206
    epoch 14  train_loss=0.0203  val_loss=0.0211  val_qwk=0.8373  val_acc=0.6912
    epoch 15  train_loss=0.0186  val_loss=0.0207  val_qwk=0.8619  val_acc=0.7279
    epoch 16  train_loss=0.0195  val_loss=0.0199  val_qwk=0.8460  val_acc=0.6912
    epoch 17  train_loss=0.0173  val_loss=0.0192  val_qwk=0.8598  val_acc=0.7500
    epoch 18  train_loss=0.0167  val_loss=0.0199  val_qwk=0.8514  val_acc=0.7059
    epoch 19  train_loss=0.0149  val_loss=0.0212  val_qwk=0.8620  val_acc=0.6985
    epoch 20  train_loss=0.0140  val_loss=0.0227  val_qwk=0.8274  val_acc=0.7059
  [raw_ra_bilstm_maxfeat              ] train_qwk=0.9132 -> test_qwk=0.7198  acc5=0.6861  raw_w1=0.7080  epoch=19  (10.0s)
    epoch  1  train_loss=0.0998  val_loss=0.0862  val_qwk=0.0000  val_acc=0.1324
    epoch  2  train_loss=0.0797  val_loss=0.0722  val_qwk=0.0753  val_acc=0.1838
    epoch  3  train_loss=0.0675  val_loss=0.0506  val_qwk=0.5939  val_acc=0.5000
    epoch  4  train_loss=0.0567  val_loss=0.0476  val_qwk=0.6274  val_acc=0.5368
    epoch  5  train_loss=0.0525  val_loss=0.0457  val_qwk=0.5884  val_acc=0.5000
    epoch  6  train_loss=0.0517  val_loss=0.0410  val_qwk=0.6491  val_acc=0.5294
    epoch  7  train_loss=0.0494  val_loss=0.0424  val_qwk=0.7245  val_acc=0.5735
    epoch  8  train_loss=0.0484  val_loss=0.0504  val_qwk=0.5718  val_acc=0.3162
    epoch  9  train_loss=0.0485  val_loss=0.0375  val_qwk=0.7147  val_acc=0.5735
    epoch 10  train_loss=0.0449  val_loss=0.0342  val_qwk=0.7423  val_acc=0.6618
    epoch 11  train_loss=0.0397  val_loss=0.0323  val_qwk=0.7474  val_acc=0.6103
    epoch 12  train_loss=0.0365  val_loss=0.0320  val_qwk=0.7509  val_acc=0.5662
    epoch 13  train_loss=0.0352  val_loss=0.0295  val_qwk=0.7705  val_acc=0.6176
    epoch 14  train_loss=0.0334  val_loss=0.0341  val_qwk=0.7574  val_acc=0.6765
    epoch 15  train_loss=0.0290  val_loss=0.0281  val_qwk=0.7741  val_acc=0.6176
    epoch 16  train_loss=0.0272  val_loss=0.0325  val_qwk=0.7812  val_acc=0.6324
    epoch 17  train_loss=0.0270  val_loss=0.0312  val_qwk=0.7794  val_acc=0.6029
    epoch 18  train_loss=0.0255  val_loss=0.0299  val_qwk=0.7926  val_acc=0.6397
    epoch 19  train_loss=0.0237  val_loss=0.0380  val_qwk=0.7329  val_acc=0.6544
    epoch 20  train_loss=0.0226  val_loss=0.0319  val_qwk=0.7720  val_acc=0.6618
  [raw_qar_bilstm_maxfeat             ] train_qwk=0.8416 -> test_qwk=0.7345  acc5=0.6788  raw_w1=0.6642  epoch=18  (10.2s)
    epoch  1  train_loss=0.1051  val_loss=0.0872  val_qwk=0.0000  val_acc=0.1324
    epoch  2  train_loss=0.0792  val_loss=0.0681  val_qwk=0.0463  val_acc=0.1765
    epoch  3  train_loss=0.0644  val_loss=0.0482  val_qwk=0.6510  val_acc=0.5368
    epoch  4  train_loss=0.0573  val_loss=0.0442  val_qwk=0.6409  val_acc=0.5074
    epoch  5  train_loss=0.0519  val_loss=0.0420  val_qwk=0.6094  val_acc=0.5221
    epoch  6  train_loss=0.0470  val_loss=0.0390  val_qwk=0.6376  val_acc=0.5221
    epoch  7  train_loss=0.0416  val_loss=0.0356  val_qwk=0.7195  val_acc=0.6103
    epoch  8  train_loss=0.0389  val_loss=0.0336  val_qwk=0.7424  val_acc=0.6176
    epoch  9  train_loss=0.0333  val_loss=0.0312  val_qwk=0.7771  val_acc=0.6324
    epoch 10  train_loss=0.0306  val_loss=0.0289  val_qwk=0.7914  val_acc=0.6250
    epoch 11  train_loss=0.0279  val_loss=0.0279  val_qwk=0.7776  val_acc=0.6250
    epoch 12  train_loss=0.0299  val_loss=0.0305  val_qwk=0.7919  val_acc=0.6324
    epoch 13  train_loss=0.0292  val_loss=0.0270  val_qwk=0.8057  val_acc=0.6471
    epoch 14  train_loss=0.0229  val_loss=0.0267  val_qwk=0.8043  val_acc=0.6397
    epoch 15  train_loss=0.0198  val_loss=0.0268  val_qwk=0.7935  val_acc=0.6250
    epoch 16  train_loss=0.0182  val_loss=0.0273  val_qwk=0.8271  val_acc=0.6985
    epoch 17  train_loss=0.0176  val_loss=0.0260  val_qwk=0.8162  val_acc=0.6985
    epoch 18  train_loss=0.0165  val_loss=0.0234  val_qwk=0.8273  val_acc=0.6912
    epoch 19  train_loss=0.0151  val_loss=0.0290  val_qwk=0.7799  val_acc=0.6765
    epoch 20  train_loss=0.0149  val_loss=0.0276  val_qwk=0.8083  val_acc=0.6985
  [clean_ra_bilstm_maxfeat            ] train_qwk=0.8829 -> test_qwk=0.7058  acc5=0.6350  raw_w1=0.6788  epoch=18  (10.7s)
    epoch  1  train_loss=0.1055  val_loss=0.0879  val_qwk=0.0000  val_acc=0.1324
    epoch  2  train_loss=0.0811  val_loss=0.0726  val_qwk=0.0000  val_acc=0.1324
    epoch  3  train_loss=0.0678  val_loss=0.0491  val_qwk=0.5619  val_acc=0.4338
    epoch  4  train_loss=0.0593  val_loss=0.0471  val_qwk=0.6127  val_acc=0.5221
    epoch  5  train_loss=0.0548  val_loss=0.0456  val_qwk=0.6283  val_acc=0.5147
    epoch  6  train_loss=0.0513  val_loss=0.0432  val_qwk=0.6358  val_acc=0.5662
    epoch  7  train_loss=0.0488  val_loss=0.0404  val_qwk=0.6419  val_acc=0.5735
    epoch  8  train_loss=0.0482  val_loss=0.0385  val_qwk=0.6890  val_acc=0.5882
    epoch  9  train_loss=0.0434  val_loss=0.0464  val_qwk=0.6218  val_acc=0.5735
    epoch 10  train_loss=0.0416  val_loss=0.0351  val_qwk=0.7442  val_acc=0.6029
    epoch 11  train_loss=0.0363  val_loss=0.0323  val_qwk=0.7746  val_acc=0.6618
    epoch 12  train_loss=0.0354  val_loss=0.0333  val_qwk=0.7562  val_acc=0.5735
    epoch 13  train_loss=0.0335  val_loss=0.0382  val_qwk=0.7247  val_acc=0.6103
    epoch 14  train_loss=0.0316  val_loss=0.0376  val_qwk=0.7256  val_acc=0.6250
    epoch 15  train_loss=0.0286  val_loss=0.0400  val_qwk=0.7204  val_acc=0.6250
    early-stop at epoch 15 (best epoch=11, best_qwk=0.7746)
  [clean_qar_bilstm_maxfeat           ] train_qwk=0.7442 -> test_qwk=0.6365  acc5=0.5620  raw_w1=0.5839  epoch=11  (8.5s)
    epoch  1  train_loss=0.0990  val_loss=0.0905  val_qwk=0.0000  val_acc=0.1324
    epoch  2  train_loss=0.0868  val_loss=0.0838  val_qwk=0.0650  val_acc=0.1765
    epoch  3  train_loss=0.0739  val_loss=0.0602  val_qwk=0.3726  val_acc=0.2132
    epoch  4  train_loss=0.0565  val_loss=0.0513  val_qwk=0.6101  val_acc=0.6103
    epoch  5  train_loss=0.0538  val_loss=0.0450  val_qwk=0.6460  val_acc=0.5147
    epoch  6  train_loss=0.0459  val_loss=0.0397  val_qwk=0.6884  val_acc=0.5588
    epoch  7  train_loss=0.0467  val_loss=0.0421  val_qwk=0.7535  val_acc=0.6103
    epoch  8  train_loss=0.0430  val_loss=0.0422  val_qwk=0.6458  val_acc=0.5221
    epoch  9  train_loss=0.0403  val_loss=0.0298  val_qwk=0.7566  val_acc=0.5956
    epoch 10  train_loss=0.0365  val_loss=0.0303  val_qwk=0.7533  val_acc=0.6103
    epoch 11  train_loss=0.0334  val_loss=0.0282  val_qwk=0.7783  val_acc=0.6250
    epoch 12  train_loss=0.0307  val_loss=0.0271  val_qwk=0.7938  val_acc=0.6176
    epoch 13  train_loss=0.0282  val_loss=0.0274  val_qwk=0.7842  val_acc=0.5956
    epoch 14  train_loss=0.0289  val_loss=0.0240  val_qwk=0.7876  val_acc=0.6029
    epoch 15  train_loss=0.0235  val_loss=0.0238  val_qwk=0.8115  val_acc=0.6397
    epoch 16  train_loss=0.0242  val_loss=0.0258  val_qwk=0.8069  val_acc=0.6176
    epoch 17  train_loss=0.0218  val_loss=0.0226  val_qwk=0.8278  val_acc=0.6765
    epoch 18  train_loss=0.0199  val_loss=0.0237  val_qwk=0.8235  val_acc=0.6765
    epoch 19  train_loss=0.0188  val_loss=0.0205  val_qwk=0.8553  val_acc=0.7059
    epoch 20  train_loss=0.0176  val_loss=0.0214  val_qwk=0.8505  val_acc=0.7059
  [segment_ra_bilstm_maxfeat          ] train_qwk=0.8840 -> test_qwk=0.7619  acc5=0.6204  raw_w1=0.6861  epoch=19  (21.2s)
    epoch  1  train_loss=0.0992  val_loss=0.0909  val_qwk=0.0000  val_acc=0.1324
    epoch  2  train_loss=0.0876  val_loss=0.0856  val_qwk=0.0000  val_acc=0.1324
    epoch  3  train_loss=0.0760  val_loss=0.0641  val_qwk=0.3831  val_acc=0.2059
    epoch  4  train_loss=0.0607  val_loss=0.0518  val_qwk=0.6022  val_acc=0.6029
    epoch  5  train_loss=0.0565  val_loss=0.0474  val_qwk=0.6279  val_acc=0.5368
    epoch  6  train_loss=0.0541  val_loss=0.0437  val_qwk=0.6405  val_acc=0.5074
    epoch  7  train_loss=0.0536  val_loss=0.0395  val_qwk=0.6609  val_acc=0.5515
    epoch  8  train_loss=0.0534  val_loss=0.0460  val_qwk=0.5808  val_acc=0.4338
    epoch  9  train_loss=0.0503  val_loss=0.0421  val_qwk=0.6780  val_acc=0.5588
    epoch 10  train_loss=0.0479  val_loss=0.0344  val_qwk=0.7276  val_acc=0.5956
    epoch 11  train_loss=0.0453  val_loss=0.0388  val_qwk=0.7093  val_acc=0.5588
    epoch 12  train_loss=0.0444  val_loss=0.0345  val_qwk=0.7334  val_acc=0.6029
    epoch 13  train_loss=0.0390  val_loss=0.0298  val_qwk=0.7841  val_acc=0.6765
    epoch 14  train_loss=0.0383  val_loss=0.0311  val_qwk=0.7893  val_acc=0.6912
    epoch 15  train_loss=0.0360  val_loss=0.0310  val_qwk=0.7863  val_acc=0.6912
    epoch 16  train_loss=0.0357  val_loss=0.0329  val_qwk=0.7507  val_acc=0.5662
    epoch 17  train_loss=0.0338  val_loss=0.0286  val_qwk=0.8101  val_acc=0.6912
    epoch 18  train_loss=0.0314  val_loss=0.0357  val_qwk=0.7317  val_acc=0.6324
    epoch 19  train_loss=0.0304  val_loss=0.0318  val_qwk=0.7463  val_acc=0.6250
    epoch 20  train_loss=0.0301  val_loss=0.0271  val_qwk=0.7921  val_acc=0.6691
  [segment_qar_bilstm_maxfeat         ] train_qwk=0.7894 -> test_qwk=0.6333  acc5=0.6350  raw_w1=0.6277  epoch=17  (21.4s)
Loading weights:   0%|          | 0/199 [00:00<?, ?it/s]Loading weights: 100%|██████████| 199/199 [00:00<00:00, 2996.90it/s]
[transformers] [1mBertModel LOAD REPORT[0m from: bert-base-multilingual-cased
Key                                        | Status     |  | 
-------------------------------------------+------------+--+-
cls.seq_relationship.weight                | UNEXPECTED |  | 
cls.predictions.transform.LayerNorm.weight | UNEXPECTED |  | 
cls.predictions.transform.dense.bias       | UNEXPECTED |  | 
cls.predictions.transform.dense.weight     | UNEXPECTED |  | 
cls.predictions.transform.LayerNorm.bias   | UNEXPECTED |  | 
cls.seq_relationship.bias                  | UNEXPECTED |  | 
cls.predictions.bias                       | UNEXPECTED |  | 

Notes:
- UNEXPECTED:	can be ignored when loading from different task/architecture; not ok if you expect identical arch.
/home/norak/R&I/kxs-/train.py:206: FutureWarning: `torch.cuda.amp.GradScaler(args...)` is deprecated. Please use `torch.amp.GradScaler('cuda', args...)` instead.
  scaler = torch.cuda.amp.GradScaler() if use_amp and device == "cuda" else None
/home/norak/R&I/kxs-/train.py:148: FutureWarning: `torch.cuda.amp.autocast(args...)` is deprecated. Please use `torch.amp.autocast('cuda', args...)` instead.
  with torch.cuda.amp.autocast():
/home/norak/R&I/kxs-/train.py:169: FutureWarning: `torch.cuda.amp.autocast(args...)` is deprecated. Please use `torch.amp.autocast('cuda', args...)` instead.
  with torch.cuda.amp.autocast():
    epoch  1  train_loss=0.0738  val_loss=0.0467  val_qwk=0.5293  val_acc=0.4118
/home/norak/R&I/kxs-/train.py:148: FutureWarning: `torch.cuda.amp.autocast(args...)` is deprecated. Please use `torch.amp.autocast('cuda', args...)` instead.
  with torch.cuda.amp.autocast():
/home/norak/R&I/kxs-/train.py:169: FutureWarning: `torch.cuda.amp.autocast(args...)` is deprecated. Please use `torch.amp.autocast('cuda', args...)` instead.
  with torch.cuda.amp.autocast():
    epoch  2  train_loss=0.0533  val_loss=0.0412  val_qwk=0.6945  val_acc=0.5221
/home/norak/R&I/kxs-/train.py:148: FutureWarning: `torch.cuda.amp.autocast(args...)` is deprecated. Please use `torch.amp.autocast('cuda', args...)` instead.
  with torch.cuda.amp.autocast():
/home/norak/R&I/kxs-/train.py:169: FutureWarning: `torch.cuda.amp.autocast(args...)` is deprecated. Please use `torch.amp.autocast('cuda', args...)` instead.
  with torch.cuda.amp.autocast():
    epoch  3  train_loss=0.0469  val_loss=0.0349  val_qwk=0.7721  val_acc=0.6471
/home/norak/R&I/kxs-/train.py:148: FutureWarning: `torch.cuda.amp.autocast(args...)` is deprecated. Please use `torch.amp.autocast('cuda', args...)` instead.
  with torch.cuda.amp.autocast():
/home/norak/R&I/kxs-/train.py:169: FutureWarning: `torch.cuda.amp.autocast(args...)` is deprecated. Please use `torch.amp.autocast('cuda', args...)` instead.
  with torch.cuda.amp.autocast():
    epoch  4  train_loss=0.0443  val_loss=0.0373  val_qwk=0.7083  val_acc=0.5588
/home/norak/R&I/kxs-/train.py:148: FutureWarning: `torch.cuda.amp.autocast(args...)` is deprecated. Please use `torch.amp.autocast('cuda', args...)` instead.
  with torch.cuda.amp.autocast():
/home/norak/R&I/kxs-/train.py:169: FutureWarning: `torch.cuda.amp.autocast(args...)` is deprecated. Please use `torch.amp.autocast('cuda', args...)` instead.
  with torch.cuda.amp.autocast():
    epoch  5  train_loss=0.0434  val_loss=0.0328  val_qwk=0.7663  val_acc=0.6324
/home/norak/R&I/kxs-/train.py:148: FutureWarning: `torch.cuda.amp.autocast(args...)` is deprecated. Please use `torch.amp.autocast('cuda', args...)` instead.
  with torch.cuda.amp.autocast():
/home/norak/R&I/kxs-/train.py:169: FutureWarning: `torch.cuda.amp.autocast(args...)` is deprecated. Please use `torch.amp.autocast('cuda', args...)` instead.
  with torch.cuda.amp.autocast():
    epoch  6  train_loss=0.0413  val_loss=0.0357  val_qwk=0.6927  val_acc=0.5956
/home/norak/R&I/kxs-/train.py:148: FutureWarning: `torch.cuda.amp.autocast(args...)` is deprecated. Please use `torch.amp.autocast('cuda', args...)` instead.
  with torch.cuda.amp.autocast():
/home/norak/R&I/kxs-/train.py:169: FutureWarning: `torch.cuda.amp.autocast(args...)` is deprecated. Please use `torch.amp.autocast('cuda', args...)` instead.
  with torch.cuda.amp.autocast():
    epoch  7  train_loss=0.0375  val_loss=0.0313  val_qwk=0.7709  val_acc=0.6544
    early-stop at epoch 7 (best epoch=3, best_qwk=0.7721)
/home/norak/R&I/kxs-/train.py:169: FutureWarning: `torch.cuda.amp.autocast(args...)` is deprecated. Please use `torch.amp.autocast('cuda', args...)` instead.
  with torch.cuda.amp.autocast():
/home/norak/R&I/kxs-/train.py:169: FutureWarning: `torch.cuda.amp.autocast(args...)` is deprecated. Please use `torch.amp.autocast('cuda', args...)` instead.
  with torch.cuda.amp.autocast():
/home/norak/R&I/kxs-/train.py:169: FutureWarning: `torch.cuda.amp.autocast(args...)` is deprecated. Please use `torch.amp.autocast('cuda', args...)` instead.
  with torch.cuda.amp.autocast():
  [raw_ra_dual_mbert_maxfeat               ] train_qwk=0.7091 -> test_qwk=0.6491  raw_w1=0.5912  epoch=3  (44.4s)
Loading weights:   0%|          | 0/199 [00:00<?, ?it/s]Loading weights: 100%|██████████| 199/199 [00:00<00:00, 2966.69it/s]
[transformers] [1mXLMRobertaModel LOAD REPORT[0m from: xlm-roberta-base
Key                       | Status     |  | 
--------------------------+------------+--+-
lm_head.layer_norm.weight | UNEXPECTED |  | 
lm_head.bias              | UNEXPECTED |  | 
lm_head.dense.bias        | UNEXPECTED |  | 
lm_head.layer_norm.bias   | UNEXPECTED |  | 
lm_head.dense.weight      | UNEXPECTED |  | 

Notes:
- UNEXPECTED:	can be ignored when loading from different task/architecture; not ok if you expect identical arch.
/home/norak/R&I/kxs-/train.py:206: FutureWarning: `torch.cuda.amp.GradScaler(args...)` is deprecated. Please use `torch.amp.GradScaler('cuda', args...)` instead.
  scaler = torch.cuda.amp.GradScaler() if use_amp and device == "cuda" else None
/home/norak/R&I/kxs-/train.py:148: FutureWarning: `torch.cuda.amp.autocast(args...)` is deprecated. Please use `torch.amp.autocast('cuda', args...)` instead.
  with torch.cuda.amp.autocast():
/home/norak/R&I/kxs-/train.py:169: FutureWarning: `torch.cuda.amp.autocast(args...)` is deprecated. Please use `torch.amp.autocast('cuda', args...)` instead.
  with torch.cuda.amp.autocast():
    epoch  1  train_loss=0.1197  val_loss=0.0722  val_qwk=0.1395  val_acc=0.1691
/home/norak/R&I/kxs-/train.py:148: FutureWarning: `torch.cuda.amp.autocast(args...)` is deprecated. Please use `torch.amp.autocast('cuda', args...)` instead.
  with torch.cuda.amp.autocast():
/home/norak/R&I/kxs-/train.py:169: FutureWarning: `torch.cuda.amp.autocast(args...)` is deprecated. Please use `torch.amp.autocast('cuda', args...)` instead.
  with torch.cuda.amp.autocast():
    epoch  2  train_loss=0.0693  val_loss=0.0584  val_qwk=0.4015  val_acc=0.2721
/home/norak/R&I/kxs-/train.py:148: FutureWarning: `torch.cuda.amp.autocast(args...)` is deprecated. Please use `torch.amp.autocast('cuda', args...)` instead.
  with torch.cuda.amp.autocast():
/home/norak/R&I/kxs-/train.py:169: FutureWarning: `torch.cuda.amp.autocast(args...)` is deprecated. Please use `torch.amp.autocast('cuda', args...)` instead.
  with torch.cuda.amp.autocast():
    epoch  3  train_loss=0.0776  val_loss=0.0559  val_qwk=0.5757  val_acc=0.5956
/home/norak/R&I/kxs-/train.py:148: FutureWarning: `torch.cuda.amp.autocast(args...)` is deprecated. Please use `torch.amp.autocast('cuda', args...)` instead.
  with torch.cuda.amp.autocast():
/home/norak/R&I/kxs-/train.py:169: FutureWarning: `torch.cuda.amp.autocast(args...)` is deprecated. Please use `torch.amp.autocast('cuda', args...)` instead.
  with torch.cuda.amp.autocast():
    epoch  4  train_loss=0.0678  val_loss=0.0410  val_qwk=0.6983  val_acc=0.6397
/home/norak/R&I/kxs-/train.py:148: FutureWarning: `torch.cuda.amp.autocast(args...)` is deprecated. Please use `torch.amp.autocast('cuda', args...)` instead.
  with torch.cuda.amp.autocast():
/home/norak/R&I/kxs-/train.py:169: FutureWarning: `torch.cuda.amp.autocast(args...)` is deprecated. Please use `torch.amp.autocast('cuda', args...)` instead.
  with torch.cuda.amp.autocast():
    epoch  5  train_loss=0.0559  val_loss=0.0414  val_qwk=0.6906  val_acc=0.5956
/home/norak/R&I/kxs-/train.py:148: FutureWarning: `torch.cuda.amp.autocast(args...)` is deprecated. Please use `torch.amp.autocast('cuda', args...)` instead.
  with torch.cuda.amp.autocast():
/home/norak/R&I/kxs-/train.py:169: FutureWarning: `torch.cuda.amp.autocast(args...)` is deprecated. Please use `torch.amp.autocast('cuda', args...)` instead.
  with torch.cuda.amp.autocast():
    epoch  6  train_loss=0.0499  val_loss=0.0378  val_qwk=0.7037  val_acc=0.5809
/home/norak/R&I/kxs-/train.py:148: FutureWarning: `torch.cuda.amp.autocast(args...)` is deprecated. Please use `torch.amp.autocast('cuda', args...)` instead.
  with torch.cuda.amp.autocast():
/home/norak/R&I/kxs-/train.py:169: FutureWarning: `torch.cuda.amp.autocast(args...)` is deprecated. Please use `torch.amp.autocast('cuda', args...)` instead.
  with torch.cuda.amp.autocast():
    epoch  7  train_loss=0.0416  val_loss=0.0301  val_qwk=0.8037  val_acc=0.7426
/home/norak/R&I/kxs-/train.py:148: FutureWarning: `torch.cuda.amp.autocast(args...)` is deprecated. Please use `torch.amp.autocast('cuda', args...)` instead.
  with torch.cuda.amp.autocast():
/home/norak/R&I/kxs-/train.py:169: FutureWarning: `torch.cuda.amp.autocast(args...)` is deprecated. Please use `torch.amp.autocast('cuda', args...)` instead.
  with torch.cuda.amp.autocast():
    epoch  8  train_loss=0.0397  val_loss=0.0283  val_qwk=0.8057  val_acc=0.6176
/home/norak/R&I/kxs-/train.py:148: FutureWarning: `torch.cuda.amp.autocast(args...)` is deprecated. Please use `torch.amp.autocast('cuda', args...)` instead.
  with torch.cuda.amp.autocast():
/home/norak/R&I/kxs-/train.py:169: FutureWarning: `torch.cuda.amp.autocast(args...)` is deprecated. Please use `torch.amp.autocast('cuda', args...)` instead.
  with torch.cuda.amp.autocast():
    epoch  9  train_loss=0.0333  val_loss=0.0294  val_qwk=0.8047  val_acc=0.6250
/home/norak/R&I/kxs-/train.py:148: FutureWarning: `torch.cuda.amp.autocast(args...)` is deprecated. Please use `torch.amp.autocast('cuda', args...)` instead.
  with torch.cuda.amp.autocast():
/home/norak/R&I/kxs-/train.py:169: FutureWarning: `torch.cuda.amp.autocast(args...)` is deprecated. Please use `torch.amp.autocast('cuda', args...)` instead.
  with torch.cuda.amp.autocast():
    epoch 10  train_loss=0.0324  val_loss=0.0256  val_qwk=0.8274  val_acc=0.6765
/home/norak/R&I/kxs-/train.py:148: FutureWarning: `torch.cuda.amp.autocast(args...)` is deprecated. Please use `torch.amp.autocast('cuda', args...)` instead.
  with torch.cuda.amp.autocast():
/home/norak/R&I/kxs-/train.py:169: FutureWarning: `torch.cuda.amp.autocast(args...)` is deprecated. Please use `torch.amp.autocast('cuda', args...)` instead.
  with torch.cuda.amp.autocast():
    epoch 11  train_loss=0.0316  val_loss=0.0238  val_qwk=0.8200  val_acc=0.6324
/home/norak/R&I/kxs-/train.py:148: FutureWarning: `torch.cuda.amp.autocast(args...)` is deprecated. Please use `torch.amp.autocast('cuda', args...)` instead.
  with torch.cuda.amp.autocast():
/home/norak/R&I/kxs-/train.py:169: FutureWarning: `torch.cuda.amp.autocast(args...)` is deprecated. Please use `torch.amp.autocast('cuda', args...)` instead.
  with torch.cuda.amp.autocast():
    epoch 12  train_loss=0.0277  val_loss=0.0229  val_qwk=0.8240  val_acc=0.6765
/home/norak/R&I/kxs-/train.py:148: FutureWarning: `torch.cuda.amp.autocast(args...)` is deprecated. Please use `torch.amp.autocast('cuda', args...)` instead.
  with torch.cuda.amp.autocast():
/home/norak/R&I/kxs-/train.py:169: FutureWarning: `torch.cuda.amp.autocast(args...)` is deprecated. Please use `torch.amp.autocast('cuda', args...)` instead.
  with torch.cuda.amp.autocast():
    epoch 13  train_loss=0.0261  val_loss=0.0204  val_qwk=0.8590  val_acc=0.6912
/home/norak/R&I/kxs-/train.py:148: FutureWarning: `torch.cuda.amp.autocast(args...)` is deprecated. Please use `torch.amp.autocast('cuda', args...)` instead.
  with torch.cuda.amp.autocast():
/home/norak/R&I/kxs-/train.py:169: FutureWarning: `torch.cuda.amp.autocast(args...)` is deprecated. Please use `torch.amp.autocast('cuda', args...)` instead.
  with torch.cuda.amp.autocast():
    epoch 14  train_loss=0.0221  val_loss=0.0244  val_qwk=0.7920  val_acc=0.6324
/home/norak/R&I/kxs-/train.py:148: FutureWarning: `torch.cuda.amp.autocast(args...)` is deprecated. Please use `torch.amp.autocast('cuda', args...)` instead.
  with torch.cuda.amp.autocast():
/home/norak/R&I/kxs-/train.py:169: FutureWarning: `torch.cuda.amp.autocast(args...)` is deprecated. Please use `torch.amp.autocast('cuda', args...)` instead.
  with torch.cuda.amp.autocast():
    epoch 15  train_loss=0.0204  val_loss=0.0222  val_qwk=0.8470  val_acc=0.7426
/home/norak/R&I/kxs-/train.py:148: FutureWarning: `torch.cuda.amp.autocast(args...)` is deprecated. Please use `torch.amp.autocast('cuda', args...)` instead.
  with torch.cuda.amp.autocast():
/home/norak/R&I/kxs-/train.py:169: FutureWarning: `torch.cuda.amp.autocast(args...)` is deprecated. Please use `torch.amp.autocast('cuda', args...)` instead.
  with torch.cuda.amp.autocast():
    epoch 16  train_loss=0.0195  val_loss=0.0196  val_qwk=0.8843  val_acc=0.7721
/home/norak/R&I/kxs-/train.py:148: FutureWarning: `torch.cuda.amp.autocast(args...)` is deprecated. Please use `torch.amp.autocast('cuda', args...)` instead.
  with torch.cuda.amp.autocast():
/home/norak/R&I/kxs-/train.py:169: FutureWarning: `torch.cuda.amp.autocast(args...)` is deprecated. Please use `torch.amp.autocast('cuda', args...)` instead.
  with torch.cuda.amp.autocast():
    epoch 17  train_loss=0.0176  val_loss=0.0221  val_qwk=0.8372  val_acc=0.6618
/home/norak/R&I/kxs-/train.py:148: FutureWarning: `torch.cuda.amp.autocast(args...)` is deprecated. Please use `torch.amp.autocast('cuda', args...)` instead.
  with torch.cuda.amp.autocast():
/home/norak/R&I/kxs-/train.py:169: FutureWarning: `torch.cuda.amp.autocast(args...)` is deprecated. Please use `torch.amp.autocast('cuda', args...)` instead.
  with torch.cuda.amp.autocast():
    epoch 18  train_loss=0.0185  val_loss=0.0224  val_qwk=0.8532  val_acc=0.7279
/home/norak/R&I/kxs-/train.py:148: FutureWarning: `torch.cuda.amp.autocast(args...)` is deprecated. Please use `torch.amp.autocast('cuda', args...)` instead.
  with torch.cuda.amp.autocast():
/home/norak/R&I/kxs-/train.py:169: FutureWarning: `torch.cuda.amp.autocast(args...)` is deprecated. Please use `torch.amp.autocast('cuda', args...)` instead.
  with torch.cuda.amp.autocast():
    epoch 19  train_loss=0.0159  val_loss=0.0327  val_qwk=0.7740  val_acc=0.6471
/home/norak/R&I/kxs-/train.py:148: FutureWarning: `torch.cuda.amp.autocast(args...)` is deprecated. Please use `torch.amp.autocast('cuda', args...)` instead.
  with torch.cuda.amp.autocast():
/home/norak/R&I/kxs-/train.py:169: FutureWarning: `torch.cuda.amp.autocast(args...)` is deprecated. Please use `torch.amp.autocast('cuda', args...)` instead.
  with torch.cuda.amp.autocast():
    epoch 20  train_loss=0.0177  val_loss=0.0212  val_qwk=0.8564  val_acc=0.7426
    early-stop at epoch 20 (best epoch=16, best_qwk=0.8843)
/home/norak/R&I/kxs-/train.py:169: FutureWarning: `torch.cuda.amp.autocast(args...)` is deprecated. Please use `torch.amp.autocast('cuda', args...)` instead.
  with torch.cuda.amp.autocast():
/home/norak/R&I/kxs-/train.py:169: FutureWarning: `torch.cuda.amp.autocast(args...)` is deprecated. Please use `torch.amp.autocast('cuda', args...)` instead.
  with torch.cuda.amp.autocast():
/home/norak/R&I/kxs-/train.py:169: FutureWarning: `torch.cuda.amp.autocast(args...)` is deprecated. Please use `torch.amp.autocast('cuda', args...)` instead.
  with torch.cuda.amp.autocast():
  [raw_ra_dual_xlmr_maxfeat                ] train_qwk=0.9111 -> test_qwk=0.7654  raw_w1=0.7080  epoch=16  (118.2s)
Loading weights:   0%|          | 0/136 [00:00<?, ?it/s]Loading weights:   3%|▎         | 4/136 [00:00<00:04, 29.25it/s]Loading weights: 100%|██████████| 136/136 [00:00<00:00, 916.19it/s]
[transformers] [1mNewModel LOAD REPORT[0m from: Alibaba-NLP/gte-multilingual-base
Key               | Status     |  | 
------------------+------------+--+-
classifier.weight | UNEXPECTED |  | 
classifier.bias   | UNEXPECTED |  | 

Notes:
- UNEXPECTED:	can be ignored when loading from different task/architecture; not ok if you expect identical arch.
/home/norak/R&I/kxs-/train.py:206: FutureWarning: `torch.cuda.amp.GradScaler(args...)` is deprecated. Please use `torch.amp.GradScaler('cuda', args...)` instead.
  scaler = torch.cuda.amp.GradScaler() if use_amp and device == "cuda" else None
/home/norak/R&I/kxs-/train.py:148: FutureWarning: `torch.cuda.amp.autocast(args...)` is deprecated. Please use `torch.amp.autocast('cuda', args...)` instead.
  with torch.cuda.amp.autocast():
/home/norak/R&I/kxs-/train.py:169: FutureWarning: `torch.cuda.amp.autocast(args...)` is deprecated. Please use `torch.amp.autocast('cuda', args...)` instead.
  with torch.cuda.amp.autocast():
    epoch  1  train_loss=0.0716  val_loss=0.0380  val_qwk=0.6930  val_acc=0.5368
/home/norak/R&I/kxs-/train.py:148: FutureWarning: `torch.cuda.amp.autocast(args...)` is deprecated. Please use `torch.amp.autocast('cuda', args...)` instead.
  with torch.cuda.amp.autocast():
/home/norak/R&I/kxs-/train.py:169: FutureWarning: `torch.cuda.amp.autocast(args...)` is deprecated. Please use `torch.amp.autocast('cuda', args...)` instead.
  with torch.cuda.amp.autocast():
    epoch  2  train_loss=0.0416  val_loss=0.0277  val_qwk=0.8124  val_acc=0.7353
/home/norak/R&I/kxs-/train.py:148: FutureWarning: `torch.cuda.amp.autocast(args...)` is deprecated. Please use `torch.amp.autocast('cuda', args...)` instead.
  with torch.cuda.amp.autocast():
/home/norak/R&I/kxs-/train.py:169: FutureWarning: `torch.cuda.amp.autocast(args...)` is deprecated. Please use `torch.amp.autocast('cuda', args...)` instead.
  with torch.cuda.amp.autocast():
    epoch  3  train_loss=0.0303  val_loss=0.0252  val_qwk=0.8095  val_acc=0.6544
/home/norak/R&I/kxs-/train.py:148: FutureWarning: `torch.cuda.amp.autocast(args...)` is deprecated. Please use `torch.amp.autocast('cuda', args...)` instead.
  with torch.cuda.amp.autocast():
/home/norak/R&I/kxs-/train.py:169: FutureWarning: `torch.cuda.amp.autocast(args...)` is deprecated. Please use `torch.amp.autocast('cuda', args...)` instead.
  with torch.cuda.amp.autocast():
    epoch  4  train_loss=0.0237  val_loss=0.0266  val_qwk=0.8025  val_acc=0.6618
/home/norak/R&I/kxs-/train.py:148: FutureWarning: `torch.cuda.amp.autocast(args...)` is deprecated. Please use `torch.amp.autocast('cuda', args...)` instead.
  with torch.cuda.amp.autocast():
/home/norak/R&I/kxs-/train.py:169: FutureWarning: `torch.cuda.amp.autocast(args...)` is deprecated. Please use `torch.amp.autocast('cuda', args...)` instead.
  with torch.cuda.amp.autocast():
    epoch  5  train_loss=0.0185  val_loss=0.0244  val_qwk=0.8247  val_acc=0.7059
/home/norak/R&I/kxs-/train.py:148: FutureWarning: `torch.cuda.amp.autocast(args...)` is deprecated. Please use `torch.amp.autocast('cuda', args...)` instead.
  with torch.cuda.amp.autocast():
/home/norak/R&I/kxs-/train.py:169: FutureWarning: `torch.cuda.amp.autocast(args...)` is deprecated. Please use `torch.amp.autocast('cuda', args...)` instead.
  with torch.cuda.amp.autocast():
    epoch  6  train_loss=0.0151  val_loss=0.0214  val_qwk=0.8465  val_acc=0.6985
/home/norak/R&I/kxs-/train.py:148: FutureWarning: `torch.cuda.amp.autocast(args...)` is deprecated. Please use `torch.amp.autocast('cuda', args...)` instead.
  with torch.cuda.amp.autocast():
/home/norak/R&I/kxs-/train.py:169: FutureWarning: `torch.cuda.amp.autocast(args...)` is deprecated. Please use `torch.amp.autocast('cuda', args...)` instead.
  with torch.cuda.amp.autocast():
    epoch  7  train_loss=0.0131  val_loss=0.0213  val_qwk=0.8495  val_acc=0.6838
/home/norak/R&I/kxs-/train.py:148: FutureWarning: `torch.cuda.amp.autocast(args...)` is deprecated. Please use `torch.amp.autocast('cuda', args...)` instead.
  with torch.cuda.amp.autocast():
/home/norak/R&I/kxs-/train.py:169: FutureWarning: `torch.cuda.amp.autocast(args...)` is deprecated. Please use `torch.amp.autocast('cuda', args...)` instead.
  with torch.cuda.amp.autocast():
    epoch  8  train_loss=0.0114  val_loss=0.0228  val_qwk=0.8510  val_acc=0.6985
/home/norak/R&I/kxs-/train.py:148: FutureWarning: `torch.cuda.amp.autocast(args...)` is deprecated. Please use `torch.amp.autocast('cuda', args...)` instead.
  with torch.cuda.amp.autocast():
/home/norak/R&I/kxs-/train.py:169: FutureWarning: `torch.cuda.amp.autocast(args...)` is deprecated. Please use `torch.amp.autocast('cuda', args...)` instead.
  with torch.cuda.amp.autocast():
    epoch  9  train_loss=0.0103  val_loss=0.0242  val_qwk=0.8297  val_acc=0.7206
/home/norak/R&I/kxs-/train.py:148: FutureWarning: `torch.cuda.amp.autocast(args...)` is deprecated. Please use `torch.amp.autocast('cuda', args...)` instead.
  with torch.cuda.amp.autocast():
/home/norak/R&I/kxs-/train.py:169: FutureWarning: `torch.cuda.amp.autocast(args...)` is deprecated. Please use `torch.amp.autocast('cuda', args...)` instead.
  with torch.cuda.amp.autocast():
    epoch 10  train_loss=0.0091  val_loss=0.0191  val_qwk=0.8798  val_acc=0.7647
/home/norak/R&I/kxs-/train.py:148: FutureWarning: `torch.cuda.amp.autocast(args...)` is deprecated. Please use `torch.amp.autocast('cuda', args...)` instead.
  with torch.cuda.amp.autocast():
/home/norak/R&I/kxs-/train.py:169: FutureWarning: `torch.cuda.amp.autocast(args...)` is deprecated. Please use `torch.amp.autocast('cuda', args...)` instead.
  with torch.cuda.amp.autocast():
    epoch 11  train_loss=0.0088  val_loss=0.0202  val_qwk=0.8788  val_acc=0.7574
/home/norak/R&I/kxs-/train.py:148: FutureWarning: `torch.cuda.amp.autocast(args...)` is deprecated. Please use `torch.amp.autocast('cuda', args...)` instead.
  with torch.cuda.amp.autocast():
/home/norak/R&I/kxs-/train.py:169: FutureWarning: `torch.cuda.amp.autocast(args...)` is deprecated. Please use `torch.amp.autocast('cuda', args...)` instead.
  with torch.cuda.amp.autocast():
    epoch 12  train_loss=0.0080  val_loss=0.0206  val_qwk=0.8745  val_acc=0.7500
/home/norak/R&I/kxs-/train.py:148: FutureWarning: `torch.cuda.amp.autocast(args...)` is deprecated. Please use `torch.amp.autocast('cuda', args...)` instead.
  with torch.cuda.amp.autocast():
/home/norak/R&I/kxs-/train.py:169: FutureWarning: `torch.cuda.amp.autocast(args...)` is deprecated. Please use `torch.amp.autocast('cuda', args...)` instead.
  with torch.cuda.amp.autocast():
    epoch 13  train_loss=0.0076  val_loss=0.0202  val_qwk=0.8834  val_acc=0.7647
/home/norak/R&I/kxs-/train.py:148: FutureWarning: `torch.cuda.amp.autocast(args...)` is deprecated. Please use `torch.amp.autocast('cuda', args...)` instead.
  with torch.cuda.amp.autocast():
/home/norak/R&I/kxs-/train.py:169: FutureWarning: `torch.cuda.amp.autocast(args...)` is deprecated. Please use `torch.amp.autocast('cuda', args...)` instead.
  with torch.cuda.amp.autocast():
    epoch 14  train_loss=0.0071  val_loss=0.0209  val_qwk=0.8555  val_acc=0.7206
/home/norak/R&I/kxs-/train.py:148: FutureWarning: `torch.cuda.amp.autocast(args...)` is deprecated. Please use `torch.amp.autocast('cuda', args...)` instead.
  with torch.cuda.amp.autocast():
/home/norak/R&I/kxs-/train.py:169: FutureWarning: `torch.cuda.amp.autocast(args...)` is deprecated. Please use `torch.amp.autocast('cuda', args...)` instead.
  with torch.cuda.amp.autocast():
    epoch 15  train_loss=0.0064  val_loss=0.0216  val_qwk=0.8767  val_acc=0.7794
/home/norak/R&I/kxs-/train.py:148: FutureWarning: `torch.cuda.amp.autocast(args...)` is deprecated. Please use `torch.amp.autocast('cuda', args...)` instead.
  with torch.cuda.amp.autocast():
/home/norak/R&I/kxs-/train.py:169: FutureWarning: `torch.cuda.amp.autocast(args...)` is deprecated. Please use `torch.amp.autocast('cuda', args...)` instead.
  with torch.cuda.amp.autocast():
    epoch 16  train_loss=0.0068  val_loss=0.0197  val_qwk=0.8920  val_acc=0.7868
/home/norak/R&I/kxs-/train.py:148: FutureWarning: `torch.cuda.amp.autocast(args...)` is deprecated. Please use `torch.amp.autocast('cuda', args...)` instead.
  with torch.cuda.amp.autocast():
/home/norak/R&I/kxs-/train.py:169: FutureWarning: `torch.cuda.amp.autocast(args...)` is deprecated. Please use `torch.amp.autocast('cuda', args...)` instead.
  with torch.cuda.amp.autocast():
    epoch 17  train_loss=0.0068  val_loss=0.0184  val_qwk=0.8907  val_acc=0.7500
/home/norak/R&I/kxs-/train.py:148: FutureWarning: `torch.cuda.amp.autocast(args...)` is deprecated. Please use `torch.amp.autocast('cuda', args...)` instead.
  with torch.cuda.amp.autocast():
/home/norak/R&I/kxs-/train.py:169: FutureWarning: `torch.cuda.amp.autocast(args...)` is deprecated. Please use `torch.amp.autocast('cuda', args...)` instead.
  with torch.cuda.amp.autocast():
    epoch 18  train_loss=0.0061  val_loss=0.0257  val_qwk=0.8113  val_acc=0.6765
/home/norak/R&I/kxs-/train.py:148: FutureWarning: `torch.cuda.amp.autocast(args...)` is deprecated. Please use `torch.amp.autocast('cuda', args...)` instead.
  with torch.cuda.amp.autocast():
/home/norak/R&I/kxs-/train.py:169: FutureWarning: `torch.cuda.amp.autocast(args...)` is deprecated. Please use `torch.amp.autocast('cuda', args...)` instead.
  with torch.cuda.amp.autocast():
    epoch 19  train_loss=0.0071  val_loss=0.0182  val_qwk=0.8817  val_acc=0.7574
/home/norak/R&I/kxs-/train.py:148: FutureWarning: `torch.cuda.amp.autocast(args...)` is deprecated. Please use `torch.amp.autocast('cuda', args...)` instead.
  with torch.cuda.amp.autocast():
/home/norak/R&I/kxs-/train.py:169: FutureWarning: `torch.cuda.amp.autocast(args...)` is deprecated. Please use `torch.amp.autocast('cuda', args...)` instead.
  with torch.cuda.amp.autocast():
    epoch 20  train_loss=0.0071  val_loss=0.0207  val_qwk=0.8914  val_acc=0.7794
    early-stop at epoch 20 (best epoch=16, best_qwk=0.8920)
/home/norak/R&I/kxs-/train.py:169: FutureWarning: `torch.cuda.amp.autocast(args...)` is deprecated. Please use `torch.amp.autocast('cuda', args...)` instead.
  with torch.cuda.amp.autocast():
/home/norak/R&I/kxs-/train.py:169: FutureWarning: `torch.cuda.amp.autocast(args...)` is deprecated. Please use `torch.amp.autocast('cuda', args...)` instead.
  with torch.cuda.amp.autocast():
/home/norak/R&I/kxs-/train.py:169: FutureWarning: `torch.cuda.amp.autocast(args...)` is deprecated. Please use `torch.amp.autocast('cuda', args...)` instead.
  with torch.cuda.amp.autocast():
  [raw_ra_dual_gte_maxfeat                 ] train_qwk=0.9536 -> test_qwk=0.8125  raw_w1=0.7737  epoch=16  (140.4s)
Loading weights:   0%|          | 0/199 [00:00<?, ?it/s]Loading weights: 100%|██████████| 199/199 [00:00<00:00, 3096.62it/s]
[transformers] [1mBertModel LOAD REPORT[0m from: bert-base-multilingual-cased
Key                                        | Status     |  | 
-------------------------------------------+------------+--+-
cls.seq_relationship.weight                | UNEXPECTED |  | 
cls.predictions.transform.LayerNorm.weight | UNEXPECTED |  | 
cls.predictions.transform.dense.bias       | UNEXPECTED |  | 
cls.predictions.transform.dense.weight     | UNEXPECTED |  | 
cls.predictions.transform.LayerNorm.bias   | UNEXPECTED |  | 
cls.seq_relationship.bias                  | UNEXPECTED |  | 
cls.predictions.bias                       | UNEXPECTED |  | 

Notes:
- UNEXPECTED:	can be ignored when loading from different task/architecture; not ok if you expect identical arch.
/home/norak/R&I/kxs-/train.py:206: FutureWarning: `torch.cuda.amp.GradScaler(args...)` is deprecated. Please use `torch.amp.GradScaler('cuda', args...)` instead.
  scaler = torch.cuda.amp.GradScaler() if use_amp and device == "cuda" else None
/home/norak/R&I/kxs-/train.py:148: FutureWarning: `torch.cuda.amp.autocast(args...)` is deprecated. Please use `torch.amp.autocast('cuda', args...)` instead.
  with torch.cuda.amp.autocast():
/home/norak/R&I/kxs-/train.py:169: FutureWarning: `torch.cuda.amp.autocast(args...)` is deprecated. Please use `torch.amp.autocast('cuda', args...)` instead.
  with torch.cuda.amp.autocast():
    epoch  1  train_loss=0.0866  val_loss=0.0631  val_qwk=0.2069  val_acc=0.2206
/home/norak/R&I/kxs-/train.py:148: FutureWarning: `torch.cuda.amp.autocast(args...)` is deprecated. Please use `torch.amp.autocast('cuda', args...)` instead.
  with torch.cuda.amp.autocast():
/home/norak/R&I/kxs-/train.py:169: FutureWarning: `torch.cuda.amp.autocast(args...)` is deprecated. Please use `torch.amp.autocast('cuda', args...)` instead.
  with torch.cuda.amp.autocast():
    epoch  2  train_loss=0.0642  val_loss=0.0477  val_qwk=0.6670  val_acc=0.5809
/home/norak/R&I/kxs-/train.py:148: FutureWarning: `torch.cuda.amp.autocast(args...)` is deprecated. Please use `torch.amp.autocast('cuda', args...)` instead.
  with torch.cuda.amp.autocast():
/home/norak/R&I/kxs-/train.py:169: FutureWarning: `torch.cuda.amp.autocast(args...)` is deprecated. Please use `torch.amp.autocast('cuda', args...)` instead.
  with torch.cuda.amp.autocast():
    epoch  3  train_loss=0.0574  val_loss=0.0457  val_qwk=0.6983  val_acc=0.6471
/home/norak/R&I/kxs-/train.py:148: FutureWarning: `torch.cuda.amp.autocast(args...)` is deprecated. Please use `torch.amp.autocast('cuda', args...)` instead.
  with torch.cuda.amp.autocast():
/home/norak/R&I/kxs-/train.py:169: FutureWarning: `torch.cuda.amp.autocast(args...)` is deprecated. Please use `torch.amp.autocast('cuda', args...)` instead.
  with torch.cuda.amp.autocast():
    epoch  4  train_loss=0.0485  val_loss=0.0369  val_qwk=0.7600  val_acc=0.6691
/home/norak/R&I/kxs-/train.py:148: FutureWarning: `torch.cuda.amp.autocast(args...)` is deprecated. Please use `torch.amp.autocast('cuda', args...)` instead.
  with torch.cuda.amp.autocast():
/home/norak/R&I/kxs-/train.py:169: FutureWarning: `torch.cuda.amp.autocast(args...)` is deprecated. Please use `torch.amp.autocast('cuda', args...)` instead.
  with torch.cuda.amp.autocast():
    epoch  5  train_loss=0.0446  val_loss=0.0396  val_qwk=0.7193  val_acc=0.6765
/home/norak/R&I/kxs-/train.py:148: FutureWarning: `torch.cuda.amp.autocast(args...)` is deprecated. Please use `torch.amp.autocast('cuda', args...)` instead.
  with torch.cuda.amp.autocast():
/home/norak/R&I/kxs-/train.py:169: FutureWarning: `torch.cuda.amp.autocast(args...)` is deprecated. Please use `torch.amp.autocast('cuda', args...)` instead.
  with torch.cuda.amp.autocast():
    epoch  6  train_loss=0.0421  val_loss=0.0384  val_qwk=0.7307  val_acc=0.6838
/home/norak/R&I/kxs-/train.py:148: FutureWarning: `torch.cuda.amp.autocast(args...)` is deprecated. Please use `torch.amp.autocast('cuda', args...)` instead.
  with torch.cuda.amp.autocast():
/home/norak/R&I/kxs-/train.py:169: FutureWarning: `torch.cuda.amp.autocast(args...)` is deprecated. Please use `torch.amp.autocast('cuda', args...)` instead.
  with torch.cuda.amp.autocast():
    epoch  7  train_loss=0.0368  val_loss=0.0328  val_qwk=0.7823  val_acc=0.6985
/home/norak/R&I/kxs-/train.py:148: FutureWarning: `torch.cuda.amp.autocast(args...)` is deprecated. Please use `torch.amp.autocast('cuda', args...)` instead.
  with torch.cuda.amp.autocast():
/home/norak/R&I/kxs-/train.py:169: FutureWarning: `torch.cuda.amp.autocast(args...)` is deprecated. Please use `torch.amp.autocast('cuda', args...)` instead.
  with torch.cuda.amp.autocast():
    epoch  8  train_loss=0.0385  val_loss=0.0358  val_qwk=0.7488  val_acc=0.6544
/home/norak/R&I/kxs-/train.py:148: FutureWarning: `torch.cuda.amp.autocast(args...)` is deprecated. Please use `torch.amp.autocast('cuda', args...)` instead.
  with torch.cuda.amp.autocast():
/home/norak/R&I/kxs-/train.py:169: FutureWarning: `torch.cuda.amp.autocast(args...)` is deprecated. Please use `torch.amp.autocast('cuda', args...)` instead.
  with torch.cuda.amp.autocast():
    epoch  9  train_loss=0.0356  val_loss=0.0340  val_qwk=0.7445  val_acc=0.6985
/home/norak/R&I/kxs-/train.py:148: FutureWarning: `torch.cuda.amp.autocast(args...)` is deprecated. Please use `torch.amp.autocast('cuda', args...)` instead.
  with torch.cuda.amp.autocast():
/home/norak/R&I/kxs-/train.py:169: FutureWarning: `torch.cuda.amp.autocast(args...)` is deprecated. Please use `torch.amp.autocast('cuda', args...)` instead.
  with torch.cuda.amp.autocast():
    epoch 10  train_loss=0.0341  val_loss=0.0327  val_qwk=0.7955  val_acc=0.6912
/home/norak/R&I/kxs-/train.py:148: FutureWarning: `torch.cuda.amp.autocast(args...)` is deprecated. Please use `torch.amp.autocast('cuda', args...)` instead.
  with torch.cuda.amp.autocast():
/home/norak/R&I/kxs-/train.py:169: FutureWarning: `torch.cuda.amp.autocast(args...)` is deprecated. Please use `torch.amp.autocast('cuda', args...)` instead.
  with torch.cuda.amp.autocast():
    epoch 11  train_loss=0.0325  val_loss=0.0306  val_qwk=0.8092  val_acc=0.7500
/home/norak/R&I/kxs-/train.py:148: FutureWarning: `torch.cuda.amp.autocast(args...)` is deprecated. Please use `torch.amp.autocast('cuda', args...)` instead.
  with torch.cuda.amp.autocast():
/home/norak/R&I/kxs-/train.py:169: FutureWarning: `torch.cuda.amp.autocast(args...)` is deprecated. Please use `torch.amp.autocast('cuda', args...)` instead.
  with torch.cuda.amp.autocast():
    epoch 12  train_loss=0.0301  val_loss=0.0332  val_qwk=0.8117  val_acc=0.7500
/home/norak/R&I/kxs-/train.py:148: FutureWarning: `torch.cuda.amp.autocast(args...)` is deprecated. Please use `torch.amp.autocast('cuda', args...)` instead.
  with torch.cuda.amp.autocast():
/home/norak/R&I/kxs-/train.py:169: FutureWarning: `torch.cuda.amp.autocast(args...)` is deprecated. Please use `torch.amp.autocast('cuda', args...)` instead.
  with torch.cuda.amp.autocast():
    epoch 13  train_loss=0.0295  val_loss=0.0366  val_qwk=0.7448  val_acc=0.6838
/home/norak/R&I/kxs-/train.py:148: FutureWarning: `torch.cuda.amp.autocast(args...)` is deprecated. Please use `torch.amp.autocast('cuda', args...)` instead.
  with torch.cuda.amp.autocast():
/home/norak/R&I/kxs-/train.py:169: FutureWarning: `torch.cuda.amp.autocast(args...)` is deprecated. Please use `torch.amp.autocast('cuda', args...)` instead.
  with torch.cuda.amp.autocast():
    epoch 14  train_loss=0.0294  val_loss=0.0283  val_qwk=0.8238  val_acc=0.7500
/home/norak/R&I/kxs-/train.py:148: FutureWarning: `torch.cuda.amp.autocast(args...)` is deprecated. Please use `torch.amp.autocast('cuda', args...)` instead.
  with torch.cuda.amp.autocast():
/home/norak/R&I/kxs-/train.py:169: FutureWarning: `torch.cuda.amp.autocast(args...)` is deprecated. Please use `torch.amp.autocast('cuda', args...)` instead.
  with torch.cuda.amp.autocast():
    epoch 15  train_loss=0.0324  val_loss=0.0312  val_qwk=0.8032  val_acc=0.7132
/home/norak/R&I/kxs-/train.py:148: FutureWarning: `torch.cuda.amp.autocast(args...)` is deprecated. Please use `torch.amp.autocast('cuda', args...)` instead.
  with torch.cuda.amp.autocast():
/home/norak/R&I/kxs-/train.py:169: FutureWarning: `torch.cuda.amp.autocast(args...)` is deprecated. Please use `torch.amp.autocast('cuda', args...)` instead.
  with torch.cuda.amp.autocast():
    epoch 16  train_loss=0.0257  val_loss=0.0410  val_qwk=0.7153  val_acc=0.6103
/home/norak/R&I/kxs-/train.py:148: FutureWarning: `torch.cuda.amp.autocast(args...)` is deprecated. Please use `torch.amp.autocast('cuda', args...)` instead.
  with torch.cuda.amp.autocast():
/home/norak/R&I/kxs-/train.py:169: FutureWarning: `torch.cuda.amp.autocast(args...)` is deprecated. Please use `torch.amp.autocast('cuda', args...)` instead.
  with torch.cuda.amp.autocast():
    epoch 17  train_loss=0.0277  val_loss=0.0405  val_qwk=0.6799  val_acc=0.5735
/home/norak/R&I/kxs-/train.py:148: FutureWarning: `torch.cuda.amp.autocast(args...)` is deprecated. Please use `torch.amp.autocast('cuda', args...)` instead.
  with torch.cuda.amp.autocast():
/home/norak/R&I/kxs-/train.py:169: FutureWarning: `torch.cuda.amp.autocast(args...)` is deprecated. Please use `torch.amp.autocast('cuda', args...)` instead.
  with torch.cuda.amp.autocast():
    epoch 18  train_loss=0.0260  val_loss=0.0303  val_qwk=0.8133  val_acc=0.7059
    early-stop at epoch 18 (best epoch=14, best_qwk=0.8238)
/home/norak/R&I/kxs-/train.py:169: FutureWarning: `torch.cuda.amp.autocast(args...)` is deprecated. Please use `torch.amp.autocast('cuda', args...)` instead.
  with torch.cuda.amp.autocast():
/home/norak/R&I/kxs-/train.py:169: FutureWarning: `torch.cuda.amp.autocast(args...)` is deprecated. Please use `torch.amp.autocast('cuda', args...)` instead.
  with torch.cuda.amp.autocast():
/home/norak/R&I/kxs-/train.py:169: FutureWarning: `torch.cuda.amp.autocast(args...)` is deprecated. Please use `torch.amp.autocast('cuda', args...)` instead.
  with torch.cuda.amp.autocast():
  [raw_ra_cross_mbert_maxfeat              ] train_qwk=0.8439 -> test_qwk=0.6686  raw_w1=0.5985  epoch=14  (64.3s)
Loading weights:   0%|          | 0/199 [00:00<?, ?it/s]Loading weights: 100%|██████████| 199/199 [00:00<00:00, 3563.69it/s]
[transformers] [1mXLMRobertaModel LOAD REPORT[0m from: xlm-roberta-base
Key                       | Status     |  | 
--------------------------+------------+--+-
lm_head.layer_norm.weight | UNEXPECTED |  | 
lm_head.bias              | UNEXPECTED |  | 
lm_head.dense.bias        | UNEXPECTED |  | 
lm_head.layer_norm.bias   | UNEXPECTED |  | 
lm_head.dense.weight      | UNEXPECTED |  | 

Notes:
- UNEXPECTED:	can be ignored when loading from different task/architecture; not ok if you expect identical arch.
/home/norak/R&I/kxs-/train.py:206: FutureWarning: `torch.cuda.amp.GradScaler(args...)` is deprecated. Please use `torch.amp.GradScaler('cuda', args...)` instead.
  scaler = torch.cuda.amp.GradScaler() if use_amp and device == "cuda" else None
/home/norak/R&I/kxs-/train.py:148: FutureWarning: `torch.cuda.amp.autocast(args...)` is deprecated. Please use `torch.amp.autocast('cuda', args...)` instead.
  with torch.cuda.amp.autocast():
/home/norak/R&I/kxs-/train.py:169: FutureWarning: `torch.cuda.amp.autocast(args...)` is deprecated. Please use `torch.amp.autocast('cuda', args...)` instead.
  with torch.cuda.amp.autocast():
    epoch  1  train_loss=0.0978  val_loss=0.0819  val_qwk=-0.0649  val_acc=0.1544
/home/norak/R&I/kxs-/train.py:148: FutureWarning: `torch.cuda.amp.autocast(args...)` is deprecated. Please use `torch.amp.autocast('cuda', args...)` instead.
  with torch.cuda.amp.autocast():
/home/norak/R&I/kxs-/train.py:169: FutureWarning: `torch.cuda.amp.autocast(args...)` is deprecated. Please use `torch.amp.autocast('cuda', args...)` instead.
  with torch.cuda.amp.autocast():
    epoch  2  train_loss=0.0679  val_loss=0.0567  val_qwk=0.3389  val_acc=0.2647
/home/norak/R&I/kxs-/train.py:148: FutureWarning: `torch.cuda.amp.autocast(args...)` is deprecated. Please use `torch.amp.autocast('cuda', args...)` instead.
  with torch.cuda.amp.autocast():
/home/norak/R&I/kxs-/train.py:169: FutureWarning: `torch.cuda.amp.autocast(args...)` is deprecated. Please use `torch.amp.autocast('cuda', args...)` instead.
  with torch.cuda.amp.autocast():
    epoch  3  train_loss=0.0550  val_loss=0.0407  val_qwk=0.6935  val_acc=0.5588
/home/norak/R&I/kxs-/train.py:148: FutureWarning: `torch.cuda.amp.autocast(args...)` is deprecated. Please use `torch.amp.autocast('cuda', args...)` instead.
  with torch.cuda.amp.autocast():
/home/norak/R&I/kxs-/train.py:169: FutureWarning: `torch.cuda.amp.autocast(args...)` is deprecated. Please use `torch.amp.autocast('cuda', args...)` instead.
  with torch.cuda.amp.autocast():
    epoch  4  train_loss=0.0487  val_loss=0.0462  val_qwk=0.6776  val_acc=0.5882
/home/norak/R&I/kxs-/train.py:148: FutureWarning: `torch.cuda.amp.autocast(args...)` is deprecated. Please use `torch.amp.autocast('cuda', args...)` instead.
  with torch.cuda.amp.autocast():
/home/norak/R&I/kxs-/train.py:169: FutureWarning: `torch.cuda.amp.autocast(args...)` is deprecated. Please use `torch.amp.autocast('cuda', args...)` instead.
  with torch.cuda.amp.autocast():
    epoch  5  train_loss=0.0456  val_loss=0.0362  val_qwk=0.7302  val_acc=0.5956
/home/norak/R&I/kxs-/train.py:148: FutureWarning: `torch.cuda.amp.autocast(args...)` is deprecated. Please use `torch.amp.autocast('cuda', args...)` instead.
  with torch.cuda.amp.autocast():
/home/norak/R&I/kxs-/train.py:169: FutureWarning: `torch.cuda.amp.autocast(args...)` is deprecated. Please use `torch.amp.autocast('cuda', args...)` instead.
  with torch.cuda.amp.autocast():
    epoch  6  train_loss=0.0426  val_loss=0.0318  val_qwk=0.7513  val_acc=0.6103
/home/norak/R&I/kxs-/train.py:148: FutureWarning: `torch.cuda.amp.autocast(args...)` is deprecated. Please use `torch.amp.autocast('cuda', args...)` instead.
  with torch.cuda.amp.autocast():
/home/norak/R&I/kxs-/train.py:169: FutureWarning: `torch.cuda.amp.autocast(args...)` is deprecated. Please use `torch.amp.autocast('cuda', args...)` instead.
  with torch.cuda.amp.autocast():
    epoch  7  train_loss=0.0407  val_loss=0.0316  val_qwk=0.7706  val_acc=0.6250
/home/norak/R&I/kxs-/train.py:148: FutureWarning: `torch.cuda.amp.autocast(args...)` is deprecated. Please use `torch.amp.autocast('cuda', args...)` instead.
  with torch.cuda.amp.autocast():
/home/norak/R&I/kxs-/train.py:169: FutureWarning: `torch.cuda.amp.autocast(args...)` is deprecated. Please use `torch.amp.autocast('cuda', args...)` instead.
  with torch.cuda.amp.autocast():
    epoch  8  train_loss=0.0368  val_loss=0.0302  val_qwk=0.7814  val_acc=0.5956
/home/norak/R&I/kxs-/train.py:148: FutureWarning: `torch.cuda.amp.autocast(args...)` is deprecated. Please use `torch.amp.autocast('cuda', args...)` instead.
  with torch.cuda.amp.autocast():
/home/norak/R&I/kxs-/train.py:169: FutureWarning: `torch.cuda.amp.autocast(args...)` is deprecated. Please use `torch.amp.autocast('cuda', args...)` instead.
  with torch.cuda.amp.autocast():
    epoch  9  train_loss=0.0338  val_loss=0.0253  val_qwk=0.8183  val_acc=0.6471
/home/norak/R&I/kxs-/train.py:148: FutureWarning: `torch.cuda.amp.autocast(args...)` is deprecated. Please use `torch.amp.autocast('cuda', args...)` instead.
  with torch.cuda.amp.autocast():
/home/norak/R&I/kxs-/train.py:169: FutureWarning: `torch.cuda.amp.autocast(args...)` is deprecated. Please use `torch.amp.autocast('cuda', args...)` instead.
  with torch.cuda.amp.autocast():
    epoch 10  train_loss=0.0343  val_loss=0.0326  val_qwk=0.8068  val_acc=0.6471
/home/norak/R&I/kxs-/train.py:148: FutureWarning: `torch.cuda.amp.autocast(args...)` is deprecated. Please use `torch.amp.autocast('cuda', args...)` instead.
  with torch.cuda.amp.autocast():
/home/norak/R&I/kxs-/train.py:169: FutureWarning: `torch.cuda.amp.autocast(args...)` is deprecated. Please use `torch.amp.autocast('cuda', args...)` instead.
  with torch.cuda.amp.autocast():
    epoch 11  train_loss=0.0303  val_loss=0.0242  val_qwk=0.8101  val_acc=0.6397
/home/norak/R&I/kxs-/train.py:148: FutureWarning: `torch.cuda.amp.autocast(args...)` is deprecated. Please use `torch.amp.autocast('cuda', args...)` instead.
  with torch.cuda.amp.autocast():
/home/norak/R&I/kxs-/train.py:169: FutureWarning: `torch.cuda.amp.autocast(args...)` is deprecated. Please use `torch.amp.autocast('cuda', args...)` instead.
  with torch.cuda.amp.autocast():
    epoch 12  train_loss=0.0277  val_loss=0.0271  val_qwk=0.8236  val_acc=0.6912
/home/norak/R&I/kxs-/train.py:148: FutureWarning: `torch.cuda.amp.autocast(args...)` is deprecated. Please use `torch.amp.autocast('cuda', args...)` instead.
  with torch.cuda.amp.autocast():
/home/norak/R&I/kxs-/train.py:169: FutureWarning: `torch.cuda.amp.autocast(args...)` is deprecated. Please use `torch.amp.autocast('cuda', args...)` instead.
  with torch.cuda.amp.autocast():
    epoch 13  train_loss=0.0267  val_loss=0.0215  val_qwk=0.8623  val_acc=0.7279
/home/norak/R&I/kxs-/train.py:148: FutureWarning: `torch.cuda.amp.autocast(args...)` is deprecated. Please use `torch.amp.autocast('cuda', args...)` instead.
  with torch.cuda.amp.autocast():
/home/norak/R&I/kxs-/train.py:169: FutureWarning: `torch.cuda.amp.autocast(args...)` is deprecated. Please use `torch.amp.autocast('cuda', args...)` instead.
  with torch.cuda.amp.autocast():
    epoch 14  train_loss=0.0225  val_loss=0.0240  val_qwk=0.8402  val_acc=0.7059
/home/norak/R&I/kxs-/train.py:148: FutureWarning: `torch.cuda.amp.autocast(args...)` is deprecated. Please use `torch.amp.autocast('cuda', args...)` instead.
  with torch.cuda.amp.autocast():
/home/norak/R&I/kxs-/train.py:169: FutureWarning: `torch.cuda.amp.autocast(args...)` is deprecated. Please use `torch.amp.autocast('cuda', args...)` instead.
  with torch.cuda.amp.autocast():
    epoch 15  train_loss=0.0199  val_loss=0.0213  val_qwk=0.8575  val_acc=0.7206
/home/norak/R&I/kxs-/train.py:148: FutureWarning: `torch.cuda.amp.autocast(args...)` is deprecated. Please use `torch.amp.autocast('cuda', args...)` instead.
  with torch.cuda.amp.autocast():
/home/norak/R&I/kxs-/train.py:169: FutureWarning: `torch.cuda.amp.autocast(args...)` is deprecated. Please use `torch.amp.autocast('cuda', args...)` instead.
  with torch.cuda.amp.autocast():
    epoch 16  train_loss=0.0194  val_loss=0.0249  val_qwk=0.8361  val_acc=0.6691
/home/norak/R&I/kxs-/train.py:148: FutureWarning: `torch.cuda.amp.autocast(args...)` is deprecated. Please use `torch.amp.autocast('cuda', args...)` instead.
  with torch.cuda.amp.autocast():
/home/norak/R&I/kxs-/train.py:169: FutureWarning: `torch.cuda.amp.autocast(args...)` is deprecated. Please use `torch.amp.autocast('cuda', args...)` instead.
  with torch.cuda.amp.autocast():
    epoch 17  train_loss=0.0186  val_loss=0.0191  val_qwk=0.8613  val_acc=0.7353
    early-stop at epoch 17 (best epoch=13, best_qwk=0.8623)
/home/norak/R&I/kxs-/train.py:169: FutureWarning: `torch.cuda.amp.autocast(args...)` is deprecated. Please use `torch.amp.autocast('cuda', args...)` instead.
  with torch.cuda.amp.autocast():
/home/norak/R&I/kxs-/train.py:169: FutureWarning: `torch.cuda.amp.autocast(args...)` is deprecated. Please use `torch.amp.autocast('cuda', args...)` instead.
  with torch.cuda.amp.autocast():
/home/norak/R&I/kxs-/train.py:169: FutureWarning: `torch.cuda.amp.autocast(args...)` is deprecated. Please use `torch.amp.autocast('cuda', args...)` instead.
  with torch.cuda.amp.autocast():
  [raw_ra_cross_xlmr_maxfeat               ] train_qwk=0.8717 -> test_qwk=0.7370  raw_w1=0.7372  epoch=13  (72.2s)
Loading weights:   0%|          | 0/136 [00:00<?, ?it/s]Loading weights:   4%|▎         | 5/136 [00:00<00:02, 49.98it/s]Loading weights: 100%|██████████| 136/136 [00:00<00:00, 986.43it/s]
[transformers] [1mNewModel LOAD REPORT[0m from: Alibaba-NLP/gte-multilingual-base
Key               | Status     |  | 
------------------+------------+--+-
classifier.weight | UNEXPECTED |  | 
classifier.bias   | UNEXPECTED |  | 

Notes:
- UNEXPECTED:	can be ignored when loading from different task/architecture; not ok if you expect identical arch.
/home/norak/R&I/kxs-/train.py:206: FutureWarning: `torch.cuda.amp.GradScaler(args...)` is deprecated. Please use `torch.amp.GradScaler('cuda', args...)` instead.
  scaler = torch.cuda.amp.GradScaler() if use_amp and device == "cuda" else None
/home/norak/R&I/kxs-/train.py:148: FutureWarning: `torch.cuda.amp.autocast(args...)` is deprecated. Please use `torch.amp.autocast('cuda', args...)` instead.
  with torch.cuda.amp.autocast():
/home/norak/R&I/kxs-/train.py:169: FutureWarning: `torch.cuda.amp.autocast(args...)` is deprecated. Please use `torch.amp.autocast('cuda', args...)` instead.
  with torch.cuda.amp.autocast():
    epoch  1  train_loss=0.0813  val_loss=0.0482  val_qwk=0.6051  val_acc=0.4559
/home/norak/R&I/kxs-/train.py:148: FutureWarning: `torch.cuda.amp.autocast(args...)` is deprecated. Please use `torch.amp.autocast('cuda', args...)` instead.
  with torch.cuda.amp.autocast():
/home/norak/R&I/kxs-/train.py:169: FutureWarning: `torch.cuda.amp.autocast(args...)` is deprecated. Please use `torch.amp.autocast('cuda', args...)` instead.
  with torch.cuda.amp.autocast():
    epoch  2  train_loss=0.0547  val_loss=0.0409  val_qwk=0.6969  val_acc=0.5662
/home/norak/R&I/kxs-/train.py:148: FutureWarning: `torch.cuda.amp.autocast(args...)` is deprecated. Please use `torch.amp.autocast('cuda', args...)` instead.
  with torch.cuda.amp.autocast():
/home/norak/R&I/kxs-/train.py:169: FutureWarning: `torch.cuda.amp.autocast(args...)` is deprecated. Please use `torch.amp.autocast('cuda', args...)` instead.
  with torch.cuda.amp.autocast():
    epoch  3  train_loss=0.0477  val_loss=0.0357  val_qwk=0.7315  val_acc=0.6176
/home/norak/R&I/kxs-/train.py:148: FutureWarning: `torch.cuda.amp.autocast(args...)` is deprecated. Please use `torch.amp.autocast('cuda', args...)` instead.
  with torch.cuda.amp.autocast():
/home/norak/R&I/kxs-/train.py:169: FutureWarning: `torch.cuda.amp.autocast(args...)` is deprecated. Please use `torch.amp.autocast('cuda', args...)` instead.
  with torch.cuda.amp.autocast():
    epoch  4  train_loss=0.0364  val_loss=0.0300  val_qwk=0.7325  val_acc=0.6103
/home/norak/R&I/kxs-/train.py:148: FutureWarning: `torch.cuda.amp.autocast(args...)` is deprecated. Please use `torch.amp.autocast('cuda', args...)` instead.
  with torch.cuda.amp.autocast():
/home/norak/R&I/kxs-/train.py:169: FutureWarning: `torch.cuda.amp.autocast(args...)` is deprecated. Please use `torch.amp.autocast('cuda', args...)` instead.
  with torch.cuda.amp.autocast():
    epoch  5  train_loss=0.0325  val_loss=0.0245  val_qwk=0.8026  val_acc=0.6691
/home/norak/R&I/kxs-/train.py:148: FutureWarning: `torch.cuda.amp.autocast(args...)` is deprecated. Please use `torch.amp.autocast('cuda', args...)` instead.
  with torch.cuda.amp.autocast():
/home/norak/R&I/kxs-/train.py:169: FutureWarning: `torch.cuda.amp.autocast(args...)` is deprecated. Please use `torch.amp.autocast('cuda', args...)` instead.
  with torch.cuda.amp.autocast():
    epoch  6  train_loss=0.0263  val_loss=0.0265  val_qwk=0.8041  val_acc=0.6765
/home/norak/R&I/kxs-/train.py:148: FutureWarning: `torch.cuda.amp.autocast(args...)` is deprecated. Please use `torch.amp.autocast('cuda', args...)` instead.
  with torch.cuda.amp.autocast():
/home/norak/R&I/kxs-/train.py:169: FutureWarning: `torch.cuda.amp.autocast(args...)` is deprecated. Please use `torch.amp.autocast('cuda', args...)` instead.
  with torch.cuda.amp.autocast():
    epoch  7  train_loss=0.0237  val_loss=0.0230  val_qwk=0.8335  val_acc=0.6985
/home/norak/R&I/kxs-/train.py:148: FutureWarning: `torch.cuda.amp.autocast(args...)` is deprecated. Please use `torch.amp.autocast('cuda', args...)` instead.
  with torch.cuda.amp.autocast():
/home/norak/R&I/kxs-/train.py:169: FutureWarning: `torch.cuda.amp.autocast(args...)` is deprecated. Please use `torch.amp.autocast('cuda', args...)` instead.
  with torch.cuda.amp.autocast():
    epoch  8  train_loss=0.0212  val_loss=0.0208  val_qwk=0.8694  val_acc=0.7500
/home/norak/R&I/kxs-/train.py:148: FutureWarning: `torch.cuda.amp.autocast(args...)` is deprecated. Please use `torch.amp.autocast('cuda', args...)` instead.
  with torch.cuda.amp.autocast():
/home/norak/R&I/kxs-/train.py:169: FutureWarning: `torch.cuda.amp.autocast(args...)` is deprecated. Please use `torch.amp.autocast('cuda', args...)` instead.
  with torch.cuda.amp.autocast():
    epoch  9  train_loss=0.0208  val_loss=0.0201  val_qwk=0.8722  val_acc=0.7500
/home/norak/R&I/kxs-/train.py:148: FutureWarning: `torch.cuda.amp.autocast(args...)` is deprecated. Please use `torch.amp.autocast('cuda', args...)` instead.
  with torch.cuda.amp.autocast():
/home/norak/R&I/kxs-/train.py:169: FutureWarning: `torch.cuda.amp.autocast(args...)` is deprecated. Please use `torch.amp.autocast('cuda', args...)` instead.
  with torch.cuda.amp.autocast():
    epoch 10  train_loss=0.0179  val_loss=0.0220  val_qwk=0.8693  val_acc=0.7279
/home/norak/R&I/kxs-/train.py:148: FutureWarning: `torch.cuda.amp.autocast(args...)` is deprecated. Please use `torch.amp.autocast('cuda', args...)` instead.
  with torch.cuda.amp.autocast():
/home/norak/R&I/kxs-/train.py:169: FutureWarning: `torch.cuda.amp.autocast(args...)` is deprecated. Please use `torch.amp.autocast('cuda', args...)` instead.
  with torch.cuda.amp.autocast():
    epoch 11  train_loss=0.0158  val_loss=0.0239  val_qwk=0.8330  val_acc=0.6912
/home/norak/R&I/kxs-/train.py:148: FutureWarning: `torch.cuda.amp.autocast(args...)` is deprecated. Please use `torch.amp.autocast('cuda', args...)` instead.
  with torch.cuda.amp.autocast():
/home/norak/R&I/kxs-/train.py:169: FutureWarning: `torch.cuda.amp.autocast(args...)` is deprecated. Please use `torch.amp.autocast('cuda', args...)` instead.
  with torch.cuda.amp.autocast():
    epoch 12  train_loss=0.0154  val_loss=0.0251  val_qwk=0.8335  val_acc=0.7132
/home/norak/R&I/kxs-/train.py:148: FutureWarning: `torch.cuda.amp.autocast(args...)` is deprecated. Please use `torch.amp.autocast('cuda', args...)` instead.
  with torch.cuda.amp.autocast():
/home/norak/R&I/kxs-/train.py:169: FutureWarning: `torch.cuda.amp.autocast(args...)` is deprecated. Please use `torch.amp.autocast('cuda', args...)` instead.
  with torch.cuda.amp.autocast():
    epoch 13  train_loss=0.0135  val_loss=0.0229  val_qwk=0.8611  val_acc=0.7132
    early-stop at epoch 13 (best epoch=9, best_qwk=0.8722)
/home/norak/R&I/kxs-/train.py:169: FutureWarning: `torch.cuda.amp.autocast(args...)` is deprecated. Please use `torch.amp.autocast('cuda', args...)` instead.
  with torch.cuda.amp.autocast():
/home/norak/R&I/kxs-/train.py:169: FutureWarning: `torch.cuda.amp.autocast(args...)` is deprecated. Please use `torch.amp.autocast('cuda', args...)` instead.
  with torch.cuda.amp.autocast():
/home/norak/R&I/kxs-/train.py:169: FutureWarning: `torch.cuda.amp.autocast(args...)` is deprecated. Please use `torch.amp.autocast('cuda', args...)` instead.
  with torch.cuda.amp.autocast():
  [raw_ra_cross_gte_maxfeat                ] train_qwk=0.8712 -> test_qwk=0.7679  raw_w1=0.7226  epoch=9  (68.3s)
Loading weights:   0%|          | 0/199 [00:00<?, ?it/s]Loading weights: 100%|██████████| 199/199 [00:00<00:00, 2774.67it/s]
[transformers] [1mBertModel LOAD REPORT[0m from: bert-base-multilingual-cased
Key                                        | Status     |  | 
-------------------------------------------+------------+--+-
cls.seq_relationship.weight                | UNEXPECTED |  | 
cls.predictions.transform.LayerNorm.weight | UNEXPECTED |  | 
cls.predictions.transform.dense.bias       | UNEXPECTED |  | 
cls.predictions.transform.dense.weight     | UNEXPECTED |  | 
cls.predictions.transform.LayerNorm.bias   | UNEXPECTED |  | 
cls.seq_relationship.bias                  | UNEXPECTED |  | 
cls.predictions.bias                       | UNEXPECTED |  | 

Notes:
- UNEXPECTED:	can be ignored when loading from different task/architecture; not ok if you expect identical arch.
/home/norak/R&I/kxs-/train.py:206: FutureWarning: `torch.cuda.amp.GradScaler(args...)` is deprecated. Please use `torch.amp.GradScaler('cuda', args...)` instead.
  scaler = torch.cuda.amp.GradScaler() if use_amp and device == "cuda" else None
/home/norak/R&I/kxs-/train.py:148: FutureWarning: `torch.cuda.amp.autocast(args...)` is deprecated. Please use `torch.amp.autocast('cuda', args...)` instead.
  with torch.cuda.amp.autocast():
/home/norak/R&I/kxs-/train.py:169: FutureWarning: `torch.cuda.amp.autocast(args...)` is deprecated. Please use `torch.amp.autocast('cuda', args...)` instead.
  with torch.cuda.amp.autocast():
    epoch  1  train_loss=0.0757  val_loss=0.0503  val_qwk=0.5516  val_acc=0.4559
/home/norak/R&I/kxs-/train.py:148: FutureWarning: `torch.cuda.amp.autocast(args...)` is deprecated. Please use `torch.amp.autocast('cuda', args...)` instead.
  with torch.cuda.amp.autocast():
/home/norak/R&I/kxs-/train.py:169: FutureWarning: `torch.cuda.amp.autocast(args...)` is deprecated. Please use `torch.amp.autocast('cuda', args...)` instead.
  with torch.cuda.amp.autocast():
    epoch  2  train_loss=0.0559  val_loss=0.0409  val_qwk=0.7078  val_acc=0.5956
/home/norak/R&I/kxs-/train.py:148: FutureWarning: `torch.cuda.amp.autocast(args...)` is deprecated. Please use `torch.amp.autocast('cuda', args...)` instead.
  with torch.cuda.amp.autocast():
/home/norak/R&I/kxs-/train.py:169: FutureWarning: `torch.cuda.amp.autocast(args...)` is deprecated. Please use `torch.amp.autocast('cuda', args...)` instead.
  with torch.cuda.amp.autocast():
    epoch  3  train_loss=0.0463  val_loss=0.0327  val_qwk=0.7919  val_acc=0.6838
/home/norak/R&I/kxs-/train.py:148: FutureWarning: `torch.cuda.amp.autocast(args...)` is deprecated. Please use `torch.amp.autocast('cuda', args...)` instead.
  with torch.cuda.amp.autocast():
/home/norak/R&I/kxs-/train.py:169: FutureWarning: `torch.cuda.amp.autocast(args...)` is deprecated. Please use `torch.amp.autocast('cuda', args...)` instead.
  with torch.cuda.amp.autocast():
    epoch  4  train_loss=0.0419  val_loss=0.0314  val_qwk=0.7656  val_acc=0.6471
/home/norak/R&I/kxs-/train.py:148: FutureWarning: `torch.cuda.amp.autocast(args...)` is deprecated. Please use `torch.amp.autocast('cuda', args...)` instead.
  with torch.cuda.amp.autocast():
/home/norak/R&I/kxs-/train.py:169: FutureWarning: `torch.cuda.amp.autocast(args...)` is deprecated. Please use `torch.amp.autocast('cuda', args...)` instead.
  with torch.cuda.amp.autocast():
    epoch  5  train_loss=0.0422  val_loss=0.0274  val_qwk=0.8091  val_acc=0.6765
/home/norak/R&I/kxs-/train.py:148: FutureWarning: `torch.cuda.amp.autocast(args...)` is deprecated. Please use `torch.amp.autocast('cuda', args...)` instead.
  with torch.cuda.amp.autocast():
/home/norak/R&I/kxs-/train.py:169: FutureWarning: `torch.cuda.amp.autocast(args...)` is deprecated. Please use `torch.amp.autocast('cuda', args...)` instead.
  with torch.cuda.amp.autocast():
    epoch  6  train_loss=0.0359  val_loss=0.0303  val_qwk=0.7276  val_acc=0.5294
/home/norak/R&I/kxs-/train.py:148: FutureWarning: `torch.cuda.amp.autocast(args...)` is deprecated. Please use `torch.amp.autocast('cuda', args...)` instead.
  with torch.cuda.amp.autocast():
/home/norak/R&I/kxs-/train.py:169: FutureWarning: `torch.cuda.amp.autocast(args...)` is deprecated. Please use `torch.amp.autocast('cuda', args...)` instead.
  with torch.cuda.amp.autocast():
    epoch  7  train_loss=0.0361  val_loss=0.0261  val_qwk=0.8181  val_acc=0.7132
/home/norak/R&I/kxs-/train.py:148: FutureWarning: `torch.cuda.amp.autocast(args...)` is deprecated. Please use `torch.amp.autocast('cuda', args...)` instead.
  with torch.cuda.amp.autocast():
/home/norak/R&I/kxs-/train.py:169: FutureWarning: `torch.cuda.amp.autocast(args...)` is deprecated. Please use `torch.amp.autocast('cuda', args...)` instead.
  with torch.cuda.amp.autocast():
    epoch  8  train_loss=0.0335  val_loss=0.0281  val_qwk=0.7971  val_acc=0.6618
/home/norak/R&I/kxs-/train.py:148: FutureWarning: `torch.cuda.amp.autocast(args...)` is deprecated. Please use `torch.amp.autocast('cuda', args...)` instead.
  with torch.cuda.amp.autocast():
/home/norak/R&I/kxs-/train.py:169: FutureWarning: `torch.cuda.amp.autocast(args...)` is deprecated. Please use `torch.amp.autocast('cuda', args...)` instead.
  with torch.cuda.amp.autocast():
    epoch  9  train_loss=0.0346  val_loss=0.0367  val_qwk=0.7436  val_acc=0.6397
/home/norak/R&I/kxs-/train.py:148: FutureWarning: `torch.cuda.amp.autocast(args...)` is deprecated. Please use `torch.amp.autocast('cuda', args...)` instead.
  with torch.cuda.amp.autocast():
/home/norak/R&I/kxs-/train.py:169: FutureWarning: `torch.cuda.amp.autocast(args...)` is deprecated. Please use `torch.amp.autocast('cuda', args...)` instead.
  with torch.cuda.amp.autocast():
    epoch 10  train_loss=0.0317  val_loss=0.0280  val_qwk=0.7879  val_acc=0.6397
/home/norak/R&I/kxs-/train.py:148: FutureWarning: `torch.cuda.amp.autocast(args...)` is deprecated. Please use `torch.amp.autocast('cuda', args...)` instead.
  with torch.cuda.amp.autocast():
/home/norak/R&I/kxs-/train.py:169: FutureWarning: `torch.cuda.amp.autocast(args...)` is deprecated. Please use `torch.amp.autocast('cuda', args...)` instead.
  with torch.cuda.amp.autocast():
    epoch 11  train_loss=0.0308  val_loss=0.0319  val_qwk=0.7275  val_acc=0.5735
    early-stop at epoch 11 (best epoch=7, best_qwk=0.8181)
/home/norak/R&I/kxs-/train.py:169: FutureWarning: `torch.cuda.amp.autocast(args...)` is deprecated. Please use `torch.amp.autocast('cuda', args...)` instead.
  with torch.cuda.amp.autocast():
/home/norak/R&I/kxs-/train.py:169: FutureWarning: `torch.cuda.amp.autocast(args...)` is deprecated. Please use `torch.amp.autocast('cuda', args...)` instead.
  with torch.cuda.amp.autocast():
/home/norak/R&I/kxs-/train.py:169: FutureWarning: `torch.cuda.amp.autocast(args...)` is deprecated. Please use `torch.amp.autocast('cuda', args...)` instead.
  with torch.cuda.amp.autocast():
  [raw_qar_dual_mbert_maxfeat              ] train_qwk=0.7940 -> test_qwk=0.6955  raw_w1=0.6277  epoch=7  (66.5s)
Loading weights:   0%|          | 0/199 [00:00<?, ?it/s]Loading weights: 100%|██████████| 199/199 [00:00<00:00, 2830.76it/s]
[transformers] [1mXLMRobertaModel LOAD REPORT[0m from: xlm-roberta-base
Key                       | Status     |  | 
--------------------------+------------+--+-
lm_head.layer_norm.weight | UNEXPECTED |  | 
lm_head.bias              | UNEXPECTED |  | 
lm_head.dense.bias        | UNEXPECTED |  | 
lm_head.layer_norm.bias   | UNEXPECTED |  | 
lm_head.dense.weight      | UNEXPECTED |  | 

Notes:
- UNEXPECTED:	can be ignored when loading from different task/architecture; not ok if you expect identical arch.
/home/norak/R&I/kxs-/train.py:206: FutureWarning: `torch.cuda.amp.GradScaler(args...)` is deprecated. Please use `torch.amp.GradScaler('cuda', args...)` instead.
  scaler = torch.cuda.amp.GradScaler() if use_amp and device == "cuda" else None
/home/norak/R&I/kxs-/train.py:148: FutureWarning: `torch.cuda.amp.autocast(args...)` is deprecated. Please use `torch.amp.autocast('cuda', args...)` instead.
  with torch.cuda.amp.autocast():
/home/norak/R&I/kxs-/train.py:169: FutureWarning: `torch.cuda.amp.autocast(args...)` is deprecated. Please use `torch.amp.autocast('cuda', args...)` instead.
  with torch.cuda.amp.autocast():
    epoch  1  train_loss=0.1282  val_loss=0.0894  val_qwk=0.0000  val_acc=0.1324
/home/norak/R&I/kxs-/train.py:148: FutureWarning: `torch.cuda.amp.autocast(args...)` is deprecated. Please use `torch.amp.autocast('cuda', args...)` instead.
  with torch.cuda.amp.autocast():
/home/norak/R&I/kxs-/train.py:169: FutureWarning: `torch.cuda.amp.autocast(args...)` is deprecated. Please use `torch.amp.autocast('cuda', args...)` instead.
  with torch.cuda.amp.autocast():
    epoch  2  train_loss=0.0843  val_loss=0.0729  val_qwk=0.0650  val_acc=0.1765
/home/norak/R&I/kxs-/train.py:148: FutureWarning: `torch.cuda.amp.autocast(args...)` is deprecated. Please use `torch.amp.autocast('cuda', args...)` instead.
  with torch.cuda.amp.autocast():
/home/norak/R&I/kxs-/train.py:169: FutureWarning: `torch.cuda.amp.autocast(args...)` is deprecated. Please use `torch.amp.autocast('cuda', args...)` instead.
  with torch.cuda.amp.autocast():
    epoch  3  train_loss=0.0663  val_loss=0.0493  val_qwk=0.6439  val_acc=0.5294
/home/norak/R&I/kxs-/train.py:148: FutureWarning: `torch.cuda.amp.autocast(args...)` is deprecated. Please use `torch.amp.autocast('cuda', args...)` instead.
  with torch.cuda.amp.autocast():
/home/norak/R&I/kxs-/train.py:169: FutureWarning: `torch.cuda.amp.autocast(args...)` is deprecated. Please use `torch.amp.autocast('cuda', args...)` instead.
  with torch.cuda.amp.autocast():
    epoch  4  train_loss=0.0526  val_loss=0.0402  val_qwk=0.7196  val_acc=0.5441
/home/norak/R&I/kxs-/train.py:148: FutureWarning: `torch.cuda.amp.autocast(args...)` is deprecated. Please use `torch.amp.autocast('cuda', args...)` instead.
  with torch.cuda.amp.autocast():
/home/norak/R&I/kxs-/train.py:169: FutureWarning: `torch.cuda.amp.autocast(args...)` is deprecated. Please use `torch.amp.autocast('cuda', args...)` instead.
  with torch.cuda.amp.autocast():
    epoch  5  train_loss=0.0490  val_loss=0.0328  val_qwk=0.7332  val_acc=0.6397
/home/norak/R&I/kxs-/train.py:148: FutureWarning: `torch.cuda.amp.autocast(args...)` is deprecated. Please use `torch.amp.autocast('cuda', args...)` instead.
  with torch.cuda.amp.autocast():
/home/norak/R&I/kxs-/train.py:169: FutureWarning: `torch.cuda.amp.autocast(args...)` is deprecated. Please use `torch.amp.autocast('cuda', args...)` instead.
  with torch.cuda.amp.autocast():
    epoch  6  train_loss=0.0484  val_loss=0.0418  val_qwk=0.6757  val_acc=0.5515
/home/norak/R&I/kxs-/train.py:148: FutureWarning: `torch.cuda.amp.autocast(args...)` is deprecated. Please use `torch.amp.autocast('cuda', args...)` instead.
  with torch.cuda.amp.autocast():
/home/norak/R&I/kxs-/train.py:169: FutureWarning: `torch.cuda.amp.autocast(args...)` is deprecated. Please use `torch.amp.autocast('cuda', args...)` instead.
  with torch.cuda.amp.autocast():
    epoch  7  train_loss=0.0399  val_loss=0.0240  val_qwk=0.8200  val_acc=0.7059
/home/norak/R&I/kxs-/train.py:148: FutureWarning: `torch.cuda.amp.autocast(args...)` is deprecated. Please use `torch.amp.autocast('cuda', args...)` instead.
  with torch.cuda.amp.autocast():
/home/norak/R&I/kxs-/train.py:169: FutureWarning: `torch.cuda.amp.autocast(args...)` is deprecated. Please use `torch.amp.autocast('cuda', args...)` instead.
  with torch.cuda.amp.autocast():
    epoch  8  train_loss=0.0370  val_loss=0.0238  val_qwk=0.8045  val_acc=0.6912
/home/norak/R&I/kxs-/train.py:148: FutureWarning: `torch.cuda.amp.autocast(args...)` is deprecated. Please use `torch.amp.autocast('cuda', args...)` instead.
  with torch.cuda.amp.autocast():
/home/norak/R&I/kxs-/train.py:169: FutureWarning: `torch.cuda.amp.autocast(args...)` is deprecated. Please use `torch.amp.autocast('cuda', args...)` instead.
  with torch.cuda.amp.autocast():
    epoch  9  train_loss=0.0340  val_loss=0.0231  val_qwk=0.8467  val_acc=0.7279
/home/norak/R&I/kxs-/train.py:148: FutureWarning: `torch.cuda.amp.autocast(args...)` is deprecated. Please use `torch.amp.autocast('cuda', args...)` instead.
  with torch.cuda.amp.autocast():
/home/norak/R&I/kxs-/train.py:169: FutureWarning: `torch.cuda.amp.autocast(args...)` is deprecated. Please use `torch.amp.autocast('cuda', args...)` instead.
  with torch.cuda.amp.autocast():
    epoch 10  train_loss=0.0255  val_loss=0.0197  val_qwk=0.8562  val_acc=0.7132
/home/norak/R&I/kxs-/train.py:148: FutureWarning: `torch.cuda.amp.autocast(args...)` is deprecated. Please use `torch.amp.autocast('cuda', args...)` instead.
  with torch.cuda.amp.autocast():
/home/norak/R&I/kxs-/train.py:169: FutureWarning: `torch.cuda.amp.autocast(args...)` is deprecated. Please use `torch.amp.autocast('cuda', args...)` instead.
  with torch.cuda.amp.autocast():
    epoch 11  train_loss=0.0290  val_loss=0.0272  val_qwk=0.8023  val_acc=0.6912
/home/norak/R&I/kxs-/train.py:148: FutureWarning: `torch.cuda.amp.autocast(args...)` is deprecated. Please use `torch.amp.autocast('cuda', args...)` instead.
  with torch.cuda.amp.autocast():
/home/norak/R&I/kxs-/train.py:169: FutureWarning: `torch.cuda.amp.autocast(args...)` is deprecated. Please use `torch.amp.autocast('cuda', args...)` instead.
  with torch.cuda.amp.autocast():
    epoch 12  train_loss=0.0245  val_loss=0.0202  val_qwk=0.8635  val_acc=0.7132
/home/norak/R&I/kxs-/train.py:148: FutureWarning: `torch.cuda.amp.autocast(args...)` is deprecated. Please use `torch.amp.autocast('cuda', args...)` instead.
  with torch.cuda.amp.autocast():
/home/norak/R&I/kxs-/train.py:169: FutureWarning: `torch.cuda.amp.autocast(args...)` is deprecated. Please use `torch.amp.autocast('cuda', args...)` instead.
  with torch.cuda.amp.autocast():
    epoch 13  train_loss=0.0226  val_loss=0.0200  val_qwk=0.8810  val_acc=0.7868
/home/norak/R&I/kxs-/train.py:148: FutureWarning: `torch.cuda.amp.autocast(args...)` is deprecated. Please use `torch.amp.autocast('cuda', args...)` instead.
  with torch.cuda.amp.autocast():
/home/norak/R&I/kxs-/train.py:169: FutureWarning: `torch.cuda.amp.autocast(args...)` is deprecated. Please use `torch.amp.autocast('cuda', args...)` instead.
  with torch.cuda.amp.autocast():
    epoch 14  train_loss=0.0186  val_loss=0.0211  val_qwk=0.8735  val_acc=0.7574
/home/norak/R&I/kxs-/train.py:148: FutureWarning: `torch.cuda.amp.autocast(args...)` is deprecated. Please use `torch.amp.autocast('cuda', args...)` instead.
  with torch.cuda.amp.autocast():
/home/norak/R&I/kxs-/train.py:169: FutureWarning: `torch.cuda.amp.autocast(args...)` is deprecated. Please use `torch.amp.autocast('cuda', args...)` instead.
  with torch.cuda.amp.autocast():
    epoch 15  train_loss=0.0162  val_loss=0.0224  val_qwk=0.8531  val_acc=0.7647
/home/norak/R&I/kxs-/train.py:148: FutureWarning: `torch.cuda.amp.autocast(args...)` is deprecated. Please use `torch.amp.autocast('cuda', args...)` instead.
  with torch.cuda.amp.autocast():
/home/norak/R&I/kxs-/train.py:169: FutureWarning: `torch.cuda.amp.autocast(args...)` is deprecated. Please use `torch.amp.autocast('cuda', args...)` instead.
  with torch.cuda.amp.autocast():
    epoch 16  train_loss=0.0175  val_loss=0.0222  val_qwk=0.8682  val_acc=0.7647
/home/norak/R&I/kxs-/train.py:148: FutureWarning: `torch.cuda.amp.autocast(args...)` is deprecated. Please use `torch.amp.autocast('cuda', args...)` instead.
  with torch.cuda.amp.autocast():
/home/norak/R&I/kxs-/train.py:169: FutureWarning: `torch.cuda.amp.autocast(args...)` is deprecated. Please use `torch.amp.autocast('cuda', args...)` instead.
  with torch.cuda.amp.autocast():
    epoch 17  train_loss=0.0168  val_loss=0.0233  val_qwk=0.8517  val_acc=0.7941
    early-stop at epoch 17 (best epoch=13, best_qwk=0.8810)
/home/norak/R&I/kxs-/train.py:169: FutureWarning: `torch.cuda.amp.autocast(args...)` is deprecated. Please use `torch.amp.autocast('cuda', args...)` instead.
  with torch.cuda.amp.autocast():
/home/norak/R&I/kxs-/train.py:169: FutureWarning: `torch.cuda.amp.autocast(args...)` is deprecated. Please use `torch.amp.autocast('cuda', args...)` instead.
  with torch.cuda.amp.autocast():
/home/norak/R&I/kxs-/train.py:169: FutureWarning: `torch.cuda.amp.autocast(args...)` is deprecated. Please use `torch.amp.autocast('cuda', args...)` instead.
  with torch.cuda.amp.autocast():
  [raw_qar_dual_xlmr_maxfeat               ] train_qwk=0.9030 -> test_qwk=0.7754  raw_w1=0.7226  epoch=13  (109.9s)
Loading weights:   0%|          | 0/136 [00:00<?, ?it/s]Loading weights:   3%|▎         | 4/136 [00:00<00:04, 32.66it/s]Loading weights: 100%|██████████| 136/136 [00:00<00:00, 934.75it/s]
[transformers] [1mNewModel LOAD REPORT[0m from: Alibaba-NLP/gte-multilingual-base
Key               | Status     |  | 
------------------+------------+--+-
classifier.weight | UNEXPECTED |  | 
classifier.bias   | UNEXPECTED |  | 

Notes:
- UNEXPECTED:	can be ignored when loading from different task/architecture; not ok if you expect identical arch.
/home/norak/R&I/kxs-/train.py:206: FutureWarning: `torch.cuda.amp.GradScaler(args...)` is deprecated. Please use `torch.amp.GradScaler('cuda', args...)` instead.
  scaler = torch.cuda.amp.GradScaler() if use_amp and device == "cuda" else None
/home/norak/R&I/kxs-/train.py:148: FutureWarning: `torch.cuda.amp.autocast(args...)` is deprecated. Please use `torch.amp.autocast('cuda', args...)` instead.
  with torch.cuda.amp.autocast():
/home/norak/R&I/kxs-/train.py:169: FutureWarning: `torch.cuda.amp.autocast(args...)` is deprecated. Please use `torch.amp.autocast('cuda', args...)` instead.
  with torch.cuda.amp.autocast():
    epoch  1  train_loss=0.0728  val_loss=0.0410  val_qwk=0.6601  val_acc=0.5515
/home/norak/R&I/kxs-/train.py:148: FutureWarning: `torch.cuda.amp.autocast(args...)` is deprecated. Please use `torch.amp.autocast('cuda', args...)` instead.
  with torch.cuda.amp.autocast():
/home/norak/R&I/kxs-/train.py:169: FutureWarning: `torch.cuda.amp.autocast(args...)` is deprecated. Please use `torch.amp.autocast('cuda', args...)` instead.
  with torch.cuda.amp.autocast():
    epoch  2  train_loss=0.0453  val_loss=0.0309  val_qwk=0.7363  val_acc=0.6618
/home/norak/R&I/kxs-/train.py:148: FutureWarning: `torch.cuda.amp.autocast(args...)` is deprecated. Please use `torch.amp.autocast('cuda', args...)` instead.
  with torch.cuda.amp.autocast():
/home/norak/R&I/kxs-/train.py:169: FutureWarning: `torch.cuda.amp.autocast(args...)` is deprecated. Please use `torch.amp.autocast('cuda', args...)` instead.
  with torch.cuda.amp.autocast():
    epoch  3  train_loss=0.0354  val_loss=0.0264  val_qwk=0.7966  val_acc=0.6765
/home/norak/R&I/kxs-/train.py:148: FutureWarning: `torch.cuda.amp.autocast(args...)` is deprecated. Please use `torch.amp.autocast('cuda', args...)` instead.
  with torch.cuda.amp.autocast():
/home/norak/R&I/kxs-/train.py:169: FutureWarning: `torch.cuda.amp.autocast(args...)` is deprecated. Please use `torch.amp.autocast('cuda', args...)` instead.
  with torch.cuda.amp.autocast():
    epoch  4  train_loss=0.0282  val_loss=0.0258  val_qwk=0.8053  val_acc=0.6912
/home/norak/R&I/kxs-/train.py:148: FutureWarning: `torch.cuda.amp.autocast(args...)` is deprecated. Please use `torch.amp.autocast('cuda', args...)` instead.
  with torch.cuda.amp.autocast():
/home/norak/R&I/kxs-/train.py:169: FutureWarning: `torch.cuda.amp.autocast(args...)` is deprecated. Please use `torch.amp.autocast('cuda', args...)` instead.
  with torch.cuda.amp.autocast():
    epoch  5  train_loss=0.0222  val_loss=0.0253  val_qwk=0.8548  val_acc=0.7426
/home/norak/R&I/kxs-/train.py:148: FutureWarning: `torch.cuda.amp.autocast(args...)` is deprecated. Please use `torch.amp.autocast('cuda', args...)` instead.
  with torch.cuda.amp.autocast():
/home/norak/R&I/kxs-/train.py:169: FutureWarning: `torch.cuda.amp.autocast(args...)` is deprecated. Please use `torch.amp.autocast('cuda', args...)` instead.
  with torch.cuda.amp.autocast():
    epoch  6  train_loss=0.0183  val_loss=0.0244  val_qwk=0.8589  val_acc=0.7426
/home/norak/R&I/kxs-/train.py:148: FutureWarning: `torch.cuda.amp.autocast(args...)` is deprecated. Please use `torch.amp.autocast('cuda', args...)` instead.
  with torch.cuda.amp.autocast():
/home/norak/R&I/kxs-/train.py:169: FutureWarning: `torch.cuda.amp.autocast(args...)` is deprecated. Please use `torch.amp.autocast('cuda', args...)` instead.
  with torch.cuda.amp.autocast():
    epoch  7  train_loss=0.0158  val_loss=0.0237  val_qwk=0.8373  val_acc=0.6618
/home/norak/R&I/kxs-/train.py:148: FutureWarning: `torch.cuda.amp.autocast(args...)` is deprecated. Please use `torch.amp.autocast('cuda', args...)` instead.
  with torch.cuda.amp.autocast():
/home/norak/R&I/kxs-/train.py:169: FutureWarning: `torch.cuda.amp.autocast(args...)` is deprecated. Please use `torch.amp.autocast('cuda', args...)` instead.
  with torch.cuda.amp.autocast():
    epoch  8  train_loss=0.0147  val_loss=0.0238  val_qwk=0.8552  val_acc=0.7721
/home/norak/R&I/kxs-/train.py:148: FutureWarning: `torch.cuda.amp.autocast(args...)` is deprecated. Please use `torch.amp.autocast('cuda', args...)` instead.
  with torch.cuda.amp.autocast():
/home/norak/R&I/kxs-/train.py:169: FutureWarning: `torch.cuda.amp.autocast(args...)` is deprecated. Please use `torch.amp.autocast('cuda', args...)` instead.
  with torch.cuda.amp.autocast():
    epoch  9  train_loss=0.0126  val_loss=0.0285  val_qwk=0.7953  val_acc=0.7059
/home/norak/R&I/kxs-/train.py:148: FutureWarning: `torch.cuda.amp.autocast(args...)` is deprecated. Please use `torch.amp.autocast('cuda', args...)` instead.
  with torch.cuda.amp.autocast():
/home/norak/R&I/kxs-/train.py:169: FutureWarning: `torch.cuda.amp.autocast(args...)` is deprecated. Please use `torch.amp.autocast('cuda', args...)` instead.
  with torch.cuda.amp.autocast():
    epoch 10  train_loss=0.0112  val_loss=0.0194  val_qwk=0.8805  val_acc=0.7500
/home/norak/R&I/kxs-/train.py:148: FutureWarning: `torch.cuda.amp.autocast(args...)` is deprecated. Please use `torch.amp.autocast('cuda', args...)` instead.
  with torch.cuda.amp.autocast():
/home/norak/R&I/kxs-/train.py:169: FutureWarning: `torch.cuda.amp.autocast(args...)` is deprecated. Please use `torch.amp.autocast('cuda', args...)` instead.
  with torch.cuda.amp.autocast():
    epoch 11  train_loss=0.0115  val_loss=0.0202  val_qwk=0.8821  val_acc=0.7647
/home/norak/R&I/kxs-/train.py:148: FutureWarning: `torch.cuda.amp.autocast(args...)` is deprecated. Please use `torch.amp.autocast('cuda', args...)` instead.
  with torch.cuda.amp.autocast():
/home/norak/R&I/kxs-/train.py:169: FutureWarning: `torch.cuda.amp.autocast(args...)` is deprecated. Please use `torch.amp.autocast('cuda', args...)` instead.
  with torch.cuda.amp.autocast():
    epoch 12  train_loss=0.0090  val_loss=0.0194  val_qwk=0.8791  val_acc=0.7721
/home/norak/R&I/kxs-/train.py:148: FutureWarning: `torch.cuda.amp.autocast(args...)` is deprecated. Please use `torch.amp.autocast('cuda', args...)` instead.
  with torch.cuda.amp.autocast():
/home/norak/R&I/kxs-/train.py:169: FutureWarning: `torch.cuda.amp.autocast(args...)` is deprecated. Please use `torch.amp.autocast('cuda', args...)` instead.
  with torch.cuda.amp.autocast():
    epoch 13  train_loss=0.0093  val_loss=0.0182  val_qwk=0.8772  val_acc=0.7794
/home/norak/R&I/kxs-/train.py:148: FutureWarning: `torch.cuda.amp.autocast(args...)` is deprecated. Please use `torch.amp.autocast('cuda', args...)` instead.
  with torch.cuda.amp.autocast():
/home/norak/R&I/kxs-/train.py:169: FutureWarning: `torch.cuda.amp.autocast(args...)` is deprecated. Please use `torch.amp.autocast('cuda', args...)` instead.
  with torch.cuda.amp.autocast():
    epoch 14  train_loss=0.0085  val_loss=0.0180  val_qwk=0.8806  val_acc=0.7574
/home/norak/R&I/kxs-/train.py:148: FutureWarning: `torch.cuda.amp.autocast(args...)` is deprecated. Please use `torch.amp.autocast('cuda', args...)` instead.
  with torch.cuda.amp.autocast():
/home/norak/R&I/kxs-/train.py:169: FutureWarning: `torch.cuda.amp.autocast(args...)` is deprecated. Please use `torch.amp.autocast('cuda', args...)` instead.
  with torch.cuda.amp.autocast():
    epoch 15  train_loss=0.0082  val_loss=0.0191  val_qwk=0.8880  val_acc=0.7868
/home/norak/R&I/kxs-/train.py:148: FutureWarning: `torch.cuda.amp.autocast(args...)` is deprecated. Please use `torch.amp.autocast('cuda', args...)` instead.
  with torch.cuda.amp.autocast():
/home/norak/R&I/kxs-/train.py:169: FutureWarning: `torch.cuda.amp.autocast(args...)` is deprecated. Please use `torch.amp.autocast('cuda', args...)` instead.
  with torch.cuda.amp.autocast():
    epoch 16  train_loss=0.0071  val_loss=0.0174  val_qwk=0.8995  val_acc=0.8088
/home/norak/R&I/kxs-/train.py:148: FutureWarning: `torch.cuda.amp.autocast(args...)` is deprecated. Please use `torch.amp.autocast('cuda', args...)` instead.
  with torch.cuda.amp.autocast():
/home/norak/R&I/kxs-/train.py:169: FutureWarning: `torch.cuda.amp.autocast(args...)` is deprecated. Please use `torch.amp.autocast('cuda', args...)` instead.
  with torch.cuda.amp.autocast():
    epoch 17  train_loss=0.0067  val_loss=0.0181  val_qwk=0.8676  val_acc=0.7426
/home/norak/R&I/kxs-/train.py:148: FutureWarning: `torch.cuda.amp.autocast(args...)` is deprecated. Please use `torch.amp.autocast('cuda', args...)` instead.
  with torch.cuda.amp.autocast():
/home/norak/R&I/kxs-/train.py:169: FutureWarning: `torch.cuda.amp.autocast(args...)` is deprecated. Please use `torch.amp.autocast('cuda', args...)` instead.
  with torch.cuda.amp.autocast():
    epoch 18  train_loss=0.0067  val_loss=0.0245  val_qwk=0.8437  val_acc=0.7353
/home/norak/R&I/kxs-/train.py:148: FutureWarning: `torch.cuda.amp.autocast(args...)` is deprecated. Please use `torch.amp.autocast('cuda', args...)` instead.
  with torch.cuda.amp.autocast():
/home/norak/R&I/kxs-/train.py:169: FutureWarning: `torch.cuda.amp.autocast(args...)` is deprecated. Please use `torch.amp.autocast('cuda', args...)` instead.
  with torch.cuda.amp.autocast():
    epoch 19  train_loss=0.0076  val_loss=0.0175  val_qwk=0.8730  val_acc=0.7721
/home/norak/R&I/kxs-/train.py:148: FutureWarning: `torch.cuda.amp.autocast(args...)` is deprecated. Please use `torch.amp.autocast('cuda', args...)` instead.
  with torch.cuda.amp.autocast():
/home/norak/R&I/kxs-/train.py:169: FutureWarning: `torch.cuda.amp.autocast(args...)` is deprecated. Please use `torch.amp.autocast('cuda', args...)` instead.
  with torch.cuda.amp.autocast():
    epoch 20  train_loss=0.0071  val_loss=0.0199  val_qwk=0.8703  val_acc=0.7500
    early-stop at epoch 20 (best epoch=16, best_qwk=0.8995)
/home/norak/R&I/kxs-/train.py:169: FutureWarning: `torch.cuda.amp.autocast(args...)` is deprecated. Please use `torch.amp.autocast('cuda', args...)` instead.
  with torch.cuda.amp.autocast():
/home/norak/R&I/kxs-/train.py:169: FutureWarning: `torch.cuda.amp.autocast(args...)` is deprecated. Please use `torch.amp.autocast('cuda', args...)` instead.
  with torch.cuda.amp.autocast():
/home/norak/R&I/kxs-/train.py:169: FutureWarning: `torch.cuda.amp.autocast(args...)` is deprecated. Please use `torch.amp.autocast('cuda', args...)` instead.
  with torch.cuda.amp.autocast():
  [raw_qar_dual_gte_maxfeat                ] train_qwk=0.9529 -> test_qwk=0.8177  raw_w1=0.7810  epoch=16  (145.7s)
Loading weights:   0%|          | 0/199 [00:00<?, ?it/s]Loading weights: 100%|██████████| 199/199 [00:00<00:00, 2924.67it/s]
[transformers] [1mBertModel LOAD REPORT[0m from: bert-base-multilingual-cased
Key                                        | Status     |  | 
-------------------------------------------+------------+--+-
cls.seq_relationship.weight                | UNEXPECTED |  | 
cls.predictions.transform.LayerNorm.weight | UNEXPECTED |  | 
cls.predictions.transform.dense.bias       | UNEXPECTED |  | 
cls.predictions.transform.dense.weight     | UNEXPECTED |  | 
cls.predictions.transform.LayerNorm.bias   | UNEXPECTED |  | 
cls.seq_relationship.bias                  | UNEXPECTED |  | 
cls.predictions.bias                       | UNEXPECTED |  | 

Notes:
- UNEXPECTED:	can be ignored when loading from different task/architecture; not ok if you expect identical arch.
/home/norak/R&I/kxs-/train.py:206: FutureWarning: `torch.cuda.amp.GradScaler(args...)` is deprecated. Please use `torch.amp.GradScaler('cuda', args...)` instead.
  scaler = torch.cuda.amp.GradScaler() if use_amp and device == "cuda" else None
/home/norak/R&I/kxs-/train.py:148: FutureWarning: `torch.cuda.amp.autocast(args...)` is deprecated. Please use `torch.amp.autocast('cuda', args...)` instead.
  with torch.cuda.amp.autocast():
/home/norak/R&I/kxs-/train.py:169: FutureWarning: `torch.cuda.amp.autocast(args...)` is deprecated. Please use `torch.amp.autocast('cuda', args...)` instead.
  with torch.cuda.amp.autocast():
    epoch  1  train_loss=0.0845  val_loss=0.0620  val_qwk=0.4759  val_acc=0.3971
/home/norak/R&I/kxs-/train.py:148: FutureWarning: `torch.cuda.amp.autocast(args...)` is deprecated. Please use `torch.amp.autocast('cuda', args...)` instead.
  with torch.cuda.amp.autocast():
/home/norak/R&I/kxs-/train.py:169: FutureWarning: `torch.cuda.amp.autocast(args...)` is deprecated. Please use `torch.amp.autocast('cuda', args...)` instead.
  with torch.cuda.amp.autocast():
    epoch  2  train_loss=0.0646  val_loss=0.0561  val_qwk=0.5225  val_acc=0.4632
/home/norak/R&I/kxs-/train.py:148: FutureWarning: `torch.cuda.amp.autocast(args...)` is deprecated. Please use `torch.amp.autocast('cuda', args...)` instead.
  with torch.cuda.amp.autocast():
/home/norak/R&I/kxs-/train.py:169: FutureWarning: `torch.cuda.amp.autocast(args...)` is deprecated. Please use `torch.amp.autocast('cuda', args...)` instead.
  with torch.cuda.amp.autocast():
    epoch  3  train_loss=0.0574  val_loss=0.0533  val_qwk=0.5895  val_acc=0.5956
/home/norak/R&I/kxs-/train.py:148: FutureWarning: `torch.cuda.amp.autocast(args...)` is deprecated. Please use `torch.amp.autocast('cuda', args...)` instead.
  with torch.cuda.amp.autocast():
/home/norak/R&I/kxs-/train.py:169: FutureWarning: `torch.cuda.amp.autocast(args...)` is deprecated. Please use `torch.amp.autocast('cuda', args...)` instead.
  with torch.cuda.amp.autocast():
    epoch  4  train_loss=0.0496  val_loss=0.0420  val_qwk=0.7442  val_acc=0.6691
/home/norak/R&I/kxs-/train.py:148: FutureWarning: `torch.cuda.amp.autocast(args...)` is deprecated. Please use `torch.amp.autocast('cuda', args...)` instead.
  with torch.cuda.amp.autocast():
/home/norak/R&I/kxs-/train.py:169: FutureWarning: `torch.cuda.amp.autocast(args...)` is deprecated. Please use `torch.amp.autocast('cuda', args...)` instead.
  with torch.cuda.amp.autocast():
    epoch  5  train_loss=0.0472  val_loss=0.0443  val_qwk=0.6634  val_acc=0.6324
/home/norak/R&I/kxs-/train.py:148: FutureWarning: `torch.cuda.amp.autocast(args...)` is deprecated. Please use `torch.amp.autocast('cuda', args...)` instead.
  with torch.cuda.amp.autocast():
/home/norak/R&I/kxs-/train.py:169: FutureWarning: `torch.cuda.amp.autocast(args...)` is deprecated. Please use `torch.amp.autocast('cuda', args...)` instead.
  with torch.cuda.amp.autocast():
    epoch  6  train_loss=0.0422  val_loss=0.0351  val_qwk=0.7259  val_acc=0.6176
/home/norak/R&I/kxs-/train.py:148: FutureWarning: `torch.cuda.amp.autocast(args...)` is deprecated. Please use `torch.amp.autocast('cuda', args...)` instead.
  with torch.cuda.amp.autocast():
/home/norak/R&I/kxs-/train.py:169: FutureWarning: `torch.cuda.amp.autocast(args...)` is deprecated. Please use `torch.amp.autocast('cuda', args...)` instead.
  with torch.cuda.amp.autocast():
    epoch  7  train_loss=0.0404  val_loss=0.0418  val_qwk=0.7188  val_acc=0.6544
/home/norak/R&I/kxs-/train.py:148: FutureWarning: `torch.cuda.amp.autocast(args...)` is deprecated. Please use `torch.amp.autocast('cuda', args...)` instead.
  with torch.cuda.amp.autocast():
/home/norak/R&I/kxs-/train.py:169: FutureWarning: `torch.cuda.amp.autocast(args...)` is deprecated. Please use `torch.amp.autocast('cuda', args...)` instead.
  with torch.cuda.amp.autocast():
    epoch  8  train_loss=0.0364  val_loss=0.0433  val_qwk=0.6763  val_acc=0.6250
    early-stop at epoch 8 (best epoch=4, best_qwk=0.7442)
/home/norak/R&I/kxs-/train.py:169: FutureWarning: `torch.cuda.amp.autocast(args...)` is deprecated. Please use `torch.amp.autocast('cuda', args...)` instead.
  with torch.cuda.amp.autocast():
/home/norak/R&I/kxs-/train.py:169: FutureWarning: `torch.cuda.amp.autocast(args...)` is deprecated. Please use `torch.amp.autocast('cuda', args...)` instead.
  with torch.cuda.amp.autocast():
/home/norak/R&I/kxs-/train.py:169: FutureWarning: `torch.cuda.amp.autocast(args...)` is deprecated. Please use `torch.amp.autocast('cuda', args...)` instead.
  with torch.cuda.amp.autocast():
  [raw_qar_cross_mbert_maxfeat             ] train_qwk=0.6914 -> test_qwk=0.6153  raw_w1=0.5620  epoch=4  (34.6s)
Loading weights:   0%|          | 0/199 [00:00<?, ?it/s]Loading weights: 100%|██████████| 199/199 [00:00<00:00, 2964.74it/s]
[transformers] [1mXLMRobertaModel LOAD REPORT[0m from: xlm-roberta-base
Key                       | Status     |  | 
--------------------------+------------+--+-
lm_head.layer_norm.weight | UNEXPECTED |  | 
lm_head.bias              | UNEXPECTED |  | 
lm_head.dense.bias        | UNEXPECTED |  | 
lm_head.layer_norm.bias   | UNEXPECTED |  | 
lm_head.dense.weight      | UNEXPECTED |  | 

Notes:
- UNEXPECTED:	can be ignored when loading from different task/architecture; not ok if you expect identical arch.
/home/norak/R&I/kxs-/train.py:206: FutureWarning: `torch.cuda.amp.GradScaler(args...)` is deprecated. Please use `torch.amp.GradScaler('cuda', args...)` instead.
  scaler = torch.cuda.amp.GradScaler() if use_amp and device == "cuda" else None
/home/norak/R&I/kxs-/train.py:148: FutureWarning: `torch.cuda.amp.autocast(args...)` is deprecated. Please use `torch.amp.autocast('cuda', args...)` instead.
  with torch.cuda.amp.autocast():
/home/norak/R&I/kxs-/train.py:169: FutureWarning: `torch.cuda.amp.autocast(args...)` is deprecated. Please use `torch.amp.autocast('cuda', args...)` instead.
  with torch.cuda.amp.autocast():
    epoch  1  train_loss=0.1005  val_loss=0.0787  val_qwk=-0.1014  val_acc=0.1544
/home/norak/R&I/kxs-/train.py:148: FutureWarning: `torch.cuda.amp.autocast(args...)` is deprecated. Please use `torch.amp.autocast('cuda', args...)` instead.
  with torch.cuda.amp.autocast():
/home/norak/R&I/kxs-/train.py:169: FutureWarning: `torch.cuda.amp.autocast(args...)` is deprecated. Please use `torch.amp.autocast('cuda', args...)` instead.
  with torch.cuda.amp.autocast():
    epoch  2  train_loss=0.0688  val_loss=0.0597  val_qwk=0.4888  val_acc=0.4632
/home/norak/R&I/kxs-/train.py:148: FutureWarning: `torch.cuda.amp.autocast(args...)` is deprecated. Please use `torch.amp.autocast('cuda', args...)` instead.
  with torch.cuda.amp.autocast():
/home/norak/R&I/kxs-/train.py:169: FutureWarning: `torch.cuda.amp.autocast(args...)` is deprecated. Please use `torch.amp.autocast('cuda', args...)` instead.
  with torch.cuda.amp.autocast():
    epoch  3  train_loss=0.0601  val_loss=0.0613  val_qwk=0.4985  val_acc=0.5368
/home/norak/R&I/kxs-/train.py:148: FutureWarning: `torch.cuda.amp.autocast(args...)` is deprecated. Please use `torch.amp.autocast('cuda', args...)` instead.
  with torch.cuda.amp.autocast():
/home/norak/R&I/kxs-/train.py:169: FutureWarning: `torch.cuda.amp.autocast(args...)` is deprecated. Please use `torch.amp.autocast('cuda', args...)` instead.
  with torch.cuda.amp.autocast():
    epoch  4  train_loss=0.0569  val_loss=0.0595  val_qwk=0.5260  val_acc=0.5368
/home/norak/R&I/kxs-/train.py:148: FutureWarning: `torch.cuda.amp.autocast(args...)` is deprecated. Please use `torch.amp.autocast('cuda', args...)` instead.
  with torch.cuda.amp.autocast():
/home/norak/R&I/kxs-/train.py:169: FutureWarning: `torch.cuda.amp.autocast(args...)` is deprecated. Please use `torch.amp.autocast('cuda', args...)` instead.
  with torch.cuda.amp.autocast():
    epoch  5  train_loss=0.0513  val_loss=0.0411  val_qwk=0.6574  val_acc=0.5588
/home/norak/R&I/kxs-/train.py:148: FutureWarning: `torch.cuda.amp.autocast(args...)` is deprecated. Please use `torch.amp.autocast('cuda', args...)` instead.
  with torch.cuda.amp.autocast():
/home/norak/R&I/kxs-/train.py:169: FutureWarning: `torch.cuda.amp.autocast(args...)` is deprecated. Please use `torch.amp.autocast('cuda', args...)` instead.
  with torch.cuda.amp.autocast():
    epoch  6  train_loss=0.0453  val_loss=0.0386  val_qwk=0.6907  val_acc=0.6029
/home/norak/R&I/kxs-/train.py:148: FutureWarning: `torch.cuda.amp.autocast(args...)` is deprecated. Please use `torch.amp.autocast('cuda', args...)` instead.
  with torch.cuda.amp.autocast():
/home/norak/R&I/kxs-/train.py:169: FutureWarning: `torch.cuda.amp.autocast(args...)` is deprecated. Please use `torch.amp.autocast('cuda', args...)` instead.
  with torch.cuda.amp.autocast():
    epoch  7  train_loss=0.0437  val_loss=0.0283  val_qwk=0.8114  val_acc=0.6544
/home/norak/R&I/kxs-/train.py:148: FutureWarning: `torch.cuda.amp.autocast(args...)` is deprecated. Please use `torch.amp.autocast('cuda', args...)` instead.
  with torch.cuda.amp.autocast():
/home/norak/R&I/kxs-/train.py:169: FutureWarning: `torch.cuda.amp.autocast(args...)` is deprecated. Please use `torch.amp.autocast('cuda', args...)` instead.
  with torch.cuda.amp.autocast():
    epoch  8  train_loss=0.0377  val_loss=0.0310  val_qwk=0.7958  val_acc=0.6176
/home/norak/R&I/kxs-/train.py:148: FutureWarning: `torch.cuda.amp.autocast(args...)` is deprecated. Please use `torch.amp.autocast('cuda', args...)` instead.
  with torch.cuda.amp.autocast():
/home/norak/R&I/kxs-/train.py:169: FutureWarning: `torch.cuda.amp.autocast(args...)` is deprecated. Please use `torch.amp.autocast('cuda', args...)` instead.
  with torch.cuda.amp.autocast():
    epoch  9  train_loss=0.0377  val_loss=0.0281  val_qwk=0.7959  val_acc=0.6838
/home/norak/R&I/kxs-/train.py:148: FutureWarning: `torch.cuda.amp.autocast(args...)` is deprecated. Please use `torch.amp.autocast('cuda', args...)` instead.
  with torch.cuda.amp.autocast():
/home/norak/R&I/kxs-/train.py:169: FutureWarning: `torch.cuda.amp.autocast(args...)` is deprecated. Please use `torch.amp.autocast('cuda', args...)` instead.
  with torch.cuda.amp.autocast():
    epoch 10  train_loss=0.0341  val_loss=0.0294  val_qwk=0.8142  val_acc=0.7132
/home/norak/R&I/kxs-/train.py:148: FutureWarning: `torch.cuda.amp.autocast(args...)` is deprecated. Please use `torch.amp.autocast('cuda', args...)` instead.
  with torch.cuda.amp.autocast():
/home/norak/R&I/kxs-/train.py:169: FutureWarning: `torch.cuda.amp.autocast(args...)` is deprecated. Please use `torch.amp.autocast('cuda', args...)` instead.
  with torch.cuda.amp.autocast():
    epoch 11  train_loss=0.0294  val_loss=0.0263  val_qwk=0.8269  val_acc=0.7206
/home/norak/R&I/kxs-/train.py:148: FutureWarning: `torch.cuda.amp.autocast(args...)` is deprecated. Please use `torch.amp.autocast('cuda', args...)` instead.
  with torch.cuda.amp.autocast():
/home/norak/R&I/kxs-/train.py:169: FutureWarning: `torch.cuda.amp.autocast(args...)` is deprecated. Please use `torch.amp.autocast('cuda', args...)` instead.
  with torch.cuda.amp.autocast():
    epoch 12  train_loss=0.0302  val_loss=0.0253  val_qwk=0.8517  val_acc=0.7426
/home/norak/R&I/kxs-/train.py:148: FutureWarning: `torch.cuda.amp.autocast(args...)` is deprecated. Please use `torch.amp.autocast('cuda', args...)` instead.
  with torch.cuda.amp.autocast():
/home/norak/R&I/kxs-/train.py:169: FutureWarning: `torch.cuda.amp.autocast(args...)` is deprecated. Please use `torch.amp.autocast('cuda', args...)` instead.
  with torch.cuda.amp.autocast():
    epoch 13  train_loss=0.0275  val_loss=0.0289  val_qwk=0.8194  val_acc=0.7206
/home/norak/R&I/kxs-/train.py:148: FutureWarning: `torch.cuda.amp.autocast(args...)` is deprecated. Please use `torch.amp.autocast('cuda', args...)` instead.
  with torch.cuda.amp.autocast():
/home/norak/R&I/kxs-/train.py:169: FutureWarning: `torch.cuda.amp.autocast(args...)` is deprecated. Please use `torch.amp.autocast('cuda', args...)` instead.
  with torch.cuda.amp.autocast():
    epoch 14  train_loss=0.0267  val_loss=0.0253  val_qwk=0.8365  val_acc=0.7206
/home/norak/R&I/kxs-/train.py:148: FutureWarning: `torch.cuda.amp.autocast(args...)` is deprecated. Please use `torch.amp.autocast('cuda', args...)` instead.
  with torch.cuda.amp.autocast():
/home/norak/R&I/kxs-/train.py:169: FutureWarning: `torch.cuda.amp.autocast(args...)` is deprecated. Please use `torch.amp.autocast('cuda', args...)` instead.
  with torch.cuda.amp.autocast():
    epoch 15  train_loss=0.0229  val_loss=0.0258  val_qwk=0.7967  val_acc=0.7059
/home/norak/R&I/kxs-/train.py:148: FutureWarning: `torch.cuda.amp.autocast(args...)` is deprecated. Please use `torch.amp.autocast('cuda', args...)` instead.
  with torch.cuda.amp.autocast():
/home/norak/R&I/kxs-/train.py:169: FutureWarning: `torch.cuda.amp.autocast(args...)` is deprecated. Please use `torch.amp.autocast('cuda', args...)` instead.
  with torch.cuda.amp.autocast():
    epoch 16  train_loss=0.0212  val_loss=0.0261  val_qwk=0.8434  val_acc=0.7500
    early-stop at epoch 16 (best epoch=12, best_qwk=0.8517)
/home/norak/R&I/kxs-/train.py:169: FutureWarning: `torch.cuda.amp.autocast(args...)` is deprecated. Please use `torch.amp.autocast('cuda', args...)` instead.
  with torch.cuda.amp.autocast():
/home/norak/R&I/kxs-/train.py:169: FutureWarning: `torch.cuda.amp.autocast(args...)` is deprecated. Please use `torch.amp.autocast('cuda', args...)` instead.
  with torch.cuda.amp.autocast():
/home/norak/R&I/kxs-/train.py:169: FutureWarning: `torch.cuda.amp.autocast(args...)` is deprecated. Please use `torch.amp.autocast('cuda', args...)` instead.
  with torch.cuda.amp.autocast():
  [raw_qar_cross_xlmr_maxfeat              ] train_qwk=0.8658 -> test_qwk=0.7799  raw_w1=0.7591  epoch=12  (70.6s)
Loading weights:   0%|          | 0/136 [00:00<?, ?it/s]Loading weights:   3%|▎         | 4/136 [00:00<00:04, 31.29it/s]Loading weights: 100%|██████████| 136/136 [00:00<00:00, 901.97it/s]
[transformers] [1mNewModel LOAD REPORT[0m from: Alibaba-NLP/gte-multilingual-base
Key               | Status     |  | 
------------------+------------+--+-
classifier.weight | UNEXPECTED |  | 
classifier.bias   | UNEXPECTED |  | 

Notes:
- UNEXPECTED:	can be ignored when loading from different task/architecture; not ok if you expect identical arch.
/home/norak/R&I/kxs-/train.py:206: FutureWarning: `torch.cuda.amp.GradScaler(args...)` is deprecated. Please use `torch.amp.GradScaler('cuda', args...)` instead.
  scaler = torch.cuda.amp.GradScaler() if use_amp and device == "cuda" else None
/home/norak/R&I/kxs-/train.py:148: FutureWarning: `torch.cuda.amp.autocast(args...)` is deprecated. Please use `torch.amp.autocast('cuda', args...)` instead.
  with torch.cuda.amp.autocast():
/home/norak/R&I/kxs-/train.py:169: FutureWarning: `torch.cuda.amp.autocast(args...)` is deprecated. Please use `torch.amp.autocast('cuda', args...)` instead.
  with torch.cuda.amp.autocast():
    epoch  1  train_loss=0.0807  val_loss=0.0489  val_qwk=0.6100  val_acc=0.4632
/home/norak/R&I/kxs-/train.py:148: FutureWarning: `torch.cuda.amp.autocast(args...)` is deprecated. Please use `torch.amp.autocast('cuda', args...)` instead.
  with torch.cuda.amp.autocast():
/home/norak/R&I/kxs-/train.py:169: FutureWarning: `torch.cuda.amp.autocast(args...)` is deprecated. Please use `torch.amp.autocast('cuda', args...)` instead.
  with torch.cuda.amp.autocast():
    epoch  2  train_loss=0.0550  val_loss=0.0428  val_qwk=0.6753  val_acc=0.5515
/home/norak/R&I/kxs-/train.py:148: FutureWarning: `torch.cuda.amp.autocast(args...)` is deprecated. Please use `torch.amp.autocast('cuda', args...)` instead.
  with torch.cuda.amp.autocast():
/home/norak/R&I/kxs-/train.py:169: FutureWarning: `torch.cuda.amp.autocast(args...)` is deprecated. Please use `torch.amp.autocast('cuda', args...)` instead.
  with torch.cuda.amp.autocast():
    epoch  3  train_loss=0.0501  val_loss=0.0407  val_qwk=0.6913  val_acc=0.6324
/home/norak/R&I/kxs-/train.py:148: FutureWarning: `torch.cuda.amp.autocast(args...)` is deprecated. Please use `torch.amp.autocast('cuda', args...)` instead.
  with torch.cuda.amp.autocast():
/home/norak/R&I/kxs-/train.py:169: FutureWarning: `torch.cuda.amp.autocast(args...)` is deprecated. Please use `torch.amp.autocast('cuda', args...)` instead.
  with torch.cuda.amp.autocast():
    epoch  4  train_loss=0.0431  val_loss=0.0335  val_qwk=0.7438  val_acc=0.6765
/home/norak/R&I/kxs-/train.py:148: FutureWarning: `torch.cuda.amp.autocast(args...)` is deprecated. Please use `torch.amp.autocast('cuda', args...)` instead.
  with torch.cuda.amp.autocast():
/home/norak/R&I/kxs-/train.py:169: FutureWarning: `torch.cuda.amp.autocast(args...)` is deprecated. Please use `torch.amp.autocast('cuda', args...)` instead.
  with torch.cuda.amp.autocast():
    epoch  5  train_loss=0.0368  val_loss=0.0261  val_qwk=0.8008  val_acc=0.6691
/home/norak/R&I/kxs-/train.py:148: FutureWarning: `torch.cuda.amp.autocast(args...)` is deprecated. Please use `torch.amp.autocast('cuda', args...)` instead.
  with torch.cuda.amp.autocast():
/home/norak/R&I/kxs-/train.py:169: FutureWarning: `torch.cuda.amp.autocast(args...)` is deprecated. Please use `torch.amp.autocast('cuda', args...)` instead.
  with torch.cuda.amp.autocast():
    epoch  6  train_loss=0.0320  val_loss=0.0366  val_qwk=0.7886  val_acc=0.6985
/home/norak/R&I/kxs-/train.py:148: FutureWarning: `torch.cuda.amp.autocast(args...)` is deprecated. Please use `torch.amp.autocast('cuda', args...)` instead.
  with torch.cuda.amp.autocast():
/home/norak/R&I/kxs-/train.py:169: FutureWarning: `torch.cuda.amp.autocast(args...)` is deprecated. Please use `torch.amp.autocast('cuda', args...)` instead.
  with torch.cuda.amp.autocast():
    epoch  7  train_loss=0.0299  val_loss=0.0225  val_qwk=0.8770  val_acc=0.7794
/home/norak/R&I/kxs-/train.py:148: FutureWarning: `torch.cuda.amp.autocast(args...)` is deprecated. Please use `torch.amp.autocast('cuda', args...)` instead.
  with torch.cuda.amp.autocast():
/home/norak/R&I/kxs-/train.py:169: FutureWarning: `torch.cuda.amp.autocast(args...)` is deprecated. Please use `torch.amp.autocast('cuda', args...)` instead.
  with torch.cuda.amp.autocast():
    epoch  8  train_loss=0.0244  val_loss=0.0276  val_qwk=0.8590  val_acc=0.7721
/home/norak/R&I/kxs-/train.py:148: FutureWarning: `torch.cuda.amp.autocast(args...)` is deprecated. Please use `torch.amp.autocast('cuda', args...)` instead.
  with torch.cuda.amp.autocast():
/home/norak/R&I/kxs-/train.py:169: FutureWarning: `torch.cuda.amp.autocast(args...)` is deprecated. Please use `torch.amp.autocast('cuda', args...)` instead.
  with torch.cuda.amp.autocast():
    epoch  9  train_loss=0.0253  val_loss=0.0225  val_qwk=0.8569  val_acc=0.7353
/home/norak/R&I/kxs-/train.py:148: FutureWarning: `torch.cuda.amp.autocast(args...)` is deprecated. Please use `torch.amp.autocast('cuda', args...)` instead.
  with torch.cuda.amp.autocast():
/home/norak/R&I/kxs-/train.py:169: FutureWarning: `torch.cuda.amp.autocast(args...)` is deprecated. Please use `torch.amp.autocast('cuda', args...)` instead.
  with torch.cuda.amp.autocast():
    epoch 10  train_loss=0.0210  val_loss=0.0284  val_qwk=0.8476  val_acc=0.7868
/home/norak/R&I/kxs-/train.py:148: FutureWarning: `torch.cuda.amp.autocast(args...)` is deprecated. Please use `torch.amp.autocast('cuda', args...)` instead.
  with torch.cuda.amp.autocast():
/home/norak/R&I/kxs-/train.py:169: FutureWarning: `torch.cuda.amp.autocast(args...)` is deprecated. Please use `torch.amp.autocast('cuda', args...)` instead.
  with torch.cuda.amp.autocast():
    epoch 11  train_loss=0.0181  val_loss=0.0234  val_qwk=0.8531  val_acc=0.7206
    early-stop at epoch 11 (best epoch=7, best_qwk=0.8770)
/home/norak/R&I/kxs-/train.py:169: FutureWarning: `torch.cuda.amp.autocast(args...)` is deprecated. Please use `torch.amp.autocast('cuda', args...)` instead.
  with torch.cuda.amp.autocast():
/home/norak/R&I/kxs-/train.py:169: FutureWarning: `torch.cuda.amp.autocast(args...)` is deprecated. Please use `torch.amp.autocast('cuda', args...)` instead.
  with torch.cuda.amp.autocast():
/home/norak/R&I/kxs-/train.py:169: FutureWarning: `torch.cuda.amp.autocast(args...)` is deprecated. Please use `torch.amp.autocast('cuda', args...)` instead.
  with torch.cuda.amp.autocast():
  [raw_qar_cross_gte_maxfeat               ] train_qwk=0.8527 -> test_qwk=0.7409  raw_w1=0.7226  epoch=7  (57.2s)
Loading weights:   0%|          | 0/199 [00:00<?, ?it/s]Loading weights: 100%|██████████| 199/199 [00:00<00:00, 2865.57it/s]
[transformers] [1mBertModel LOAD REPORT[0m from: bert-base-multilingual-cased
Key                                        | Status     |  | 
-------------------------------------------+------------+--+-
cls.seq_relationship.weight                | UNEXPECTED |  | 
cls.predictions.transform.LayerNorm.weight | UNEXPECTED |  | 
cls.predictions.transform.dense.bias       | UNEXPECTED |  | 
cls.predictions.transform.dense.weight     | UNEXPECTED |  | 
cls.predictions.transform.LayerNorm.bias   | UNEXPECTED |  | 
cls.seq_relationship.bias                  | UNEXPECTED |  | 
cls.predictions.bias                       | UNEXPECTED |  | 

Notes:
- UNEXPECTED:	can be ignored when loading from different task/architecture; not ok if you expect identical arch.
/home/norak/R&I/kxs-/train.py:206: FutureWarning: `torch.cuda.amp.GradScaler(args...)` is deprecated. Please use `torch.amp.GradScaler('cuda', args...)` instead.
  scaler = torch.cuda.amp.GradScaler() if use_amp and device == "cuda" else None
/home/norak/R&I/kxs-/train.py:148: FutureWarning: `torch.cuda.amp.autocast(args...)` is deprecated. Please use `torch.amp.autocast('cuda', args...)` instead.
  with torch.cuda.amp.autocast():
/home/norak/R&I/kxs-/train.py:169: FutureWarning: `torch.cuda.amp.autocast(args...)` is deprecated. Please use `torch.amp.autocast('cuda', args...)` instead.
  with torch.cuda.amp.autocast():
    epoch  1  train_loss=0.0769  val_loss=0.0556  val_qwk=0.3468  val_acc=0.2426
/home/norak/R&I/kxs-/train.py:148: FutureWarning: `torch.cuda.amp.autocast(args...)` is deprecated. Please use `torch.amp.autocast('cuda', args...)` instead.
  with torch.cuda.amp.autocast():
/home/norak/R&I/kxs-/train.py:169: FutureWarning: `torch.cuda.amp.autocast(args...)` is deprecated. Please use `torch.amp.autocast('cuda', args...)` instead.
  with torch.cuda.amp.autocast():
    epoch  2  train_loss=0.0551  val_loss=0.0480  val_qwk=0.6324  val_acc=0.4853
/home/norak/R&I/kxs-/train.py:148: FutureWarning: `torch.cuda.amp.autocast(args...)` is deprecated. Please use `torch.amp.autocast('cuda', args...)` instead.
  with torch.cuda.amp.autocast():
/home/norak/R&I/kxs-/train.py:169: FutureWarning: `torch.cuda.amp.autocast(args...)` is deprecated. Please use `torch.amp.autocast('cuda', args...)` instead.
  with torch.cuda.amp.autocast():
    epoch  3  train_loss=0.0548  val_loss=0.0434  val_qwk=0.6277  val_acc=0.5809
/home/norak/R&I/kxs-/train.py:148: FutureWarning: `torch.cuda.amp.autocast(args...)` is deprecated. Please use `torch.amp.autocast('cuda', args...)` instead.
  with torch.cuda.amp.autocast():
/home/norak/R&I/kxs-/train.py:169: FutureWarning: `torch.cuda.amp.autocast(args...)` is deprecated. Please use `torch.amp.autocast('cuda', args...)` instead.
  with torch.cuda.amp.autocast():
    epoch  4  train_loss=0.0489  val_loss=0.0514  val_qwk=0.5747  val_acc=0.5515
/home/norak/R&I/kxs-/train.py:148: FutureWarning: `torch.cuda.amp.autocast(args...)` is deprecated. Please use `torch.amp.autocast('cuda', args...)` instead.
  with torch.cuda.amp.autocast():
/home/norak/R&I/kxs-/train.py:169: FutureWarning: `torch.cuda.amp.autocast(args...)` is deprecated. Please use `torch.amp.autocast('cuda', args...)` instead.
  with torch.cuda.amp.autocast():
    epoch  5  train_loss=0.0496  val_loss=0.0449  val_qwk=0.6298  val_acc=0.5368
/home/norak/R&I/kxs-/train.py:148: FutureWarning: `torch.cuda.amp.autocast(args...)` is deprecated. Please use `torch.amp.autocast('cuda', args...)` instead.
  with torch.cuda.amp.autocast():
/home/norak/R&I/kxs-/train.py:169: FutureWarning: `torch.cuda.amp.autocast(args...)` is deprecated. Please use `torch.amp.autocast('cuda', args...)` instead.
  with torch.cuda.amp.autocast():
    epoch  6  train_loss=0.0499  val_loss=0.0422  val_qwk=0.6590  val_acc=0.5441
/home/norak/R&I/kxs-/train.py:148: FutureWarning: `torch.cuda.amp.autocast(args...)` is deprecated. Please use `torch.amp.autocast('cuda', args...)` instead.
  with torch.cuda.amp.autocast():
/home/norak/R&I/kxs-/train.py:169: FutureWarning: `torch.cuda.amp.autocast(args...)` is deprecated. Please use `torch.amp.autocast('cuda', args...)` instead.
  with torch.cuda.amp.autocast():
    epoch  7  train_loss=0.0477  val_loss=0.0418  val_qwk=0.6508  val_acc=0.5809
/home/norak/R&I/kxs-/train.py:148: FutureWarning: `torch.cuda.amp.autocast(args...)` is deprecated. Please use `torch.amp.autocast('cuda', args...)` instead.
  with torch.cuda.amp.autocast():
/home/norak/R&I/kxs-/train.py:169: FutureWarning: `torch.cuda.amp.autocast(args...)` is deprecated. Please use `torch.amp.autocast('cuda', args...)` instead.
  with torch.cuda.amp.autocast():
    epoch  8  train_loss=0.0434  val_loss=0.0426  val_qwk=0.6464  val_acc=0.5809
/home/norak/R&I/kxs-/train.py:148: FutureWarning: `torch.cuda.amp.autocast(args...)` is deprecated. Please use `torch.amp.autocast('cuda', args...)` instead.
  with torch.cuda.amp.autocast():
/home/norak/R&I/kxs-/train.py:169: FutureWarning: `torch.cuda.amp.autocast(args...)` is deprecated. Please use `torch.amp.autocast('cuda', args...)` instead.
  with torch.cuda.amp.autocast():
    epoch  9  train_loss=0.0472  val_loss=0.0457  val_qwk=0.5958  val_acc=0.5735
/home/norak/R&I/kxs-/train.py:148: FutureWarning: `torch.cuda.amp.autocast(args...)` is deprecated. Please use `torch.amp.autocast('cuda', args...)` instead.
  with torch.cuda.amp.autocast():
/home/norak/R&I/kxs-/train.py:169: FutureWarning: `torch.cuda.amp.autocast(args...)` is deprecated. Please use `torch.amp.autocast('cuda', args...)` instead.
  with torch.cuda.amp.autocast():
    epoch 10  train_loss=0.0469  val_loss=0.0432  val_qwk=0.6222  val_acc=0.5882
    early-stop at epoch 10 (best epoch=6, best_qwk=0.6590)
/home/norak/R&I/kxs-/train.py:169: FutureWarning: `torch.cuda.amp.autocast(args...)` is deprecated. Please use `torch.amp.autocast('cuda', args...)` instead.
  with torch.cuda.amp.autocast():
/home/norak/R&I/kxs-/train.py:169: FutureWarning: `torch.cuda.amp.autocast(args...)` is deprecated. Please use `torch.amp.autocast('cuda', args...)` instead.
  with torch.cuda.amp.autocast():
/home/norak/R&I/kxs-/train.py:169: FutureWarning: `torch.cuda.amp.autocast(args...)` is deprecated. Please use `torch.amp.autocast('cuda', args...)` instead.
  with torch.cuda.amp.autocast():
  [clean_ra_dual_mbert_maxfeat             ] train_qwk=0.5971 -> test_qwk=0.5655  raw_w1=0.5839  epoch=6  (59.3s)
Loading weights:   0%|          | 0/199 [00:00<?, ?it/s]Loading weights: 100%|██████████| 199/199 [00:00<00:00, 3034.92it/s]
[transformers] [1mXLMRobertaModel LOAD REPORT[0m from: xlm-roberta-base
Key                       | Status     |  | 
--------------------------+------------+--+-
lm_head.layer_norm.weight | UNEXPECTED |  | 
lm_head.bias              | UNEXPECTED |  | 
lm_head.dense.bias        | UNEXPECTED |  | 
lm_head.layer_norm.bias   | UNEXPECTED |  | 
lm_head.dense.weight      | UNEXPECTED |  | 

Notes:
- UNEXPECTED:	can be ignored when loading from different task/architecture; not ok if you expect identical arch.
/home/norak/R&I/kxs-/train.py:206: FutureWarning: `torch.cuda.amp.GradScaler(args...)` is deprecated. Please use `torch.amp.GradScaler('cuda', args...)` instead.
  scaler = torch.cuda.amp.GradScaler() if use_amp and device == "cuda" else None
/home/norak/R&I/kxs-/train.py:148: FutureWarning: `torch.cuda.amp.autocast(args...)` is deprecated. Please use `torch.amp.autocast('cuda', args...)` instead.
  with torch.cuda.amp.autocast():
/home/norak/R&I/kxs-/train.py:169: FutureWarning: `torch.cuda.amp.autocast(args...)` is deprecated. Please use `torch.amp.autocast('cuda', args...)` instead.
  with torch.cuda.amp.autocast():
    epoch  1  train_loss=0.1283  val_loss=0.0821  val_qwk=0.0000  val_acc=0.1324
/home/norak/R&I/kxs-/train.py:148: FutureWarning: `torch.cuda.amp.autocast(args...)` is deprecated. Please use `torch.amp.autocast('cuda', args...)` instead.
  with torch.cuda.amp.autocast():
/home/norak/R&I/kxs-/train.py:169: FutureWarning: `torch.cuda.amp.autocast(args...)` is deprecated. Please use `torch.amp.autocast('cuda', args...)` instead.
  with torch.cuda.amp.autocast():
    epoch  2  train_loss=0.0772  val_loss=0.0520  val_qwk=0.6272  val_acc=0.5294
/home/norak/R&I/kxs-/train.py:148: FutureWarning: `torch.cuda.amp.autocast(args...)` is deprecated. Please use `torch.amp.autocast('cuda', args...)` instead.
  with torch.cuda.amp.autocast():
/home/norak/R&I/kxs-/train.py:169: FutureWarning: `torch.cuda.amp.autocast(args...)` is deprecated. Please use `torch.amp.autocast('cuda', args...)` instead.
  with torch.cuda.amp.autocast():
    epoch  3  train_loss=0.0699  val_loss=0.0545  val_qwk=0.5463  val_acc=0.5147
/home/norak/R&I/kxs-/train.py:148: FutureWarning: `torch.cuda.amp.autocast(args...)` is deprecated. Please use `torch.amp.autocast('cuda', args...)` instead.
  with torch.cuda.amp.autocast():
/home/norak/R&I/kxs-/train.py:169: FutureWarning: `torch.cuda.amp.autocast(args...)` is deprecated. Please use `torch.amp.autocast('cuda', args...)` instead.
  with torch.cuda.amp.autocast():
    epoch  4  train_loss=0.0528  val_loss=0.0472  val_qwk=0.6638  val_acc=0.5882
/home/norak/R&I/kxs-/train.py:148: FutureWarning: `torch.cuda.amp.autocast(args...)` is deprecated. Please use `torch.amp.autocast('cuda', args...)` instead.
  with torch.cuda.amp.autocast():
/home/norak/R&I/kxs-/train.py:169: FutureWarning: `torch.cuda.amp.autocast(args...)` is deprecated. Please use `torch.amp.autocast('cuda', args...)` instead.
  with torch.cuda.amp.autocast():
    epoch  5  train_loss=0.0492  val_loss=0.0424  val_qwk=0.6500  val_acc=0.5368
/home/norak/R&I/kxs-/train.py:148: FutureWarning: `torch.cuda.amp.autocast(args...)` is deprecated. Please use `torch.amp.autocast('cuda', args...)` instead.
  with torch.cuda.amp.autocast():
/home/norak/R&I/kxs-/train.py:169: FutureWarning: `torch.cuda.amp.autocast(args...)` is deprecated. Please use `torch.amp.autocast('cuda', args...)` instead.
  with torch.cuda.amp.autocast():
    epoch  6  train_loss=0.0446  val_loss=0.0423  val_qwk=0.6440  val_acc=0.5147
/home/norak/R&I/kxs-/train.py:148: FutureWarning: `torch.cuda.amp.autocast(args...)` is deprecated. Please use `torch.amp.autocast('cuda', args...)` instead.
  with torch.cuda.amp.autocast():
/home/norak/R&I/kxs-/train.py:169: FutureWarning: `torch.cuda.amp.autocast(args...)` is deprecated. Please use `torch.amp.autocast('cuda', args...)` instead.
  with torch.cuda.amp.autocast():
    epoch  7  train_loss=0.0387  val_loss=0.0274  val_qwk=0.7774  val_acc=0.6544
/home/norak/R&I/kxs-/train.py:148: FutureWarning: `torch.cuda.amp.autocast(args...)` is deprecated. Please use `torch.amp.autocast('cuda', args...)` instead.
  with torch.cuda.amp.autocast():
/home/norak/R&I/kxs-/train.py:169: FutureWarning: `torch.cuda.amp.autocast(args...)` is deprecated. Please use `torch.amp.autocast('cuda', args...)` instead.
  with torch.cuda.amp.autocast():
    epoch  8  train_loss=0.0368  val_loss=0.0288  val_qwk=0.7702  val_acc=0.5662
/home/norak/R&I/kxs-/train.py:148: FutureWarning: `torch.cuda.amp.autocast(args...)` is deprecated. Please use `torch.amp.autocast('cuda', args...)` instead.
  with torch.cuda.amp.autocast():
/home/norak/R&I/kxs-/train.py:169: FutureWarning: `torch.cuda.amp.autocast(args...)` is deprecated. Please use `torch.amp.autocast('cuda', args...)` instead.
  with torch.cuda.amp.autocast():
    epoch  9  train_loss=0.0349  val_loss=0.0296  val_qwk=0.7590  val_acc=0.6324
/home/norak/R&I/kxs-/train.py:148: FutureWarning: `torch.cuda.amp.autocast(args...)` is deprecated. Please use `torch.amp.autocast('cuda', args...)` instead.
  with torch.cuda.amp.autocast():
/home/norak/R&I/kxs-/train.py:169: FutureWarning: `torch.cuda.amp.autocast(args...)` is deprecated. Please use `torch.amp.autocast('cuda', args...)` instead.
  with torch.cuda.amp.autocast():
    epoch 10  train_loss=0.0300  val_loss=0.0264  val_qwk=0.7594  val_acc=0.5809
/home/norak/R&I/kxs-/train.py:148: FutureWarning: `torch.cuda.amp.autocast(args...)` is deprecated. Please use `torch.amp.autocast('cuda', args...)` instead.
  with torch.cuda.amp.autocast():
/home/norak/R&I/kxs-/train.py:169: FutureWarning: `torch.cuda.amp.autocast(args...)` is deprecated. Please use `torch.amp.autocast('cuda', args...)` instead.
  with torch.cuda.amp.autocast():
    epoch 11  train_loss=0.0332  val_loss=0.0272  val_qwk=0.7897  val_acc=0.6765
/home/norak/R&I/kxs-/train.py:148: FutureWarning: `torch.cuda.amp.autocast(args...)` is deprecated. Please use `torch.amp.autocast('cuda', args...)` instead.
  with torch.cuda.amp.autocast():
/home/norak/R&I/kxs-/train.py:169: FutureWarning: `torch.cuda.amp.autocast(args...)` is deprecated. Please use `torch.amp.autocast('cuda', args...)` instead.
  with torch.cuda.amp.autocast():
    epoch 12  train_loss=0.0269  val_loss=0.0280  val_qwk=0.8001  val_acc=0.6912
/home/norak/R&I/kxs-/train.py:148: FutureWarning: `torch.cuda.amp.autocast(args...)` is deprecated. Please use `torch.amp.autocast('cuda', args...)` instead.
  with torch.cuda.amp.autocast():
/home/norak/R&I/kxs-/train.py:169: FutureWarning: `torch.cuda.amp.autocast(args...)` is deprecated. Please use `torch.amp.autocast('cuda', args...)` instead.
  with torch.cuda.amp.autocast():
    epoch 13  train_loss=0.0242  val_loss=0.0272  val_qwk=0.7887  val_acc=0.6838
/home/norak/R&I/kxs-/train.py:148: FutureWarning: `torch.cuda.amp.autocast(args...)` is deprecated. Please use `torch.amp.autocast('cuda', args...)` instead.
  with torch.cuda.amp.autocast():
/home/norak/R&I/kxs-/train.py:169: FutureWarning: `torch.cuda.amp.autocast(args...)` is deprecated. Please use `torch.amp.autocast('cuda', args...)` instead.
  with torch.cuda.amp.autocast():
    epoch 14  train_loss=0.0218  val_loss=0.0257  val_qwk=0.8188  val_acc=0.6912
/home/norak/R&I/kxs-/train.py:148: FutureWarning: `torch.cuda.amp.autocast(args...)` is deprecated. Please use `torch.amp.autocast('cuda', args...)` instead.
  with torch.cuda.amp.autocast():
/home/norak/R&I/kxs-/train.py:169: FutureWarning: `torch.cuda.amp.autocast(args...)` is deprecated. Please use `torch.amp.autocast('cuda', args...)` instead.
  with torch.cuda.amp.autocast():
    epoch 15  train_loss=0.0202  val_loss=0.0248  val_qwk=0.8244  val_acc=0.6838
/home/norak/R&I/kxs-/train.py:148: FutureWarning: `torch.cuda.amp.autocast(args...)` is deprecated. Please use `torch.amp.autocast('cuda', args...)` instead.
  with torch.cuda.amp.autocast():
/home/norak/R&I/kxs-/train.py:169: FutureWarning: `torch.cuda.amp.autocast(args...)` is deprecated. Please use `torch.amp.autocast('cuda', args...)` instead.
  with torch.cuda.amp.autocast():
    epoch 16  train_loss=0.0178  val_loss=0.0224  val_qwk=0.8500  val_acc=0.7574
/home/norak/R&I/kxs-/train.py:148: FutureWarning: `torch.cuda.amp.autocast(args...)` is deprecated. Please use `torch.amp.autocast('cuda', args...)` instead.
  with torch.cuda.amp.autocast():
/home/norak/R&I/kxs-/train.py:169: FutureWarning: `torch.cuda.amp.autocast(args...)` is deprecated. Please use `torch.amp.autocast('cuda', args...)` instead.
  with torch.cuda.amp.autocast():
    epoch 17  train_loss=0.0193  val_loss=0.0241  val_qwk=0.8457  val_acc=0.6985
/home/norak/R&I/kxs-/train.py:148: FutureWarning: `torch.cuda.amp.autocast(args...)` is deprecated. Please use `torch.amp.autocast('cuda', args...)` instead.
  with torch.cuda.amp.autocast():
/home/norak/R&I/kxs-/train.py:169: FutureWarning: `torch.cuda.amp.autocast(args...)` is deprecated. Please use `torch.amp.autocast('cuda', args...)` instead.
  with torch.cuda.amp.autocast():
    epoch 18  train_loss=0.0167  val_loss=0.0253  val_qwk=0.8463  val_acc=0.7353
/home/norak/R&I/kxs-/train.py:148: FutureWarning: `torch.cuda.amp.autocast(args...)` is deprecated. Please use `torch.amp.autocast('cuda', args...)` instead.
  with torch.cuda.amp.autocast():
/home/norak/R&I/kxs-/train.py:169: FutureWarning: `torch.cuda.amp.autocast(args...)` is deprecated. Please use `torch.amp.autocast('cuda', args...)` instead.
  with torch.cuda.amp.autocast():
    epoch 19  train_loss=0.0162  val_loss=0.0269  val_qwk=0.8029  val_acc=0.6765
/home/norak/R&I/kxs-/train.py:148: FutureWarning: `torch.cuda.amp.autocast(args...)` is deprecated. Please use `torch.amp.autocast('cuda', args...)` instead.
  with torch.cuda.amp.autocast():
/home/norak/R&I/kxs-/train.py:169: FutureWarning: `torch.cuda.amp.autocast(args...)` is deprecated. Please use `torch.amp.autocast('cuda', args...)` instead.
  with torch.cuda.amp.autocast():
    epoch 20  train_loss=0.0155  val_loss=0.0249  val_qwk=0.8294  val_acc=0.6838
    early-stop at epoch 20 (best epoch=16, best_qwk=0.8500)
/home/norak/R&I/kxs-/train.py:169: FutureWarning: `torch.cuda.amp.autocast(args...)` is deprecated. Please use `torch.amp.autocast('cuda', args...)` instead.
  with torch.cuda.amp.autocast():
/home/norak/R&I/kxs-/train.py:169: FutureWarning: `torch.cuda.amp.autocast(args...)` is deprecated. Please use `torch.amp.autocast('cuda', args...)` instead.
  with torch.cuda.amp.autocast():
/home/norak/R&I/kxs-/train.py:169: FutureWarning: `torch.cuda.amp.autocast(args...)` is deprecated. Please use `torch.amp.autocast('cuda', args...)` instead.
  with torch.cuda.amp.autocast():
  [clean_ra_dual_xlmr_maxfeat              ] train_qwk=0.9072 -> test_qwk=0.8321  raw_w1=0.7299  epoch=16  (120.0s)
Loading weights:   0%|          | 0/136 [00:00<?, ?it/s]Loading weights:   3%|▎         | 4/136 [00:00<00:03, 33.94it/s]Loading weights: 100%|██████████| 136/136 [00:00<00:00, 920.62it/s]
[transformers] [1mNewModel LOAD REPORT[0m from: Alibaba-NLP/gte-multilingual-base
Key               | Status     |  | 
------------------+------------+--+-
classifier.weight | UNEXPECTED |  | 
classifier.bias   | UNEXPECTED |  | 

Notes:
- UNEXPECTED:	can be ignored when loading from different task/architecture; not ok if you expect identical arch.
/home/norak/R&I/kxs-/train.py:206: FutureWarning: `torch.cuda.amp.GradScaler(args...)` is deprecated. Please use `torch.amp.GradScaler('cuda', args...)` instead.
  scaler = torch.cuda.amp.GradScaler() if use_amp and device == "cuda" else None
/home/norak/R&I/kxs-/train.py:148: FutureWarning: `torch.cuda.amp.autocast(args...)` is deprecated. Please use `torch.amp.autocast('cuda', args...)` instead.
  with torch.cuda.amp.autocast():
/home/norak/R&I/kxs-/train.py:169: FutureWarning: `torch.cuda.amp.autocast(args...)` is deprecated. Please use `torch.amp.autocast('cuda', args...)` instead.
  with torch.cuda.amp.autocast():
    epoch  1  train_loss=0.0732  val_loss=0.0399  val_qwk=0.6419  val_acc=0.5147
/home/norak/R&I/kxs-/train.py:148: FutureWarning: `torch.cuda.amp.autocast(args...)` is deprecated. Please use `torch.amp.autocast('cuda', args...)` instead.
  with torch.cuda.amp.autocast():
/home/norak/R&I/kxs-/train.py:169: FutureWarning: `torch.cuda.amp.autocast(args...)` is deprecated. Please use `torch.amp.autocast('cuda', args...)` instead.
  with torch.cuda.amp.autocast():
    epoch  2  train_loss=0.0429  val_loss=0.0338  val_qwk=0.7187  val_acc=0.6471
/home/norak/R&I/kxs-/train.py:148: FutureWarning: `torch.cuda.amp.autocast(args...)` is deprecated. Please use `torch.amp.autocast('cuda', args...)` instead.
  with torch.cuda.amp.autocast():
/home/norak/R&I/kxs-/train.py:169: FutureWarning: `torch.cuda.amp.autocast(args...)` is deprecated. Please use `torch.amp.autocast('cuda', args...)` instead.
  with torch.cuda.amp.autocast():
    epoch  3  train_loss=0.0318  val_loss=0.0265  val_qwk=0.8044  val_acc=0.6250
/home/norak/R&I/kxs-/train.py:148: FutureWarning: `torch.cuda.amp.autocast(args...)` is deprecated. Please use `torch.amp.autocast('cuda', args...)` instead.
  with torch.cuda.amp.autocast():
/home/norak/R&I/kxs-/train.py:169: FutureWarning: `torch.cuda.amp.autocast(args...)` is deprecated. Please use `torch.amp.autocast('cuda', args...)` instead.
  with torch.cuda.amp.autocast():
    epoch  4  train_loss=0.0253  val_loss=0.0235  val_qwk=0.8282  val_acc=0.6618
/home/norak/R&I/kxs-/train.py:148: FutureWarning: `torch.cuda.amp.autocast(args...)` is deprecated. Please use `torch.amp.autocast('cuda', args...)` instead.
  with torch.cuda.amp.autocast():
/home/norak/R&I/kxs-/train.py:169: FutureWarning: `torch.cuda.amp.autocast(args...)` is deprecated. Please use `torch.amp.autocast('cuda', args...)` instead.
  with torch.cuda.amp.autocast():
    epoch  5  train_loss=0.0201  val_loss=0.0220  val_qwk=0.8683  val_acc=0.7647
/home/norak/R&I/kxs-/train.py:148: FutureWarning: `torch.cuda.amp.autocast(args...)` is deprecated. Please use `torch.amp.autocast('cuda', args...)` instead.
  with torch.cuda.amp.autocast():
/home/norak/R&I/kxs-/train.py:169: FutureWarning: `torch.cuda.amp.autocast(args...)` is deprecated. Please use `torch.amp.autocast('cuda', args...)` instead.
  with torch.cuda.amp.autocast():
    epoch  6  train_loss=0.0158  val_loss=0.0193  val_qwk=0.8687  val_acc=0.7353
/home/norak/R&I/kxs-/train.py:148: FutureWarning: `torch.cuda.amp.autocast(args...)` is deprecated. Please use `torch.amp.autocast('cuda', args...)` instead.
  with torch.cuda.amp.autocast():
/home/norak/R&I/kxs-/train.py:169: FutureWarning: `torch.cuda.amp.autocast(args...)` is deprecated. Please use `torch.amp.autocast('cuda', args...)` instead.
  with torch.cuda.amp.autocast():
    epoch  7  train_loss=0.0134  val_loss=0.0203  val_qwk=0.8463  val_acc=0.6765
/home/norak/R&I/kxs-/train.py:148: FutureWarning: `torch.cuda.amp.autocast(args...)` is deprecated. Please use `torch.amp.autocast('cuda', args...)` instead.
  with torch.cuda.amp.autocast():
/home/norak/R&I/kxs-/train.py:169: FutureWarning: `torch.cuda.amp.autocast(args...)` is deprecated. Please use `torch.amp.autocast('cuda', args...)` instead.
  with torch.cuda.amp.autocast():
    epoch  8  train_loss=0.0114  val_loss=0.0200  val_qwk=0.8843  val_acc=0.7574
/home/norak/R&I/kxs-/train.py:148: FutureWarning: `torch.cuda.amp.autocast(args...)` is deprecated. Please use `torch.amp.autocast('cuda', args...)` instead.
  with torch.cuda.amp.autocast():
/home/norak/R&I/kxs-/train.py:169: FutureWarning: `torch.cuda.amp.autocast(args...)` is deprecated. Please use `torch.amp.autocast('cuda', args...)` instead.
  with torch.cuda.amp.autocast():
    epoch  9  train_loss=0.0105  val_loss=0.0216  val_qwk=0.8788  val_acc=0.7941
/home/norak/R&I/kxs-/train.py:148: FutureWarning: `torch.cuda.amp.autocast(args...)` is deprecated. Please use `torch.amp.autocast('cuda', args...)` instead.
  with torch.cuda.amp.autocast():
/home/norak/R&I/kxs-/train.py:169: FutureWarning: `torch.cuda.amp.autocast(args...)` is deprecated. Please use `torch.amp.autocast('cuda', args...)` instead.
  with torch.cuda.amp.autocast():
    epoch 10  train_loss=0.0095  val_loss=0.0194  val_qwk=0.8773  val_acc=0.7353
/home/norak/R&I/kxs-/train.py:148: FutureWarning: `torch.cuda.amp.autocast(args...)` is deprecated. Please use `torch.amp.autocast('cuda', args...)` instead.
  with torch.cuda.amp.autocast():
/home/norak/R&I/kxs-/train.py:169: FutureWarning: `torch.cuda.amp.autocast(args...)` is deprecated. Please use `torch.amp.autocast('cuda', args...)` instead.
  with torch.cuda.amp.autocast():
    epoch 11  train_loss=0.0091  val_loss=0.0193  val_qwk=0.8953  val_acc=0.7794
/home/norak/R&I/kxs-/train.py:148: FutureWarning: `torch.cuda.amp.autocast(args...)` is deprecated. Please use `torch.amp.autocast('cuda', args...)` instead.
  with torch.cuda.amp.autocast():
/home/norak/R&I/kxs-/train.py:169: FutureWarning: `torch.cuda.amp.autocast(args...)` is deprecated. Please use `torch.amp.autocast('cuda', args...)` instead.
  with torch.cuda.amp.autocast():
    epoch 12  train_loss=0.0072  val_loss=0.0195  val_qwk=0.8913  val_acc=0.7721
/home/norak/R&I/kxs-/train.py:148: FutureWarning: `torch.cuda.amp.autocast(args...)` is deprecated. Please use `torch.amp.autocast('cuda', args...)` instead.
  with torch.cuda.amp.autocast():
/home/norak/R&I/kxs-/train.py:169: FutureWarning: `torch.cuda.amp.autocast(args...)` is deprecated. Please use `torch.amp.autocast('cuda', args...)` instead.
  with torch.cuda.amp.autocast():
    epoch 13  train_loss=0.0075  val_loss=0.0183  val_qwk=0.8721  val_acc=0.7721
/home/norak/R&I/kxs-/train.py:148: FutureWarning: `torch.cuda.amp.autocast(args...)` is deprecated. Please use `torch.amp.autocast('cuda', args...)` instead.
  with torch.cuda.amp.autocast():
/home/norak/R&I/kxs-/train.py:169: FutureWarning: `torch.cuda.amp.autocast(args...)` is deprecated. Please use `torch.amp.autocast('cuda', args...)` instead.
  with torch.cuda.amp.autocast():
    epoch 14  train_loss=0.0069  val_loss=0.0191  val_qwk=0.8703  val_acc=0.7353
/home/norak/R&I/kxs-/train.py:148: FutureWarning: `torch.cuda.amp.autocast(args...)` is deprecated. Please use `torch.amp.autocast('cuda', args...)` instead.
  with torch.cuda.amp.autocast():
/home/norak/R&I/kxs-/train.py:169: FutureWarning: `torch.cuda.amp.autocast(args...)` is deprecated. Please use `torch.amp.autocast('cuda', args...)` instead.
  with torch.cuda.amp.autocast():
    epoch 15  train_loss=0.0066  val_loss=0.0198  val_qwk=0.8901  val_acc=0.7721
    early-stop at epoch 15 (best epoch=11, best_qwk=0.8953)
/home/norak/R&I/kxs-/train.py:169: FutureWarning: `torch.cuda.amp.autocast(args...)` is deprecated. Please use `torch.amp.autocast('cuda', args...)` instead.
  with torch.cuda.amp.autocast():
/home/norak/R&I/kxs-/train.py:169: FutureWarning: `torch.cuda.amp.autocast(args...)` is deprecated. Please use `torch.amp.autocast('cuda', args...)` instead.
  with torch.cuda.amp.autocast():
/home/norak/R&I/kxs-/train.py:169: FutureWarning: `torch.cuda.amp.autocast(args...)` is deprecated. Please use `torch.amp.autocast('cuda', args...)` instead.
  with torch.cuda.amp.autocast():
  [clean_ra_dual_gte_maxfeat               ] train_qwk=0.9495 -> test_qwk=0.8312  raw_w1=0.7737  epoch=11  (109.4s)
Loading weights:   0%|          | 0/199 [00:00<?, ?it/s]Loading weights: 100%|██████████| 199/199 [00:00<00:00, 3081.52it/s]
[transformers] [1mBertModel LOAD REPORT[0m from: bert-base-multilingual-cased
Key                                        | Status     |  | 
-------------------------------------------+------------+--+-
cls.seq_relationship.weight                | UNEXPECTED |  | 
cls.predictions.transform.LayerNorm.weight | UNEXPECTED |  | 
cls.predictions.transform.dense.bias       | UNEXPECTED |  | 
cls.predictions.transform.dense.weight     | UNEXPECTED |  | 
cls.predictions.transform.LayerNorm.bias   | UNEXPECTED |  | 
cls.seq_relationship.bias                  | UNEXPECTED |  | 
cls.predictions.bias                       | UNEXPECTED |  | 

Notes:
- UNEXPECTED:	can be ignored when loading from different task/architecture; not ok if you expect identical arch.
/home/norak/R&I/kxs-/train.py:206: FutureWarning: `torch.cuda.amp.GradScaler(args...)` is deprecated. Please use `torch.amp.GradScaler('cuda', args...)` instead.
  scaler = torch.cuda.amp.GradScaler() if use_amp and device == "cuda" else None
/home/norak/R&I/kxs-/train.py:148: FutureWarning: `torch.cuda.amp.autocast(args...)` is deprecated. Please use `torch.amp.autocast('cuda', args...)` instead.
  with torch.cuda.amp.autocast():
/home/norak/R&I/kxs-/train.py:169: FutureWarning: `torch.cuda.amp.autocast(args...)` is deprecated. Please use `torch.amp.autocast('cuda', args...)` instead.
  with torch.cuda.amp.autocast():
    epoch  1  train_loss=0.0903  val_loss=0.0795  val_qwk=0.0763  val_acc=0.1471
/home/norak/R&I/kxs-/train.py:148: FutureWarning: `torch.cuda.amp.autocast(args...)` is deprecated. Please use `torch.amp.autocast('cuda', args...)` instead.
  with torch.cuda.amp.autocast():
/home/norak/R&I/kxs-/train.py:169: FutureWarning: `torch.cuda.amp.autocast(args...)` is deprecated. Please use `torch.amp.autocast('cuda', args...)` instead.
  with torch.cuda.amp.autocast():
    epoch  2  train_loss=0.0748  val_loss=0.0769  val_qwk=0.2071  val_acc=0.2941
/home/norak/R&I/kxs-/train.py:148: FutureWarning: `torch.cuda.amp.autocast(args...)` is deprecated. Please use `torch.amp.autocast('cuda', args...)` instead.
  with torch.cuda.amp.autocast():
/home/norak/R&I/kxs-/train.py:169: FutureWarning: `torch.cuda.amp.autocast(args...)` is deprecated. Please use `torch.amp.autocast('cuda', args...)` instead.
  with torch.cuda.amp.autocast():
    epoch  3  train_loss=0.0756  val_loss=0.0713  val_qwk=0.2746  val_acc=0.2941
/home/norak/R&I/kxs-/train.py:148: FutureWarning: `torch.cuda.amp.autocast(args...)` is deprecated. Please use `torch.amp.autocast('cuda', args...)` instead.
  with torch.cuda.amp.autocast():
/home/norak/R&I/kxs-/train.py:169: FutureWarning: `torch.cuda.amp.autocast(args...)` is deprecated. Please use `torch.amp.autocast('cuda', args...)` instead.
  with torch.cuda.amp.autocast():
    epoch  4  train_loss=0.0647  val_loss=0.0641  val_qwk=0.4957  val_acc=0.3824
/home/norak/R&I/kxs-/train.py:148: FutureWarning: `torch.cuda.amp.autocast(args...)` is deprecated. Please use `torch.amp.autocast('cuda', args...)` instead.
  with torch.cuda.amp.autocast():
/home/norak/R&I/kxs-/train.py:169: FutureWarning: `torch.cuda.amp.autocast(args...)` is deprecated. Please use `torch.amp.autocast('cuda', args...)` instead.
  with torch.cuda.amp.autocast():
    epoch  5  train_loss=0.0632  val_loss=0.0645  val_qwk=0.5295  val_acc=0.3897
/home/norak/R&I/kxs-/train.py:148: FutureWarning: `torch.cuda.amp.autocast(args...)` is deprecated. Please use `torch.amp.autocast('cuda', args...)` instead.
  with torch.cuda.amp.autocast():
/home/norak/R&I/kxs-/train.py:169: FutureWarning: `torch.cuda.amp.autocast(args...)` is deprecated. Please use `torch.amp.autocast('cuda', args...)` instead.
  with torch.cuda.amp.autocast():
    epoch  6  train_loss=0.0587  val_loss=0.0597  val_qwk=0.5670  val_acc=0.5074
/home/norak/R&I/kxs-/train.py:148: FutureWarning: `torch.cuda.amp.autocast(args...)` is deprecated. Please use `torch.amp.autocast('cuda', args...)` instead.
  with torch.cuda.amp.autocast():
/home/norak/R&I/kxs-/train.py:169: FutureWarning: `torch.cuda.amp.autocast(args...)` is deprecated. Please use `torch.amp.autocast('cuda', args...)` instead.
  with torch.cuda.amp.autocast():
    epoch  7  train_loss=0.0542  val_loss=0.0520  val_qwk=0.5447  val_acc=0.3971
/home/norak/R&I/kxs-/train.py:148: FutureWarning: `torch.cuda.amp.autocast(args...)` is deprecated. Please use `torch.amp.autocast('cuda', args...)` instead.
  with torch.cuda.amp.autocast():
/home/norak/R&I/kxs-/train.py:169: FutureWarning: `torch.cuda.amp.autocast(args...)` is deprecated. Please use `torch.amp.autocast('cuda', args...)` instead.
  with torch.cuda.amp.autocast():
    epoch  8  train_loss=0.0566  val_loss=0.0573  val_qwk=0.5314  val_acc=0.4338
/home/norak/R&I/kxs-/train.py:148: FutureWarning: `torch.cuda.amp.autocast(args...)` is deprecated. Please use `torch.amp.autocast('cuda', args...)` instead.
  with torch.cuda.amp.autocast():
/home/norak/R&I/kxs-/train.py:169: FutureWarning: `torch.cuda.amp.autocast(args...)` is deprecated. Please use `torch.amp.autocast('cuda', args...)` instead.
  with torch.cuda.amp.autocast():
    epoch  9  train_loss=0.0543  val_loss=0.0553  val_qwk=0.5961  val_acc=0.6103
/home/norak/R&I/kxs-/train.py:148: FutureWarning: `torch.cuda.amp.autocast(args...)` is deprecated. Please use `torch.amp.autocast('cuda', args...)` instead.
  with torch.cuda.amp.autocast():
/home/norak/R&I/kxs-/train.py:169: FutureWarning: `torch.cuda.amp.autocast(args...)` is deprecated. Please use `torch.amp.autocast('cuda', args...)` instead.
  with torch.cuda.amp.autocast():
    epoch 10  train_loss=0.0506  val_loss=0.0532  val_qwk=0.6520  val_acc=0.6103
/home/norak/R&I/kxs-/train.py:148: FutureWarning: `torch.cuda.amp.autocast(args...)` is deprecated. Please use `torch.amp.autocast('cuda', args...)` instead.
  with torch.cuda.amp.autocast():
/home/norak/R&I/kxs-/train.py:169: FutureWarning: `torch.cuda.amp.autocast(args...)` is deprecated. Please use `torch.amp.autocast('cuda', args...)` instead.
  with torch.cuda.amp.autocast():
    epoch 11  train_loss=0.0500  val_loss=0.0504  val_qwk=0.6118  val_acc=0.5809
/home/norak/R&I/kxs-/train.py:148: FutureWarning: `torch.cuda.amp.autocast(args...)` is deprecated. Please use `torch.amp.autocast('cuda', args...)` instead.
  with torch.cuda.amp.autocast():
/home/norak/R&I/kxs-/train.py:169: FutureWarning: `torch.cuda.amp.autocast(args...)` is deprecated. Please use `torch.amp.autocast('cuda', args...)` instead.
  with torch.cuda.amp.autocast():
    epoch 12  train_loss=0.0493  val_loss=0.0475  val_qwk=0.6773  val_acc=0.6471
/home/norak/R&I/kxs-/train.py:148: FutureWarning: `torch.cuda.amp.autocast(args...)` is deprecated. Please use `torch.amp.autocast('cuda', args...)` instead.
  with torch.cuda.amp.autocast():
/home/norak/R&I/kxs-/train.py:169: FutureWarning: `torch.cuda.amp.autocast(args...)` is deprecated. Please use `torch.amp.autocast('cuda', args...)` instead.
  with torch.cuda.amp.autocast():
    epoch 13  train_loss=0.0525  val_loss=0.0557  val_qwk=0.5938  val_acc=0.5662
/home/norak/R&I/kxs-/train.py:148: FutureWarning: `torch.cuda.amp.autocast(args...)` is deprecated. Please use `torch.amp.autocast('cuda', args...)` instead.
  with torch.cuda.amp.autocast():
/home/norak/R&I/kxs-/train.py:169: FutureWarning: `torch.cuda.amp.autocast(args...)` is deprecated. Please use `torch.amp.autocast('cuda', args...)` instead.
  with torch.cuda.amp.autocast():
    epoch 14  train_loss=0.0522  val_loss=0.0471  val_qwk=0.6399  val_acc=0.5588
/home/norak/R&I/kxs-/train.py:148: FutureWarning: `torch.cuda.amp.autocast(args...)` is deprecated. Please use `torch.amp.autocast('cuda', args...)` instead.
  with torch.cuda.amp.autocast():
/home/norak/R&I/kxs-/train.py:169: FutureWarning: `torch.cuda.amp.autocast(args...)` is deprecated. Please use `torch.amp.autocast('cuda', args...)` instead.
  with torch.cuda.amp.autocast():
    epoch 15  train_loss=0.0479  val_loss=0.0517  val_qwk=0.5891  val_acc=0.5368
/home/norak/R&I/kxs-/train.py:148: FutureWarning: `torch.cuda.amp.autocast(args...)` is deprecated. Please use `torch.amp.autocast('cuda', args...)` instead.
  with torch.cuda.amp.autocast():
/home/norak/R&I/kxs-/train.py:169: FutureWarning: `torch.cuda.amp.autocast(args...)` is deprecated. Please use `torch.amp.autocast('cuda', args...)` instead.
  with torch.cuda.amp.autocast():
    epoch 16  train_loss=0.0488  val_loss=0.0530  val_qwk=0.6179  val_acc=0.6176
    early-stop at epoch 16 (best epoch=12, best_qwk=0.6773)
/home/norak/R&I/kxs-/train.py:169: FutureWarning: `torch.cuda.amp.autocast(args...)` is deprecated. Please use `torch.amp.autocast('cuda', args...)` instead.
  with torch.cuda.amp.autocast():
/home/norak/R&I/kxs-/train.py:169: FutureWarning: `torch.cuda.amp.autocast(args...)` is deprecated. Please use `torch.amp.autocast('cuda', args...)` instead.
  with torch.cuda.amp.autocast():
/home/norak/R&I/kxs-/train.py:169: FutureWarning: `torch.cuda.amp.autocast(args...)` is deprecated. Please use `torch.amp.autocast('cuda', args...)` instead.
  with torch.cuda.amp.autocast():
  [clean_ra_cross_mbert_maxfeat            ] train_qwk=0.6939 -> test_qwk=0.6359  raw_w1=0.6569  epoch=12  (63.3s)
Loading weights:   0%|          | 0/199 [00:00<?, ?it/s]Loading weights: 100%|██████████| 199/199 [00:00<00:00, 2858.61it/s]
[transformers] [1mXLMRobertaModel LOAD REPORT[0m from: xlm-roberta-base
Key                       | Status     |  | 
--------------------------+------------+--+-
lm_head.layer_norm.weight | UNEXPECTED |  | 
lm_head.bias              | UNEXPECTED |  | 
lm_head.dense.bias        | UNEXPECTED |  | 
lm_head.layer_norm.bias   | UNEXPECTED |  | 
lm_head.dense.weight      | UNEXPECTED |  | 

Notes:
- UNEXPECTED:	can be ignored when loading from different task/architecture; not ok if you expect identical arch.
/home/norak/R&I/kxs-/train.py:206: FutureWarning: `torch.cuda.amp.GradScaler(args...)` is deprecated. Please use `torch.amp.GradScaler('cuda', args...)` instead.
  scaler = torch.cuda.amp.GradScaler() if use_amp and device == "cuda" else None
/home/norak/R&I/kxs-/train.py:148: FutureWarning: `torch.cuda.amp.autocast(args...)` is deprecated. Please use `torch.amp.autocast('cuda', args...)` instead.
  with torch.cuda.amp.autocast():
/home/norak/R&I/kxs-/train.py:169: FutureWarning: `torch.cuda.amp.autocast(args...)` is deprecated. Please use `torch.amp.autocast('cuda', args...)` instead.
  with torch.cuda.amp.autocast():
    epoch  1  train_loss=0.1048  val_loss=0.0763  val_qwk=0.0196  val_acc=0.1324
/home/norak/R&I/kxs-/train.py:148: FutureWarning: `torch.cuda.amp.autocast(args...)` is deprecated. Please use `torch.amp.autocast('cuda', args...)` instead.
  with torch.cuda.amp.autocast():
/home/norak/R&I/kxs-/train.py:169: FutureWarning: `torch.cuda.amp.autocast(args...)` is deprecated. Please use `torch.amp.autocast('cuda', args...)` instead.
  with torch.cuda.amp.autocast():
    epoch  2  train_loss=0.0705  val_loss=0.0481  val_qwk=0.6654  val_acc=0.5074
/home/norak/R&I/kxs-/train.py:148: FutureWarning: `torch.cuda.amp.autocast(args...)` is deprecated. Please use `torch.amp.autocast('cuda', args...)` instead.
  with torch.cuda.amp.autocast():
/home/norak/R&I/kxs-/train.py:169: FutureWarning: `torch.cuda.amp.autocast(args...)` is deprecated. Please use `torch.amp.autocast('cuda', args...)` instead.
  with torch.cuda.amp.autocast():
    epoch  3  train_loss=0.0564  val_loss=0.0494  val_qwk=0.5015  val_acc=0.4412
/home/norak/R&I/kxs-/train.py:148: FutureWarning: `torch.cuda.amp.autocast(args...)` is deprecated. Please use `torch.amp.autocast('cuda', args...)` instead.
  with torch.cuda.amp.autocast():
/home/norak/R&I/kxs-/train.py:169: FutureWarning: `torch.cuda.amp.autocast(args...)` is deprecated. Please use `torch.amp.autocast('cuda', args...)` instead.
  with torch.cuda.amp.autocast():
    epoch  4  train_loss=0.0496  val_loss=0.0388  val_qwk=0.6699  val_acc=0.4853
/home/norak/R&I/kxs-/train.py:148: FutureWarning: `torch.cuda.amp.autocast(args...)` is deprecated. Please use `torch.amp.autocast('cuda', args...)` instead.
  with torch.cuda.amp.autocast():
/home/norak/R&I/kxs-/train.py:169: FutureWarning: `torch.cuda.amp.autocast(args...)` is deprecated. Please use `torch.amp.autocast('cuda', args...)` instead.
  with torch.cuda.amp.autocast():
    epoch  5  train_loss=0.0436  val_loss=0.0359  val_qwk=0.7294  val_acc=0.5882
/home/norak/R&I/kxs-/train.py:148: FutureWarning: `torch.cuda.amp.autocast(args...)` is deprecated. Please use `torch.amp.autocast('cuda', args...)` instead.
  with torch.cuda.amp.autocast():
/home/norak/R&I/kxs-/train.py:169: FutureWarning: `torch.cuda.amp.autocast(args...)` is deprecated. Please use `torch.amp.autocast('cuda', args...)` instead.
  with torch.cuda.amp.autocast():
    epoch  6  train_loss=0.0396  val_loss=0.0321  val_qwk=0.7667  val_acc=0.5956
/home/norak/R&I/kxs-/train.py:148: FutureWarning: `torch.cuda.amp.autocast(args...)` is deprecated. Please use `torch.amp.autocast('cuda', args...)` instead.
  with torch.cuda.amp.autocast():
/home/norak/R&I/kxs-/train.py:169: FutureWarning: `torch.cuda.amp.autocast(args...)` is deprecated. Please use `torch.amp.autocast('cuda', args...)` instead.
  with torch.cuda.amp.autocast():
    epoch  7  train_loss=0.0375  val_loss=0.0267  val_qwk=0.7652  val_acc=0.6103
/home/norak/R&I/kxs-/train.py:148: FutureWarning: `torch.cuda.amp.autocast(args...)` is deprecated. Please use `torch.amp.autocast('cuda', args...)` instead.
  with torch.cuda.amp.autocast():
/home/norak/R&I/kxs-/train.py:169: FutureWarning: `torch.cuda.amp.autocast(args...)` is deprecated. Please use `torch.amp.autocast('cuda', args...)` instead.
  with torch.cuda.amp.autocast():
    epoch  8  train_loss=0.0332  val_loss=0.0279  val_qwk=0.8081  val_acc=0.6250
/home/norak/R&I/kxs-/train.py:148: FutureWarning: `torch.cuda.amp.autocast(args...)` is deprecated. Please use `torch.amp.autocast('cuda', args...)` instead.
  with torch.cuda.amp.autocast():
/home/norak/R&I/kxs-/train.py:169: FutureWarning: `torch.cuda.amp.autocast(args...)` is deprecated. Please use `torch.amp.autocast('cuda', args...)` instead.
  with torch.cuda.amp.autocast():
    epoch  9  train_loss=0.0319  val_loss=0.0242  val_qwk=0.8236  val_acc=0.6691
/home/norak/R&I/kxs-/train.py:148: FutureWarning: `torch.cuda.amp.autocast(args...)` is deprecated. Please use `torch.amp.autocast('cuda', args...)` instead.
  with torch.cuda.amp.autocast():
/home/norak/R&I/kxs-/train.py:169: FutureWarning: `torch.cuda.amp.autocast(args...)` is deprecated. Please use `torch.amp.autocast('cuda', args...)` instead.
  with torch.cuda.amp.autocast():
    epoch 10  train_loss=0.0277  val_loss=0.0284  val_qwk=0.8211  val_acc=0.6618
/home/norak/R&I/kxs-/train.py:148: FutureWarning: `torch.cuda.amp.autocast(args...)` is deprecated. Please use `torch.amp.autocast('cuda', args...)` instead.
  with torch.cuda.amp.autocast():
/home/norak/R&I/kxs-/train.py:169: FutureWarning: `torch.cuda.amp.autocast(args...)` is deprecated. Please use `torch.amp.autocast('cuda', args...)` instead.
  with torch.cuda.amp.autocast():
    epoch 11  train_loss=0.0242  val_loss=0.0280  val_qwk=0.8432  val_acc=0.7647
/home/norak/R&I/kxs-/train.py:148: FutureWarning: `torch.cuda.amp.autocast(args...)` is deprecated. Please use `torch.amp.autocast('cuda', args...)` instead.
  with torch.cuda.amp.autocast():
/home/norak/R&I/kxs-/train.py:169: FutureWarning: `torch.cuda.amp.autocast(args...)` is deprecated. Please use `torch.amp.autocast('cuda', args...)` instead.
  with torch.cuda.amp.autocast():
    epoch 12  train_loss=0.0247  val_loss=0.0228  val_qwk=0.8622  val_acc=0.7647
/home/norak/R&I/kxs-/train.py:148: FutureWarning: `torch.cuda.amp.autocast(args...)` is deprecated. Please use `torch.amp.autocast('cuda', args...)` instead.
  with torch.cuda.amp.autocast():
/home/norak/R&I/kxs-/train.py:169: FutureWarning: `torch.cuda.amp.autocast(args...)` is deprecated. Please use `torch.amp.autocast('cuda', args...)` instead.
  with torch.cuda.amp.autocast():
    epoch 13  train_loss=0.0234  val_loss=0.0217  val_qwk=0.8525  val_acc=0.7059
/home/norak/R&I/kxs-/train.py:148: FutureWarning: `torch.cuda.amp.autocast(args...)` is deprecated. Please use `torch.amp.autocast('cuda', args...)` instead.
  with torch.cuda.amp.autocast():
/home/norak/R&I/kxs-/train.py:169: FutureWarning: `torch.cuda.amp.autocast(args...)` is deprecated. Please use `torch.amp.autocast('cuda', args...)` instead.
  with torch.cuda.amp.autocast():
    epoch 14  train_loss=0.0201  val_loss=0.0214  val_qwk=0.8798  val_acc=0.7721
/home/norak/R&I/kxs-/train.py:148: FutureWarning: `torch.cuda.amp.autocast(args...)` is deprecated. Please use `torch.amp.autocast('cuda', args...)` instead.
  with torch.cuda.amp.autocast():
/home/norak/R&I/kxs-/train.py:169: FutureWarning: `torch.cuda.amp.autocast(args...)` is deprecated. Please use `torch.amp.autocast('cuda', args...)` instead.
  with torch.cuda.amp.autocast():
    epoch 15  train_loss=0.0181  val_loss=0.0239  val_qwk=0.8555  val_acc=0.7353
/home/norak/R&I/kxs-/train.py:148: FutureWarning: `torch.cuda.amp.autocast(args...)` is deprecated. Please use `torch.amp.autocast('cuda', args...)` instead.
  with torch.cuda.amp.autocast():
/home/norak/R&I/kxs-/train.py:169: FutureWarning: `torch.cuda.amp.autocast(args...)` is deprecated. Please use `torch.amp.autocast('cuda', args...)` instead.
  with torch.cuda.amp.autocast():
    epoch 16  train_loss=0.0189  val_loss=0.0246  val_qwk=0.8509  val_acc=0.7353
/home/norak/R&I/kxs-/train.py:148: FutureWarning: `torch.cuda.amp.autocast(args...)` is deprecated. Please use `torch.amp.autocast('cuda', args...)` instead.
  with torch.cuda.amp.autocast():
/home/norak/R&I/kxs-/train.py:169: FutureWarning: `torch.cuda.amp.autocast(args...)` is deprecated. Please use `torch.amp.autocast('cuda', args...)` instead.
  with torch.cuda.amp.autocast():
    epoch 17  train_loss=0.0175  val_loss=0.0233  val_qwk=0.8644  val_acc=0.7353
/home/norak/R&I/kxs-/train.py:148: FutureWarning: `torch.cuda.amp.autocast(args...)` is deprecated. Please use `torch.amp.autocast('cuda', args...)` instead.
  with torch.cuda.amp.autocast():
/home/norak/R&I/kxs-/train.py:169: FutureWarning: `torch.cuda.amp.autocast(args...)` is deprecated. Please use `torch.amp.autocast('cuda', args...)` instead.
  with torch.cuda.amp.autocast():
    epoch 18  train_loss=0.0151  val_loss=0.0231  val_qwk=0.8649  val_acc=0.7647
    early-stop at epoch 18 (best epoch=14, best_qwk=0.8798)
/home/norak/R&I/kxs-/train.py:169: FutureWarning: `torch.cuda.amp.autocast(args...)` is deprecated. Please use `torch.amp.autocast('cuda', args...)` instead.
  with torch.cuda.amp.autocast():
/home/norak/R&I/kxs-/train.py:169: FutureWarning: `torch.cuda.amp.autocast(args...)` is deprecated. Please use `torch.amp.autocast('cuda', args...)` instead.
  with torch.cuda.amp.autocast():
/home/norak/R&I/kxs-/train.py:169: FutureWarning: `torch.cuda.amp.autocast(args...)` is deprecated. Please use `torch.amp.autocast('cuda', args...)` instead.
  with torch.cuda.amp.autocast():
  [clean_ra_cross_xlmr_maxfeat             ] train_qwk=0.9092 -> test_qwk=0.8022  raw_w1=0.6715  epoch=14  (75.9s)
Loading weights:   0%|          | 0/136 [00:00<?, ?it/s]Loading weights:   3%|▎         | 4/136 [00:00<00:03, 34.40it/s]Loading weights: 100%|██████████| 136/136 [00:00<00:00, 1026.14it/s]
[transformers] [1mNewModel LOAD REPORT[0m from: Alibaba-NLP/gte-multilingual-base
Key               | Status     |  | 
------------------+------------+--+-
classifier.weight | UNEXPECTED |  | 
classifier.bias   | UNEXPECTED |  | 

Notes:
- UNEXPECTED:	can be ignored when loading from different task/architecture; not ok if you expect identical arch.
/home/norak/R&I/kxs-/train.py:206: FutureWarning: `torch.cuda.amp.GradScaler(args...)` is deprecated. Please use `torch.amp.GradScaler('cuda', args...)` instead.
  scaler = torch.cuda.amp.GradScaler() if use_amp and device == "cuda" else None
/home/norak/R&I/kxs-/train.py:148: FutureWarning: `torch.cuda.amp.autocast(args...)` is deprecated. Please use `torch.amp.autocast('cuda', args...)` instead.
  with torch.cuda.amp.autocast():
/home/norak/R&I/kxs-/train.py:169: FutureWarning: `torch.cuda.amp.autocast(args...)` is deprecated. Please use `torch.amp.autocast('cuda', args...)` instead.
  with torch.cuda.amp.autocast():
    epoch  1  train_loss=0.0816  val_loss=0.0489  val_qwk=0.6051  val_acc=0.4559
/home/norak/R&I/kxs-/train.py:148: FutureWarning: `torch.cuda.amp.autocast(args...)` is deprecated. Please use `torch.amp.autocast('cuda', args...)` instead.
  with torch.cuda.amp.autocast():
/home/norak/R&I/kxs-/train.py:169: FutureWarning: `torch.cuda.amp.autocast(args...)` is deprecated. Please use `torch.amp.autocast('cuda', args...)` instead.
  with torch.cuda.amp.autocast():
    epoch  2  train_loss=0.0547  val_loss=0.0409  val_qwk=0.6539  val_acc=0.5588
/home/norak/R&I/kxs-/train.py:148: FutureWarning: `torch.cuda.amp.autocast(args...)` is deprecated. Please use `torch.amp.autocast('cuda', args...)` instead.
  with torch.cuda.amp.autocast():
/home/norak/R&I/kxs-/train.py:169: FutureWarning: `torch.cuda.amp.autocast(args...)` is deprecated. Please use `torch.amp.autocast('cuda', args...)` instead.
  with torch.cuda.amp.autocast():
    epoch  3  train_loss=0.0471  val_loss=0.0353  val_qwk=0.7166  val_acc=0.6250
/home/norak/R&I/kxs-/train.py:148: FutureWarning: `torch.cuda.amp.autocast(args...)` is deprecated. Please use `torch.amp.autocast('cuda', args...)` instead.
  with torch.cuda.amp.autocast():
/home/norak/R&I/kxs-/train.py:169: FutureWarning: `torch.cuda.amp.autocast(args...)` is deprecated. Please use `torch.amp.autocast('cuda', args...)` instead.
  with torch.cuda.amp.autocast():
    epoch  4  train_loss=0.0368  val_loss=0.0269  val_qwk=0.8169  val_acc=0.6985
/home/norak/R&I/kxs-/train.py:148: FutureWarning: `torch.cuda.amp.autocast(args...)` is deprecated. Please use `torch.amp.autocast('cuda', args...)` instead.
  with torch.cuda.amp.autocast():
/home/norak/R&I/kxs-/train.py:169: FutureWarning: `torch.cuda.amp.autocast(args...)` is deprecated. Please use `torch.amp.autocast('cuda', args...)` instead.
  with torch.cuda.amp.autocast():
    epoch  5  train_loss=0.0308  val_loss=0.0244  val_qwk=0.8415  val_acc=0.7721
/home/norak/R&I/kxs-/train.py:148: FutureWarning: `torch.cuda.amp.autocast(args...)` is deprecated. Please use `torch.amp.autocast('cuda', args...)` instead.
  with torch.cuda.amp.autocast():
/home/norak/R&I/kxs-/train.py:169: FutureWarning: `torch.cuda.amp.autocast(args...)` is deprecated. Please use `torch.amp.autocast('cuda', args...)` instead.
  with torch.cuda.amp.autocast():
    epoch  6  train_loss=0.0285  val_loss=0.0254  val_qwk=0.8507  val_acc=0.7353
/home/norak/R&I/kxs-/train.py:148: FutureWarning: `torch.cuda.amp.autocast(args...)` is deprecated. Please use `torch.amp.autocast('cuda', args...)` instead.
  with torch.cuda.amp.autocast():
/home/norak/R&I/kxs-/train.py:169: FutureWarning: `torch.cuda.amp.autocast(args...)` is deprecated. Please use `torch.amp.autocast('cuda', args...)` instead.
  with torch.cuda.amp.autocast():
    epoch  7  train_loss=0.0231  val_loss=0.0225  val_qwk=0.8474  val_acc=0.7647
/home/norak/R&I/kxs-/train.py:148: FutureWarning: `torch.cuda.amp.autocast(args...)` is deprecated. Please use `torch.amp.autocast('cuda', args...)` instead.
  with torch.cuda.amp.autocast():
/home/norak/R&I/kxs-/train.py:169: FutureWarning: `torch.cuda.amp.autocast(args...)` is deprecated. Please use `torch.amp.autocast('cuda', args...)` instead.
  with torch.cuda.amp.autocast():
    epoch  8  train_loss=0.0206  val_loss=0.0232  val_qwk=0.8643  val_acc=0.7647
/home/norak/R&I/kxs-/train.py:148: FutureWarning: `torch.cuda.amp.autocast(args...)` is deprecated. Please use `torch.amp.autocast('cuda', args...)` instead.
  with torch.cuda.amp.autocast():
/home/norak/R&I/kxs-/train.py:169: FutureWarning: `torch.cuda.amp.autocast(args...)` is deprecated. Please use `torch.amp.autocast('cuda', args...)` instead.
  with torch.cuda.amp.autocast():
    epoch  9  train_loss=0.0196  val_loss=0.0210  val_qwk=0.8633  val_acc=0.7868
/home/norak/R&I/kxs-/train.py:148: FutureWarning: `torch.cuda.amp.autocast(args...)` is deprecated. Please use `torch.amp.autocast('cuda', args...)` instead.
  with torch.cuda.amp.autocast():
/home/norak/R&I/kxs-/train.py:169: FutureWarning: `torch.cuda.amp.autocast(args...)` is deprecated. Please use `torch.amp.autocast('cuda', args...)` instead.
  with torch.cuda.amp.autocast():
    epoch 10  train_loss=0.0169  val_loss=0.0224  val_qwk=0.8622  val_acc=0.7647
/home/norak/R&I/kxs-/train.py:148: FutureWarning: `torch.cuda.amp.autocast(args...)` is deprecated. Please use `torch.amp.autocast('cuda', args...)` instead.
  with torch.cuda.amp.autocast():
/home/norak/R&I/kxs-/train.py:169: FutureWarning: `torch.cuda.amp.autocast(args...)` is deprecated. Please use `torch.amp.autocast('cuda', args...)` instead.
  with torch.cuda.amp.autocast():
    epoch 11  train_loss=0.0153  val_loss=0.0243  val_qwk=0.8345  val_acc=0.7574
/home/norak/R&I/kxs-/train.py:148: FutureWarning: `torch.cuda.amp.autocast(args...)` is deprecated. Please use `torch.amp.autocast('cuda', args...)` instead.
  with torch.cuda.amp.autocast():
/home/norak/R&I/kxs-/train.py:169: FutureWarning: `torch.cuda.amp.autocast(args...)` is deprecated. Please use `torch.amp.autocast('cuda', args...)` instead.
  with torch.cuda.amp.autocast():
    epoch 12  train_loss=0.0137  val_loss=0.0244  val_qwk=0.8434  val_acc=0.7794
    early-stop at epoch 12 (best epoch=8, best_qwk=0.8643)
/home/norak/R&I/kxs-/train.py:169: FutureWarning: `torch.cuda.amp.autocast(args...)` is deprecated. Please use `torch.amp.autocast('cuda', args...)` instead.
  with torch.cuda.amp.autocast():
/home/norak/R&I/kxs-/train.py:169: FutureWarning: `torch.cuda.amp.autocast(args...)` is deprecated. Please use `torch.amp.autocast('cuda', args...)` instead.
  with torch.cuda.amp.autocast():
/home/norak/R&I/kxs-/train.py:169: FutureWarning: `torch.cuda.amp.autocast(args...)` is deprecated. Please use `torch.amp.autocast('cuda', args...)` instead.
  with torch.cuda.amp.autocast():
  [clean_ra_cross_gte_maxfeat              ] train_qwk=0.8645 -> test_qwk=0.7640  raw_w1=0.7226  epoch=8  (62.3s)
Loading weights:   0%|          | 0/199 [00:00<?, ?it/s]Loading weights: 100%|██████████| 199/199 [00:00<00:00, 3079.40it/s]
[transformers] [1mBertModel LOAD REPORT[0m from: bert-base-multilingual-cased
Key                                        | Status     |  | 
-------------------------------------------+------------+--+-
cls.seq_relationship.weight                | UNEXPECTED |  | 
cls.predictions.transform.LayerNorm.weight | UNEXPECTED |  | 
cls.predictions.transform.dense.bias       | UNEXPECTED |  | 
cls.predictions.transform.dense.weight     | UNEXPECTED |  | 
cls.predictions.transform.LayerNorm.bias   | UNEXPECTED |  | 
cls.seq_relationship.bias                  | UNEXPECTED |  | 
cls.predictions.bias                       | UNEXPECTED |  | 

Notes:
- UNEXPECTED:	can be ignored when loading from different task/architecture; not ok if you expect identical arch.
/home/norak/R&I/kxs-/train.py:206: FutureWarning: `torch.cuda.amp.GradScaler(args...)` is deprecated. Please use `torch.amp.GradScaler('cuda', args...)` instead.
  scaler = torch.cuda.amp.GradScaler() if use_amp and device == "cuda" else None
/home/norak/R&I/kxs-/train.py:148: FutureWarning: `torch.cuda.amp.autocast(args...)` is deprecated. Please use `torch.amp.autocast('cuda', args...)` instead.
  with torch.cuda.amp.autocast():
/home/norak/R&I/kxs-/train.py:169: FutureWarning: `torch.cuda.amp.autocast(args...)` is deprecated. Please use `torch.amp.autocast('cuda', args...)` instead.
  with torch.cuda.amp.autocast():
    epoch  1  train_loss=0.0796  val_loss=0.0606  val_qwk=0.3307  val_acc=0.2721
/home/norak/R&I/kxs-/train.py:148: FutureWarning: `torch.cuda.amp.autocast(args...)` is deprecated. Please use `torch.amp.autocast('cuda', args...)` instead.
  with torch.cuda.amp.autocast():
/home/norak/R&I/kxs-/train.py:169: FutureWarning: `torch.cuda.amp.autocast(args...)` is deprecated. Please use `torch.amp.autocast('cuda', args...)` instead.
  with torch.cuda.amp.autocast():
    epoch  2  train_loss=0.0592  val_loss=0.0562  val_qwk=0.5917  val_acc=0.4632
/home/norak/R&I/kxs-/train.py:148: FutureWarning: `torch.cuda.amp.autocast(args...)` is deprecated. Please use `torch.amp.autocast('cuda', args...)` instead.
  with torch.cuda.amp.autocast():
/home/norak/R&I/kxs-/train.py:169: FutureWarning: `torch.cuda.amp.autocast(args...)` is deprecated. Please use `torch.amp.autocast('cuda', args...)` instead.
  with torch.cuda.amp.autocast():
    epoch  3  train_loss=0.0529  val_loss=0.0443  val_qwk=0.6125  val_acc=0.5368
/home/norak/R&I/kxs-/train.py:148: FutureWarning: `torch.cuda.amp.autocast(args...)` is deprecated. Please use `torch.amp.autocast('cuda', args...)` instead.
  with torch.cuda.amp.autocast():
/home/norak/R&I/kxs-/train.py:169: FutureWarning: `torch.cuda.amp.autocast(args...)` is deprecated. Please use `torch.amp.autocast('cuda', args...)` instead.
  with torch.cuda.amp.autocast():
    epoch  4  train_loss=0.0501  val_loss=0.0452  val_qwk=0.6303  val_acc=0.5221
/home/norak/R&I/kxs-/train.py:148: FutureWarning: `torch.cuda.amp.autocast(args...)` is deprecated. Please use `torch.amp.autocast('cuda', args...)` instead.
  with torch.cuda.amp.autocast():
/home/norak/R&I/kxs-/train.py:169: FutureWarning: `torch.cuda.amp.autocast(args...)` is deprecated. Please use `torch.amp.autocast('cuda', args...)` instead.
  with torch.cuda.amp.autocast():
    epoch  5  train_loss=0.0505  val_loss=0.0446  val_qwk=0.6218  val_acc=0.5368
/home/norak/R&I/kxs-/train.py:148: FutureWarning: `torch.cuda.amp.autocast(args...)` is deprecated. Please use `torch.amp.autocast('cuda', args...)` instead.
  with torch.cuda.amp.autocast():
/home/norak/R&I/kxs-/train.py:169: FutureWarning: `torch.cuda.amp.autocast(args...)` is deprecated. Please use `torch.amp.autocast('cuda', args...)` instead.
  with torch.cuda.amp.autocast():
    epoch  6  train_loss=0.0497  val_loss=0.0475  val_qwk=0.5911  val_acc=0.4632
/home/norak/R&I/kxs-/train.py:148: FutureWarning: `torch.cuda.amp.autocast(args...)` is deprecated. Please use `torch.amp.autocast('cuda', args...)` instead.
  with torch.cuda.amp.autocast():
/home/norak/R&I/kxs-/train.py:169: FutureWarning: `torch.cuda.amp.autocast(args...)` is deprecated. Please use `torch.amp.autocast('cuda', args...)` instead.
  with torch.cuda.amp.autocast():
    epoch  7  train_loss=0.0507  val_loss=0.0434  val_qwk=0.6583  val_acc=0.4706
/home/norak/R&I/kxs-/train.py:148: FutureWarning: `torch.cuda.amp.autocast(args...)` is deprecated. Please use `torch.amp.autocast('cuda', args...)` instead.
  with torch.cuda.amp.autocast():
/home/norak/R&I/kxs-/train.py:169: FutureWarning: `torch.cuda.amp.autocast(args...)` is deprecated. Please use `torch.amp.autocast('cuda', args...)` instead.
  with torch.cuda.amp.autocast():
    epoch  8  train_loss=0.0468  val_loss=0.0435  val_qwk=0.6094  val_acc=0.4853
/home/norak/R&I/kxs-/train.py:148: FutureWarning: `torch.cuda.amp.autocast(args...)` is deprecated. Please use `torch.amp.autocast('cuda', args...)` instead.
  with torch.cuda.amp.autocast():
/home/norak/R&I/kxs-/train.py:169: FutureWarning: `torch.cuda.amp.autocast(args...)` is deprecated. Please use `torch.amp.autocast('cuda', args...)` instead.
  with torch.cuda.amp.autocast():
    epoch  9  train_loss=0.0470  val_loss=0.0453  val_qwk=0.6129  val_acc=0.5588
/home/norak/R&I/kxs-/train.py:148: FutureWarning: `torch.cuda.amp.autocast(args...)` is deprecated. Please use `torch.amp.autocast('cuda', args...)` instead.
  with torch.cuda.amp.autocast():
/home/norak/R&I/kxs-/train.py:169: FutureWarning: `torch.cuda.amp.autocast(args...)` is deprecated. Please use `torch.amp.autocast('cuda', args...)` instead.
  with torch.cuda.amp.autocast():
    epoch 10  train_loss=0.0494  val_loss=0.0466  val_qwk=0.6312  val_acc=0.6176
/home/norak/R&I/kxs-/train.py:148: FutureWarning: `torch.cuda.amp.autocast(args...)` is deprecated. Please use `torch.amp.autocast('cuda', args...)` instead.
  with torch.cuda.amp.autocast():
/home/norak/R&I/kxs-/train.py:169: FutureWarning: `torch.cuda.amp.autocast(args...)` is deprecated. Please use `torch.amp.autocast('cuda', args...)` instead.
  with torch.cuda.amp.autocast():
    epoch 11  train_loss=0.0459  val_loss=0.0421  val_qwk=0.6467  val_acc=0.5588
    early-stop at epoch 11 (best epoch=7, best_qwk=0.6583)
/home/norak/R&I/kxs-/train.py:169: FutureWarning: `torch.cuda.amp.autocast(args...)` is deprecated. Please use `torch.amp.autocast('cuda', args...)` instead.
  with torch.cuda.amp.autocast():
/home/norak/R&I/kxs-/train.py:169: FutureWarning: `torch.cuda.amp.autocast(args...)` is deprecated. Please use `torch.amp.autocast('cuda', args...)` instead.
  with torch.cuda.amp.autocast():
/home/norak/R&I/kxs-/train.py:169: FutureWarning: `torch.cuda.amp.autocast(args...)` is deprecated. Please use `torch.amp.autocast('cuda', args...)` instead.
  with torch.cuda.amp.autocast():
  [clean_qar_dual_mbert_maxfeat            ] train_qwk=0.5766 -> test_qwk=0.5462  raw_w1=0.5547  epoch=7  (65.2s)
Loading weights:   0%|          | 0/199 [00:00<?, ?it/s]Loading weights: 100%|██████████| 199/199 [00:00<00:00, 3141.87it/s]
[transformers] [1mXLMRobertaModel LOAD REPORT[0m from: xlm-roberta-base
Key                       | Status     |  | 
--------------------------+------------+--+-
lm_head.layer_norm.weight | UNEXPECTED |  | 
lm_head.bias              | UNEXPECTED |  | 
lm_head.dense.bias        | UNEXPECTED |  | 
lm_head.layer_norm.bias   | UNEXPECTED |  | 
lm_head.dense.weight      | UNEXPECTED |  | 

Notes:
- UNEXPECTED:	can be ignored when loading from different task/architecture; not ok if you expect identical arch.
/home/norak/R&I/kxs-/train.py:206: FutureWarning: `torch.cuda.amp.GradScaler(args...)` is deprecated. Please use `torch.amp.GradScaler('cuda', args...)` instead.
  scaler = torch.cuda.amp.GradScaler() if use_amp and device == "cuda" else None
/home/norak/R&I/kxs-/train.py:148: FutureWarning: `torch.cuda.amp.autocast(args...)` is deprecated. Please use `torch.amp.autocast('cuda', args...)` instead.
  with torch.cuda.amp.autocast():
/home/norak/R&I/kxs-/train.py:169: FutureWarning: `torch.cuda.amp.autocast(args...)` is deprecated. Please use `torch.amp.autocast('cuda', args...)` instead.
  with torch.cuda.amp.autocast():
    epoch  1  train_loss=0.1313  val_loss=0.0805  val_qwk=0.0000  val_acc=0.1324
/home/norak/R&I/kxs-/train.py:148: FutureWarning: `torch.cuda.amp.autocast(args...)` is deprecated. Please use `torch.amp.autocast('cuda', args...)` instead.
  with torch.cuda.amp.autocast():
/home/norak/R&I/kxs-/train.py:169: FutureWarning: `torch.cuda.amp.autocast(args...)` is deprecated. Please use `torch.amp.autocast('cuda', args...)` instead.
  with torch.cuda.amp.autocast():
    epoch  2  train_loss=0.0745  val_loss=0.0644  val_qwk=0.3557  val_acc=0.2279
/home/norak/R&I/kxs-/train.py:148: FutureWarning: `torch.cuda.amp.autocast(args...)` is deprecated. Please use `torch.amp.autocast('cuda', args...)` instead.
  with torch.cuda.amp.autocast():
/home/norak/R&I/kxs-/train.py:169: FutureWarning: `torch.cuda.amp.autocast(args...)` is deprecated. Please use `torch.amp.autocast('cuda', args...)` instead.
  with torch.cuda.amp.autocast():
    epoch  3  train_loss=0.0730  val_loss=0.0695  val_qwk=0.3428  val_acc=0.2426
/home/norak/R&I/kxs-/train.py:148: FutureWarning: `torch.cuda.amp.autocast(args...)` is deprecated. Please use `torch.amp.autocast('cuda', args...)` instead.
  with torch.cuda.amp.autocast():
/home/norak/R&I/kxs-/train.py:169: FutureWarning: `torch.cuda.amp.autocast(args...)` is deprecated. Please use `torch.amp.autocast('cuda', args...)` instead.
  with torch.cuda.amp.autocast():
    epoch  4  train_loss=0.0635  val_loss=0.0490  val_qwk=0.5830  val_acc=0.5735
/home/norak/R&I/kxs-/train.py:148: FutureWarning: `torch.cuda.amp.autocast(args...)` is deprecated. Please use `torch.amp.autocast('cuda', args...)` instead.
  with torch.cuda.amp.autocast():
/home/norak/R&I/kxs-/train.py:169: FutureWarning: `torch.cuda.amp.autocast(args...)` is deprecated. Please use `torch.amp.autocast('cuda', args...)` instead.
  with torch.cuda.amp.autocast():
    epoch  5  train_loss=0.0556  val_loss=0.0452  val_qwk=0.6376  val_acc=0.4926
/home/norak/R&I/kxs-/train.py:148: FutureWarning: `torch.cuda.amp.autocast(args...)` is deprecated. Please use `torch.amp.autocast('cuda', args...)` instead.
  with torch.cuda.amp.autocast():
/home/norak/R&I/kxs-/train.py:169: FutureWarning: `torch.cuda.amp.autocast(args...)` is deprecated. Please use `torch.amp.autocast('cuda', args...)` instead.
  with torch.cuda.amp.autocast():
    epoch  6  train_loss=0.0488  val_loss=0.0397  val_qwk=0.6750  val_acc=0.5956
/home/norak/R&I/kxs-/train.py:148: FutureWarning: `torch.cuda.amp.autocast(args...)` is deprecated. Please use `torch.amp.autocast('cuda', args...)` instead.
  with torch.cuda.amp.autocast():
/home/norak/R&I/kxs-/train.py:169: FutureWarning: `torch.cuda.amp.autocast(args...)` is deprecated. Please use `torch.amp.autocast('cuda', args...)` instead.
  with torch.cuda.amp.autocast():
    epoch  7  train_loss=0.0449  val_loss=0.0376  val_qwk=0.7245  val_acc=0.6544
/home/norak/R&I/kxs-/train.py:148: FutureWarning: `torch.cuda.amp.autocast(args...)` is deprecated. Please use `torch.amp.autocast('cuda', args...)` instead.
  with torch.cuda.amp.autocast():
/home/norak/R&I/kxs-/train.py:169: FutureWarning: `torch.cuda.amp.autocast(args...)` is deprecated. Please use `torch.amp.autocast('cuda', args...)` instead.
  with torch.cuda.amp.autocast():
    epoch  8  train_loss=0.0420  val_loss=0.0366  val_qwk=0.7546  val_acc=0.5809
/home/norak/R&I/kxs-/train.py:148: FutureWarning: `torch.cuda.amp.autocast(args...)` is deprecated. Please use `torch.amp.autocast('cuda', args...)` instead.
  with torch.cuda.amp.autocast():
/home/norak/R&I/kxs-/train.py:169: FutureWarning: `torch.cuda.amp.autocast(args...)` is deprecated. Please use `torch.amp.autocast('cuda', args...)` instead.
  with torch.cuda.amp.autocast():
    epoch  9  train_loss=0.0347  val_loss=0.0282  val_qwk=0.7948  val_acc=0.6397
/home/norak/R&I/kxs-/train.py:148: FutureWarning: `torch.cuda.amp.autocast(args...)` is deprecated. Please use `torch.amp.autocast('cuda', args...)` instead.
  with torch.cuda.amp.autocast():
/home/norak/R&I/kxs-/train.py:169: FutureWarning: `torch.cuda.amp.autocast(args...)` is deprecated. Please use `torch.amp.autocast('cuda', args...)` instead.
  with torch.cuda.amp.autocast():
    epoch 10  train_loss=0.0304  val_loss=0.0452  val_qwk=0.7432  val_acc=0.5515
/home/norak/R&I/kxs-/train.py:148: FutureWarning: `torch.cuda.amp.autocast(args...)` is deprecated. Please use `torch.amp.autocast('cuda', args...)` instead.
  with torch.cuda.amp.autocast():
/home/norak/R&I/kxs-/train.py:169: FutureWarning: `torch.cuda.amp.autocast(args...)` is deprecated. Please use `torch.amp.autocast('cuda', args...)` instead.
  with torch.cuda.amp.autocast():
    epoch 11  train_loss=0.0355  val_loss=0.0303  val_qwk=0.7882  val_acc=0.7279
/home/norak/R&I/kxs-/train.py:148: FutureWarning: `torch.cuda.amp.autocast(args...)` is deprecated. Please use `torch.amp.autocast('cuda', args...)` instead.
  with torch.cuda.amp.autocast():
/home/norak/R&I/kxs-/train.py:169: FutureWarning: `torch.cuda.amp.autocast(args...)` is deprecated. Please use `torch.amp.autocast('cuda', args...)` instead.
  with torch.cuda.amp.autocast():
    epoch 12  train_loss=0.0266  val_loss=0.0254  val_qwk=0.8078  val_acc=0.6544
/home/norak/R&I/kxs-/train.py:148: FutureWarning: `torch.cuda.amp.autocast(args...)` is deprecated. Please use `torch.amp.autocast('cuda', args...)` instead.
  with torch.cuda.amp.autocast():
/home/norak/R&I/kxs-/train.py:169: FutureWarning: `torch.cuda.amp.autocast(args...)` is deprecated. Please use `torch.amp.autocast('cuda', args...)` instead.
  with torch.cuda.amp.autocast():
    epoch 13  train_loss=0.0254  val_loss=0.0233  val_qwk=0.8245  val_acc=0.6765
/home/norak/R&I/kxs-/train.py:148: FutureWarning: `torch.cuda.amp.autocast(args...)` is deprecated. Please use `torch.amp.autocast('cuda', args...)` instead.
  with torch.cuda.amp.autocast():
/home/norak/R&I/kxs-/train.py:169: FutureWarning: `torch.cuda.amp.autocast(args...)` is deprecated. Please use `torch.amp.autocast('cuda', args...)` instead.
  with torch.cuda.amp.autocast():
    epoch 14  train_loss=0.0210  val_loss=0.0251  val_qwk=0.8601  val_acc=0.7426
/home/norak/R&I/kxs-/train.py:148: FutureWarning: `torch.cuda.amp.autocast(args...)` is deprecated. Please use `torch.amp.autocast('cuda', args...)` instead.
  with torch.cuda.amp.autocast():
/home/norak/R&I/kxs-/train.py:169: FutureWarning: `torch.cuda.amp.autocast(args...)` is deprecated. Please use `torch.amp.autocast('cuda', args...)` instead.
  with torch.cuda.amp.autocast():
    epoch 15  train_loss=0.0206  val_loss=0.0264  val_qwk=0.8328  val_acc=0.7132
/home/norak/R&I/kxs-/train.py:148: FutureWarning: `torch.cuda.amp.autocast(args...)` is deprecated. Please use `torch.amp.autocast('cuda', args...)` instead.
  with torch.cuda.amp.autocast():
/home/norak/R&I/kxs-/train.py:169: FutureWarning: `torch.cuda.amp.autocast(args...)` is deprecated. Please use `torch.amp.autocast('cuda', args...)` instead.
  with torch.cuda.amp.autocast():
    epoch 16  train_loss=0.0174  val_loss=0.0265  val_qwk=0.8316  val_acc=0.7132
/home/norak/R&I/kxs-/train.py:148: FutureWarning: `torch.cuda.amp.autocast(args...)` is deprecated. Please use `torch.amp.autocast('cuda', args...)` instead.
  with torch.cuda.amp.autocast():
/home/norak/R&I/kxs-/train.py:169: FutureWarning: `torch.cuda.amp.autocast(args...)` is deprecated. Please use `torch.amp.autocast('cuda', args...)` instead.
  with torch.cuda.amp.autocast():
    epoch 17  train_loss=0.0166  val_loss=0.0265  val_qwk=0.8213  val_acc=0.6838
/home/norak/R&I/kxs-/train.py:148: FutureWarning: `torch.cuda.amp.autocast(args...)` is deprecated. Please use `torch.amp.autocast('cuda', args...)` instead.
  with torch.cuda.amp.autocast():
/home/norak/R&I/kxs-/train.py:169: FutureWarning: `torch.cuda.amp.autocast(args...)` is deprecated. Please use `torch.amp.autocast('cuda', args...)` instead.
  with torch.cuda.amp.autocast():
    epoch 18  train_loss=0.0167  val_loss=0.0255  val_qwk=0.8459  val_acc=0.7059
    early-stop at epoch 18 (best epoch=14, best_qwk=0.8601)
/home/norak/R&I/kxs-/train.py:169: FutureWarning: `torch.cuda.amp.autocast(args...)` is deprecated. Please use `torch.amp.autocast('cuda', args...)` instead.
  with torch.cuda.amp.autocast():
/home/norak/R&I/kxs-/train.py:169: FutureWarning: `torch.cuda.amp.autocast(args...)` is deprecated. Please use `torch.amp.autocast('cuda', args...)` instead.
  with torch.cuda.amp.autocast():
/home/norak/R&I/kxs-/train.py:169: FutureWarning: `torch.cuda.amp.autocast(args...)` is deprecated. Please use `torch.amp.autocast('cuda', args...)` instead.
  with torch.cuda.amp.autocast():
  [clean_qar_dual_xlmr_maxfeat             ] train_qwk=0.8971 -> test_qwk=0.8088  raw_w1=0.6569  epoch=14  (109.9s)
Loading weights:   0%|          | 0/136 [00:00<?, ?it/s]Loading weights:   3%|▎         | 4/136 [00:00<00:03, 33.92it/s]Loading weights: 100%|██████████| 136/136 [00:00<00:00, 977.70it/s]
[transformers] [1mNewModel LOAD REPORT[0m from: Alibaba-NLP/gte-multilingual-base
Key               | Status     |  | 
------------------+------------+--+-
classifier.weight | UNEXPECTED |  | 
classifier.bias   | UNEXPECTED |  | 

Notes:
- UNEXPECTED:	can be ignored when loading from different task/architecture; not ok if you expect identical arch.
/home/norak/R&I/kxs-/train.py:206: FutureWarning: `torch.cuda.amp.GradScaler(args...)` is deprecated. Please use `torch.amp.GradScaler('cuda', args...)` instead.
  scaler = torch.cuda.amp.GradScaler() if use_amp and device == "cuda" else None
/home/norak/R&I/kxs-/train.py:148: FutureWarning: `torch.cuda.amp.autocast(args...)` is deprecated. Please use `torch.amp.autocast('cuda', args...)` instead.
  with torch.cuda.amp.autocast():
/home/norak/R&I/kxs-/train.py:169: FutureWarning: `torch.cuda.amp.autocast(args...)` is deprecated. Please use `torch.amp.autocast('cuda', args...)` instead.
  with torch.cuda.amp.autocast():
    epoch  1  train_loss=0.0730  val_loss=0.0417  val_qwk=0.6425  val_acc=0.5294
/home/norak/R&I/kxs-/train.py:148: FutureWarning: `torch.cuda.amp.autocast(args...)` is deprecated. Please use `torch.amp.autocast('cuda', args...)` instead.
  with torch.cuda.amp.autocast():
/home/norak/R&I/kxs-/train.py:169: FutureWarning: `torch.cuda.amp.autocast(args...)` is deprecated. Please use `torch.amp.autocast('cuda', args...)` instead.
  with torch.cuda.amp.autocast():
    epoch  2  train_loss=0.0455  val_loss=0.0353  val_qwk=0.6986  val_acc=0.6176
/home/norak/R&I/kxs-/train.py:148: FutureWarning: `torch.cuda.amp.autocast(args...)` is deprecated. Please use `torch.amp.autocast('cuda', args...)` instead.
  with torch.cuda.amp.autocast():
/home/norak/R&I/kxs-/train.py:169: FutureWarning: `torch.cuda.amp.autocast(args...)` is deprecated. Please use `torch.amp.autocast('cuda', args...)` instead.
  with torch.cuda.amp.autocast():
    epoch  3  train_loss=0.0343  val_loss=0.0290  val_qwk=0.7891  val_acc=0.6471
/home/norak/R&I/kxs-/train.py:148: FutureWarning: `torch.cuda.amp.autocast(args...)` is deprecated. Please use `torch.amp.autocast('cuda', args...)` instead.
  with torch.cuda.amp.autocast():
/home/norak/R&I/kxs-/train.py:169: FutureWarning: `torch.cuda.amp.autocast(args...)` is deprecated. Please use `torch.amp.autocast('cuda', args...)` instead.
  with torch.cuda.amp.autocast():
    epoch  4  train_loss=0.0287  val_loss=0.0300  val_qwk=0.7675  val_acc=0.6324
/home/norak/R&I/kxs-/train.py:148: FutureWarning: `torch.cuda.amp.autocast(args...)` is deprecated. Please use `torch.amp.autocast('cuda', args...)` instead.
  with torch.cuda.amp.autocast():
/home/norak/R&I/kxs-/train.py:169: FutureWarning: `torch.cuda.amp.autocast(args...)` is deprecated. Please use `torch.amp.autocast('cuda', args...)` instead.
  with torch.cuda.amp.autocast():
    epoch  5  train_loss=0.0222  val_loss=0.0224  val_qwk=0.8501  val_acc=0.7353
/home/norak/R&I/kxs-/train.py:148: FutureWarning: `torch.cuda.amp.autocast(args...)` is deprecated. Please use `torch.amp.autocast('cuda', args...)` instead.
  with torch.cuda.amp.autocast():
/home/norak/R&I/kxs-/train.py:169: FutureWarning: `torch.cuda.amp.autocast(args...)` is deprecated. Please use `torch.amp.autocast('cuda', args...)` instead.
  with torch.cuda.amp.autocast():
    epoch  6  train_loss=0.0177  val_loss=0.0227  val_qwk=0.8566  val_acc=0.7574
/home/norak/R&I/kxs-/train.py:148: FutureWarning: `torch.cuda.amp.autocast(args...)` is deprecated. Please use `torch.amp.autocast('cuda', args...)` instead.
  with torch.cuda.amp.autocast():
/home/norak/R&I/kxs-/train.py:169: FutureWarning: `torch.cuda.amp.autocast(args...)` is deprecated. Please use `torch.amp.autocast('cuda', args...)` instead.
  with torch.cuda.amp.autocast():
    epoch  7  train_loss=0.0152  val_loss=0.0241  val_qwk=0.8120  val_acc=0.6691
/home/norak/R&I/kxs-/train.py:148: FutureWarning: `torch.cuda.amp.autocast(args...)` is deprecated. Please use `torch.amp.autocast('cuda', args...)` instead.
  with torch.cuda.amp.autocast():
/home/norak/R&I/kxs-/train.py:169: FutureWarning: `torch.cuda.amp.autocast(args...)` is deprecated. Please use `torch.amp.autocast('cuda', args...)` instead.
  with torch.cuda.amp.autocast():
    epoch  8  train_loss=0.0143  val_loss=0.0236  val_qwk=0.8560  val_acc=0.7647
/home/norak/R&I/kxs-/train.py:148: FutureWarning: `torch.cuda.amp.autocast(args...)` is deprecated. Please use `torch.amp.autocast('cuda', args...)` instead.
  with torch.cuda.amp.autocast():
/home/norak/R&I/kxs-/train.py:169: FutureWarning: `torch.cuda.amp.autocast(args...)` is deprecated. Please use `torch.amp.autocast('cuda', args...)` instead.
  with torch.cuda.amp.autocast():
    epoch  9  train_loss=0.0123  val_loss=0.0231  val_qwk=0.8510  val_acc=0.7279
/home/norak/R&I/kxs-/train.py:148: FutureWarning: `torch.cuda.amp.autocast(args...)` is deprecated. Please use `torch.amp.autocast('cuda', args...)` instead.
  with torch.cuda.amp.autocast():
/home/norak/R&I/kxs-/train.py:169: FutureWarning: `torch.cuda.amp.autocast(args...)` is deprecated. Please use `torch.amp.autocast('cuda', args...)` instead.
  with torch.cuda.amp.autocast():
    epoch 10  train_loss=0.0103  val_loss=0.0201  val_qwk=0.8740  val_acc=0.7794
/home/norak/R&I/kxs-/train.py:148: FutureWarning: `torch.cuda.amp.autocast(args...)` is deprecated. Please use `torch.amp.autocast('cuda', args...)` instead.
  with torch.cuda.amp.autocast():
/home/norak/R&I/kxs-/train.py:169: FutureWarning: `torch.cuda.amp.autocast(args...)` is deprecated. Please use `torch.amp.autocast('cuda', args...)` instead.
  with torch.cuda.amp.autocast():
    epoch 11  train_loss=0.0100  val_loss=0.0190  val_qwk=0.8714  val_acc=0.7426
/home/norak/R&I/kxs-/train.py:148: FutureWarning: `torch.cuda.amp.autocast(args...)` is deprecated. Please use `torch.amp.autocast('cuda', args...)` instead.
  with torch.cuda.amp.autocast():
/home/norak/R&I/kxs-/train.py:169: FutureWarning: `torch.cuda.amp.autocast(args...)` is deprecated. Please use `torch.amp.autocast('cuda', args...)` instead.
  with torch.cuda.amp.autocast():
    epoch 12  train_loss=0.0088  val_loss=0.0222  val_qwk=0.8742  val_acc=0.7500
/home/norak/R&I/kxs-/train.py:148: FutureWarning: `torch.cuda.amp.autocast(args...)` is deprecated. Please use `torch.amp.autocast('cuda', args...)` instead.
  with torch.cuda.amp.autocast():
/home/norak/R&I/kxs-/train.py:169: FutureWarning: `torch.cuda.amp.autocast(args...)` is deprecated. Please use `torch.amp.autocast('cuda', args...)` instead.
  with torch.cuda.amp.autocast():
    epoch 13  train_loss=0.0080  val_loss=0.0210  val_qwk=0.8721  val_acc=0.7794
/home/norak/R&I/kxs-/train.py:148: FutureWarning: `torch.cuda.amp.autocast(args...)` is deprecated. Please use `torch.amp.autocast('cuda', args...)` instead.
  with torch.cuda.amp.autocast():
/home/norak/R&I/kxs-/train.py:169: FutureWarning: `torch.cuda.amp.autocast(args...)` is deprecated. Please use `torch.amp.autocast('cuda', args...)` instead.
  with torch.cuda.amp.autocast():
    epoch 14  train_loss=0.0073  val_loss=0.0209  val_qwk=0.8851  val_acc=0.7868
/home/norak/R&I/kxs-/train.py:148: FutureWarning: `torch.cuda.amp.autocast(args...)` is deprecated. Please use `torch.amp.autocast('cuda', args...)` instead.
  with torch.cuda.amp.autocast():
/home/norak/R&I/kxs-/train.py:169: FutureWarning: `torch.cuda.amp.autocast(args...)` is deprecated. Please use `torch.amp.autocast('cuda', args...)` instead.
  with torch.cuda.amp.autocast():
    epoch 15  train_loss=0.0074  val_loss=0.0236  val_qwk=0.8824  val_acc=0.7794
/home/norak/R&I/kxs-/train.py:148: FutureWarning: `torch.cuda.amp.autocast(args...)` is deprecated. Please use `torch.amp.autocast('cuda', args...)` instead.
  with torch.cuda.amp.autocast():
/home/norak/R&I/kxs-/train.py:169: FutureWarning: `torch.cuda.amp.autocast(args...)` is deprecated. Please use `torch.amp.autocast('cuda', args...)` instead.
  with torch.cuda.amp.autocast():
    epoch 16  train_loss=0.0074  val_loss=0.0183  val_qwk=0.8922  val_acc=0.7647
/home/norak/R&I/kxs-/train.py:148: FutureWarning: `torch.cuda.amp.autocast(args...)` is deprecated. Please use `torch.amp.autocast('cuda', args...)` instead.
  with torch.cuda.amp.autocast():
/home/norak/R&I/kxs-/train.py:169: FutureWarning: `torch.cuda.amp.autocast(args...)` is deprecated. Please use `torch.amp.autocast('cuda', args...)` instead.
  with torch.cuda.amp.autocast():
    epoch 17  train_loss=0.0069  val_loss=0.0181  val_qwk=0.9115  val_acc=0.7721
/home/norak/R&I/kxs-/train.py:148: FutureWarning: `torch.cuda.amp.autocast(args...)` is deprecated. Please use `torch.amp.autocast('cuda', args...)` instead.
  with torch.cuda.amp.autocast():
/home/norak/R&I/kxs-/train.py:169: FutureWarning: `torch.cuda.amp.autocast(args...)` is deprecated. Please use `torch.amp.autocast('cuda', args...)` instead.
  with torch.cuda.amp.autocast():
    epoch 18  train_loss=0.0064  val_loss=0.0247  val_qwk=0.8452  val_acc=0.7132
/home/norak/R&I/kxs-/train.py:148: FutureWarning: `torch.cuda.amp.autocast(args...)` is deprecated. Please use `torch.amp.autocast('cuda', args...)` instead.
  with torch.cuda.amp.autocast():
/home/norak/R&I/kxs-/train.py:169: FutureWarning: `torch.cuda.amp.autocast(args...)` is deprecated. Please use `torch.amp.autocast('cuda', args...)` instead.
  with torch.cuda.amp.autocast():
    epoch 19  train_loss=0.0077  val_loss=0.0207  val_qwk=0.8815  val_acc=0.7574
/home/norak/R&I/kxs-/train.py:148: FutureWarning: `torch.cuda.amp.autocast(args...)` is deprecated. Please use `torch.amp.autocast('cuda', args...)` instead.
  with torch.cuda.amp.autocast():
/home/norak/R&I/kxs-/train.py:169: FutureWarning: `torch.cuda.amp.autocast(args...)` is deprecated. Please use `torch.amp.autocast('cuda', args...)` instead.
  with torch.cuda.amp.autocast():
    epoch 20  train_loss=0.0072  val_loss=0.0206  val_qwk=0.8802  val_acc=0.7721
/home/norak/R&I/kxs-/train.py:169: FutureWarning: `torch.cuda.amp.autocast(args...)` is deprecated. Please use `torch.amp.autocast('cuda', args...)` instead.
  with torch.cuda.amp.autocast():
/home/norak/R&I/kxs-/train.py:169: FutureWarning: `torch.cuda.amp.autocast(args...)` is deprecated. Please use `torch.amp.autocast('cuda', args...)` instead.
  with torch.cuda.amp.autocast():
/home/norak/R&I/kxs-/train.py:169: FutureWarning: `torch.cuda.amp.autocast(args...)` is deprecated. Please use `torch.amp.autocast('cuda', args...)` instead.
  with torch.cuda.amp.autocast():
  [clean_qar_dual_gte_maxfeat              ] train_qwk=0.9524 -> test_qwk=0.8119  raw_w1=0.7737  epoch=17  (141.1s)
Loading weights:   0%|          | 0/199 [00:00<?, ?it/s]Loading weights: 100%|██████████| 199/199 [00:00<00:00, 3413.11it/s]
[transformers] [1mBertModel LOAD REPORT[0m from: bert-base-multilingual-cased
Key                                        | Status     |  | 
-------------------------------------------+------------+--+-
cls.seq_relationship.weight                | UNEXPECTED |  | 
cls.predictions.transform.LayerNorm.weight | UNEXPECTED |  | 
cls.predictions.transform.dense.bias       | UNEXPECTED |  | 
cls.predictions.transform.dense.weight     | UNEXPECTED |  | 
cls.predictions.transform.LayerNorm.bias   | UNEXPECTED |  | 
cls.seq_relationship.bias                  | UNEXPECTED |  | 
cls.predictions.bias                       | UNEXPECTED |  | 

Notes:
- UNEXPECTED:	can be ignored when loading from different task/architecture; not ok if you expect identical arch.
/home/norak/R&I/kxs-/train.py:206: FutureWarning: `torch.cuda.amp.GradScaler(args...)` is deprecated. Please use `torch.amp.GradScaler('cuda', args...)` instead.
  scaler = torch.cuda.amp.GradScaler() if use_amp and device == "cuda" else None
/home/norak/R&I/kxs-/train.py:148: FutureWarning: `torch.cuda.amp.autocast(args...)` is deprecated. Please use `torch.amp.autocast('cuda', args...)` instead.
  with torch.cuda.amp.autocast():
/home/norak/R&I/kxs-/train.py:169: FutureWarning: `torch.cuda.amp.autocast(args...)` is deprecated. Please use `torch.amp.autocast('cuda', args...)` instead.
  with torch.cuda.amp.autocast():
    epoch  1  train_loss=0.0895  val_loss=0.0786  val_qwk=0.0827  val_acc=0.1397
/home/norak/R&I/kxs-/train.py:148: FutureWarning: `torch.cuda.amp.autocast(args...)` is deprecated. Please use `torch.amp.autocast('cuda', args...)` instead.
  with torch.cuda.amp.autocast():
/home/norak/R&I/kxs-/train.py:169: FutureWarning: `torch.cuda.amp.autocast(args...)` is deprecated. Please use `torch.amp.autocast('cuda', args...)` instead.
  with torch.cuda.amp.autocast():
    epoch  2  train_loss=0.0766  val_loss=0.0772  val_qwk=0.2396  val_acc=0.2794
/home/norak/R&I/kxs-/train.py:148: FutureWarning: `torch.cuda.amp.autocast(args...)` is deprecated. Please use `torch.amp.autocast('cuda', args...)` instead.
  with torch.cuda.amp.autocast():
/home/norak/R&I/kxs-/train.py:169: FutureWarning: `torch.cuda.amp.autocast(args...)` is deprecated. Please use `torch.amp.autocast('cuda', args...)` instead.
  with torch.cuda.amp.autocast():
    epoch  3  train_loss=0.0765  val_loss=0.0769  val_qwk=0.3195  val_acc=0.3088
/home/norak/R&I/kxs-/train.py:148: FutureWarning: `torch.cuda.amp.autocast(args...)` is deprecated. Please use `torch.amp.autocast('cuda', args...)` instead.
  with torch.cuda.amp.autocast():
/home/norak/R&I/kxs-/train.py:169: FutureWarning: `torch.cuda.amp.autocast(args...)` is deprecated. Please use `torch.amp.autocast('cuda', args...)` instead.
  with torch.cuda.amp.autocast():
    epoch  4  train_loss=0.0697  val_loss=0.0710  val_qwk=0.4466  val_acc=0.4191
/home/norak/R&I/kxs-/train.py:148: FutureWarning: `torch.cuda.amp.autocast(args...)` is deprecated. Please use `torch.amp.autocast('cuda', args...)` instead.
  with torch.cuda.amp.autocast():
/home/norak/R&I/kxs-/train.py:169: FutureWarning: `torch.cuda.amp.autocast(args...)` is deprecated. Please use `torch.amp.autocast('cuda', args...)` instead.
  with torch.cuda.amp.autocast():
    epoch  5  train_loss=0.0670  val_loss=0.0661  val_qwk=0.3465  val_acc=0.2868
/home/norak/R&I/kxs-/train.py:148: FutureWarning: `torch.cuda.amp.autocast(args...)` is deprecated. Please use `torch.amp.autocast('cuda', args...)` instead.
  with torch.cuda.amp.autocast():
/home/norak/R&I/kxs-/train.py:169: FutureWarning: `torch.cuda.amp.autocast(args...)` is deprecated. Please use `torch.amp.autocast('cuda', args...)` instead.
  with torch.cuda.amp.autocast():
    epoch  6  train_loss=0.0661  val_loss=0.0672  val_qwk=0.3707  val_acc=0.3162
/home/norak/R&I/kxs-/train.py:148: FutureWarning: `torch.cuda.amp.autocast(args...)` is deprecated. Please use `torch.amp.autocast('cuda', args...)` instead.
  with torch.cuda.amp.autocast():
/home/norak/R&I/kxs-/train.py:169: FutureWarning: `torch.cuda.amp.autocast(args...)` is deprecated. Please use `torch.amp.autocast('cuda', args...)` instead.
  with torch.cuda.amp.autocast():
    epoch  7  train_loss=0.0647  val_loss=0.0668  val_qwk=0.4307  val_acc=0.3529
/home/norak/R&I/kxs-/train.py:148: FutureWarning: `torch.cuda.amp.autocast(args...)` is deprecated. Please use `torch.amp.autocast('cuda', args...)` instead.
  with torch.cuda.amp.autocast():
/home/norak/R&I/kxs-/train.py:169: FutureWarning: `torch.cuda.amp.autocast(args...)` is deprecated. Please use `torch.amp.autocast('cuda', args...)` instead.
  with torch.cuda.amp.autocast():
    epoch  8  train_loss=0.0658  val_loss=0.0723  val_qwk=0.4427  val_acc=0.4338
    early-stop at epoch 8 (best epoch=4, best_qwk=0.4466)
/home/norak/R&I/kxs-/train.py:169: FutureWarning: `torch.cuda.amp.autocast(args...)` is deprecated. Please use `torch.amp.autocast('cuda', args...)` instead.
  with torch.cuda.amp.autocast():
/home/norak/R&I/kxs-/train.py:169: FutureWarning: `torch.cuda.amp.autocast(args...)` is deprecated. Please use `torch.amp.autocast('cuda', args...)` instead.
  with torch.cuda.amp.autocast():
/home/norak/R&I/kxs-/train.py:169: FutureWarning: `torch.cuda.amp.autocast(args...)` is deprecated. Please use `torch.amp.autocast('cuda', args...)` instead.
  with torch.cuda.amp.autocast():
  [clean_qar_cross_mbert_maxfeat           ] train_qwk=0.4171 -> test_qwk=0.3299  raw_w1=0.3431  epoch=4  (32.7s)
Loading weights:   0%|          | 0/199 [00:00<?, ?it/s]Loading weights: 100%|██████████| 199/199 [00:00<00:00, 3596.51it/s]
[transformers] [1mXLMRobertaModel LOAD REPORT[0m from: xlm-roberta-base
Key                       | Status     |  | 
--------------------------+------------+--+-
lm_head.layer_norm.weight | UNEXPECTED |  | 
lm_head.bias              | UNEXPECTED |  | 
lm_head.dense.bias        | UNEXPECTED |  | 
lm_head.layer_norm.bias   | UNEXPECTED |  | 
lm_head.dense.weight      | UNEXPECTED |  | 

Notes:
- UNEXPECTED:	can be ignored when loading from different task/architecture; not ok if you expect identical arch.
/home/norak/R&I/kxs-/train.py:206: FutureWarning: `torch.cuda.amp.GradScaler(args...)` is deprecated. Please use `torch.amp.GradScaler('cuda', args...)` instead.
  scaler = torch.cuda.amp.GradScaler() if use_amp and device == "cuda" else None
/home/norak/R&I/kxs-/train.py:148: FutureWarning: `torch.cuda.amp.autocast(args...)` is deprecated. Please use `torch.amp.autocast('cuda', args...)` instead.
  with torch.cuda.amp.autocast():
/home/norak/R&I/kxs-/train.py:169: FutureWarning: `torch.cuda.amp.autocast(args...)` is deprecated. Please use `torch.amp.autocast('cuda', args...)` instead.
  with torch.cuda.amp.autocast():
    epoch  1  train_loss=0.1035  val_loss=0.0868  val_qwk=0.0000  val_acc=0.1324
/home/norak/R&I/kxs-/train.py:148: FutureWarning: `torch.cuda.amp.autocast(args...)` is deprecated. Please use `torch.amp.autocast('cuda', args...)` instead.
  with torch.cuda.amp.autocast():
/home/norak/R&I/kxs-/train.py:169: FutureWarning: `torch.cuda.amp.autocast(args...)` is deprecated. Please use `torch.amp.autocast('cuda', args...)` instead.
  with torch.cuda.amp.autocast():
    epoch  2  train_loss=0.0758  val_loss=0.0555  val_qwk=0.5449  val_acc=0.4118
/home/norak/R&I/kxs-/train.py:148: FutureWarning: `torch.cuda.amp.autocast(args...)` is deprecated. Please use `torch.amp.autocast('cuda', args...)` instead.
  with torch.cuda.amp.autocast():
/home/norak/R&I/kxs-/train.py:169: FutureWarning: `torch.cuda.amp.autocast(args...)` is deprecated. Please use `torch.amp.autocast('cuda', args...)` instead.
  with torch.cuda.amp.autocast():
    epoch  3  train_loss=0.0593  val_loss=0.0724  val_qwk=0.4929  val_acc=0.5147
/home/norak/R&I/kxs-/train.py:148: FutureWarning: `torch.cuda.amp.autocast(args...)` is deprecated. Please use `torch.amp.autocast('cuda', args...)` instead.
  with torch.cuda.amp.autocast():
/home/norak/R&I/kxs-/train.py:169: FutureWarning: `torch.cuda.amp.autocast(args...)` is deprecated. Please use `torch.amp.autocast('cuda', args...)` instead.
  with torch.cuda.amp.autocast():
    epoch  4  train_loss=0.0549  val_loss=0.0427  val_qwk=0.6957  val_acc=0.6103
/home/norak/R&I/kxs-/train.py:148: FutureWarning: `torch.cuda.amp.autocast(args...)` is deprecated. Please use `torch.amp.autocast('cuda', args...)` instead.
  with torch.cuda.amp.autocast():
/home/norak/R&I/kxs-/train.py:169: FutureWarning: `torch.cuda.amp.autocast(args...)` is deprecated. Please use `torch.amp.autocast('cuda', args...)` instead.
  with torch.cuda.amp.autocast():
    epoch  5  train_loss=0.0502  val_loss=0.0387  val_qwk=0.6440  val_acc=0.5294
/home/norak/R&I/kxs-/train.py:148: FutureWarning: `torch.cuda.amp.autocast(args...)` is deprecated. Please use `torch.amp.autocast('cuda', args...)` instead.
  with torch.cuda.amp.autocast():
/home/norak/R&I/kxs-/train.py:169: FutureWarning: `torch.cuda.amp.autocast(args...)` is deprecated. Please use `torch.amp.autocast('cuda', args...)` instead.
  with torch.cuda.amp.autocast():
    epoch  6  train_loss=0.0438  val_loss=0.0401  val_qwk=0.6867  val_acc=0.5662
/home/norak/R&I/kxs-/train.py:148: FutureWarning: `torch.cuda.amp.autocast(args...)` is deprecated. Please use `torch.amp.autocast('cuda', args...)` instead.
  with torch.cuda.amp.autocast():
/home/norak/R&I/kxs-/train.py:169: FutureWarning: `torch.cuda.amp.autocast(args...)` is deprecated. Please use `torch.amp.autocast('cuda', args...)` instead.
  with torch.cuda.amp.autocast():
    epoch  7  train_loss=0.0388  val_loss=0.0353  val_qwk=0.7878  val_acc=0.6544
/home/norak/R&I/kxs-/train.py:148: FutureWarning: `torch.cuda.amp.autocast(args...)` is deprecated. Please use `torch.amp.autocast('cuda', args...)` instead.
  with torch.cuda.amp.autocast():
/home/norak/R&I/kxs-/train.py:169: FutureWarning: `torch.cuda.amp.autocast(args...)` is deprecated. Please use `torch.amp.autocast('cuda', args...)` instead.
  with torch.cuda.amp.autocast():
    epoch  8  train_loss=0.0371  val_loss=0.0329  val_qwk=0.7773  val_acc=0.6250
/home/norak/R&I/kxs-/train.py:148: FutureWarning: `torch.cuda.amp.autocast(args...)` is deprecated. Please use `torch.amp.autocast('cuda', args...)` instead.
  with torch.cuda.amp.autocast():
/home/norak/R&I/kxs-/train.py:169: FutureWarning: `torch.cuda.amp.autocast(args...)` is deprecated. Please use `torch.amp.autocast('cuda', args...)` instead.
  with torch.cuda.amp.autocast():
    epoch  9  train_loss=0.0345  val_loss=0.0326  val_qwk=0.7770  val_acc=0.6912
/home/norak/R&I/kxs-/train.py:148: FutureWarning: `torch.cuda.amp.autocast(args...)` is deprecated. Please use `torch.amp.autocast('cuda', args...)` instead.
  with torch.cuda.amp.autocast():
/home/norak/R&I/kxs-/train.py:169: FutureWarning: `torch.cuda.amp.autocast(args...)` is deprecated. Please use `torch.amp.autocast('cuda', args...)` instead.
  with torch.cuda.amp.autocast():
    epoch 10  train_loss=0.0294  val_loss=0.0429  val_qwk=0.7724  val_acc=0.5735
/home/norak/R&I/kxs-/train.py:148: FutureWarning: `torch.cuda.amp.autocast(args...)` is deprecated. Please use `torch.amp.autocast('cuda', args...)` instead.
  with torch.cuda.amp.autocast():
/home/norak/R&I/kxs-/train.py:169: FutureWarning: `torch.cuda.amp.autocast(args...)` is deprecated. Please use `torch.amp.autocast('cuda', args...)` instead.
  with torch.cuda.amp.autocast():
    epoch 11  train_loss=0.0280  val_loss=0.0348  val_qwk=0.7684  val_acc=0.7132
    early-stop at epoch 11 (best epoch=7, best_qwk=0.7878)
/home/norak/R&I/kxs-/train.py:169: FutureWarning: `torch.cuda.amp.autocast(args...)` is deprecated. Please use `torch.amp.autocast('cuda', args...)` instead.
  with torch.cuda.amp.autocast():
/home/norak/R&I/kxs-/train.py:169: FutureWarning: `torch.cuda.amp.autocast(args...)` is deprecated. Please use `torch.amp.autocast('cuda', args...)` instead.
  with torch.cuda.amp.autocast():
/home/norak/R&I/kxs-/train.py:169: FutureWarning: `torch.cuda.amp.autocast(args...)` is deprecated. Please use `torch.amp.autocast('cuda', args...)` instead.
  with torch.cuda.amp.autocast():
  [clean_qar_cross_xlmr_maxfeat            ] train_qwk=0.7900 -> test_qwk=0.7412  raw_w1=0.6788  epoch=7  (46.8s)
Loading weights:   0%|          | 0/136 [00:00<?, ?it/s]Loading weights:   3%|▎         | 4/136 [00:00<00:03, 36.36it/s]Loading weights: 100%|██████████| 136/136 [00:00<00:00, 988.70it/s]
[transformers] [1mNewModel LOAD REPORT[0m from: Alibaba-NLP/gte-multilingual-base
Key               | Status     |  | 
------------------+------------+--+-
classifier.weight | UNEXPECTED |  | 
classifier.bias   | UNEXPECTED |  | 

Notes:
- UNEXPECTED:	can be ignored when loading from different task/architecture; not ok if you expect identical arch.
/home/norak/R&I/kxs-/train.py:206: FutureWarning: `torch.cuda.amp.GradScaler(args...)` is deprecated. Please use `torch.amp.GradScaler('cuda', args...)` instead.
  scaler = torch.cuda.amp.GradScaler() if use_amp and device == "cuda" else None
/home/norak/R&I/kxs-/train.py:148: FutureWarning: `torch.cuda.amp.autocast(args...)` is deprecated. Please use `torch.amp.autocast('cuda', args...)` instead.
  with torch.cuda.amp.autocast():
/home/norak/R&I/kxs-/train.py:169: FutureWarning: `torch.cuda.amp.autocast(args...)` is deprecated. Please use `torch.amp.autocast('cuda', args...)` instead.
  with torch.cuda.amp.autocast():
    epoch  1  train_loss=0.0804  val_loss=0.0488  val_qwk=0.5928  val_acc=0.4559
/home/norak/R&I/kxs-/train.py:148: FutureWarning: `torch.cuda.amp.autocast(args...)` is deprecated. Please use `torch.amp.autocast('cuda', args...)` instead.
  with torch.cuda.amp.autocast():
/home/norak/R&I/kxs-/train.py:169: FutureWarning: `torch.cuda.amp.autocast(args...)` is deprecated. Please use `torch.amp.autocast('cuda', args...)` instead.
  with torch.cuda.amp.autocast():
    epoch  2  train_loss=0.0546  val_loss=0.0419  val_qwk=0.6757  val_acc=0.5662
/home/norak/R&I/kxs-/train.py:148: FutureWarning: `torch.cuda.amp.autocast(args...)` is deprecated. Please use `torch.amp.autocast('cuda', args...)` instead.
  with torch.cuda.amp.autocast():
/home/norak/R&I/kxs-/train.py:169: FutureWarning: `torch.cuda.amp.autocast(args...)` is deprecated. Please use `torch.amp.autocast('cuda', args...)` instead.
  with torch.cuda.amp.autocast():
    epoch  3  train_loss=0.0488  val_loss=0.0381  val_qwk=0.7087  val_acc=0.6471
/home/norak/R&I/kxs-/train.py:148: FutureWarning: `torch.cuda.amp.autocast(args...)` is deprecated. Please use `torch.amp.autocast('cuda', args...)` instead.
  with torch.cuda.amp.autocast():
/home/norak/R&I/kxs-/train.py:169: FutureWarning: `torch.cuda.amp.autocast(args...)` is deprecated. Please use `torch.amp.autocast('cuda', args...)` instead.
  with torch.cuda.amp.autocast():
    epoch  4  train_loss=0.0405  val_loss=0.0315  val_qwk=0.8055  val_acc=0.6985
/home/norak/R&I/kxs-/train.py:148: FutureWarning: `torch.cuda.amp.autocast(args...)` is deprecated. Please use `torch.amp.autocast('cuda', args...)` instead.
  with torch.cuda.amp.autocast():
/home/norak/R&I/kxs-/train.py:169: FutureWarning: `torch.cuda.amp.autocast(args...)` is deprecated. Please use `torch.amp.autocast('cuda', args...)` instead.
  with torch.cuda.amp.autocast():
    epoch  5  train_loss=0.0350  val_loss=0.0305  val_qwk=0.7857  val_acc=0.7059
/home/norak/R&I/kxs-/train.py:148: FutureWarning: `torch.cuda.amp.autocast(args...)` is deprecated. Please use `torch.amp.autocast('cuda', args...)` instead.
  with torch.cuda.amp.autocast():
/home/norak/R&I/kxs-/train.py:169: FutureWarning: `torch.cuda.amp.autocast(args...)` is deprecated. Please use `torch.amp.autocast('cuda', args...)` instead.
  with torch.cuda.amp.autocast():
    epoch  6  train_loss=0.0337  val_loss=0.0294  val_qwk=0.8423  val_acc=0.7426
/home/norak/R&I/kxs-/train.py:148: FutureWarning: `torch.cuda.amp.autocast(args...)` is deprecated. Please use `torch.amp.autocast('cuda', args...)` instead.
  with torch.cuda.amp.autocast():
/home/norak/R&I/kxs-/train.py:169: FutureWarning: `torch.cuda.amp.autocast(args...)` is deprecated. Please use `torch.amp.autocast('cuda', args...)` instead.
  with torch.cuda.amp.autocast():
    epoch  7  train_loss=0.0277  val_loss=0.0297  val_qwk=0.7877  val_acc=0.6838
/home/norak/R&I/kxs-/train.py:148: FutureWarning: `torch.cuda.amp.autocast(args...)` is deprecated. Please use `torch.amp.autocast('cuda', args...)` instead.
  with torch.cuda.amp.autocast():
/home/norak/R&I/kxs-/train.py:169: FutureWarning: `torch.cuda.amp.autocast(args...)` is deprecated. Please use `torch.amp.autocast('cuda', args...)` instead.
  with torch.cuda.amp.autocast():
    epoch  8  train_loss=0.0259  val_loss=0.0360  val_qwk=0.7921  val_acc=0.6250
/home/norak/R&I/kxs-/train.py:148: FutureWarning: `torch.cuda.amp.autocast(args...)` is deprecated. Please use `torch.amp.autocast('cuda', args...)` instead.
  with torch.cuda.amp.autocast():
/home/norak/R&I/kxs-/train.py:169: FutureWarning: `torch.cuda.amp.autocast(args...)` is deprecated. Please use `torch.amp.autocast('cuda', args...)` instead.
  with torch.cuda.amp.autocast():
    epoch  9  train_loss=0.0251  val_loss=0.0271  val_qwk=0.8293  val_acc=0.7279
/home/norak/R&I/kxs-/train.py:148: FutureWarning: `torch.cuda.amp.autocast(args...)` is deprecated. Please use `torch.amp.autocast('cuda', args...)` instead.
  with torch.cuda.amp.autocast():
/home/norak/R&I/kxs-/train.py:169: FutureWarning: `torch.cuda.amp.autocast(args...)` is deprecated. Please use `torch.amp.autocast('cuda', args...)` instead.
  with torch.cuda.amp.autocast():
    epoch 10  train_loss=0.0220  val_loss=0.0269  val_qwk=0.8382  val_acc=0.7794
    early-stop at epoch 10 (best epoch=6, best_qwk=0.8423)
/home/norak/R&I/kxs-/train.py:169: FutureWarning: `torch.cuda.amp.autocast(args...)` is deprecated. Please use `torch.amp.autocast('cuda', args...)` instead.
  with torch.cuda.amp.autocast():
/home/norak/R&I/kxs-/train.py:169: FutureWarning: `torch.cuda.amp.autocast(args...)` is deprecated. Please use `torch.amp.autocast('cuda', args...)` instead.
  with torch.cuda.amp.autocast():
/home/norak/R&I/kxs-/train.py:169: FutureWarning: `torch.cuda.amp.autocast(args...)` is deprecated. Please use `torch.amp.autocast('cuda', args...)` instead.
  with torch.cuda.amp.autocast():
  [clean_qar_cross_gte_maxfeat             ] train_qwk=0.8357 -> test_qwk=0.7513  raw_w1=0.7080  epoch=6  (52.1s)
Loading weights:   0%|          | 0/199 [00:00<?, ?it/s]Loading weights: 100%|██████████| 199/199 [00:00<00:00, 3530.80it/s]
[transformers] [1mBertModel LOAD REPORT[0m from: bert-base-multilingual-cased
Key                                        | Status     |  | 
-------------------------------------------+------------+--+-
cls.seq_relationship.weight                | UNEXPECTED |  | 
cls.predictions.transform.LayerNorm.weight | UNEXPECTED |  | 
cls.predictions.transform.dense.bias       | UNEXPECTED |  | 
cls.predictions.transform.dense.weight     | UNEXPECTED |  | 
cls.predictions.transform.LayerNorm.bias   | UNEXPECTED |  | 
cls.seq_relationship.bias                  | UNEXPECTED |  | 
cls.predictions.bias                       | UNEXPECTED |  | 

Notes:
- UNEXPECTED:	can be ignored when loading from different task/architecture; not ok if you expect identical arch.
/home/norak/R&I/kxs-/train.py:206: FutureWarning: `torch.cuda.amp.GradScaler(args...)` is deprecated. Please use `torch.amp.GradScaler('cuda', args...)` instead.
  scaler = torch.cuda.amp.GradScaler() if use_amp and device == "cuda" else None
/home/norak/R&I/kxs-/train.py:148: FutureWarning: `torch.cuda.amp.autocast(args...)` is deprecated. Please use `torch.amp.autocast('cuda', args...)` instead.
  with torch.cuda.amp.autocast():
/home/norak/R&I/kxs-/train.py:169: FutureWarning: `torch.cuda.amp.autocast(args...)` is deprecated. Please use `torch.amp.autocast('cuda', args...)` instead.
  with torch.cuda.amp.autocast():
    epoch  1  train_loss=0.0799  val_loss=0.0629  val_qwk=0.3612  val_acc=0.2279
/home/norak/R&I/kxs-/train.py:148: FutureWarning: `torch.cuda.amp.autocast(args...)` is deprecated. Please use `torch.amp.autocast('cuda', args...)` instead.
  with torch.cuda.amp.autocast():
/home/norak/R&I/kxs-/train.py:169: FutureWarning: `torch.cuda.amp.autocast(args...)` is deprecated. Please use `torch.amp.autocast('cuda', args...)` instead.
  with torch.cuda.amp.autocast():
    epoch  2  train_loss=0.0570  val_loss=0.0547  val_qwk=0.5033  val_acc=0.3676
/home/norak/R&I/kxs-/train.py:148: FutureWarning: `torch.cuda.amp.autocast(args...)` is deprecated. Please use `torch.amp.autocast('cuda', args...)` instead.
  with torch.cuda.amp.autocast():
/home/norak/R&I/kxs-/train.py:169: FutureWarning: `torch.cuda.amp.autocast(args...)` is deprecated. Please use `torch.amp.autocast('cuda', args...)` instead.
  with torch.cuda.amp.autocast():
    epoch  3  train_loss=0.0543  val_loss=0.0457  val_qwk=0.6225  val_acc=0.5368
/home/norak/R&I/kxs-/train.py:148: FutureWarning: `torch.cuda.amp.autocast(args...)` is deprecated. Please use `torch.amp.autocast('cuda', args...)` instead.
  with torch.cuda.amp.autocast():
/home/norak/R&I/kxs-/train.py:169: FutureWarning: `torch.cuda.amp.autocast(args...)` is deprecated. Please use `torch.amp.autocast('cuda', args...)` instead.
  with torch.cuda.amp.autocast():
    epoch  4  train_loss=0.0522  val_loss=0.0482  val_qwk=0.5538  val_acc=0.4265
/home/norak/R&I/kxs-/train.py:148: FutureWarning: `torch.cuda.amp.autocast(args...)` is deprecated. Please use `torch.amp.autocast('cuda', args...)` instead.
  with torch.cuda.amp.autocast():
/home/norak/R&I/kxs-/train.py:169: FutureWarning: `torch.cuda.amp.autocast(args...)` is deprecated. Please use `torch.amp.autocast('cuda', args...)` instead.
  with torch.cuda.amp.autocast():
    epoch  5  train_loss=0.0479  val_loss=0.0472  val_qwk=0.6469  val_acc=0.5368
/home/norak/R&I/kxs-/train.py:148: FutureWarning: `torch.cuda.amp.autocast(args...)` is deprecated. Please use `torch.amp.autocast('cuda', args...)` instead.
  with torch.cuda.amp.autocast():
/home/norak/R&I/kxs-/train.py:169: FutureWarning: `torch.cuda.amp.autocast(args...)` is deprecated. Please use `torch.amp.autocast('cuda', args...)` instead.
  with torch.cuda.amp.autocast():
    epoch  6  train_loss=0.0453  val_loss=0.0413  val_qwk=0.7088  val_acc=0.5368
/home/norak/R&I/kxs-/train.py:148: FutureWarning: `torch.cuda.amp.autocast(args...)` is deprecated. Please use `torch.amp.autocast('cuda', args...)` instead.
  with torch.cuda.amp.autocast():
/home/norak/R&I/kxs-/train.py:169: FutureWarning: `torch.cuda.amp.autocast(args...)` is deprecated. Please use `torch.amp.autocast('cuda', args...)` instead.
  with torch.cuda.amp.autocast():
    epoch  7  train_loss=0.0452  val_loss=0.0392  val_qwk=0.6894  val_acc=0.4926
/home/norak/R&I/kxs-/train.py:148: FutureWarning: `torch.cuda.amp.autocast(args...)` is deprecated. Please use `torch.amp.autocast('cuda', args...)` instead.
  with torch.cuda.amp.autocast():
/home/norak/R&I/kxs-/train.py:169: FutureWarning: `torch.cuda.amp.autocast(args...)` is deprecated. Please use `torch.amp.autocast('cuda', args...)` instead.
  with torch.cuda.amp.autocast():
    epoch  8  train_loss=0.0419  val_loss=0.0405  val_qwk=0.6240  val_acc=0.4853
/home/norak/R&I/kxs-/train.py:148: FutureWarning: `torch.cuda.amp.autocast(args...)` is deprecated. Please use `torch.amp.autocast('cuda', args...)` instead.
  with torch.cuda.amp.autocast():
/home/norak/R&I/kxs-/train.py:169: FutureWarning: `torch.cuda.amp.autocast(args...)` is deprecated. Please use `torch.amp.autocast('cuda', args...)` instead.
  with torch.cuda.amp.autocast():
    epoch  9  train_loss=0.0457  val_loss=0.0427  val_qwk=0.6440  val_acc=0.5515
/home/norak/R&I/kxs-/train.py:148: FutureWarning: `torch.cuda.amp.autocast(args...)` is deprecated. Please use `torch.amp.autocast('cuda', args...)` instead.
  with torch.cuda.amp.autocast():
/home/norak/R&I/kxs-/train.py:169: FutureWarning: `torch.cuda.amp.autocast(args...)` is deprecated. Please use `torch.amp.autocast('cuda', args...)` instead.
  with torch.cuda.amp.autocast():
    epoch 10  train_loss=0.0459  val_loss=0.0393  val_qwk=0.7049  val_acc=0.5956
    early-stop at epoch 10 (best epoch=6, best_qwk=0.7088)
/home/norak/R&I/kxs-/train.py:169: FutureWarning: `torch.cuda.amp.autocast(args...)` is deprecated. Please use `torch.amp.autocast('cuda', args...)` instead.
  with torch.cuda.amp.autocast():
/home/norak/R&I/kxs-/train.py:169: FutureWarning: `torch.cuda.amp.autocast(args...)` is deprecated. Please use `torch.amp.autocast('cuda', args...)` instead.
  with torch.cuda.amp.autocast():
/home/norak/R&I/kxs-/train.py:169: FutureWarning: `torch.cuda.amp.autocast(args...)` is deprecated. Please use `torch.amp.autocast('cuda', args...)` instead.
  with torch.cuda.amp.autocast():
  [segment_ra_dual_mbert_maxfeat           ] train_qwk=0.6696 -> test_qwk=0.6643  raw_w1=0.5839  epoch=6  (71.7s)
Loading weights:   0%|          | 0/199 [00:00<?, ?it/s]Loading weights: 100%|██████████| 199/199 [00:00<00:00, 3083.97it/s]
[transformers] [1mXLMRobertaModel LOAD REPORT[0m from: xlm-roberta-base
Key                       | Status     |  | 
--------------------------+------------+--+-
lm_head.layer_norm.weight | UNEXPECTED |  | 
lm_head.bias              | UNEXPECTED |  | 
lm_head.dense.bias        | UNEXPECTED |  | 
lm_head.layer_norm.bias   | UNEXPECTED |  | 
lm_head.dense.weight      | UNEXPECTED |  | 

Notes:
- UNEXPECTED:	can be ignored when loading from different task/architecture; not ok if you expect identical arch.
/home/norak/R&I/kxs-/train.py:206: FutureWarning: `torch.cuda.amp.GradScaler(args...)` is deprecated. Please use `torch.amp.GradScaler('cuda', args...)` instead.
  scaler = torch.cuda.amp.GradScaler() if use_amp and device == "cuda" else None
/home/norak/R&I/kxs-/train.py:148: FutureWarning: `torch.cuda.amp.autocast(args...)` is deprecated. Please use `torch.amp.autocast('cuda', args...)` instead.
  with torch.cuda.amp.autocast():
/home/norak/R&I/kxs-/train.py:169: FutureWarning: `torch.cuda.amp.autocast(args...)` is deprecated. Please use `torch.amp.autocast('cuda', args...)` instead.
  with torch.cuda.amp.autocast():
    epoch  1  train_loss=0.1163  val_loss=0.0645  val_qwk=0.3402  val_acc=0.2279
/home/norak/R&I/kxs-/train.py:148: FutureWarning: `torch.cuda.amp.autocast(args...)` is deprecated. Please use `torch.amp.autocast('cuda', args...)` instead.
  with torch.cuda.amp.autocast():
/home/norak/R&I/kxs-/train.py:169: FutureWarning: `torch.cuda.amp.autocast(args...)` is deprecated. Please use `torch.amp.autocast('cuda', args...)` instead.
  with torch.cuda.amp.autocast():
    epoch  2  train_loss=0.0664  val_loss=0.0474  val_qwk=0.5998  val_acc=0.5221
/home/norak/R&I/kxs-/train.py:148: FutureWarning: `torch.cuda.amp.autocast(args...)` is deprecated. Please use `torch.amp.autocast('cuda', args...)` instead.
  with torch.cuda.amp.autocast():
/home/norak/R&I/kxs-/train.py:169: FutureWarning: `torch.cuda.amp.autocast(args...)` is deprecated. Please use `torch.amp.autocast('cuda', args...)` instead.
  with torch.cuda.amp.autocast():
    epoch  3  train_loss=0.0593  val_loss=0.0492  val_qwk=0.6010  val_acc=0.5809
/home/norak/R&I/kxs-/train.py:148: FutureWarning: `torch.cuda.amp.autocast(args...)` is deprecated. Please use `torch.amp.autocast('cuda', args...)` instead.
  with torch.cuda.amp.autocast():
/home/norak/R&I/kxs-/train.py:169: FutureWarning: `torch.cuda.amp.autocast(args...)` is deprecated. Please use `torch.amp.autocast('cuda', args...)` instead.
  with torch.cuda.amp.autocast():
    epoch  4  train_loss=0.0502  val_loss=0.0383  val_qwk=0.7318  val_acc=0.5515
/home/norak/R&I/kxs-/train.py:148: FutureWarning: `torch.cuda.amp.autocast(args...)` is deprecated. Please use `torch.amp.autocast('cuda', args...)` instead.
  with torch.cuda.amp.autocast():
/home/norak/R&I/kxs-/train.py:169: FutureWarning: `torch.cuda.amp.autocast(args...)` is deprecated. Please use `torch.amp.autocast('cuda', args...)` instead.
  with torch.cuda.amp.autocast():
    epoch  5  train_loss=0.0482  val_loss=0.0328  val_qwk=0.7421  val_acc=0.5441
/home/norak/R&I/kxs-/train.py:148: FutureWarning: `torch.cuda.amp.autocast(args...)` is deprecated. Please use `torch.amp.autocast('cuda', args...)` instead.
  with torch.cuda.amp.autocast():
/home/norak/R&I/kxs-/train.py:169: FutureWarning: `torch.cuda.amp.autocast(args...)` is deprecated. Please use `torch.amp.autocast('cuda', args...)` instead.
  with torch.cuda.amp.autocast():
    epoch  6  train_loss=0.0415  val_loss=0.0441  val_qwk=0.6399  val_acc=0.5368
/home/norak/R&I/kxs-/train.py:148: FutureWarning: `torch.cuda.amp.autocast(args...)` is deprecated. Please use `torch.amp.autocast('cuda', args...)` instead.
  with torch.cuda.amp.autocast():
/home/norak/R&I/kxs-/train.py:169: FutureWarning: `torch.cuda.amp.autocast(args...)` is deprecated. Please use `torch.amp.autocast('cuda', args...)` instead.
  with torch.cuda.amp.autocast():
    epoch  7  train_loss=0.0345  val_loss=0.0310  val_qwk=0.7919  val_acc=0.6912
/home/norak/R&I/kxs-/train.py:148: FutureWarning: `torch.cuda.amp.autocast(args...)` is deprecated. Please use `torch.amp.autocast('cuda', args...)` instead.
  with torch.cuda.amp.autocast():
/home/norak/R&I/kxs-/train.py:169: FutureWarning: `torch.cuda.amp.autocast(args...)` is deprecated. Please use `torch.amp.autocast('cuda', args...)` instead.
  with torch.cuda.amp.autocast():
    epoch  8  train_loss=0.0302  val_loss=0.0329  val_qwk=0.7757  val_acc=0.5735
/home/norak/R&I/kxs-/train.py:148: FutureWarning: `torch.cuda.amp.autocast(args...)` is deprecated. Please use `torch.amp.autocast('cuda', args...)` instead.
  with torch.cuda.amp.autocast():
/home/norak/R&I/kxs-/train.py:169: FutureWarning: `torch.cuda.amp.autocast(args...)` is deprecated. Please use `torch.amp.autocast('cuda', args...)` instead.
  with torch.cuda.amp.autocast():
    epoch  9  train_loss=0.0251  val_loss=0.0273  val_qwk=0.8030  val_acc=0.6985
/home/norak/R&I/kxs-/train.py:148: FutureWarning: `torch.cuda.amp.autocast(args...)` is deprecated. Please use `torch.amp.autocast('cuda', args...)` instead.
  with torch.cuda.amp.autocast():
/home/norak/R&I/kxs-/train.py:169: FutureWarning: `torch.cuda.amp.autocast(args...)` is deprecated. Please use `torch.amp.autocast('cuda', args...)` instead.
  with torch.cuda.amp.autocast():
    epoch 10  train_loss=0.0211  val_loss=0.0284  val_qwk=0.8058  val_acc=0.6985
/home/norak/R&I/kxs-/train.py:148: FutureWarning: `torch.cuda.amp.autocast(args...)` is deprecated. Please use `torch.amp.autocast('cuda', args...)` instead.
  with torch.cuda.amp.autocast():
/home/norak/R&I/kxs-/train.py:169: FutureWarning: `torch.cuda.amp.autocast(args...)` is deprecated. Please use `torch.amp.autocast('cuda', args...)` instead.
  with torch.cuda.amp.autocast():
    epoch 11  train_loss=0.0220  val_loss=0.0279  val_qwk=0.7989  val_acc=0.6544
/home/norak/R&I/kxs-/train.py:148: FutureWarning: `torch.cuda.amp.autocast(args...)` is deprecated. Please use `torch.amp.autocast('cuda', args...)` instead.
  with torch.cuda.amp.autocast():
/home/norak/R&I/kxs-/train.py:169: FutureWarning: `torch.cuda.amp.autocast(args...)` is deprecated. Please use `torch.amp.autocast('cuda', args...)` instead.
  with torch.cuda.amp.autocast():
    epoch 12  train_loss=0.0174  val_loss=0.0245  val_qwk=0.8307  val_acc=0.7132
/home/norak/R&I/kxs-/train.py:148: FutureWarning: `torch.cuda.amp.autocast(args...)` is deprecated. Please use `torch.amp.autocast('cuda', args...)` instead.
  with torch.cuda.amp.autocast():
/home/norak/R&I/kxs-/train.py:169: FutureWarning: `torch.cuda.amp.autocast(args...)` is deprecated. Please use `torch.amp.autocast('cuda', args...)` instead.
  with torch.cuda.amp.autocast():
    epoch 13  train_loss=0.0164  val_loss=0.0270  val_qwk=0.8399  val_acc=0.7794
/home/norak/R&I/kxs-/train.py:148: FutureWarning: `torch.cuda.amp.autocast(args...)` is deprecated. Please use `torch.amp.autocast('cuda', args...)` instead.
  with torch.cuda.amp.autocast():
/home/norak/R&I/kxs-/train.py:169: FutureWarning: `torch.cuda.amp.autocast(args...)` is deprecated. Please use `torch.amp.autocast('cuda', args...)` instead.
  with torch.cuda.amp.autocast():
    epoch 14  train_loss=0.0146  val_loss=0.0274  val_qwk=0.8274  val_acc=0.6985
/home/norak/R&I/kxs-/train.py:148: FutureWarning: `torch.cuda.amp.autocast(args...)` is deprecated. Please use `torch.amp.autocast('cuda', args...)` instead.
  with torch.cuda.amp.autocast():
/home/norak/R&I/kxs-/train.py:169: FutureWarning: `torch.cuda.amp.autocast(args...)` is deprecated. Please use `torch.amp.autocast('cuda', args...)` instead.
  with torch.cuda.amp.autocast():
    epoch 15  train_loss=0.0138  val_loss=0.0245  val_qwk=0.8555  val_acc=0.7500
/home/norak/R&I/kxs-/train.py:148: FutureWarning: `torch.cuda.amp.autocast(args...)` is deprecated. Please use `torch.amp.autocast('cuda', args...)` instead.
  with torch.cuda.amp.autocast():
/home/norak/R&I/kxs-/train.py:169: FutureWarning: `torch.cuda.amp.autocast(args...)` is deprecated. Please use `torch.amp.autocast('cuda', args...)` instead.
  with torch.cuda.amp.autocast():
    epoch 16  train_loss=0.0137  val_loss=0.0227  val_qwk=0.8562  val_acc=0.7279
/home/norak/R&I/kxs-/train.py:148: FutureWarning: `torch.cuda.amp.autocast(args...)` is deprecated. Please use `torch.amp.autocast('cuda', args...)` instead.
  with torch.cuda.amp.autocast():
/home/norak/R&I/kxs-/train.py:169: FutureWarning: `torch.cuda.amp.autocast(args...)` is deprecated. Please use `torch.amp.autocast('cuda', args...)` instead.
  with torch.cuda.amp.autocast():
    epoch 17  train_loss=0.0131  val_loss=0.0222  val_qwk=0.8545  val_acc=0.7353
/home/norak/R&I/kxs-/train.py:148: FutureWarning: `torch.cuda.amp.autocast(args...)` is deprecated. Please use `torch.amp.autocast('cuda', args...)` instead.
  with torch.cuda.amp.autocast():
/home/norak/R&I/kxs-/train.py:169: FutureWarning: `torch.cuda.amp.autocast(args...)` is deprecated. Please use `torch.amp.autocast('cuda', args...)` instead.
  with torch.cuda.amp.autocast():
    epoch 18  train_loss=0.0101  val_loss=0.0258  val_qwk=0.8421  val_acc=0.7206
/home/norak/R&I/kxs-/train.py:148: FutureWarning: `torch.cuda.amp.autocast(args...)` is deprecated. Please use `torch.amp.autocast('cuda', args...)` instead.
  with torch.cuda.amp.autocast():
/home/norak/R&I/kxs-/train.py:169: FutureWarning: `torch.cuda.amp.autocast(args...)` is deprecated. Please use `torch.amp.autocast('cuda', args...)` instead.
  with torch.cuda.amp.autocast():
    epoch 19  train_loss=0.0125  val_loss=0.0261  val_qwk=0.8387  val_acc=0.7206
/home/norak/R&I/kxs-/train.py:148: FutureWarning: `torch.cuda.amp.autocast(args...)` is deprecated. Please use `torch.amp.autocast('cuda', args...)` instead.
  with torch.cuda.amp.autocast():
/home/norak/R&I/kxs-/train.py:169: FutureWarning: `torch.cuda.amp.autocast(args...)` is deprecated. Please use `torch.amp.autocast('cuda', args...)` instead.
  with torch.cuda.amp.autocast():
    epoch 20  train_loss=0.0119  val_loss=0.0198  val_qwk=0.8650  val_acc=0.7647
/home/norak/R&I/kxs-/train.py:169: FutureWarning: `torch.cuda.amp.autocast(args...)` is deprecated. Please use `torch.amp.autocast('cuda', args...)` instead.
  with torch.cuda.amp.autocast():
/home/norak/R&I/kxs-/train.py:169: FutureWarning: `torch.cuda.amp.autocast(args...)` is deprecated. Please use `torch.amp.autocast('cuda', args...)` instead.
  with torch.cuda.amp.autocast():
/home/norak/R&I/kxs-/train.py:169: FutureWarning: `torch.cuda.amp.autocast(args...)` is deprecated. Please use `torch.amp.autocast('cuda', args...)` instead.
  with torch.cuda.amp.autocast():
  [segment_ra_dual_xlmr_maxfeat            ] train_qwk=0.9359 -> test_qwk=0.8001  raw_w1=0.7372  epoch=20  (134.8s)
Loading weights:   0%|          | 0/136 [00:00<?, ?it/s]Loading weights:   3%|▎         | 4/136 [00:00<00:04, 31.98it/s]Loading weights: 100%|██████████| 136/136 [00:00<00:00, 942.04it/s]
[transformers] [1mNewModel LOAD REPORT[0m from: Alibaba-NLP/gte-multilingual-base
Key               | Status     |  | 
------------------+------------+--+-
classifier.weight | UNEXPECTED |  | 
classifier.bias   | UNEXPECTED |  | 

Notes:
- UNEXPECTED:	can be ignored when loading from different task/architecture; not ok if you expect identical arch.
/home/norak/R&I/kxs-/train.py:206: FutureWarning: `torch.cuda.amp.GradScaler(args...)` is deprecated. Please use `torch.amp.GradScaler('cuda', args...)` instead.
  scaler = torch.cuda.amp.GradScaler() if use_amp and device == "cuda" else None
/home/norak/R&I/kxs-/train.py:148: FutureWarning: `torch.cuda.amp.autocast(args...)` is deprecated. Please use `torch.amp.autocast('cuda', args...)` instead.
  with torch.cuda.amp.autocast():
/home/norak/R&I/kxs-/train.py:169: FutureWarning: `torch.cuda.amp.autocast(args...)` is deprecated. Please use `torch.amp.autocast('cuda', args...)` instead.
  with torch.cuda.amp.autocast():
    epoch  1  train_loss=0.0735  val_loss=0.0400  val_qwk=0.6487  val_acc=0.5074
/home/norak/R&I/kxs-/train.py:148: FutureWarning: `torch.cuda.amp.autocast(args...)` is deprecated. Please use `torch.amp.autocast('cuda', args...)` instead.
  with torch.cuda.amp.autocast():
/home/norak/R&I/kxs-/train.py:169: FutureWarning: `torch.cuda.amp.autocast(args...)` is deprecated. Please use `torch.amp.autocast('cuda', args...)` instead.
  with torch.cuda.amp.autocast():
    epoch  2  train_loss=0.0425  val_loss=0.0333  val_qwk=0.7359  val_acc=0.6324
/home/norak/R&I/kxs-/train.py:148: FutureWarning: `torch.cuda.amp.autocast(args...)` is deprecated. Please use `torch.amp.autocast('cuda', args...)` instead.
  with torch.cuda.amp.autocast():
/home/norak/R&I/kxs-/train.py:169: FutureWarning: `torch.cuda.amp.autocast(args...)` is deprecated. Please use `torch.amp.autocast('cuda', args...)` instead.
  with torch.cuda.amp.autocast():
    epoch  3  train_loss=0.0306  val_loss=0.0273  val_qwk=0.7835  val_acc=0.5882
/home/norak/R&I/kxs-/train.py:148: FutureWarning: `torch.cuda.amp.autocast(args...)` is deprecated. Please use `torch.amp.autocast('cuda', args...)` instead.
  with torch.cuda.amp.autocast():
/home/norak/R&I/kxs-/train.py:169: FutureWarning: `torch.cuda.amp.autocast(args...)` is deprecated. Please use `torch.amp.autocast('cuda', args...)` instead.
  with torch.cuda.amp.autocast():
    epoch  4  train_loss=0.0255  val_loss=0.0263  val_qwk=0.7954  val_acc=0.6912
/home/norak/R&I/kxs-/train.py:148: FutureWarning: `torch.cuda.amp.autocast(args...)` is deprecated. Please use `torch.amp.autocast('cuda', args...)` instead.
  with torch.cuda.amp.autocast():
/home/norak/R&I/kxs-/train.py:169: FutureWarning: `torch.cuda.amp.autocast(args...)` is deprecated. Please use `torch.amp.autocast('cuda', args...)` instead.
  with torch.cuda.amp.autocast():
    epoch  5  train_loss=0.0195  val_loss=0.0223  val_qwk=0.8260  val_acc=0.7059
/home/norak/R&I/kxs-/train.py:148: FutureWarning: `torch.cuda.amp.autocast(args...)` is deprecated. Please use `torch.amp.autocast('cuda', args...)` instead.
  with torch.cuda.amp.autocast():
/home/norak/R&I/kxs-/train.py:169: FutureWarning: `torch.cuda.amp.autocast(args...)` is deprecated. Please use `torch.amp.autocast('cuda', args...)` instead.
  with torch.cuda.amp.autocast():
    epoch  6  train_loss=0.0155  val_loss=0.0208  val_qwk=0.8595  val_acc=0.7500
/home/norak/R&I/kxs-/train.py:148: FutureWarning: `torch.cuda.amp.autocast(args...)` is deprecated. Please use `torch.amp.autocast('cuda', args...)` instead.
  with torch.cuda.amp.autocast():
/home/norak/R&I/kxs-/train.py:169: FutureWarning: `torch.cuda.amp.autocast(args...)` is deprecated. Please use `torch.amp.autocast('cuda', args...)` instead.
  with torch.cuda.amp.autocast():
    epoch  7  train_loss=0.0136  val_loss=0.0214  val_qwk=0.8386  val_acc=0.6544
/home/norak/R&I/kxs-/train.py:148: FutureWarning: `torch.cuda.amp.autocast(args...)` is deprecated. Please use `torch.amp.autocast('cuda', args...)` instead.
  with torch.cuda.amp.autocast():
/home/norak/R&I/kxs-/train.py:169: FutureWarning: `torch.cuda.amp.autocast(args...)` is deprecated. Please use `torch.amp.autocast('cuda', args...)` instead.
  with torch.cuda.amp.autocast():
    epoch  8  train_loss=0.0129  val_loss=0.0208  val_qwk=0.8860  val_acc=0.7721
/home/norak/R&I/kxs-/train.py:148: FutureWarning: `torch.cuda.amp.autocast(args...)` is deprecated. Please use `torch.amp.autocast('cuda', args...)` instead.
  with torch.cuda.amp.autocast():
/home/norak/R&I/kxs-/train.py:169: FutureWarning: `torch.cuda.amp.autocast(args...)` is deprecated. Please use `torch.amp.autocast('cuda', args...)` instead.
  with torch.cuda.amp.autocast():
    epoch  9  train_loss=0.0119  val_loss=0.0204  val_qwk=0.8347  val_acc=0.7059
/home/norak/R&I/kxs-/train.py:148: FutureWarning: `torch.cuda.amp.autocast(args...)` is deprecated. Please use `torch.amp.autocast('cuda', args...)` instead.
  with torch.cuda.amp.autocast():
/home/norak/R&I/kxs-/train.py:169: FutureWarning: `torch.cuda.amp.autocast(args...)` is deprecated. Please use `torch.amp.autocast('cuda', args...)` instead.
  with torch.cuda.amp.autocast():
    epoch 10  train_loss=0.0102  val_loss=0.0166  val_qwk=0.8852  val_acc=0.7721
/home/norak/R&I/kxs-/train.py:148: FutureWarning: `torch.cuda.amp.autocast(args...)` is deprecated. Please use `torch.amp.autocast('cuda', args...)` instead.
  with torch.cuda.amp.autocast():
/home/norak/R&I/kxs-/train.py:169: FutureWarning: `torch.cuda.amp.autocast(args...)` is deprecated. Please use `torch.amp.autocast('cuda', args...)` instead.
  with torch.cuda.amp.autocast():
    epoch 11  train_loss=0.0096  val_loss=0.0179  val_qwk=0.8953  val_acc=0.7574
/home/norak/R&I/kxs-/train.py:148: FutureWarning: `torch.cuda.amp.autocast(args...)` is deprecated. Please use `torch.amp.autocast('cuda', args...)` instead.
  with torch.cuda.amp.autocast():
/home/norak/R&I/kxs-/train.py:169: FutureWarning: `torch.cuda.amp.autocast(args...)` is deprecated. Please use `torch.amp.autocast('cuda', args...)` instead.
  with torch.cuda.amp.autocast():
    epoch 12  train_loss=0.0081  val_loss=0.0196  val_qwk=0.8684  val_acc=0.7279
/home/norak/R&I/kxs-/train.py:148: FutureWarning: `torch.cuda.amp.autocast(args...)` is deprecated. Please use `torch.amp.autocast('cuda', args...)` instead.
  with torch.cuda.amp.autocast():
/home/norak/R&I/kxs-/train.py:169: FutureWarning: `torch.cuda.amp.autocast(args...)` is deprecated. Please use `torch.amp.autocast('cuda', args...)` instead.
  with torch.cuda.amp.autocast():
    epoch 13  train_loss=0.0083  val_loss=0.0159  val_qwk=0.8925  val_acc=0.7721
/home/norak/R&I/kxs-/train.py:148: FutureWarning: `torch.cuda.amp.autocast(args...)` is deprecated. Please use `torch.amp.autocast('cuda', args...)` instead.
  with torch.cuda.amp.autocast():
/home/norak/R&I/kxs-/train.py:169: FutureWarning: `torch.cuda.amp.autocast(args...)` is deprecated. Please use `torch.amp.autocast('cuda', args...)` instead.
  with torch.cuda.amp.autocast():
    epoch 14  train_loss=0.0072  val_loss=0.0181  val_qwk=0.8857  val_acc=0.7574
/home/norak/R&I/kxs-/train.py:148: FutureWarning: `torch.cuda.amp.autocast(args...)` is deprecated. Please use `torch.amp.autocast('cuda', args...)` instead.
  with torch.cuda.amp.autocast():
/home/norak/R&I/kxs-/train.py:169: FutureWarning: `torch.cuda.amp.autocast(args...)` is deprecated. Please use `torch.amp.autocast('cuda', args...)` instead.
  with torch.cuda.amp.autocast():
    epoch 15  train_loss=0.0069  val_loss=0.0186  val_qwk=0.8929  val_acc=0.7868
    early-stop at epoch 15 (best epoch=11, best_qwk=0.8953)
/home/norak/R&I/kxs-/train.py:169: FutureWarning: `torch.cuda.amp.autocast(args...)` is deprecated. Please use `torch.amp.autocast('cuda', args...)` instead.
  with torch.cuda.amp.autocast():
/home/norak/R&I/kxs-/train.py:169: FutureWarning: `torch.cuda.amp.autocast(args...)` is deprecated. Please use `torch.amp.autocast('cuda', args...)` instead.
  with torch.cuda.amp.autocast():
/home/norak/R&I/kxs-/train.py:169: FutureWarning: `torch.cuda.amp.autocast(args...)` is deprecated. Please use `torch.amp.autocast('cuda', args...)` instead.
  with torch.cuda.amp.autocast():
  [segment_ra_dual_gte_maxfeat             ] train_qwk=0.9435 -> test_qwk=0.8418  raw_w1=0.7737  epoch=11  (122.3s)
Loading weights:   0%|          | 0/199 [00:00<?, ?it/s]Loading weights: 100%|██████████| 199/199 [00:00<00:00, 3080.76it/s]
[transformers] [1mBertModel LOAD REPORT[0m from: bert-base-multilingual-cased
Key                                        | Status     |  | 
-------------------------------------------+------------+--+-
cls.seq_relationship.weight                | UNEXPECTED |  | 
cls.predictions.transform.LayerNorm.weight | UNEXPECTED |  | 
cls.predictions.transform.dense.bias       | UNEXPECTED |  | 
cls.predictions.transform.dense.weight     | UNEXPECTED |  | 
cls.predictions.transform.LayerNorm.bias   | UNEXPECTED |  | 
cls.seq_relationship.bias                  | UNEXPECTED |  | 
cls.predictions.bias                       | UNEXPECTED |  | 

Notes:
- UNEXPECTED:	can be ignored when loading from different task/architecture; not ok if you expect identical arch.
/home/norak/R&I/kxs-/train.py:206: FutureWarning: `torch.cuda.amp.GradScaler(args...)` is deprecated. Please use `torch.amp.GradScaler('cuda', args...)` instead.
  scaler = torch.cuda.amp.GradScaler() if use_amp and device == "cuda" else None
/home/norak/R&I/kxs-/train.py:148: FutureWarning: `torch.cuda.amp.autocast(args...)` is deprecated. Please use `torch.amp.autocast('cuda', args...)` instead.
  with torch.cuda.amp.autocast():
/home/norak/R&I/kxs-/train.py:169: FutureWarning: `torch.cuda.amp.autocast(args...)` is deprecated. Please use `torch.amp.autocast('cuda', args...)` instead.
  with torch.cuda.amp.autocast():
    epoch  1  train_loss=0.0918  val_loss=0.0840  val_qwk=0.0000  val_acc=0.1324
/home/norak/R&I/kxs-/train.py:148: FutureWarning: `torch.cuda.amp.autocast(args...)` is deprecated. Please use `torch.amp.autocast('cuda', args...)` instead.
  with torch.cuda.amp.autocast():
/home/norak/R&I/kxs-/train.py:169: FutureWarning: `torch.cuda.amp.autocast(args...)` is deprecated. Please use `torch.amp.autocast('cuda', args...)` instead.
  with torch.cuda.amp.autocast():
    epoch  2  train_loss=0.0786  val_loss=0.0827  val_qwk=0.2301  val_acc=0.2721
/home/norak/R&I/kxs-/train.py:148: FutureWarning: `torch.cuda.amp.autocast(args...)` is deprecated. Please use `torch.amp.autocast('cuda', args...)` instead.
  with torch.cuda.amp.autocast():
/home/norak/R&I/kxs-/train.py:169: FutureWarning: `torch.cuda.amp.autocast(args...)` is deprecated. Please use `torch.amp.autocast('cuda', args...)` instead.
  with torch.cuda.amp.autocast():
    epoch  3  train_loss=0.0782  val_loss=0.0751  val_qwk=0.2794  val_acc=0.3015
/home/norak/R&I/kxs-/train.py:148: FutureWarning: `torch.cuda.amp.autocast(args...)` is deprecated. Please use `torch.amp.autocast('cuda', args...)` instead.
  with torch.cuda.amp.autocast():
/home/norak/R&I/kxs-/train.py:169: FutureWarning: `torch.cuda.amp.autocast(args...)` is deprecated. Please use `torch.amp.autocast('cuda', args...)` instead.
  with torch.cuda.amp.autocast():
    epoch  4  train_loss=0.0691  val_loss=0.0667  val_qwk=0.4251  val_acc=0.4191
/home/norak/R&I/kxs-/train.py:148: FutureWarning: `torch.cuda.amp.autocast(args...)` is deprecated. Please use `torch.amp.autocast('cuda', args...)` instead.
  with torch.cuda.amp.autocast():
/home/norak/R&I/kxs-/train.py:169: FutureWarning: `torch.cuda.amp.autocast(args...)` is deprecated. Please use `torch.amp.autocast('cuda', args...)` instead.
  with torch.cuda.amp.autocast():
    epoch  5  train_loss=0.0672  val_loss=0.0691  val_qwk=0.3624  val_acc=0.3382
/home/norak/R&I/kxs-/train.py:148: FutureWarning: `torch.cuda.amp.autocast(args...)` is deprecated. Please use `torch.amp.autocast('cuda', args...)` instead.
  with torch.cuda.amp.autocast():
/home/norak/R&I/kxs-/train.py:169: FutureWarning: `torch.cuda.amp.autocast(args...)` is deprecated. Please use `torch.amp.autocast('cuda', args...)` instead.
  with torch.cuda.amp.autocast():
    epoch  6  train_loss=0.0667  val_loss=0.0658  val_qwk=0.3727  val_acc=0.3529
/home/norak/R&I/kxs-/train.py:148: FutureWarning: `torch.cuda.amp.autocast(args...)` is deprecated. Please use `torch.amp.autocast('cuda', args...)` instead.
  with torch.cuda.amp.autocast():
/home/norak/R&I/kxs-/train.py:169: FutureWarning: `torch.cuda.amp.autocast(args...)` is deprecated. Please use `torch.amp.autocast('cuda', args...)` instead.
  with torch.cuda.amp.autocast():
    epoch  7  train_loss=0.0648  val_loss=0.0604  val_qwk=0.4449  val_acc=0.4338
/home/norak/R&I/kxs-/train.py:148: FutureWarning: `torch.cuda.amp.autocast(args...)` is deprecated. Please use `torch.amp.autocast('cuda', args...)` instead.
  with torch.cuda.amp.autocast():
/home/norak/R&I/kxs-/train.py:169: FutureWarning: `torch.cuda.amp.autocast(args...)` is deprecated. Please use `torch.amp.autocast('cuda', args...)` instead.
  with torch.cuda.amp.autocast():
    epoch  8  train_loss=0.0616  val_loss=0.0602  val_qwk=0.5960  val_acc=0.5515
/home/norak/R&I/kxs-/train.py:148: FutureWarning: `torch.cuda.amp.autocast(args...)` is deprecated. Please use `torch.amp.autocast('cuda', args...)` instead.
  with torch.cuda.amp.autocast():
/home/norak/R&I/kxs-/train.py:169: FutureWarning: `torch.cuda.amp.autocast(args...)` is deprecated. Please use `torch.amp.autocast('cuda', args...)` instead.
  with torch.cuda.amp.autocast():
    epoch  9  train_loss=0.0581  val_loss=0.0557  val_qwk=0.5132  val_acc=0.5441
/home/norak/R&I/kxs-/train.py:148: FutureWarning: `torch.cuda.amp.autocast(args...)` is deprecated. Please use `torch.amp.autocast('cuda', args...)` instead.
  with torch.cuda.amp.autocast():
/home/norak/R&I/kxs-/train.py:169: FutureWarning: `torch.cuda.amp.autocast(args...)` is deprecated. Please use `torch.amp.autocast('cuda', args...)` instead.
  with torch.cuda.amp.autocast():
    epoch 10  train_loss=0.0572  val_loss=0.0526  val_qwk=0.6672  val_acc=0.6029
/home/norak/R&I/kxs-/train.py:148: FutureWarning: `torch.cuda.amp.autocast(args...)` is deprecated. Please use `torch.amp.autocast('cuda', args...)` instead.
  with torch.cuda.amp.autocast():
/home/norak/R&I/kxs-/train.py:169: FutureWarning: `torch.cuda.amp.autocast(args...)` is deprecated. Please use `torch.amp.autocast('cuda', args...)` instead.
  with torch.cuda.amp.autocast():
    epoch 11  train_loss=0.0557  val_loss=0.0445  val_qwk=0.7204  val_acc=0.6397
/home/norak/R&I/kxs-/train.py:148: FutureWarning: `torch.cuda.amp.autocast(args...)` is deprecated. Please use `torch.amp.autocast('cuda', args...)` instead.
  with torch.cuda.amp.autocast():
/home/norak/R&I/kxs-/train.py:169: FutureWarning: `torch.cuda.amp.autocast(args...)` is deprecated. Please use `torch.amp.autocast('cuda', args...)` instead.
  with torch.cuda.amp.autocast():
    epoch 12  train_loss=0.0505  val_loss=0.0413  val_qwk=0.7180  val_acc=0.6250
/home/norak/R&I/kxs-/train.py:148: FutureWarning: `torch.cuda.amp.autocast(args...)` is deprecated. Please use `torch.amp.autocast('cuda', args...)` instead.
  with torch.cuda.amp.autocast():
/home/norak/R&I/kxs-/train.py:169: FutureWarning: `torch.cuda.amp.autocast(args...)` is deprecated. Please use `torch.amp.autocast('cuda', args...)` instead.
  with torch.cuda.amp.autocast():
    epoch 13  train_loss=0.0519  val_loss=0.0515  val_qwk=0.6685  val_acc=0.6103
/home/norak/R&I/kxs-/train.py:148: FutureWarning: `torch.cuda.amp.autocast(args...)` is deprecated. Please use `torch.amp.autocast('cuda', args...)` instead.
  with torch.cuda.amp.autocast():
/home/norak/R&I/kxs-/train.py:169: FutureWarning: `torch.cuda.amp.autocast(args...)` is deprecated. Please use `torch.amp.autocast('cuda', args...)` instead.
  with torch.cuda.amp.autocast():
    epoch 14  train_loss=0.0494  val_loss=0.0455  val_qwk=0.6816  val_acc=0.6471
/home/norak/R&I/kxs-/train.py:148: FutureWarning: `torch.cuda.amp.autocast(args...)` is deprecated. Please use `torch.amp.autocast('cuda', args...)` instead.
  with torch.cuda.amp.autocast():
/home/norak/R&I/kxs-/train.py:169: FutureWarning: `torch.cuda.amp.autocast(args...)` is deprecated. Please use `torch.amp.autocast('cuda', args...)` instead.
  with torch.cuda.amp.autocast():
    epoch 15  train_loss=0.0497  val_loss=0.0447  val_qwk=0.7025  val_acc=0.6029
    early-stop at epoch 15 (best epoch=11, best_qwk=0.7204)
/home/norak/R&I/kxs-/train.py:169: FutureWarning: `torch.cuda.amp.autocast(args...)` is deprecated. Please use `torch.amp.autocast('cuda', args...)` instead.
  with torch.cuda.amp.autocast():
/home/norak/R&I/kxs-/train.py:169: FutureWarning: `torch.cuda.amp.autocast(args...)` is deprecated. Please use `torch.amp.autocast('cuda', args...)` instead.
  with torch.cuda.amp.autocast():
/home/norak/R&I/kxs-/train.py:169: FutureWarning: `torch.cuda.amp.autocast(args...)` is deprecated. Please use `torch.amp.autocast('cuda', args...)` instead.
  with torch.cuda.amp.autocast():
  [segment_ra_cross_mbert_maxfeat          ] train_qwk=0.6760 -> test_qwk=0.6086  raw_w1=0.6058  epoch=11  (69.3s)
Loading weights:   0%|          | 0/199 [00:00<?, ?it/s]Loading weights: 100%|██████████| 199/199 [00:00<00:00, 3084.41it/s]
[transformers] [1mXLMRobertaModel LOAD REPORT[0m from: xlm-roberta-base
Key                       | Status     |  | 
--------------------------+------------+--+-
lm_head.layer_norm.weight | UNEXPECTED |  | 
lm_head.bias              | UNEXPECTED |  | 
lm_head.dense.bias        | UNEXPECTED |  | 
lm_head.layer_norm.bias   | UNEXPECTED |  | 
lm_head.dense.weight      | UNEXPECTED |  | 

Notes:
- UNEXPECTED:	can be ignored when loading from different task/architecture; not ok if you expect identical arch.
/home/norak/R&I/kxs-/train.py:206: FutureWarning: `torch.cuda.amp.GradScaler(args...)` is deprecated. Please use `torch.amp.GradScaler('cuda', args...)` instead.
  scaler = torch.cuda.amp.GradScaler() if use_amp and device == "cuda" else None
/home/norak/R&I/kxs-/train.py:148: FutureWarning: `torch.cuda.amp.autocast(args...)` is deprecated. Please use `torch.amp.autocast('cuda', args...)` instead.
  with torch.cuda.amp.autocast():
/home/norak/R&I/kxs-/train.py:169: FutureWarning: `torch.cuda.amp.autocast(args...)` is deprecated. Please use `torch.amp.autocast('cuda', args...)` instead.
  with torch.cuda.amp.autocast():
    epoch  1  train_loss=0.0993  val_loss=0.0779  val_qwk=0.1760  val_acc=0.1471
/home/norak/R&I/kxs-/train.py:148: FutureWarning: `torch.cuda.amp.autocast(args...)` is deprecated. Please use `torch.amp.autocast('cuda', args...)` instead.
  with torch.cuda.amp.autocast():
/home/norak/R&I/kxs-/train.py:169: FutureWarning: `torch.cuda.amp.autocast(args...)` is deprecated. Please use `torch.amp.autocast('cuda', args...)` instead.
  with torch.cuda.amp.autocast():
    epoch  2  train_loss=0.0705  val_loss=0.0522  val_qwk=0.5876  val_acc=0.5147
/home/norak/R&I/kxs-/train.py:148: FutureWarning: `torch.cuda.amp.autocast(args...)` is deprecated. Please use `torch.amp.autocast('cuda', args...)` instead.
  with torch.cuda.amp.autocast():
/home/norak/R&I/kxs-/train.py:169: FutureWarning: `torch.cuda.amp.autocast(args...)` is deprecated. Please use `torch.amp.autocast('cuda', args...)` instead.
  with torch.cuda.amp.autocast():
    epoch  3  train_loss=0.0557  val_loss=0.0501  val_qwk=0.6281  val_acc=0.6103
/home/norak/R&I/kxs-/train.py:148: FutureWarning: `torch.cuda.amp.autocast(args...)` is deprecated. Please use `torch.amp.autocast('cuda', args...)` instead.
  with torch.cuda.amp.autocast():
/home/norak/R&I/kxs-/train.py:169: FutureWarning: `torch.cuda.amp.autocast(args...)` is deprecated. Please use `torch.amp.autocast('cuda', args...)` instead.
  with torch.cuda.amp.autocast():
    epoch  4  train_loss=0.0473  val_loss=0.0421  val_qwk=0.6645  val_acc=0.6176
/home/norak/R&I/kxs-/train.py:148: FutureWarning: `torch.cuda.amp.autocast(args...)` is deprecated. Please use `torch.amp.autocast('cuda', args...)` instead.
  with torch.cuda.amp.autocast():
/home/norak/R&I/kxs-/train.py:169: FutureWarning: `torch.cuda.amp.autocast(args...)` is deprecated. Please use `torch.amp.autocast('cuda', args...)` instead.
  with torch.cuda.amp.autocast():
    epoch  5  train_loss=0.0406  val_loss=0.0377  val_qwk=0.7352  val_acc=0.6471
/home/norak/R&I/kxs-/train.py:148: FutureWarning: `torch.cuda.amp.autocast(args...)` is deprecated. Please use `torch.amp.autocast('cuda', args...)` instead.
  with torch.cuda.amp.autocast():
/home/norak/R&I/kxs-/train.py:169: FutureWarning: `torch.cuda.amp.autocast(args...)` is deprecated. Please use `torch.amp.autocast('cuda', args...)` instead.
  with torch.cuda.amp.autocast():
    epoch  6  train_loss=0.0371  val_loss=0.0304  val_qwk=0.7752  val_acc=0.6324
/home/norak/R&I/kxs-/train.py:148: FutureWarning: `torch.cuda.amp.autocast(args...)` is deprecated. Please use `torch.amp.autocast('cuda', args...)` instead.
  with torch.cuda.amp.autocast():
/home/norak/R&I/kxs-/train.py:169: FutureWarning: `torch.cuda.amp.autocast(args...)` is deprecated. Please use `torch.amp.autocast('cuda', args...)` instead.
  with torch.cuda.amp.autocast():
    epoch  7  train_loss=0.0361  val_loss=0.0276  val_qwk=0.8268  val_acc=0.6985
/home/norak/R&I/kxs-/train.py:148: FutureWarning: `torch.cuda.amp.autocast(args...)` is deprecated. Please use `torch.amp.autocast('cuda', args...)` instead.
  with torch.cuda.amp.autocast():
/home/norak/R&I/kxs-/train.py:169: FutureWarning: `torch.cuda.amp.autocast(args...)` is deprecated. Please use `torch.amp.autocast('cuda', args...)` instead.
  with torch.cuda.amp.autocast():
    epoch  8  train_loss=0.0319  val_loss=0.0282  val_qwk=0.8024  val_acc=0.7206
/home/norak/R&I/kxs-/train.py:148: FutureWarning: `torch.cuda.amp.autocast(args...)` is deprecated. Please use `torch.amp.autocast('cuda', args...)` instead.
  with torch.cuda.amp.autocast():
/home/norak/R&I/kxs-/train.py:169: FutureWarning: `torch.cuda.amp.autocast(args...)` is deprecated. Please use `torch.amp.autocast('cuda', args...)` instead.
  with torch.cuda.amp.autocast():
    epoch  9  train_loss=0.0323  val_loss=0.0264  val_qwk=0.8366  val_acc=0.7500
/home/norak/R&I/kxs-/train.py:148: FutureWarning: `torch.cuda.amp.autocast(args...)` is deprecated. Please use `torch.amp.autocast('cuda', args...)` instead.
  with torch.cuda.amp.autocast():
/home/norak/R&I/kxs-/train.py:169: FutureWarning: `torch.cuda.amp.autocast(args...)` is deprecated. Please use `torch.amp.autocast('cuda', args...)` instead.
  with torch.cuda.amp.autocast():
    epoch 10  train_loss=0.0273  val_loss=0.0254  val_qwk=0.8119  val_acc=0.6985
/home/norak/R&I/kxs-/train.py:148: FutureWarning: `torch.cuda.amp.autocast(args...)` is deprecated. Please use `torch.amp.autocast('cuda', args...)` instead.
  with torch.cuda.amp.autocast():
/home/norak/R&I/kxs-/train.py:169: FutureWarning: `torch.cuda.amp.autocast(args...)` is deprecated. Please use `torch.amp.autocast('cuda', args...)` instead.
  with torch.cuda.amp.autocast():
    epoch 11  train_loss=0.0267  val_loss=0.0266  val_qwk=0.7969  val_acc=0.7353
/home/norak/R&I/kxs-/train.py:148: FutureWarning: `torch.cuda.amp.autocast(args...)` is deprecated. Please use `torch.amp.autocast('cuda', args...)` instead.
  with torch.cuda.amp.autocast():
/home/norak/R&I/kxs-/train.py:169: FutureWarning: `torch.cuda.amp.autocast(args...)` is deprecated. Please use `torch.amp.autocast('cuda', args...)` instead.
  with torch.cuda.amp.autocast():
    epoch 12  train_loss=0.0232  val_loss=0.0268  val_qwk=0.8366  val_acc=0.7500
/home/norak/R&I/kxs-/train.py:148: FutureWarning: `torch.cuda.amp.autocast(args...)` is deprecated. Please use `torch.amp.autocast('cuda', args...)` instead.
  with torch.cuda.amp.autocast():
/home/norak/R&I/kxs-/train.py:169: FutureWarning: `torch.cuda.amp.autocast(args...)` is deprecated. Please use `torch.amp.autocast('cuda', args...)` instead.
  with torch.cuda.amp.autocast():
    epoch 13  train_loss=0.0219  val_loss=0.0239  val_qwk=0.8284  val_acc=0.7059
/home/norak/R&I/kxs-/train.py:148: FutureWarning: `torch.cuda.amp.autocast(args...)` is deprecated. Please use `torch.amp.autocast('cuda', args...)` instead.
  with torch.cuda.amp.autocast():
/home/norak/R&I/kxs-/train.py:169: FutureWarning: `torch.cuda.amp.autocast(args...)` is deprecated. Please use `torch.amp.autocast('cuda', args...)` instead.
  with torch.cuda.amp.autocast():
    epoch 14  train_loss=0.0192  val_loss=0.0273  val_qwk=0.8539  val_acc=0.7647
/home/norak/R&I/kxs-/train.py:148: FutureWarning: `torch.cuda.amp.autocast(args...)` is deprecated. Please use `torch.amp.autocast('cuda', args...)` instead.
  with torch.cuda.amp.autocast():
/home/norak/R&I/kxs-/train.py:169: FutureWarning: `torch.cuda.amp.autocast(args...)` is deprecated. Please use `torch.amp.autocast('cuda', args...)` instead.
  with torch.cuda.amp.autocast():
    epoch 15  train_loss=0.0200  val_loss=0.0255  val_qwk=0.8610  val_acc=0.7574
/home/norak/R&I/kxs-/train.py:148: FutureWarning: `torch.cuda.amp.autocast(args...)` is deprecated. Please use `torch.amp.autocast('cuda', args...)` instead.
  with torch.cuda.amp.autocast():
/home/norak/R&I/kxs-/train.py:169: FutureWarning: `torch.cuda.amp.autocast(args...)` is deprecated. Please use `torch.amp.autocast('cuda', args...)` instead.
  with torch.cuda.amp.autocast():
    epoch 16  train_loss=0.0184  val_loss=0.0271  val_qwk=0.8358  val_acc=0.7059
/home/norak/R&I/kxs-/train.py:148: FutureWarning: `torch.cuda.amp.autocast(args...)` is deprecated. Please use `torch.amp.autocast('cuda', args...)` instead.
  with torch.cuda.amp.autocast():
/home/norak/R&I/kxs-/train.py:169: FutureWarning: `torch.cuda.amp.autocast(args...)` is deprecated. Please use `torch.amp.autocast('cuda', args...)` instead.
  with torch.cuda.amp.autocast():
    epoch 17  train_loss=0.0178  val_loss=0.0253  val_qwk=0.8576  val_acc=0.7206
/home/norak/R&I/kxs-/train.py:148: FutureWarning: `torch.cuda.amp.autocast(args...)` is deprecated. Please use `torch.amp.autocast('cuda', args...)` instead.
  with torch.cuda.amp.autocast():
/home/norak/R&I/kxs-/train.py:169: FutureWarning: `torch.cuda.amp.autocast(args...)` is deprecated. Please use `torch.amp.autocast('cuda', args...)` instead.
  with torch.cuda.amp.autocast():
    epoch 18  train_loss=0.0159  val_loss=0.0272  val_qwk=0.8380  val_acc=0.7574
/home/norak/R&I/kxs-/train.py:148: FutureWarning: `torch.cuda.amp.autocast(args...)` is deprecated. Please use `torch.amp.autocast('cuda', args...)` instead.
  with torch.cuda.amp.autocast():
/home/norak/R&I/kxs-/train.py:169: FutureWarning: `torch.cuda.amp.autocast(args...)` is deprecated. Please use `torch.amp.autocast('cuda', args...)` instead.
  with torch.cuda.amp.autocast():
    epoch 19  train_loss=0.0152  val_loss=0.0275  val_qwk=0.8244  val_acc=0.7279
    early-stop at epoch 19 (best epoch=15, best_qwk=0.8610)
/home/norak/R&I/kxs-/train.py:169: FutureWarning: `torch.cuda.amp.autocast(args...)` is deprecated. Please use `torch.amp.autocast('cuda', args...)` instead.
  with torch.cuda.amp.autocast():
/home/norak/R&I/kxs-/train.py:169: FutureWarning: `torch.cuda.amp.autocast(args...)` is deprecated. Please use `torch.amp.autocast('cuda', args...)` instead.
  with torch.cuda.amp.autocast():
/home/norak/R&I/kxs-/train.py:169: FutureWarning: `torch.cuda.amp.autocast(args...)` is deprecated. Please use `torch.amp.autocast('cuda', args...)` instead.
  with torch.cuda.amp.autocast():
  [segment_ra_cross_xlmr_maxfeat           ] train_qwk=0.9007 -> test_qwk=0.7966  raw_w1=0.7226  epoch=15  (94.2s)
Loading weights:   0%|          | 0/136 [00:00<?, ?it/s]Loading weights:  69%|██████▉   | 94/136 [00:00<00:00, 920.64it/s]Loading weights: 100%|██████████| 136/136 [00:00<00:00, 1138.66it/s]
[transformers] [1mNewModel LOAD REPORT[0m from: Alibaba-NLP/gte-multilingual-base
Key               | Status     |  | 
------------------+------------+--+-
classifier.weight | UNEXPECTED |  | 
classifier.bias   | UNEXPECTED |  | 

Notes:
- UNEXPECTED:	can be ignored when loading from different task/architecture; not ok if you expect identical arch.
/home/norak/R&I/kxs-/train.py:206: FutureWarning: `torch.cuda.amp.GradScaler(args...)` is deprecated. Please use `torch.amp.GradScaler('cuda', args...)` instead.
  scaler = torch.cuda.amp.GradScaler() if use_amp and device == "cuda" else None
/home/norak/R&I/kxs-/train.py:148: FutureWarning: `torch.cuda.amp.autocast(args...)` is deprecated. Please use `torch.amp.autocast('cuda', args...)` instead.
  with torch.cuda.amp.autocast():
/home/norak/R&I/kxs-/train.py:169: FutureWarning: `torch.cuda.amp.autocast(args...)` is deprecated. Please use `torch.amp.autocast('cuda', args...)` instead.
  with torch.cuda.amp.autocast():
    epoch  1  train_loss=0.0829  val_loss=0.0492  val_qwk=0.5775  val_acc=0.4191
/home/norak/R&I/kxs-/train.py:148: FutureWarning: `torch.cuda.amp.autocast(args...)` is deprecated. Please use `torch.amp.autocast('cuda', args...)` instead.
  with torch.cuda.amp.autocast():
/home/norak/R&I/kxs-/train.py:169: FutureWarning: `torch.cuda.amp.autocast(args...)` is deprecated. Please use `torch.amp.autocast('cuda', args...)` instead.
  with torch.cuda.amp.autocast():
    epoch  2  train_loss=0.0554  val_loss=0.0420  val_qwk=0.6741  val_acc=0.5735
/home/norak/R&I/kxs-/train.py:148: FutureWarning: `torch.cuda.amp.autocast(args...)` is deprecated. Please use `torch.amp.autocast('cuda', args...)` instead.
  with torch.cuda.amp.autocast():
/home/norak/R&I/kxs-/train.py:169: FutureWarning: `torch.cuda.amp.autocast(args...)` is deprecated. Please use `torch.amp.autocast('cuda', args...)` instead.
  with torch.cuda.amp.autocast():
    epoch  3  train_loss=0.0482  val_loss=0.0357  val_qwk=0.7081  val_acc=0.6250
/home/norak/R&I/kxs-/train.py:148: FutureWarning: `torch.cuda.amp.autocast(args...)` is deprecated. Please use `torch.amp.autocast('cuda', args...)` instead.
  with torch.cuda.amp.autocast():
/home/norak/R&I/kxs-/train.py:169: FutureWarning: `torch.cuda.amp.autocast(args...)` is deprecated. Please use `torch.amp.autocast('cuda', args...)` instead.
  with torch.cuda.amp.autocast():
    epoch  4  train_loss=0.0378  val_loss=0.0292  val_qwk=0.8034  val_acc=0.7059
/home/norak/R&I/kxs-/train.py:148: FutureWarning: `torch.cuda.amp.autocast(args...)` is deprecated. Please use `torch.amp.autocast('cuda', args...)` instead.
  with torch.cuda.amp.autocast():
/home/norak/R&I/kxs-/train.py:169: FutureWarning: `torch.cuda.amp.autocast(args...)` is deprecated. Please use `torch.amp.autocast('cuda', args...)` instead.
  with torch.cuda.amp.autocast():
    epoch  5  train_loss=0.0315  val_loss=0.0243  val_qwk=0.8264  val_acc=0.7059
/home/norak/R&I/kxs-/train.py:148: FutureWarning: `torch.cuda.amp.autocast(args...)` is deprecated. Please use `torch.amp.autocast('cuda', args...)` instead.
  with torch.cuda.amp.autocast():
/home/norak/R&I/kxs-/train.py:169: FutureWarning: `torch.cuda.amp.autocast(args...)` is deprecated. Please use `torch.amp.autocast('cuda', args...)` instead.
  with torch.cuda.amp.autocast():
    epoch  6  train_loss=0.0270  val_loss=0.0217  val_qwk=0.8591  val_acc=0.7574
/home/norak/R&I/kxs-/train.py:148: FutureWarning: `torch.cuda.amp.autocast(args...)` is deprecated. Please use `torch.amp.autocast('cuda', args...)` instead.
  with torch.cuda.amp.autocast():
/home/norak/R&I/kxs-/train.py:169: FutureWarning: `torch.cuda.amp.autocast(args...)` is deprecated. Please use `torch.amp.autocast('cuda', args...)` instead.
  with torch.cuda.amp.autocast():
    epoch  7  train_loss=0.0232  val_loss=0.0244  val_qwk=0.8373  val_acc=0.6985
/home/norak/R&I/kxs-/train.py:148: FutureWarning: `torch.cuda.amp.autocast(args...)` is deprecated. Please use `torch.amp.autocast('cuda', args...)` instead.
  with torch.cuda.amp.autocast():
/home/norak/R&I/kxs-/train.py:169: FutureWarning: `torch.cuda.amp.autocast(args...)` is deprecated. Please use `torch.amp.autocast('cuda', args...)` instead.
  with torch.cuda.amp.autocast():
    epoch  8  train_loss=0.0232  val_loss=0.0282  val_qwk=0.8135  val_acc=0.7059
/home/norak/R&I/kxs-/train.py:148: FutureWarning: `torch.cuda.amp.autocast(args...)` is deprecated. Please use `torch.amp.autocast('cuda', args...)` instead.
  with torch.cuda.amp.autocast():
/home/norak/R&I/kxs-/train.py:169: FutureWarning: `torch.cuda.amp.autocast(args...)` is deprecated. Please use `torch.amp.autocast('cuda', args...)` instead.
  with torch.cuda.amp.autocast():
    epoch  9  train_loss=0.0206  val_loss=0.0196  val_qwk=0.8786  val_acc=0.7647
/home/norak/R&I/kxs-/train.py:148: FutureWarning: `torch.cuda.amp.autocast(args...)` is deprecated. Please use `torch.amp.autocast('cuda', args...)` instead.
  with torch.cuda.amp.autocast():
/home/norak/R&I/kxs-/train.py:169: FutureWarning: `torch.cuda.amp.autocast(args...)` is deprecated. Please use `torch.amp.autocast('cuda', args...)` instead.
  with torch.cuda.amp.autocast():
    epoch 10  train_loss=0.0161  val_loss=0.0204  val_qwk=0.8777  val_acc=0.7721
/home/norak/R&I/kxs-/train.py:148: FutureWarning: `torch.cuda.amp.autocast(args...)` is deprecated. Please use `torch.amp.autocast('cuda', args...)` instead.
  with torch.cuda.amp.autocast():
/home/norak/R&I/kxs-/train.py:169: FutureWarning: `torch.cuda.amp.autocast(args...)` is deprecated. Please use `torch.amp.autocast('cuda', args...)` instead.
  with torch.cuda.amp.autocast():
    epoch 11  train_loss=0.0138  val_loss=0.0220  val_qwk=0.8335  val_acc=0.7059
/home/norak/R&I/kxs-/train.py:148: FutureWarning: `torch.cuda.amp.autocast(args...)` is deprecated. Please use `torch.amp.autocast('cuda', args...)` instead.
  with torch.cuda.amp.autocast():
/home/norak/R&I/kxs-/train.py:169: FutureWarning: `torch.cuda.amp.autocast(args...)` is deprecated. Please use `torch.amp.autocast('cuda', args...)` instead.
  with torch.cuda.amp.autocast():
    epoch 12  train_loss=0.0126  val_loss=0.0225  val_qwk=0.8743  val_acc=0.7353
/home/norak/R&I/kxs-/train.py:148: FutureWarning: `torch.cuda.amp.autocast(args...)` is deprecated. Please use `torch.amp.autocast('cuda', args...)` instead.
  with torch.cuda.amp.autocast():
/home/norak/R&I/kxs-/train.py:169: FutureWarning: `torch.cuda.amp.autocast(args...)` is deprecated. Please use `torch.amp.autocast('cuda', args...)` instead.
  with torch.cuda.amp.autocast():
    epoch 13  train_loss=0.0109  val_loss=0.0226  val_qwk=0.8680  val_acc=0.7132
    early-stop at epoch 13 (best epoch=9, best_qwk=0.8786)
/home/norak/R&I/kxs-/train.py:169: FutureWarning: `torch.cuda.amp.autocast(args...)` is deprecated. Please use `torch.amp.autocast('cuda', args...)` instead.
  with torch.cuda.amp.autocast():
/home/norak/R&I/kxs-/train.py:169: FutureWarning: `torch.cuda.amp.autocast(args...)` is deprecated. Please use `torch.amp.autocast('cuda', args...)` instead.
  with torch.cuda.amp.autocast():
/home/norak/R&I/kxs-/train.py:169: FutureWarning: `torch.cuda.amp.autocast(args...)` is deprecated. Please use `torch.amp.autocast('cuda', args...)` instead.
  with torch.cuda.amp.autocast():
  [segment_ra_cross_gte_maxfeat            ] train_qwk=0.8971 -> test_qwk=0.7563  raw_w1=0.7226  epoch=9  (78.2s)
Loading weights:   0%|          | 0/199 [00:00<?, ?it/s]Loading weights: 100%|██████████| 199/199 [00:00<00:00, 2934.17it/s]
[transformers] [1mBertModel LOAD REPORT[0m from: bert-base-multilingual-cased
Key                                        | Status     |  | 
-------------------------------------------+------------+--+-
cls.seq_relationship.weight                | UNEXPECTED |  | 
cls.predictions.transform.LayerNorm.weight | UNEXPECTED |  | 
cls.predictions.transform.dense.bias       | UNEXPECTED |  | 
cls.predictions.transform.dense.weight     | UNEXPECTED |  | 
cls.predictions.transform.LayerNorm.bias   | UNEXPECTED |  | 
cls.seq_relationship.bias                  | UNEXPECTED |  | 
cls.predictions.bias                       | UNEXPECTED |  | 

Notes:
- UNEXPECTED:	can be ignored when loading from different task/architecture; not ok if you expect identical arch.
/home/norak/R&I/kxs-/train.py:206: FutureWarning: `torch.cuda.amp.GradScaler(args...)` is deprecated. Please use `torch.amp.GradScaler('cuda', args...)` instead.
  scaler = torch.cuda.amp.GradScaler() if use_amp and device == "cuda" else None
/home/norak/R&I/kxs-/train.py:148: FutureWarning: `torch.cuda.amp.autocast(args...)` is deprecated. Please use `torch.amp.autocast('cuda', args...)` instead.
  with torch.cuda.amp.autocast():
/home/norak/R&I/kxs-/train.py:169: FutureWarning: `torch.cuda.amp.autocast(args...)` is deprecated. Please use `torch.amp.autocast('cuda', args...)` instead.
  with torch.cuda.amp.autocast():
    epoch  1  train_loss=0.0845  val_loss=0.0748  val_qwk=0.1594  val_acc=0.1691
/home/norak/R&I/kxs-/train.py:148: FutureWarning: `torch.cuda.amp.autocast(args...)` is deprecated. Please use `torch.amp.autocast('cuda', args...)` instead.
  with torch.cuda.amp.autocast():
/home/norak/R&I/kxs-/train.py:169: FutureWarning: `torch.cuda.amp.autocast(args...)` is deprecated. Please use `torch.amp.autocast('cuda', args...)` instead.
  with torch.cuda.amp.autocast():
    epoch  2  train_loss=0.0618  val_loss=0.0532  val_qwk=0.5188  val_acc=0.4118
/home/norak/R&I/kxs-/train.py:148: FutureWarning: `torch.cuda.amp.autocast(args...)` is deprecated. Please use `torch.amp.autocast('cuda', args...)` instead.
  with torch.cuda.amp.autocast():
/home/norak/R&I/kxs-/train.py:169: FutureWarning: `torch.cuda.amp.autocast(args...)` is deprecated. Please use `torch.amp.autocast('cuda', args...)` instead.
  with torch.cuda.amp.autocast():
    epoch  3  train_loss=0.0542  val_loss=0.0469  val_qwk=0.6207  val_acc=0.5147
/home/norak/R&I/kxs-/train.py:148: FutureWarning: `torch.cuda.amp.autocast(args...)` is deprecated. Please use `torch.amp.autocast('cuda', args...)` instead.
  with torch.cuda.amp.autocast():
/home/norak/R&I/kxs-/train.py:169: FutureWarning: `torch.cuda.amp.autocast(args...)` is deprecated. Please use `torch.amp.autocast('cuda', args...)` instead.
  with torch.cuda.amp.autocast():
    epoch  4  train_loss=0.0541  val_loss=0.0504  val_qwk=0.4606  val_acc=0.3676
/home/norak/R&I/kxs-/train.py:148: FutureWarning: `torch.cuda.amp.autocast(args...)` is deprecated. Please use `torch.amp.autocast('cuda', args...)` instead.
  with torch.cuda.amp.autocast():
/home/norak/R&I/kxs-/train.py:169: FutureWarning: `torch.cuda.amp.autocast(args...)` is deprecated. Please use `torch.amp.autocast('cuda', args...)` instead.
  with torch.cuda.amp.autocast():
    epoch  5  train_loss=0.0496  val_loss=0.0473  val_qwk=0.6139  val_acc=0.5441
/home/norak/R&I/kxs-/train.py:148: FutureWarning: `torch.cuda.amp.autocast(args...)` is deprecated. Please use `torch.amp.autocast('cuda', args...)` instead.
  with torch.cuda.amp.autocast():
/home/norak/R&I/kxs-/train.py:169: FutureWarning: `torch.cuda.amp.autocast(args...)` is deprecated. Please use `torch.amp.autocast('cuda', args...)` instead.
  with torch.cuda.amp.autocast():
    epoch  6  train_loss=0.0476  val_loss=0.0406  val_qwk=0.7145  val_acc=0.6029
/home/norak/R&I/kxs-/train.py:148: FutureWarning: `torch.cuda.amp.autocast(args...)` is deprecated. Please use `torch.amp.autocast('cuda', args...)` instead.
  with torch.cuda.amp.autocast():
/home/norak/R&I/kxs-/train.py:169: FutureWarning: `torch.cuda.amp.autocast(args...)` is deprecated. Please use `torch.amp.autocast('cuda', args...)` instead.
  with torch.cuda.amp.autocast():
    epoch  7  train_loss=0.0459  val_loss=0.0416  val_qwk=0.6489  val_acc=0.4779
/home/norak/R&I/kxs-/train.py:148: FutureWarning: `torch.cuda.amp.autocast(args...)` is deprecated. Please use `torch.amp.autocast('cuda', args...)` instead.
  with torch.cuda.amp.autocast():
/home/norak/R&I/kxs-/train.py:169: FutureWarning: `torch.cuda.amp.autocast(args...)` is deprecated. Please use `torch.amp.autocast('cuda', args...)` instead.
  with torch.cuda.amp.autocast():
    epoch  8  train_loss=0.0438  val_loss=0.0412  val_qwk=0.6634  val_acc=0.5515
/home/norak/R&I/kxs-/train.py:148: FutureWarning: `torch.cuda.amp.autocast(args...)` is deprecated. Please use `torch.amp.autocast('cuda', args...)` instead.
  with torch.cuda.amp.autocast():
/home/norak/R&I/kxs-/train.py:169: FutureWarning: `torch.cuda.amp.autocast(args...)` is deprecated. Please use `torch.amp.autocast('cuda', args...)` instead.
  with torch.cuda.amp.autocast():
    epoch  9  train_loss=0.0468  val_loss=0.0444  val_qwk=0.6028  val_acc=0.5588
/home/norak/R&I/kxs-/train.py:148: FutureWarning: `torch.cuda.amp.autocast(args...)` is deprecated. Please use `torch.amp.autocast('cuda', args...)` instead.
  with torch.cuda.amp.autocast():
/home/norak/R&I/kxs-/train.py:169: FutureWarning: `torch.cuda.amp.autocast(args...)` is deprecated. Please use `torch.amp.autocast('cuda', args...)` instead.
  with torch.cuda.amp.autocast():
    epoch 10  train_loss=0.0467  val_loss=0.0397  val_qwk=0.7019  val_acc=0.6324
    early-stop at epoch 10 (best epoch=6, best_qwk=0.7145)
/home/norak/R&I/kxs-/train.py:169: FutureWarning: `torch.cuda.amp.autocast(args...)` is deprecated. Please use `torch.amp.autocast('cuda', args...)` instead.
  with torch.cuda.amp.autocast():
/home/norak/R&I/kxs-/train.py:169: FutureWarning: `torch.cuda.amp.autocast(args...)` is deprecated. Please use `torch.amp.autocast('cuda', args...)` instead.
  with torch.cuda.amp.autocast():
/home/norak/R&I/kxs-/train.py:169: FutureWarning: `torch.cuda.amp.autocast(args...)` is deprecated. Please use `torch.amp.autocast('cuda', args...)` instead.
  with torch.cuda.amp.autocast():
  [segment_qar_dual_mbert_maxfeat          ] train_qwk=0.6536 -> test_qwk=0.6512  raw_w1=0.5036  epoch=6  (73.1s)
Loading weights:   0%|          | 0/199 [00:00<?, ?it/s]Loading weights: 100%|██████████| 199/199 [00:00<00:00, 2826.56it/s]
[transformers] [1mXLMRobertaModel LOAD REPORT[0m from: xlm-roberta-base
Key                       | Status     |  | 
--------------------------+------------+--+-
lm_head.layer_norm.weight | UNEXPECTED |  | 
lm_head.bias              | UNEXPECTED |  | 
lm_head.dense.bias        | UNEXPECTED |  | 
lm_head.layer_norm.bias   | UNEXPECTED |  | 
lm_head.dense.weight      | UNEXPECTED |  | 

Notes:
- UNEXPECTED:	can be ignored when loading from different task/architecture; not ok if you expect identical arch.
/home/norak/R&I/kxs-/train.py:206: FutureWarning: `torch.cuda.amp.GradScaler(args...)` is deprecated. Please use `torch.amp.GradScaler('cuda', args...)` instead.
  scaler = torch.cuda.amp.GradScaler() if use_amp and device == "cuda" else None
/home/norak/R&I/kxs-/train.py:148: FutureWarning: `torch.cuda.amp.autocast(args...)` is deprecated. Please use `torch.amp.autocast('cuda', args...)` instead.
  with torch.cuda.amp.autocast():
/home/norak/R&I/kxs-/train.py:169: FutureWarning: `torch.cuda.amp.autocast(args...)` is deprecated. Please use `torch.amp.autocast('cuda', args...)` instead.
  with torch.cuda.amp.autocast():
    epoch  1  train_loss=0.1153  val_loss=0.0856  val_qwk=0.0000  val_acc=0.1324
/home/norak/R&I/kxs-/train.py:148: FutureWarning: `torch.cuda.amp.autocast(args...)` is deprecated. Please use `torch.amp.autocast('cuda', args...)` instead.
  with torch.cuda.amp.autocast():
/home/norak/R&I/kxs-/train.py:169: FutureWarning: `torch.cuda.amp.autocast(args...)` is deprecated. Please use `torch.amp.autocast('cuda', args...)` instead.
  with torch.cuda.amp.autocast():
    epoch  2  train_loss=0.0654  val_loss=0.0480  val_qwk=0.5952  val_acc=0.5515
/home/norak/R&I/kxs-/train.py:148: FutureWarning: `torch.cuda.amp.autocast(args...)` is deprecated. Please use `torch.amp.autocast('cuda', args...)` instead.
  with torch.cuda.amp.autocast():
/home/norak/R&I/kxs-/train.py:169: FutureWarning: `torch.cuda.amp.autocast(args...)` is deprecated. Please use `torch.amp.autocast('cuda', args...)` instead.
  with torch.cuda.amp.autocast():
    epoch  3  train_loss=0.0552  val_loss=0.0485  val_qwk=0.5988  val_acc=0.5735
/home/norak/R&I/kxs-/train.py:148: FutureWarning: `torch.cuda.amp.autocast(args...)` is deprecated. Please use `torch.amp.autocast('cuda', args...)` instead.
  with torch.cuda.amp.autocast():
/home/norak/R&I/kxs-/train.py:169: FutureWarning: `torch.cuda.amp.autocast(args...)` is deprecated. Please use `torch.amp.autocast('cuda', args...)` instead.
  with torch.cuda.amp.autocast():
    epoch  4  train_loss=0.0498  val_loss=0.0329  val_qwk=0.7179  val_acc=0.6471
/home/norak/R&I/kxs-/train.py:148: FutureWarning: `torch.cuda.amp.autocast(args...)` is deprecated. Please use `torch.amp.autocast('cuda', args...)` instead.
  with torch.cuda.amp.autocast():
/home/norak/R&I/kxs-/train.py:169: FutureWarning: `torch.cuda.amp.autocast(args...)` is deprecated. Please use `torch.amp.autocast('cuda', args...)` instead.
  with torch.cuda.amp.autocast():
    epoch  5  train_loss=0.0423  val_loss=0.0345  val_qwk=0.7088  val_acc=0.5662
/home/norak/R&I/kxs-/train.py:148: FutureWarning: `torch.cuda.amp.autocast(args...)` is deprecated. Please use `torch.amp.autocast('cuda', args...)` instead.
  with torch.cuda.amp.autocast():
/home/norak/R&I/kxs-/train.py:169: FutureWarning: `torch.cuda.amp.autocast(args...)` is deprecated. Please use `torch.amp.autocast('cuda', args...)` instead.
  with torch.cuda.amp.autocast():
    epoch  6  train_loss=0.0402  val_loss=0.0396  val_qwk=0.6980  val_acc=0.6103
/home/norak/R&I/kxs-/train.py:148: FutureWarning: `torch.cuda.amp.autocast(args...)` is deprecated. Please use `torch.amp.autocast('cuda', args...)` instead.
  with torch.cuda.amp.autocast():
/home/norak/R&I/kxs-/train.py:169: FutureWarning: `torch.cuda.amp.autocast(args...)` is deprecated. Please use `torch.amp.autocast('cuda', args...)` instead.
  with torch.cuda.amp.autocast():
    epoch  7  train_loss=0.0344  val_loss=0.0304  val_qwk=0.7565  val_acc=0.6397
/home/norak/R&I/kxs-/train.py:148: FutureWarning: `torch.cuda.amp.autocast(args...)` is deprecated. Please use `torch.amp.autocast('cuda', args...)` instead.
  with torch.cuda.amp.autocast():
/home/norak/R&I/kxs-/train.py:169: FutureWarning: `torch.cuda.amp.autocast(args...)` is deprecated. Please use `torch.amp.autocast('cuda', args...)` instead.
  with torch.cuda.amp.autocast():
    epoch  8  train_loss=0.0308  val_loss=0.0369  val_qwk=0.7401  val_acc=0.5368
/home/norak/R&I/kxs-/train.py:148: FutureWarning: `torch.cuda.amp.autocast(args...)` is deprecated. Please use `torch.amp.autocast('cuda', args...)` instead.
  with torch.cuda.amp.autocast():
/home/norak/R&I/kxs-/train.py:169: FutureWarning: `torch.cuda.amp.autocast(args...)` is deprecated. Please use `torch.amp.autocast('cuda', args...)` instead.
  with torch.cuda.amp.autocast():
    epoch  9  train_loss=0.0263  val_loss=0.0305  val_qwk=0.8079  val_acc=0.6618
/home/norak/R&I/kxs-/train.py:148: FutureWarning: `torch.cuda.amp.autocast(args...)` is deprecated. Please use `torch.amp.autocast('cuda', args...)` instead.
  with torch.cuda.amp.autocast():
/home/norak/R&I/kxs-/train.py:169: FutureWarning: `torch.cuda.amp.autocast(args...)` is deprecated. Please use `torch.amp.autocast('cuda', args...)` instead.
  with torch.cuda.amp.autocast():
    epoch 10  train_loss=0.0224  val_loss=0.0251  val_qwk=0.8045  val_acc=0.6324
/home/norak/R&I/kxs-/train.py:148: FutureWarning: `torch.cuda.amp.autocast(args...)` is deprecated. Please use `torch.amp.autocast('cuda', args...)` instead.
  with torch.cuda.amp.autocast():
/home/norak/R&I/kxs-/train.py:169: FutureWarning: `torch.cuda.amp.autocast(args...)` is deprecated. Please use `torch.amp.autocast('cuda', args...)` instead.
  with torch.cuda.amp.autocast():
    epoch 11  train_loss=0.0210  val_loss=0.0304  val_qwk=0.7850  val_acc=0.6838
/home/norak/R&I/kxs-/train.py:148: FutureWarning: `torch.cuda.amp.autocast(args...)` is deprecated. Please use `torch.amp.autocast('cuda', args...)` instead.
  with torch.cuda.amp.autocast():
/home/norak/R&I/kxs-/train.py:169: FutureWarning: `torch.cuda.amp.autocast(args...)` is deprecated. Please use `torch.amp.autocast('cuda', args...)` instead.
  with torch.cuda.amp.autocast():
    epoch 12  train_loss=0.0183  val_loss=0.0212  val_qwk=0.8445  val_acc=0.7132
/home/norak/R&I/kxs-/train.py:148: FutureWarning: `torch.cuda.amp.autocast(args...)` is deprecated. Please use `torch.amp.autocast('cuda', args...)` instead.
  with torch.cuda.amp.autocast():
/home/norak/R&I/kxs-/train.py:169: FutureWarning: `torch.cuda.amp.autocast(args...)` is deprecated. Please use `torch.amp.autocast('cuda', args...)` instead.
  with torch.cuda.amp.autocast():
    epoch 13  train_loss=0.0169  val_loss=0.0242  val_qwk=0.8246  val_acc=0.6985
/home/norak/R&I/kxs-/train.py:148: FutureWarning: `torch.cuda.amp.autocast(args...)` is deprecated. Please use `torch.amp.autocast('cuda', args...)` instead.
  with torch.cuda.amp.autocast():
/home/norak/R&I/kxs-/train.py:169: FutureWarning: `torch.cuda.amp.autocast(args...)` is deprecated. Please use `torch.amp.autocast('cuda', args...)` instead.
  with torch.cuda.amp.autocast():
    epoch 14  train_loss=0.0139  val_loss=0.0235  val_qwk=0.8511  val_acc=0.7206
/home/norak/R&I/kxs-/train.py:148: FutureWarning: `torch.cuda.amp.autocast(args...)` is deprecated. Please use `torch.amp.autocast('cuda', args...)` instead.
  with torch.cuda.amp.autocast():
/home/norak/R&I/kxs-/train.py:169: FutureWarning: `torch.cuda.amp.autocast(args...)` is deprecated. Please use `torch.amp.autocast('cuda', args...)` instead.
  with torch.cuda.amp.autocast():
    epoch 15  train_loss=0.0144  val_loss=0.0207  val_qwk=0.8579  val_acc=0.6985
/home/norak/R&I/kxs-/train.py:148: FutureWarning: `torch.cuda.amp.autocast(args...)` is deprecated. Please use `torch.amp.autocast('cuda', args...)` instead.
  with torch.cuda.amp.autocast():
/home/norak/R&I/kxs-/train.py:169: FutureWarning: `torch.cuda.amp.autocast(args...)` is deprecated. Please use `torch.amp.autocast('cuda', args...)` instead.
  with torch.cuda.amp.autocast():
    epoch 16  train_loss=0.0129  val_loss=0.0221  val_qwk=0.8612  val_acc=0.7132
/home/norak/R&I/kxs-/train.py:148: FutureWarning: `torch.cuda.amp.autocast(args...)` is deprecated. Please use `torch.amp.autocast('cuda', args...)` instead.
  with torch.cuda.amp.autocast():
/home/norak/R&I/kxs-/train.py:169: FutureWarning: `torch.cuda.amp.autocast(args...)` is deprecated. Please use `torch.amp.autocast('cuda', args...)` instead.
  with torch.cuda.amp.autocast():
    epoch 17  train_loss=0.0126  val_loss=0.0198  val_qwk=0.8455  val_acc=0.6912
/home/norak/R&I/kxs-/train.py:148: FutureWarning: `torch.cuda.amp.autocast(args...)` is deprecated. Please use `torch.amp.autocast('cuda', args...)` instead.
  with torch.cuda.amp.autocast():
/home/norak/R&I/kxs-/train.py:169: FutureWarning: `torch.cuda.amp.autocast(args...)` is deprecated. Please use `torch.amp.autocast('cuda', args...)` instead.
  with torch.cuda.amp.autocast():
    epoch 18  train_loss=0.0106  val_loss=0.0215  val_qwk=0.8848  val_acc=0.7574
/home/norak/R&I/kxs-/train.py:148: FutureWarning: `torch.cuda.amp.autocast(args...)` is deprecated. Please use `torch.amp.autocast('cuda', args...)` instead.
  with torch.cuda.amp.autocast():
/home/norak/R&I/kxs-/train.py:169: FutureWarning: `torch.cuda.amp.autocast(args...)` is deprecated. Please use `torch.amp.autocast('cuda', args...)` instead.
  with torch.cuda.amp.autocast():
    epoch 19  train_loss=0.0110  val_loss=0.0237  val_qwk=0.8150  val_acc=0.6471
/home/norak/R&I/kxs-/train.py:148: FutureWarning: `torch.cuda.amp.autocast(args...)` is deprecated. Please use `torch.amp.autocast('cuda', args...)` instead.
  with torch.cuda.amp.autocast():
/home/norak/R&I/kxs-/train.py:169: FutureWarning: `torch.cuda.amp.autocast(args...)` is deprecated. Please use `torch.amp.autocast('cuda', args...)` instead.
  with torch.cuda.amp.autocast():
    epoch 20  train_loss=0.0138  val_loss=0.0184  val_qwk=0.8850  val_acc=0.7868
/home/norak/R&I/kxs-/train.py:169: FutureWarning: `torch.cuda.amp.autocast(args...)` is deprecated. Please use `torch.amp.autocast('cuda', args...)` instead.
  with torch.cuda.amp.autocast():
/home/norak/R&I/kxs-/train.py:169: FutureWarning: `torch.cuda.amp.autocast(args...)` is deprecated. Please use `torch.amp.autocast('cuda', args...)` instead.
  with torch.cuda.amp.autocast():
/home/norak/R&I/kxs-/train.py:169: FutureWarning: `torch.cuda.amp.autocast(args...)` is deprecated. Please use `torch.amp.autocast('cuda', args...)` instead.
  with torch.cuda.amp.autocast():
  [segment_qar_dual_xlmr_maxfeat           ] train_qwk=0.9321 -> test_qwk=0.7958  raw_w1=0.7445  epoch=20  (134.3s)
Loading weights:   0%|          | 0/136 [00:00<?, ?it/s]Loading weights:  73%|███████▎  | 99/136 [00:00<00:00, 981.76it/s]Loading weights: 100%|██████████| 136/136 [00:00<00:00, 1108.50it/s]
[transformers] [1mNewModel LOAD REPORT[0m from: Alibaba-NLP/gte-multilingual-base
Key               | Status     |  | 
------------------+------------+--+-
classifier.weight | UNEXPECTED |  | 
classifier.bias   | UNEXPECTED |  | 

Notes:
- UNEXPECTED:	can be ignored when loading from different task/architecture; not ok if you expect identical arch.
/home/norak/R&I/kxs-/train.py:206: FutureWarning: `torch.cuda.amp.GradScaler(args...)` is deprecated. Please use `torch.amp.GradScaler('cuda', args...)` instead.
  scaler = torch.cuda.amp.GradScaler() if use_amp and device == "cuda" else None
/home/norak/R&I/kxs-/train.py:148: FutureWarning: `torch.cuda.amp.autocast(args...)` is deprecated. Please use `torch.amp.autocast('cuda', args...)` instead.
  with torch.cuda.amp.autocast():
/home/norak/R&I/kxs-/train.py:169: FutureWarning: `torch.cuda.amp.autocast(args...)` is deprecated. Please use `torch.amp.autocast('cuda', args...)` instead.
  with torch.cuda.amp.autocast():
    epoch  1  train_loss=0.0732  val_loss=0.0416  val_qwk=0.6164  val_acc=0.5074
/home/norak/R&I/kxs-/train.py:148: FutureWarning: `torch.cuda.amp.autocast(args...)` is deprecated. Please use `torch.amp.autocast('cuda', args...)` instead.
  with torch.cuda.amp.autocast():
/home/norak/R&I/kxs-/train.py:169: FutureWarning: `torch.cuda.amp.autocast(args...)` is deprecated. Please use `torch.amp.autocast('cuda', args...)` instead.
  with torch.cuda.amp.autocast():
    epoch  2  train_loss=0.0468  val_loss=0.0344  val_qwk=0.7179  val_acc=0.6176
/home/norak/R&I/kxs-/train.py:148: FutureWarning: `torch.cuda.amp.autocast(args...)` is deprecated. Please use `torch.amp.autocast('cuda', args...)` instead.
  with torch.cuda.amp.autocast():
/home/norak/R&I/kxs-/train.py:169: FutureWarning: `torch.cuda.amp.autocast(args...)` is deprecated. Please use `torch.amp.autocast('cuda', args...)` instead.
  with torch.cuda.amp.autocast():
    epoch  3  train_loss=0.0347  val_loss=0.0317  val_qwk=0.7484  val_acc=0.6250
/home/norak/R&I/kxs-/train.py:148: FutureWarning: `torch.cuda.amp.autocast(args...)` is deprecated. Please use `torch.amp.autocast('cuda', args...)` instead.
  with torch.cuda.amp.autocast():
/home/norak/R&I/kxs-/train.py:169: FutureWarning: `torch.cuda.amp.autocast(args...)` is deprecated. Please use `torch.amp.autocast('cuda', args...)` instead.
  with torch.cuda.amp.autocast():
    epoch  4  train_loss=0.0288  val_loss=0.0298  val_qwk=0.7509  val_acc=0.6250
/home/norak/R&I/kxs-/train.py:148: FutureWarning: `torch.cuda.amp.autocast(args...)` is deprecated. Please use `torch.amp.autocast('cuda', args...)` instead.
  with torch.cuda.amp.autocast():
/home/norak/R&I/kxs-/train.py:169: FutureWarning: `torch.cuda.amp.autocast(args...)` is deprecated. Please use `torch.amp.autocast('cuda', args...)` instead.
  with torch.cuda.amp.autocast():
    epoch  5  train_loss=0.0221  val_loss=0.0266  val_qwk=0.8164  val_acc=0.7132
/home/norak/R&I/kxs-/train.py:148: FutureWarning: `torch.cuda.amp.autocast(args...)` is deprecated. Please use `torch.amp.autocast('cuda', args...)` instead.
  with torch.cuda.amp.autocast():
/home/norak/R&I/kxs-/train.py:169: FutureWarning: `torch.cuda.amp.autocast(args...)` is deprecated. Please use `torch.amp.autocast('cuda', args...)` instead.
  with torch.cuda.amp.autocast():
    epoch  6  train_loss=0.0176  val_loss=0.0243  val_qwk=0.8214  val_acc=0.6765
/home/norak/R&I/kxs-/train.py:148: FutureWarning: `torch.cuda.amp.autocast(args...)` is deprecated. Please use `torch.amp.autocast('cuda', args...)` instead.
  with torch.cuda.amp.autocast():
/home/norak/R&I/kxs-/train.py:169: FutureWarning: `torch.cuda.amp.autocast(args...)` is deprecated. Please use `torch.amp.autocast('cuda', args...)` instead.
  with torch.cuda.amp.autocast():
    epoch  7  train_loss=0.0155  val_loss=0.0253  val_qwk=0.8392  val_acc=0.6912
/home/norak/R&I/kxs-/train.py:148: FutureWarning: `torch.cuda.amp.autocast(args...)` is deprecated. Please use `torch.amp.autocast('cuda', args...)` instead.
  with torch.cuda.amp.autocast():
/home/norak/R&I/kxs-/train.py:169: FutureWarning: `torch.cuda.amp.autocast(args...)` is deprecated. Please use `torch.amp.autocast('cuda', args...)` instead.
  with torch.cuda.amp.autocast():
    epoch  8  train_loss=0.0147  val_loss=0.0280  val_qwk=0.8251  val_acc=0.7132
/home/norak/R&I/kxs-/train.py:148: FutureWarning: `torch.cuda.amp.autocast(args...)` is deprecated. Please use `torch.amp.autocast('cuda', args...)` instead.
  with torch.cuda.amp.autocast():
/home/norak/R&I/kxs-/train.py:169: FutureWarning: `torch.cuda.amp.autocast(args...)` is deprecated. Please use `torch.amp.autocast('cuda', args...)` instead.
  with torch.cuda.amp.autocast():
    epoch  9  train_loss=0.0121  val_loss=0.0246  val_qwk=0.8300  val_acc=0.7206
/home/norak/R&I/kxs-/train.py:148: FutureWarning: `torch.cuda.amp.autocast(args...)` is deprecated. Please use `torch.amp.autocast('cuda', args...)` instead.
  with torch.cuda.amp.autocast():
/home/norak/R&I/kxs-/train.py:169: FutureWarning: `torch.cuda.amp.autocast(args...)` is deprecated. Please use `torch.amp.autocast('cuda', args...)` instead.
  with torch.cuda.amp.autocast():
    epoch 10  train_loss=0.0119  val_loss=0.0248  val_qwk=0.8538  val_acc=0.7279
/home/norak/R&I/kxs-/train.py:148: FutureWarning: `torch.cuda.amp.autocast(args...)` is deprecated. Please use `torch.amp.autocast('cuda', args...)` instead.
  with torch.cuda.amp.autocast():
/home/norak/R&I/kxs-/train.py:169: FutureWarning: `torch.cuda.amp.autocast(args...)` is deprecated. Please use `torch.amp.autocast('cuda', args...)` instead.
  with torch.cuda.amp.autocast():
    epoch 11  train_loss=0.0121  val_loss=0.0214  val_qwk=0.8535  val_acc=0.7206
/home/norak/R&I/kxs-/train.py:148: FutureWarning: `torch.cuda.amp.autocast(args...)` is deprecated. Please use `torch.amp.autocast('cuda', args...)` instead.
  with torch.cuda.amp.autocast():
/home/norak/R&I/kxs-/train.py:169: FutureWarning: `torch.cuda.amp.autocast(args...)` is deprecated. Please use `torch.amp.autocast('cuda', args...)` instead.
  with torch.cuda.amp.autocast():
    epoch 12  train_loss=0.0086  val_loss=0.0225  val_qwk=0.8551  val_acc=0.7059
/home/norak/R&I/kxs-/train.py:148: FutureWarning: `torch.cuda.amp.autocast(args...)` is deprecated. Please use `torch.amp.autocast('cuda', args...)` instead.
  with torch.cuda.amp.autocast():
/home/norak/R&I/kxs-/train.py:169: FutureWarning: `torch.cuda.amp.autocast(args...)` is deprecated. Please use `torch.amp.autocast('cuda', args...)` instead.
  with torch.cuda.amp.autocast():
    epoch 13  train_loss=0.0084  val_loss=0.0213  val_qwk=0.8733  val_acc=0.7721
/home/norak/R&I/kxs-/train.py:148: FutureWarning: `torch.cuda.amp.autocast(args...)` is deprecated. Please use `torch.amp.autocast('cuda', args...)` instead.
  with torch.cuda.amp.autocast():
/home/norak/R&I/kxs-/train.py:169: FutureWarning: `torch.cuda.amp.autocast(args...)` is deprecated. Please use `torch.amp.autocast('cuda', args...)` instead.
  with torch.cuda.amp.autocast():
    epoch 14  train_loss=0.0080  val_loss=0.0187  val_qwk=0.8825  val_acc=0.7574
/home/norak/R&I/kxs-/train.py:148: FutureWarning: `torch.cuda.amp.autocast(args...)` is deprecated. Please use `torch.amp.autocast('cuda', args...)` instead.
  with torch.cuda.amp.autocast():
/home/norak/R&I/kxs-/train.py:169: FutureWarning: `torch.cuda.amp.autocast(args...)` is deprecated. Please use `torch.amp.autocast('cuda', args...)` instead.
  with torch.cuda.amp.autocast():
    epoch 15  train_loss=0.0082  val_loss=0.0207  val_qwk=0.8733  val_acc=0.7868
/home/norak/R&I/kxs-/train.py:148: FutureWarning: `torch.cuda.amp.autocast(args...)` is deprecated. Please use `torch.amp.autocast('cuda', args...)` instead.
  with torch.cuda.amp.autocast():
/home/norak/R&I/kxs-/train.py:169: FutureWarning: `torch.cuda.amp.autocast(args...)` is deprecated. Please use `torch.amp.autocast('cuda', args...)` instead.
  with torch.cuda.amp.autocast():
    epoch 16  train_loss=0.0073  val_loss=0.0179  val_qwk=0.8840  val_acc=0.7721
/home/norak/R&I/kxs-/train.py:148: FutureWarning: `torch.cuda.amp.autocast(args...)` is deprecated. Please use `torch.amp.autocast('cuda', args...)` instead.
  with torch.cuda.amp.autocast():
/home/norak/R&I/kxs-/train.py:169: FutureWarning: `torch.cuda.amp.autocast(args...)` is deprecated. Please use `torch.amp.autocast('cuda', args...)` instead.
  with torch.cuda.amp.autocast():
    epoch 17  train_loss=0.0080  val_loss=0.0212  val_qwk=0.8683  val_acc=0.7353
/home/norak/R&I/kxs-/train.py:148: FutureWarning: `torch.cuda.amp.autocast(args...)` is deprecated. Please use `torch.amp.autocast('cuda', args...)` instead.
  with torch.cuda.amp.autocast():
/home/norak/R&I/kxs-/train.py:169: FutureWarning: `torch.cuda.amp.autocast(args...)` is deprecated. Please use `torch.amp.autocast('cuda', args...)` instead.
  with torch.cuda.amp.autocast():
    epoch 18  train_loss=0.0068  val_loss=0.0220  val_qwk=0.8348  val_acc=0.7647
/home/norak/R&I/kxs-/train.py:148: FutureWarning: `torch.cuda.amp.autocast(args...)` is deprecated. Please use `torch.amp.autocast('cuda', args...)` instead.
  with torch.cuda.amp.autocast():
/home/norak/R&I/kxs-/train.py:169: FutureWarning: `torch.cuda.amp.autocast(args...)` is deprecated. Please use `torch.amp.autocast('cuda', args...)` instead.
  with torch.cuda.amp.autocast():
    epoch 19  train_loss=0.0071  val_loss=0.0222  val_qwk=0.8553  val_acc=0.7500
/home/norak/R&I/kxs-/train.py:148: FutureWarning: `torch.cuda.amp.autocast(args...)` is deprecated. Please use `torch.amp.autocast('cuda', args...)` instead.
  with torch.cuda.amp.autocast():
/home/norak/R&I/kxs-/train.py:169: FutureWarning: `torch.cuda.amp.autocast(args...)` is deprecated. Please use `torch.amp.autocast('cuda', args...)` instead.
  with torch.cuda.amp.autocast():
    epoch 20  train_loss=0.0077  val_loss=0.0199  val_qwk=0.8724  val_acc=0.7868
    early-stop at epoch 20 (best epoch=16, best_qwk=0.8840)
/home/norak/R&I/kxs-/train.py:169: FutureWarning: `torch.cuda.amp.autocast(args...)` is deprecated. Please use `torch.amp.autocast('cuda', args...)` instead.
  with torch.cuda.amp.autocast():
/home/norak/R&I/kxs-/train.py:169: FutureWarning: `torch.cuda.amp.autocast(args...)` is deprecated. Please use `torch.amp.autocast('cuda', args...)` instead.
  with torch.cuda.amp.autocast():
/home/norak/R&I/kxs-/train.py:169: FutureWarning: `torch.cuda.amp.autocast(args...)` is deprecated. Please use `torch.amp.autocast('cuda', args...)` instead.
  with torch.cuda.amp.autocast():
  [segment_qar_dual_gte_maxfeat            ] train_qwk=0.9439 -> test_qwk=0.8303  raw_w1=0.7664  epoch=16  (160.9s)
Loading weights:   0%|          | 0/199 [00:00<?, ?it/s]Loading weights: 100%|██████████| 199/199 [00:00<00:00, 2876.73it/s]
[transformers] [1mBertModel LOAD REPORT[0m from: bert-base-multilingual-cased
Key                                        | Status     |  | 
-------------------------------------------+------------+--+-
cls.seq_relationship.weight                | UNEXPECTED |  | 
cls.predictions.transform.LayerNorm.weight | UNEXPECTED |  | 
cls.predictions.transform.dense.bias       | UNEXPECTED |  | 
cls.predictions.transform.dense.weight     | UNEXPECTED |  | 
cls.predictions.transform.LayerNorm.bias   | UNEXPECTED |  | 
cls.seq_relationship.bias                  | UNEXPECTED |  | 
cls.predictions.bias                       | UNEXPECTED |  | 

Notes:
- UNEXPECTED:	can be ignored when loading from different task/architecture; not ok if you expect identical arch.
/home/norak/R&I/kxs-/train.py:206: FutureWarning: `torch.cuda.amp.GradScaler(args...)` is deprecated. Please use `torch.amp.GradScaler('cuda', args...)` instead.
  scaler = torch.cuda.amp.GradScaler() if use_amp and device == "cuda" else None
/home/norak/R&I/kxs-/train.py:148: FutureWarning: `torch.cuda.amp.autocast(args...)` is deprecated. Please use `torch.amp.autocast('cuda', args...)` instead.
  with torch.cuda.amp.autocast():
/home/norak/R&I/kxs-/train.py:169: FutureWarning: `torch.cuda.amp.autocast(args...)` is deprecated. Please use `torch.amp.autocast('cuda', args...)` instead.
  with torch.cuda.amp.autocast():
    epoch  1  train_loss=0.0886  val_loss=0.0812  val_qwk=0.0815  val_acc=0.1324
/home/norak/R&I/kxs-/train.py:148: FutureWarning: `torch.cuda.amp.autocast(args...)` is deprecated. Please use `torch.amp.autocast('cuda', args...)` instead.
  with torch.cuda.amp.autocast():
/home/norak/R&I/kxs-/train.py:169: FutureWarning: `torch.cuda.amp.autocast(args...)` is deprecated. Please use `torch.amp.autocast('cuda', args...)` instead.
  with torch.cuda.amp.autocast():
    epoch  2  train_loss=0.0771  val_loss=0.0865  val_qwk=0.2879  val_acc=0.2868
/home/norak/R&I/kxs-/train.py:148: FutureWarning: `torch.cuda.amp.autocast(args...)` is deprecated. Please use `torch.amp.autocast('cuda', args...)` instead.
  with torch.cuda.amp.autocast():
/home/norak/R&I/kxs-/train.py:169: FutureWarning: `torch.cuda.amp.autocast(args...)` is deprecated. Please use `torch.amp.autocast('cuda', args...)` instead.
  with torch.cuda.amp.autocast():
    epoch  3  train_loss=0.0760  val_loss=0.0737  val_qwk=0.2634  val_acc=0.2941
/home/norak/R&I/kxs-/train.py:148: FutureWarning: `torch.cuda.amp.autocast(args...)` is deprecated. Please use `torch.amp.autocast('cuda', args...)` instead.
  with torch.cuda.amp.autocast():
/home/norak/R&I/kxs-/train.py:169: FutureWarning: `torch.cuda.amp.autocast(args...)` is deprecated. Please use `torch.amp.autocast('cuda', args...)` instead.
  with torch.cuda.amp.autocast():
    epoch  4  train_loss=0.0720  val_loss=0.0713  val_qwk=0.3427  val_acc=0.3235
/home/norak/R&I/kxs-/train.py:148: FutureWarning: `torch.cuda.amp.autocast(args...)` is deprecated. Please use `torch.amp.autocast('cuda', args...)` instead.
  with torch.cuda.amp.autocast():
/home/norak/R&I/kxs-/train.py:169: FutureWarning: `torch.cuda.amp.autocast(args...)` is deprecated. Please use `torch.amp.autocast('cuda', args...)` instead.
  with torch.cuda.amp.autocast():
    epoch  5  train_loss=0.0715  val_loss=0.0718  val_qwk=0.3455  val_acc=0.3309
/home/norak/R&I/kxs-/train.py:148: FutureWarning: `torch.cuda.amp.autocast(args...)` is deprecated. Please use `torch.amp.autocast('cuda', args...)` instead.
  with torch.cuda.amp.autocast():
/home/norak/R&I/kxs-/train.py:169: FutureWarning: `torch.cuda.amp.autocast(args...)` is deprecated. Please use `torch.amp.autocast('cuda', args...)` instead.
  with torch.cuda.amp.autocast():
    epoch  6  train_loss=0.0695  val_loss=0.0715  val_qwk=0.3455  val_acc=0.3309
/home/norak/R&I/kxs-/train.py:148: FutureWarning: `torch.cuda.amp.autocast(args...)` is deprecated. Please use `torch.amp.autocast('cuda', args...)` instead.
  with torch.cuda.amp.autocast():
/home/norak/R&I/kxs-/train.py:169: FutureWarning: `torch.cuda.amp.autocast(args...)` is deprecated. Please use `torch.amp.autocast('cuda', args...)` instead.
  with torch.cuda.amp.autocast():
    epoch  7  train_loss=0.0689  val_loss=0.0693  val_qwk=0.3455  val_acc=0.3309
/home/norak/R&I/kxs-/train.py:148: FutureWarning: `torch.cuda.amp.autocast(args...)` is deprecated. Please use `torch.amp.autocast('cuda', args...)` instead.
  with torch.cuda.amp.autocast():
/home/norak/R&I/kxs-/train.py:169: FutureWarning: `torch.cuda.amp.autocast(args...)` is deprecated. Please use `torch.amp.autocast('cuda', args...)` instead.
  with torch.cuda.amp.autocast():
    epoch  8  train_loss=0.0685  val_loss=0.0696  val_qwk=0.3316  val_acc=0.3235
/home/norak/R&I/kxs-/train.py:148: FutureWarning: `torch.cuda.amp.autocast(args...)` is deprecated. Please use `torch.amp.autocast('cuda', args...)` instead.
  with torch.cuda.amp.autocast():
/home/norak/R&I/kxs-/train.py:169: FutureWarning: `torch.cuda.amp.autocast(args...)` is deprecated. Please use `torch.amp.autocast('cuda', args...)` instead.
  with torch.cuda.amp.autocast():
    epoch  9  train_loss=0.0683  val_loss=0.0725  val_qwk=0.3432  val_acc=0.3676
    early-stop at epoch 9 (best epoch=5, best_qwk=0.3455)
/home/norak/R&I/kxs-/train.py:169: FutureWarning: `torch.cuda.amp.autocast(args...)` is deprecated. Please use `torch.amp.autocast('cuda', args...)` instead.
  with torch.cuda.amp.autocast():
/home/norak/R&I/kxs-/train.py:169: FutureWarning: `torch.cuda.amp.autocast(args...)` is deprecated. Please use `torch.amp.autocast('cuda', args...)` instead.
  with torch.cuda.amp.autocast():
/home/norak/R&I/kxs-/train.py:169: FutureWarning: `torch.cuda.amp.autocast(args...)` is deprecated. Please use `torch.amp.autocast('cuda', args...)` instead.
  with torch.cuda.amp.autocast():
  [segment_qar_cross_mbert_maxfeat         ] train_qwk=0.3362 -> test_qwk=0.3003  raw_w1=0.3577  epoch=5  (47.4s)
Loading weights:   0%|          | 0/199 [00:00<?, ?it/s]Loading weights: 100%|██████████| 199/199 [00:00<00:00, 2962.55it/s]
[transformers] [1mXLMRobertaModel LOAD REPORT[0m from: xlm-roberta-base
Key                       | Status     |  | 
--------------------------+------------+--+-
lm_head.layer_norm.weight | UNEXPECTED |  | 
lm_head.bias              | UNEXPECTED |  | 
lm_head.dense.bias        | UNEXPECTED |  | 
lm_head.layer_norm.bias   | UNEXPECTED |  | 
lm_head.dense.weight      | UNEXPECTED |  | 

Notes:
- UNEXPECTED:	can be ignored when loading from different task/architecture; not ok if you expect identical arch.
/home/norak/R&I/kxs-/train.py:206: FutureWarning: `torch.cuda.amp.GradScaler(args...)` is deprecated. Please use `torch.amp.GradScaler('cuda', args...)` instead.
  scaler = torch.cuda.amp.GradScaler() if use_amp and device == "cuda" else None
/home/norak/R&I/kxs-/train.py:148: FutureWarning: `torch.cuda.amp.autocast(args...)` is deprecated. Please use `torch.amp.autocast('cuda', args...)` instead.
  with torch.cuda.amp.autocast():
/home/norak/R&I/kxs-/train.py:169: FutureWarning: `torch.cuda.amp.autocast(args...)` is deprecated. Please use `torch.amp.autocast('cuda', args...)` instead.
  with torch.cuda.amp.autocast():
    epoch  1  train_loss=0.1022  val_loss=0.0830  val_qwk=0.0000  val_acc=0.1324
/home/norak/R&I/kxs-/train.py:148: FutureWarning: `torch.cuda.amp.autocast(args...)` is deprecated. Please use `torch.amp.autocast('cuda', args...)` instead.
  with torch.cuda.amp.autocast():
/home/norak/R&I/kxs-/train.py:169: FutureWarning: `torch.cuda.amp.autocast(args...)` is deprecated. Please use `torch.amp.autocast('cuda', args...)` instead.
  with torch.cuda.amp.autocast():
    epoch  2  train_loss=0.0777  val_loss=0.0638  val_qwk=0.3754  val_acc=0.2647
/home/norak/R&I/kxs-/train.py:148: FutureWarning: `torch.cuda.amp.autocast(args...)` is deprecated. Please use `torch.amp.autocast('cuda', args...)` instead.
  with torch.cuda.amp.autocast():
/home/norak/R&I/kxs-/train.py:169: FutureWarning: `torch.cuda.amp.autocast(args...)` is deprecated. Please use `torch.amp.autocast('cuda', args...)` instead.
  with torch.cuda.amp.autocast():
    epoch  3  train_loss=0.0602  val_loss=0.0490  val_qwk=0.6418  val_acc=0.6176
/home/norak/R&I/kxs-/train.py:148: FutureWarning: `torch.cuda.amp.autocast(args...)` is deprecated. Please use `torch.amp.autocast('cuda', args...)` instead.
  with torch.cuda.amp.autocast():
/home/norak/R&I/kxs-/train.py:169: FutureWarning: `torch.cuda.amp.autocast(args...)` is deprecated. Please use `torch.amp.autocast('cuda', args...)` instead.
  with torch.cuda.amp.autocast():
    epoch  4  train_loss=0.0533  val_loss=0.0468  val_qwk=0.5641  val_acc=0.4412
/home/norak/R&I/kxs-/train.py:148: FutureWarning: `torch.cuda.amp.autocast(args...)` is deprecated. Please use `torch.amp.autocast('cuda', args...)` instead.
  with torch.cuda.amp.autocast():
/home/norak/R&I/kxs-/train.py:169: FutureWarning: `torch.cuda.amp.autocast(args...)` is deprecated. Please use `torch.amp.autocast('cuda', args...)` instead.
  with torch.cuda.amp.autocast():
    epoch  5  train_loss=0.0486  val_loss=0.0361  val_qwk=0.7732  val_acc=0.6250
/home/norak/R&I/kxs-/train.py:148: FutureWarning: `torch.cuda.amp.autocast(args...)` is deprecated. Please use `torch.amp.autocast('cuda', args...)` instead.
  with torch.cuda.amp.autocast():
/home/norak/R&I/kxs-/train.py:169: FutureWarning: `torch.cuda.amp.autocast(args...)` is deprecated. Please use `torch.amp.autocast('cuda', args...)` instead.
  with torch.cuda.amp.autocast():
    epoch  6  train_loss=0.0442  val_loss=0.0312  val_qwk=0.8114  val_acc=0.6912
/home/norak/R&I/kxs-/train.py:148: FutureWarning: `torch.cuda.amp.autocast(args...)` is deprecated. Please use `torch.amp.autocast('cuda', args...)` instead.
  with torch.cuda.amp.autocast():
/home/norak/R&I/kxs-/train.py:169: FutureWarning: `torch.cuda.amp.autocast(args...)` is deprecated. Please use `torch.amp.autocast('cuda', args...)` instead.
  with torch.cuda.amp.autocast():
    epoch  7  train_loss=0.0426  val_loss=0.0390  val_qwk=0.7052  val_acc=0.6250
/home/norak/R&I/kxs-/train.py:148: FutureWarning: `torch.cuda.amp.autocast(args...)` is deprecated. Please use `torch.amp.autocast('cuda', args...)` instead.
  with torch.cuda.amp.autocast():
/home/norak/R&I/kxs-/train.py:169: FutureWarning: `torch.cuda.amp.autocast(args...)` is deprecated. Please use `torch.amp.autocast('cuda', args...)` instead.
  with torch.cuda.amp.autocast():
    epoch  8  train_loss=0.0383  val_loss=0.0278  val_qwk=0.7571  val_acc=0.6103
/home/norak/R&I/kxs-/train.py:148: FutureWarning: `torch.cuda.amp.autocast(args...)` is deprecated. Please use `torch.amp.autocast('cuda', args...)` instead.
  with torch.cuda.amp.autocast():
/home/norak/R&I/kxs-/train.py:169: FutureWarning: `torch.cuda.amp.autocast(args...)` is deprecated. Please use `torch.amp.autocast('cuda', args...)` instead.
  with torch.cuda.amp.autocast():
    epoch  9  train_loss=0.0359  val_loss=0.0252  val_qwk=0.8269  val_acc=0.6985
/home/norak/R&I/kxs-/train.py:148: FutureWarning: `torch.cuda.amp.autocast(args...)` is deprecated. Please use `torch.amp.autocast('cuda', args...)` instead.
  with torch.cuda.amp.autocast():
/home/norak/R&I/kxs-/train.py:169: FutureWarning: `torch.cuda.amp.autocast(args...)` is deprecated. Please use `torch.amp.autocast('cuda', args...)` instead.
  with torch.cuda.amp.autocast():
    epoch 10  train_loss=0.0314  val_loss=0.0285  val_qwk=0.8176  val_acc=0.7426
/home/norak/R&I/kxs-/train.py:148: FutureWarning: `torch.cuda.amp.autocast(args...)` is deprecated. Please use `torch.amp.autocast('cuda', args...)` instead.
  with torch.cuda.amp.autocast():
/home/norak/R&I/kxs-/train.py:169: FutureWarning: `torch.cuda.amp.autocast(args...)` is deprecated. Please use `torch.amp.autocast('cuda', args...)` instead.
  with torch.cuda.amp.autocast():
    epoch 11  train_loss=0.0307  val_loss=0.0271  val_qwk=0.8003  val_acc=0.6765
/home/norak/R&I/kxs-/train.py:148: FutureWarning: `torch.cuda.amp.autocast(args...)` is deprecated. Please use `torch.amp.autocast('cuda', args...)` instead.
  with torch.cuda.amp.autocast():
/home/norak/R&I/kxs-/train.py:169: FutureWarning: `torch.cuda.amp.autocast(args...)` is deprecated. Please use `torch.amp.autocast('cuda', args...)` instead.
  with torch.cuda.amp.autocast():
    epoch 12  train_loss=0.0258  val_loss=0.0281  val_qwk=0.8601  val_acc=0.7941
/home/norak/R&I/kxs-/train.py:148: FutureWarning: `torch.cuda.amp.autocast(args...)` is deprecated. Please use `torch.amp.autocast('cuda', args...)` instead.
  with torch.cuda.amp.autocast():
/home/norak/R&I/kxs-/train.py:169: FutureWarning: `torch.cuda.amp.autocast(args...)` is deprecated. Please use `torch.amp.autocast('cuda', args...)` instead.
  with torch.cuda.amp.autocast():
    epoch 13  train_loss=0.0269  val_loss=0.0264  val_qwk=0.8331  val_acc=0.7279
/home/norak/R&I/kxs-/train.py:148: FutureWarning: `torch.cuda.amp.autocast(args...)` is deprecated. Please use `torch.amp.autocast('cuda', args...)` instead.
  with torch.cuda.amp.autocast():
/home/norak/R&I/kxs-/train.py:169: FutureWarning: `torch.cuda.amp.autocast(args...)` is deprecated. Please use `torch.amp.autocast('cuda', args...)` instead.
  with torch.cuda.amp.autocast():
    epoch 14  train_loss=0.0239  val_loss=0.0243  val_qwk=0.8556  val_acc=0.7794
/home/norak/R&I/kxs-/train.py:148: FutureWarning: `torch.cuda.amp.autocast(args...)` is deprecated. Please use `torch.amp.autocast('cuda', args...)` instead.
  with torch.cuda.amp.autocast():
/home/norak/R&I/kxs-/train.py:169: FutureWarning: `torch.cuda.amp.autocast(args...)` is deprecated. Please use `torch.amp.autocast('cuda', args...)` instead.
  with torch.cuda.amp.autocast():
    epoch 15  train_loss=0.0241  val_loss=0.0251  val_qwk=0.8574  val_acc=0.7647
/home/norak/R&I/kxs-/train.py:148: FutureWarning: `torch.cuda.amp.autocast(args...)` is deprecated. Please use `torch.amp.autocast('cuda', args...)` instead.
  with torch.cuda.amp.autocast():
/home/norak/R&I/kxs-/train.py:169: FutureWarning: `torch.cuda.amp.autocast(args...)` is deprecated. Please use `torch.amp.autocast('cuda', args...)` instead.
  with torch.cuda.amp.autocast():
    epoch 16  train_loss=0.0185  val_loss=0.0315  val_qwk=0.7887  val_acc=0.6912
    early-stop at epoch 16 (best epoch=12, best_qwk=0.8601)
/home/norak/R&I/kxs-/train.py:169: FutureWarning: `torch.cuda.amp.autocast(args...)` is deprecated. Please use `torch.amp.autocast('cuda', args...)` instead.
  with torch.cuda.amp.autocast():
/home/norak/R&I/kxs-/train.py:169: FutureWarning: `torch.cuda.amp.autocast(args...)` is deprecated. Please use `torch.amp.autocast('cuda', args...)` instead.
  with torch.cuda.amp.autocast():
/home/norak/R&I/kxs-/train.py:169: FutureWarning: `torch.cuda.amp.autocast(args...)` is deprecated. Please use `torch.amp.autocast('cuda', args...)` instead.
  with torch.cuda.amp.autocast():
  [segment_qar_cross_xlmr_maxfeat          ] train_qwk=0.8721 -> test_qwk=0.7540  raw_w1=0.6861  epoch=12  (76.7s)
Loading weights:   0%|          | 0/136 [00:00<?, ?it/s]Loading weights:   3%|▎         | 4/136 [00:00<00:04, 31.26it/s]Loading weights: 100%|██████████| 136/136 [00:00<00:00, 979.47it/s]
[transformers] [1mNewModel LOAD REPORT[0m from: Alibaba-NLP/gte-multilingual-base
Key               | Status     |  | 
------------------+------------+--+-
classifier.weight | UNEXPECTED |  | 
classifier.bias   | UNEXPECTED |  | 

Notes:
- UNEXPECTED:	can be ignored when loading from different task/architecture; not ok if you expect identical arch.
/home/norak/R&I/kxs-/train.py:206: FutureWarning: `torch.cuda.amp.GradScaler(args...)` is deprecated. Please use `torch.amp.GradScaler('cuda', args...)` instead.
  scaler = torch.cuda.amp.GradScaler() if use_amp and device == "cuda" else None
/home/norak/R&I/kxs-/train.py:148: FutureWarning: `torch.cuda.amp.autocast(args...)` is deprecated. Please use `torch.amp.autocast('cuda', args...)` instead.
  with torch.cuda.amp.autocast():
/home/norak/R&I/kxs-/train.py:169: FutureWarning: `torch.cuda.amp.autocast(args...)` is deprecated. Please use `torch.amp.autocast('cuda', args...)` instead.
  with torch.cuda.amp.autocast():
    epoch  1  train_loss=0.0813  val_loss=0.0490  val_qwk=0.5603  val_acc=0.3971
/home/norak/R&I/kxs-/train.py:148: FutureWarning: `torch.cuda.amp.autocast(args...)` is deprecated. Please use `torch.amp.autocast('cuda', args...)` instead.
  with torch.cuda.amp.autocast():
/home/norak/R&I/kxs-/train.py:169: FutureWarning: `torch.cuda.amp.autocast(args...)` is deprecated. Please use `torch.amp.autocast('cuda', args...)` instead.
  with torch.cuda.amp.autocast():
    epoch  2  train_loss=0.0547  val_loss=0.0427  val_qwk=0.6461  val_acc=0.5588
/home/norak/R&I/kxs-/train.py:148: FutureWarning: `torch.cuda.amp.autocast(args...)` is deprecated. Please use `torch.amp.autocast('cuda', args...)` instead.
  with torch.cuda.amp.autocast():
/home/norak/R&I/kxs-/train.py:169: FutureWarning: `torch.cuda.amp.autocast(args...)` is deprecated. Please use `torch.amp.autocast('cuda', args...)` instead.
  with torch.cuda.amp.autocast():
    epoch  3  train_loss=0.0501  val_loss=0.0393  val_qwk=0.6977  val_acc=0.6618
/home/norak/R&I/kxs-/train.py:148: FutureWarning: `torch.cuda.amp.autocast(args...)` is deprecated. Please use `torch.amp.autocast('cuda', args...)` instead.
  with torch.cuda.amp.autocast():
/home/norak/R&I/kxs-/train.py:169: FutureWarning: `torch.cuda.amp.autocast(args...)` is deprecated. Please use `torch.amp.autocast('cuda', args...)` instead.
  with torch.cuda.amp.autocast():
    epoch  4  train_loss=0.0416  val_loss=0.0391  val_qwk=0.7801  val_acc=0.6544
/home/norak/R&I/kxs-/train.py:148: FutureWarning: `torch.cuda.amp.autocast(args...)` is deprecated. Please use `torch.amp.autocast('cuda', args...)` instead.
  with torch.cuda.amp.autocast():
/home/norak/R&I/kxs-/train.py:169: FutureWarning: `torch.cuda.amp.autocast(args...)` is deprecated. Please use `torch.amp.autocast('cuda', args...)` instead.
  with torch.cuda.amp.autocast():
    epoch  5  train_loss=0.0350  val_loss=0.0342  val_qwk=0.7736  val_acc=0.6765
/home/norak/R&I/kxs-/train.py:148: FutureWarning: `torch.cuda.amp.autocast(args...)` is deprecated. Please use `torch.amp.autocast('cuda', args...)` instead.
  with torch.cuda.amp.autocast():
/home/norak/R&I/kxs-/train.py:169: FutureWarning: `torch.cuda.amp.autocast(args...)` is deprecated. Please use `torch.amp.autocast('cuda', args...)` instead.
  with torch.cuda.amp.autocast():
    epoch  6  train_loss=0.0300  val_loss=0.0417  val_qwk=0.7997  val_acc=0.7500
/home/norak/R&I/kxs-/train.py:148: FutureWarning: `torch.cuda.amp.autocast(args...)` is deprecated. Please use `torch.amp.autocast('cuda', args...)` instead.
  with torch.cuda.amp.autocast():
/home/norak/R&I/kxs-/train.py:169: FutureWarning: `torch.cuda.amp.autocast(args...)` is deprecated. Please use `torch.amp.autocast('cuda', args...)` instead.
  with torch.cuda.amp.autocast():
    epoch  7  train_loss=0.0289  val_loss=0.0457  val_qwk=0.7409  val_acc=0.6471
/home/norak/R&I/kxs-/train.py:148: FutureWarning: `torch.cuda.amp.autocast(args...)` is deprecated. Please use `torch.amp.autocast('cuda', args...)` instead.
  with torch.cuda.amp.autocast():
/home/norak/R&I/kxs-/train.py:169: FutureWarning: `torch.cuda.amp.autocast(args...)` is deprecated. Please use `torch.amp.autocast('cuda', args...)` instead.
  with torch.cuda.amp.autocast():
    epoch  8  train_loss=0.0280  val_loss=0.0354  val_qwk=0.7876  val_acc=0.6838
/home/norak/R&I/kxs-/train.py:148: FutureWarning: `torch.cuda.amp.autocast(args...)` is deprecated. Please use `torch.amp.autocast('cuda', args...)` instead.
  with torch.cuda.amp.autocast():
/home/norak/R&I/kxs-/train.py:169: FutureWarning: `torch.cuda.amp.autocast(args...)` is deprecated. Please use `torch.amp.autocast('cuda', args...)` instead.
  with torch.cuda.amp.autocast():
    epoch  9  train_loss=0.0239  val_loss=0.0241  val_qwk=0.8533  val_acc=0.7794
/home/norak/R&I/kxs-/train.py:148: FutureWarning: `torch.cuda.amp.autocast(args...)` is deprecated. Please use `torch.amp.autocast('cuda', args...)` instead.
  with torch.cuda.amp.autocast():
/home/norak/R&I/kxs-/train.py:169: FutureWarning: `torch.cuda.amp.autocast(args...)` is deprecated. Please use `torch.amp.autocast('cuda', args...)` instead.
  with torch.cuda.amp.autocast():
    epoch 10  train_loss=0.0222  val_loss=0.0276  val_qwk=0.8608  val_acc=0.7500
/home/norak/R&I/kxs-/train.py:148: FutureWarning: `torch.cuda.amp.autocast(args...)` is deprecated. Please use `torch.amp.autocast('cuda', args...)` instead.
  with torch.cuda.amp.autocast():
/home/norak/R&I/kxs-/train.py:169: FutureWarning: `torch.cuda.amp.autocast(args...)` is deprecated. Please use `torch.amp.autocast('cuda', args...)` instead.
  with torch.cuda.amp.autocast():
    epoch 11  train_loss=0.0237  val_loss=0.0248  val_qwk=0.8635  val_acc=0.7941
/home/norak/R&I/kxs-/train.py:148: FutureWarning: `torch.cuda.amp.autocast(args...)` is deprecated. Please use `torch.amp.autocast('cuda', args...)` instead.
  with torch.cuda.amp.autocast():
/home/norak/R&I/kxs-/train.py:169: FutureWarning: `torch.cuda.amp.autocast(args...)` is deprecated. Please use `torch.amp.autocast('cuda', args...)` instead.
  with torch.cuda.amp.autocast():
    epoch 12  train_loss=0.0194  val_loss=0.0254  val_qwk=0.8424  val_acc=0.7647
/home/norak/R&I/kxs-/train.py:148: FutureWarning: `torch.cuda.amp.autocast(args...)` is deprecated. Please use `torch.amp.autocast('cuda', args...)` instead.
  with torch.cuda.amp.autocast():
/home/norak/R&I/kxs-/train.py:169: FutureWarning: `torch.cuda.amp.autocast(args...)` is deprecated. Please use `torch.amp.autocast('cuda', args...)` instead.
  with torch.cuda.amp.autocast():
    epoch 13  train_loss=0.0160  val_loss=0.0238  val_qwk=0.8493  val_acc=0.6618
/home/norak/R&I/kxs-/train.py:148: FutureWarning: `torch.cuda.amp.autocast(args...)` is deprecated. Please use `torch.amp.autocast('cuda', args...)` instead.
  with torch.cuda.amp.autocast():
/home/norak/R&I/kxs-/train.py:169: FutureWarning: `torch.cuda.amp.autocast(args...)` is deprecated. Please use `torch.amp.autocast('cuda', args...)` instead.
  with torch.cuda.amp.autocast():
    epoch 14  train_loss=0.0156  val_loss=0.0330  val_qwk=0.8045  val_acc=0.7132
/home/norak/R&I/kxs-/train.py:148: FutureWarning: `torch.cuda.amp.autocast(args...)` is deprecated. Please use `torch.amp.autocast('cuda', args...)` instead.
  with torch.cuda.amp.autocast():
/home/norak/R&I/kxs-/train.py:169: FutureWarning: `torch.cuda.amp.autocast(args...)` is deprecated. Please use `torch.amp.autocast('cuda', args...)` instead.
  with torch.cuda.amp.autocast():
    epoch 15  train_loss=0.0150  val_loss=0.0265  val_qwk=0.8579  val_acc=0.7500
    early-stop at epoch 15 (best epoch=11, best_qwk=0.8635)
/home/norak/R&I/kxs-/train.py:169: FutureWarning: `torch.cuda.amp.autocast(args...)` is deprecated. Please use `torch.amp.autocast('cuda', args...)` instead.
  with torch.cuda.amp.autocast():
/home/norak/R&I/kxs-/train.py:169: FutureWarning: `torch.cuda.amp.autocast(args...)` is deprecated. Please use `torch.amp.autocast('cuda', args...)` instead.
  with torch.cuda.amp.autocast():
/home/norak/R&I/kxs-/train.py:169: FutureWarning: `torch.cuda.amp.autocast(args...)` is deprecated. Please use `torch.amp.autocast('cuda', args...)` instead.
  with torch.cuda.amp.autocast():
  [segment_qar_cross_gte_maxfeat           ] train_qwk=0.8883 -> test_qwk=0.7326  raw_w1=0.7153  epoch=11  (84.3s)

========== exp03b max-feat neural  895 (no 10C, drop 0)  resume=False  ->  /home/norak/R&I/kxs-/results_no10c_no0_v03b_maxfeat_neural ==========
  rows=895 train=626 val=134 test=135
    epoch  1  train_loss=0.1031  val_loss=0.0784  val_qwk=0.0000  val_acc=0.1343
    epoch  2  train_loss=0.0818  val_loss=0.0746  val_qwk=0.0000  val_acc=0.1343
    epoch  3  train_loss=0.0704  val_loss=0.0649  val_qwk=0.1361  val_acc=0.1791
    epoch  4  train_loss=0.0536  val_loss=0.0582  val_qwk=0.4879  val_acc=0.4104
    epoch  5  train_loss=0.0475  val_loss=0.0560  val_qwk=0.5070  val_acc=0.4552
    epoch  6  train_loss=0.0474  val_loss=0.0486  val_qwk=0.5556  val_acc=0.4552
    epoch  7  train_loss=0.0435  val_loss=0.0479  val_qwk=0.5612  val_acc=0.4552
    epoch  8  train_loss=0.0441  val_loss=0.0502  val_qwk=0.5721  val_acc=0.4552
    epoch  9  train_loss=0.0409  val_loss=0.0415  val_qwk=0.5860  val_acc=0.4552
    epoch 10  train_loss=0.0359  val_loss=0.0444  val_qwk=0.6101  val_acc=0.5000
    epoch 11  train_loss=0.0336  val_loss=0.0443  val_qwk=0.6334  val_acc=0.5448
    epoch 12  train_loss=0.0289  val_loss=0.0348  val_qwk=0.7155  val_acc=0.5896
    epoch 13  train_loss=0.0262  val_loss=0.0331  val_qwk=0.7298  val_acc=0.6343
    epoch 14  train_loss=0.0230  val_loss=0.0316  val_qwk=0.7341  val_acc=0.6194
    epoch 15  train_loss=0.0206  val_loss=0.0330  val_qwk=0.7690  val_acc=0.7090
    epoch 16  train_loss=0.0182  val_loss=0.0312  val_qwk=0.7581  val_acc=0.6418
    epoch 17  train_loss=0.0184  val_loss=0.0357  val_qwk=0.7781  val_acc=0.7015
    epoch 18  train_loss=0.0170  val_loss=0.0291  val_qwk=0.7506  val_acc=0.6269
    epoch 19  train_loss=0.0162  val_loss=0.0356  val_qwk=0.7500  val_acc=0.6567
    epoch 20  train_loss=0.0138  val_loss=0.0344  val_qwk=0.7323  val_acc=0.6567
  [raw_ra_bilstm_maxfeat              ] train_qwk=0.8812 -> test_qwk=0.7904  acc5=0.6889  raw_w1=0.7111  epoch=17  (10.0s)
    epoch  1  train_loss=0.0949  val_loss=0.0781  val_qwk=0.0000  val_acc=0.1343
    epoch  2  train_loss=0.0730  val_loss=0.0687  val_qwk=-0.0123  val_acc=0.1269
    epoch  3  train_loss=0.0584  val_loss=0.0576  val_qwk=0.4345  val_acc=0.4328
    epoch  4  train_loss=0.0539  val_loss=0.0610  val_qwk=0.4289  val_acc=0.4701
    epoch  5  train_loss=0.0512  val_loss=0.0526  val_qwk=0.5052  val_acc=0.4179
    epoch  6  train_loss=0.0464  val_loss=0.0513  val_qwk=0.5066  val_acc=0.4328
    epoch  7  train_loss=0.0439  val_loss=0.0510  val_qwk=0.5351  val_acc=0.4627
    epoch  8  train_loss=0.0422  val_loss=0.0507  val_qwk=0.5172  val_acc=0.4328
    epoch  9  train_loss=0.0418  val_loss=0.0484  val_qwk=0.5749  val_acc=0.4403
    epoch 10  train_loss=0.0388  val_loss=0.0519  val_qwk=0.5913  val_acc=0.4701
    epoch 11  train_loss=0.0363  val_loss=0.0479  val_qwk=0.6303  val_acc=0.5149
    epoch 12  train_loss=0.0327  val_loss=0.0480  val_qwk=0.6376  val_acc=0.5299
    epoch 13  train_loss=0.0322  val_loss=0.0473  val_qwk=0.6508  val_acc=0.5000
    epoch 14  train_loss=0.0306  val_loss=0.0498  val_qwk=0.6203  val_acc=0.5149
    epoch 15  train_loss=0.0281  val_loss=0.0481  val_qwk=0.6596  val_acc=0.5373
    epoch 16  train_loss=0.0251  val_loss=0.0443  val_qwk=0.6716  val_acc=0.5522
    epoch 17  train_loss=0.0232  val_loss=0.0432  val_qwk=0.6607  val_acc=0.5224
    epoch 18  train_loss=0.0222  val_loss=0.0425  val_qwk=0.6703  val_acc=0.5672
    epoch 19  train_loss=0.0207  val_loss=0.0414  val_qwk=0.7050  val_acc=0.6045
    epoch 20  train_loss=0.0190  val_loss=0.0411  val_qwk=0.6899  val_acc=0.6119
  [raw_qar_bilstm_maxfeat             ] train_qwk=0.8493 -> test_qwk=0.7950  acc5=0.7185  raw_w1=0.7259  epoch=19  (10.0s)
    epoch  1  train_loss=0.1032  val_loss=0.0794  val_qwk=0.0000  val_acc=0.1343
    epoch  2  train_loss=0.0775  val_loss=0.0739  val_qwk=0.0000  val_acc=0.1343
    epoch  3  train_loss=0.0644  val_loss=0.0593  val_qwk=0.2706  val_acc=0.3284
    epoch  4  train_loss=0.0524  val_loss=0.0545  val_qwk=0.4654  val_acc=0.4328
    epoch  5  train_loss=0.0477  val_loss=0.0510  val_qwk=0.5141  val_acc=0.4179
    epoch  6  train_loss=0.0433  val_loss=0.0482  val_qwk=0.5590  val_acc=0.4403
    epoch  7  train_loss=0.0403  val_loss=0.0430  val_qwk=0.6031  val_acc=0.4627
    epoch  8  train_loss=0.0365  val_loss=0.0399  val_qwk=0.6419  val_acc=0.5373
    epoch  9  train_loss=0.0343  val_loss=0.0385  val_qwk=0.6389  val_acc=0.5448
    epoch 10  train_loss=0.0326  val_loss=0.0349  val_qwk=0.6732  val_acc=0.5299
    epoch 11  train_loss=0.0295  val_loss=0.0416  val_qwk=0.6167  val_acc=0.5299
    epoch 12  train_loss=0.0270  val_loss=0.0347  val_qwk=0.7230  val_acc=0.5896
    epoch 13  train_loss=0.0280  val_loss=0.0502  val_qwk=0.6235  val_acc=0.5224
    epoch 14  train_loss=0.0298  val_loss=0.0379  val_qwk=0.6831  val_acc=0.5224
    epoch 15  train_loss=0.0246  val_loss=0.0326  val_qwk=0.7077  val_acc=0.5896
    epoch 16  train_loss=0.0204  val_loss=0.0326  val_qwk=0.7459  val_acc=0.6343
    epoch 17  train_loss=0.0183  val_loss=0.0337  val_qwk=0.7826  val_acc=0.6716
    epoch 18  train_loss=0.0168  val_loss=0.0329  val_qwk=0.7316  val_acc=0.6343
    epoch 19  train_loss=0.0157  val_loss=0.0330  val_qwk=0.7815  val_acc=0.6866
    epoch 20  train_loss=0.0147  val_loss=0.0332  val_qwk=0.7881  val_acc=0.6866
  [clean_ra_bilstm_maxfeat            ] train_qwk=0.9031 -> test_qwk=0.7900  acc5=0.7185  raw_w1=0.7185  epoch=20  (10.7s)
    epoch  1  train_loss=0.1030  val_loss=0.0793  val_qwk=0.0000  val_acc=0.1343
    epoch  2  train_loss=0.0779  val_loss=0.0747  val_qwk=0.0000  val_acc=0.1343
    epoch  3  train_loss=0.0658  val_loss=0.0613  val_qwk=0.2512  val_acc=0.2612
    epoch  4  train_loss=0.0545  val_loss=0.0563  val_qwk=0.5197  val_acc=0.4104
    epoch  5  train_loss=0.0501  val_loss=0.0548  val_qwk=0.5255  val_acc=0.4179
    epoch  6  train_loss=0.0462  val_loss=0.0527  val_qwk=0.5139  val_acc=0.4254
    epoch  7  train_loss=0.0443  val_loss=0.0545  val_qwk=0.4946  val_acc=0.4254
    epoch  8  train_loss=0.0417  val_loss=0.0502  val_qwk=0.5886  val_acc=0.4776
    epoch  9  train_loss=0.0382  val_loss=0.0493  val_qwk=0.6408  val_acc=0.5149
    epoch 10  train_loss=0.0382  val_loss=0.0469  val_qwk=0.6523  val_acc=0.5075
    epoch 11  train_loss=0.0343  val_loss=0.0475  val_qwk=0.6169  val_acc=0.5075
    epoch 12  train_loss=0.0308  val_loss=0.0479  val_qwk=0.6203  val_acc=0.5149
    epoch 13  train_loss=0.0325  val_loss=0.0619  val_qwk=0.5838  val_acc=0.4925
    epoch 14  train_loss=0.0349  val_loss=0.0521  val_qwk=0.6098  val_acc=0.4776
    early-stop at epoch 14 (best epoch=10, best_qwk=0.6523)
  [clean_qar_bilstm_maxfeat           ] train_qwk=0.7073 -> test_qwk=0.6777  acc5=0.5407  raw_w1=0.6148  epoch=10  (8.1s)
    epoch  1  train_loss=0.0894  val_loss=0.0777  val_qwk=0.0000  val_acc=0.1343
    epoch  2  train_loss=0.0731  val_loss=0.0664  val_qwk=0.0221  val_acc=0.1343
    epoch  3  train_loss=0.0539  val_loss=0.0579  val_qwk=0.5089  val_acc=0.4701
    epoch  4  train_loss=0.0481  val_loss=0.0603  val_qwk=0.5017  val_acc=0.4403
    epoch  5  train_loss=0.0487  val_loss=0.0529  val_qwk=0.5685  val_acc=0.4627
    epoch  6  train_loss=0.0417  val_loss=0.0487  val_qwk=0.6104  val_acc=0.4776
    epoch  7  train_loss=0.0373  val_loss=0.0458  val_qwk=0.5992  val_acc=0.5000
    epoch  8  train_loss=0.0358  val_loss=0.0459  val_qwk=0.5587  val_acc=0.4701
    epoch  9  train_loss=0.0333  val_loss=0.0409  val_qwk=0.6024  val_acc=0.5075
    epoch 10  train_loss=0.0313  val_loss=0.0379  val_qwk=0.6689  val_acc=0.5522
    epoch 11  train_loss=0.0300  val_loss=0.0340  val_qwk=0.7163  val_acc=0.5746
    epoch 12  train_loss=0.0275  val_loss=0.0310  val_qwk=0.7061  val_acc=0.5149
    epoch 13  train_loss=0.0244  val_loss=0.0336  val_qwk=0.7328  val_acc=0.6119
    epoch 14  train_loss=0.0285  val_loss=0.0343  val_qwk=0.7257  val_acc=0.5597
    epoch 15  train_loss=0.0275  val_loss=0.0326  val_qwk=0.7306  val_acc=0.5597
    epoch 16  train_loss=0.0268  val_loss=0.0316  val_qwk=0.7590  val_acc=0.6493
    epoch 17  train_loss=0.0231  val_loss=0.0309  val_qwk=0.7272  val_acc=0.5522
    epoch 18  train_loss=0.0196  val_loss=0.0304  val_qwk=0.7869  val_acc=0.6716
    epoch 19  train_loss=0.0168  val_loss=0.0334  val_qwk=0.7147  val_acc=0.6194
    epoch 20  train_loss=0.0167  val_loss=0.0320  val_qwk=0.7961  val_acc=0.7239
  [segment_ra_bilstm_maxfeat          ] train_qwk=0.9051 -> test_qwk=0.8172  acc5=0.7259  raw_w1=0.7556  epoch=20  (21.1s)
    epoch  1  train_loss=0.0896  val_loss=0.0778  val_qwk=0.0000  val_acc=0.1343
    epoch  2  train_loss=0.0740  val_loss=0.0683  val_qwk=0.0102  val_acc=0.1343
    epoch  3  train_loss=0.0565  val_loss=0.0600  val_qwk=0.5131  val_acc=0.5224
    epoch  4  train_loss=0.0541  val_loss=0.0604  val_qwk=0.5041  val_acc=0.4254
    epoch  5  train_loss=0.0512  val_loss=0.0553  val_qwk=0.5198  val_acc=0.4254
    epoch  6  train_loss=0.0471  val_loss=0.0533  val_qwk=0.5286  val_acc=0.4328
    epoch  7  train_loss=0.0451  val_loss=0.0528  val_qwk=0.5093  val_acc=0.4403
    epoch  8  train_loss=0.0443  val_loss=0.0518  val_qwk=0.5516  val_acc=0.4701
    epoch  9  train_loss=0.0473  val_loss=0.0520  val_qwk=0.5788  val_acc=0.5075
    epoch 10  train_loss=0.0461  val_loss=0.0529  val_qwk=0.5671  val_acc=0.5075
    epoch 11  train_loss=0.0439  val_loss=0.0503  val_qwk=0.5707  val_acc=0.5000
    epoch 12  train_loss=0.0433  val_loss=0.0495  val_qwk=0.5814  val_acc=0.5149
    epoch 13  train_loss=0.0383  val_loss=0.0479  val_qwk=0.5949  val_acc=0.5149
    epoch 14  train_loss=0.0394  val_loss=0.0474  val_qwk=0.6050  val_acc=0.5299
    epoch 15  train_loss=0.0368  val_loss=0.0493  val_qwk=0.6299  val_acc=0.5522
    epoch 16  train_loss=0.0327  val_loss=0.0469  val_qwk=0.6438  val_acc=0.5821
    epoch 17  train_loss=0.0301  val_loss=0.0431  val_qwk=0.6361  val_acc=0.5522
    epoch 18  train_loss=0.0309  val_loss=0.0444  val_qwk=0.6437  val_acc=0.5597
    epoch 19  train_loss=0.0295  val_loss=0.0427  val_qwk=0.6297  val_acc=0.5000
    epoch 20  train_loss=0.0276  val_loss=0.0470  val_qwk=0.6615  val_acc=0.6045
  [segment_qar_bilstm_maxfeat         ] train_qwk=0.8116 -> test_qwk=0.7325  acc5=0.6667  raw_w1=0.7037  epoch=20  (20.8s)
Loading weights:   0%|          | 0/199 [00:00<?, ?it/s]Loading weights: 100%|██████████| 199/199 [00:00<00:00, 3109.43it/s]
[transformers] [1mBertModel LOAD REPORT[0m from: bert-base-multilingual-cased
Key                                        | Status     |  | 
-------------------------------------------+------------+--+-
cls.seq_relationship.weight                | UNEXPECTED |  | 
cls.predictions.transform.LayerNorm.weight | UNEXPECTED |  | 
cls.predictions.transform.dense.bias       | UNEXPECTED |  | 
cls.predictions.transform.dense.weight     | UNEXPECTED |  | 
cls.predictions.transform.LayerNorm.bias   | UNEXPECTED |  | 
cls.seq_relationship.bias                  | UNEXPECTED |  | 
cls.predictions.bias                       | UNEXPECTED |  | 

Notes:
- UNEXPECTED:	can be ignored when loading from different task/architecture; not ok if you expect identical arch.
/home/norak/R&I/kxs-/train.py:206: FutureWarning: `torch.cuda.amp.GradScaler(args...)` is deprecated. Please use `torch.amp.GradScaler('cuda', args...)` instead.
  scaler = torch.cuda.amp.GradScaler() if use_amp and device == "cuda" else None
/home/norak/R&I/kxs-/train.py:148: FutureWarning: `torch.cuda.amp.autocast(args...)` is deprecated. Please use `torch.amp.autocast('cuda', args...)` instead.
  with torch.cuda.amp.autocast():
/home/norak/R&I/kxs-/train.py:169: FutureWarning: `torch.cuda.amp.autocast(args...)` is deprecated. Please use `torch.amp.autocast('cuda', args...)` instead.
  with torch.cuda.amp.autocast():
    epoch  1  train_loss=0.0757  val_loss=0.0582  val_qwk=0.3432  val_acc=0.2985
/home/norak/R&I/kxs-/train.py:148: FutureWarning: `torch.cuda.amp.autocast(args...)` is deprecated. Please use `torch.amp.autocast('cuda', args...)` instead.
  with torch.cuda.amp.autocast():
/home/norak/R&I/kxs-/train.py:169: FutureWarning: `torch.cuda.amp.autocast(args...)` is deprecated. Please use `torch.amp.autocast('cuda', args...)` instead.
  with torch.cuda.amp.autocast():
    epoch  2  train_loss=0.0539  val_loss=0.0495  val_qwk=0.5230  val_acc=0.3358
/home/norak/R&I/kxs-/train.py:148: FutureWarning: `torch.cuda.amp.autocast(args...)` is deprecated. Please use `torch.amp.autocast('cuda', args...)` instead.
  with torch.cuda.amp.autocast():
/home/norak/R&I/kxs-/train.py:169: FutureWarning: `torch.cuda.amp.autocast(args...)` is deprecated. Please use `torch.amp.autocast('cuda', args...)` instead.
  with torch.cuda.amp.autocast():
    epoch  3  train_loss=0.0440  val_loss=0.0469  val_qwk=0.6423  val_acc=0.5522
/home/norak/R&I/kxs-/train.py:148: FutureWarning: `torch.cuda.amp.autocast(args...)` is deprecated. Please use `torch.amp.autocast('cuda', args...)` instead.
  with torch.cuda.amp.autocast():
/home/norak/R&I/kxs-/train.py:169: FutureWarning: `torch.cuda.amp.autocast(args...)` is deprecated. Please use `torch.amp.autocast('cuda', args...)` instead.
  with torch.cuda.amp.autocast():
    epoch  4  train_loss=0.0408  val_loss=0.0488  val_qwk=0.5743  val_acc=0.5746
/home/norak/R&I/kxs-/train.py:148: FutureWarning: `torch.cuda.amp.autocast(args...)` is deprecated. Please use `torch.amp.autocast('cuda', args...)` instead.
  with torch.cuda.amp.autocast():
/home/norak/R&I/kxs-/train.py:169: FutureWarning: `torch.cuda.amp.autocast(args...)` is deprecated. Please use `torch.amp.autocast('cuda', args...)` instead.
  with torch.cuda.amp.autocast():
    epoch  5  train_loss=0.0377  val_loss=0.0496  val_qwk=0.5919  val_acc=0.5299
/home/norak/R&I/kxs-/train.py:148: FutureWarning: `torch.cuda.amp.autocast(args...)` is deprecated. Please use `torch.amp.autocast('cuda', args...)` instead.
  with torch.cuda.amp.autocast():
/home/norak/R&I/kxs-/train.py:169: FutureWarning: `torch.cuda.amp.autocast(args...)` is deprecated. Please use `torch.amp.autocast('cuda', args...)` instead.
  with torch.cuda.amp.autocast():
    epoch  6  train_loss=0.0340  val_loss=0.0456  val_qwk=0.6203  val_acc=0.5597
/home/norak/R&I/kxs-/train.py:148: FutureWarning: `torch.cuda.amp.autocast(args...)` is deprecated. Please use `torch.amp.autocast('cuda', args...)` instead.
  with torch.cuda.amp.autocast():
/home/norak/R&I/kxs-/train.py:169: FutureWarning: `torch.cuda.amp.autocast(args...)` is deprecated. Please use `torch.amp.autocast('cuda', args...)` instead.
  with torch.cuda.amp.autocast():
    epoch  7  train_loss=0.0324  val_loss=0.0444  val_qwk=0.6889  val_acc=0.6493
/home/norak/R&I/kxs-/train.py:148: FutureWarning: `torch.cuda.amp.autocast(args...)` is deprecated. Please use `torch.amp.autocast('cuda', args...)` instead.
  with torch.cuda.amp.autocast():
/home/norak/R&I/kxs-/train.py:169: FutureWarning: `torch.cuda.amp.autocast(args...)` is deprecated. Please use `torch.amp.autocast('cuda', args...)` instead.
  with torch.cuda.amp.autocast():
    epoch  8  train_loss=0.0306  val_loss=0.0465  val_qwk=0.5972  val_acc=0.5522
/home/norak/R&I/kxs-/train.py:148: FutureWarning: `torch.cuda.amp.autocast(args...)` is deprecated. Please use `torch.amp.autocast('cuda', args...)` instead.
  with torch.cuda.amp.autocast():
/home/norak/R&I/kxs-/train.py:169: FutureWarning: `torch.cuda.amp.autocast(args...)` is deprecated. Please use `torch.amp.autocast('cuda', args...)` instead.
  with torch.cuda.amp.autocast():
    epoch  9  train_loss=0.0301  val_loss=0.0426  val_qwk=0.6727  val_acc=0.6343
/home/norak/R&I/kxs-/train.py:148: FutureWarning: `torch.cuda.amp.autocast(args...)` is deprecated. Please use `torch.amp.autocast('cuda', args...)` instead.
  with torch.cuda.amp.autocast():
/home/norak/R&I/kxs-/train.py:169: FutureWarning: `torch.cuda.amp.autocast(args...)` is deprecated. Please use `torch.amp.autocast('cuda', args...)` instead.
  with torch.cuda.amp.autocast():
    epoch 10  train_loss=0.0288  val_loss=0.0428  val_qwk=0.6127  val_acc=0.5522
/home/norak/R&I/kxs-/train.py:148: FutureWarning: `torch.cuda.amp.autocast(args...)` is deprecated. Please use `torch.amp.autocast('cuda', args...)` instead.
  with torch.cuda.amp.autocast():
/home/norak/R&I/kxs-/train.py:169: FutureWarning: `torch.cuda.amp.autocast(args...)` is deprecated. Please use `torch.amp.autocast('cuda', args...)` instead.
  with torch.cuda.amp.autocast():
    epoch 11  train_loss=0.0285  val_loss=0.0469  val_qwk=0.6066  val_acc=0.5896
    early-stop at epoch 11 (best epoch=7, best_qwk=0.6889)
/home/norak/R&I/kxs-/train.py:169: FutureWarning: `torch.cuda.amp.autocast(args...)` is deprecated. Please use `torch.amp.autocast('cuda', args...)` instead.
  with torch.cuda.amp.autocast():
/home/norak/R&I/kxs-/train.py:169: FutureWarning: `torch.cuda.amp.autocast(args...)` is deprecated. Please use `torch.amp.autocast('cuda', args...)` instead.
  with torch.cuda.amp.autocast():
/home/norak/R&I/kxs-/train.py:169: FutureWarning: `torch.cuda.amp.autocast(args...)` is deprecated. Please use `torch.amp.autocast('cuda', args...)` instead.
  with torch.cuda.amp.autocast():
  [raw_ra_dual_mbert_maxfeat               ] train_qwk=0.8097 -> test_qwk=0.7875  raw_w1=0.7481  epoch=7  (64.0s)
Loading weights:   0%|          | 0/199 [00:00<?, ?it/s]Loading weights: 100%|██████████| 199/199 [00:00<00:00, 3235.91it/s]
[transformers] [1mXLMRobertaModel LOAD REPORT[0m from: xlm-roberta-base
Key                       | Status     |  | 
--------------------------+------------+--+-
lm_head.layer_norm.weight | UNEXPECTED |  | 
lm_head.bias              | UNEXPECTED |  | 
lm_head.dense.bias        | UNEXPECTED |  | 
lm_head.layer_norm.bias   | UNEXPECTED |  | 
lm_head.dense.weight      | UNEXPECTED |  | 

Notes:
- UNEXPECTED:	can be ignored when loading from different task/architecture; not ok if you expect identical arch.
/home/norak/R&I/kxs-/train.py:206: FutureWarning: `torch.cuda.amp.GradScaler(args...)` is deprecated. Please use `torch.amp.GradScaler('cuda', args...)` instead.
  scaler = torch.cuda.amp.GradScaler() if use_amp and device == "cuda" else None
/home/norak/R&I/kxs-/train.py:148: FutureWarning: `torch.cuda.amp.autocast(args...)` is deprecated. Please use `torch.amp.autocast('cuda', args...)` instead.
  with torch.cuda.amp.autocast():
/home/norak/R&I/kxs-/train.py:169: FutureWarning: `torch.cuda.amp.autocast(args...)` is deprecated. Please use `torch.amp.autocast('cuda', args...)` instead.
  with torch.cuda.amp.autocast():
    epoch  1  train_loss=0.1120  val_loss=0.0707  val_qwk=0.2562  val_acc=0.3731
/home/norak/R&I/kxs-/train.py:148: FutureWarning: `torch.cuda.amp.autocast(args...)` is deprecated. Please use `torch.amp.autocast('cuda', args...)` instead.
  with torch.cuda.amp.autocast():
/home/norak/R&I/kxs-/train.py:169: FutureWarning: `torch.cuda.amp.autocast(args...)` is deprecated. Please use `torch.amp.autocast('cuda', args...)` instead.
  with torch.cuda.amp.autocast():
    epoch  2  train_loss=0.0605  val_loss=0.0514  val_qwk=0.5581  val_acc=0.4776
/home/norak/R&I/kxs-/train.py:148: FutureWarning: `torch.cuda.amp.autocast(args...)` is deprecated. Please use `torch.amp.autocast('cuda', args...)` instead.
  with torch.cuda.amp.autocast():
/home/norak/R&I/kxs-/train.py:169: FutureWarning: `torch.cuda.amp.autocast(args...)` is deprecated. Please use `torch.amp.autocast('cuda', args...)` instead.
  with torch.cuda.amp.autocast():
    epoch  3  train_loss=0.0516  val_loss=0.0472  val_qwk=0.5935  val_acc=0.4552
/home/norak/R&I/kxs-/train.py:148: FutureWarning: `torch.cuda.amp.autocast(args...)` is deprecated. Please use `torch.amp.autocast('cuda', args...)` instead.
  with torch.cuda.amp.autocast():
/home/norak/R&I/kxs-/train.py:169: FutureWarning: `torch.cuda.amp.autocast(args...)` is deprecated. Please use `torch.amp.autocast('cuda', args...)` instead.
  with torch.cuda.amp.autocast():
    epoch  4  train_loss=0.0502  val_loss=0.0500  val_qwk=0.5954  val_acc=0.5224
/home/norak/R&I/kxs-/train.py:148: FutureWarning: `torch.cuda.amp.autocast(args...)` is deprecated. Please use `torch.amp.autocast('cuda', args...)` instead.
  with torch.cuda.amp.autocast():
/home/norak/R&I/kxs-/train.py:169: FutureWarning: `torch.cuda.amp.autocast(args...)` is deprecated. Please use `torch.amp.autocast('cuda', args...)` instead.
  with torch.cuda.amp.autocast():
    epoch  5  train_loss=0.0504  val_loss=0.0466  val_qwk=0.6302  val_acc=0.5299
/home/norak/R&I/kxs-/train.py:148: FutureWarning: `torch.cuda.amp.autocast(args...)` is deprecated. Please use `torch.amp.autocast('cuda', args...)` instead.
  with torch.cuda.amp.autocast():
/home/norak/R&I/kxs-/train.py:169: FutureWarning: `torch.cuda.amp.autocast(args...)` is deprecated. Please use `torch.amp.autocast('cuda', args...)` instead.
  with torch.cuda.amp.autocast():
    epoch  6  train_loss=0.0420  val_loss=0.0400  val_qwk=0.6433  val_acc=0.5522
/home/norak/R&I/kxs-/train.py:148: FutureWarning: `torch.cuda.amp.autocast(args...)` is deprecated. Please use `torch.amp.autocast('cuda', args...)` instead.
  with torch.cuda.amp.autocast():
/home/norak/R&I/kxs-/train.py:169: FutureWarning: `torch.cuda.amp.autocast(args...)` is deprecated. Please use `torch.amp.autocast('cuda', args...)` instead.
  with torch.cuda.amp.autocast():
    epoch  7  train_loss=0.0390  val_loss=0.0452  val_qwk=0.6221  val_acc=0.5224
/home/norak/R&I/kxs-/train.py:148: FutureWarning: `torch.cuda.amp.autocast(args...)` is deprecated. Please use `torch.amp.autocast('cuda', args...)` instead.
  with torch.cuda.amp.autocast():
/home/norak/R&I/kxs-/train.py:169: FutureWarning: `torch.cuda.amp.autocast(args...)` is deprecated. Please use `torch.amp.autocast('cuda', args...)` instead.
  with torch.cuda.amp.autocast():
    epoch  8  train_loss=0.0356  val_loss=0.0435  val_qwk=0.6505  val_acc=0.5672
/home/norak/R&I/kxs-/train.py:148: FutureWarning: `torch.cuda.amp.autocast(args...)` is deprecated. Please use `torch.amp.autocast('cuda', args...)` instead.
  with torch.cuda.amp.autocast():
/home/norak/R&I/kxs-/train.py:169: FutureWarning: `torch.cuda.amp.autocast(args...)` is deprecated. Please use `torch.amp.autocast('cuda', args...)` instead.
  with torch.cuda.amp.autocast():
    epoch  9  train_loss=0.0327  val_loss=0.0367  val_qwk=0.7110  val_acc=0.6119
/home/norak/R&I/kxs-/train.py:148: FutureWarning: `torch.cuda.amp.autocast(args...)` is deprecated. Please use `torch.amp.autocast('cuda', args...)` instead.
  with torch.cuda.amp.autocast():
/home/norak/R&I/kxs-/train.py:169: FutureWarning: `torch.cuda.amp.autocast(args...)` is deprecated. Please use `torch.amp.autocast('cuda', args...)` instead.
  with torch.cuda.amp.autocast():
    epoch 10  train_loss=0.0310  val_loss=0.0386  val_qwk=0.6482  val_acc=0.5149
/home/norak/R&I/kxs-/train.py:148: FutureWarning: `torch.cuda.amp.autocast(args...)` is deprecated. Please use `torch.amp.autocast('cuda', args...)` instead.
  with torch.cuda.amp.autocast():
/home/norak/R&I/kxs-/train.py:169: FutureWarning: `torch.cuda.amp.autocast(args...)` is deprecated. Please use `torch.amp.autocast('cuda', args...)` instead.
  with torch.cuda.amp.autocast():
    epoch 11  train_loss=0.0263  val_loss=0.0473  val_qwk=0.6342  val_acc=0.5672
/home/norak/R&I/kxs-/train.py:148: FutureWarning: `torch.cuda.amp.autocast(args...)` is deprecated. Please use `torch.amp.autocast('cuda', args...)` instead.
  with torch.cuda.amp.autocast():
/home/norak/R&I/kxs-/train.py:169: FutureWarning: `torch.cuda.amp.autocast(args...)` is deprecated. Please use `torch.amp.autocast('cuda', args...)` instead.
  with torch.cuda.amp.autocast():
    epoch 12  train_loss=0.0282  val_loss=0.0363  val_qwk=0.6851  val_acc=0.5970
/home/norak/R&I/kxs-/train.py:148: FutureWarning: `torch.cuda.amp.autocast(args...)` is deprecated. Please use `torch.amp.autocast('cuda', args...)` instead.
  with torch.cuda.amp.autocast():
/home/norak/R&I/kxs-/train.py:169: FutureWarning: `torch.cuda.amp.autocast(args...)` is deprecated. Please use `torch.amp.autocast('cuda', args...)` instead.
  with torch.cuda.amp.autocast():
    epoch 13  train_loss=0.0243  val_loss=0.0389  val_qwk=0.7024  val_acc=0.6194
    early-stop at epoch 13 (best epoch=9, best_qwk=0.7110)
/home/norak/R&I/kxs-/train.py:169: FutureWarning: `torch.cuda.amp.autocast(args...)` is deprecated. Please use `torch.amp.autocast('cuda', args...)` instead.
  with torch.cuda.amp.autocast():
/home/norak/R&I/kxs-/train.py:169: FutureWarning: `torch.cuda.amp.autocast(args...)` is deprecated. Please use `torch.amp.autocast('cuda', args...)` instead.
  with torch.cuda.amp.autocast():
/home/norak/R&I/kxs-/train.py:169: FutureWarning: `torch.cuda.amp.autocast(args...)` is deprecated. Please use `torch.amp.autocast('cuda', args...)` instead.
  with torch.cuda.amp.autocast():
  [raw_ra_dual_xlmr_maxfeat                ] train_qwk=0.7676 -> test_qwk=0.7612  raw_w1=0.7037  epoch=9  (81.6s)
Loading weights:   0%|          | 0/136 [00:00<?, ?it/s]Loading weights: 100%|██████████| 136/136 [00:00<00:00, 1628.49it/s]
[transformers] [1mNewModel LOAD REPORT[0m from: Alibaba-NLP/gte-multilingual-base
Key               | Status     |  | 
------------------+------------+--+-
classifier.weight | UNEXPECTED |  | 
classifier.bias   | UNEXPECTED |  | 

Notes:
- UNEXPECTED:	can be ignored when loading from different task/architecture; not ok if you expect identical arch.
/home/norak/R&I/kxs-/train.py:206: FutureWarning: `torch.cuda.amp.GradScaler(args...)` is deprecated. Please use `torch.amp.GradScaler('cuda', args...)` instead.
  scaler = torch.cuda.amp.GradScaler() if use_amp and device == "cuda" else None
/home/norak/R&I/kxs-/train.py:148: FutureWarning: `torch.cuda.amp.autocast(args...)` is deprecated. Please use `torch.amp.autocast('cuda', args...)` instead.
  with torch.cuda.amp.autocast():
/home/norak/R&I/kxs-/train.py:169: FutureWarning: `torch.cuda.amp.autocast(args...)` is deprecated. Please use `torch.amp.autocast('cuda', args...)` instead.
  with torch.cuda.amp.autocast():
    epoch  1  train_loss=0.0682  val_loss=0.0491  val_qwk=0.6066  val_acc=0.4925
/home/norak/R&I/kxs-/train.py:148: FutureWarning: `torch.cuda.amp.autocast(args...)` is deprecated. Please use `torch.amp.autocast('cuda', args...)` instead.
  with torch.cuda.amp.autocast():
/home/norak/R&I/kxs-/train.py:169: FutureWarning: `torch.cuda.amp.autocast(args...)` is deprecated. Please use `torch.amp.autocast('cuda', args...)` instead.
  with torch.cuda.amp.autocast():
    epoch  2  train_loss=0.0406  val_loss=0.0372  val_qwk=0.7067  val_acc=0.5672
/home/norak/R&I/kxs-/train.py:148: FutureWarning: `torch.cuda.amp.autocast(args...)` is deprecated. Please use `torch.amp.autocast('cuda', args...)` instead.
  with torch.cuda.amp.autocast():
/home/norak/R&I/kxs-/train.py:169: FutureWarning: `torch.cuda.amp.autocast(args...)` is deprecated. Please use `torch.amp.autocast('cuda', args...)` instead.
  with torch.cuda.amp.autocast():
    epoch  3  train_loss=0.0259  val_loss=0.0313  val_qwk=0.7604  val_acc=0.6493
/home/norak/R&I/kxs-/train.py:148: FutureWarning: `torch.cuda.amp.autocast(args...)` is deprecated. Please use `torch.amp.autocast('cuda', args...)` instead.
  with torch.cuda.amp.autocast():
/home/norak/R&I/kxs-/train.py:169: FutureWarning: `torch.cuda.amp.autocast(args...)` is deprecated. Please use `torch.amp.autocast('cuda', args...)` instead.
  with torch.cuda.amp.autocast():
    epoch  4  train_loss=0.0225  val_loss=0.0292  val_qwk=0.7806  val_acc=0.6940
/home/norak/R&I/kxs-/train.py:148: FutureWarning: `torch.cuda.amp.autocast(args...)` is deprecated. Please use `torch.amp.autocast('cuda', args...)` instead.
  with torch.cuda.amp.autocast():
/home/norak/R&I/kxs-/train.py:169: FutureWarning: `torch.cuda.amp.autocast(args...)` is deprecated. Please use `torch.amp.autocast('cuda', args...)` instead.
  with torch.cuda.amp.autocast():
    epoch  5  train_loss=0.0170  val_loss=0.0275  val_qwk=0.8259  val_acc=0.7537
/home/norak/R&I/kxs-/train.py:148: FutureWarning: `torch.cuda.amp.autocast(args...)` is deprecated. Please use `torch.amp.autocast('cuda', args...)` instead.
  with torch.cuda.amp.autocast():
/home/norak/R&I/kxs-/train.py:169: FutureWarning: `torch.cuda.amp.autocast(args...)` is deprecated. Please use `torch.amp.autocast('cuda', args...)` instead.
  with torch.cuda.amp.autocast():
    epoch  6  train_loss=0.0136  val_loss=0.0274  val_qwk=0.8098  val_acc=0.7313
/home/norak/R&I/kxs-/train.py:148: FutureWarning: `torch.cuda.amp.autocast(args...)` is deprecated. Please use `torch.amp.autocast('cuda', args...)` instead.
  with torch.cuda.amp.autocast():
/home/norak/R&I/kxs-/train.py:169: FutureWarning: `torch.cuda.amp.autocast(args...)` is deprecated. Please use `torch.amp.autocast('cuda', args...)` instead.
  with torch.cuda.amp.autocast():
    epoch  7  train_loss=0.0117  val_loss=0.0321  val_qwk=0.7958  val_acc=0.7388
/home/norak/R&I/kxs-/train.py:148: FutureWarning: `torch.cuda.amp.autocast(args...)` is deprecated. Please use `torch.amp.autocast('cuda', args...)` instead.
  with torch.cuda.amp.autocast():
/home/norak/R&I/kxs-/train.py:169: FutureWarning: `torch.cuda.amp.autocast(args...)` is deprecated. Please use `torch.amp.autocast('cuda', args...)` instead.
  with torch.cuda.amp.autocast():
    epoch  8  train_loss=0.0096  val_loss=0.0303  val_qwk=0.8201  val_acc=0.7612
/home/norak/R&I/kxs-/train.py:148: FutureWarning: `torch.cuda.amp.autocast(args...)` is deprecated. Please use `torch.amp.autocast('cuda', args...)` instead.
  with torch.cuda.amp.autocast():
/home/norak/R&I/kxs-/train.py:169: FutureWarning: `torch.cuda.amp.autocast(args...)` is deprecated. Please use `torch.amp.autocast('cuda', args...)` instead.
  with torch.cuda.amp.autocast():
    epoch  9  train_loss=0.0093  val_loss=0.0257  val_qwk=0.8132  val_acc=0.7164
    early-stop at epoch 9 (best epoch=5, best_qwk=0.8259)
/home/norak/R&I/kxs-/train.py:169: FutureWarning: `torch.cuda.amp.autocast(args...)` is deprecated. Please use `torch.amp.autocast('cuda', args...)` instead.
  with torch.cuda.amp.autocast():
/home/norak/R&I/kxs-/train.py:169: FutureWarning: `torch.cuda.amp.autocast(args...)` is deprecated. Please use `torch.amp.autocast('cuda', args...)` instead.
  with torch.cuda.amp.autocast():
/home/norak/R&I/kxs-/train.py:169: FutureWarning: `torch.cuda.amp.autocast(args...)` is deprecated. Please use `torch.amp.autocast('cuda', args...)` instead.
  with torch.cuda.amp.autocast():
  [raw_ra_dual_gte_maxfeat                 ] train_qwk=0.9040 -> test_qwk=0.8338  raw_w1=0.8074  epoch=5  (72.8s)
Loading weights:   0%|          | 0/199 [00:00<?, ?it/s]Loading weights: 100%|██████████| 199/199 [00:00<00:00, 3488.65it/s]
[transformers] [1mBertModel LOAD REPORT[0m from: bert-base-multilingual-cased
Key                                        | Status     |  | 
-------------------------------------------+------------+--+-
cls.seq_relationship.weight                | UNEXPECTED |  | 
cls.predictions.transform.LayerNorm.weight | UNEXPECTED |  | 
cls.predictions.transform.dense.bias       | UNEXPECTED |  | 
cls.predictions.transform.dense.weight     | UNEXPECTED |  | 
cls.predictions.transform.LayerNorm.bias   | UNEXPECTED |  | 
cls.seq_relationship.bias                  | UNEXPECTED |  | 
cls.predictions.bias                       | UNEXPECTED |  | 

Notes:
- UNEXPECTED:	can be ignored when loading from different task/architecture; not ok if you expect identical arch.
/home/norak/R&I/kxs-/train.py:206: FutureWarning: `torch.cuda.amp.GradScaler(args...)` is deprecated. Please use `torch.amp.GradScaler('cuda', args...)` instead.
  scaler = torch.cuda.amp.GradScaler() if use_amp and device == "cuda" else None
/home/norak/R&I/kxs-/train.py:148: FutureWarning: `torch.cuda.amp.autocast(args...)` is deprecated. Please use `torch.amp.autocast('cuda', args...)` instead.
  with torch.cuda.amp.autocast():
/home/norak/R&I/kxs-/train.py:169: FutureWarning: `torch.cuda.amp.autocast(args...)` is deprecated. Please use `torch.amp.autocast('cuda', args...)` instead.
  with torch.cuda.amp.autocast():
    epoch  1  train_loss=0.0798  val_loss=0.0704  val_qwk=0.3138  val_acc=0.2313
/home/norak/R&I/kxs-/train.py:148: FutureWarning: `torch.cuda.amp.autocast(args...)` is deprecated. Please use `torch.amp.autocast('cuda', args...)` instead.
  with torch.cuda.amp.autocast():
/home/norak/R&I/kxs-/train.py:169: FutureWarning: `torch.cuda.amp.autocast(args...)` is deprecated. Please use `torch.amp.autocast('cuda', args...)` instead.
  with torch.cuda.amp.autocast():
    epoch  2  train_loss=0.0609  val_loss=0.0546  val_qwk=0.5264  val_acc=0.4478
/home/norak/R&I/kxs-/train.py:148: FutureWarning: `torch.cuda.amp.autocast(args...)` is deprecated. Please use `torch.amp.autocast('cuda', args...)` instead.
  with torch.cuda.amp.autocast():
/home/norak/R&I/kxs-/train.py:169: FutureWarning: `torch.cuda.amp.autocast(args...)` is deprecated. Please use `torch.amp.autocast('cuda', args...)` instead.
  with torch.cuda.amp.autocast():
    epoch  3  train_loss=0.0512  val_loss=0.0546  val_qwk=0.6119  val_acc=0.5448
/home/norak/R&I/kxs-/train.py:148: FutureWarning: `torch.cuda.amp.autocast(args...)` is deprecated. Please use `torch.amp.autocast('cuda', args...)` instead.
  with torch.cuda.amp.autocast():
/home/norak/R&I/kxs-/train.py:169: FutureWarning: `torch.cuda.amp.autocast(args...)` is deprecated. Please use `torch.amp.autocast('cuda', args...)` instead.
  with torch.cuda.amp.autocast():
    epoch  4  train_loss=0.0442  val_loss=0.0526  val_qwk=0.6378  val_acc=0.5597
/home/norak/R&I/kxs-/train.py:148: FutureWarning: `torch.cuda.amp.autocast(args...)` is deprecated. Please use `torch.amp.autocast('cuda', args...)` instead.
  with torch.cuda.amp.autocast():
/home/norak/R&I/kxs-/train.py:169: FutureWarning: `torch.cuda.amp.autocast(args...)` is deprecated. Please use `torch.amp.autocast('cuda', args...)` instead.
  with torch.cuda.amp.autocast():
    epoch  5  train_loss=0.0370  val_loss=0.0556  val_qwk=0.5704  val_acc=0.5299
/home/norak/R&I/kxs-/train.py:148: FutureWarning: `torch.cuda.amp.autocast(args...)` is deprecated. Please use `torch.amp.autocast('cuda', args...)` instead.
  with torch.cuda.amp.autocast():
/home/norak/R&I/kxs-/train.py:169: FutureWarning: `torch.cuda.amp.autocast(args...)` is deprecated. Please use `torch.amp.autocast('cuda', args...)` instead.
  with torch.cuda.amp.autocast():
    epoch  6  train_loss=0.0383  val_loss=0.0483  val_qwk=0.5653  val_acc=0.5448
/home/norak/R&I/kxs-/train.py:148: FutureWarning: `torch.cuda.amp.autocast(args...)` is deprecated. Please use `torch.amp.autocast('cuda', args...)` instead.
  with torch.cuda.amp.autocast():
/home/norak/R&I/kxs-/train.py:169: FutureWarning: `torch.cuda.amp.autocast(args...)` is deprecated. Please use `torch.amp.autocast('cuda', args...)` instead.
  with torch.cuda.amp.autocast():
    epoch  7  train_loss=0.0356  val_loss=0.0481  val_qwk=0.6722  val_acc=0.6343
/home/norak/R&I/kxs-/train.py:148: FutureWarning: `torch.cuda.amp.autocast(args...)` is deprecated. Please use `torch.amp.autocast('cuda', args...)` instead.
  with torch.cuda.amp.autocast():
/home/norak/R&I/kxs-/train.py:169: FutureWarning: `torch.cuda.amp.autocast(args...)` is deprecated. Please use `torch.amp.autocast('cuda', args...)` instead.
  with torch.cuda.amp.autocast():
    epoch  8  train_loss=0.0336  val_loss=0.0473  val_qwk=0.6273  val_acc=0.5746
/home/norak/R&I/kxs-/train.py:148: FutureWarning: `torch.cuda.amp.autocast(args...)` is deprecated. Please use `torch.amp.autocast('cuda', args...)` instead.
  with torch.cuda.amp.autocast():
/home/norak/R&I/kxs-/train.py:169: FutureWarning: `torch.cuda.amp.autocast(args...)` is deprecated. Please use `torch.amp.autocast('cuda', args...)` instead.
  with torch.cuda.amp.autocast():
    epoch  9  train_loss=0.0305  val_loss=0.0450  val_qwk=0.6664  val_acc=0.6343
/home/norak/R&I/kxs-/train.py:148: FutureWarning: `torch.cuda.amp.autocast(args...)` is deprecated. Please use `torch.amp.autocast('cuda', args...)` instead.
  with torch.cuda.amp.autocast():
/home/norak/R&I/kxs-/train.py:169: FutureWarning: `torch.cuda.amp.autocast(args...)` is deprecated. Please use `torch.amp.autocast('cuda', args...)` instead.
  with torch.cuda.amp.autocast():
    epoch 10  train_loss=0.0304  val_loss=0.0490  val_qwk=0.6308  val_acc=0.6119
/home/norak/R&I/kxs-/train.py:148: FutureWarning: `torch.cuda.amp.autocast(args...)` is deprecated. Please use `torch.amp.autocast('cuda', args...)` instead.
  with torch.cuda.amp.autocast():
/home/norak/R&I/kxs-/train.py:169: FutureWarning: `torch.cuda.amp.autocast(args...)` is deprecated. Please use `torch.amp.autocast('cuda', args...)` instead.
  with torch.cuda.amp.autocast():
    epoch 11  train_loss=0.0279  val_loss=0.0468  val_qwk=0.6613  val_acc=0.5597
    early-stop at epoch 11 (best epoch=7, best_qwk=0.6722)
/home/norak/R&I/kxs-/train.py:169: FutureWarning: `torch.cuda.amp.autocast(args...)` is deprecated. Please use `torch.amp.autocast('cuda', args...)` instead.
  with torch.cuda.amp.autocast():
/home/norak/R&I/kxs-/train.py:169: FutureWarning: `torch.cuda.amp.autocast(args...)` is deprecated. Please use `torch.amp.autocast('cuda', args...)` instead.
  with torch.cuda.amp.autocast():
/home/norak/R&I/kxs-/train.py:169: FutureWarning: `torch.cuda.amp.autocast(args...)` is deprecated. Please use `torch.amp.autocast('cuda', args...)` instead.
  with torch.cuda.amp.autocast():
  [raw_ra_cross_mbert_maxfeat              ] train_qwk=0.7465 -> test_qwk=0.7054  raw_w1=0.6889  epoch=7  (42.6s)
Loading weights:   0%|          | 0/199 [00:00<?, ?it/s]Loading weights: 100%|██████████| 199/199 [00:00<00:00, 3358.82it/s]
[transformers] [1mXLMRobertaModel LOAD REPORT[0m from: xlm-roberta-base
Key                       | Status     |  | 
--------------------------+------------+--+-
lm_head.layer_norm.weight | UNEXPECTED |  | 
lm_head.bias              | UNEXPECTED |  | 
lm_head.dense.bias        | UNEXPECTED |  | 
lm_head.layer_norm.bias   | UNEXPECTED |  | 
lm_head.dense.weight      | UNEXPECTED |  | 

Notes:
- UNEXPECTED:	can be ignored when loading from different task/architecture; not ok if you expect identical arch.
/home/norak/R&I/kxs-/train.py:206: FutureWarning: `torch.cuda.amp.GradScaler(args...)` is deprecated. Please use `torch.amp.GradScaler('cuda', args...)` instead.
  scaler = torch.cuda.amp.GradScaler() if use_amp and device == "cuda" else None
/home/norak/R&I/kxs-/train.py:148: FutureWarning: `torch.cuda.amp.autocast(args...)` is deprecated. Please use `torch.amp.autocast('cuda', args...)` instead.
  with torch.cuda.amp.autocast():
/home/norak/R&I/kxs-/train.py:169: FutureWarning: `torch.cuda.amp.autocast(args...)` is deprecated. Please use `torch.amp.autocast('cuda', args...)` instead.
  with torch.cuda.amp.autocast():
    epoch  1  train_loss=0.0951  val_loss=0.0829  val_qwk=0.1654  val_acc=0.1791
/home/norak/R&I/kxs-/train.py:148: FutureWarning: `torch.cuda.amp.autocast(args...)` is deprecated. Please use `torch.amp.autocast('cuda', args...)` instead.
  with torch.cuda.amp.autocast():
/home/norak/R&I/kxs-/train.py:169: FutureWarning: `torch.cuda.amp.autocast(args...)` is deprecated. Please use `torch.amp.autocast('cuda', args...)` instead.
  with torch.cuda.amp.autocast():
    epoch  2  train_loss=0.0661  val_loss=0.0502  val_qwk=0.5734  val_acc=0.4104
/home/norak/R&I/kxs-/train.py:148: FutureWarning: `torch.cuda.amp.autocast(args...)` is deprecated. Please use `torch.amp.autocast('cuda', args...)` instead.
  with torch.cuda.amp.autocast():
/home/norak/R&I/kxs-/train.py:169: FutureWarning: `torch.cuda.amp.autocast(args...)` is deprecated. Please use `torch.amp.autocast('cuda', args...)` instead.
  with torch.cuda.amp.autocast():
    epoch  3  train_loss=0.0541  val_loss=0.0402  val_qwk=0.6847  val_acc=0.5821
/home/norak/R&I/kxs-/train.py:148: FutureWarning: `torch.cuda.amp.autocast(args...)` is deprecated. Please use `torch.amp.autocast('cuda', args...)` instead.
  with torch.cuda.amp.autocast():
/home/norak/R&I/kxs-/train.py:169: FutureWarning: `torch.cuda.amp.autocast(args...)` is deprecated. Please use `torch.amp.autocast('cuda', args...)` instead.
  with torch.cuda.amp.autocast():
    epoch  4  train_loss=0.0454  val_loss=0.0438  val_qwk=0.6675  val_acc=0.5448
/home/norak/R&I/kxs-/train.py:148: FutureWarning: `torch.cuda.amp.autocast(args...)` is deprecated. Please use `torch.amp.autocast('cuda', args...)` instead.
  with torch.cuda.amp.autocast():
/home/norak/R&I/kxs-/train.py:169: FutureWarning: `torch.cuda.amp.autocast(args...)` is deprecated. Please use `torch.amp.autocast('cuda', args...)` instead.
  with torch.cuda.amp.autocast():
    epoch  5  train_loss=0.0416  val_loss=0.0389  val_qwk=0.6649  val_acc=0.5821
/home/norak/R&I/kxs-/train.py:148: FutureWarning: `torch.cuda.amp.autocast(args...)` is deprecated. Please use `torch.amp.autocast('cuda', args...)` instead.
  with torch.cuda.amp.autocast():
/home/norak/R&I/kxs-/train.py:169: FutureWarning: `torch.cuda.amp.autocast(args...)` is deprecated. Please use `torch.amp.autocast('cuda', args...)` instead.
  with torch.cuda.amp.autocast():
    epoch  6  train_loss=0.0387  val_loss=0.0376  val_qwk=0.6763  val_acc=0.5224
/home/norak/R&I/kxs-/train.py:148: FutureWarning: `torch.cuda.amp.autocast(args...)` is deprecated. Please use `torch.amp.autocast('cuda', args...)` instead.
  with torch.cuda.amp.autocast():
/home/norak/R&I/kxs-/train.py:169: FutureWarning: `torch.cuda.amp.autocast(args...)` is deprecated. Please use `torch.amp.autocast('cuda', args...)` instead.
  with torch.cuda.amp.autocast():
    epoch  7  train_loss=0.0334  val_loss=0.0346  val_qwk=0.7059  val_acc=0.6418
/home/norak/R&I/kxs-/train.py:148: FutureWarning: `torch.cuda.amp.autocast(args...)` is deprecated. Please use `torch.amp.autocast('cuda', args...)` instead.
  with torch.cuda.amp.autocast():
/home/norak/R&I/kxs-/train.py:169: FutureWarning: `torch.cuda.amp.autocast(args...)` is deprecated. Please use `torch.amp.autocast('cuda', args...)` instead.
  with torch.cuda.amp.autocast():
    epoch  8  train_loss=0.0354  val_loss=0.0395  val_qwk=0.6979  val_acc=0.6119
/home/norak/R&I/kxs-/train.py:148: FutureWarning: `torch.cuda.amp.autocast(args...)` is deprecated. Please use `torch.amp.autocast('cuda', args...)` instead.
  with torch.cuda.amp.autocast():
/home/norak/R&I/kxs-/train.py:169: FutureWarning: `torch.cuda.amp.autocast(args...)` is deprecated. Please use `torch.amp.autocast('cuda', args...)` instead.
  with torch.cuda.amp.autocast():
    epoch  9  train_loss=0.0309  val_loss=0.0367  val_qwk=0.6990  val_acc=0.6194
/home/norak/R&I/kxs-/train.py:148: FutureWarning: `torch.cuda.amp.autocast(args...)` is deprecated. Please use `torch.amp.autocast('cuda', args...)` instead.
  with torch.cuda.amp.autocast():
/home/norak/R&I/kxs-/train.py:169: FutureWarning: `torch.cuda.amp.autocast(args...)` is deprecated. Please use `torch.amp.autocast('cuda', args...)` instead.
  with torch.cuda.amp.autocast():
    epoch 10  train_loss=0.0269  val_loss=0.0374  val_qwk=0.7584  val_acc=0.6791
/home/norak/R&I/kxs-/train.py:148: FutureWarning: `torch.cuda.amp.autocast(args...)` is deprecated. Please use `torch.amp.autocast('cuda', args...)` instead.
  with torch.cuda.amp.autocast():
/home/norak/R&I/kxs-/train.py:169: FutureWarning: `torch.cuda.amp.autocast(args...)` is deprecated. Please use `torch.amp.autocast('cuda', args...)` instead.
  with torch.cuda.amp.autocast():
    epoch 11  train_loss=0.0238  val_loss=0.0330  val_qwk=0.8122  val_acc=0.7612
/home/norak/R&I/kxs-/train.py:148: FutureWarning: `torch.cuda.amp.autocast(args...)` is deprecated. Please use `torch.amp.autocast('cuda', args...)` instead.
  with torch.cuda.amp.autocast():
/home/norak/R&I/kxs-/train.py:169: FutureWarning: `torch.cuda.amp.autocast(args...)` is deprecated. Please use `torch.amp.autocast('cuda', args...)` instead.
  with torch.cuda.amp.autocast():
    epoch 12  train_loss=0.0212  val_loss=0.0349  val_qwk=0.7991  val_acc=0.7463
/home/norak/R&I/kxs-/train.py:148: FutureWarning: `torch.cuda.amp.autocast(args...)` is deprecated. Please use `torch.amp.autocast('cuda', args...)` instead.
  with torch.cuda.amp.autocast():
/home/norak/R&I/kxs-/train.py:169: FutureWarning: `torch.cuda.amp.autocast(args...)` is deprecated. Please use `torch.amp.autocast('cuda', args...)` instead.
  with torch.cuda.amp.autocast():
    epoch 13  train_loss=0.0210  val_loss=0.0341  val_qwk=0.7886  val_acc=0.7239
/home/norak/R&I/kxs-/train.py:148: FutureWarning: `torch.cuda.amp.autocast(args...)` is deprecated. Please use `torch.amp.autocast('cuda', args...)` instead.
  with torch.cuda.amp.autocast():
/home/norak/R&I/kxs-/train.py:169: FutureWarning: `torch.cuda.amp.autocast(args...)` is deprecated. Please use `torch.amp.autocast('cuda', args...)` instead.
  with torch.cuda.amp.autocast():
    epoch 14  train_loss=0.0174  val_loss=0.0365  val_qwk=0.7266  val_acc=0.6791
/home/norak/R&I/kxs-/train.py:148: FutureWarning: `torch.cuda.amp.autocast(args...)` is deprecated. Please use `torch.amp.autocast('cuda', args...)` instead.
  with torch.cuda.amp.autocast():
/home/norak/R&I/kxs-/train.py:169: FutureWarning: `torch.cuda.amp.autocast(args...)` is deprecated. Please use `torch.amp.autocast('cuda', args...)` instead.
  with torch.cuda.amp.autocast():
    epoch 15  train_loss=0.0170  val_loss=0.0372  val_qwk=0.7403  val_acc=0.7239
    early-stop at epoch 15 (best epoch=11, best_qwk=0.8122)
/home/norak/R&I/kxs-/train.py:169: FutureWarning: `torch.cuda.amp.autocast(args...)` is deprecated. Please use `torch.amp.autocast('cuda', args...)` instead.
  with torch.cuda.amp.autocast():
/home/norak/R&I/kxs-/train.py:169: FutureWarning: `torch.cuda.amp.autocast(args...)` is deprecated. Please use `torch.amp.autocast('cuda', args...)` instead.
  with torch.cuda.amp.autocast():
/home/norak/R&I/kxs-/train.py:169: FutureWarning: `torch.cuda.amp.autocast(args...)` is deprecated. Please use `torch.amp.autocast('cuda', args...)` instead.
  with torch.cuda.amp.autocast():
  [raw_ra_cross_xlmr_maxfeat               ] train_qwk=0.8821 -> test_qwk=0.8024  raw_w1=0.7111  epoch=11  (61.4s)
Loading weights:   0%|          | 0/136 [00:00<?, ?it/s]Loading weights: 100%|██████████| 136/136 [00:00<00:00, 1359.83it/s]Loading weights: 100%|██████████| 136/136 [00:00<00:00, 1356.27it/s]
[transformers] [1mNewModel LOAD REPORT[0m from: Alibaba-NLP/gte-multilingual-base
Key               | Status     |  | 
------------------+------------+--+-
classifier.weight | UNEXPECTED |  | 
classifier.bias   | UNEXPECTED |  | 

Notes:
- UNEXPECTED:	can be ignored when loading from different task/architecture; not ok if you expect identical arch.
/home/norak/R&I/kxs-/train.py:206: FutureWarning: `torch.cuda.amp.GradScaler(args...)` is deprecated. Please use `torch.amp.GradScaler('cuda', args...)` instead.
  scaler = torch.cuda.amp.GradScaler() if use_amp and device == "cuda" else None
/home/norak/R&I/kxs-/train.py:148: FutureWarning: `torch.cuda.amp.autocast(args...)` is deprecated. Please use `torch.amp.autocast('cuda', args...)` instead.
  with torch.cuda.amp.autocast():
/home/norak/R&I/kxs-/train.py:169: FutureWarning: `torch.cuda.amp.autocast(args...)` is deprecated. Please use `torch.amp.autocast('cuda', args...)` instead.
  with torch.cuda.amp.autocast():
    epoch  1  train_loss=0.0779  val_loss=0.0526  val_qwk=0.4930  val_acc=0.3657
/home/norak/R&I/kxs-/train.py:148: FutureWarning: `torch.cuda.amp.autocast(args...)` is deprecated. Please use `torch.amp.autocast('cuda', args...)` instead.
  with torch.cuda.amp.autocast():
/home/norak/R&I/kxs-/train.py:169: FutureWarning: `torch.cuda.amp.autocast(args...)` is deprecated. Please use `torch.amp.autocast('cuda', args...)` instead.
  with torch.cuda.amp.autocast():
    epoch  2  train_loss=0.0495  val_loss=0.0491  val_qwk=0.5079  val_acc=0.4328
/home/norak/R&I/kxs-/train.py:148: FutureWarning: `torch.cuda.amp.autocast(args...)` is deprecated. Please use `torch.amp.autocast('cuda', args...)` instead.
  with torch.cuda.amp.autocast():
/home/norak/R&I/kxs-/train.py:169: FutureWarning: `torch.cuda.amp.autocast(args...)` is deprecated. Please use `torch.amp.autocast('cuda', args...)` instead.
  with torch.cuda.amp.autocast():
    epoch  3  train_loss=0.0453  val_loss=0.0454  val_qwk=0.5553  val_acc=0.4552
/home/norak/R&I/kxs-/train.py:148: FutureWarning: `torch.cuda.amp.autocast(args...)` is deprecated. Please use `torch.amp.autocast('cuda', args...)` instead.
  with torch.cuda.amp.autocast():
/home/norak/R&I/kxs-/train.py:169: FutureWarning: `torch.cuda.amp.autocast(args...)` is deprecated. Please use `torch.amp.autocast('cuda', args...)` instead.
  with torch.cuda.amp.autocast():
    epoch  4  train_loss=0.0353  val_loss=0.0388  val_qwk=0.6990  val_acc=0.6045
/home/norak/R&I/kxs-/train.py:148: FutureWarning: `torch.cuda.amp.autocast(args...)` is deprecated. Please use `torch.amp.autocast('cuda', args...)` instead.
  with torch.cuda.amp.autocast():
/home/norak/R&I/kxs-/train.py:169: FutureWarning: `torch.cuda.amp.autocast(args...)` is deprecated. Please use `torch.amp.autocast('cuda', args...)` instead.
  with torch.cuda.amp.autocast():
    epoch  5  train_loss=0.0312  val_loss=0.0327  val_qwk=0.7335  val_acc=0.6418
/home/norak/R&I/kxs-/train.py:148: FutureWarning: `torch.cuda.amp.autocast(args...)` is deprecated. Please use `torch.amp.autocast('cuda', args...)` instead.
  with torch.cuda.amp.autocast():
/home/norak/R&I/kxs-/train.py:169: FutureWarning: `torch.cuda.amp.autocast(args...)` is deprecated. Please use `torch.amp.autocast('cuda', args...)` instead.
  with torch.cuda.amp.autocast():
    epoch  6  train_loss=0.0275  val_loss=0.0367  val_qwk=0.7804  val_acc=0.7388
/home/norak/R&I/kxs-/train.py:148: FutureWarning: `torch.cuda.amp.autocast(args...)` is deprecated. Please use `torch.amp.autocast('cuda', args...)` instead.
  with torch.cuda.amp.autocast():
/home/norak/R&I/kxs-/train.py:169: FutureWarning: `torch.cuda.amp.autocast(args...)` is deprecated. Please use `torch.amp.autocast('cuda', args...)` instead.
  with torch.cuda.amp.autocast():
    epoch  7  train_loss=0.0231  val_loss=0.0327  val_qwk=0.7579  val_acc=0.7090
/home/norak/R&I/kxs-/train.py:148: FutureWarning: `torch.cuda.amp.autocast(args...)` is deprecated. Please use `torch.amp.autocast('cuda', args...)` instead.
  with torch.cuda.amp.autocast():
/home/norak/R&I/kxs-/train.py:169: FutureWarning: `torch.cuda.amp.autocast(args...)` is deprecated. Please use `torch.amp.autocast('cuda', args...)` instead.
  with torch.cuda.amp.autocast():
    epoch  8  train_loss=0.0248  val_loss=0.0320  val_qwk=0.7552  val_acc=0.7313
/home/norak/R&I/kxs-/train.py:148: FutureWarning: `torch.cuda.amp.autocast(args...)` is deprecated. Please use `torch.amp.autocast('cuda', args...)` instead.
  with torch.cuda.amp.autocast():
/home/norak/R&I/kxs-/train.py:169: FutureWarning: `torch.cuda.amp.autocast(args...)` is deprecated. Please use `torch.amp.autocast('cuda', args...)` instead.
  with torch.cuda.amp.autocast():
    epoch  9  train_loss=0.0196  val_loss=0.0320  val_qwk=0.7971  val_acc=0.7313
/home/norak/R&I/kxs-/train.py:148: FutureWarning: `torch.cuda.amp.autocast(args...)` is deprecated. Please use `torch.amp.autocast('cuda', args...)` instead.
  with torch.cuda.amp.autocast():
/home/norak/R&I/kxs-/train.py:169: FutureWarning: `torch.cuda.amp.autocast(args...)` is deprecated. Please use `torch.amp.autocast('cuda', args...)` instead.
  with torch.cuda.amp.autocast():
    epoch 10  train_loss=0.0169  val_loss=0.0346  val_qwk=0.7475  val_acc=0.7239
/home/norak/R&I/kxs-/train.py:148: FutureWarning: `torch.cuda.amp.autocast(args...)` is deprecated. Please use `torch.amp.autocast('cuda', args...)` instead.
  with torch.cuda.amp.autocast():
/home/norak/R&I/kxs-/train.py:169: FutureWarning: `torch.cuda.amp.autocast(args...)` is deprecated. Please use `torch.amp.autocast('cuda', args...)` instead.
  with torch.cuda.amp.autocast():
    epoch 11  train_loss=0.0160  val_loss=0.0309  val_qwk=0.7979  val_acc=0.7537
/home/norak/R&I/kxs-/train.py:148: FutureWarning: `torch.cuda.amp.autocast(args...)` is deprecated. Please use `torch.amp.autocast('cuda', args...)` instead.
  with torch.cuda.amp.autocast():
/home/norak/R&I/kxs-/train.py:169: FutureWarning: `torch.cuda.amp.autocast(args...)` is deprecated. Please use `torch.amp.autocast('cuda', args...)` instead.
  with torch.cuda.amp.autocast():
    epoch 12  train_loss=0.0138  val_loss=0.0294  val_qwk=0.7800  val_acc=0.7164
/home/norak/R&I/kxs-/train.py:148: FutureWarning: `torch.cuda.amp.autocast(args...)` is deprecated. Please use `torch.amp.autocast('cuda', args...)` instead.
  with torch.cuda.amp.autocast():
/home/norak/R&I/kxs-/train.py:169: FutureWarning: `torch.cuda.amp.autocast(args...)` is deprecated. Please use `torch.amp.autocast('cuda', args...)` instead.
  with torch.cuda.amp.autocast():
    epoch 13  train_loss=0.0119  val_loss=0.0332  val_qwk=0.7677  val_acc=0.7612
/home/norak/R&I/kxs-/train.py:148: FutureWarning: `torch.cuda.amp.autocast(args...)` is deprecated. Please use `torch.amp.autocast('cuda', args...)` instead.
  with torch.cuda.amp.autocast():
/home/norak/R&I/kxs-/train.py:169: FutureWarning: `torch.cuda.amp.autocast(args...)` is deprecated. Please use `torch.amp.autocast('cuda', args...)` instead.
  with torch.cuda.amp.autocast():
    epoch 14  train_loss=0.0116  val_loss=0.0376  val_qwk=0.6989  val_acc=0.6791
/home/norak/R&I/kxs-/train.py:148: FutureWarning: `torch.cuda.amp.autocast(args...)` is deprecated. Please use `torch.amp.autocast('cuda', args...)` instead.
  with torch.cuda.amp.autocast():
/home/norak/R&I/kxs-/train.py:169: FutureWarning: `torch.cuda.amp.autocast(args...)` is deprecated. Please use `torch.amp.autocast('cuda', args...)` instead.
  with torch.cuda.amp.autocast():
    epoch 15  train_loss=0.0099  val_loss=0.0324  val_qwk=0.7362  val_acc=0.6716
    early-stop at epoch 15 (best epoch=11, best_qwk=0.7979)
/home/norak/R&I/kxs-/train.py:169: FutureWarning: `torch.cuda.amp.autocast(args...)` is deprecated. Please use `torch.amp.autocast('cuda', args...)` instead.
  with torch.cuda.amp.autocast():
/home/norak/R&I/kxs-/train.py:169: FutureWarning: `torch.cuda.amp.autocast(args...)` is deprecated. Please use `torch.amp.autocast('cuda', args...)` instead.
  with torch.cuda.amp.autocast():
/home/norak/R&I/kxs-/train.py:169: FutureWarning: `torch.cuda.amp.autocast(args...)` is deprecated. Please use `torch.amp.autocast('cuda', args...)` instead.
  with torch.cuda.amp.autocast():
  [raw_ra_cross_gte_maxfeat                ] train_qwk=0.9094 -> test_qwk=0.8219  raw_w1=0.8222  epoch=11  (74.2s)
Loading weights:   0%|          | 0/199 [00:00<?, ?it/s]Loading weights: 100%|██████████| 199/199 [00:00<00:00, 2813.85it/s]
[transformers] [1mBertModel LOAD REPORT[0m from: bert-base-multilingual-cased
Key                                        | Status     |  | 
-------------------------------------------+------------+--+-
cls.seq_relationship.weight                | UNEXPECTED |  | 
cls.predictions.transform.LayerNorm.weight | UNEXPECTED |  | 
cls.predictions.transform.dense.bias       | UNEXPECTED |  | 
cls.predictions.transform.dense.weight     | UNEXPECTED |  | 
cls.predictions.transform.LayerNorm.bias   | UNEXPECTED |  | 
cls.seq_relationship.bias                  | UNEXPECTED |  | 
cls.predictions.bias                       | UNEXPECTED |  | 

Notes:
- UNEXPECTED:	can be ignored when loading from different task/architecture; not ok if you expect identical arch.
/home/norak/R&I/kxs-/train.py:206: FutureWarning: `torch.cuda.amp.GradScaler(args...)` is deprecated. Please use `torch.amp.GradScaler('cuda', args...)` instead.
  scaler = torch.cuda.amp.GradScaler() if use_amp and device == "cuda" else None
/home/norak/R&I/kxs-/train.py:148: FutureWarning: `torch.cuda.amp.autocast(args...)` is deprecated. Please use `torch.amp.autocast('cuda', args...)` instead.
  with torch.cuda.amp.autocast():
/home/norak/R&I/kxs-/train.py:169: FutureWarning: `torch.cuda.amp.autocast(args...)` is deprecated. Please use `torch.amp.autocast('cuda', args...)` instead.
  with torch.cuda.amp.autocast():
    epoch  1  train_loss=0.0781  val_loss=0.0603  val_qwk=0.1151  val_acc=0.1418
/home/norak/R&I/kxs-/train.py:148: FutureWarning: `torch.cuda.amp.autocast(args...)` is deprecated. Please use `torch.amp.autocast('cuda', args...)` instead.
  with torch.cuda.amp.autocast():
/home/norak/R&I/kxs-/train.py:169: FutureWarning: `torch.cuda.amp.autocast(args...)` is deprecated. Please use `torch.amp.autocast('cuda', args...)` instead.
  with torch.cuda.amp.autocast():
    epoch  2  train_loss=0.0556  val_loss=0.0494  val_qwk=0.4768  val_acc=0.4179
/home/norak/R&I/kxs-/train.py:148: FutureWarning: `torch.cuda.amp.autocast(args...)` is deprecated. Please use `torch.amp.autocast('cuda', args...)` instead.
  with torch.cuda.amp.autocast():
/home/norak/R&I/kxs-/train.py:169: FutureWarning: `torch.cuda.amp.autocast(args...)` is deprecated. Please use `torch.amp.autocast('cuda', args...)` instead.
  with torch.cuda.amp.autocast():
    epoch  3  train_loss=0.0435  val_loss=0.0461  val_qwk=0.6182  val_acc=0.5597
/home/norak/R&I/kxs-/train.py:148: FutureWarning: `torch.cuda.amp.autocast(args...)` is deprecated. Please use `torch.amp.autocast('cuda', args...)` instead.
  with torch.cuda.amp.autocast():
/home/norak/R&I/kxs-/train.py:169: FutureWarning: `torch.cuda.amp.autocast(args...)` is deprecated. Please use `torch.amp.autocast('cuda', args...)` instead.
  with torch.cuda.amp.autocast():
    epoch  4  train_loss=0.0414  val_loss=0.0454  val_qwk=0.5708  val_acc=0.5299
/home/norak/R&I/kxs-/train.py:148: FutureWarning: `torch.cuda.amp.autocast(args...)` is deprecated. Please use `torch.amp.autocast('cuda', args...)` instead.
  with torch.cuda.amp.autocast():
/home/norak/R&I/kxs-/train.py:169: FutureWarning: `torch.cuda.amp.autocast(args...)` is deprecated. Please use `torch.amp.autocast('cuda', args...)` instead.
  with torch.cuda.amp.autocast():
    epoch  5  train_loss=0.0370  val_loss=0.0506  val_qwk=0.6198  val_acc=0.5373
/home/norak/R&I/kxs-/train.py:148: FutureWarning: `torch.cuda.amp.autocast(args...)` is deprecated. Please use `torch.amp.autocast('cuda', args...)` instead.
  with torch.cuda.amp.autocast():
/home/norak/R&I/kxs-/train.py:169: FutureWarning: `torch.cuda.amp.autocast(args...)` is deprecated. Please use `torch.amp.autocast('cuda', args...)` instead.
  with torch.cuda.amp.autocast():
    epoch  6  train_loss=0.0344  val_loss=0.0442  val_qwk=0.6522  val_acc=0.5896
/home/norak/R&I/kxs-/train.py:148: FutureWarning: `torch.cuda.amp.autocast(args...)` is deprecated. Please use `torch.amp.autocast('cuda', args...)` instead.
  with torch.cuda.amp.autocast():
/home/norak/R&I/kxs-/train.py:169: FutureWarning: `torch.cuda.amp.autocast(args...)` is deprecated. Please use `torch.amp.autocast('cuda', args...)` instead.
  with torch.cuda.amp.autocast():
    epoch  7  train_loss=0.0326  val_loss=0.0441  val_qwk=0.6773  val_acc=0.6343
/home/norak/R&I/kxs-/train.py:148: FutureWarning: `torch.cuda.amp.autocast(args...)` is deprecated. Please use `torch.amp.autocast('cuda', args...)` instead.
  with torch.cuda.amp.autocast():
/home/norak/R&I/kxs-/train.py:169: FutureWarning: `torch.cuda.amp.autocast(args...)` is deprecated. Please use `torch.amp.autocast('cuda', args...)` instead.
  with torch.cuda.amp.autocast():
    epoch  8  train_loss=0.0306  val_loss=0.0493  val_qwk=0.6005  val_acc=0.5224
/home/norak/R&I/kxs-/train.py:148: FutureWarning: `torch.cuda.amp.autocast(args...)` is deprecated. Please use `torch.amp.autocast('cuda', args...)` instead.
  with torch.cuda.amp.autocast():
/home/norak/R&I/kxs-/train.py:169: FutureWarning: `torch.cuda.amp.autocast(args...)` is deprecated. Please use `torch.amp.autocast('cuda', args...)` instead.
  with torch.cuda.amp.autocast():
    epoch  9  train_loss=0.0294  val_loss=0.0452  val_qwk=0.6693  val_acc=0.6343
/home/norak/R&I/kxs-/train.py:148: FutureWarning: `torch.cuda.amp.autocast(args...)` is deprecated. Please use `torch.amp.autocast('cuda', args...)` instead.
  with torch.cuda.amp.autocast():
/home/norak/R&I/kxs-/train.py:169: FutureWarning: `torch.cuda.amp.autocast(args...)` is deprecated. Please use `torch.amp.autocast('cuda', args...)` instead.
  with torch.cuda.amp.autocast():
    epoch 10  train_loss=0.0269  val_loss=0.0435  val_qwk=0.6438  val_acc=0.6716
/home/norak/R&I/kxs-/train.py:148: FutureWarning: `torch.cuda.amp.autocast(args...)` is deprecated. Please use `torch.amp.autocast('cuda', args...)` instead.
  with torch.cuda.amp.autocast():
/home/norak/R&I/kxs-/train.py:169: FutureWarning: `torch.cuda.amp.autocast(args...)` is deprecated. Please use `torch.amp.autocast('cuda', args...)` instead.
  with torch.cuda.amp.autocast():
    epoch 11  train_loss=0.0291  val_loss=0.0418  val_qwk=0.6604  val_acc=0.5970
    early-stop at epoch 11 (best epoch=7, best_qwk=0.6773)
/home/norak/R&I/kxs-/train.py:169: FutureWarning: `torch.cuda.amp.autocast(args...)` is deprecated. Please use `torch.amp.autocast('cuda', args...)` instead.
  with torch.cuda.amp.autocast():
/home/norak/R&I/kxs-/train.py:169: FutureWarning: `torch.cuda.amp.autocast(args...)` is deprecated. Please use `torch.amp.autocast('cuda', args...)` instead.
  with torch.cuda.amp.autocast():
/home/norak/R&I/kxs-/train.py:169: FutureWarning: `torch.cuda.amp.autocast(args...)` is deprecated. Please use `torch.amp.autocast('cuda', args...)` instead.
  with torch.cuda.amp.autocast():
  [raw_qar_dual_mbert_maxfeat              ] train_qwk=0.8063 -> test_qwk=0.7613  raw_w1=0.7333  epoch=7  (65.9s)
Loading weights:   0%|          | 0/199 [00:00<?, ?it/s]Loading weights: 100%|██████████| 199/199 [00:00<00:00, 3302.92it/s]
[transformers] [1mXLMRobertaModel LOAD REPORT[0m from: xlm-roberta-base
Key                       | Status     |  | 
--------------------------+------------+--+-
lm_head.layer_norm.weight | UNEXPECTED |  | 
lm_head.bias              | UNEXPECTED |  | 
lm_head.dense.bias        | UNEXPECTED |  | 
lm_head.layer_norm.bias   | UNEXPECTED |  | 
lm_head.dense.weight      | UNEXPECTED |  | 

Notes:
- UNEXPECTED:	can be ignored when loading from different task/architecture; not ok if you expect identical arch.
/home/norak/R&I/kxs-/train.py:206: FutureWarning: `torch.cuda.amp.GradScaler(args...)` is deprecated. Please use `torch.amp.GradScaler('cuda', args...)` instead.
  scaler = torch.cuda.amp.GradScaler() if use_amp and device == "cuda" else None
/home/norak/R&I/kxs-/train.py:148: FutureWarning: `torch.cuda.amp.autocast(args...)` is deprecated. Please use `torch.amp.autocast('cuda', args...)` instead.
  with torch.cuda.amp.autocast():
/home/norak/R&I/kxs-/train.py:169: FutureWarning: `torch.cuda.amp.autocast(args...)` is deprecated. Please use `torch.amp.autocast('cuda', args...)` instead.
  with torch.cuda.amp.autocast():
    epoch  1  train_loss=0.1094  val_loss=0.0715  val_qwk=0.2878  val_acc=0.2313
/home/norak/R&I/kxs-/train.py:148: FutureWarning: `torch.cuda.amp.autocast(args...)` is deprecated. Please use `torch.amp.autocast('cuda', args...)` instead.
  with torch.cuda.amp.autocast():
/home/norak/R&I/kxs-/train.py:169: FutureWarning: `torch.cuda.amp.autocast(args...)` is deprecated. Please use `torch.amp.autocast('cuda', args...)` instead.
  with torch.cuda.amp.autocast():
    epoch  2  train_loss=0.0610  val_loss=0.0500  val_qwk=0.5851  val_acc=0.4851
/home/norak/R&I/kxs-/train.py:148: FutureWarning: `torch.cuda.amp.autocast(args...)` is deprecated. Please use `torch.amp.autocast('cuda', args...)` instead.
  with torch.cuda.amp.autocast():
/home/norak/R&I/kxs-/train.py:169: FutureWarning: `torch.cuda.amp.autocast(args...)` is deprecated. Please use `torch.amp.autocast('cuda', args...)` instead.
  with torch.cuda.amp.autocast():
    epoch  3  train_loss=0.0528  val_loss=0.0485  val_qwk=0.5951  val_acc=0.5373
/home/norak/R&I/kxs-/train.py:148: FutureWarning: `torch.cuda.amp.autocast(args...)` is deprecated. Please use `torch.amp.autocast('cuda', args...)` instead.
  with torch.cuda.amp.autocast():
/home/norak/R&I/kxs-/train.py:169: FutureWarning: `torch.cuda.amp.autocast(args...)` is deprecated. Please use `torch.amp.autocast('cuda', args...)` instead.
  with torch.cuda.amp.autocast():
    epoch  4  train_loss=0.0532  val_loss=0.0469  val_qwk=0.5909  val_acc=0.5000
/home/norak/R&I/kxs-/train.py:148: FutureWarning: `torch.cuda.amp.autocast(args...)` is deprecated. Please use `torch.amp.autocast('cuda', args...)` instead.
  with torch.cuda.amp.autocast():
/home/norak/R&I/kxs-/train.py:169: FutureWarning: `torch.cuda.amp.autocast(args...)` is deprecated. Please use `torch.amp.autocast('cuda', args...)` instead.
  with torch.cuda.amp.autocast():
    epoch  5  train_loss=0.0481  val_loss=0.0469  val_qwk=0.5171  val_acc=0.4552
/home/norak/R&I/kxs-/train.py:148: FutureWarning: `torch.cuda.amp.autocast(args...)` is deprecated. Please use `torch.amp.autocast('cuda', args...)` instead.
  with torch.cuda.amp.autocast():
/home/norak/R&I/kxs-/train.py:169: FutureWarning: `torch.cuda.amp.autocast(args...)` is deprecated. Please use `torch.amp.autocast('cuda', args...)` instead.
  with torch.cuda.amp.autocast():
    epoch  6  train_loss=0.0416  val_loss=0.0426  val_qwk=0.6624  val_acc=0.5672
/home/norak/R&I/kxs-/train.py:148: FutureWarning: `torch.cuda.amp.autocast(args...)` is deprecated. Please use `torch.amp.autocast('cuda', args...)` instead.
  with torch.cuda.amp.autocast():
/home/norak/R&I/kxs-/train.py:169: FutureWarning: `torch.cuda.amp.autocast(args...)` is deprecated. Please use `torch.amp.autocast('cuda', args...)` instead.
  with torch.cuda.amp.autocast():
    epoch  7  train_loss=0.0364  val_loss=0.0404  val_qwk=0.6616  val_acc=0.5672
/home/norak/R&I/kxs-/train.py:148: FutureWarning: `torch.cuda.amp.autocast(args...)` is deprecated. Please use `torch.amp.autocast('cuda', args...)` instead.
  with torch.cuda.amp.autocast():
/home/norak/R&I/kxs-/train.py:169: FutureWarning: `torch.cuda.amp.autocast(args...)` is deprecated. Please use `torch.amp.autocast('cuda', args...)` instead.
  with torch.cuda.amp.autocast():
    epoch  8  train_loss=0.0352  val_loss=0.0380  val_qwk=0.6921  val_acc=0.6194
/home/norak/R&I/kxs-/train.py:148: FutureWarning: `torch.cuda.amp.autocast(args...)` is deprecated. Please use `torch.amp.autocast('cuda', args...)` instead.
  with torch.cuda.amp.autocast():
/home/norak/R&I/kxs-/train.py:169: FutureWarning: `torch.cuda.amp.autocast(args...)` is deprecated. Please use `torch.amp.autocast('cuda', args...)` instead.
  with torch.cuda.amp.autocast():
    epoch  9  train_loss=0.0330  val_loss=0.0353  val_qwk=0.6944  val_acc=0.6045
/home/norak/R&I/kxs-/train.py:148: FutureWarning: `torch.cuda.amp.autocast(args...)` is deprecated. Please use `torch.amp.autocast('cuda', args...)` instead.
  with torch.cuda.amp.autocast():
/home/norak/R&I/kxs-/train.py:169: FutureWarning: `torch.cuda.amp.autocast(args...)` is deprecated. Please use `torch.amp.autocast('cuda', args...)` instead.
  with torch.cuda.amp.autocast():
    epoch 10  train_loss=0.0285  val_loss=0.0437  val_qwk=0.6434  val_acc=0.6194
/home/norak/R&I/kxs-/train.py:148: FutureWarning: `torch.cuda.amp.autocast(args...)` is deprecated. Please use `torch.amp.autocast('cuda', args...)` instead.
  with torch.cuda.amp.autocast():
/home/norak/R&I/kxs-/train.py:169: FutureWarning: `torch.cuda.amp.autocast(args...)` is deprecated. Please use `torch.amp.autocast('cuda', args...)` instead.
  with torch.cuda.amp.autocast():
    epoch 11  train_loss=0.0257  val_loss=0.0353  val_qwk=0.7091  val_acc=0.6418
/home/norak/R&I/kxs-/train.py:148: FutureWarning: `torch.cuda.amp.autocast(args...)` is deprecated. Please use `torch.amp.autocast('cuda', args...)` instead.
  with torch.cuda.amp.autocast():
/home/norak/R&I/kxs-/train.py:169: FutureWarning: `torch.cuda.amp.autocast(args...)` is deprecated. Please use `torch.amp.autocast('cuda', args...)` instead.
  with torch.cuda.amp.autocast():
    epoch 12  train_loss=0.0259  val_loss=0.0324  val_qwk=0.7298  val_acc=0.6493
/home/norak/R&I/kxs-/train.py:148: FutureWarning: `torch.cuda.amp.autocast(args...)` is deprecated. Please use `torch.amp.autocast('cuda', args...)` instead.
  with torch.cuda.amp.autocast():
/home/norak/R&I/kxs-/train.py:169: FutureWarning: `torch.cuda.amp.autocast(args...)` is deprecated. Please use `torch.amp.autocast('cuda', args...)` instead.
  with torch.cuda.amp.autocast():
    epoch 13  train_loss=0.0227  val_loss=0.0345  val_qwk=0.7330  val_acc=0.6418
/home/norak/R&I/kxs-/train.py:148: FutureWarning: `torch.cuda.amp.autocast(args...)` is deprecated. Please use `torch.amp.autocast('cuda', args...)` instead.
  with torch.cuda.amp.autocast():
/home/norak/R&I/kxs-/train.py:169: FutureWarning: `torch.cuda.amp.autocast(args...)` is deprecated. Please use `torch.amp.autocast('cuda', args...)` instead.
  with torch.cuda.amp.autocast():
    epoch 14  train_loss=0.0224  val_loss=0.0399  val_qwk=0.7165  val_acc=0.6493
/home/norak/R&I/kxs-/train.py:148: FutureWarning: `torch.cuda.amp.autocast(args...)` is deprecated. Please use `torch.amp.autocast('cuda', args...)` instead.
  with torch.cuda.amp.autocast():
/home/norak/R&I/kxs-/train.py:169: FutureWarning: `torch.cuda.amp.autocast(args...)` is deprecated. Please use `torch.amp.autocast('cuda', args...)` instead.
  with torch.cuda.amp.autocast():
    epoch 15  train_loss=0.0209  val_loss=0.0337  val_qwk=0.7624  val_acc=0.6493
/home/norak/R&I/kxs-/train.py:148: FutureWarning: `torch.cuda.amp.autocast(args...)` is deprecated. Please use `torch.amp.autocast('cuda', args...)` instead.
  with torch.cuda.amp.autocast():
/home/norak/R&I/kxs-/train.py:169: FutureWarning: `torch.cuda.amp.autocast(args...)` is deprecated. Please use `torch.amp.autocast('cuda', args...)` instead.
  with torch.cuda.amp.autocast():
    epoch 16  train_loss=0.0162  val_loss=0.0314  val_qwk=0.7382  val_acc=0.6269
/home/norak/R&I/kxs-/train.py:148: FutureWarning: `torch.cuda.amp.autocast(args...)` is deprecated. Please use `torch.amp.autocast('cuda', args...)` instead.
  with torch.cuda.amp.autocast():
/home/norak/R&I/kxs-/train.py:169: FutureWarning: `torch.cuda.amp.autocast(args...)` is deprecated. Please use `torch.amp.autocast('cuda', args...)` instead.
  with torch.cuda.amp.autocast():
    epoch 17  train_loss=0.0166  val_loss=0.0349  val_qwk=0.7173  val_acc=0.6269
/home/norak/R&I/kxs-/train.py:148: FutureWarning: `torch.cuda.amp.autocast(args...)` is deprecated. Please use `torch.amp.autocast('cuda', args...)` instead.
  with torch.cuda.amp.autocast():
/home/norak/R&I/kxs-/train.py:169: FutureWarning: `torch.cuda.amp.autocast(args...)` is deprecated. Please use `torch.amp.autocast('cuda', args...)` instead.
  with torch.cuda.amp.autocast():
    epoch 18  train_loss=0.0171  val_loss=0.0335  val_qwk=0.7810  val_acc=0.7090
/home/norak/R&I/kxs-/train.py:148: FutureWarning: `torch.cuda.amp.autocast(args...)` is deprecated. Please use `torch.amp.autocast('cuda', args...)` instead.
  with torch.cuda.amp.autocast():
/home/norak/R&I/kxs-/train.py:169: FutureWarning: `torch.cuda.amp.autocast(args...)` is deprecated. Please use `torch.amp.autocast('cuda', args...)` instead.
  with torch.cuda.amp.autocast():
    epoch 19  train_loss=0.0149  val_loss=0.0301  val_qwk=0.7685  val_acc=0.6716
/home/norak/R&I/kxs-/train.py:148: FutureWarning: `torch.cuda.amp.autocast(args...)` is deprecated. Please use `torch.amp.autocast('cuda', args...)` instead.
  with torch.cuda.amp.autocast():
/home/norak/R&I/kxs-/train.py:169: FutureWarning: `torch.cuda.amp.autocast(args...)` is deprecated. Please use `torch.amp.autocast('cuda', args...)` instead.
  with torch.cuda.amp.autocast():
    epoch 20  train_loss=0.0133  val_loss=0.0308  val_qwk=0.7687  val_acc=0.6791
/home/norak/R&I/kxs-/train.py:169: FutureWarning: `torch.cuda.amp.autocast(args...)` is deprecated. Please use `torch.amp.autocast('cuda', args...)` instead.
  with torch.cuda.amp.autocast():
/home/norak/R&I/kxs-/train.py:169: FutureWarning: `torch.cuda.amp.autocast(args...)` is deprecated. Please use `torch.amp.autocast('cuda', args...)` instead.
  with torch.cuda.amp.autocast():
/home/norak/R&I/kxs-/train.py:169: FutureWarning: `torch.cuda.amp.autocast(args...)` is deprecated. Please use `torch.amp.autocast('cuda', args...)` instead.
  with torch.cuda.amp.autocast():
  [raw_qar_dual_xlmr_maxfeat               ] train_qwk=0.9299 -> test_qwk=0.8298  raw_w1=0.7926  epoch=18  (119.4s)
Loading weights:   0%|          | 0/136 [00:00<?, ?it/s]Loading weights:   3%|▎         | 4/136 [00:00<00:04, 31.08it/s]Loading weights: 100%|██████████| 136/136 [00:00<00:00, 905.92it/s]
[transformers] [1mNewModel LOAD REPORT[0m from: Alibaba-NLP/gte-multilingual-base
Key               | Status     |  | 
------------------+------------+--+-
classifier.weight | UNEXPECTED |  | 
classifier.bias   | UNEXPECTED |  | 

Notes:
- UNEXPECTED:	can be ignored when loading from different task/architecture; not ok if you expect identical arch.
/home/norak/R&I/kxs-/train.py:206: FutureWarning: `torch.cuda.amp.GradScaler(args...)` is deprecated. Please use `torch.amp.GradScaler('cuda', args...)` instead.
  scaler = torch.cuda.amp.GradScaler() if use_amp and device == "cuda" else None
/home/norak/R&I/kxs-/train.py:148: FutureWarning: `torch.cuda.amp.autocast(args...)` is deprecated. Please use `torch.amp.autocast('cuda', args...)` instead.
  with torch.cuda.amp.autocast():
/home/norak/R&I/kxs-/train.py:169: FutureWarning: `torch.cuda.amp.autocast(args...)` is deprecated. Please use `torch.amp.autocast('cuda', args...)` instead.
  with torch.cuda.amp.autocast():
    epoch  1  train_loss=0.0687  val_loss=0.0501  val_qwk=0.5684  val_acc=0.4776
/home/norak/R&I/kxs-/train.py:148: FutureWarning: `torch.cuda.amp.autocast(args...)` is deprecated. Please use `torch.amp.autocast('cuda', args...)` instead.
  with torch.cuda.amp.autocast():
/home/norak/R&I/kxs-/train.py:169: FutureWarning: `torch.cuda.amp.autocast(args...)` is deprecated. Please use `torch.amp.autocast('cuda', args...)` instead.
  with torch.cuda.amp.autocast():
    epoch  2  train_loss=0.0449  val_loss=0.0396  val_qwk=0.6675  val_acc=0.5373
/home/norak/R&I/kxs-/train.py:148: FutureWarning: `torch.cuda.amp.autocast(args...)` is deprecated. Please use `torch.amp.autocast('cuda', args...)` instead.
  with torch.cuda.amp.autocast():
/home/norak/R&I/kxs-/train.py:169: FutureWarning: `torch.cuda.amp.autocast(args...)` is deprecated. Please use `torch.amp.autocast('cuda', args...)` instead.
  with torch.cuda.amp.autocast():
    epoch  3  train_loss=0.0308  val_loss=0.0359  val_qwk=0.7077  val_acc=0.6418
/home/norak/R&I/kxs-/train.py:148: FutureWarning: `torch.cuda.amp.autocast(args...)` is deprecated. Please use `torch.amp.autocast('cuda', args...)` instead.
  with torch.cuda.amp.autocast():
/home/norak/R&I/kxs-/train.py:169: FutureWarning: `torch.cuda.amp.autocast(args...)` is deprecated. Please use `torch.amp.autocast('cuda', args...)` instead.
  with torch.cuda.amp.autocast():
    epoch  4  train_loss=0.0270  val_loss=0.0331  val_qwk=0.7541  val_acc=0.6866
/home/norak/R&I/kxs-/train.py:148: FutureWarning: `torch.cuda.amp.autocast(args...)` is deprecated. Please use `torch.amp.autocast('cuda', args...)` instead.
  with torch.cuda.amp.autocast():
/home/norak/R&I/kxs-/train.py:169: FutureWarning: `torch.cuda.amp.autocast(args...)` is deprecated. Please use `torch.amp.autocast('cuda', args...)` instead.
  with torch.cuda.amp.autocast():
    epoch  5  train_loss=0.0212  val_loss=0.0310  val_qwk=0.8028  val_acc=0.7388
/home/norak/R&I/kxs-/train.py:148: FutureWarning: `torch.cuda.amp.autocast(args...)` is deprecated. Please use `torch.amp.autocast('cuda', args...)` instead.
  with torch.cuda.amp.autocast():
/home/norak/R&I/kxs-/train.py:169: FutureWarning: `torch.cuda.amp.autocast(args...)` is deprecated. Please use `torch.amp.autocast('cuda', args...)` instead.
  with torch.cuda.amp.autocast():
    epoch  6  train_loss=0.0166  val_loss=0.0269  val_qwk=0.7975  val_acc=0.7313
/home/norak/R&I/kxs-/train.py:148: FutureWarning: `torch.cuda.amp.autocast(args...)` is deprecated. Please use `torch.amp.autocast('cuda', args...)` instead.
  with torch.cuda.amp.autocast():
/home/norak/R&I/kxs-/train.py:169: FutureWarning: `torch.cuda.amp.autocast(args...)` is deprecated. Please use `torch.amp.autocast('cuda', args...)` instead.
  with torch.cuda.amp.autocast():
    epoch  7  train_loss=0.0149  val_loss=0.0346  val_qwk=0.7922  val_acc=0.7313
/home/norak/R&I/kxs-/train.py:148: FutureWarning: `torch.cuda.amp.autocast(args...)` is deprecated. Please use `torch.amp.autocast('cuda', args...)` instead.
  with torch.cuda.amp.autocast():
/home/norak/R&I/kxs-/train.py:169: FutureWarning: `torch.cuda.amp.autocast(args...)` is deprecated. Please use `torch.amp.autocast('cuda', args...)` instead.
  with torch.cuda.amp.autocast():
    epoch  8  train_loss=0.0136  val_loss=0.0299  val_qwk=0.8305  val_acc=0.7761
/home/norak/R&I/kxs-/train.py:148: FutureWarning: `torch.cuda.amp.autocast(args...)` is deprecated. Please use `torch.amp.autocast('cuda', args...)` instead.
  with torch.cuda.amp.autocast():
/home/norak/R&I/kxs-/train.py:169: FutureWarning: `torch.cuda.amp.autocast(args...)` is deprecated. Please use `torch.amp.autocast('cuda', args...)` instead.
  with torch.cuda.amp.autocast():
    epoch  9  train_loss=0.0112  val_loss=0.0280  val_qwk=0.8172  val_acc=0.7164
/home/norak/R&I/kxs-/train.py:148: FutureWarning: `torch.cuda.amp.autocast(args...)` is deprecated. Please use `torch.amp.autocast('cuda', args...)` instead.
  with torch.cuda.amp.autocast():
/home/norak/R&I/kxs-/train.py:169: FutureWarning: `torch.cuda.amp.autocast(args...)` is deprecated. Please use `torch.amp.autocast('cuda', args...)` instead.
  with torch.cuda.amp.autocast():
    epoch 10  train_loss=0.0094  val_loss=0.0282  val_qwk=0.8137  val_acc=0.7313
/home/norak/R&I/kxs-/train.py:148: FutureWarning: `torch.cuda.amp.autocast(args...)` is deprecated. Please use `torch.amp.autocast('cuda', args...)` instead.
  with torch.cuda.amp.autocast():
/home/norak/R&I/kxs-/train.py:169: FutureWarning: `torch.cuda.amp.autocast(args...)` is deprecated. Please use `torch.amp.autocast('cuda', args...)` instead.
  with torch.cuda.amp.autocast():
    epoch 11  train_loss=0.0088  val_loss=0.0317  val_qwk=0.7955  val_acc=0.7388
/home/norak/R&I/kxs-/train.py:148: FutureWarning: `torch.cuda.amp.autocast(args...)` is deprecated. Please use `torch.amp.autocast('cuda', args...)` instead.
  with torch.cuda.amp.autocast():
/home/norak/R&I/kxs-/train.py:169: FutureWarning: `torch.cuda.amp.autocast(args...)` is deprecated. Please use `torch.amp.autocast('cuda', args...)` instead.
  with torch.cuda.amp.autocast():
    epoch 12  train_loss=0.0082  val_loss=0.0355  val_qwk=0.7871  val_acc=0.7388
    early-stop at epoch 12 (best epoch=8, best_qwk=0.8305)
/home/norak/R&I/kxs-/train.py:169: FutureWarning: `torch.cuda.amp.autocast(args...)` is deprecated. Please use `torch.amp.autocast('cuda', args...)` instead.
  with torch.cuda.amp.autocast():
/home/norak/R&I/kxs-/train.py:169: FutureWarning: `torch.cuda.amp.autocast(args...)` is deprecated. Please use `torch.amp.autocast('cuda', args...)` instead.
  with torch.cuda.amp.autocast():
/home/norak/R&I/kxs-/train.py:169: FutureWarning: `torch.cuda.amp.autocast(args...)` is deprecated. Please use `torch.amp.autocast('cuda', args...)` instead.
  with torch.cuda.amp.autocast():
  [raw_qar_dual_gte_maxfeat                ] train_qwk=0.9232 -> test_qwk=0.8310  raw_w1=0.7630  epoch=8  (90.3s)
Loading weights:   0%|          | 0/199 [00:00<?, ?it/s]Loading weights: 100%|██████████| 199/199 [00:00<00:00, 2906.77it/s]
[transformers] [1mBertModel LOAD REPORT[0m from: bert-base-multilingual-cased
Key                                        | Status     |  | 
-------------------------------------------+------------+--+-
cls.seq_relationship.weight                | UNEXPECTED |  | 
cls.predictions.transform.LayerNorm.weight | UNEXPECTED |  | 
cls.predictions.transform.dense.bias       | UNEXPECTED |  | 
cls.predictions.transform.dense.weight     | UNEXPECTED |  | 
cls.predictions.transform.LayerNorm.bias   | UNEXPECTED |  | 
cls.seq_relationship.bias                  | UNEXPECTED |  | 
cls.predictions.bias                       | UNEXPECTED |  | 

Notes:
- UNEXPECTED:	can be ignored when loading from different task/architecture; not ok if you expect identical arch.
/home/norak/R&I/kxs-/train.py:206: FutureWarning: `torch.cuda.amp.GradScaler(args...)` is deprecated. Please use `torch.amp.GradScaler('cuda', args...)` instead.
  scaler = torch.cuda.amp.GradScaler() if use_amp and device == "cuda" else None
/home/norak/R&I/kxs-/train.py:148: FutureWarning: `torch.cuda.amp.autocast(args...)` is deprecated. Please use `torch.amp.autocast('cuda', args...)` instead.
  with torch.cuda.amp.autocast():
/home/norak/R&I/kxs-/train.py:169: FutureWarning: `torch.cuda.amp.autocast(args...)` is deprecated. Please use `torch.amp.autocast('cuda', args...)` instead.
  with torch.cuda.amp.autocast():
    epoch  1  train_loss=0.0796  val_loss=0.0653  val_qwk=0.2840  val_acc=0.1940
/home/norak/R&I/kxs-/train.py:148: FutureWarning: `torch.cuda.amp.autocast(args...)` is deprecated. Please use `torch.amp.autocast('cuda', args...)` instead.
  with torch.cuda.amp.autocast():
/home/norak/R&I/kxs-/train.py:169: FutureWarning: `torch.cuda.amp.autocast(args...)` is deprecated. Please use `torch.amp.autocast('cuda', args...)` instead.
  with torch.cuda.amp.autocast():
    epoch  2  train_loss=0.0608  val_loss=0.0551  val_qwk=0.5007  val_acc=0.3955
/home/norak/R&I/kxs-/train.py:148: FutureWarning: `torch.cuda.amp.autocast(args...)` is deprecated. Please use `torch.amp.autocast('cuda', args...)` instead.
  with torch.cuda.amp.autocast():
/home/norak/R&I/kxs-/train.py:169: FutureWarning: `torch.cuda.amp.autocast(args...)` is deprecated. Please use `torch.amp.autocast('cuda', args...)` instead.
  with torch.cuda.amp.autocast():
    epoch  3  train_loss=0.0548  val_loss=0.0528  val_qwk=0.5676  val_acc=0.5000
/home/norak/R&I/kxs-/train.py:148: FutureWarning: `torch.cuda.amp.autocast(args...)` is deprecated. Please use `torch.amp.autocast('cuda', args...)` instead.
  with torch.cuda.amp.autocast():
/home/norak/R&I/kxs-/train.py:169: FutureWarning: `torch.cuda.amp.autocast(args...)` is deprecated. Please use `torch.amp.autocast('cuda', args...)` instead.
  with torch.cuda.amp.autocast():
    epoch  4  train_loss=0.0466  val_loss=0.0579  val_qwk=0.5997  val_acc=0.5373
/home/norak/R&I/kxs-/train.py:148: FutureWarning: `torch.cuda.amp.autocast(args...)` is deprecated. Please use `torch.amp.autocast('cuda', args...)` instead.
  with torch.cuda.amp.autocast():
/home/norak/R&I/kxs-/train.py:169: FutureWarning: `torch.cuda.amp.autocast(args...)` is deprecated. Please use `torch.amp.autocast('cuda', args...)` instead.
  with torch.cuda.amp.autocast():
    epoch  5  train_loss=0.0432  val_loss=0.0625  val_qwk=0.5252  val_acc=0.4925
/home/norak/R&I/kxs-/train.py:148: FutureWarning: `torch.cuda.amp.autocast(args...)` is deprecated. Please use `torch.amp.autocast('cuda', args...)` instead.
  with torch.cuda.amp.autocast():
/home/norak/R&I/kxs-/train.py:169: FutureWarning: `torch.cuda.amp.autocast(args...)` is deprecated. Please use `torch.amp.autocast('cuda', args...)` instead.
  with torch.cuda.amp.autocast():
    epoch  6  train_loss=0.0426  val_loss=0.0581  val_qwk=0.5444  val_acc=0.5224
/home/norak/R&I/kxs-/train.py:148: FutureWarning: `torch.cuda.amp.autocast(args...)` is deprecated. Please use `torch.amp.autocast('cuda', args...)` instead.
  with torch.cuda.amp.autocast():
/home/norak/R&I/kxs-/train.py:169: FutureWarning: `torch.cuda.amp.autocast(args...)` is deprecated. Please use `torch.amp.autocast('cuda', args...)` instead.
  with torch.cuda.amp.autocast():
    epoch  7  train_loss=0.0403  val_loss=0.0563  val_qwk=0.5693  val_acc=0.5821
/home/norak/R&I/kxs-/train.py:148: FutureWarning: `torch.cuda.amp.autocast(args...)` is deprecated. Please use `torch.amp.autocast('cuda', args...)` instead.
  with torch.cuda.amp.autocast():
/home/norak/R&I/kxs-/train.py:169: FutureWarning: `torch.cuda.amp.autocast(args...)` is deprecated. Please use `torch.amp.autocast('cuda', args...)` instead.
  with torch.cuda.amp.autocast():
    epoch  8  train_loss=0.0377  val_loss=0.0531  val_qwk=0.6072  val_acc=0.5672
/home/norak/R&I/kxs-/train.py:148: FutureWarning: `torch.cuda.amp.autocast(args...)` is deprecated. Please use `torch.amp.autocast('cuda', args...)` instead.
  with torch.cuda.amp.autocast():
/home/norak/R&I/kxs-/train.py:169: FutureWarning: `torch.cuda.amp.autocast(args...)` is deprecated. Please use `torch.amp.autocast('cuda', args...)` instead.
  with torch.cuda.amp.autocast():
    epoch  9  train_loss=0.0331  val_loss=0.0547  val_qwk=0.5893  val_acc=0.6045
/home/norak/R&I/kxs-/train.py:148: FutureWarning: `torch.cuda.amp.autocast(args...)` is deprecated. Please use `torch.amp.autocast('cuda', args...)` instead.
  with torch.cuda.amp.autocast():
/home/norak/R&I/kxs-/train.py:169: FutureWarning: `torch.cuda.amp.autocast(args...)` is deprecated. Please use `torch.amp.autocast('cuda', args...)` instead.
  with torch.cuda.amp.autocast():
    epoch 10  train_loss=0.0319  val_loss=0.0614  val_qwk=0.5535  val_acc=0.5746
/home/norak/R&I/kxs-/train.py:148: FutureWarning: `torch.cuda.amp.autocast(args...)` is deprecated. Please use `torch.amp.autocast('cuda', args...)` instead.
  with torch.cuda.amp.autocast():
/home/norak/R&I/kxs-/train.py:169: FutureWarning: `torch.cuda.amp.autocast(args...)` is deprecated. Please use `torch.amp.autocast('cuda', args...)` instead.
  with torch.cuda.amp.autocast():
    epoch 11  train_loss=0.0325  val_loss=0.0513  val_qwk=0.5745  val_acc=0.5672
/home/norak/R&I/kxs-/train.py:148: FutureWarning: `torch.cuda.amp.autocast(args...)` is deprecated. Please use `torch.amp.autocast('cuda', args...)` instead.
  with torch.cuda.amp.autocast():
/home/norak/R&I/kxs-/train.py:169: FutureWarning: `torch.cuda.amp.autocast(args...)` is deprecated. Please use `torch.amp.autocast('cuda', args...)` instead.
  with torch.cuda.amp.autocast():
    epoch 12  train_loss=0.0307  val_loss=0.0481  val_qwk=0.6265  val_acc=0.5970
/home/norak/R&I/kxs-/train.py:148: FutureWarning: `torch.cuda.amp.autocast(args...)` is deprecated. Please use `torch.amp.autocast('cuda', args...)` instead.
  with torch.cuda.amp.autocast():
/home/norak/R&I/kxs-/train.py:169: FutureWarning: `torch.cuda.amp.autocast(args...)` is deprecated. Please use `torch.amp.autocast('cuda', args...)` instead.
  with torch.cuda.amp.autocast():
    epoch 13  train_loss=0.0282  val_loss=0.0519  val_qwk=0.5940  val_acc=0.5746
/home/norak/R&I/kxs-/train.py:148: FutureWarning: `torch.cuda.amp.autocast(args...)` is deprecated. Please use `torch.amp.autocast('cuda', args...)` instead.
  with torch.cuda.amp.autocast():
/home/norak/R&I/kxs-/train.py:169: FutureWarning: `torch.cuda.amp.autocast(args...)` is deprecated. Please use `torch.amp.autocast('cuda', args...)` instead.
  with torch.cuda.amp.autocast():
    epoch 14  train_loss=0.0248  val_loss=0.0475  val_qwk=0.6078  val_acc=0.5896
/home/norak/R&I/kxs-/train.py:148: FutureWarning: `torch.cuda.amp.autocast(args...)` is deprecated. Please use `torch.amp.autocast('cuda', args...)` instead.
  with torch.cuda.amp.autocast():
/home/norak/R&I/kxs-/train.py:169: FutureWarning: `torch.cuda.amp.autocast(args...)` is deprecated. Please use `torch.amp.autocast('cuda', args...)` instead.
  with torch.cuda.amp.autocast():
    epoch 15  train_loss=0.0268  val_loss=0.0516  val_qwk=0.5613  val_acc=0.5672
/home/norak/R&I/kxs-/train.py:148: FutureWarning: `torch.cuda.amp.autocast(args...)` is deprecated. Please use `torch.amp.autocast('cuda', args...)` instead.
  with torch.cuda.amp.autocast():
/home/norak/R&I/kxs-/train.py:169: FutureWarning: `torch.cuda.amp.autocast(args...)` is deprecated. Please use `torch.amp.autocast('cuda', args...)` instead.
  with torch.cuda.amp.autocast():
    epoch 16  train_loss=0.0247  val_loss=0.0556  val_qwk=0.5694  val_acc=0.5746
    early-stop at epoch 16 (best epoch=12, best_qwk=0.6265)
/home/norak/R&I/kxs-/train.py:169: FutureWarning: `torch.cuda.amp.autocast(args...)` is deprecated. Please use `torch.amp.autocast('cuda', args...)` instead.
  with torch.cuda.amp.autocast():
/home/norak/R&I/kxs-/train.py:169: FutureWarning: `torch.cuda.amp.autocast(args...)` is deprecated. Please use `torch.amp.autocast('cuda', args...)` instead.
  with torch.cuda.amp.autocast():
/home/norak/R&I/kxs-/train.py:169: FutureWarning: `torch.cuda.amp.autocast(args...)` is deprecated. Please use `torch.amp.autocast('cuda', args...)` instead.
  with torch.cuda.amp.autocast():
  [raw_qar_cross_mbert_maxfeat             ] train_qwk=0.7867 -> test_qwk=0.7448  raw_w1=0.6815  epoch=12  (58.3s)
Loading weights:   0%|          | 0/199 [00:00<?, ?it/s]Loading weights: 100%|██████████| 199/199 [00:00<00:00, 2901.33it/s]
[transformers] [1mXLMRobertaModel LOAD REPORT[0m from: xlm-roberta-base
Key                       | Status     |  | 
--------------------------+------------+--+-
lm_head.layer_norm.weight | UNEXPECTED |  | 
lm_head.bias              | UNEXPECTED |  | 
lm_head.dense.bias        | UNEXPECTED |  | 
lm_head.layer_norm.bias   | UNEXPECTED |  | 
lm_head.dense.weight      | UNEXPECTED |  | 

Notes:
- UNEXPECTED:	can be ignored when loading from different task/architecture; not ok if you expect identical arch.
/home/norak/R&I/kxs-/train.py:206: FutureWarning: `torch.cuda.amp.GradScaler(args...)` is deprecated. Please use `torch.amp.GradScaler('cuda', args...)` instead.
  scaler = torch.cuda.amp.GradScaler() if use_amp and device == "cuda" else None
/home/norak/R&I/kxs-/train.py:148: FutureWarning: `torch.cuda.amp.autocast(args...)` is deprecated. Please use `torch.amp.autocast('cuda', args...)` instead.
  with torch.cuda.amp.autocast():
/home/norak/R&I/kxs-/train.py:169: FutureWarning: `torch.cuda.amp.autocast(args...)` is deprecated. Please use `torch.amp.autocast('cuda', args...)` instead.
  with torch.cuda.amp.autocast():
    epoch  1  train_loss=0.1014  val_loss=0.0755  val_qwk=0.0197  val_acc=0.1493
/home/norak/R&I/kxs-/train.py:148: FutureWarning: `torch.cuda.amp.autocast(args...)` is deprecated. Please use `torch.amp.autocast('cuda', args...)` instead.
  with torch.cuda.amp.autocast():
/home/norak/R&I/kxs-/train.py:169: FutureWarning: `torch.cuda.amp.autocast(args...)` is deprecated. Please use `torch.amp.autocast('cuda', args...)` instead.
  with torch.cuda.amp.autocast():
    epoch  2  train_loss=0.0665  val_loss=0.0538  val_qwk=0.4795  val_acc=0.3358
/home/norak/R&I/kxs-/train.py:148: FutureWarning: `torch.cuda.amp.autocast(args...)` is deprecated. Please use `torch.amp.autocast('cuda', args...)` instead.
  with torch.cuda.amp.autocast():
/home/norak/R&I/kxs-/train.py:169: FutureWarning: `torch.cuda.amp.autocast(args...)` is deprecated. Please use `torch.amp.autocast('cuda', args...)` instead.
  with torch.cuda.amp.autocast():
    epoch  3  train_loss=0.0550  val_loss=0.0514  val_qwk=0.5943  val_acc=0.4925
/home/norak/R&I/kxs-/train.py:148: FutureWarning: `torch.cuda.amp.autocast(args...)` is deprecated. Please use `torch.amp.autocast('cuda', args...)` instead.
  with torch.cuda.amp.autocast():
/home/norak/R&I/kxs-/train.py:169: FutureWarning: `torch.cuda.amp.autocast(args...)` is deprecated. Please use `torch.amp.autocast('cuda', args...)` instead.
  with torch.cuda.amp.autocast():
    epoch  4  train_loss=0.0456  val_loss=0.0443  val_qwk=0.6307  val_acc=0.5224
/home/norak/R&I/kxs-/train.py:148: FutureWarning: `torch.cuda.amp.autocast(args...)` is deprecated. Please use `torch.amp.autocast('cuda', args...)` instead.
  with torch.cuda.amp.autocast():
/home/norak/R&I/kxs-/train.py:169: FutureWarning: `torch.cuda.amp.autocast(args...)` is deprecated. Please use `torch.amp.autocast('cuda', args...)` instead.
  with torch.cuda.amp.autocast():
    epoch  5  train_loss=0.0384  val_loss=0.0401  val_qwk=0.6660  val_acc=0.5522
/home/norak/R&I/kxs-/train.py:148: FutureWarning: `torch.cuda.amp.autocast(args...)` is deprecated. Please use `torch.amp.autocast('cuda', args...)` instead.
  with torch.cuda.amp.autocast():
/home/norak/R&I/kxs-/train.py:169: FutureWarning: `torch.cuda.amp.autocast(args...)` is deprecated. Please use `torch.amp.autocast('cuda', args...)` instead.
  with torch.cuda.amp.autocast():
    epoch  6  train_loss=0.0373  val_loss=0.0385  val_qwk=0.7305  val_acc=0.6119
/home/norak/R&I/kxs-/train.py:148: FutureWarning: `torch.cuda.amp.autocast(args...)` is deprecated. Please use `torch.amp.autocast('cuda', args...)` instead.
  with torch.cuda.amp.autocast():
/home/norak/R&I/kxs-/train.py:169: FutureWarning: `torch.cuda.amp.autocast(args...)` is deprecated. Please use `torch.amp.autocast('cuda', args...)` instead.
  with torch.cuda.amp.autocast():
    epoch  7  train_loss=0.0327  val_loss=0.0399  val_qwk=0.7235  val_acc=0.6791
/home/norak/R&I/kxs-/train.py:148: FutureWarning: `torch.cuda.amp.autocast(args...)` is deprecated. Please use `torch.amp.autocast('cuda', args...)` instead.
  with torch.cuda.amp.autocast():
/home/norak/R&I/kxs-/train.py:169: FutureWarning: `torch.cuda.amp.autocast(args...)` is deprecated. Please use `torch.amp.autocast('cuda', args...)` instead.
  with torch.cuda.amp.autocast():
    epoch  8  train_loss=0.0332  val_loss=0.0374  val_qwk=0.7351  val_acc=0.6940
/home/norak/R&I/kxs-/train.py:148: FutureWarning: `torch.cuda.amp.autocast(args...)` is deprecated. Please use `torch.amp.autocast('cuda', args...)` instead.
  with torch.cuda.amp.autocast():
/home/norak/R&I/kxs-/train.py:169: FutureWarning: `torch.cuda.amp.autocast(args...)` is deprecated. Please use `torch.amp.autocast('cuda', args...)` instead.
  with torch.cuda.amp.autocast():
    epoch  9  train_loss=0.0269  val_loss=0.0418  val_qwk=0.7237  val_acc=0.6791
/home/norak/R&I/kxs-/train.py:148: FutureWarning: `torch.cuda.amp.autocast(args...)` is deprecated. Please use `torch.amp.autocast('cuda', args...)` instead.
  with torch.cuda.amp.autocast():
/home/norak/R&I/kxs-/train.py:169: FutureWarning: `torch.cuda.amp.autocast(args...)` is deprecated. Please use `torch.amp.autocast('cuda', args...)` instead.
  with torch.cuda.amp.autocast():
    epoch 10  train_loss=0.0263  val_loss=0.0417  val_qwk=0.7435  val_acc=0.7090
/home/norak/R&I/kxs-/train.py:148: FutureWarning: `torch.cuda.amp.autocast(args...)` is deprecated. Please use `torch.amp.autocast('cuda', args...)` instead.
  with torch.cuda.amp.autocast():
/home/norak/R&I/kxs-/train.py:169: FutureWarning: `torch.cuda.amp.autocast(args...)` is deprecated. Please use `torch.amp.autocast('cuda', args...)` instead.
  with torch.cuda.amp.autocast():
    epoch 11  train_loss=0.0203  val_loss=0.0352  val_qwk=0.7539  val_acc=0.7164
/home/norak/R&I/kxs-/train.py:148: FutureWarning: `torch.cuda.amp.autocast(args...)` is deprecated. Please use `torch.amp.autocast('cuda', args...)` instead.
  with torch.cuda.amp.autocast():
/home/norak/R&I/kxs-/train.py:169: FutureWarning: `torch.cuda.amp.autocast(args...)` is deprecated. Please use `torch.amp.autocast('cuda', args...)` instead.
  with torch.cuda.amp.autocast():
    epoch 12  train_loss=0.0206  val_loss=0.0382  val_qwk=0.7356  val_acc=0.7015
/home/norak/R&I/kxs-/train.py:148: FutureWarning: `torch.cuda.amp.autocast(args...)` is deprecated. Please use `torch.amp.autocast('cuda', args...)` instead.
  with torch.cuda.amp.autocast():
/home/norak/R&I/kxs-/train.py:169: FutureWarning: `torch.cuda.amp.autocast(args...)` is deprecated. Please use `torch.amp.autocast('cuda', args...)` instead.
  with torch.cuda.amp.autocast():
    epoch 13  train_loss=0.0181  val_loss=0.0469  val_qwk=0.7295  val_acc=0.7015
/home/norak/R&I/kxs-/train.py:148: FutureWarning: `torch.cuda.amp.autocast(args...)` is deprecated. Please use `torch.amp.autocast('cuda', args...)` instead.
  with torch.cuda.amp.autocast():
/home/norak/R&I/kxs-/train.py:169: FutureWarning: `torch.cuda.amp.autocast(args...)` is deprecated. Please use `torch.amp.autocast('cuda', args...)` instead.
  with torch.cuda.amp.autocast():
    epoch 14  train_loss=0.0158  val_loss=0.0338  val_qwk=0.7588  val_acc=0.6940
/home/norak/R&I/kxs-/train.py:148: FutureWarning: `torch.cuda.amp.autocast(args...)` is deprecated. Please use `torch.amp.autocast('cuda', args...)` instead.
  with torch.cuda.amp.autocast():
/home/norak/R&I/kxs-/train.py:169: FutureWarning: `torch.cuda.amp.autocast(args...)` is deprecated. Please use `torch.amp.autocast('cuda', args...)` instead.
  with torch.cuda.amp.autocast():
    epoch 15  train_loss=0.0167  val_loss=0.0366  val_qwk=0.7293  val_acc=0.6866
/home/norak/R&I/kxs-/train.py:148: FutureWarning: `torch.cuda.amp.autocast(args...)` is deprecated. Please use `torch.amp.autocast('cuda', args...)` instead.
  with torch.cuda.amp.autocast():
/home/norak/R&I/kxs-/train.py:169: FutureWarning: `torch.cuda.amp.autocast(args...)` is deprecated. Please use `torch.amp.autocast('cuda', args...)` instead.
  with torch.cuda.amp.autocast():
    epoch 16  train_loss=0.0152  val_loss=0.0361  val_qwk=0.7650  val_acc=0.7239
/home/norak/R&I/kxs-/train.py:148: FutureWarning: `torch.cuda.amp.autocast(args...)` is deprecated. Please use `torch.amp.autocast('cuda', args...)` instead.
  with torch.cuda.amp.autocast():
/home/norak/R&I/kxs-/train.py:169: FutureWarning: `torch.cuda.amp.autocast(args...)` is deprecated. Please use `torch.amp.autocast('cuda', args...)` instead.
  with torch.cuda.amp.autocast():
    epoch 17  train_loss=0.0146  val_loss=0.0372  val_qwk=0.7250  val_acc=0.7015
/home/norak/R&I/kxs-/train.py:148: FutureWarning: `torch.cuda.amp.autocast(args...)` is deprecated. Please use `torch.amp.autocast('cuda', args...)` instead.
  with torch.cuda.amp.autocast():
/home/norak/R&I/kxs-/train.py:169: FutureWarning: `torch.cuda.amp.autocast(args...)` is deprecated. Please use `torch.amp.autocast('cuda', args...)` instead.
  with torch.cuda.amp.autocast():
    epoch 18  train_loss=0.0131  val_loss=0.0362  val_qwk=0.7381  val_acc=0.6940
/home/norak/R&I/kxs-/train.py:148: FutureWarning: `torch.cuda.amp.autocast(args...)` is deprecated. Please use `torch.amp.autocast('cuda', args...)` instead.
  with torch.cuda.amp.autocast():
/home/norak/R&I/kxs-/train.py:169: FutureWarning: `torch.cuda.amp.autocast(args...)` is deprecated. Please use `torch.amp.autocast('cuda', args...)` instead.
  with torch.cuda.amp.autocast():
    epoch 19  train_loss=0.0149  val_loss=0.0341  val_qwk=0.7883  val_acc=0.7463
/home/norak/R&I/kxs-/train.py:148: FutureWarning: `torch.cuda.amp.autocast(args...)` is deprecated. Please use `torch.amp.autocast('cuda', args...)` instead.
  with torch.cuda.amp.autocast():
/home/norak/R&I/kxs-/train.py:169: FutureWarning: `torch.cuda.amp.autocast(args...)` is deprecated. Please use `torch.amp.autocast('cuda', args...)` instead.
  with torch.cuda.amp.autocast():
    epoch 20  train_loss=0.0136  val_loss=0.0352  val_qwk=0.7831  val_acc=0.7537
/home/norak/R&I/kxs-/train.py:169: FutureWarning: `torch.cuda.amp.autocast(args...)` is deprecated. Please use `torch.amp.autocast('cuda', args...)` instead.
  with torch.cuda.amp.autocast():
/home/norak/R&I/kxs-/train.py:169: FutureWarning: `torch.cuda.amp.autocast(args...)` is deprecated. Please use `torch.amp.autocast('cuda', args...)` instead.
  with torch.cuda.amp.autocast():
/home/norak/R&I/kxs-/train.py:169: FutureWarning: `torch.cuda.amp.autocast(args...)` is deprecated. Please use `torch.amp.autocast('cuda', args...)` instead.
  with torch.cuda.amp.autocast():
  [raw_qar_cross_xlmr_maxfeat              ] train_qwk=0.9244 -> test_qwk=0.7808  raw_w1=0.7926  epoch=19  (83.2s)
Loading weights:   0%|          | 0/136 [00:00<?, ?it/s]Loading weights:  71%|███████▏  | 97/136 [00:00<00:00, 968.15it/s]Loading weights: 100%|██████████| 136/136 [00:00<00:00, 1139.29it/s]
[transformers] [1mNewModel LOAD REPORT[0m from: Alibaba-NLP/gte-multilingual-base
Key               | Status     |  | 
------------------+------------+--+-
classifier.weight | UNEXPECTED |  | 
classifier.bias   | UNEXPECTED |  | 

Notes:
- UNEXPECTED:	can be ignored when loading from different task/architecture; not ok if you expect identical arch.
/home/norak/R&I/kxs-/train.py:206: FutureWarning: `torch.cuda.amp.GradScaler(args...)` is deprecated. Please use `torch.amp.GradScaler('cuda', args...)` instead.
  scaler = torch.cuda.amp.GradScaler() if use_amp and device == "cuda" else None
/home/norak/R&I/kxs-/train.py:148: FutureWarning: `torch.cuda.amp.autocast(args...)` is deprecated. Please use `torch.amp.autocast('cuda', args...)` instead.
  with torch.cuda.amp.autocast():
/home/norak/R&I/kxs-/train.py:169: FutureWarning: `torch.cuda.amp.autocast(args...)` is deprecated. Please use `torch.amp.autocast('cuda', args...)` instead.
  with torch.cuda.amp.autocast():
    epoch  1  train_loss=0.0775  val_loss=0.0528  val_qwk=0.4671  val_acc=0.3358
/home/norak/R&I/kxs-/train.py:148: FutureWarning: `torch.cuda.amp.autocast(args...)` is deprecated. Please use `torch.amp.autocast('cuda', args...)` instead.
  with torch.cuda.amp.autocast():
/home/norak/R&I/kxs-/train.py:169: FutureWarning: `torch.cuda.amp.autocast(args...)` is deprecated. Please use `torch.amp.autocast('cuda', args...)` instead.
  with torch.cuda.amp.autocast():
    epoch  2  train_loss=0.0504  val_loss=0.0506  val_qwk=0.4959  val_acc=0.4478
/home/norak/R&I/kxs-/train.py:148: FutureWarning: `torch.cuda.amp.autocast(args...)` is deprecated. Please use `torch.amp.autocast('cuda', args...)` instead.
  with torch.cuda.amp.autocast():
/home/norak/R&I/kxs-/train.py:169: FutureWarning: `torch.cuda.amp.autocast(args...)` is deprecated. Please use `torch.amp.autocast('cuda', args...)` instead.
  with torch.cuda.amp.autocast():
    epoch  3  train_loss=0.0480  val_loss=0.0493  val_qwk=0.5219  val_acc=0.4701
/home/norak/R&I/kxs-/train.py:148: FutureWarning: `torch.cuda.amp.autocast(args...)` is deprecated. Please use `torch.amp.autocast('cuda', args...)` instead.
  with torch.cuda.amp.autocast():
/home/norak/R&I/kxs-/train.py:169: FutureWarning: `torch.cuda.amp.autocast(args...)` is deprecated. Please use `torch.amp.autocast('cuda', args...)` instead.
  with torch.cuda.amp.autocast():
    epoch  4  train_loss=0.0406  val_loss=0.0500  val_qwk=0.6474  val_acc=0.5597
/home/norak/R&I/kxs-/train.py:148: FutureWarning: `torch.cuda.amp.autocast(args...)` is deprecated. Please use `torch.amp.autocast('cuda', args...)` instead.
  with torch.cuda.amp.autocast():
/home/norak/R&I/kxs-/train.py:169: FutureWarning: `torch.cuda.amp.autocast(args...)` is deprecated. Please use `torch.amp.autocast('cuda', args...)` instead.
  with torch.cuda.amp.autocast():
    epoch  5  train_loss=0.0361  val_loss=0.0388  val_qwk=0.7038  val_acc=0.6119
/home/norak/R&I/kxs-/train.py:148: FutureWarning: `torch.cuda.amp.autocast(args...)` is deprecated. Please use `torch.amp.autocast('cuda', args...)` instead.
  with torch.cuda.amp.autocast():
/home/norak/R&I/kxs-/train.py:169: FutureWarning: `torch.cuda.amp.autocast(args...)` is deprecated. Please use `torch.amp.autocast('cuda', args...)` instead.
  with torch.cuda.amp.autocast():
    epoch  6  train_loss=0.0293  val_loss=0.0461  val_qwk=0.7108  val_acc=0.6940
/home/norak/R&I/kxs-/train.py:148: FutureWarning: `torch.cuda.amp.autocast(args...)` is deprecated. Please use `torch.amp.autocast('cuda', args...)` instead.
  with torch.cuda.amp.autocast():
/home/norak/R&I/kxs-/train.py:169: FutureWarning: `torch.cuda.amp.autocast(args...)` is deprecated. Please use `torch.amp.autocast('cuda', args...)` instead.
  with torch.cuda.amp.autocast():
    epoch  7  train_loss=0.0244  val_loss=0.0362  val_qwk=0.7703  val_acc=0.7388
/home/norak/R&I/kxs-/train.py:148: FutureWarning: `torch.cuda.amp.autocast(args...)` is deprecated. Please use `torch.amp.autocast('cuda', args...)` instead.
  with torch.cuda.amp.autocast():
/home/norak/R&I/kxs-/train.py:169: FutureWarning: `torch.cuda.amp.autocast(args...)` is deprecated. Please use `torch.amp.autocast('cuda', args...)` instead.
  with torch.cuda.amp.autocast():
    epoch  8  train_loss=0.0277  val_loss=0.0373  val_qwk=0.7542  val_acc=0.7015
/home/norak/R&I/kxs-/train.py:148: FutureWarning: `torch.cuda.amp.autocast(args...)` is deprecated. Please use `torch.amp.autocast('cuda', args...)` instead.
  with torch.cuda.amp.autocast():
/home/norak/R&I/kxs-/train.py:169: FutureWarning: `torch.cuda.amp.autocast(args...)` is deprecated. Please use `torch.amp.autocast('cuda', args...)` instead.
  with torch.cuda.amp.autocast():
    epoch  9  train_loss=0.0206  val_loss=0.0381  val_qwk=0.7523  val_acc=0.7164
/home/norak/R&I/kxs-/train.py:148: FutureWarning: `torch.cuda.amp.autocast(args...)` is deprecated. Please use `torch.amp.autocast('cuda', args...)` instead.
  with torch.cuda.amp.autocast():
/home/norak/R&I/kxs-/train.py:169: FutureWarning: `torch.cuda.amp.autocast(args...)` is deprecated. Please use `torch.amp.autocast('cuda', args...)` instead.
  with torch.cuda.amp.autocast():
    epoch 10  train_loss=0.0184  val_loss=0.0362  val_qwk=0.7514  val_acc=0.7015
/home/norak/R&I/kxs-/train.py:148: FutureWarning: `torch.cuda.amp.autocast(args...)` is deprecated. Please use `torch.amp.autocast('cuda', args...)` instead.
  with torch.cuda.amp.autocast():
/home/norak/R&I/kxs-/train.py:169: FutureWarning: `torch.cuda.amp.autocast(args...)` is deprecated. Please use `torch.amp.autocast('cuda', args...)` instead.
  with torch.cuda.amp.autocast():
    epoch 11  train_loss=0.0167  val_loss=0.0375  val_qwk=0.7562  val_acc=0.7313
    early-stop at epoch 11 (best epoch=7, best_qwk=0.7703)
/home/norak/R&I/kxs-/train.py:169: FutureWarning: `torch.cuda.amp.autocast(args...)` is deprecated. Please use `torch.amp.autocast('cuda', args...)` instead.
  with torch.cuda.amp.autocast():
/home/norak/R&I/kxs-/train.py:169: FutureWarning: `torch.cuda.amp.autocast(args...)` is deprecated. Please use `torch.amp.autocast('cuda', args...)` instead.
  with torch.cuda.amp.autocast():
/home/norak/R&I/kxs-/train.py:169: FutureWarning: `torch.cuda.amp.autocast(args...)` is deprecated. Please use `torch.amp.autocast('cuda', args...)` instead.
  with torch.cuda.amp.autocast():
  [raw_qar_cross_gte_maxfeat               ] train_qwk=0.8555 -> test_qwk=0.8095  raw_w1=0.7778  epoch=7  (58.1s)
Loading weights:   0%|          | 0/199 [00:00<?, ?it/s]Loading weights: 100%|██████████| 199/199 [00:00<00:00, 2749.28it/s]
[transformers] [1mBertModel LOAD REPORT[0m from: bert-base-multilingual-cased
Key                                        | Status     |  | 
-------------------------------------------+------------+--+-
cls.seq_relationship.weight                | UNEXPECTED |  | 
cls.predictions.transform.LayerNorm.weight | UNEXPECTED |  | 
cls.predictions.transform.dense.bias       | UNEXPECTED |  | 
cls.predictions.transform.dense.weight     | UNEXPECTED |  | 
cls.predictions.transform.LayerNorm.bias   | UNEXPECTED |  | 
cls.seq_relationship.bias                  | UNEXPECTED |  | 
cls.predictions.bias                       | UNEXPECTED |  | 

Notes:
- UNEXPECTED:	can be ignored when loading from different task/architecture; not ok if you expect identical arch.
/home/norak/R&I/kxs-/train.py:206: FutureWarning: `torch.cuda.amp.GradScaler(args...)` is deprecated. Please use `torch.amp.GradScaler('cuda', args...)` instead.
  scaler = torch.cuda.amp.GradScaler() if use_amp and device == "cuda" else None
/home/norak/R&I/kxs-/train.py:148: FutureWarning: `torch.cuda.amp.autocast(args...)` is deprecated. Please use `torch.amp.autocast('cuda', args...)` instead.
  with torch.cuda.amp.autocast():
/home/norak/R&I/kxs-/train.py:169: FutureWarning: `torch.cuda.amp.autocast(args...)` is deprecated. Please use `torch.amp.autocast('cuda', args...)` instead.
  with torch.cuda.amp.autocast():
    epoch  1  train_loss=0.0784  val_loss=0.0628  val_qwk=0.1588  val_acc=0.1791
/home/norak/R&I/kxs-/train.py:148: FutureWarning: `torch.cuda.amp.autocast(args...)` is deprecated. Please use `torch.amp.autocast('cuda', args...)` instead.
  with torch.cuda.amp.autocast():
/home/norak/R&I/kxs-/train.py:169: FutureWarning: `torch.cuda.amp.autocast(args...)` is deprecated. Please use `torch.amp.autocast('cuda', args...)` instead.
  with torch.cuda.amp.autocast():
    epoch  2  train_loss=0.0609  val_loss=0.0559  val_qwk=0.4338  val_acc=0.3358
/home/norak/R&I/kxs-/train.py:148: FutureWarning: `torch.cuda.amp.autocast(args...)` is deprecated. Please use `torch.amp.autocast('cuda', args...)` instead.
  with torch.cuda.amp.autocast():
/home/norak/R&I/kxs-/train.py:169: FutureWarning: `torch.cuda.amp.autocast(args...)` is deprecated. Please use `torch.amp.autocast('cuda', args...)` instead.
  with torch.cuda.amp.autocast():
    epoch  3  train_loss=0.0511  val_loss=0.0571  val_qwk=0.4873  val_acc=0.4552
/home/norak/R&I/kxs-/train.py:148: FutureWarning: `torch.cuda.amp.autocast(args...)` is deprecated. Please use `torch.amp.autocast('cuda', args...)` instead.
  with torch.cuda.amp.autocast():
/home/norak/R&I/kxs-/train.py:169: FutureWarning: `torch.cuda.amp.autocast(args...)` is deprecated. Please use `torch.amp.autocast('cuda', args...)` instead.
  with torch.cuda.amp.autocast():
    epoch  4  train_loss=0.0497  val_loss=0.0541  val_qwk=0.4931  val_acc=0.4776
/home/norak/R&I/kxs-/train.py:148: FutureWarning: `torch.cuda.amp.autocast(args...)` is deprecated. Please use `torch.amp.autocast('cuda', args...)` instead.
  with torch.cuda.amp.autocast():
/home/norak/R&I/kxs-/train.py:169: FutureWarning: `torch.cuda.amp.autocast(args...)` is deprecated. Please use `torch.amp.autocast('cuda', args...)` instead.
  with torch.cuda.amp.autocast():
    epoch  5  train_loss=0.0454  val_loss=0.0511  val_qwk=0.5593  val_acc=0.5448
/home/norak/R&I/kxs-/train.py:148: FutureWarning: `torch.cuda.amp.autocast(args...)` is deprecated. Please use `torch.amp.autocast('cuda', args...)` instead.
  with torch.cuda.amp.autocast():
/home/norak/R&I/kxs-/train.py:169: FutureWarning: `torch.cuda.amp.autocast(args...)` is deprecated. Please use `torch.amp.autocast('cuda', args...)` instead.
  with torch.cuda.amp.autocast():
    epoch  6  train_loss=0.0454  val_loss=0.0501  val_qwk=0.5655  val_acc=0.5299
/home/norak/R&I/kxs-/train.py:148: FutureWarning: `torch.cuda.amp.autocast(args...)` is deprecated. Please use `torch.amp.autocast('cuda', args...)` instead.
  with torch.cuda.amp.autocast():
/home/norak/R&I/kxs-/train.py:169: FutureWarning: `torch.cuda.amp.autocast(args...)` is deprecated. Please use `torch.amp.autocast('cuda', args...)` instead.
  with torch.cuda.amp.autocast():
    epoch  7  train_loss=0.0423  val_loss=0.0477  val_qwk=0.5674  val_acc=0.5448
/home/norak/R&I/kxs-/train.py:148: FutureWarning: `torch.cuda.amp.autocast(args...)` is deprecated. Please use `torch.amp.autocast('cuda', args...)` instead.
  with torch.cuda.amp.autocast():
/home/norak/R&I/kxs-/train.py:169: FutureWarning: `torch.cuda.amp.autocast(args...)` is deprecated. Please use `torch.amp.autocast('cuda', args...)` instead.
  with torch.cuda.amp.autocast():
    epoch  8  train_loss=0.0416  val_loss=0.0516  val_qwk=0.5367  val_acc=0.5149
/home/norak/R&I/kxs-/train.py:148: FutureWarning: `torch.cuda.amp.autocast(args...)` is deprecated. Please use `torch.amp.autocast('cuda', args...)` instead.
  with torch.cuda.amp.autocast():
/home/norak/R&I/kxs-/train.py:169: FutureWarning: `torch.cuda.amp.autocast(args...)` is deprecated. Please use `torch.amp.autocast('cuda', args...)` instead.
  with torch.cuda.amp.autocast():
    epoch  9  train_loss=0.0417  val_loss=0.0493  val_qwk=0.5836  val_acc=0.5746
/home/norak/R&I/kxs-/train.py:148: FutureWarning: `torch.cuda.amp.autocast(args...)` is deprecated. Please use `torch.amp.autocast('cuda', args...)` instead.
  with torch.cuda.amp.autocast():
/home/norak/R&I/kxs-/train.py:169: FutureWarning: `torch.cuda.amp.autocast(args...)` is deprecated. Please use `torch.amp.autocast('cuda', args...)` instead.
  with torch.cuda.amp.autocast():
    epoch 10  train_loss=0.0433  val_loss=0.0507  val_qwk=0.5594  val_acc=0.5299
/home/norak/R&I/kxs-/train.py:148: FutureWarning: `torch.cuda.amp.autocast(args...)` is deprecated. Please use `torch.amp.autocast('cuda', args...)` instead.
  with torch.cuda.amp.autocast():
/home/norak/R&I/kxs-/train.py:169: FutureWarning: `torch.cuda.amp.autocast(args...)` is deprecated. Please use `torch.amp.autocast('cuda', args...)` instead.
  with torch.cuda.amp.autocast():
    epoch 11  train_loss=0.0402  val_loss=0.0466  val_qwk=0.5998  val_acc=0.5746
/home/norak/R&I/kxs-/train.py:148: FutureWarning: `torch.cuda.amp.autocast(args...)` is deprecated. Please use `torch.amp.autocast('cuda', args...)` instead.
  with torch.cuda.amp.autocast():
/home/norak/R&I/kxs-/train.py:169: FutureWarning: `torch.cuda.amp.autocast(args...)` is deprecated. Please use `torch.amp.autocast('cuda', args...)` instead.
  with torch.cuda.amp.autocast():
    epoch 12  train_loss=0.0404  val_loss=0.0493  val_qwk=0.5695  val_acc=0.5522
/home/norak/R&I/kxs-/train.py:148: FutureWarning: `torch.cuda.amp.autocast(args...)` is deprecated. Please use `torch.amp.autocast('cuda', args...)` instead.
  with torch.cuda.amp.autocast():
/home/norak/R&I/kxs-/train.py:169: FutureWarning: `torch.cuda.amp.autocast(args...)` is deprecated. Please use `torch.amp.autocast('cuda', args...)` instead.
  with torch.cuda.amp.autocast():
    epoch 13  train_loss=0.0374  val_loss=0.0460  val_qwk=0.5840  val_acc=0.5224
/home/norak/R&I/kxs-/train.py:148: FutureWarning: `torch.cuda.amp.autocast(args...)` is deprecated. Please use `torch.amp.autocast('cuda', args...)` instead.
  with torch.cuda.amp.autocast():
/home/norak/R&I/kxs-/train.py:169: FutureWarning: `torch.cuda.amp.autocast(args...)` is deprecated. Please use `torch.amp.autocast('cuda', args...)` instead.
  with torch.cuda.amp.autocast():
    epoch 14  train_loss=0.0377  val_loss=0.0462  val_qwk=0.5830  val_acc=0.5448
/home/norak/R&I/kxs-/train.py:148: FutureWarning: `torch.cuda.amp.autocast(args...)` is deprecated. Please use `torch.amp.autocast('cuda', args...)` instead.
  with torch.cuda.amp.autocast():
/home/norak/R&I/kxs-/train.py:169: FutureWarning: `torch.cuda.amp.autocast(args...)` is deprecated. Please use `torch.amp.autocast('cuda', args...)` instead.
  with torch.cuda.amp.autocast():
    epoch 15  train_loss=0.0383  val_loss=0.0450  val_qwk=0.5618  val_acc=0.5299
    early-stop at epoch 15 (best epoch=11, best_qwk=0.5998)
/home/norak/R&I/kxs-/train.py:169: FutureWarning: `torch.cuda.amp.autocast(args...)` is deprecated. Please use `torch.amp.autocast('cuda', args...)` instead.
  with torch.cuda.amp.autocast():
/home/norak/R&I/kxs-/train.py:169: FutureWarning: `torch.cuda.amp.autocast(args...)` is deprecated. Please use `torch.amp.autocast('cuda', args...)` instead.
  with torch.cuda.amp.autocast():
/home/norak/R&I/kxs-/train.py:169: FutureWarning: `torch.cuda.amp.autocast(args...)` is deprecated. Please use `torch.amp.autocast('cuda', args...)` instead.
  with torch.cuda.amp.autocast():
  [clean_ra_dual_mbert_maxfeat             ] train_qwk=0.7045 -> test_qwk=0.6494  raw_w1=0.6741  epoch=11  (86.7s)
Loading weights:   0%|          | 0/199 [00:00<?, ?it/s]Loading weights: 100%|██████████| 199/199 [00:00<00:00, 2935.00it/s]
[transformers] [1mXLMRobertaModel LOAD REPORT[0m from: xlm-roberta-base
Key                       | Status     |  | 
--------------------------+------------+--+-
lm_head.layer_norm.weight | UNEXPECTED |  | 
lm_head.bias              | UNEXPECTED |  | 
lm_head.dense.bias        | UNEXPECTED |  | 
lm_head.layer_norm.bias   | UNEXPECTED |  | 
lm_head.dense.weight      | UNEXPECTED |  | 

Notes:
- UNEXPECTED:	can be ignored when loading from different task/architecture; not ok if you expect identical arch.
/home/norak/R&I/kxs-/train.py:206: FutureWarning: `torch.cuda.amp.GradScaler(args...)` is deprecated. Please use `torch.amp.GradScaler('cuda', args...)` instead.
  scaler = torch.cuda.amp.GradScaler() if use_amp and device == "cuda" else None
/home/norak/R&I/kxs-/train.py:148: FutureWarning: `torch.cuda.amp.autocast(args...)` is deprecated. Please use `torch.amp.autocast('cuda', args...)` instead.
  with torch.cuda.amp.autocast():
/home/norak/R&I/kxs-/train.py:169: FutureWarning: `torch.cuda.amp.autocast(args...)` is deprecated. Please use `torch.amp.autocast('cuda', args...)` instead.
  with torch.cuda.amp.autocast():
    epoch  1  train_loss=0.1117  val_loss=0.0648  val_qwk=0.2004  val_acc=0.1343
/home/norak/R&I/kxs-/train.py:148: FutureWarning: `torch.cuda.amp.autocast(args...)` is deprecated. Please use `torch.amp.autocast('cuda', args...)` instead.
  with torch.cuda.amp.autocast():
/home/norak/R&I/kxs-/train.py:169: FutureWarning: `torch.cuda.amp.autocast(args...)` is deprecated. Please use `torch.amp.autocast('cuda', args...)` instead.
  with torch.cuda.amp.autocast():
    epoch  2  train_loss=0.0667  val_loss=0.0614  val_qwk=0.4594  val_acc=0.3955
/home/norak/R&I/kxs-/train.py:148: FutureWarning: `torch.cuda.amp.autocast(args...)` is deprecated. Please use `torch.amp.autocast('cuda', args...)` instead.
  with torch.cuda.amp.autocast():
/home/norak/R&I/kxs-/train.py:169: FutureWarning: `torch.cuda.amp.autocast(args...)` is deprecated. Please use `torch.amp.autocast('cuda', args...)` instead.
  with torch.cuda.amp.autocast():
    epoch  3  train_loss=0.0577  val_loss=0.0531  val_qwk=0.5033  val_acc=0.4627
/home/norak/R&I/kxs-/train.py:148: FutureWarning: `torch.cuda.amp.autocast(args...)` is deprecated. Please use `torch.amp.autocast('cuda', args...)` instead.
  with torch.cuda.amp.autocast():
/home/norak/R&I/kxs-/train.py:169: FutureWarning: `torch.cuda.amp.autocast(args...)` is deprecated. Please use `torch.amp.autocast('cuda', args...)` instead.
  with torch.cuda.amp.autocast():
    epoch  4  train_loss=0.0537  val_loss=0.0521  val_qwk=0.5615  val_acc=0.5149
/home/norak/R&I/kxs-/train.py:148: FutureWarning: `torch.cuda.amp.autocast(args...)` is deprecated. Please use `torch.amp.autocast('cuda', args...)` instead.
  with torch.cuda.amp.autocast():
/home/norak/R&I/kxs-/train.py:169: FutureWarning: `torch.cuda.amp.autocast(args...)` is deprecated. Please use `torch.amp.autocast('cuda', args...)` instead.
  with torch.cuda.amp.autocast():
    epoch  5  train_loss=0.0522  val_loss=0.0569  val_qwk=0.2761  val_acc=0.1866
/home/norak/R&I/kxs-/train.py:148: FutureWarning: `torch.cuda.amp.autocast(args...)` is deprecated. Please use `torch.amp.autocast('cuda', args...)` instead.
  with torch.cuda.amp.autocast():
/home/norak/R&I/kxs-/train.py:169: FutureWarning: `torch.cuda.amp.autocast(args...)` is deprecated. Please use `torch.amp.autocast('cuda', args...)` instead.
  with torch.cuda.amp.autocast():
    epoch  6  train_loss=0.0464  val_loss=0.0441  val_qwk=0.6040  val_acc=0.5448
/home/norak/R&I/kxs-/train.py:148: FutureWarning: `torch.cuda.amp.autocast(args...)` is deprecated. Please use `torch.amp.autocast('cuda', args...)` instead.
  with torch.cuda.amp.autocast():
/home/norak/R&I/kxs-/train.py:169: FutureWarning: `torch.cuda.amp.autocast(args...)` is deprecated. Please use `torch.amp.autocast('cuda', args...)` instead.
  with torch.cuda.amp.autocast():
    epoch  7  train_loss=0.0395  val_loss=0.0421  val_qwk=0.6639  val_acc=0.5821
/home/norak/R&I/kxs-/train.py:148: FutureWarning: `torch.cuda.amp.autocast(args...)` is deprecated. Please use `torch.amp.autocast('cuda', args...)` instead.
  with torch.cuda.amp.autocast():
/home/norak/R&I/kxs-/train.py:169: FutureWarning: `torch.cuda.amp.autocast(args...)` is deprecated. Please use `torch.amp.autocast('cuda', args...)` instead.
  with torch.cuda.amp.autocast():
    epoch  8  train_loss=0.0357  val_loss=0.0412  val_qwk=0.6377  val_acc=0.5672
/home/norak/R&I/kxs-/train.py:148: FutureWarning: `torch.cuda.amp.autocast(args...)` is deprecated. Please use `torch.amp.autocast('cuda', args...)` instead.
  with torch.cuda.amp.autocast():
/home/norak/R&I/kxs-/train.py:169: FutureWarning: `torch.cuda.amp.autocast(args...)` is deprecated. Please use `torch.amp.autocast('cuda', args...)` instead.
  with torch.cuda.amp.autocast():
    epoch  9  train_loss=0.0322  val_loss=0.0367  val_qwk=0.6802  val_acc=0.6045
/home/norak/R&I/kxs-/train.py:148: FutureWarning: `torch.cuda.amp.autocast(args...)` is deprecated. Please use `torch.amp.autocast('cuda', args...)` instead.
  with torch.cuda.amp.autocast():
/home/norak/R&I/kxs-/train.py:169: FutureWarning: `torch.cuda.amp.autocast(args...)` is deprecated. Please use `torch.amp.autocast('cuda', args...)` instead.
  with torch.cuda.amp.autocast():
    epoch 10  train_loss=0.0308  val_loss=0.0401  val_qwk=0.6357  val_acc=0.5224
/home/norak/R&I/kxs-/train.py:148: FutureWarning: `torch.cuda.amp.autocast(args...)` is deprecated. Please use `torch.amp.autocast('cuda', args...)` instead.
  with torch.cuda.amp.autocast():
/home/norak/R&I/kxs-/train.py:169: FutureWarning: `torch.cuda.amp.autocast(args...)` is deprecated. Please use `torch.amp.autocast('cuda', args...)` instead.
  with torch.cuda.amp.autocast():
    epoch 11  train_loss=0.0284  val_loss=0.0358  val_qwk=0.6977  val_acc=0.5970
/home/norak/R&I/kxs-/train.py:148: FutureWarning: `torch.cuda.amp.autocast(args...)` is deprecated. Please use `torch.amp.autocast('cuda', args...)` instead.
  with torch.cuda.amp.autocast():
/home/norak/R&I/kxs-/train.py:169: FutureWarning: `torch.cuda.amp.autocast(args...)` is deprecated. Please use `torch.amp.autocast('cuda', args...)` instead.
  with torch.cuda.amp.autocast():
    epoch 12  train_loss=0.0248  val_loss=0.0340  val_qwk=0.7174  val_acc=0.6343
/home/norak/R&I/kxs-/train.py:148: FutureWarning: `torch.cuda.amp.autocast(args...)` is deprecated. Please use `torch.amp.autocast('cuda', args...)` instead.
  with torch.cuda.amp.autocast():
/home/norak/R&I/kxs-/train.py:169: FutureWarning: `torch.cuda.amp.autocast(args...)` is deprecated. Please use `torch.amp.autocast('cuda', args...)` instead.
  with torch.cuda.amp.autocast():
    epoch 13  train_loss=0.0269  val_loss=0.0380  val_qwk=0.7086  val_acc=0.6493
/home/norak/R&I/kxs-/train.py:148: FutureWarning: `torch.cuda.amp.autocast(args...)` is deprecated. Please use `torch.amp.autocast('cuda', args...)` instead.
  with torch.cuda.amp.autocast():
/home/norak/R&I/kxs-/train.py:169: FutureWarning: `torch.cuda.amp.autocast(args...)` is deprecated. Please use `torch.amp.autocast('cuda', args...)` instead.
  with torch.cuda.amp.autocast():
    epoch 14  train_loss=0.0226  val_loss=0.0392  val_qwk=0.7000  val_acc=0.6343
/home/norak/R&I/kxs-/train.py:148: FutureWarning: `torch.cuda.amp.autocast(args...)` is deprecated. Please use `torch.amp.autocast('cuda', args...)` instead.
  with torch.cuda.amp.autocast():
/home/norak/R&I/kxs-/train.py:169: FutureWarning: `torch.cuda.amp.autocast(args...)` is deprecated. Please use `torch.amp.autocast('cuda', args...)` instead.
  with torch.cuda.amp.autocast():
    epoch 15  train_loss=0.0198  val_loss=0.0343  val_qwk=0.7112  val_acc=0.6343
/home/norak/R&I/kxs-/train.py:148: FutureWarning: `torch.cuda.amp.autocast(args...)` is deprecated. Please use `torch.amp.autocast('cuda', args...)` instead.
  with torch.cuda.amp.autocast():
/home/norak/R&I/kxs-/train.py:169: FutureWarning: `torch.cuda.amp.autocast(args...)` is deprecated. Please use `torch.amp.autocast('cuda', args...)` instead.
  with torch.cuda.amp.autocast():
    epoch 16  train_loss=0.0174  val_loss=0.0449  val_qwk=0.6329  val_acc=0.6119
    early-stop at epoch 16 (best epoch=12, best_qwk=0.7174)
/home/norak/R&I/kxs-/train.py:169: FutureWarning: `torch.cuda.amp.autocast(args...)` is deprecated. Please use `torch.amp.autocast('cuda', args...)` instead.
  with torch.cuda.amp.autocast():
/home/norak/R&I/kxs-/train.py:169: FutureWarning: `torch.cuda.amp.autocast(args...)` is deprecated. Please use `torch.amp.autocast('cuda', args...)` instead.
  with torch.cuda.amp.autocast():
/home/norak/R&I/kxs-/train.py:169: FutureWarning: `torch.cuda.amp.autocast(args...)` is deprecated. Please use `torch.amp.autocast('cuda', args...)` instead.
  with torch.cuda.amp.autocast():
  [clean_ra_dual_xlmr_maxfeat              ] train_qwk=0.8348 -> test_qwk=0.7806  raw_w1=0.7111  epoch=12  (98.1s)
Loading weights:   0%|          | 0/136 [00:00<?, ?it/s]Loading weights: 100%|██████████| 136/136 [00:00<00:00, 1569.21it/s]
[transformers] [1mNewModel LOAD REPORT[0m from: Alibaba-NLP/gte-multilingual-base
Key               | Status     |  | 
------------------+------------+--+-
classifier.weight | UNEXPECTED |  | 
classifier.bias   | UNEXPECTED |  | 

Notes:
- UNEXPECTED:	can be ignored when loading from different task/architecture; not ok if you expect identical arch.
/home/norak/R&I/kxs-/train.py:206: FutureWarning: `torch.cuda.amp.GradScaler(args...)` is deprecated. Please use `torch.amp.GradScaler('cuda', args...)` instead.
  scaler = torch.cuda.amp.GradScaler() if use_amp and device == "cuda" else None
/home/norak/R&I/kxs-/train.py:148: FutureWarning: `torch.cuda.amp.autocast(args...)` is deprecated. Please use `torch.amp.autocast('cuda', args...)` instead.
  with torch.cuda.amp.autocast():
/home/norak/R&I/kxs-/train.py:169: FutureWarning: `torch.cuda.amp.autocast(args...)` is deprecated. Please use `torch.amp.autocast('cuda', args...)` instead.
  with torch.cuda.amp.autocast():
    epoch  1  train_loss=0.0692  val_loss=0.0507  val_qwk=0.5786  val_acc=0.4701
/home/norak/R&I/kxs-/train.py:148: FutureWarning: `torch.cuda.amp.autocast(args...)` is deprecated. Please use `torch.amp.autocast('cuda', args...)` instead.
  with torch.cuda.amp.autocast():
/home/norak/R&I/kxs-/train.py:169: FutureWarning: `torch.cuda.amp.autocast(args...)` is deprecated. Please use `torch.amp.autocast('cuda', args...)` instead.
  with torch.cuda.amp.autocast():
    epoch  2  train_loss=0.0423  val_loss=0.0387  val_qwk=0.6771  val_acc=0.5149
/home/norak/R&I/kxs-/train.py:148: FutureWarning: `torch.cuda.amp.autocast(args...)` is deprecated. Please use `torch.amp.autocast('cuda', args...)` instead.
  with torch.cuda.amp.autocast():
/home/norak/R&I/kxs-/train.py:169: FutureWarning: `torch.cuda.amp.autocast(args...)` is deprecated. Please use `torch.amp.autocast('cuda', args...)` instead.
  with torch.cuda.amp.autocast():
    epoch  3  train_loss=0.0284  val_loss=0.0321  val_qwk=0.7284  val_acc=0.5970
/home/norak/R&I/kxs-/train.py:148: FutureWarning: `torch.cuda.amp.autocast(args...)` is deprecated. Please use `torch.amp.autocast('cuda', args...)` instead.
  with torch.cuda.amp.autocast():
/home/norak/R&I/kxs-/train.py:169: FutureWarning: `torch.cuda.amp.autocast(args...)` is deprecated. Please use `torch.amp.autocast('cuda', args...)` instead.
  with torch.cuda.amp.autocast():
    epoch  4  train_loss=0.0231  val_loss=0.0304  val_qwk=0.7776  val_acc=0.6642
/home/norak/R&I/kxs-/train.py:148: FutureWarning: `torch.cuda.amp.autocast(args...)` is deprecated. Please use `torch.amp.autocast('cuda', args...)` instead.
  with torch.cuda.amp.autocast():
/home/norak/R&I/kxs-/train.py:169: FutureWarning: `torch.cuda.amp.autocast(args...)` is deprecated. Please use `torch.amp.autocast('cuda', args...)` instead.
  with torch.cuda.amp.autocast():
    epoch  5  train_loss=0.0162  val_loss=0.0276  val_qwk=0.8160  val_acc=0.7313
/home/norak/R&I/kxs-/train.py:148: FutureWarning: `torch.cuda.amp.autocast(args...)` is deprecated. Please use `torch.amp.autocast('cuda', args...)` instead.
  with torch.cuda.amp.autocast():
/home/norak/R&I/kxs-/train.py:169: FutureWarning: `torch.cuda.amp.autocast(args...)` is deprecated. Please use `torch.amp.autocast('cuda', args...)` instead.
  with torch.cuda.amp.autocast():
    epoch  6  train_loss=0.0135  val_loss=0.0295  val_qwk=0.7805  val_acc=0.7090
/home/norak/R&I/kxs-/train.py:148: FutureWarning: `torch.cuda.amp.autocast(args...)` is deprecated. Please use `torch.amp.autocast('cuda', args...)` instead.
  with torch.cuda.amp.autocast():
/home/norak/R&I/kxs-/train.py:169: FutureWarning: `torch.cuda.amp.autocast(args...)` is deprecated. Please use `torch.amp.autocast('cuda', args...)` instead.
  with torch.cuda.amp.autocast():
    epoch  7  train_loss=0.0108  val_loss=0.0344  val_qwk=0.7908  val_acc=0.6716
/home/norak/R&I/kxs-/train.py:148: FutureWarning: `torch.cuda.amp.autocast(args...)` is deprecated. Please use `torch.amp.autocast('cuda', args...)` instead.
  with torch.cuda.amp.autocast():
/home/norak/R&I/kxs-/train.py:169: FutureWarning: `torch.cuda.amp.autocast(args...)` is deprecated. Please use `torch.amp.autocast('cuda', args...)` instead.
  with torch.cuda.amp.autocast():
    epoch  8  train_loss=0.0092  val_loss=0.0314  val_qwk=0.8050  val_acc=0.7388
/home/norak/R&I/kxs-/train.py:148: FutureWarning: `torch.cuda.amp.autocast(args...)` is deprecated. Please use `torch.amp.autocast('cuda', args...)` instead.
  with torch.cuda.amp.autocast():
/home/norak/R&I/kxs-/train.py:169: FutureWarning: `torch.cuda.amp.autocast(args...)` is deprecated. Please use `torch.amp.autocast('cuda', args...)` instead.
  with torch.cuda.amp.autocast():
    epoch  9  train_loss=0.0083  val_loss=0.0338  val_qwk=0.7649  val_acc=0.7239
    early-stop at epoch 9 (best epoch=5, best_qwk=0.8160)
/home/norak/R&I/kxs-/train.py:169: FutureWarning: `torch.cuda.amp.autocast(args...)` is deprecated. Please use `torch.amp.autocast('cuda', args...)` instead.
  with torch.cuda.amp.autocast():
/home/norak/R&I/kxs-/train.py:169: FutureWarning: `torch.cuda.amp.autocast(args...)` is deprecated. Please use `torch.amp.autocast('cuda', args...)` instead.
  with torch.cuda.amp.autocast():
/home/norak/R&I/kxs-/train.py:169: FutureWarning: `torch.cuda.amp.autocast(args...)` is deprecated. Please use `torch.amp.autocast('cuda', args...)` instead.
  with torch.cuda.amp.autocast():
  [clean_ra_dual_gte_maxfeat               ] train_qwk=0.9103 -> test_qwk=0.8187  raw_w1=0.8074  epoch=5  (71.1s)
Loading weights:   0%|          | 0/199 [00:00<?, ?it/s]Loading weights: 100%|██████████| 199/199 [00:00<00:00, 2892.17it/s]
[transformers] [1mBertModel LOAD REPORT[0m from: bert-base-multilingual-cased
Key                                        | Status     |  | 
-------------------------------------------+------------+--+-
cls.seq_relationship.weight                | UNEXPECTED |  | 
cls.predictions.transform.LayerNorm.weight | UNEXPECTED |  | 
cls.predictions.transform.dense.bias       | UNEXPECTED |  | 
cls.predictions.transform.dense.weight     | UNEXPECTED |  | 
cls.predictions.transform.LayerNorm.bias   | UNEXPECTED |  | 
cls.seq_relationship.bias                  | UNEXPECTED |  | 
cls.predictions.bias                       | UNEXPECTED |  | 

Notes:
- UNEXPECTED:	can be ignored when loading from different task/architecture; not ok if you expect identical arch.
/home/norak/R&I/kxs-/train.py:206: FutureWarning: `torch.cuda.amp.GradScaler(args...)` is deprecated. Please use `torch.amp.GradScaler('cuda', args...)` instead.
  scaler = torch.cuda.amp.GradScaler() if use_amp and device == "cuda" else None
/home/norak/R&I/kxs-/train.py:148: FutureWarning: `torch.cuda.amp.autocast(args...)` is deprecated. Please use `torch.amp.autocast('cuda', args...)` instead.
  with torch.cuda.amp.autocast():
/home/norak/R&I/kxs-/train.py:169: FutureWarning: `torch.cuda.amp.autocast(args...)` is deprecated. Please use `torch.amp.autocast('cuda', args...)` instead.
  with torch.cuda.amp.autocast():
    epoch  1  train_loss=0.0849  val_loss=0.0751  val_qwk=0.0000  val_acc=0.1343
/home/norak/R&I/kxs-/train.py:148: FutureWarning: `torch.cuda.amp.autocast(args...)` is deprecated. Please use `torch.amp.autocast('cuda', args...)` instead.
  with torch.cuda.amp.autocast():
/home/norak/R&I/kxs-/train.py:169: FutureWarning: `torch.cuda.amp.autocast(args...)` is deprecated. Please use `torch.amp.autocast('cuda', args...)` instead.
  with torch.cuda.amp.autocast():
    epoch  2  train_loss=0.0708  val_loss=0.0655  val_qwk=0.2698  val_acc=0.2313
/home/norak/R&I/kxs-/train.py:148: FutureWarning: `torch.cuda.amp.autocast(args...)` is deprecated. Please use `torch.amp.autocast('cuda', args...)` instead.
  with torch.cuda.amp.autocast():
/home/norak/R&I/kxs-/train.py:169: FutureWarning: `torch.cuda.amp.autocast(args...)` is deprecated. Please use `torch.amp.autocast('cuda', args...)` instead.
  with torch.cuda.amp.autocast():
    epoch  3  train_loss=0.0641  val_loss=0.0646  val_qwk=0.3965  val_acc=0.2836
/home/norak/R&I/kxs-/train.py:148: FutureWarning: `torch.cuda.amp.autocast(args...)` is deprecated. Please use `torch.amp.autocast('cuda', args...)` instead.
  with torch.cuda.amp.autocast():
/home/norak/R&I/kxs-/train.py:169: FutureWarning: `torch.cuda.amp.autocast(args...)` is deprecated. Please use `torch.amp.autocast('cuda', args...)` instead.
  with torch.cuda.amp.autocast():
    epoch  4  train_loss=0.0601  val_loss=0.0693  val_qwk=0.4191  val_acc=0.3284
/home/norak/R&I/kxs-/train.py:148: FutureWarning: `torch.cuda.amp.autocast(args...)` is deprecated. Please use `torch.amp.autocast('cuda', args...)` instead.
  with torch.cuda.amp.autocast():
/home/norak/R&I/kxs-/train.py:169: FutureWarning: `torch.cuda.amp.autocast(args...)` is deprecated. Please use `torch.amp.autocast('cuda', args...)` instead.
  with torch.cuda.amp.autocast():
    epoch  5  train_loss=0.0574  val_loss=0.0580  val_qwk=0.4379  val_acc=0.3060
/home/norak/R&I/kxs-/train.py:148: FutureWarning: `torch.cuda.amp.autocast(args...)` is deprecated. Please use `torch.amp.autocast('cuda', args...)` instead.
  with torch.cuda.amp.autocast():
/home/norak/R&I/kxs-/train.py:169: FutureWarning: `torch.cuda.amp.autocast(args...)` is deprecated. Please use `torch.amp.autocast('cuda', args...)` instead.
  with torch.cuda.amp.autocast():
    epoch  6  train_loss=0.0565  val_loss=0.0537  val_qwk=0.4213  val_acc=0.3209
/home/norak/R&I/kxs-/train.py:148: FutureWarning: `torch.cuda.amp.autocast(args...)` is deprecated. Please use `torch.amp.autocast('cuda', args...)` instead.
  with torch.cuda.amp.autocast():
/home/norak/R&I/kxs-/train.py:169: FutureWarning: `torch.cuda.amp.autocast(args...)` is deprecated. Please use `torch.amp.autocast('cuda', args...)` instead.
  with torch.cuda.amp.autocast():
    epoch  7  train_loss=0.0539  val_loss=0.0553  val_qwk=0.5357  val_acc=0.5000
/home/norak/R&I/kxs-/train.py:148: FutureWarning: `torch.cuda.amp.autocast(args...)` is deprecated. Please use `torch.amp.autocast('cuda', args...)` instead.
  with torch.cuda.amp.autocast():
/home/norak/R&I/kxs-/train.py:169: FutureWarning: `torch.cuda.amp.autocast(args...)` is deprecated. Please use `torch.amp.autocast('cuda', args...)` instead.
  with torch.cuda.amp.autocast():
    epoch  8  train_loss=0.0517  val_loss=0.0559  val_qwk=0.5162  val_acc=0.4104
/home/norak/R&I/kxs-/train.py:148: FutureWarning: `torch.cuda.amp.autocast(args...)` is deprecated. Please use `torch.amp.autocast('cuda', args...)` instead.
  with torch.cuda.amp.autocast():
/home/norak/R&I/kxs-/train.py:169: FutureWarning: `torch.cuda.amp.autocast(args...)` is deprecated. Please use `torch.amp.autocast('cuda', args...)` instead.
  with torch.cuda.amp.autocast():
    epoch  9  train_loss=0.0542  val_loss=0.0652  val_qwk=0.3865  val_acc=0.2836
/home/norak/R&I/kxs-/train.py:148: FutureWarning: `torch.cuda.amp.autocast(args...)` is deprecated. Please use `torch.amp.autocast('cuda', args...)` instead.
  with torch.cuda.amp.autocast():
/home/norak/R&I/kxs-/train.py:169: FutureWarning: `torch.cuda.amp.autocast(args...)` is deprecated. Please use `torch.amp.autocast('cuda', args...)` instead.
  with torch.cuda.amp.autocast():
    epoch 10  train_loss=0.0548  val_loss=0.0553  val_qwk=0.4901  val_acc=0.3507
/home/norak/R&I/kxs-/train.py:148: FutureWarning: `torch.cuda.amp.autocast(args...)` is deprecated. Please use `torch.amp.autocast('cuda', args...)` instead.
  with torch.cuda.amp.autocast():
/home/norak/R&I/kxs-/train.py:169: FutureWarning: `torch.cuda.amp.autocast(args...)` is deprecated. Please use `torch.amp.autocast('cuda', args...)` instead.
  with torch.cuda.amp.autocast():
    epoch 11  train_loss=0.0509  val_loss=0.0524  val_qwk=0.5282  val_acc=0.4701
    early-stop at epoch 11 (best epoch=7, best_qwk=0.5357)
/home/norak/R&I/kxs-/train.py:169: FutureWarning: `torch.cuda.amp.autocast(args...)` is deprecated. Please use `torch.amp.autocast('cuda', args...)` instead.
  with torch.cuda.amp.autocast():
/home/norak/R&I/kxs-/train.py:169: FutureWarning: `torch.cuda.amp.autocast(args...)` is deprecated. Please use `torch.amp.autocast('cuda', args...)` instead.
  with torch.cuda.amp.autocast():
/home/norak/R&I/kxs-/train.py:169: FutureWarning: `torch.cuda.amp.autocast(args...)` is deprecated. Please use `torch.amp.autocast('cuda', args...)` instead.
  with torch.cuda.amp.autocast():
  [clean_ra_cross_mbert_maxfeat            ] train_qwk=0.5634 -> test_qwk=0.5348  raw_w1=0.5333  epoch=7  (43.0s)
Loading weights:   0%|          | 0/199 [00:00<?, ?it/s]Loading weights: 100%|██████████| 199/199 [00:00<00:00, 2856.93it/s]
[transformers] [1mXLMRobertaModel LOAD REPORT[0m from: xlm-roberta-base
Key                       | Status     |  | 
--------------------------+------------+--+-
lm_head.layer_norm.weight | UNEXPECTED |  | 
lm_head.bias              | UNEXPECTED |  | 
lm_head.dense.bias        | UNEXPECTED |  | 
lm_head.layer_norm.bias   | UNEXPECTED |  | 
lm_head.dense.weight      | UNEXPECTED |  | 

Notes:
- UNEXPECTED:	can be ignored when loading from different task/architecture; not ok if you expect identical arch.
/home/norak/R&I/kxs-/train.py:206: FutureWarning: `torch.cuda.amp.GradScaler(args...)` is deprecated. Please use `torch.amp.GradScaler('cuda', args...)` instead.
  scaler = torch.cuda.amp.GradScaler() if use_amp and device == "cuda" else None
/home/norak/R&I/kxs-/train.py:148: FutureWarning: `torch.cuda.amp.autocast(args...)` is deprecated. Please use `torch.amp.autocast('cuda', args...)` instead.
  with torch.cuda.amp.autocast():
/home/norak/R&I/kxs-/train.py:169: FutureWarning: `torch.cuda.amp.autocast(args...)` is deprecated. Please use `torch.amp.autocast('cuda', args...)` instead.
  with torch.cuda.amp.autocast():
    epoch  1  train_loss=0.0982  val_loss=0.0658  val_qwk=0.1598  val_acc=0.1418
/home/norak/R&I/kxs-/train.py:148: FutureWarning: `torch.cuda.amp.autocast(args...)` is deprecated. Please use `torch.amp.autocast('cuda', args...)` instead.
  with torch.cuda.amp.autocast():
/home/norak/R&I/kxs-/train.py:169: FutureWarning: `torch.cuda.amp.autocast(args...)` is deprecated. Please use `torch.amp.autocast('cuda', args...)` instead.
  with torch.cuda.amp.autocast():
    epoch  2  train_loss=0.0664  val_loss=0.0537  val_qwk=0.4951  val_acc=0.3433
/home/norak/R&I/kxs-/train.py:148: FutureWarning: `torch.cuda.amp.autocast(args...)` is deprecated. Please use `torch.amp.autocast('cuda', args...)` instead.
  with torch.cuda.amp.autocast():
/home/norak/R&I/kxs-/train.py:169: FutureWarning: `torch.cuda.amp.autocast(args...)` is deprecated. Please use `torch.amp.autocast('cuda', args...)` instead.
  with torch.cuda.amp.autocast():
    epoch  3  train_loss=0.0524  val_loss=0.0505  val_qwk=0.5706  val_acc=0.4627
/home/norak/R&I/kxs-/train.py:148: FutureWarning: `torch.cuda.amp.autocast(args...)` is deprecated. Please use `torch.amp.autocast('cuda', args...)` instead.
  with torch.cuda.amp.autocast():
/home/norak/R&I/kxs-/train.py:169: FutureWarning: `torch.cuda.amp.autocast(args...)` is deprecated. Please use `torch.amp.autocast('cuda', args...)` instead.
  with torch.cuda.amp.autocast():
    epoch  4  train_loss=0.0511  val_loss=0.0472  val_qwk=0.6714  val_acc=0.5896
/home/norak/R&I/kxs-/train.py:148: FutureWarning: `torch.cuda.amp.autocast(args...)` is deprecated. Please use `torch.amp.autocast('cuda', args...)` instead.
  with torch.cuda.amp.autocast():
/home/norak/R&I/kxs-/train.py:169: FutureWarning: `torch.cuda.amp.autocast(args...)` is deprecated. Please use `torch.amp.autocast('cuda', args...)` instead.
  with torch.cuda.amp.autocast():
    epoch  5  train_loss=0.0417  val_loss=0.0372  val_qwk=0.6510  val_acc=0.5299
/home/norak/R&I/kxs-/train.py:148: FutureWarning: `torch.cuda.amp.autocast(args...)` is deprecated. Please use `torch.amp.autocast('cuda', args...)` instead.
  with torch.cuda.amp.autocast():
/home/norak/R&I/kxs-/train.py:169: FutureWarning: `torch.cuda.amp.autocast(args...)` is deprecated. Please use `torch.amp.autocast('cuda', args...)` instead.
  with torch.cuda.amp.autocast():
    epoch  6  train_loss=0.0356  val_loss=0.0378  val_qwk=0.6280  val_acc=0.5224
/home/norak/R&I/kxs-/train.py:148: FutureWarning: `torch.cuda.amp.autocast(args...)` is deprecated. Please use `torch.amp.autocast('cuda', args...)` instead.
  with torch.cuda.amp.autocast():
/home/norak/R&I/kxs-/train.py:169: FutureWarning: `torch.cuda.amp.autocast(args...)` is deprecated. Please use `torch.amp.autocast('cuda', args...)` instead.
  with torch.cuda.amp.autocast():
    epoch  7  train_loss=0.0376  val_loss=0.0343  val_qwk=0.7230  val_acc=0.6119
/home/norak/R&I/kxs-/train.py:148: FutureWarning: `torch.cuda.amp.autocast(args...)` is deprecated. Please use `torch.amp.autocast('cuda', args...)` instead.
  with torch.cuda.amp.autocast():
/home/norak/R&I/kxs-/train.py:169: FutureWarning: `torch.cuda.amp.autocast(args...)` is deprecated. Please use `torch.amp.autocast('cuda', args...)` instead.
  with torch.cuda.amp.autocast():
    epoch  8  train_loss=0.0326  val_loss=0.0335  val_qwk=0.7545  val_acc=0.6866
/home/norak/R&I/kxs-/train.py:148: FutureWarning: `torch.cuda.amp.autocast(args...)` is deprecated. Please use `torch.amp.autocast('cuda', args...)` instead.
  with torch.cuda.amp.autocast():
/home/norak/R&I/kxs-/train.py:169: FutureWarning: `torch.cuda.amp.autocast(args...)` is deprecated. Please use `torch.amp.autocast('cuda', args...)` instead.
  with torch.cuda.amp.autocast():
    epoch  9  train_loss=0.0290  val_loss=0.0356  val_qwk=0.7615  val_acc=0.6866
/home/norak/R&I/kxs-/train.py:148: FutureWarning: `torch.cuda.amp.autocast(args...)` is deprecated. Please use `torch.amp.autocast('cuda', args...)` instead.
  with torch.cuda.amp.autocast():
/home/norak/R&I/kxs-/train.py:169: FutureWarning: `torch.cuda.amp.autocast(args...)` is deprecated. Please use `torch.amp.autocast('cuda', args...)` instead.
  with torch.cuda.amp.autocast():
    epoch 10  train_loss=0.0251  val_loss=0.0451  val_qwk=0.7244  val_acc=0.6493
/home/norak/R&I/kxs-/train.py:148: FutureWarning: `torch.cuda.amp.autocast(args...)` is deprecated. Please use `torch.amp.autocast('cuda', args...)` instead.
  with torch.cuda.amp.autocast():
/home/norak/R&I/kxs-/train.py:169: FutureWarning: `torch.cuda.amp.autocast(args...)` is deprecated. Please use `torch.amp.autocast('cuda', args...)` instead.
  with torch.cuda.amp.autocast():
    epoch 11  train_loss=0.0227  val_loss=0.0336  val_qwk=0.7761  val_acc=0.7090
/home/norak/R&I/kxs-/train.py:148: FutureWarning: `torch.cuda.amp.autocast(args...)` is deprecated. Please use `torch.amp.autocast('cuda', args...)` instead.
  with torch.cuda.amp.autocast():
/home/norak/R&I/kxs-/train.py:169: FutureWarning: `torch.cuda.amp.autocast(args...)` is deprecated. Please use `torch.amp.autocast('cuda', args...)` instead.
  with torch.cuda.amp.autocast():
    epoch 12  train_loss=0.0190  val_loss=0.0320  val_qwk=0.8007  val_acc=0.7239
/home/norak/R&I/kxs-/train.py:148: FutureWarning: `torch.cuda.amp.autocast(args...)` is deprecated. Please use `torch.amp.autocast('cuda', args...)` instead.
  with torch.cuda.amp.autocast():
/home/norak/R&I/kxs-/train.py:169: FutureWarning: `torch.cuda.amp.autocast(args...)` is deprecated. Please use `torch.amp.autocast('cuda', args...)` instead.
  with torch.cuda.amp.autocast():
    epoch 13  train_loss=0.0184  val_loss=0.0324  val_qwk=0.7718  val_acc=0.7313
/home/norak/R&I/kxs-/train.py:148: FutureWarning: `torch.cuda.amp.autocast(args...)` is deprecated. Please use `torch.amp.autocast('cuda', args...)` instead.
  with torch.cuda.amp.autocast():
/home/norak/R&I/kxs-/train.py:169: FutureWarning: `torch.cuda.amp.autocast(args...)` is deprecated. Please use `torch.amp.autocast('cuda', args...)` instead.
  with torch.cuda.amp.autocast():
    epoch 14  train_loss=0.0168  val_loss=0.0312  val_qwk=0.7638  val_acc=0.6866
/home/norak/R&I/kxs-/train.py:148: FutureWarning: `torch.cuda.amp.autocast(args...)` is deprecated. Please use `torch.amp.autocast('cuda', args...)` instead.
  with torch.cuda.amp.autocast():
/home/norak/R&I/kxs-/train.py:169: FutureWarning: `torch.cuda.amp.autocast(args...)` is deprecated. Please use `torch.amp.autocast('cuda', args...)` instead.
  with torch.cuda.amp.autocast():
    epoch 15  train_loss=0.0159  val_loss=0.0351  val_qwk=0.7388  val_acc=0.7090
/home/norak/R&I/kxs-/train.py:148: FutureWarning: `torch.cuda.amp.autocast(args...)` is deprecated. Please use `torch.amp.autocast('cuda', args...)` instead.
  with torch.cuda.amp.autocast():
/home/norak/R&I/kxs-/train.py:169: FutureWarning: `torch.cuda.amp.autocast(args...)` is deprecated. Please use `torch.amp.autocast('cuda', args...)` instead.
  with torch.cuda.amp.autocast():
    epoch 16  train_loss=0.0165  val_loss=0.0328  val_qwk=0.7974  val_acc=0.7463
    early-stop at epoch 16 (best epoch=12, best_qwk=0.8007)
/home/norak/R&I/kxs-/train.py:169: FutureWarning: `torch.cuda.amp.autocast(args...)` is deprecated. Please use `torch.amp.autocast('cuda', args...)` instead.
  with torch.cuda.amp.autocast():
/home/norak/R&I/kxs-/train.py:169: FutureWarning: `torch.cuda.amp.autocast(args...)` is deprecated. Please use `torch.amp.autocast('cuda', args...)` instead.
  with torch.cuda.amp.autocast():
/home/norak/R&I/kxs-/train.py:169: FutureWarning: `torch.cuda.amp.autocast(args...)` is deprecated. Please use `torch.amp.autocast('cuda', args...)` instead.
  with torch.cuda.amp.autocast():
  [clean_ra_cross_xlmr_maxfeat             ] train_qwk=0.8909 -> test_qwk=0.8174  raw_w1=0.7630  epoch=12  (69.0s)
Loading weights:   0%|          | 0/136 [00:00<?, ?it/s]Loading weights:   3%|▎         | 4/136 [00:00<00:03, 34.49it/s]Loading weights: 100%|██████████| 136/136 [00:00<00:00, 902.90it/s]
[transformers] [1mNewModel LOAD REPORT[0m from: Alibaba-NLP/gte-multilingual-base
Key               | Status     |  | 
------------------+------------+--+-
classifier.weight | UNEXPECTED |  | 
classifier.bias   | UNEXPECTED |  | 

Notes:
- UNEXPECTED:	can be ignored when loading from different task/architecture; not ok if you expect identical arch.
/home/norak/R&I/kxs-/train.py:206: FutureWarning: `torch.cuda.amp.GradScaler(args...)` is deprecated. Please use `torch.amp.GradScaler('cuda', args...)` instead.
  scaler = torch.cuda.amp.GradScaler() if use_amp and device == "cuda" else None
/home/norak/R&I/kxs-/train.py:148: FutureWarning: `torch.cuda.amp.autocast(args...)` is deprecated. Please use `torch.amp.autocast('cuda', args...)` instead.
  with torch.cuda.amp.autocast():
/home/norak/R&I/kxs-/train.py:169: FutureWarning: `torch.cuda.amp.autocast(args...)` is deprecated. Please use `torch.amp.autocast('cuda', args...)` instead.
  with torch.cuda.amp.autocast():
    epoch  1  train_loss=0.0781  val_loss=0.0534  val_qwk=0.4930  val_acc=0.3657
/home/norak/R&I/kxs-/train.py:148: FutureWarning: `torch.cuda.amp.autocast(args...)` is deprecated. Please use `torch.amp.autocast('cuda', args...)` instead.
  with torch.cuda.amp.autocast():
/home/norak/R&I/kxs-/train.py:169: FutureWarning: `torch.cuda.amp.autocast(args...)` is deprecated. Please use `torch.amp.autocast('cuda', args...)` instead.
  with torch.cuda.amp.autocast():
    epoch  2  train_loss=0.0497  val_loss=0.0487  val_qwk=0.5174  val_acc=0.4627
/home/norak/R&I/kxs-/train.py:148: FutureWarning: `torch.cuda.amp.autocast(args...)` is deprecated. Please use `torch.amp.autocast('cuda', args...)` instead.
  with torch.cuda.amp.autocast():
/home/norak/R&I/kxs-/train.py:169: FutureWarning: `torch.cuda.amp.autocast(args...)` is deprecated. Please use `torch.amp.autocast('cuda', args...)` instead.
  with torch.cuda.amp.autocast():
    epoch  3  train_loss=0.0456  val_loss=0.0463  val_qwk=0.5836  val_acc=0.4851
/home/norak/R&I/kxs-/train.py:148: FutureWarning: `torch.cuda.amp.autocast(args...)` is deprecated. Please use `torch.amp.autocast('cuda', args...)` instead.
  with torch.cuda.amp.autocast():
/home/norak/R&I/kxs-/train.py:169: FutureWarning: `torch.cuda.amp.autocast(args...)` is deprecated. Please use `torch.amp.autocast('cuda', args...)` instead.
  with torch.cuda.amp.autocast():
    epoch  4  train_loss=0.0358  val_loss=0.0392  val_qwk=0.7253  val_acc=0.6567
/home/norak/R&I/kxs-/train.py:148: FutureWarning: `torch.cuda.amp.autocast(args...)` is deprecated. Please use `torch.amp.autocast('cuda', args...)` instead.
  with torch.cuda.amp.autocast():
/home/norak/R&I/kxs-/train.py:169: FutureWarning: `torch.cuda.amp.autocast(args...)` is deprecated. Please use `torch.amp.autocast('cuda', args...)` instead.
  with torch.cuda.amp.autocast():
    epoch  5  train_loss=0.0305  val_loss=0.0333  val_qwk=0.7157  val_acc=0.6567
/home/norak/R&I/kxs-/train.py:148: FutureWarning: `torch.cuda.amp.autocast(args...)` is deprecated. Please use `torch.amp.autocast('cuda', args...)` instead.
  with torch.cuda.amp.autocast():
/home/norak/R&I/kxs-/train.py:169: FutureWarning: `torch.cuda.amp.autocast(args...)` is deprecated. Please use `torch.amp.autocast('cuda', args...)` instead.
  with torch.cuda.amp.autocast():
    epoch  6  train_loss=0.0251  val_loss=0.0358  val_qwk=0.7516  val_acc=0.7313
/home/norak/R&I/kxs-/train.py:148: FutureWarning: `torch.cuda.amp.autocast(args...)` is deprecated. Please use `torch.amp.autocast('cuda', args...)` instead.
  with torch.cuda.amp.autocast():
/home/norak/R&I/kxs-/train.py:169: FutureWarning: `torch.cuda.amp.autocast(args...)` is deprecated. Please use `torch.amp.autocast('cuda', args...)` instead.
  with torch.cuda.amp.autocast():
    epoch  7  train_loss=0.0215  val_loss=0.0371  val_qwk=0.7282  val_acc=0.7015
/home/norak/R&I/kxs-/train.py:148: FutureWarning: `torch.cuda.amp.autocast(args...)` is deprecated. Please use `torch.amp.autocast('cuda', args...)` instead.
  with torch.cuda.amp.autocast():
/home/norak/R&I/kxs-/train.py:169: FutureWarning: `torch.cuda.amp.autocast(args...)` is deprecated. Please use `torch.amp.autocast('cuda', args...)` instead.
  with torch.cuda.amp.autocast():
    epoch  8  train_loss=0.0236  val_loss=0.0314  val_qwk=0.7831  val_acc=0.7313
/home/norak/R&I/kxs-/train.py:148: FutureWarning: `torch.cuda.amp.autocast(args...)` is deprecated. Please use `torch.amp.autocast('cuda', args...)` instead.
  with torch.cuda.amp.autocast():
/home/norak/R&I/kxs-/train.py:169: FutureWarning: `torch.cuda.amp.autocast(args...)` is deprecated. Please use `torch.amp.autocast('cuda', args...)` instead.
  with torch.cuda.amp.autocast():
    epoch  9  train_loss=0.0177  val_loss=0.0317  val_qwk=0.7735  val_acc=0.7463
/home/norak/R&I/kxs-/train.py:148: FutureWarning: `torch.cuda.amp.autocast(args...)` is deprecated. Please use `torch.amp.autocast('cuda', args...)` instead.
  with torch.cuda.amp.autocast():
/home/norak/R&I/kxs-/train.py:169: FutureWarning: `torch.cuda.amp.autocast(args...)` is deprecated. Please use `torch.amp.autocast('cuda', args...)` instead.
  with torch.cuda.amp.autocast():
    epoch 10  train_loss=0.0163  val_loss=0.0324  val_qwk=0.7288  val_acc=0.6567
/home/norak/R&I/kxs-/train.py:148: FutureWarning: `torch.cuda.amp.autocast(args...)` is deprecated. Please use `torch.amp.autocast('cuda', args...)` instead.
  with torch.cuda.amp.autocast():
/home/norak/R&I/kxs-/train.py:169: FutureWarning: `torch.cuda.amp.autocast(args...)` is deprecated. Please use `torch.amp.autocast('cuda', args...)` instead.
  with torch.cuda.amp.autocast():
    epoch 11  train_loss=0.0145  val_loss=0.0289  val_qwk=0.7904  val_acc=0.7687
/home/norak/R&I/kxs-/train.py:148: FutureWarning: `torch.cuda.amp.autocast(args...)` is deprecated. Please use `torch.amp.autocast('cuda', args...)` instead.
  with torch.cuda.amp.autocast():
/home/norak/R&I/kxs-/train.py:169: FutureWarning: `torch.cuda.amp.autocast(args...)` is deprecated. Please use `torch.amp.autocast('cuda', args...)` instead.
  with torch.cuda.amp.autocast():
    epoch 12  train_loss=0.0126  val_loss=0.0244  val_qwk=0.8342  val_acc=0.7687
/home/norak/R&I/kxs-/train.py:148: FutureWarning: `torch.cuda.amp.autocast(args...)` is deprecated. Please use `torch.amp.autocast('cuda', args...)` instead.
  with torch.cuda.amp.autocast():
/home/norak/R&I/kxs-/train.py:169: FutureWarning: `torch.cuda.amp.autocast(args...)` is deprecated. Please use `torch.amp.autocast('cuda', args...)` instead.
  with torch.cuda.amp.autocast():
    epoch 13  train_loss=0.0115  val_loss=0.0279  val_qwk=0.8055  val_acc=0.7612
/home/norak/R&I/kxs-/train.py:148: FutureWarning: `torch.cuda.amp.autocast(args...)` is deprecated. Please use `torch.amp.autocast('cuda', args...)` instead.
  with torch.cuda.amp.autocast():
/home/norak/R&I/kxs-/train.py:169: FutureWarning: `torch.cuda.amp.autocast(args...)` is deprecated. Please use `torch.amp.autocast('cuda', args...)` instead.
  with torch.cuda.amp.autocast():
    epoch 14  train_loss=0.0110  val_loss=0.0303  val_qwk=0.7596  val_acc=0.7239
/home/norak/R&I/kxs-/train.py:148: FutureWarning: `torch.cuda.amp.autocast(args...)` is deprecated. Please use `torch.amp.autocast('cuda', args...)` instead.
  with torch.cuda.amp.autocast():
/home/norak/R&I/kxs-/train.py:169: FutureWarning: `torch.cuda.amp.autocast(args...)` is deprecated. Please use `torch.amp.autocast('cuda', args...)` instead.
  with torch.cuda.amp.autocast():
    epoch 15  train_loss=0.0089  val_loss=0.0280  val_qwk=0.7891  val_acc=0.7463
/home/norak/R&I/kxs-/train.py:148: FutureWarning: `torch.cuda.amp.autocast(args...)` is deprecated. Please use `torch.amp.autocast('cuda', args...)` instead.
  with torch.cuda.amp.autocast():
/home/norak/R&I/kxs-/train.py:169: FutureWarning: `torch.cuda.amp.autocast(args...)` is deprecated. Please use `torch.amp.autocast('cuda', args...)` instead.
  with torch.cuda.amp.autocast():
    epoch 16  train_loss=0.0088  val_loss=0.0273  val_qwk=0.8174  val_acc=0.7537
    early-stop at epoch 16 (best epoch=12, best_qwk=0.8342)
/home/norak/R&I/kxs-/train.py:169: FutureWarning: `torch.cuda.amp.autocast(args...)` is deprecated. Please use `torch.amp.autocast('cuda', args...)` instead.
  with torch.cuda.amp.autocast():
/home/norak/R&I/kxs-/train.py:169: FutureWarning: `torch.cuda.amp.autocast(args...)` is deprecated. Please use `torch.amp.autocast('cuda', args...)` instead.
  with torch.cuda.amp.autocast():
/home/norak/R&I/kxs-/train.py:169: FutureWarning: `torch.cuda.amp.autocast(args...)` is deprecated. Please use `torch.amp.autocast('cuda', args...)` instead.
  with torch.cuda.amp.autocast():
  [clean_ra_cross_gte_maxfeat              ] train_qwk=0.9297 -> test_qwk=0.8314  raw_w1=0.7556  epoch=12  (77.7s)
Loading weights:   0%|          | 0/199 [00:00<?, ?it/s]Loading weights: 100%|██████████| 199/199 [00:00<00:00, 2964.33it/s]
[transformers] [1mBertModel LOAD REPORT[0m from: bert-base-multilingual-cased
Key                                        | Status     |  | 
-------------------------------------------+------------+--+-
cls.seq_relationship.weight                | UNEXPECTED |  | 
cls.predictions.transform.LayerNorm.weight | UNEXPECTED |  | 
cls.predictions.transform.dense.bias       | UNEXPECTED |  | 
cls.predictions.transform.dense.weight     | UNEXPECTED |  | 
cls.predictions.transform.LayerNorm.bias   | UNEXPECTED |  | 
cls.seq_relationship.bias                  | UNEXPECTED |  | 
cls.predictions.bias                       | UNEXPECTED |  | 

Notes:
- UNEXPECTED:	can be ignored when loading from different task/architecture; not ok if you expect identical arch.
/home/norak/R&I/kxs-/train.py:206: FutureWarning: `torch.cuda.amp.GradScaler(args...)` is deprecated. Please use `torch.amp.GradScaler('cuda', args...)` instead.
  scaler = torch.cuda.amp.GradScaler() if use_amp and device == "cuda" else None
/home/norak/R&I/kxs-/train.py:148: FutureWarning: `torch.cuda.amp.autocast(args...)` is deprecated. Please use `torch.amp.autocast('cuda', args...)` instead.
  with torch.cuda.amp.autocast():
/home/norak/R&I/kxs-/train.py:169: FutureWarning: `torch.cuda.amp.autocast(args...)` is deprecated. Please use `torch.amp.autocast('cuda', args...)` instead.
  with torch.cuda.amp.autocast():
    epoch  1  train_loss=0.0820  val_loss=0.0724  val_qwk=0.0972  val_acc=0.1418
/home/norak/R&I/kxs-/train.py:148: FutureWarning: `torch.cuda.amp.autocast(args...)` is deprecated. Please use `torch.amp.autocast('cuda', args...)` instead.
  with torch.cuda.amp.autocast():
/home/norak/R&I/kxs-/train.py:169: FutureWarning: `torch.cuda.amp.autocast(args...)` is deprecated. Please use `torch.amp.autocast('cuda', args...)` instead.
  with torch.cuda.amp.autocast():
    epoch  2  train_loss=0.0657  val_loss=0.0597  val_qwk=0.3305  val_acc=0.2910
/home/norak/R&I/kxs-/train.py:148: FutureWarning: `torch.cuda.amp.autocast(args...)` is deprecated. Please use `torch.amp.autocast('cuda', args...)` instead.
  with torch.cuda.amp.autocast():
/home/norak/R&I/kxs-/train.py:169: FutureWarning: `torch.cuda.amp.autocast(args...)` is deprecated. Please use `torch.amp.autocast('cuda', args...)` instead.
  with torch.cuda.amp.autocast():
    epoch  3  train_loss=0.0533  val_loss=0.0557  val_qwk=0.4836  val_acc=0.4552
/home/norak/R&I/kxs-/train.py:148: FutureWarning: `torch.cuda.amp.autocast(args...)` is deprecated. Please use `torch.amp.autocast('cuda', args...)` instead.
  with torch.cuda.amp.autocast():
/home/norak/R&I/kxs-/train.py:169: FutureWarning: `torch.cuda.amp.autocast(args...)` is deprecated. Please use `torch.amp.autocast('cuda', args...)` instead.
  with torch.cuda.amp.autocast():
    epoch  4  train_loss=0.0505  val_loss=0.0578  val_qwk=0.5118  val_acc=0.4851
/home/norak/R&I/kxs-/train.py:148: FutureWarning: `torch.cuda.amp.autocast(args...)` is deprecated. Please use `torch.amp.autocast('cuda', args...)` instead.
  with torch.cuda.amp.autocast():
/home/norak/R&I/kxs-/train.py:169: FutureWarning: `torch.cuda.amp.autocast(args...)` is deprecated. Please use `torch.amp.autocast('cuda', args...)` instead.
  with torch.cuda.amp.autocast():
    epoch  5  train_loss=0.0500  val_loss=0.0537  val_qwk=0.5445  val_acc=0.5373
/home/norak/R&I/kxs-/train.py:148: FutureWarning: `torch.cuda.amp.autocast(args...)` is deprecated. Please use `torch.amp.autocast('cuda', args...)` instead.
  with torch.cuda.amp.autocast():
/home/norak/R&I/kxs-/train.py:169: FutureWarning: `torch.cuda.amp.autocast(args...)` is deprecated. Please use `torch.amp.autocast('cuda', args...)` instead.
  with torch.cuda.amp.autocast():
    epoch  6  train_loss=0.0479  val_loss=0.0539  val_qwk=0.5083  val_acc=0.4925
/home/norak/R&I/kxs-/train.py:148: FutureWarning: `torch.cuda.amp.autocast(args...)` is deprecated. Please use `torch.amp.autocast('cuda', args...)` instead.
  with torch.cuda.amp.autocast():
/home/norak/R&I/kxs-/train.py:169: FutureWarning: `torch.cuda.amp.autocast(args...)` is deprecated. Please use `torch.amp.autocast('cuda', args...)` instead.
  with torch.cuda.amp.autocast():
    epoch  7  train_loss=0.0447  val_loss=0.0510  val_qwk=0.5740  val_acc=0.5448
/home/norak/R&I/kxs-/train.py:148: FutureWarning: `torch.cuda.amp.autocast(args...)` is deprecated. Please use `torch.amp.autocast('cuda', args...)` instead.
  with torch.cuda.amp.autocast():
/home/norak/R&I/kxs-/train.py:169: FutureWarning: `torch.cuda.amp.autocast(args...)` is deprecated. Please use `torch.amp.autocast('cuda', args...)` instead.
  with torch.cuda.amp.autocast():
    epoch  8  train_loss=0.0436  val_loss=0.0534  val_qwk=0.5141  val_acc=0.5224
/home/norak/R&I/kxs-/train.py:148: FutureWarning: `torch.cuda.amp.autocast(args...)` is deprecated. Please use `torch.amp.autocast('cuda', args...)` instead.
  with torch.cuda.amp.autocast():
/home/norak/R&I/kxs-/train.py:169: FutureWarning: `torch.cuda.amp.autocast(args...)` is deprecated. Please use `torch.amp.autocast('cuda', args...)` instead.
  with torch.cuda.amp.autocast():
    epoch  9  train_loss=0.0438  val_loss=0.0526  val_qwk=0.5478  val_acc=0.5373
/home/norak/R&I/kxs-/train.py:148: FutureWarning: `torch.cuda.amp.autocast(args...)` is deprecated. Please use `torch.amp.autocast('cuda', args...)` instead.
  with torch.cuda.amp.autocast():
/home/norak/R&I/kxs-/train.py:169: FutureWarning: `torch.cuda.amp.autocast(args...)` is deprecated. Please use `torch.amp.autocast('cuda', args...)` instead.
  with torch.cuda.amp.autocast():
    epoch 10  train_loss=0.0434  val_loss=0.0551  val_qwk=0.5316  val_acc=0.5075
/home/norak/R&I/kxs-/train.py:148: FutureWarning: `torch.cuda.amp.autocast(args...)` is deprecated. Please use `torch.amp.autocast('cuda', args...)` instead.
  with torch.cuda.amp.autocast():
/home/norak/R&I/kxs-/train.py:169: FutureWarning: `torch.cuda.amp.autocast(args...)` is deprecated. Please use `torch.amp.autocast('cuda', args...)` instead.
  with torch.cuda.amp.autocast():
    epoch 11  train_loss=0.0417  val_loss=0.0507  val_qwk=0.5762  val_acc=0.5597
/home/norak/R&I/kxs-/train.py:148: FutureWarning: `torch.cuda.amp.autocast(args...)` is deprecated. Please use `torch.amp.autocast('cuda', args...)` instead.
  with torch.cuda.amp.autocast():
/home/norak/R&I/kxs-/train.py:169: FutureWarning: `torch.cuda.amp.autocast(args...)` is deprecated. Please use `torch.amp.autocast('cuda', args...)` instead.
  with torch.cuda.amp.autocast():
    epoch 12  train_loss=0.0425  val_loss=0.0502  val_qwk=0.5488  val_acc=0.4925
/home/norak/R&I/kxs-/train.py:148: FutureWarning: `torch.cuda.amp.autocast(args...)` is deprecated. Please use `torch.amp.autocast('cuda', args...)` instead.
  with torch.cuda.amp.autocast():
/home/norak/R&I/kxs-/train.py:169: FutureWarning: `torch.cuda.amp.autocast(args...)` is deprecated. Please use `torch.amp.autocast('cuda', args...)` instead.
  with torch.cuda.amp.autocast():
    epoch 13  train_loss=0.0402  val_loss=0.0495  val_qwk=0.6051  val_acc=0.5597
/home/norak/R&I/kxs-/train.py:148: FutureWarning: `torch.cuda.amp.autocast(args...)` is deprecated. Please use `torch.amp.autocast('cuda', args...)` instead.
  with torch.cuda.amp.autocast():
/home/norak/R&I/kxs-/train.py:169: FutureWarning: `torch.cuda.amp.autocast(args...)` is deprecated. Please use `torch.amp.autocast('cuda', args...)` instead.
  with torch.cuda.amp.autocast():
    epoch 14  train_loss=0.0404  val_loss=0.0507  val_qwk=0.5848  val_acc=0.5597
/home/norak/R&I/kxs-/train.py:148: FutureWarning: `torch.cuda.amp.autocast(args...)` is deprecated. Please use `torch.amp.autocast('cuda', args...)` instead.
  with torch.cuda.amp.autocast():
/home/norak/R&I/kxs-/train.py:169: FutureWarning: `torch.cuda.amp.autocast(args...)` is deprecated. Please use `torch.amp.autocast('cuda', args...)` instead.
  with torch.cuda.amp.autocast():
    epoch 15  train_loss=0.0397  val_loss=0.0486  val_qwk=0.5661  val_acc=0.5373
/home/norak/R&I/kxs-/train.py:148: FutureWarning: `torch.cuda.amp.autocast(args...)` is deprecated. Please use `torch.amp.autocast('cuda', args...)` instead.
  with torch.cuda.amp.autocast():
/home/norak/R&I/kxs-/train.py:169: FutureWarning: `torch.cuda.amp.autocast(args...)` is deprecated. Please use `torch.amp.autocast('cuda', args...)` instead.
  with torch.cuda.amp.autocast():
    epoch 16  train_loss=0.0392  val_loss=0.0520  val_qwk=0.5695  val_acc=0.5597
/home/norak/R&I/kxs-/train.py:148: FutureWarning: `torch.cuda.amp.autocast(args...)` is deprecated. Please use `torch.amp.autocast('cuda', args...)` instead.
  with torch.cuda.amp.autocast():
/home/norak/R&I/kxs-/train.py:169: FutureWarning: `torch.cuda.amp.autocast(args...)` is deprecated. Please use `torch.amp.autocast('cuda', args...)` instead.
  with torch.cuda.amp.autocast():
    epoch 17  train_loss=0.0390  val_loss=0.0574  val_qwk=0.5276  val_acc=0.5448
    early-stop at epoch 17 (best epoch=13, best_qwk=0.6051)
/home/norak/R&I/kxs-/train.py:169: FutureWarning: `torch.cuda.amp.autocast(args...)` is deprecated. Please use `torch.amp.autocast('cuda', args...)` instead.
  with torch.cuda.amp.autocast():
/home/norak/R&I/kxs-/train.py:169: FutureWarning: `torch.cuda.amp.autocast(args...)` is deprecated. Please use `torch.amp.autocast('cuda', args...)` instead.
  with torch.cuda.amp.autocast():
/home/norak/R&I/kxs-/train.py:169: FutureWarning: `torch.cuda.amp.autocast(args...)` is deprecated. Please use `torch.amp.autocast('cuda', args...)` instead.
  with torch.cuda.amp.autocast():
  [clean_qar_dual_mbert_maxfeat            ] train_qwk=0.6642 -> test_qwk=0.6398  raw_w1=0.6815  epoch=13  (97.5s)
Loading weights:   0%|          | 0/199 [00:00<?, ?it/s]Loading weights: 100%|██████████| 199/199 [00:00<00:00, 2875.96it/s]
[transformers] [1mXLMRobertaModel LOAD REPORT[0m from: xlm-roberta-base
Key                       | Status     |  | 
--------------------------+------------+--+-
lm_head.layer_norm.weight | UNEXPECTED |  | 
lm_head.bias              | UNEXPECTED |  | 
lm_head.dense.bias        | UNEXPECTED |  | 
lm_head.layer_norm.bias   | UNEXPECTED |  | 
lm_head.dense.weight      | UNEXPECTED |  | 

Notes:
- UNEXPECTED:	can be ignored when loading from different task/architecture; not ok if you expect identical arch.
/home/norak/R&I/kxs-/train.py:206: FutureWarning: `torch.cuda.amp.GradScaler(args...)` is deprecated. Please use `torch.amp.GradScaler('cuda', args...)` instead.
  scaler = torch.cuda.amp.GradScaler() if use_amp and device == "cuda" else None
/home/norak/R&I/kxs-/train.py:148: FutureWarning: `torch.cuda.amp.autocast(args...)` is deprecated. Please use `torch.amp.autocast('cuda', args...)` instead.
  with torch.cuda.amp.autocast():
/home/norak/R&I/kxs-/train.py:169: FutureWarning: `torch.cuda.amp.autocast(args...)` is deprecated. Please use `torch.amp.autocast('cuda', args...)` instead.
  with torch.cuda.amp.autocast():
    epoch  1  train_loss=0.1112  val_loss=0.0657  val_qwk=0.1901  val_acc=0.1269
/home/norak/R&I/kxs-/train.py:148: FutureWarning: `torch.cuda.amp.autocast(args...)` is deprecated. Please use `torch.amp.autocast('cuda', args...)` instead.
  with torch.cuda.amp.autocast():
/home/norak/R&I/kxs-/train.py:169: FutureWarning: `torch.cuda.amp.autocast(args...)` is deprecated. Please use `torch.amp.autocast('cuda', args...)` instead.
  with torch.cuda.amp.autocast():
    epoch  2  train_loss=0.0631  val_loss=0.0589  val_qwk=0.5015  val_acc=0.5000
/home/norak/R&I/kxs-/train.py:148: FutureWarning: `torch.cuda.amp.autocast(args...)` is deprecated. Please use `torch.amp.autocast('cuda', args...)` instead.
  with torch.cuda.amp.autocast():
/home/norak/R&I/kxs-/train.py:169: FutureWarning: `torch.cuda.amp.autocast(args...)` is deprecated. Please use `torch.amp.autocast('cuda', args...)` instead.
  with torch.cuda.amp.autocast():
    epoch  3  train_loss=0.0558  val_loss=0.0658  val_qwk=0.4615  val_acc=0.3955
/home/norak/R&I/kxs-/train.py:148: FutureWarning: `torch.cuda.amp.autocast(args...)` is deprecated. Please use `torch.amp.autocast('cuda', args...)` instead.
  with torch.cuda.amp.autocast():
/home/norak/R&I/kxs-/train.py:169: FutureWarning: `torch.cuda.amp.autocast(args...)` is deprecated. Please use `torch.amp.autocast('cuda', args...)` instead.
  with torch.cuda.amp.autocast():
    epoch  4  train_loss=0.0566  val_loss=0.0550  val_qwk=0.5445  val_acc=0.5149
/home/norak/R&I/kxs-/train.py:148: FutureWarning: `torch.cuda.amp.autocast(args...)` is deprecated. Please use `torch.amp.autocast('cuda', args...)` instead.
  with torch.cuda.amp.autocast():
/home/norak/R&I/kxs-/train.py:169: FutureWarning: `torch.cuda.amp.autocast(args...)` is deprecated. Please use `torch.amp.autocast('cuda', args...)` instead.
  with torch.cuda.amp.autocast():
    epoch  5  train_loss=0.0528  val_loss=0.0490  val_qwk=0.5867  val_acc=0.4403
/home/norak/R&I/kxs-/train.py:148: FutureWarning: `torch.cuda.amp.autocast(args...)` is deprecated. Please use `torch.amp.autocast('cuda', args...)` instead.
  with torch.cuda.amp.autocast():
/home/norak/R&I/kxs-/train.py:169: FutureWarning: `torch.cuda.amp.autocast(args...)` is deprecated. Please use `torch.amp.autocast('cuda', args...)` instead.
  with torch.cuda.amp.autocast():
    epoch  6  train_loss=0.0467  val_loss=0.0489  val_qwk=0.5605  val_acc=0.5448
/home/norak/R&I/kxs-/train.py:148: FutureWarning: `torch.cuda.amp.autocast(args...)` is deprecated. Please use `torch.amp.autocast('cuda', args...)` instead.
  with torch.cuda.amp.autocast():
/home/norak/R&I/kxs-/train.py:169: FutureWarning: `torch.cuda.amp.autocast(args...)` is deprecated. Please use `torch.amp.autocast('cuda', args...)` instead.
  with torch.cuda.amp.autocast():
    epoch  7  train_loss=0.0427  val_loss=0.0446  val_qwk=0.6299  val_acc=0.5149
/home/norak/R&I/kxs-/train.py:148: FutureWarning: `torch.cuda.amp.autocast(args...)` is deprecated. Please use `torch.amp.autocast('cuda', args...)` instead.
  with torch.cuda.amp.autocast():
/home/norak/R&I/kxs-/train.py:169: FutureWarning: `torch.cuda.amp.autocast(args...)` is deprecated. Please use `torch.amp.autocast('cuda', args...)` instead.
  with torch.cuda.amp.autocast():
    epoch  8  train_loss=0.0377  val_loss=0.0439  val_qwk=0.5982  val_acc=0.5224
/home/norak/R&I/kxs-/train.py:148: FutureWarning: `torch.cuda.amp.autocast(args...)` is deprecated. Please use `torch.amp.autocast('cuda', args...)` instead.
  with torch.cuda.amp.autocast():
/home/norak/R&I/kxs-/train.py:169: FutureWarning: `torch.cuda.amp.autocast(args...)` is deprecated. Please use `torch.amp.autocast('cuda', args...)` instead.
  with torch.cuda.amp.autocast():
    epoch  9  train_loss=0.0346  val_loss=0.0405  val_qwk=0.6141  val_acc=0.5672
/home/norak/R&I/kxs-/train.py:148: FutureWarning: `torch.cuda.amp.autocast(args...)` is deprecated. Please use `torch.amp.autocast('cuda', args...)` instead.
  with torch.cuda.amp.autocast():
/home/norak/R&I/kxs-/train.py:169: FutureWarning: `torch.cuda.amp.autocast(args...)` is deprecated. Please use `torch.amp.autocast('cuda', args...)` instead.
  with torch.cuda.amp.autocast():
    epoch 10  train_loss=0.0338  val_loss=0.0438  val_qwk=0.5680  val_acc=0.5373
/home/norak/R&I/kxs-/train.py:148: FutureWarning: `torch.cuda.amp.autocast(args...)` is deprecated. Please use `torch.amp.autocast('cuda', args...)` instead.
  with torch.cuda.amp.autocast():
/home/norak/R&I/kxs-/train.py:169: FutureWarning: `torch.cuda.amp.autocast(args...)` is deprecated. Please use `torch.amp.autocast('cuda', args...)` instead.
  with torch.cuda.amp.autocast():
    epoch 11  train_loss=0.0285  val_loss=0.0382  val_qwk=0.6968  val_acc=0.6119
/home/norak/R&I/kxs-/train.py:148: FutureWarning: `torch.cuda.amp.autocast(args...)` is deprecated. Please use `torch.amp.autocast('cuda', args...)` instead.
  with torch.cuda.amp.autocast():
/home/norak/R&I/kxs-/train.py:169: FutureWarning: `torch.cuda.amp.autocast(args...)` is deprecated. Please use `torch.amp.autocast('cuda', args...)` instead.
  with torch.cuda.amp.autocast():
    epoch 12  train_loss=0.0293  val_loss=0.0329  val_qwk=0.7418  val_acc=0.6866
/home/norak/R&I/kxs-/train.py:148: FutureWarning: `torch.cuda.amp.autocast(args...)` is deprecated. Please use `torch.amp.autocast('cuda', args...)` instead.
  with torch.cuda.amp.autocast():
/home/norak/R&I/kxs-/train.py:169: FutureWarning: `torch.cuda.amp.autocast(args...)` is deprecated. Please use `torch.amp.autocast('cuda', args...)` instead.
  with torch.cuda.amp.autocast():
    epoch 13  train_loss=0.0262  val_loss=0.0294  val_qwk=0.7603  val_acc=0.6940
/home/norak/R&I/kxs-/train.py:148: FutureWarning: `torch.cuda.amp.autocast(args...)` is deprecated. Please use `torch.amp.autocast('cuda', args...)` instead.
  with torch.cuda.amp.autocast():
/home/norak/R&I/kxs-/train.py:169: FutureWarning: `torch.cuda.amp.autocast(args...)` is deprecated. Please use `torch.amp.autocast('cuda', args...)` instead.
  with torch.cuda.amp.autocast():
    epoch 14  train_loss=0.0221  val_loss=0.0312  val_qwk=0.7774  val_acc=0.6493
/home/norak/R&I/kxs-/train.py:148: FutureWarning: `torch.cuda.amp.autocast(args...)` is deprecated. Please use `torch.amp.autocast('cuda', args...)` instead.
  with torch.cuda.amp.autocast():
/home/norak/R&I/kxs-/train.py:169: FutureWarning: `torch.cuda.amp.autocast(args...)` is deprecated. Please use `torch.amp.autocast('cuda', args...)` instead.
  with torch.cuda.amp.autocast():
    epoch 15  train_loss=0.0208  val_loss=0.0298  val_qwk=0.7579  val_acc=0.6269
/home/norak/R&I/kxs-/train.py:148: FutureWarning: `torch.cuda.amp.autocast(args...)` is deprecated. Please use `torch.amp.autocast('cuda', args...)` instead.
  with torch.cuda.amp.autocast():
/home/norak/R&I/kxs-/train.py:169: FutureWarning: `torch.cuda.amp.autocast(args...)` is deprecated. Please use `torch.amp.autocast('cuda', args...)` instead.
  with torch.cuda.amp.autocast():
    epoch 16  train_loss=0.0192  val_loss=0.0305  val_qwk=0.7138  val_acc=0.5746
/home/norak/R&I/kxs-/train.py:148: FutureWarning: `torch.cuda.amp.autocast(args...)` is deprecated. Please use `torch.amp.autocast('cuda', args...)` instead.
  with torch.cuda.amp.autocast():
/home/norak/R&I/kxs-/train.py:169: FutureWarning: `torch.cuda.amp.autocast(args...)` is deprecated. Please use `torch.amp.autocast('cuda', args...)` instead.
  with torch.cuda.amp.autocast():
    epoch 17  train_loss=0.0195  val_loss=0.0301  val_qwk=0.7780  val_acc=0.6642
/home/norak/R&I/kxs-/train.py:148: FutureWarning: `torch.cuda.amp.autocast(args...)` is deprecated. Please use `torch.amp.autocast('cuda', args...)` instead.
  with torch.cuda.amp.autocast():
/home/norak/R&I/kxs-/train.py:169: FutureWarning: `torch.cuda.amp.autocast(args...)` is deprecated. Please use `torch.amp.autocast('cuda', args...)` instead.
  with torch.cuda.amp.autocast():
    epoch 18  train_loss=0.0164  val_loss=0.0281  val_qwk=0.7780  val_acc=0.6493
/home/norak/R&I/kxs-/train.py:148: FutureWarning: `torch.cuda.amp.autocast(args...)` is deprecated. Please use `torch.amp.autocast('cuda', args...)` instead.
  with torch.cuda.amp.autocast():
/home/norak/R&I/kxs-/train.py:169: FutureWarning: `torch.cuda.amp.autocast(args...)` is deprecated. Please use `torch.amp.autocast('cuda', args...)` instead.
  with torch.cuda.amp.autocast():
    epoch 19  train_loss=0.0163  val_loss=0.0279  val_qwk=0.7541  val_acc=0.6194
/home/norak/R&I/kxs-/train.py:148: FutureWarning: `torch.cuda.amp.autocast(args...)` is deprecated. Please use `torch.amp.autocast('cuda', args...)` instead.
  with torch.cuda.amp.autocast():
/home/norak/R&I/kxs-/train.py:169: FutureWarning: `torch.cuda.amp.autocast(args...)` is deprecated. Please use `torch.amp.autocast('cuda', args...)` instead.
  with torch.cuda.amp.autocast():
    epoch 20  train_loss=0.0132  val_loss=0.0273  val_qwk=0.7779  val_acc=0.6418
/home/norak/R&I/kxs-/train.py:169: FutureWarning: `torch.cuda.amp.autocast(args...)` is deprecated. Please use `torch.amp.autocast('cuda', args...)` instead.
  with torch.cuda.amp.autocast():
/home/norak/R&I/kxs-/train.py:169: FutureWarning: `torch.cuda.amp.autocast(args...)` is deprecated. Please use `torch.amp.autocast('cuda', args...)` instead.
  with torch.cuda.amp.autocast():
/home/norak/R&I/kxs-/train.py:169: FutureWarning: `torch.cuda.amp.autocast(args...)` is deprecated. Please use `torch.amp.autocast('cuda', args...)` instead.
  with torch.cuda.amp.autocast():
  [clean_qar_dual_xlmr_maxfeat             ] train_qwk=0.8886 -> test_qwk=0.7943  raw_w1=0.7926  epoch=18  (126.7s)
Loading weights:   0%|          | 0/136 [00:00<?, ?it/s]Loading weights:   3%|▎         | 4/136 [00:00<00:04, 29.18it/s]Loading weights: 100%|██████████| 136/136 [00:00<00:00, 947.94it/s]
[transformers] [1mNewModel LOAD REPORT[0m from: Alibaba-NLP/gte-multilingual-base
Key               | Status     |  | 
------------------+------------+--+-
classifier.weight | UNEXPECTED |  | 
classifier.bias   | UNEXPECTED |  | 

Notes:
- UNEXPECTED:	can be ignored when loading from different task/architecture; not ok if you expect identical arch.
/home/norak/R&I/kxs-/train.py:206: FutureWarning: `torch.cuda.amp.GradScaler(args...)` is deprecated. Please use `torch.amp.GradScaler('cuda', args...)` instead.
  scaler = torch.cuda.amp.GradScaler() if use_amp and device == "cuda" else None
/home/norak/R&I/kxs-/train.py:148: FutureWarning: `torch.cuda.amp.autocast(args...)` is deprecated. Please use `torch.amp.autocast('cuda', args...)` instead.
  with torch.cuda.amp.autocast():
/home/norak/R&I/kxs-/train.py:169: FutureWarning: `torch.cuda.amp.autocast(args...)` is deprecated. Please use `torch.amp.autocast('cuda', args...)` instead.
  with torch.cuda.amp.autocast():
    epoch  1  train_loss=0.0692  val_loss=0.0521  val_qwk=0.5684  val_acc=0.4776
/home/norak/R&I/kxs-/train.py:148: FutureWarning: `torch.cuda.amp.autocast(args...)` is deprecated. Please use `torch.amp.autocast('cuda', args...)` instead.
  with torch.cuda.amp.autocast():
/home/norak/R&I/kxs-/train.py:169: FutureWarning: `torch.cuda.amp.autocast(args...)` is deprecated. Please use `torch.amp.autocast('cuda', args...)` instead.
  with torch.cuda.amp.autocast():
    epoch  2  train_loss=0.0448  val_loss=0.0427  val_qwk=0.6256  val_acc=0.4776
/home/norak/R&I/kxs-/train.py:148: FutureWarning: `torch.cuda.amp.autocast(args...)` is deprecated. Please use `torch.amp.autocast('cuda', args...)` instead.
  with torch.cuda.amp.autocast():
/home/norak/R&I/kxs-/train.py:169: FutureWarning: `torch.cuda.amp.autocast(args...)` is deprecated. Please use `torch.amp.autocast('cuda', args...)` instead.
  with torch.cuda.amp.autocast():
    epoch  3  train_loss=0.0321  val_loss=0.0344  val_qwk=0.7065  val_acc=0.5896
/home/norak/R&I/kxs-/train.py:148: FutureWarning: `torch.cuda.amp.autocast(args...)` is deprecated. Please use `torch.amp.autocast('cuda', args...)` instead.
  with torch.cuda.amp.autocast():
/home/norak/R&I/kxs-/train.py:169: FutureWarning: `torch.cuda.amp.autocast(args...)` is deprecated. Please use `torch.amp.autocast('cuda', args...)` instead.
  with torch.cuda.amp.autocast():
    epoch  4  train_loss=0.0263  val_loss=0.0317  val_qwk=0.7352  val_acc=0.6567
/home/norak/R&I/kxs-/train.py:148: FutureWarning: `torch.cuda.amp.autocast(args...)` is deprecated. Please use `torch.amp.autocast('cuda', args...)` instead.
  with torch.cuda.amp.autocast():
/home/norak/R&I/kxs-/train.py:169: FutureWarning: `torch.cuda.amp.autocast(args...)` is deprecated. Please use `torch.amp.autocast('cuda', args...)` instead.
  with torch.cuda.amp.autocast():
    epoch  5  train_loss=0.0199  val_loss=0.0273  val_qwk=0.8308  val_acc=0.7164
/home/norak/R&I/kxs-/train.py:148: FutureWarning: `torch.cuda.amp.autocast(args...)` is deprecated. Please use `torch.amp.autocast('cuda', args...)` instead.
  with torch.cuda.amp.autocast():
/home/norak/R&I/kxs-/train.py:169: FutureWarning: `torch.cuda.amp.autocast(args...)` is deprecated. Please use `torch.amp.autocast('cuda', args...)` instead.
  with torch.cuda.amp.autocast():
    epoch  6  train_loss=0.0165  val_loss=0.0286  val_qwk=0.7752  val_acc=0.6642
/home/norak/R&I/kxs-/train.py:148: FutureWarning: `torch.cuda.amp.autocast(args...)` is deprecated. Please use `torch.amp.autocast('cuda', args...)` instead.
  with torch.cuda.amp.autocast():
/home/norak/R&I/kxs-/train.py:169: FutureWarning: `torch.cuda.amp.autocast(args...)` is deprecated. Please use `torch.amp.autocast('cuda', args...)` instead.
  with torch.cuda.amp.autocast():
    epoch  7  train_loss=0.0151  val_loss=0.0326  val_qwk=0.7907  val_acc=0.7388
/home/norak/R&I/kxs-/train.py:148: FutureWarning: `torch.cuda.amp.autocast(args...)` is deprecated. Please use `torch.amp.autocast('cuda', args...)` instead.
  with torch.cuda.amp.autocast():
/home/norak/R&I/kxs-/train.py:169: FutureWarning: `torch.cuda.amp.autocast(args...)` is deprecated. Please use `torch.amp.autocast('cuda', args...)` instead.
  with torch.cuda.amp.autocast():
    epoch  8  train_loss=0.0109  val_loss=0.0301  val_qwk=0.7993  val_acc=0.7090
/home/norak/R&I/kxs-/train.py:148: FutureWarning: `torch.cuda.amp.autocast(args...)` is deprecated. Please use `torch.amp.autocast('cuda', args...)` instead.
  with torch.cuda.amp.autocast():
/home/norak/R&I/kxs-/train.py:169: FutureWarning: `torch.cuda.amp.autocast(args...)` is deprecated. Please use `torch.amp.autocast('cuda', args...)` instead.
  with torch.cuda.amp.autocast():
    epoch  9  train_loss=0.0092  val_loss=0.0320  val_qwk=0.7762  val_acc=0.7015
    early-stop at epoch 9 (best epoch=5, best_qwk=0.8308)
/home/norak/R&I/kxs-/train.py:169: FutureWarning: `torch.cuda.amp.autocast(args...)` is deprecated. Please use `torch.amp.autocast('cuda', args...)` instead.
  with torch.cuda.amp.autocast():
/home/norak/R&I/kxs-/train.py:169: FutureWarning: `torch.cuda.amp.autocast(args...)` is deprecated. Please use `torch.amp.autocast('cuda', args...)` instead.
  with torch.cuda.amp.autocast():
/home/norak/R&I/kxs-/train.py:169: FutureWarning: `torch.cuda.amp.autocast(args...)` is deprecated. Please use `torch.amp.autocast('cuda', args...)` instead.
  with torch.cuda.amp.autocast():
  [clean_qar_dual_gte_maxfeat              ] train_qwk=0.8919 -> test_qwk=0.8471  raw_w1=0.8000  epoch=5  (74.4s)
Loading weights:   0%|          | 0/199 [00:00<?, ?it/s]Loading weights: 100%|██████████| 199/199 [00:00<00:00, 3014.07it/s]
[transformers] [1mBertModel LOAD REPORT[0m from: bert-base-multilingual-cased
Key                                        | Status     |  | 
-------------------------------------------+------------+--+-
cls.seq_relationship.weight                | UNEXPECTED |  | 
cls.predictions.transform.LayerNorm.weight | UNEXPECTED |  | 
cls.predictions.transform.dense.bias       | UNEXPECTED |  | 
cls.predictions.transform.dense.weight     | UNEXPECTED |  | 
cls.predictions.transform.LayerNorm.bias   | UNEXPECTED |  | 
cls.seq_relationship.bias                  | UNEXPECTED |  | 
cls.predictions.bias                       | UNEXPECTED |  | 

Notes:
- UNEXPECTED:	can be ignored when loading from different task/architecture; not ok if you expect identical arch.
/home/norak/R&I/kxs-/train.py:206: FutureWarning: `torch.cuda.amp.GradScaler(args...)` is deprecated. Please use `torch.amp.GradScaler('cuda', args...)` instead.
  scaler = torch.cuda.amp.GradScaler() if use_amp and device == "cuda" else None
/home/norak/R&I/kxs-/train.py:148: FutureWarning: `torch.cuda.amp.autocast(args...)` is deprecated. Please use `torch.amp.autocast('cuda', args...)` instead.
  with torch.cuda.amp.autocast():
/home/norak/R&I/kxs-/train.py:169: FutureWarning: `torch.cuda.amp.autocast(args...)` is deprecated. Please use `torch.amp.autocast('cuda', args...)` instead.
  with torch.cuda.amp.autocast():
    epoch  1  train_loss=0.0847  val_loss=0.0733  val_qwk=0.1073  val_acc=0.1493
/home/norak/R&I/kxs-/train.py:148: FutureWarning: `torch.cuda.amp.autocast(args...)` is deprecated. Please use `torch.amp.autocast('cuda', args...)` instead.
  with torch.cuda.amp.autocast():
/home/norak/R&I/kxs-/train.py:169: FutureWarning: `torch.cuda.amp.autocast(args...)` is deprecated. Please use `torch.amp.autocast('cuda', args...)` instead.
  with torch.cuda.amp.autocast():
    epoch  2  train_loss=0.0689  val_loss=0.0654  val_qwk=0.2231  val_acc=0.2388
/home/norak/R&I/kxs-/train.py:148: FutureWarning: `torch.cuda.amp.autocast(args...)` is deprecated. Please use `torch.amp.autocast('cuda', args...)` instead.
  with torch.cuda.amp.autocast():
/home/norak/R&I/kxs-/train.py:169: FutureWarning: `torch.cuda.amp.autocast(args...)` is deprecated. Please use `torch.amp.autocast('cuda', args...)` instead.
  with torch.cuda.amp.autocast():
    epoch  3  train_loss=0.0643  val_loss=0.0644  val_qwk=0.3881  val_acc=0.3060
/home/norak/R&I/kxs-/train.py:148: FutureWarning: `torch.cuda.amp.autocast(args...)` is deprecated. Please use `torch.amp.autocast('cuda', args...)` instead.
  with torch.cuda.amp.autocast():
/home/norak/R&I/kxs-/train.py:169: FutureWarning: `torch.cuda.amp.autocast(args...)` is deprecated. Please use `torch.amp.autocast('cuda', args...)` instead.
  with torch.cuda.amp.autocast():
    epoch  4  train_loss=0.0603  val_loss=0.0617  val_qwk=0.3790  val_acc=0.3134
/home/norak/R&I/kxs-/train.py:148: FutureWarning: `torch.cuda.amp.autocast(args...)` is deprecated. Please use `torch.amp.autocast('cuda', args...)` instead.
  with torch.cuda.amp.autocast():
/home/norak/R&I/kxs-/train.py:169: FutureWarning: `torch.cuda.amp.autocast(args...)` is deprecated. Please use `torch.amp.autocast('cuda', args...)` instead.
  with torch.cuda.amp.autocast():
    epoch  5  train_loss=0.0617  val_loss=0.0613  val_qwk=0.3698  val_acc=0.3060
/home/norak/R&I/kxs-/train.py:148: FutureWarning: `torch.cuda.amp.autocast(args...)` is deprecated. Please use `torch.amp.autocast('cuda', args...)` instead.
  with torch.cuda.amp.autocast():
/home/norak/R&I/kxs-/train.py:169: FutureWarning: `torch.cuda.amp.autocast(args...)` is deprecated. Please use `torch.amp.autocast('cuda', args...)` instead.
  with torch.cuda.amp.autocast():
    epoch  6  train_loss=0.0595  val_loss=0.0567  val_qwk=0.3680  val_acc=0.3060
/home/norak/R&I/kxs-/train.py:148: FutureWarning: `torch.cuda.amp.autocast(args...)` is deprecated. Please use `torch.amp.autocast('cuda', args...)` instead.
  with torch.cuda.amp.autocast():
/home/norak/R&I/kxs-/train.py:169: FutureWarning: `torch.cuda.amp.autocast(args...)` is deprecated. Please use `torch.amp.autocast('cuda', args...)` instead.
  with torch.cuda.amp.autocast():
    epoch  7  train_loss=0.0603  val_loss=0.0602  val_qwk=0.3207  val_acc=0.2537
    early-stop at epoch 7 (best epoch=3, best_qwk=0.3881)
/home/norak/R&I/kxs-/train.py:169: FutureWarning: `torch.cuda.amp.autocast(args...)` is deprecated. Please use `torch.amp.autocast('cuda', args...)` instead.
  with torch.cuda.amp.autocast():
/home/norak/R&I/kxs-/train.py:169: FutureWarning: `torch.cuda.amp.autocast(args...)` is deprecated. Please use `torch.amp.autocast('cuda', args...)` instead.
  with torch.cuda.amp.autocast():
/home/norak/R&I/kxs-/train.py:169: FutureWarning: `torch.cuda.amp.autocast(args...)` is deprecated. Please use `torch.amp.autocast('cuda', args...)` instead.
  with torch.cuda.amp.autocast():
  [clean_qar_cross_mbert_maxfeat           ] train_qwk=0.4395 -> test_qwk=0.3259  raw_w1=0.3926  epoch=3  (31.0s)
Loading weights:   0%|          | 0/199 [00:00<?, ?it/s]Loading weights: 100%|██████████| 199/199 [00:00<00:00, 2829.21it/s]
[transformers] [1mXLMRobertaModel LOAD REPORT[0m from: xlm-roberta-base
Key                       | Status     |  | 
--------------------------+------------+--+-
lm_head.layer_norm.weight | UNEXPECTED |  | 
lm_head.bias              | UNEXPECTED |  | 
lm_head.dense.bias        | UNEXPECTED |  | 
lm_head.layer_norm.bias   | UNEXPECTED |  | 
lm_head.dense.weight      | UNEXPECTED |  | 

Notes:
- UNEXPECTED:	can be ignored when loading from different task/architecture; not ok if you expect identical arch.
/home/norak/R&I/kxs-/train.py:206: FutureWarning: `torch.cuda.amp.GradScaler(args...)` is deprecated. Please use `torch.amp.GradScaler('cuda', args...)` instead.
  scaler = torch.cuda.amp.GradScaler() if use_amp and device == "cuda" else None
/home/norak/R&I/kxs-/train.py:148: FutureWarning: `torch.cuda.amp.autocast(args...)` is deprecated. Please use `torch.amp.autocast('cuda', args...)` instead.
  with torch.cuda.amp.autocast():
/home/norak/R&I/kxs-/train.py:169: FutureWarning: `torch.cuda.amp.autocast(args...)` is deprecated. Please use `torch.amp.autocast('cuda', args...)` instead.
  with torch.cuda.amp.autocast():
    epoch  1  train_loss=0.0960  val_loss=0.0728  val_qwk=0.3117  val_acc=0.1866
/home/norak/R&I/kxs-/train.py:148: FutureWarning: `torch.cuda.amp.autocast(args...)` is deprecated. Please use `torch.amp.autocast('cuda', args...)` instead.
  with torch.cuda.amp.autocast():
/home/norak/R&I/kxs-/train.py:169: FutureWarning: `torch.cuda.amp.autocast(args...)` is deprecated. Please use `torch.amp.autocast('cuda', args...)` instead.
  with torch.cuda.amp.autocast():
    epoch  2  train_loss=0.0671  val_loss=0.0605  val_qwk=0.4684  val_acc=0.2910
/home/norak/R&I/kxs-/train.py:148: FutureWarning: `torch.cuda.amp.autocast(args...)` is deprecated. Please use `torch.amp.autocast('cuda', args...)` instead.
  with torch.cuda.amp.autocast():
/home/norak/R&I/kxs-/train.py:169: FutureWarning: `torch.cuda.amp.autocast(args...)` is deprecated. Please use `torch.amp.autocast('cuda', args...)` instead.
  with torch.cuda.amp.autocast():
    epoch  3  train_loss=0.0581  val_loss=0.0513  val_qwk=0.4253  val_acc=0.2985
/home/norak/R&I/kxs-/train.py:148: FutureWarning: `torch.cuda.amp.autocast(args...)` is deprecated. Please use `torch.amp.autocast('cuda', args...)` instead.
  with torch.cuda.amp.autocast():
/home/norak/R&I/kxs-/train.py:169: FutureWarning: `torch.cuda.amp.autocast(args...)` is deprecated. Please use `torch.amp.autocast('cuda', args...)` instead.
  with torch.cuda.amp.autocast():
    epoch  4  train_loss=0.0507  val_loss=0.0470  val_qwk=0.6099  val_acc=0.5299
/home/norak/R&I/kxs-/train.py:148: FutureWarning: `torch.cuda.amp.autocast(args...)` is deprecated. Please use `torch.amp.autocast('cuda', args...)` instead.
  with torch.cuda.amp.autocast():
/home/norak/R&I/kxs-/train.py:169: FutureWarning: `torch.cuda.amp.autocast(args...)` is deprecated. Please use `torch.amp.autocast('cuda', args...)` instead.
  with torch.cuda.amp.autocast():
    epoch  5  train_loss=0.0458  val_loss=0.0424  val_qwk=0.6097  val_acc=0.5075
/home/norak/R&I/kxs-/train.py:148: FutureWarning: `torch.cuda.amp.autocast(args...)` is deprecated. Please use `torch.amp.autocast('cuda', args...)` instead.
  with torch.cuda.amp.autocast():
/home/norak/R&I/kxs-/train.py:169: FutureWarning: `torch.cuda.amp.autocast(args...)` is deprecated. Please use `torch.amp.autocast('cuda', args...)` instead.
  with torch.cuda.amp.autocast():
    epoch  6  train_loss=0.0364  val_loss=0.0407  val_qwk=0.6465  val_acc=0.5672
/home/norak/R&I/kxs-/train.py:148: FutureWarning: `torch.cuda.amp.autocast(args...)` is deprecated. Please use `torch.amp.autocast('cuda', args...)` instead.
  with torch.cuda.amp.autocast():
/home/norak/R&I/kxs-/train.py:169: FutureWarning: `torch.cuda.amp.autocast(args...)` is deprecated. Please use `torch.amp.autocast('cuda', args...)` instead.
  with torch.cuda.amp.autocast():
    epoch  7  train_loss=0.0399  val_loss=0.0440  val_qwk=0.6763  val_acc=0.5821
/home/norak/R&I/kxs-/train.py:148: FutureWarning: `torch.cuda.amp.autocast(args...)` is deprecated. Please use `torch.amp.autocast('cuda', args...)` instead.
  with torch.cuda.amp.autocast():
/home/norak/R&I/kxs-/train.py:169: FutureWarning: `torch.cuda.amp.autocast(args...)` is deprecated. Please use `torch.amp.autocast('cuda', args...)` instead.
  with torch.cuda.amp.autocast():
    epoch  8  train_loss=0.0399  val_loss=0.0402  val_qwk=0.6678  val_acc=0.5522
/home/norak/R&I/kxs-/train.py:148: FutureWarning: `torch.cuda.amp.autocast(args...)` is deprecated. Please use `torch.amp.autocast('cuda', args...)` instead.
  with torch.cuda.amp.autocast():
/home/norak/R&I/kxs-/train.py:169: FutureWarning: `torch.cuda.amp.autocast(args...)` is deprecated. Please use `torch.amp.autocast('cuda', args...)` instead.
  with torch.cuda.amp.autocast():
    epoch  9  train_loss=0.0324  val_loss=0.0411  val_qwk=0.7043  val_acc=0.6418
/home/norak/R&I/kxs-/train.py:148: FutureWarning: `torch.cuda.amp.autocast(args...)` is deprecated. Please use `torch.amp.autocast('cuda', args...)` instead.
  with torch.cuda.amp.autocast():
/home/norak/R&I/kxs-/train.py:169: FutureWarning: `torch.cuda.amp.autocast(args...)` is deprecated. Please use `torch.amp.autocast('cuda', args...)` instead.
  with torch.cuda.amp.autocast():
    epoch 10  train_loss=0.0283  val_loss=0.0398  val_qwk=0.7382  val_acc=0.6940
/home/norak/R&I/kxs-/train.py:148: FutureWarning: `torch.cuda.amp.autocast(args...)` is deprecated. Please use `torch.amp.autocast('cuda', args...)` instead.
  with torch.cuda.amp.autocast():
/home/norak/R&I/kxs-/train.py:169: FutureWarning: `torch.cuda.amp.autocast(args...)` is deprecated. Please use `torch.amp.autocast('cuda', args...)` instead.
  with torch.cuda.amp.autocast():
    epoch 11  train_loss=0.0270  val_loss=0.0419  val_qwk=0.7253  val_acc=0.6493
/home/norak/R&I/kxs-/train.py:148: FutureWarning: `torch.cuda.amp.autocast(args...)` is deprecated. Please use `torch.amp.autocast('cuda', args...)` instead.
  with torch.cuda.amp.autocast():
/home/norak/R&I/kxs-/train.py:169: FutureWarning: `torch.cuda.amp.autocast(args...)` is deprecated. Please use `torch.amp.autocast('cuda', args...)` instead.
  with torch.cuda.amp.autocast():
    epoch 12  train_loss=0.0235  val_loss=0.0361  val_qwk=0.7731  val_acc=0.7015
/home/norak/R&I/kxs-/train.py:148: FutureWarning: `torch.cuda.amp.autocast(args...)` is deprecated. Please use `torch.amp.autocast('cuda', args...)` instead.
  with torch.cuda.amp.autocast():
/home/norak/R&I/kxs-/train.py:169: FutureWarning: `torch.cuda.amp.autocast(args...)` is deprecated. Please use `torch.amp.autocast('cuda', args...)` instead.
  with torch.cuda.amp.autocast():
    epoch 13  train_loss=0.0209  val_loss=0.0349  val_qwk=0.7663  val_acc=0.7239
/home/norak/R&I/kxs-/train.py:148: FutureWarning: `torch.cuda.amp.autocast(args...)` is deprecated. Please use `torch.amp.autocast('cuda', args...)` instead.
  with torch.cuda.amp.autocast():
/home/norak/R&I/kxs-/train.py:169: FutureWarning: `torch.cuda.amp.autocast(args...)` is deprecated. Please use `torch.amp.autocast('cuda', args...)` instead.
  with torch.cuda.amp.autocast():
    epoch 14  train_loss=0.0208  val_loss=0.0308  val_qwk=0.7434  val_acc=0.6567
/home/norak/R&I/kxs-/train.py:148: FutureWarning: `torch.cuda.amp.autocast(args...)` is deprecated. Please use `torch.amp.autocast('cuda', args...)` instead.
  with torch.cuda.amp.autocast():
/home/norak/R&I/kxs-/train.py:169: FutureWarning: `torch.cuda.amp.autocast(args...)` is deprecated. Please use `torch.amp.autocast('cuda', args...)` instead.
  with torch.cuda.amp.autocast():
    epoch 15  train_loss=0.0193  val_loss=0.0353  val_qwk=0.7110  val_acc=0.5746
/home/norak/R&I/kxs-/train.py:148: FutureWarning: `torch.cuda.amp.autocast(args...)` is deprecated. Please use `torch.amp.autocast('cuda', args...)` instead.
  with torch.cuda.amp.autocast():
/home/norak/R&I/kxs-/train.py:169: FutureWarning: `torch.cuda.amp.autocast(args...)` is deprecated. Please use `torch.amp.autocast('cuda', args...)` instead.
  with torch.cuda.amp.autocast():
    epoch 16  train_loss=0.0197  val_loss=0.0319  val_qwk=0.7699  val_acc=0.7090
    early-stop at epoch 16 (best epoch=12, best_qwk=0.7731)
/home/norak/R&I/kxs-/train.py:169: FutureWarning: `torch.cuda.amp.autocast(args...)` is deprecated. Please use `torch.amp.autocast('cuda', args...)` instead.
  with torch.cuda.amp.autocast():
/home/norak/R&I/kxs-/train.py:169: FutureWarning: `torch.cuda.amp.autocast(args...)` is deprecated. Please use `torch.amp.autocast('cuda', args...)` instead.
  with torch.cuda.amp.autocast():
/home/norak/R&I/kxs-/train.py:169: FutureWarning: `torch.cuda.amp.autocast(args...)` is deprecated. Please use `torch.amp.autocast('cuda', args...)` instead.
  with torch.cuda.amp.autocast():
  [clean_qar_cross_xlmr_maxfeat            ] train_qwk=0.8704 -> test_qwk=0.8170  raw_w1=0.7556  epoch=12  (65.4s)
Loading weights:   0%|          | 0/136 [00:00<?, ?it/s]Loading weights: 100%|██████████| 136/136 [00:00<00:00, 1750.65it/s]
[transformers] [1mNewModel LOAD REPORT[0m from: Alibaba-NLP/gte-multilingual-base
Key               | Status     |  | 
------------------+------------+--+-
classifier.weight | UNEXPECTED |  | 
classifier.bias   | UNEXPECTED |  | 

Notes:
- UNEXPECTED:	can be ignored when loading from different task/architecture; not ok if you expect identical arch.
/home/norak/R&I/kxs-/train.py:206: FutureWarning: `torch.cuda.amp.GradScaler(args...)` is deprecated. Please use `torch.amp.GradScaler('cuda', args...)` instead.
  scaler = torch.cuda.amp.GradScaler() if use_amp and device == "cuda" else None
/home/norak/R&I/kxs-/train.py:148: FutureWarning: `torch.cuda.amp.autocast(args...)` is deprecated. Please use `torch.amp.autocast('cuda', args...)` instead.
  with torch.cuda.amp.autocast():
/home/norak/R&I/kxs-/train.py:169: FutureWarning: `torch.cuda.amp.autocast(args...)` is deprecated. Please use `torch.amp.autocast('cuda', args...)` instead.
  with torch.cuda.amp.autocast():
    epoch  1  train_loss=0.0770  val_loss=0.0525  val_qwk=0.4930  val_acc=0.3657
/home/norak/R&I/kxs-/train.py:148: FutureWarning: `torch.cuda.amp.autocast(args...)` is deprecated. Please use `torch.amp.autocast('cuda', args...)` instead.
  with torch.cuda.amp.autocast():
/home/norak/R&I/kxs-/train.py:169: FutureWarning: `torch.cuda.amp.autocast(args...)` is deprecated. Please use `torch.amp.autocast('cuda', args...)` instead.
  with torch.cuda.amp.autocast():
    epoch  2  train_loss=0.0495  val_loss=0.0495  val_qwk=0.5313  val_acc=0.4478
/home/norak/R&I/kxs-/train.py:148: FutureWarning: `torch.cuda.amp.autocast(args...)` is deprecated. Please use `torch.amp.autocast('cuda', args...)` instead.
  with torch.cuda.amp.autocast():
/home/norak/R&I/kxs-/train.py:169: FutureWarning: `torch.cuda.amp.autocast(args...)` is deprecated. Please use `torch.amp.autocast('cuda', args...)` instead.
  with torch.cuda.amp.autocast():
    epoch  3  train_loss=0.0456  val_loss=0.0471  val_qwk=0.5635  val_acc=0.5075
/home/norak/R&I/kxs-/train.py:148: FutureWarning: `torch.cuda.amp.autocast(args...)` is deprecated. Please use `torch.amp.autocast('cuda', args...)` instead.
  with torch.cuda.amp.autocast():
/home/norak/R&I/kxs-/train.py:169: FutureWarning: `torch.cuda.amp.autocast(args...)` is deprecated. Please use `torch.amp.autocast('cuda', args...)` instead.
  with torch.cuda.amp.autocast():
    epoch  4  train_loss=0.0355  val_loss=0.0529  val_qwk=0.6619  val_acc=0.6343
/home/norak/R&I/kxs-/train.py:148: FutureWarning: `torch.cuda.amp.autocast(args...)` is deprecated. Please use `torch.amp.autocast('cuda', args...)` instead.
  with torch.cuda.amp.autocast():
/home/norak/R&I/kxs-/train.py:169: FutureWarning: `torch.cuda.amp.autocast(args...)` is deprecated. Please use `torch.amp.autocast('cuda', args...)` instead.
  with torch.cuda.amp.autocast():
    epoch  5  train_loss=0.0331  val_loss=0.0388  val_qwk=0.7309  val_acc=0.6567
/home/norak/R&I/kxs-/train.py:148: FutureWarning: `torch.cuda.amp.autocast(args...)` is deprecated. Please use `torch.amp.autocast('cuda', args...)` instead.
  with torch.cuda.amp.autocast():
/home/norak/R&I/kxs-/train.py:169: FutureWarning: `torch.cuda.amp.autocast(args...)` is deprecated. Please use `torch.amp.autocast('cuda', args...)` instead.
  with torch.cuda.amp.autocast():
    epoch  6  train_loss=0.0275  val_loss=0.0475  val_qwk=0.7083  val_acc=0.6567
/home/norak/R&I/kxs-/train.py:148: FutureWarning: `torch.cuda.amp.autocast(args...)` is deprecated. Please use `torch.amp.autocast('cuda', args...)` instead.
  with torch.cuda.amp.autocast():
/home/norak/R&I/kxs-/train.py:169: FutureWarning: `torch.cuda.amp.autocast(args...)` is deprecated. Please use `torch.amp.autocast('cuda', args...)` instead.
  with torch.cuda.amp.autocast():
    epoch  7  train_loss=0.0238  val_loss=0.0430  val_qwk=0.6968  val_acc=0.7015
/home/norak/R&I/kxs-/train.py:148: FutureWarning: `torch.cuda.amp.autocast(args...)` is deprecated. Please use `torch.amp.autocast('cuda', args...)` instead.
  with torch.cuda.amp.autocast():
/home/norak/R&I/kxs-/train.py:169: FutureWarning: `torch.cuda.amp.autocast(args...)` is deprecated. Please use `torch.amp.autocast('cuda', args...)` instead.
  with torch.cuda.amp.autocast():
    epoch  8  train_loss=0.0263  val_loss=0.0397  val_qwk=0.7102  val_acc=0.6642
/home/norak/R&I/kxs-/train.py:148: FutureWarning: `torch.cuda.amp.autocast(args...)` is deprecated. Please use `torch.amp.autocast('cuda', args...)` instead.
  with torch.cuda.amp.autocast():
/home/norak/R&I/kxs-/train.py:169: FutureWarning: `torch.cuda.amp.autocast(args...)` is deprecated. Please use `torch.amp.autocast('cuda', args...)` instead.
  with torch.cuda.amp.autocast():
    epoch  9  train_loss=0.0216  val_loss=0.0371  val_qwk=0.7700  val_acc=0.7388
/home/norak/R&I/kxs-/train.py:148: FutureWarning: `torch.cuda.amp.autocast(args...)` is deprecated. Please use `torch.amp.autocast('cuda', args...)` instead.
  with torch.cuda.amp.autocast():
/home/norak/R&I/kxs-/train.py:169: FutureWarning: `torch.cuda.amp.autocast(args...)` is deprecated. Please use `torch.amp.autocast('cuda', args...)` instead.
  with torch.cuda.amp.autocast():
    epoch 10  train_loss=0.0200  val_loss=0.0341  val_qwk=0.7705  val_acc=0.7313
/home/norak/R&I/kxs-/train.py:148: FutureWarning: `torch.cuda.amp.autocast(args...)` is deprecated. Please use `torch.amp.autocast('cuda', args...)` instead.
  with torch.cuda.amp.autocast():
/home/norak/R&I/kxs-/train.py:169: FutureWarning: `torch.cuda.amp.autocast(args...)` is deprecated. Please use `torch.amp.autocast('cuda', args...)` instead.
  with torch.cuda.amp.autocast():
    epoch 11  train_loss=0.0178  val_loss=0.0362  val_qwk=0.7473  val_acc=0.7313
/home/norak/R&I/kxs-/train.py:148: FutureWarning: `torch.cuda.amp.autocast(args...)` is deprecated. Please use `torch.amp.autocast('cuda', args...)` instead.
  with torch.cuda.amp.autocast():
/home/norak/R&I/kxs-/train.py:169: FutureWarning: `torch.cuda.amp.autocast(args...)` is deprecated. Please use `torch.amp.autocast('cuda', args...)` instead.
  with torch.cuda.amp.autocast():
    epoch 12  train_loss=0.0145  val_loss=0.0349  val_qwk=0.7815  val_acc=0.7612
/home/norak/R&I/kxs-/train.py:148: FutureWarning: `torch.cuda.amp.autocast(args...)` is deprecated. Please use `torch.amp.autocast('cuda', args...)` instead.
  with torch.cuda.amp.autocast():
/home/norak/R&I/kxs-/train.py:169: FutureWarning: `torch.cuda.amp.autocast(args...)` is deprecated. Please use `torch.amp.autocast('cuda', args...)` instead.
  with torch.cuda.amp.autocast():
    epoch 13  train_loss=0.0121  val_loss=0.0380  val_qwk=0.7512  val_acc=0.7239
/home/norak/R&I/kxs-/train.py:148: FutureWarning: `torch.cuda.amp.autocast(args...)` is deprecated. Please use `torch.amp.autocast('cuda', args...)` instead.
  with torch.cuda.amp.autocast():
/home/norak/R&I/kxs-/train.py:169: FutureWarning: `torch.cuda.amp.autocast(args...)` is deprecated. Please use `torch.amp.autocast('cuda', args...)` instead.
  with torch.cuda.amp.autocast():
    epoch 14  train_loss=0.0129  val_loss=0.0404  val_qwk=0.7205  val_acc=0.7239
/home/norak/R&I/kxs-/train.py:148: FutureWarning: `torch.cuda.amp.autocast(args...)` is deprecated. Please use `torch.amp.autocast('cuda', args...)` instead.
  with torch.cuda.amp.autocast():
/home/norak/R&I/kxs-/train.py:169: FutureWarning: `torch.cuda.amp.autocast(args...)` is deprecated. Please use `torch.amp.autocast('cuda', args...)` instead.
  with torch.cuda.amp.autocast():
    epoch 15  train_loss=0.0106  val_loss=0.0388  val_qwk=0.7364  val_acc=0.6940
/home/norak/R&I/kxs-/train.py:148: FutureWarning: `torch.cuda.amp.autocast(args...)` is deprecated. Please use `torch.amp.autocast('cuda', args...)` instead.
  with torch.cuda.amp.autocast():
/home/norak/R&I/kxs-/train.py:169: FutureWarning: `torch.cuda.amp.autocast(args...)` is deprecated. Please use `torch.amp.autocast('cuda', args...)` instead.
  with torch.cuda.amp.autocast():
    epoch 16  train_loss=0.0124  val_loss=0.0347  val_qwk=0.7658  val_acc=0.6866
    early-stop at epoch 16 (best epoch=12, best_qwk=0.7815)
/home/norak/R&I/kxs-/train.py:169: FutureWarning: `torch.cuda.amp.autocast(args...)` is deprecated. Please use `torch.amp.autocast('cuda', args...)` instead.
  with torch.cuda.amp.autocast():
/home/norak/R&I/kxs-/train.py:169: FutureWarning: `torch.cuda.amp.autocast(args...)` is deprecated. Please use `torch.amp.autocast('cuda', args...)` instead.
  with torch.cuda.amp.autocast():
/home/norak/R&I/kxs-/train.py:169: FutureWarning: `torch.cuda.amp.autocast(args...)` is deprecated. Please use `torch.amp.autocast('cuda', args...)` instead.
  with torch.cuda.amp.autocast():
  [clean_qar_cross_gte_maxfeat             ] train_qwk=0.9148 -> test_qwk=0.7838  raw_w1=0.7630  epoch=12  (77.7s)
Loading weights:   0%|          | 0/199 [00:00<?, ?it/s]Loading weights: 100%|██████████| 199/199 [00:00<00:00, 3199.30it/s]
[transformers] [1mBertModel LOAD REPORT[0m from: bert-base-multilingual-cased
Key                                        | Status     |  | 
-------------------------------------------+------------+--+-
cls.seq_relationship.weight                | UNEXPECTED |  | 
cls.predictions.transform.LayerNorm.weight | UNEXPECTED |  | 
cls.predictions.transform.dense.bias       | UNEXPECTED |  | 
cls.predictions.transform.dense.weight     | UNEXPECTED |  | 
cls.predictions.transform.LayerNorm.bias   | UNEXPECTED |  | 
cls.seq_relationship.bias                  | UNEXPECTED |  | 
cls.predictions.bias                       | UNEXPECTED |  | 

Notes:
- UNEXPECTED:	can be ignored when loading from different task/architecture; not ok if you expect identical arch.
/home/norak/R&I/kxs-/train.py:206: FutureWarning: `torch.cuda.amp.GradScaler(args...)` is deprecated. Please use `torch.amp.GradScaler('cuda', args...)` instead.
  scaler = torch.cuda.amp.GradScaler() if use_amp and device == "cuda" else None
/home/norak/R&I/kxs-/train.py:148: FutureWarning: `torch.cuda.amp.autocast(args...)` is deprecated. Please use `torch.amp.autocast('cuda', args...)` instead.
  with torch.cuda.amp.autocast():
/home/norak/R&I/kxs-/train.py:169: FutureWarning: `torch.cuda.amp.autocast(args...)` is deprecated. Please use `torch.amp.autocast('cuda', args...)` instead.
  with torch.cuda.amp.autocast():
    epoch  1  train_loss=0.0828  val_loss=0.0730  val_qwk=0.1052  val_acc=0.1343
/home/norak/R&I/kxs-/train.py:148: FutureWarning: `torch.cuda.amp.autocast(args...)` is deprecated. Please use `torch.amp.autocast('cuda', args...)` instead.
  with torch.cuda.amp.autocast():
/home/norak/R&I/kxs-/train.py:169: FutureWarning: `torch.cuda.amp.autocast(args...)` is deprecated. Please use `torch.amp.autocast('cuda', args...)` instead.
  with torch.cuda.amp.autocast():
    epoch  2  train_loss=0.0681  val_loss=0.0568  val_qwk=0.3632  val_acc=0.3284
/home/norak/R&I/kxs-/train.py:148: FutureWarning: `torch.cuda.amp.autocast(args...)` is deprecated. Please use `torch.amp.autocast('cuda', args...)` instead.
  with torch.cuda.amp.autocast():
/home/norak/R&I/kxs-/train.py:169: FutureWarning: `torch.cuda.amp.autocast(args...)` is deprecated. Please use `torch.amp.autocast('cuda', args...)` instead.
  with torch.cuda.amp.autocast():
    epoch  3  train_loss=0.0527  val_loss=0.0486  val_qwk=0.5857  val_acc=0.5149
/home/norak/R&I/kxs-/train.py:148: FutureWarning: `torch.cuda.amp.autocast(args...)` is deprecated. Please use `torch.amp.autocast('cuda', args...)` instead.
  with torch.cuda.amp.autocast():
/home/norak/R&I/kxs-/train.py:169: FutureWarning: `torch.cuda.amp.autocast(args...)` is deprecated. Please use `torch.amp.autocast('cuda', args...)` instead.
  with torch.cuda.amp.autocast():
    epoch  4  train_loss=0.0498  val_loss=0.0480  val_qwk=0.5262  val_acc=0.5149
/home/norak/R&I/kxs-/train.py:148: FutureWarning: `torch.cuda.amp.autocast(args...)` is deprecated. Please use `torch.amp.autocast('cuda', args...)` instead.
  with torch.cuda.amp.autocast():
/home/norak/R&I/kxs-/train.py:169: FutureWarning: `torch.cuda.amp.autocast(args...)` is deprecated. Please use `torch.amp.autocast('cuda', args...)` instead.
  with torch.cuda.amp.autocast():
    epoch  5  train_loss=0.0487  val_loss=0.0478  val_qwk=0.6143  val_acc=0.4701
/home/norak/R&I/kxs-/train.py:148: FutureWarning: `torch.cuda.amp.autocast(args...)` is deprecated. Please use `torch.amp.autocast('cuda', args...)` instead.
  with torch.cuda.amp.autocast():
/home/norak/R&I/kxs-/train.py:169: FutureWarning: `torch.cuda.amp.autocast(args...)` is deprecated. Please use `torch.amp.autocast('cuda', args...)` instead.
  with torch.cuda.amp.autocast():
    epoch  6  train_loss=0.0447  val_loss=0.0473  val_qwk=0.5544  val_acc=0.4627
/home/norak/R&I/kxs-/train.py:148: FutureWarning: `torch.cuda.amp.autocast(args...)` is deprecated. Please use `torch.amp.autocast('cuda', args...)` instead.
  with torch.cuda.amp.autocast():
/home/norak/R&I/kxs-/train.py:169: FutureWarning: `torch.cuda.amp.autocast(args...)` is deprecated. Please use `torch.amp.autocast('cuda', args...)` instead.
  with torch.cuda.amp.autocast():
    epoch  7  train_loss=0.0444  val_loss=0.0437  val_qwk=0.6079  val_acc=0.5746
/home/norak/R&I/kxs-/train.py:148: FutureWarning: `torch.cuda.amp.autocast(args...)` is deprecated. Please use `torch.amp.autocast('cuda', args...)` instead.
  with torch.cuda.amp.autocast():
/home/norak/R&I/kxs-/train.py:169: FutureWarning: `torch.cuda.amp.autocast(args...)` is deprecated. Please use `torch.amp.autocast('cuda', args...)` instead.
  with torch.cuda.amp.autocast():
    epoch  8  train_loss=0.0429  val_loss=0.0409  val_qwk=0.5917  val_acc=0.5224
/home/norak/R&I/kxs-/train.py:148: FutureWarning: `torch.cuda.amp.autocast(args...)` is deprecated. Please use `torch.amp.autocast('cuda', args...)` instead.
  with torch.cuda.amp.autocast():
/home/norak/R&I/kxs-/train.py:169: FutureWarning: `torch.cuda.amp.autocast(args...)` is deprecated. Please use `torch.amp.autocast('cuda', args...)` instead.
  with torch.cuda.amp.autocast():
    epoch  9  train_loss=0.0422  val_loss=0.0399  val_qwk=0.6479  val_acc=0.5522
/home/norak/R&I/kxs-/train.py:148: FutureWarning: `torch.cuda.amp.autocast(args...)` is deprecated. Please use `torch.amp.autocast('cuda', args...)` instead.
  with torch.cuda.amp.autocast():
/home/norak/R&I/kxs-/train.py:169: FutureWarning: `torch.cuda.amp.autocast(args...)` is deprecated. Please use `torch.amp.autocast('cuda', args...)` instead.
  with torch.cuda.amp.autocast():
    epoch 10  train_loss=0.0418  val_loss=0.0466  val_qwk=0.5425  val_acc=0.5000
/home/norak/R&I/kxs-/train.py:148: FutureWarning: `torch.cuda.amp.autocast(args...)` is deprecated. Please use `torch.amp.autocast('cuda', args...)` instead.
  with torch.cuda.amp.autocast():
/home/norak/R&I/kxs-/train.py:169: FutureWarning: `torch.cuda.amp.autocast(args...)` is deprecated. Please use `torch.amp.autocast('cuda', args...)` instead.
  with torch.cuda.amp.autocast():
    epoch 11  train_loss=0.0393  val_loss=0.0424  val_qwk=0.5788  val_acc=0.5000
/home/norak/R&I/kxs-/train.py:148: FutureWarning: `torch.cuda.amp.autocast(args...)` is deprecated. Please use `torch.amp.autocast('cuda', args...)` instead.
  with torch.cuda.amp.autocast():
/home/norak/R&I/kxs-/train.py:169: FutureWarning: `torch.cuda.amp.autocast(args...)` is deprecated. Please use `torch.amp.autocast('cuda', args...)` instead.
  with torch.cuda.amp.autocast():
    epoch 12  train_loss=0.0392  val_loss=0.0421  val_qwk=0.6676  val_acc=0.5746
/home/norak/R&I/kxs-/train.py:148: FutureWarning: `torch.cuda.amp.autocast(args...)` is deprecated. Please use `torch.amp.autocast('cuda', args...)` instead.
  with torch.cuda.amp.autocast():
/home/norak/R&I/kxs-/train.py:169: FutureWarning: `torch.cuda.amp.autocast(args...)` is deprecated. Please use `torch.amp.autocast('cuda', args...)` instead.
  with torch.cuda.amp.autocast():
    epoch 13  train_loss=0.0387  val_loss=0.0417  val_qwk=0.6053  val_acc=0.5224
/home/norak/R&I/kxs-/train.py:148: FutureWarning: `torch.cuda.amp.autocast(args...)` is deprecated. Please use `torch.amp.autocast('cuda', args...)` instead.
  with torch.cuda.amp.autocast():
/home/norak/R&I/kxs-/train.py:169: FutureWarning: `torch.cuda.amp.autocast(args...)` is deprecated. Please use `torch.amp.autocast('cuda', args...)` instead.
  with torch.cuda.amp.autocast():
    epoch 14  train_loss=0.0357  val_loss=0.0381  val_qwk=0.6556  val_acc=0.5597
/home/norak/R&I/kxs-/train.py:148: FutureWarning: `torch.cuda.amp.autocast(args...)` is deprecated. Please use `torch.amp.autocast('cuda', args...)` instead.
  with torch.cuda.amp.autocast():
/home/norak/R&I/kxs-/train.py:169: FutureWarning: `torch.cuda.amp.autocast(args...)` is deprecated. Please use `torch.amp.autocast('cuda', args...)` instead.
  with torch.cuda.amp.autocast():
    epoch 15  train_loss=0.0371  val_loss=0.0418  val_qwk=0.5966  val_acc=0.5224
/home/norak/R&I/kxs-/train.py:148: FutureWarning: `torch.cuda.amp.autocast(args...)` is deprecated. Please use `torch.amp.autocast('cuda', args...)` instead.
  with torch.cuda.amp.autocast():
/home/norak/R&I/kxs-/train.py:169: FutureWarning: `torch.cuda.amp.autocast(args...)` is deprecated. Please use `torch.amp.autocast('cuda', args...)` instead.
  with torch.cuda.amp.autocast():
    epoch 16  train_loss=0.0368  val_loss=0.0347  val_qwk=0.6943  val_acc=0.5746
/home/norak/R&I/kxs-/train.py:148: FutureWarning: `torch.cuda.amp.autocast(args...)` is deprecated. Please use `torch.amp.autocast('cuda', args...)` instead.
  with torch.cuda.amp.autocast():
/home/norak/R&I/kxs-/train.py:169: FutureWarning: `torch.cuda.amp.autocast(args...)` is deprecated. Please use `torch.amp.autocast('cuda', args...)` instead.
  with torch.cuda.amp.autocast():
    epoch 17  train_loss=0.0368  val_loss=0.0456  val_qwk=0.5964  val_acc=0.5522
/home/norak/R&I/kxs-/train.py:148: FutureWarning: `torch.cuda.amp.autocast(args...)` is deprecated. Please use `torch.amp.autocast('cuda', args...)` instead.
  with torch.cuda.amp.autocast():
/home/norak/R&I/kxs-/train.py:169: FutureWarning: `torch.cuda.amp.autocast(args...)` is deprecated. Please use `torch.amp.autocast('cuda', args...)` instead.
  with torch.cuda.amp.autocast():
    epoch 18  train_loss=0.0351  val_loss=0.0436  val_qwk=0.6025  val_acc=0.5821
/home/norak/R&I/kxs-/train.py:148: FutureWarning: `torch.cuda.amp.autocast(args...)` is deprecated. Please use `torch.amp.autocast('cuda', args...)` instead.
  with torch.cuda.amp.autocast():
/home/norak/R&I/kxs-/train.py:169: FutureWarning: `torch.cuda.amp.autocast(args...)` is deprecated. Please use `torch.amp.autocast('cuda', args...)` instead.
  with torch.cuda.amp.autocast():
    epoch 19  train_loss=0.0346  val_loss=0.0415  val_qwk=0.6216  val_acc=0.5448
/home/norak/R&I/kxs-/train.py:148: FutureWarning: `torch.cuda.amp.autocast(args...)` is deprecated. Please use `torch.amp.autocast('cuda', args...)` instead.
  with torch.cuda.amp.autocast():
/home/norak/R&I/kxs-/train.py:169: FutureWarning: `torch.cuda.amp.autocast(args...)` is deprecated. Please use `torch.amp.autocast('cuda', args...)` instead.
  with torch.cuda.amp.autocast():
    epoch 20  train_loss=0.0378  val_loss=0.0399  val_qwk=0.6519  val_acc=0.5896
    early-stop at epoch 20 (best epoch=16, best_qwk=0.6943)
/home/norak/R&I/kxs-/train.py:169: FutureWarning: `torch.cuda.amp.autocast(args...)` is deprecated. Please use `torch.amp.autocast('cuda', args...)` instead.
  with torch.cuda.amp.autocast():
/home/norak/R&I/kxs-/train.py:169: FutureWarning: `torch.cuda.amp.autocast(args...)` is deprecated. Please use `torch.amp.autocast('cuda', args...)` instead.
  with torch.cuda.amp.autocast():
/home/norak/R&I/kxs-/train.py:169: FutureWarning: `torch.cuda.amp.autocast(args...)` is deprecated. Please use `torch.amp.autocast('cuda', args...)` instead.
  with torch.cuda.amp.autocast():
  [segment_ra_dual_mbert_maxfeat           ] train_qwk=0.7186 -> test_qwk=0.7022  raw_w1=0.6370  epoch=16  (129.0s)
Loading weights:   0%|          | 0/199 [00:00<?, ?it/s]Loading weights: 100%|██████████| 199/199 [00:00<00:00, 2892.63it/s]
[transformers] [1mXLMRobertaModel LOAD REPORT[0m from: xlm-roberta-base
Key                       | Status     |  | 
--------------------------+------------+--+-
lm_head.layer_norm.weight | UNEXPECTED |  | 
lm_head.bias              | UNEXPECTED |  | 
lm_head.dense.bias        | UNEXPECTED |  | 
lm_head.layer_norm.bias   | UNEXPECTED |  | 
lm_head.dense.weight      | UNEXPECTED |  | 

Notes:
- UNEXPECTED:	can be ignored when loading from different task/architecture; not ok if you expect identical arch.
/home/norak/R&I/kxs-/train.py:206: FutureWarning: `torch.cuda.amp.GradScaler(args...)` is deprecated. Please use `torch.amp.GradScaler('cuda', args...)` instead.
  scaler = torch.cuda.amp.GradScaler() if use_amp and device == "cuda" else None
/home/norak/R&I/kxs-/train.py:148: FutureWarning: `torch.cuda.amp.autocast(args...)` is deprecated. Please use `torch.amp.autocast('cuda', args...)` instead.
  with torch.cuda.amp.autocast():
/home/norak/R&I/kxs-/train.py:169: FutureWarning: `torch.cuda.amp.autocast(args...)` is deprecated. Please use `torch.amp.autocast('cuda', args...)` instead.
  with torch.cuda.amp.autocast():
    epoch  1  train_loss=0.1096  val_loss=0.0597  val_qwk=0.4253  val_acc=0.3209
/home/norak/R&I/kxs-/train.py:148: FutureWarning: `torch.cuda.amp.autocast(args...)` is deprecated. Please use `torch.amp.autocast('cuda', args...)` instead.
  with torch.cuda.amp.autocast():
/home/norak/R&I/kxs-/train.py:169: FutureWarning: `torch.cuda.amp.autocast(args...)` is deprecated. Please use `torch.amp.autocast('cuda', args...)` instead.
  with torch.cuda.amp.autocast():
    epoch  2  train_loss=0.0634  val_loss=0.0546  val_qwk=0.5083  val_acc=0.3358
/home/norak/R&I/kxs-/train.py:148: FutureWarning: `torch.cuda.amp.autocast(args...)` is deprecated. Please use `torch.amp.autocast('cuda', args...)` instead.
  with torch.cuda.amp.autocast():
/home/norak/R&I/kxs-/train.py:169: FutureWarning: `torch.cuda.amp.autocast(args...)` is deprecated. Please use `torch.amp.autocast('cuda', args...)` instead.
  with torch.cuda.amp.autocast():
    epoch  3  train_loss=0.0533  val_loss=0.0517  val_qwk=0.5173  val_acc=0.4403
/home/norak/R&I/kxs-/train.py:148: FutureWarning: `torch.cuda.amp.autocast(args...)` is deprecated. Please use `torch.amp.autocast('cuda', args...)` instead.
  with torch.cuda.amp.autocast():
/home/norak/R&I/kxs-/train.py:169: FutureWarning: `torch.cuda.amp.autocast(args...)` is deprecated. Please use `torch.amp.autocast('cuda', args...)` instead.
  with torch.cuda.amp.autocast():
    epoch  4  train_loss=0.0485  val_loss=0.0445  val_qwk=0.5866  val_acc=0.5075
/home/norak/R&I/kxs-/train.py:148: FutureWarning: `torch.cuda.amp.autocast(args...)` is deprecated. Please use `torch.amp.autocast('cuda', args...)` instead.
  with torch.cuda.amp.autocast():
/home/norak/R&I/kxs-/train.py:169: FutureWarning: `torch.cuda.amp.autocast(args...)` is deprecated. Please use `torch.amp.autocast('cuda', args...)` instead.
  with torch.cuda.amp.autocast():
    epoch  5  train_loss=0.0429  val_loss=0.0422  val_qwk=0.6822  val_acc=0.5821
/home/norak/R&I/kxs-/train.py:148: FutureWarning: `torch.cuda.amp.autocast(args...)` is deprecated. Please use `torch.amp.autocast('cuda', args...)` instead.
  with torch.cuda.amp.autocast():
/home/norak/R&I/kxs-/train.py:169: FutureWarning: `torch.cuda.amp.autocast(args...)` is deprecated. Please use `torch.amp.autocast('cuda', args...)` instead.
  with torch.cuda.amp.autocast():
    epoch  6  train_loss=0.0345  val_loss=0.0401  val_qwk=0.6502  val_acc=0.5746
/home/norak/R&I/kxs-/train.py:148: FutureWarning: `torch.cuda.amp.autocast(args...)` is deprecated. Please use `torch.amp.autocast('cuda', args...)` instead.
  with torch.cuda.amp.autocast():
/home/norak/R&I/kxs-/train.py:169: FutureWarning: `torch.cuda.amp.autocast(args...)` is deprecated. Please use `torch.amp.autocast('cuda', args...)` instead.
  with torch.cuda.amp.autocast():
    epoch  7  train_loss=0.0315  val_loss=0.0399  val_qwk=0.6751  val_acc=0.5746
/home/norak/R&I/kxs-/train.py:148: FutureWarning: `torch.cuda.amp.autocast(args...)` is deprecated. Please use `torch.amp.autocast('cuda', args...)` instead.
  with torch.cuda.amp.autocast():
/home/norak/R&I/kxs-/train.py:169: FutureWarning: `torch.cuda.amp.autocast(args...)` is deprecated. Please use `torch.amp.autocast('cuda', args...)` instead.
  with torch.cuda.amp.autocast():
    epoch  8  train_loss=0.0272  val_loss=0.0359  val_qwk=0.6747  val_acc=0.5448
/home/norak/R&I/kxs-/train.py:148: FutureWarning: `torch.cuda.amp.autocast(args...)` is deprecated. Please use `torch.amp.autocast('cuda', args...)` instead.
  with torch.cuda.amp.autocast():
/home/norak/R&I/kxs-/train.py:169: FutureWarning: `torch.cuda.amp.autocast(args...)` is deprecated. Please use `torch.amp.autocast('cuda', args...)` instead.
  with torch.cuda.amp.autocast():
    epoch  9  train_loss=0.0239  val_loss=0.0355  val_qwk=0.7052  val_acc=0.6045
/home/norak/R&I/kxs-/train.py:148: FutureWarning: `torch.cuda.amp.autocast(args...)` is deprecated. Please use `torch.amp.autocast('cuda', args...)` instead.
  with torch.cuda.amp.autocast():
/home/norak/R&I/kxs-/train.py:169: FutureWarning: `torch.cuda.amp.autocast(args...)` is deprecated. Please use `torch.amp.autocast('cuda', args...)` instead.
  with torch.cuda.amp.autocast():
    epoch 10  train_loss=0.0203  val_loss=0.0364  val_qwk=0.6856  val_acc=0.6269
/home/norak/R&I/kxs-/train.py:148: FutureWarning: `torch.cuda.amp.autocast(args...)` is deprecated. Please use `torch.amp.autocast('cuda', args...)` instead.
  with torch.cuda.amp.autocast():
/home/norak/R&I/kxs-/train.py:169: FutureWarning: `torch.cuda.amp.autocast(args...)` is deprecated. Please use `torch.amp.autocast('cuda', args...)` instead.
  with torch.cuda.amp.autocast():
    epoch 11  train_loss=0.0168  val_loss=0.0364  val_qwk=0.7205  val_acc=0.6418
/home/norak/R&I/kxs-/train.py:148: FutureWarning: `torch.cuda.amp.autocast(args...)` is deprecated. Please use `torch.amp.autocast('cuda', args...)` instead.
  with torch.cuda.amp.autocast():
/home/norak/R&I/kxs-/train.py:169: FutureWarning: `torch.cuda.amp.autocast(args...)` is deprecated. Please use `torch.amp.autocast('cuda', args...)` instead.
  with torch.cuda.amp.autocast():
    epoch 12  train_loss=0.0164  val_loss=0.0329  val_qwk=0.7634  val_acc=0.6716
/home/norak/R&I/kxs-/train.py:148: FutureWarning: `torch.cuda.amp.autocast(args...)` is deprecated. Please use `torch.amp.autocast('cuda', args...)` instead.
  with torch.cuda.amp.autocast():
/home/norak/R&I/kxs-/train.py:169: FutureWarning: `torch.cuda.amp.autocast(args...)` is deprecated. Please use `torch.amp.autocast('cuda', args...)` instead.
  with torch.cuda.amp.autocast():
    epoch 13  train_loss=0.0172  val_loss=0.0363  val_qwk=0.7021  val_acc=0.6493
/home/norak/R&I/kxs-/train.py:148: FutureWarning: `torch.cuda.amp.autocast(args...)` is deprecated. Please use `torch.amp.autocast('cuda', args...)` instead.
  with torch.cuda.amp.autocast():
/home/norak/R&I/kxs-/train.py:169: FutureWarning: `torch.cuda.amp.autocast(args...)` is deprecated. Please use `torch.amp.autocast('cuda', args...)` instead.
  with torch.cuda.amp.autocast():
    epoch 14  train_loss=0.0149  val_loss=0.0383  val_qwk=0.7251  val_acc=0.6567
/home/norak/R&I/kxs-/train.py:148: FutureWarning: `torch.cuda.amp.autocast(args...)` is deprecated. Please use `torch.amp.autocast('cuda', args...)` instead.
  with torch.cuda.amp.autocast():
/home/norak/R&I/kxs-/train.py:169: FutureWarning: `torch.cuda.amp.autocast(args...)` is deprecated. Please use `torch.amp.autocast('cuda', args...)` instead.
  with torch.cuda.amp.autocast():
    epoch 15  train_loss=0.0103  val_loss=0.0342  val_qwk=0.7321  val_acc=0.6418
/home/norak/R&I/kxs-/train.py:148: FutureWarning: `torch.cuda.amp.autocast(args...)` is deprecated. Please use `torch.amp.autocast('cuda', args...)` instead.
  with torch.cuda.amp.autocast():
/home/norak/R&I/kxs-/train.py:169: FutureWarning: `torch.cuda.amp.autocast(args...)` is deprecated. Please use `torch.amp.autocast('cuda', args...)` instead.
  with torch.cuda.amp.autocast():
    epoch 16  train_loss=0.0105  val_loss=0.0362  val_qwk=0.7069  val_acc=0.6493
    early-stop at epoch 16 (best epoch=12, best_qwk=0.7634)
/home/norak/R&I/kxs-/train.py:169: FutureWarning: `torch.cuda.amp.autocast(args...)` is deprecated. Please use `torch.amp.autocast('cuda', args...)` instead.
  with torch.cuda.amp.autocast():
/home/norak/R&I/kxs-/train.py:169: FutureWarning: `torch.cuda.amp.autocast(args...)` is deprecated. Please use `torch.amp.autocast('cuda', args...)` instead.
  with torch.cuda.amp.autocast():
/home/norak/R&I/kxs-/train.py:169: FutureWarning: `torch.cuda.amp.autocast(args...)` is deprecated. Please use `torch.amp.autocast('cuda', args...)` instead.
  with torch.cuda.amp.autocast():
  [segment_ra_dual_xlmr_maxfeat            ] train_qwk=0.9148 -> test_qwk=0.8298  raw_w1=0.7852  epoch=12  (109.3s)
Loading weights:   0%|          | 0/136 [00:00<?, ?it/s]Loading weights:  92%|█████████▏| 125/136 [00:00<00:00, 1244.84it/s]Loading weights: 100%|██████████| 136/136 [00:00<00:00, 1265.56it/s]
[transformers] [1mNewModel LOAD REPORT[0m from: Alibaba-NLP/gte-multilingual-base
Key               | Status     |  | 
------------------+------------+--+-
classifier.weight | UNEXPECTED |  | 
classifier.bias   | UNEXPECTED |  | 

Notes:
- UNEXPECTED:	can be ignored when loading from different task/architecture; not ok if you expect identical arch.
/home/norak/R&I/kxs-/train.py:206: FutureWarning: `torch.cuda.amp.GradScaler(args...)` is deprecated. Please use `torch.amp.GradScaler('cuda', args...)` instead.
  scaler = torch.cuda.amp.GradScaler() if use_amp and device == "cuda" else None
/home/norak/R&I/kxs-/train.py:148: FutureWarning: `torch.cuda.amp.autocast(args...)` is deprecated. Please use `torch.amp.autocast('cuda', args...)` instead.
  with torch.cuda.amp.autocast():
/home/norak/R&I/kxs-/train.py:169: FutureWarning: `torch.cuda.amp.autocast(args...)` is deprecated. Please use `torch.amp.autocast('cuda', args...)` instead.
  with torch.cuda.amp.autocast():
    epoch  1  train_loss=0.0697  val_loss=0.0515  val_qwk=0.5965  val_acc=0.4701
/home/norak/R&I/kxs-/train.py:148: FutureWarning: `torch.cuda.amp.autocast(args...)` is deprecated. Please use `torch.amp.autocast('cuda', args...)` instead.
  with torch.cuda.amp.autocast():
/home/norak/R&I/kxs-/train.py:169: FutureWarning: `torch.cuda.amp.autocast(args...)` is deprecated. Please use `torch.amp.autocast('cuda', args...)` instead.
  with torch.cuda.amp.autocast():
    epoch  2  train_loss=0.0425  val_loss=0.0385  val_qwk=0.6612  val_acc=0.5299
/home/norak/R&I/kxs-/train.py:148: FutureWarning: `torch.cuda.amp.autocast(args...)` is deprecated. Please use `torch.amp.autocast('cuda', args...)` instead.
  with torch.cuda.amp.autocast():
/home/norak/R&I/kxs-/train.py:169: FutureWarning: `torch.cuda.amp.autocast(args...)` is deprecated. Please use `torch.amp.autocast('cuda', args...)` instead.
  with torch.cuda.amp.autocast():
    epoch  3  train_loss=0.0289  val_loss=0.0315  val_qwk=0.7345  val_acc=0.6269
/home/norak/R&I/kxs-/train.py:148: FutureWarning: `torch.cuda.amp.autocast(args...)` is deprecated. Please use `torch.amp.autocast('cuda', args...)` instead.
  with torch.cuda.amp.autocast():
/home/norak/R&I/kxs-/train.py:169: FutureWarning: `torch.cuda.amp.autocast(args...)` is deprecated. Please use `torch.amp.autocast('cuda', args...)` instead.
  with torch.cuda.amp.autocast():
    epoch  4  train_loss=0.0231  val_loss=0.0305  val_qwk=0.7929  val_acc=0.6940
/home/norak/R&I/kxs-/train.py:148: FutureWarning: `torch.cuda.amp.autocast(args...)` is deprecated. Please use `torch.amp.autocast('cuda', args...)` instead.
  with torch.cuda.amp.autocast():
/home/norak/R&I/kxs-/train.py:169: FutureWarning: `torch.cuda.amp.autocast(args...)` is deprecated. Please use `torch.amp.autocast('cuda', args...)` instead.
  with torch.cuda.amp.autocast():
    epoch  5  train_loss=0.0170  val_loss=0.0257  val_qwk=0.8382  val_acc=0.7239
/home/norak/R&I/kxs-/train.py:148: FutureWarning: `torch.cuda.amp.autocast(args...)` is deprecated. Please use `torch.amp.autocast('cuda', args...)` instead.
  with torch.cuda.amp.autocast():
/home/norak/R&I/kxs-/train.py:169: FutureWarning: `torch.cuda.amp.autocast(args...)` is deprecated. Please use `torch.amp.autocast('cuda', args...)` instead.
  with torch.cuda.amp.autocast():
    epoch  6  train_loss=0.0140  val_loss=0.0274  val_qwk=0.7873  val_acc=0.7164
/home/norak/R&I/kxs-/train.py:148: FutureWarning: `torch.cuda.amp.autocast(args...)` is deprecated. Please use `torch.amp.autocast('cuda', args...)` instead.
  with torch.cuda.amp.autocast():
/home/norak/R&I/kxs-/train.py:169: FutureWarning: `torch.cuda.amp.autocast(args...)` is deprecated. Please use `torch.amp.autocast('cuda', args...)` instead.
  with torch.cuda.amp.autocast():
    epoch  7  train_loss=0.0116  val_loss=0.0286  val_qwk=0.8161  val_acc=0.7537
/home/norak/R&I/kxs-/train.py:148: FutureWarning: `torch.cuda.amp.autocast(args...)` is deprecated. Please use `torch.amp.autocast('cuda', args...)` instead.
  with torch.cuda.amp.autocast():
/home/norak/R&I/kxs-/train.py:169: FutureWarning: `torch.cuda.amp.autocast(args...)` is deprecated. Please use `torch.amp.autocast('cuda', args...)` instead.
  with torch.cuda.amp.autocast():
    epoch  8  train_loss=0.0099  val_loss=0.0268  val_qwk=0.8115  val_acc=0.7388
/home/norak/R&I/kxs-/train.py:148: FutureWarning: `torch.cuda.amp.autocast(args...)` is deprecated. Please use `torch.amp.autocast('cuda', args...)` instead.
  with torch.cuda.amp.autocast():
/home/norak/R&I/kxs-/train.py:169: FutureWarning: `torch.cuda.amp.autocast(args...)` is deprecated. Please use `torch.amp.autocast('cuda', args...)` instead.
  with torch.cuda.amp.autocast():
    epoch  9  train_loss=0.0091  val_loss=0.0288  val_qwk=0.7922  val_acc=0.7164
    early-stop at epoch 9 (best epoch=5, best_qwk=0.8382)
/home/norak/R&I/kxs-/train.py:169: FutureWarning: `torch.cuda.amp.autocast(args...)` is deprecated. Please use `torch.amp.autocast('cuda', args...)` instead.
  with torch.cuda.amp.autocast():
/home/norak/R&I/kxs-/train.py:169: FutureWarning: `torch.cuda.amp.autocast(args...)` is deprecated. Please use `torch.amp.autocast('cuda', args...)` instead.
  with torch.cuda.amp.autocast():
/home/norak/R&I/kxs-/train.py:169: FutureWarning: `torch.cuda.amp.autocast(args...)` is deprecated. Please use `torch.amp.autocast('cuda', args...)` instead.
  with torch.cuda.amp.autocast():
  [segment_ra_dual_gte_maxfeat             ] FAILED in 81.6s: RuntimeError: [enforce fail at inline_container.cc:672] . unexpected pos 1004286976 vs 1004286928
Loading weights:   0%|          | 0/199 [00:00<?, ?it/s]Loading weights: 100%|██████████| 199/199 [00:00<00:00, 2961.60it/s]
[transformers] [1mBertModel LOAD REPORT[0m from: bert-base-multilingual-cased
Key                                        | Status     |  | 
-------------------------------------------+------------+--+-
cls.seq_relationship.weight                | UNEXPECTED |  | 
cls.predictions.transform.LayerNorm.weight | UNEXPECTED |  | 
cls.predictions.transform.dense.bias       | UNEXPECTED |  | 
cls.predictions.transform.dense.weight     | UNEXPECTED |  | 
cls.predictions.transform.LayerNorm.bias   | UNEXPECTED |  | 
cls.seq_relationship.bias                  | UNEXPECTED |  | 
cls.predictions.bias                       | UNEXPECTED |  | 

Notes:
- UNEXPECTED:	can be ignored when loading from different task/architecture; not ok if you expect identical arch.
/home/norak/R&I/kxs-/train.py:206: FutureWarning: `torch.cuda.amp.GradScaler(args...)` is deprecated. Please use `torch.amp.GradScaler('cuda', args...)` instead.
  scaler = torch.cuda.amp.GradScaler() if use_amp and device == "cuda" else None
/home/norak/R&I/kxs-/train.py:148: FutureWarning: `torch.cuda.amp.autocast(args...)` is deprecated. Please use `torch.amp.autocast('cuda', args...)` instead.
  with torch.cuda.amp.autocast():
/home/norak/R&I/kxs-/train.py:169: FutureWarning: `torch.cuda.amp.autocast(args...)` is deprecated. Please use `torch.amp.autocast('cuda', args...)` instead.
  with torch.cuda.amp.autocast():
    epoch  1  train_loss=0.0859  val_loss=0.0757  val_qwk=0.0000  val_acc=0.1343
/home/norak/R&I/kxs-/train.py:148: FutureWarning: `torch.cuda.amp.autocast(args...)` is deprecated. Please use `torch.amp.autocast('cuda', args...)` instead.
  with torch.cuda.amp.autocast():
/home/norak/R&I/kxs-/train.py:169: FutureWarning: `torch.cuda.amp.autocast(args...)` is deprecated. Please use `torch.amp.autocast('cuda', args...)` instead.
  with torch.cuda.amp.autocast():
    epoch  2  train_loss=0.0714  val_loss=0.0695  val_qwk=0.2191  val_acc=0.1940
/home/norak/R&I/kxs-/train.py:148: FutureWarning: `torch.cuda.amp.autocast(args...)` is deprecated. Please use `torch.amp.autocast('cuda', args...)` instead.
  with torch.cuda.amp.autocast():
/home/norak/R&I/kxs-/train.py:169: FutureWarning: `torch.cuda.amp.autocast(args...)` is deprecated. Please use `torch.amp.autocast('cuda', args...)` instead.
  with torch.cuda.amp.autocast():
    epoch  3  train_loss=0.0643  val_loss=0.0687  val_qwk=0.3491  val_acc=0.4179
/home/norak/R&I/kxs-/train.py:148: FutureWarning: `torch.cuda.amp.autocast(args...)` is deprecated. Please use `torch.amp.autocast('cuda', args...)` instead.
  with torch.cuda.amp.autocast():
/home/norak/R&I/kxs-/train.py:169: FutureWarning: `torch.cuda.amp.autocast(args...)` is deprecated. Please use `torch.amp.autocast('cuda', args...)` instead.
  with torch.cuda.amp.autocast():
    epoch  4  train_loss=0.0642  val_loss=0.0603  val_qwk=0.3343  val_acc=0.2985
/home/norak/R&I/kxs-/train.py:148: FutureWarning: `torch.cuda.amp.autocast(args...)` is deprecated. Please use `torch.amp.autocast('cuda', args...)` instead.
  with torch.cuda.amp.autocast():
/home/norak/R&I/kxs-/train.py:169: FutureWarning: `torch.cuda.amp.autocast(args...)` is deprecated. Please use `torch.amp.autocast('cuda', args...)` instead.
  with torch.cuda.amp.autocast():
    epoch  5  train_loss=0.0635  val_loss=0.0629  val_qwk=0.3005  val_acc=0.2388
/home/norak/R&I/kxs-/train.py:148: FutureWarning: `torch.cuda.amp.autocast(args...)` is deprecated. Please use `torch.amp.autocast('cuda', args...)` instead.
  with torch.cuda.amp.autocast():
/home/norak/R&I/kxs-/train.py:169: FutureWarning: `torch.cuda.amp.autocast(args...)` is deprecated. Please use `torch.amp.autocast('cuda', args...)` instead.
  with torch.cuda.amp.autocast():
    epoch  6  train_loss=0.0599  val_loss=0.0659  val_qwk=0.4452  val_acc=0.5075
/home/norak/R&I/kxs-/train.py:148: FutureWarning: `torch.cuda.amp.autocast(args...)` is deprecated. Please use `torch.amp.autocast('cuda', args...)` instead.
  with torch.cuda.amp.autocast():
/home/norak/R&I/kxs-/train.py:169: FutureWarning: `torch.cuda.amp.autocast(args...)` is deprecated. Please use `torch.amp.autocast('cuda', args...)` instead.
  with torch.cuda.amp.autocast():
    epoch  7  train_loss=0.0589  val_loss=0.0680  val_qwk=0.3289  val_acc=0.4627
/home/norak/R&I/kxs-/train.py:148: FutureWarning: `torch.cuda.amp.autocast(args...)` is deprecated. Please use `torch.amp.autocast('cuda', args...)` instead.
  with torch.cuda.amp.autocast():
/home/norak/R&I/kxs-/train.py:169: FutureWarning: `torch.cuda.amp.autocast(args...)` is deprecated. Please use `torch.amp.autocast('cuda', args...)` instead.
  with torch.cuda.amp.autocast():
    epoch  8  train_loss=0.0577  val_loss=0.0591  val_qwk=0.3864  val_acc=0.3433
/home/norak/R&I/kxs-/train.py:148: FutureWarning: `torch.cuda.amp.autocast(args...)` is deprecated. Please use `torch.amp.autocast('cuda', args...)` instead.
  with torch.cuda.amp.autocast():
/home/norak/R&I/kxs-/train.py:169: FutureWarning: `torch.cuda.amp.autocast(args...)` is deprecated. Please use `torch.amp.autocast('cuda', args...)` instead.
  with torch.cuda.amp.autocast():
    epoch  9  train_loss=0.0555  val_loss=0.0581  val_qwk=0.5678  val_acc=0.5224
/home/norak/R&I/kxs-/train.py:148: FutureWarning: `torch.cuda.amp.autocast(args...)` is deprecated. Please use `torch.amp.autocast('cuda', args...)` instead.
  with torch.cuda.amp.autocast():
/home/norak/R&I/kxs-/train.py:169: FutureWarning: `torch.cuda.amp.autocast(args...)` is deprecated. Please use `torch.amp.autocast('cuda', args...)` instead.
  with torch.cuda.amp.autocast():
    epoch 10  train_loss=0.0563  val_loss=0.0652  val_qwk=0.4254  val_acc=0.4851
/home/norak/R&I/kxs-/train.py:148: FutureWarning: `torch.cuda.amp.autocast(args...)` is deprecated. Please use `torch.amp.autocast('cuda', args...)` instead.
  with torch.cuda.amp.autocast():
/home/norak/R&I/kxs-/train.py:169: FutureWarning: `torch.cuda.amp.autocast(args...)` is deprecated. Please use `torch.amp.autocast('cuda', args...)` instead.
  with torch.cuda.amp.autocast():
    epoch 11  train_loss=0.0524  val_loss=0.0534  val_qwk=0.5065  val_acc=0.4925
/home/norak/R&I/kxs-/train.py:148: FutureWarning: `torch.cuda.amp.autocast(args...)` is deprecated. Please use `torch.amp.autocast('cuda', args...)` instead.
  with torch.cuda.amp.autocast():
/home/norak/R&I/kxs-/train.py:169: FutureWarning: `torch.cuda.amp.autocast(args...)` is deprecated. Please use `torch.amp.autocast('cuda', args...)` instead.
  with torch.cuda.amp.autocast():
    epoch 12  train_loss=0.0517  val_loss=0.0524  val_qwk=0.5373  val_acc=0.4403
/home/norak/R&I/kxs-/train.py:148: FutureWarning: `torch.cuda.amp.autocast(args...)` is deprecated. Please use `torch.amp.autocast('cuda', args...)` instead.
  with torch.cuda.amp.autocast():
/home/norak/R&I/kxs-/train.py:169: FutureWarning: `torch.cuda.amp.autocast(args...)` is deprecated. Please use `torch.amp.autocast('cuda', args...)` instead.
  with torch.cuda.amp.autocast():
    epoch 13  train_loss=0.0506  val_loss=0.0522  val_qwk=0.5206  val_acc=0.5373
    early-stop at epoch 13 (best epoch=9, best_qwk=0.5678)
/home/norak/R&I/kxs-/train.py:169: FutureWarning: `torch.cuda.amp.autocast(args...)` is deprecated. Please use `torch.amp.autocast('cuda', args...)` instead.
  with torch.cuda.amp.autocast():
/home/norak/R&I/kxs-/train.py:169: FutureWarning: `torch.cuda.amp.autocast(args...)` is deprecated. Please use `torch.amp.autocast('cuda', args...)` instead.
  with torch.cuda.amp.autocast():
/home/norak/R&I/kxs-/train.py:169: FutureWarning: `torch.cuda.amp.autocast(args...)` is deprecated. Please use `torch.amp.autocast('cuda', args...)` instead.
  with torch.cuda.amp.autocast():
  [segment_ra_cross_mbert_maxfeat          ] FAILED in 59.7s: RuntimeError: [enforce fail at inline_container.cc:672] . unexpected pos 27200 vs 27094
Loading weights:   0%|          | 0/199 [00:00<?, ?it/s]Loading weights: 100%|██████████| 199/199 [00:00<00:00, 3017.40it/s]
[transformers] [1mXLMRobertaModel LOAD REPORT[0m from: xlm-roberta-base
Key                       | Status     |  | 
--------------------------+------------+--+-
lm_head.layer_norm.weight | UNEXPECTED |  | 
lm_head.bias              | UNEXPECTED |  | 
lm_head.dense.bias        | UNEXPECTED |  | 
lm_head.layer_norm.bias   | UNEXPECTED |  | 
lm_head.dense.weight      | UNEXPECTED |  | 

Notes:
- UNEXPECTED:	can be ignored when loading from different task/architecture; not ok if you expect identical arch.
/home/norak/R&I/kxs-/train.py:206: FutureWarning: `torch.cuda.amp.GradScaler(args...)` is deprecated. Please use `torch.amp.GradScaler('cuda', args...)` instead.
  scaler = torch.cuda.amp.GradScaler() if use_amp and device == "cuda" else None
/home/norak/R&I/kxs-/train.py:148: FutureWarning: `torch.cuda.amp.autocast(args...)` is deprecated. Please use `torch.amp.autocast('cuda', args...)` instead.
  with torch.cuda.amp.autocast():
/home/norak/R&I/kxs-/train.py:169: FutureWarning: `torch.cuda.amp.autocast(args...)` is deprecated. Please use `torch.amp.autocast('cuda', args...)` instead.
  with torch.cuda.amp.autocast():
    epoch  1  train_loss=0.0929  val_loss=0.0597  val_qwk=0.2218  val_acc=0.1343
/home/norak/R&I/kxs-/train.py:148: FutureWarning: `torch.cuda.amp.autocast(args...)` is deprecated. Please use `torch.amp.autocast('cuda', args...)` instead.
  with torch.cuda.amp.autocast():
/home/norak/R&I/kxs-/train.py:169: FutureWarning: `torch.cuda.amp.autocast(args...)` is deprecated. Please use `torch.amp.autocast('cuda', args...)` instead.
  with torch.cuda.amp.autocast():
    epoch  2  train_loss=0.0611  val_loss=0.0517  val_qwk=0.5133  val_acc=0.3507
/home/norak/R&I/kxs-/train.py:148: FutureWarning: `torch.cuda.amp.autocast(args...)` is deprecated. Please use `torch.amp.autocast('cuda', args...)` instead.
  with torch.cuda.amp.autocast():
/home/norak/R&I/kxs-/train.py:169: FutureWarning: `torch.cuda.amp.autocast(args...)` is deprecated. Please use `torch.amp.autocast('cuda', args...)` instead.
  with torch.cuda.amp.autocast():
    epoch  3  train_loss=0.0547  val_loss=0.0507  val_qwk=0.5961  val_acc=0.4776
/home/norak/R&I/kxs-/train.py:148: FutureWarning: `torch.cuda.amp.autocast(args...)` is deprecated. Please use `torch.amp.autocast('cuda', args...)` instead.
  with torch.cuda.amp.autocast():
/home/norak/R&I/kxs-/train.py:169: FutureWarning: `torch.cuda.amp.autocast(args...)` is deprecated. Please use `torch.amp.autocast('cuda', args...)` instead.
  with torch.cuda.amp.autocast():
    epoch  4  train_loss=0.0456  val_loss=0.0419  val_qwk=0.6439  val_acc=0.5149
/home/norak/R&I/kxs-/train.py:148: FutureWarning: `torch.cuda.amp.autocast(args...)` is deprecated. Please use `torch.amp.autocast('cuda', args...)` instead.
  with torch.cuda.amp.autocast():
/home/norak/R&I/kxs-/train.py:169: FutureWarning: `torch.cuda.amp.autocast(args...)` is deprecated. Please use `torch.amp.autocast('cuda', args...)` instead.
  with torch.cuda.amp.autocast():
    epoch  5  train_loss=0.0456  val_loss=0.0362  val_qwk=0.6715  val_acc=0.5522
/home/norak/R&I/kxs-/train.py:148: FutureWarning: `torch.cuda.amp.autocast(args...)` is deprecated. Please use `torch.amp.autocast('cuda', args...)` instead.
  with torch.cuda.amp.autocast():
/home/norak/R&I/kxs-/train.py:169: FutureWarning: `torch.cuda.amp.autocast(args...)` is deprecated. Please use `torch.amp.autocast('cuda', args...)` instead.
  with torch.cuda.amp.autocast():
    epoch  6  train_loss=0.0426  val_loss=0.0379  val_qwk=0.6305  val_acc=0.5224
/home/norak/R&I/kxs-/train.py:148: FutureWarning: `torch.cuda.amp.autocast(args...)` is deprecated. Please use `torch.amp.autocast('cuda', args...)` instead.
  with torch.cuda.amp.autocast():
/home/norak/R&I/kxs-/train.py:169: FutureWarning: `torch.cuda.amp.autocast(args...)` is deprecated. Please use `torch.amp.autocast('cuda', args...)` instead.
  with torch.cuda.amp.autocast():
    epoch  7  train_loss=0.0369  val_loss=0.0391  val_qwk=0.6528  val_acc=0.5896
/home/norak/R&I/kxs-/train.py:148: FutureWarning: `torch.cuda.amp.autocast(args...)` is deprecated. Please use `torch.amp.autocast('cuda', args...)` instead.
  with torch.cuda.amp.autocast():
/home/norak/R&I/kxs-/train.py:169: FutureWarning: `torch.cuda.amp.autocast(args...)` is deprecated. Please use `torch.amp.autocast('cuda', args...)` instead.
  with torch.cuda.amp.autocast():
    epoch  8  train_loss=0.0349  val_loss=0.0363  val_qwk=0.7314  val_acc=0.6642
/home/norak/R&I/kxs-/train.py:148: FutureWarning: `torch.cuda.amp.autocast(args...)` is deprecated. Please use `torch.amp.autocast('cuda', args...)` instead.
  with torch.cuda.amp.autocast():
/home/norak/R&I/kxs-/train.py:169: FutureWarning: `torch.cuda.amp.autocast(args...)` is deprecated. Please use `torch.amp.autocast('cuda', args...)` instead.
  with torch.cuda.amp.autocast():
    epoch  9  train_loss=0.0306  val_loss=0.0334  val_qwk=0.7303  val_acc=0.6119
/home/norak/R&I/kxs-/train.py:148: FutureWarning: `torch.cuda.amp.autocast(args...)` is deprecated. Please use `torch.amp.autocast('cuda', args...)` instead.
  with torch.cuda.amp.autocast():
/home/norak/R&I/kxs-/train.py:169: FutureWarning: `torch.cuda.amp.autocast(args...)` is deprecated. Please use `torch.amp.autocast('cuda', args...)` instead.
  with torch.cuda.amp.autocast():
    epoch 10  train_loss=0.0286  val_loss=0.0314  val_qwk=0.7617  val_acc=0.6642
/home/norak/R&I/kxs-/train.py:148: FutureWarning: `torch.cuda.amp.autocast(args...)` is deprecated. Please use `torch.amp.autocast('cuda', args...)` instead.
  with torch.cuda.amp.autocast():
/home/norak/R&I/kxs-/train.py:169: FutureWarning: `torch.cuda.amp.autocast(args...)` is deprecated. Please use `torch.amp.autocast('cuda', args...)` instead.
  with torch.cuda.amp.autocast():
    epoch 11  train_loss=0.0242  val_loss=0.0337  val_qwk=0.7434  val_acc=0.6866
/home/norak/R&I/kxs-/train.py:148: FutureWarning: `torch.cuda.amp.autocast(args...)` is deprecated. Please use `torch.amp.autocast('cuda', args...)` instead.
  with torch.cuda.amp.autocast():
/home/norak/R&I/kxs-/train.py:169: FutureWarning: `torch.cuda.amp.autocast(args...)` is deprecated. Please use `torch.amp.autocast('cuda', args...)` instead.
  with torch.cuda.amp.autocast():
    epoch 12  train_loss=0.0240  val_loss=0.0311  val_qwk=0.7821  val_acc=0.6866
/home/norak/R&I/kxs-/train.py:148: FutureWarning: `torch.cuda.amp.autocast(args...)` is deprecated. Please use `torch.amp.autocast('cuda', args...)` instead.
  with torch.cuda.amp.autocast():
/home/norak/R&I/kxs-/train.py:169: FutureWarning: `torch.cuda.amp.autocast(args...)` is deprecated. Please use `torch.amp.autocast('cuda', args...)` instead.
  with torch.cuda.amp.autocast():
    epoch 13  train_loss=0.0206  val_loss=0.0311  val_qwk=0.7546  val_acc=0.6642
/home/norak/R&I/kxs-/train.py:148: FutureWarning: `torch.cuda.amp.autocast(args...)` is deprecated. Please use `torch.amp.autocast('cuda', args...)` instead.
  with torch.cuda.amp.autocast():
/home/norak/R&I/kxs-/train.py:169: FutureWarning: `torch.cuda.amp.autocast(args...)` is deprecated. Please use `torch.amp.autocast('cuda', args...)` instead.
  with torch.cuda.amp.autocast():
    epoch 14  train_loss=0.0196  val_loss=0.0340  val_qwk=0.7488  val_acc=0.6791
/home/norak/R&I/kxs-/train.py:148: FutureWarning: `torch.cuda.amp.autocast(args...)` is deprecated. Please use `torch.amp.autocast('cuda', args...)` instead.
  with torch.cuda.amp.autocast():
/home/norak/R&I/kxs-/train.py:169: FutureWarning: `torch.cuda.amp.autocast(args...)` is deprecated. Please use `torch.amp.autocast('cuda', args...)` instead.
  with torch.cuda.amp.autocast():
    epoch 15  train_loss=0.0184  val_loss=0.0329  val_qwk=0.7501  val_acc=0.6493
/home/norak/R&I/kxs-/train.py:148: FutureWarning: `torch.cuda.amp.autocast(args...)` is deprecated. Please use `torch.amp.autocast('cuda', args...)` instead.
  with torch.cuda.amp.autocast():
/home/norak/R&I/kxs-/train.py:169: FutureWarning: `torch.cuda.amp.autocast(args...)` is deprecated. Please use `torch.amp.autocast('cuda', args...)` instead.
  with torch.cuda.amp.autocast():
    epoch 16  train_loss=0.0162  val_loss=0.0319  val_qwk=0.7843  val_acc=0.7537
/home/norak/R&I/kxs-/train.py:148: FutureWarning: `torch.cuda.amp.autocast(args...)` is deprecated. Please use `torch.amp.autocast('cuda', args...)` instead.
  with torch.cuda.amp.autocast():
/home/norak/R&I/kxs-/train.py:169: FutureWarning: `torch.cuda.amp.autocast(args...)` is deprecated. Please use `torch.amp.autocast('cuda', args...)` instead.
  with torch.cuda.amp.autocast():
    epoch 17  train_loss=0.0156  val_loss=0.0335  val_qwk=0.7732  val_acc=0.7090
/home/norak/R&I/kxs-/train.py:148: FutureWarning: `torch.cuda.amp.autocast(args...)` is deprecated. Please use `torch.amp.autocast('cuda', args...)` instead.
  with torch.cuda.amp.autocast():
/home/norak/R&I/kxs-/train.py:169: FutureWarning: `torch.cuda.amp.autocast(args...)` is deprecated. Please use `torch.amp.autocast('cuda', args...)` instead.
  with torch.cuda.amp.autocast():
    epoch 18  train_loss=0.0129  val_loss=0.0326  val_qwk=0.7953  val_acc=0.7388
/home/norak/R&I/kxs-/train.py:148: FutureWarning: `torch.cuda.amp.autocast(args...)` is deprecated. Please use `torch.amp.autocast('cuda', args...)` instead.
  with torch.cuda.amp.autocast():
/home/norak/R&I/kxs-/train.py:169: FutureWarning: `torch.cuda.amp.autocast(args...)` is deprecated. Please use `torch.amp.autocast('cuda', args...)` instead.
  with torch.cuda.amp.autocast():
    epoch 19  train_loss=0.0125  val_loss=0.0330  val_qwk=0.7751  val_acc=0.7537
/home/norak/R&I/kxs-/train.py:148: FutureWarning: `torch.cuda.amp.autocast(args...)` is deprecated. Please use `torch.amp.autocast('cuda', args...)` instead.
  with torch.cuda.amp.autocast():
/home/norak/R&I/kxs-/train.py:169: FutureWarning: `torch.cuda.amp.autocast(args...)` is deprecated. Please use `torch.amp.autocast('cuda', args...)` instead.
  with torch.cuda.amp.autocast():
    epoch 20  train_loss=0.0116  val_loss=0.0324  val_qwk=0.7948  val_acc=0.7239
/home/norak/R&I/kxs-/train.py:169: FutureWarning: `torch.cuda.amp.autocast(args...)` is deprecated. Please use `torch.amp.autocast('cuda', args...)` instead.
  with torch.cuda.amp.autocast():
/home/norak/R&I/kxs-/train.py:169: FutureWarning: `torch.cuda.amp.autocast(args...)` is deprecated. Please use `torch.amp.autocast('cuda', args...)` instead.
  with torch.cuda.amp.autocast():
/home/norak/R&I/kxs-/train.py:169: FutureWarning: `torch.cuda.amp.autocast(args...)` is deprecated. Please use `torch.amp.autocast('cuda', args...)` instead.
  with torch.cuda.amp.autocast():
  [segment_ra_cross_xlmr_maxfeat           ] FAILED in 97.0s: RuntimeError: [enforce fail at inline_container.cc:672] . unexpected pos 27200 